name	figure_id	figure	sex	original	translit	language	tradition	subtradition	corpus	text	passage	url	occurrences	entity_type	name_role	status	relation	source	confidence
Meir	Q1621623	Rabbi Meir, 2nd century Jewish sage	boy	רבי מאיר	Rabbi Meir	Hebrew	Jewish	Rabbinic	Tosefta	Tosefta Berakhot	Tosefta Berakhot 1:1	https://www.sefaria.org/Tosefta_Berakhot.1.1	159	sage	personal	attested		Sefaria topics (CC BY-SA) + text: Tosefta B'rachot (Public Domain)	0.85
Bar Nehemiah	slug:jewish:bar-nehemiah	Bar Nehemiah		בַר נְחֶמְיָה	Bar Nehemiah	Hebrew	Jewish	Rabbinic	Tosefta	Tosefta Berakhot	Tosefta Berakhot 1:1	https://www.sefaria.org/Tosefta_Berakhot.1.1	1	sage	personal	attested		Sefaria topics (CC BY-SA) + text: Tosefta B'rachot (Public Domain)	0.85
Shimon	Q557405	Rabbi Shimon bar Yochai, Jewish rabbi author of the Zohar	boy	רבי שמעון בר יוחאי	Rabbi Shimon bar Yochai	Hebrew	Jewish	Rabbinic	Tosefta	Tosefta Berakhot	Tosefta Berakhot 1:2	https://www.sefaria.org/Tosefta_Berakhot.1.2	241	sage	personal	attested		Sefaria topics (CC BY-SA) + text: Tosefta B'rachot (Public Domain)	0.85
Natan [haBavli]	slug:jewish:rabbi-natan-habavli	Rabbi Natan [haBavli], tanna	boy	רבי נתן	Rabbi Natan [haBavli]	Hebrew	Jewish	Rabbinic	Tosefta	Tosefta Berakhot	Tosefta Berakhot 1:3	https://www.sefaria.org/Tosefta_Berakhot.1.3	55	sage	personal	attested		Sefaria topics (CC BY-SA) + text: Tosefta B'rachot (Public Domain)	0.85
Yehudah [b. Il'ai]	Q1391585	Rabbi Yehudah [b. Il'ai], rabbi	boy	רבי יהודה	Rabbi Yehudah [b. Il'ai]	Hebrew	Jewish	Rabbinic	Tosefta	Tosefta Berakhot	Tosefta Berakhot 1:4	https://www.sefaria.org/Tosefta_Berakhot.1.4	695	sage	personal	attested		Sefaria topics (CC BY-SA) + text: Tosefta B'rachot (Public Domain)	0.85
Elazar	Q1325787	Rabbi Elazar b. Azaryah, 1st-century CE Jewish rabbi and Tannaim sage	boy	רבי אלעזר בן עזריה	Rabbi Elazar b. Azaryah	Hebrew	Jewish	Rabbinic	Tosefta	Tosefta Berakhot	Tosefta Berakhot 1:6	https://www.sefaria.org/Tosefta_Berakhot.1.6	13	sage	personal	attested		Sefaria topics (CC BY-SA) + text: Tosefta B'rachot (Public Domain)	0.9
Yishmael	Q1391069	Rabbi Yishmael b. Elisha, 2nd century Mishnah rabbi	boy	רבי ישמעאל	Rabbi Yishmael b. Elisha	Hebrew	Jewish	Rabbinic	Tosefta	Tosefta Berakhot	Tosefta Berakhot 1:6	https://www.sefaria.org/Tosefta_Berakhot.1.6	94	sage	personal	attested		Sefaria topics (CC BY-SA) + text: Tosefta B'rachot (Public Domain)	0.85
[Shimon]	Q816598	[Shimon] b. Zoma, Late 1st / early 2nd century tanna	boy	בן זומא	[Shimon] b. Zoma	Hebrew	Jewish	Rabbinic	Tosefta	Tosefta Berakhot	Tosefta Berakhot 1:12	https://www.sefaria.org/Tosefta_Berakhot.1.12	11	sage	personal	attested		Sefaria topics (CC BY-SA) + text: Tosefta B'rachot (Public Domain)	0.85
Abraham	Q9181	Abraham, patriarch	boy	אברהם	Abraham	Hebrew	Jewish	Rabbinic	Tosefta	Tosefta Berakhot	Tosefta Berakhot 1:14	https://www.sefaria.org/Tosefta_Berakhot.1.14	2	human	personal	attested		Sefaria topics (CC BY-SA) + text: Tosefta B'rachot (Public Domain)	0.9
Sheila	slug:jewish:rabbi-sheila	Rabbi Sheila		רבי שילא	Rabbi Sheila	Hebrew	Jewish	Rabbinic	Tosefta	Tosefta Berakhot	Tosefta Berakhot 2:9	https://www.sefaria.org/Tosefta_Berakhot.2.9	2	sage	personal	attested		Sefaria topics (CC BY-SA) + text: Tosefta B'rachot (Public Domain)	0.85
Akiva	Q310821	Rabbi Akiva, Jewish scholar and sage (c. 50 – c.135)	boy	רבי עקיבא	Rabbi Akiva	Hebrew	Jewish	Rabbinic	Tosefta	Tosefta Berakhot	Tosefta Berakhot 2:13	https://www.sefaria.org/Tosefta_Berakhot.2.13	97	sage	personal	attested		Sefaria topics (CC BY-SA) + text: Tosefta B'rachot (Public Domain)	0.85
Zakkai	slug:jewish:rabbi-zakkai	Rabbi Zakkai		רבי זכאי	Rabbi Zakkai	Hebrew	Jewish	Rabbinic	Tosefta	Tosefta Berakhot	Tosefta Berakhot 2:18	https://www.sefaria.org/Tosefta_Berakhot.2.18	1	sage	personal	attested		Sefaria topics (CC BY-SA) + text: Tosefta B'rachot (Public Domain)	0.85
Shimon	slug:jewish:rabbi-shimon-b-elazar	Rabbi Shimon b. Elazar, tanna	boy	רבי שמעון בן אלעזר	Rabbi Shimon b. Elazar	Hebrew	Jewish	Rabbinic	Tosefta	Tosefta Berakhot	Tosefta Berakhot 2:18	https://www.sefaria.org/Tosefta_Berakhot.2.18	59	sage	personal	attested		Sefaria topics (CC BY-SA) + text: Tosefta B'rachot (Public Domain)	0.85
Hillel	Q319219	Hillel, Jewish religious leader of the 1st century	boy	הִלֵּל	Hillel	Hebrew	Jewish	Rabbinic	Tosefta	Tosefta Berakhot	Tosefta Berakhot 2:22	https://www.sefaria.org/Tosefta_Berakhot.2.22	12	sage	personal	attested		Sefaria topics (CC BY-SA) + text: Tosefta B'rachot (Public Domain)	0.85
[Shimon]	slug:jewish:shimon-b-azzai	[Shimon] b. Azzai, tanna	boy	בן עזאי	[Shimon] b. Azzai	Hebrew	Jewish	Rabbinic	Tosefta	Tosefta Berakhot	Tosefta Berakhot 3:5	https://www.sefaria.org/Tosefta_Berakhot.3.5	29	sage	personal	attested		Sefaria topics (CC BY-SA) + text: Tosefta B'rachot (Public Domain)	0.9
Abba Shaul	slug:jewish:abba-shaul	Abba Shaul	boy	אבא שאול	Abba Shaul	Hebrew	Jewish	Rabbinic	Tosefta	Tosefta Berakhot	Tosefta Berakhot 3:6	https://www.sefaria.org/Tosefta_Berakhot.3.6	43	sage	personal	attested		Sefaria topics (CC BY-SA) + text: Tosefta B'rachot (Public Domain)	0.85
Daniel	Q171724	Daniel, Prophet in Babylon	boy	דניאל	Daniel	Hebrew	Jewish	Rabbinic	Tosefta	Tosefta Berakhot	Tosefta Berakhot 3:8	https://www.sefaria.org/Tosefta_Berakhot.3.8	1	prophet	personal	attested		Sefaria topics (CC BY-SA) + text: Tosefta B'rachot (Public Domain)	0.9
Eliezer	slug:jewish:rabbi-eliezer-b-hyrcanus	Rabbi Eliezer b. Hyrcanus, tanna	boy	רבי אליעזר	Rabbi Eliezer b. Hyrcanus	Hebrew	Jewish	Rabbinic	Tosefta	Tosefta Berakhot	Tosefta Berakhot 3:14	https://www.sefaria.org/Tosefta_Berakhot.3.14	218	sage	personal	attested		Sefaria topics (CC BY-SA) + text: Tosefta B'rachot (Public Domain)	0.85
Yohanan	slug:jewish:rabbi-yohanan-b-berokah	Rabbi Yohanan b. Berokah, tanna	boy	רבי יוחנן בן ברוקה	Rabbi Yohanan b. Berokah	Hebrew	Jewish	Rabbinic	Tosefta	Tosefta Berakhot	Tosefta Berakhot 3:14	https://www.sefaria.org/Tosefta_Berakhot.3.14	48	sage	personal	attested		Sefaria topics (CC BY-SA) + text: Tosefta B'rachot (Public Domain)	0.85
Yochanan	Q1397565	Rabbi Yochanan b. Napacha, 3rd-century Judean rabbi	boy	רבי יוחנן	Rabbi Yochanan b. Napacha	Hebrew	Jewish	Rabbinic	Tosefta	Tosefta Berakhot	Tosefta Berakhot 3:14	https://www.sefaria.org/Tosefta_Berakhot.3.14	69	sage	personal	attested		Sefaria topics (CC BY-SA) + text: Tosefta B'rachot (Public Domain)	0.85
Chanina	Q568935	Rabbi Chanina b. Dosa, Mishnah Rabbi	boy	רבי חנינא בן דוסא	Rabbi Chanina b. Dosa	Hebrew	Jewish	Rabbinic	Tosefta	Tosefta Berakhot	Tosefta Berakhot 3:20	https://www.sefaria.org/Tosefta_Berakhot.3.20	2	sage	personal	attested		Sefaria topics (CC BY-SA) + text: Tosefta B'rachot (Public Domain)	0.85
Hanina	slug:jewish:rabbi-hanina-b-gamliel	Rabbi Hanina b. Gamliel, tanna	boy	רבי חנינא בן גמליאל	Rabbi Hanina b. Gamliel	Hebrew	Jewish	Rabbinic	Tosefta	Tosefta Berakhot	Tosefta Berakhot 4:10	https://www.sefaria.org/Tosefta_Berakhot.4.10	6	sage	personal	attested		Sefaria topics (CC BY-SA) + text: Tosefta B'rachot (Public Domain)	0.85
Tarfon	Q1268142	Rabbi Tarfon, Late 1st/early 2nd century Jewish rabbi and sage	boy	רבי טרפון	Rabbi Tarfon	Hebrew	Jewish	Rabbinic	Tosefta	Tosefta Berakhot	Tosefta Berakhot 4:14	https://www.sefaria.org/Tosefta_Berakhot.4.14	34	sage	personal	attested		Sefaria topics (CC BY-SA) + text: Tosefta B'rachot (Public Domain)	0.9
Yehoshua [b. Hananyah]	Q1686568	Rabbi Yehoshua [b. Hananyah], late 1st/early 2nd century Jewish tanna and sage	boy	ר יהושע	Rabbi Yehoshua [b. Hananyah]	Hebrew	Jewish	Rabbinic	Tosefta	Tosefta Berakhot	Tosefta Berakhot 4:16	https://www.sefaria.org/Tosefta_Berakhot.4.16	129	sage	personal	attested		Sefaria topics (CC BY-SA) + text: Tosefta B'rachot (Public Domain)	0.9
Eleazar	slug:jewish:rebbi-eleazar-b-matthias	Rebbi Eleazar b. Matthias		רבי אלעזר בן מתיא	Rebbi Eleazar b. Matthias	Hebrew	Jewish	Rabbinic	Tosefta	Tosefta Berakhot	Tosefta Berakhot 4:16	https://www.sefaria.org/Tosefta_Berakhot.4.16	3	sage	personal	attested		Sefaria topics (CC BY-SA) + text: Tosefta B'rachot (Public Domain)	0.85
Hananyah	Q2070205	Rabbi Hananyah b. Hakhinai, 2nd century rabbi and tanna	boy	רבי חנניה בן חכינאי	Rabbi Hananyah b. Hakhinai	Hebrew	Jewish	Rabbinic	Tosefta	Tosefta Berakhot	Tosefta Berakhot 4:16	https://www.sefaria.org/Tosefta_Berakhot.4.16	7	sage	personal	attested		Sefaria topics (CC BY-SA) + text: Tosefta B'rachot (Public Domain)	0.85
Shimon haTimni	slug:jewish:shimon-hatimni	Shimon haTimni, tanna	boy	שמעון התימני	Shimon haTimni	Hebrew	Jewish	Rabbinic	Tosefta	Tosefta Berakhot	Tosefta Berakhot 4:16	https://www.sefaria.org/Tosefta_Berakhot.4.16	4	sage	personal	attested		Sefaria topics (CC BY-SA) + text: Tosefta B'rachot (Public Domain)	0.85
King Saul	Q28730	Saul, first king of Israel	boy	המלך שאול	King Saul	Hebrew	Jewish	Rabbinic	Tosefta	Tosefta Berakhot	Tosefta Berakhot 4:16	https://www.sefaria.org/Tosefta_Berakhot.4.16	2	royal	personal	attested		Sefaria topics (CC BY-SA) + text: Tosefta B'rachot (Public Domain)	0.9
Judah	Q282220	Judah, Israelite tribe	boy	יהודה	Judah	Hebrew	Jewish	Rabbinic	Tosefta	Tosefta Berakhot	Tosefta Berakhot 4:16	https://www.sefaria.org/Tosefta_Berakhot.4.16	2	human	personal	attested		Sefaria topics (CC BY-SA) + text: Tosefta B'rachot (Public Domain)	0.9
The Great Rebbi Yose	slug:jewish:the-great-rebbi-yose	The Great Rebbi Yose		רִבִּי יוֹסֵי בְּרִיבִי	The Great Rebbi Yose	Hebrew	Jewish	Rabbinic	Tosefta	Tosefta Berakhot	Tosefta Berakhot 5:2	https://www.sefaria.org/Tosefta_Berakhot.5.2	24	sage	personal	attested		Sefaria topics (CC BY-SA) + text: Tosefta B'rachot (Public Domain)	0.85
Dostai	slug:jewish:rabbi-dostai-b-r-yannai	Rabbi Dostai b. R' Yannai, tanna	boy	רבי דוסתאי ברבי ינאי	Rabbi Dostai b. R' Yannai	Hebrew	Jewish	Rabbinic	Tosefta	Tosefta Berakhot	Tosefta Berakhot 6:13	https://www.sefaria.org/Tosefta_Berakhot.6.13	2	sage	personal	attested		Sefaria topics (CC BY-SA) + text: Tosefta B'rachot (Public Domain)	0.85
Yannai	slug:jewish:rabbi-yannai	Rabbi Yannai, amora	boy	רבי ינאי	Rabbi Yannai	Hebrew	Jewish	Rabbinic	Tosefta	Tosefta Berakhot	Tosefta Berakhot 6:13	https://www.sefaria.org/Tosefta_Berakhot.6.13	2	sage	personal	attested		Sefaria topics (CC BY-SA) + text: Tosefta B'rachot (Public Domain)	0.85
Yose	slug:jewish:rabbi-yose-b-yehudah	Rabbi Yose b. Yehudah, tanna	boy	רבי יוסי בר ר יהודה	Rabbi Yose b. Yehudah	Hebrew	Jewish	Rabbinic	Tosefta	Tosefta Peah	Tosefta Peah 1:9	https://www.sefaria.org/Tosefta_Peah.1.9	39	sage	personal	attested		Sefaria topics (CC BY-SA) + text: Tosefta Pei'ah - Machon Mamre (Public Domain)	0.85
Shimon	slug:jewish:rabbi-shimon-b-yehudah	Rabbi Shimon b. Yehudah, tanna	boy	רבי שמעון בן יהודה	Rabbi Shimon b. Yehudah	Hebrew	Jewish	Rabbinic	Tosefta	Tosefta Peah	Tosefta Peah 3:4	https://www.sefaria.org/Tosefta_Peah.3.4	15	sage	personal	attested		Sefaria topics (CC BY-SA) + text: Tosefta Pei'ah - Machon Mamre (Public Domain)	0.85
Abba Yose	slug:jewish:abba-yose-b-dostai	Abba Yose b. Dostai, tanna	boy	אבא יוסי בן דוסתאי	Abba Yose b. Dostai	Hebrew	Jewish	Rabbinic	Tosefta	Tosefta Peah	Tosefta Peah 4:2	https://www.sefaria.org/Tosefta_Peah.4.2	2	sage	personal	attested		Sefaria topics (CC BY-SA) + text: Tosefta Pei'ah - Machon Mamre (Public Domain)	0.85
Munbaz	slug:jewish:munbaz	Munbaz		מונבז	Munbaz	Hebrew	Jewish	Rabbinic	Tosefta	Tosefta Peah	Tosefta Peah 4:18	https://www.sefaria.org/Tosefta_Peah.4.18	3	sage	personal	attested		Sefaria topics (CC BY-SA) + text: Tosefta Pei'ah - Machon Mamre (Public Domain)	0.85
Yehoshua	slug:jewish:rabbi-yehoshua-b-korha	Rabbi Yehoshua b. Korha, tanna	boy	רבי יהושע בן קרחה	Rabbi Yehoshua b. Korha	Hebrew	Jewish	Rabbinic	Tosefta	Tosefta Peah	Tosefta Peah 4:19	https://www.sefaria.org/Tosefta_Peah.4.19	19	sage	personal	attested		Sefaria topics (CC BY-SA) + text: Tosefta Pei'ah - Machon Mamre (Public Domain)	0.85
Elazar	slug:jewish:rabbi-elazar-b-yose	Rabbi Elazar b. Yose, amora	boy	רבי אלעזר בר יוסי	Rabbi Elazar b. Yose	Hebrew	Jewish	Rabbinic	Tosefta	Tosefta Peah	Tosefta Peah 4:20	https://www.sefaria.org/Tosefta_Peah.4.20	2	sage	personal	attested		Sefaria topics (CC BY-SA) + text: Tosefta Pei'ah - Machon Mamre (Public Domain)	0.85
Il'ai	slug:jewish:rabbi-ilai-(i)	Rabbi Il'ai (I), tanna	boy	רבי עילאי (1)	Rabbi Il'ai (I)	Hebrew	Jewish	Rabbinic	Tosefta	Tosefta Demai	Tosefta Demai 1:3	https://www.sefaria.org/Tosefta_Demai.1.3	5	sage	personal	attested		Sefaria topics (CC BY-SA) + text: Tosefta Dem'ai (Public Domain)	0.85
Yose	slug:jewish:rabbi-yose-b-hameshullam	Rabbi Yose b. haMeshullam, tanna	boy	רבי יוסי בן המשולם	Rabbi Yose b. haMeshullam	Hebrew	Jewish	Rabbinic	Tosefta	Tosefta Demai	Tosefta Demai 3:1	https://www.sefaria.org/Tosefta_Demai.3.1	10	sage	personal	attested		Sefaria topics (CC BY-SA) + text: Tosefta Dem'ai (Public Domain)	0.85
Elazar Hisma	slug:jewish:rabbi-elazar-hisma	Rabbi Elazar Hisma, tanna	boy	ר אלעזר חסמא	Rabbi Elazar Hisma	Hebrew	Jewish	Rabbinic	Tosefta	Tosefta Demai	Tosefta Demai 3:1	https://www.sefaria.org/Tosefta_Demai.3.1	4	sage	personal	attested		Sefaria topics (CC BY-SA) + text: Tosefta Dem'ai (Public Domain)	0.85
Nehemiyah	Q2902906	Rabbi Nehemiyah, 2nd century CE Jewish scholar and rabbi	boy	רבי נחמיה	Rabbi Nehemiyah	Hebrew	Jewish	Rabbinic	Tosefta	Tosefta Demai	Tosefta Demai 3:15	https://www.sefaria.org/Tosefta_Demai.3.15	45	sage	personal	attested		Sefaria topics (CC BY-SA) + text: Tosefta Dem'ai (Public Domain)	0.85
Ya'akov	slug:jewish:rabbi-yaakov-b-qorshai	Rabbi Ya'akov b. Qorshai, tanna	boy	ר יעקב בן קרשי	Rabbi Ya'akov b. Qorshai	Hebrew	Jewish	Rabbinic	Tosefta	Tosefta Demai	Tosefta Demai 4:5	https://www.sefaria.org/Tosefta_Demai.4.5	31	sage	personal	attested		Sefaria topics (CC BY-SA) + text: Tosefta Dem'ai (Public Domain)	0.85
Yitzhak	slug:jewish:rabbi-yitzhak	Rabbi Yitzhak, tanna	boy	רבי יצחק	Rabbi Yitzhak	Hebrew	Jewish	Rabbinic	Tosefta	Tosefta Terumot	Tosefta Terumot 1:1	https://www.sefaria.org/Tosefta_Terumot.1.1	3	sage	personal	attested		Sefaria topics (CC BY-SA) + text: Tosefta Terumot (Public Domain)	0.85
Yehudah	slug:jewish:rabbi-yehudah-b-bava	Rabbi Yehudah b. Bava, tanna	boy	רבי יהודה בן בבא	Rabbi Yehudah b. Bava	Hebrew	Jewish	Rabbinic	Tosefta	Tosefta Terumot	Tosefta Terumot 5:11	https://www.sefaria.org/Tosefta_Terumot.5.11	9	sage	personal	attested		Sefaria topics (CC BY-SA) + text: Tosefta Terumot (Public Domain)	0.85
Elazar	Q1325789	Rabbi Elazar b. Arakh, Jewish scholar	boy	רבי אלעזר בן ערך	Rabbi Elazar b. Arakh	Hebrew	Jewish	Rabbinic	Tosefta	Tosefta Terumot	Tosefta Terumot 5:18	https://www.sefaria.org/Tosefta_Terumot.5.18	2	sage	personal	attested		Sefaria topics (CC BY-SA) + text: Tosefta Terumot (Public Domain)	0.85
Yohanan	slug:jewish:rabbi-yohanan-b-nuri	Rabbi Yohanan b. Nuri, tanna	boy	רבי יוחנן בן נורי	Rabbi Yohanan b. Nuri	Hebrew	Jewish	Rabbinic	Tosefta	Tosefta Terumot	Tosefta Terumot 7:18	https://www.sefaria.org/Tosefta_Terumot.7.18	42	sage	personal	attested		Sefaria topics (CC BY-SA) + text: Tosefta Terumot (Public Domain)	0.85
Sheva	slug:jewish:sheva-the-son-of-bichri	Sheva, the Son of Bichri		שבע בן בכרי	Sheva, the Son of Bichri	Hebrew	Jewish	Rabbinic	Tosefta	Tosefta Terumot	Tosefta Terumot 7:23	https://www.sefaria.org/Tosefta_Terumot.7.23	1	human	personal	attested		Sefaria topics (CC BY-SA) + text: Tosefta Terumot (Public Domain)	0.85
Shimon	slug:jewish:rabbi-shimon-b-menasya	Rabbi Shimon b. Menasya, tanna	boy	רבי שמעון בן מנסיא	Rabbi Shimon b. Menasya	Hebrew	Jewish	Rabbinic	Tosefta	Tosefta Terumot	Tosefta Terumot 9:1	https://www.sefaria.org/Tosefta_Terumot.9.1	8	sage	personal	attested		Sefaria topics (CC BY-SA) + text: Tosefta Terumot (Public Domain)	0.85
Il'ai	slug:jewish:rabbi-ilai-(ii)	Rabbi Il'ai (II), amora	boy	רבי עילאי (2)	Rabbi Il'ai (II)	Hebrew	Jewish	Rabbinic	Tosefta	Tosefta Terumot	Tosefta Terumot 9:10	https://www.sefaria.org/Tosefta_Terumot.9.10	2	sage	personal	attested		Sefaria topics (CC BY-SA) + text: Tosefta Terumot (Public Domain)	0.85
Hanina Segan haKohanim	slug:jewish:rabbi-hanina-segan-hakohanim	Rabbi Hanina Segan haKohanim, tanna	boy	רבי חנינא סגן הכהנים	Rabbi Hanina Segan haKohanim	Hebrew	Jewish	Rabbinic	Tosefta	Tosefta Terumot	Tosefta Terumot 9:11	https://www.sefaria.org/Tosefta_Terumot.9.11	3	sage	personal	attested		Sefaria topics (CC BY-SA) + text: Tosefta Terumot (Public Domain)	0.85
Aha	slug:jewish:rav-aha	Rav Aha, amora	boy	רב אחא	Rav Aha	Hebrew	Jewish	Rabbinic	Tosefta	Tosefta Terumot	Tosefta Terumot 10:3	https://www.sefaria.org/Tosefta_Terumot.10.3	8	sage	personal	attested		Sefaria topics (CC BY-SA) + text: Tosefta Terumot (Public Domain)	0.85
Batsheva	Q272277	Bathsheba, Wife of Uriah	girl	בת שבע	Batsheva	Hebrew	Jewish	Rabbinic	Tosefta	Tosefta Sheviit	Tosefta Sheviit 1:4	https://www.sefaria.org/Tosefta_Sheviit.1.4	2	human	personal	attested		Sefaria topics (CC BY-SA) + text: Tosefta Shvi'it (Public Domain)	0.85
Yose	slug:jewish:rabbi-yose-b-kippar	Rabbi Yose b. Kippar, tanna	boy	רבי יוסי בן כיפר	Rabbi Yose b. Kippar	Hebrew	Jewish	Rabbinic	Tosefta	Tosefta Sheviit	Tosefta Sheviit 1:6	https://www.sefaria.org/Tosefta_Sheviit.1.6	5	sage	personal	attested		Sefaria topics (CC BY-SA) + text: Tosefta Shvi'it (Public Domain)	0.85
Shammai	Q467138	Shammai, Jewish scholar and an important figure in Judaism's core work of rabbinic literature, the Mishnah (50 BCE-30 CE)	boy	שמאי	Shammai	Hebrew	Jewish	Rabbinic	Tosefta	Tosefta Sheviit	Tosefta Sheviit 3:6	https://www.sefaria.org/Tosefta_Sheviit.3.6	4	sage	personal	attested		Sefaria topics (CC BY-SA) + text: Tosefta Shvi'it (Public Domain)	0.85
Simeon	slug:jewish:simeon-b-cahana	Simeon b. Cahana		שִׁמְעוֹן בֶּן כַּהֲנָא	Simeon b. Cahana	Hebrew	Jewish	Rabbinic	Tosefta	Tosefta Sheviit	Tosefta Sheviit 5:2	https://www.sefaria.org/Tosefta_Sheviit.5.2	2	sage	personal	attested		Sefaria topics (CC BY-SA) + text: Tosefta Shvi'it (Public Domain)	0.85
Abba Yosei	slug:jewish:abba-yosei-b-hanan	Abba Yosei b. Hanan		אבא יוסי בן חנן	Abba Yosei b. Hanan	Hebrew	Jewish	Rabbinic	Tosefta	Tosefta Kilayim	Tosefta Kilayim 2:1	https://www.sefaria.org/Tosefta_Kilayim.2.1	5	sage	personal	attested		Sefaria topics (CC BY-SA) + text: Tosefta Kilayim (Public Domain)	0.85
Dostai	slug:jewish:rabbi-dostai-b-yehuda	Rabbi Dostai b. Yehuda, tanna	boy	רבי דוסתאי בן יהודה	Rabbi Dostai b. Yehuda	Hebrew	Jewish	Rabbinic	Tosefta	Tosefta Kilayim	Tosefta Kilayim 3:13	https://www.sefaria.org/Tosefta_Kilayim.3.13	3	sage	personal	attested		Sefaria topics (CC BY-SA) + text: Tosefta Kilayim (Public Domain)	0.85
Chanina	Q1062209	Rabbi Chanina b. Chama, Babylonian Jewish Talmudist (died c.250)	boy	רבי חנינא בר חמא	Rabbi Chanina b. Chama	Hebrew	Jewish	Rabbinic	Tosefta	Tosefta Kilayim	Tosefta Kilayim 5:13	https://www.sefaria.org/Tosefta_Kilayim.5.13	7	sage	personal	attested		Sefaria topics (CC BY-SA) + text: Tosefta Kilayim (Public Domain)	0.85
Hananiah	slug:jewish:rabbi-hananiah-b-gamaliel	Rabbi Hananiah b. Gamaliel		רבי חנניה בן גמליאל	Rabbi Hananiah b. Gamaliel	Hebrew	Jewish	Rabbinic	Tosefta	Tosefta Kilayim	Tosefta Kilayim 5:13	https://www.sefaria.org/Tosefta_Kilayim.5.13	2	sage	personal	attested		Sefaria topics (CC BY-SA) + text: Tosefta Kilayim (Public Domain)	0.85
Yishmael	Q2902804	Rabbi Yishmael b. Yose, Early 3rd century Judean rabbi	boy	ר ישמעאל בר יוסי	Rabbi Yishmael b. Yose	Hebrew	Jewish	Rabbinic	Tosefta	Tosefta Maasrot	Tosefta Maasrot 1:3	https://www.sefaria.org/Tosefta_Maasrot.1.3	5	sage	personal	attested		Sefaria topics (CC BY-SA) + text: Tosefta Maasrot (Public Domain)	0.85
Yochanan	Q733660	Rabban Yochanan ben Zakkai, 1st-century rabbi and an important Jewish sage	boy	רבן יוחנן בן זכאי	Rabban Yochanan ben Zakkai	Hebrew	Jewish	Rabbinic	Tosefta	Tosefta Maasrot	Tosefta Maasrot 2:2	https://www.sefaria.org/Tosefta_Maasrot.2.2	18	sage	personal	attested		Sefaria topics (CC BY-SA) + text: Tosefta Maasrot (Public Domain)	0.85
Abba Hilkiyah	slug:jewish:abba-hilkiyah	Abba Hilkiyah		אבא חלקיה	Abba Hilkiyah	Hebrew	Jewish	Rabbinic	Tosefta	Tosefta Maaser Sheni	Tosefta Maaser Sheni 4:3	https://www.sefaria.org/Tosefta_Maaser_Sheni.4.3	1	sage	personal	attested		Sefaria topics (CC BY-SA) + text: Tosefta Maaser Sheini (Public Domain)	0.85
Yose	slug:jewish:rabbi-yose-b-dormasqit	Rabbi Yose b. Dormasqit, tanna	boy	ר יוסי בן דורמסקית	Rabbi Yose b. Dormasqit	Hebrew	Jewish	Rabbinic	Tosefta	Tosefta Orlah	Tosefta Orlah 1:8	https://www.sefaria.org/Tosefta_Orlah.1.8	2	sage	personal	attested		Sefaria topics (CC BY-SA) + text: Tosefta Orlah (Public Domain)	0.85
Yehudah	Q2902564	Rabbi Yehudah b. Betera (I), Mishnah rabbi	boy	רבי יהודה בן בתירא	Rabbi Yehudah b. Betera (I)	Hebrew	Jewish	Rabbinic	Tosefta	Tosefta Challah	Tosefta Challah 1:12	https://www.sefaria.org/Tosefta_Challah.1.12	20	sage	personal	attested		Sefaria topics (CC BY-SA) + text: Tosefta Challah (Public Domain)	0.85
Agrippa	slug:jewish:agrippa	Agrippa		אגריפס	Agrippa	Hebrew	Jewish	Rabbinic	Tosefta	Tosefta Bikkurim	Tosefta Bikkurim 2:8	https://www.sefaria.org/Tosefta_Bikkurim.2.8	3	sage	personal	attested		Sefaria topics (CC BY-SA) + text: Tosefta Bikkurim (Public Domain)	0.85
Yohanan Hasandlar	Q449248	Rabbi Yohanan Hasandlar, fourth generation tanna	boy	ר יוחנן הסנדלר	Rabbi Yohanan Hasandlar	Hebrew	Jewish	Rabbinic	Tosefta	Tosefta Shabbat	Tosefta Shabbat 3:3	https://www.sefaria.org/Tosefta_Shabbat.3.3	3	sage	personal	attested		Sefaria topics (CC BY-SA) + text: Tosefta Shabbat (Public Domain)	0.85
Nehorai	slug:jewish:rabbi-nehorai	Rabbi Nehorai, tanna	boy	רבי נהוראי	Rabbi Nehorai	Hebrew	Jewish	Rabbinic	Tosefta	Tosefta Shabbat	Tosefta Shabbat 8:12	https://www.sefaria.org/Tosefta_Shabbat.8.12	6	sage	personal	attested		Sefaria topics (CC BY-SA) + text: Tosefta Shabbat (Public Domain)	0.85
Menahem	slug:jewish:rabbi-menahem	Rabbi Menahem		רבי מנחם	Rabbi Menahem	Hebrew	Jewish	Rabbinic	Tosefta	Tosefta Shabbat	Tosefta Shabbat 12:7	https://www.sefaria.org/Tosefta_Shabbat.12.7	8	sage	personal	attested		Sefaria topics (CC BY-SA) + text: Tosefta Shabbat (Public Domain)	0.85
Simai	slug:jewish:rebbi-simai	Rebbi Simai		רבי סימאי	Rebbi Simai	Hebrew	Jewish	Rabbinic	Tosefta	Tosefta Shabbat	Tosefta Shabbat 13:14	https://www.sefaria.org/Tosefta_Shabbat.13.14	1	sage	personal	attested		Sefaria topics (CC BY-SA) + text: Tosefta Shabbat (Public Domain)	0.85
Abba Halafta	Q2897331	Abba Halafta, Mishnah rabbi	boy	אבא חלפתא	Abba Halafta	Hebrew	Jewish	Rabbinic	Tosefta	Tosefta Shabbat	Tosefta Shabbat 14:2	https://www.sefaria.org/Tosefta_Shabbat.14.2	11	sage	personal	attested		Sefaria topics (CC BY-SA) + text: Tosefta Shabbat (Public Domain)	0.85
Gamliel haZaken	Q310584	Rabban Gamliel haZaken (I), first-century leading authority on Jewish law in the Sanhedrin	boy	רבן גמליאל הזקן	Rabban Gamliel haZaken (I)	Hebrew	Jewish	Rabbinic	Tosefta	Tosefta Shabbat	Tosefta Shabbat 14:2	https://www.sefaria.org/Tosefta_Shabbat.14.2	3	sage	personal	attested		Sefaria topics (CC BY-SA) + text: Tosefta Shabbat (Public Domain)	0.85
Yose haGelili	Q982173	Rabbi Yose haGelili, Jewish sage 1st and 2nd centuries CE	boy	ר יוסי הגלילי	Rabbi Yose haGelili	Hebrew	Jewish	Rabbinic	Tosefta	Tosefta Shabbat	Tosefta Shabbat 14:4	https://www.sefaria.org/Tosefta_Shabbat.14.4	35	sage	personal	attested		Sefaria topics (CC BY-SA) + text: Tosefta Shabbat (Public Domain)	0.85
Jehudah	slug:jewish:rebbi-jehudah-b-laqish	Rebbi Jehudah b. Laqish		רבי יהודה בן לקיש	Rebbi Jehudah b. Laqish	Hebrew	Jewish	Rabbinic	Tosefta	Tosefta Shabbat	Tosefta Shabbat 14:7	https://www.sefaria.org/Tosefta_Shabbat.14.7	5	sage	personal	attested		Sefaria topics (CC BY-SA) + text: Tosefta Shabbat (Public Domain)	0.85
[Rabbi Shimon]	slug:jewish:rabbi-shimon-b-nannas	[Rabbi Shimon] b. Nannas, tanna	boy	בן ננס	[Rabbi Shimon] b. Nannas	Hebrew	Jewish	Rabbinic	Tosefta	Tosefta Shabbat	Tosefta Shabbat 14:8	https://www.sefaria.org/Tosefta_Shabbat.14.8	4	sage	personal	attested		Sefaria topics (CC BY-SA) + text: Tosefta Shabbat (Public Domain)	0.85
Yose	slug:jewish:yose-b-simai	Yose b. Simai		יוסי בן סימאי	Yose b. Simai	Hebrew	Jewish	Rabbinic	Tosefta	Tosefta Shabbat	Tosefta Shabbat 14:9	https://www.sefaria.org/Tosefta_Shabbat.14.9	1	sage	personal	attested		Sefaria topics (CC BY-SA) + text: Tosefta Shabbat (Public Domain)	0.85
Joseph	slug:jewish:joseph-the-priest	Joseph the Priest		יוסף הכהן	Joseph the Priest	Hebrew	Jewish	Rabbinic	Tosefta	Tosefta Shabbat	Tosefta Shabbat 14:10	https://www.sefaria.org/Tosefta_Shabbat.14.10	3	sage	personal	attested		Sefaria topics (CC BY-SA) + text: Tosefta Shabbat (Public Domain)	0.85
Bar Kokhba	slug:jewish:bar-kokhba	Bar Kokhba		בר כוכבא	Bar Kokhba	Hebrew	Jewish	Rabbinic	Tosefta	Tosefta Shabbat	Tosefta Shabbat 16:6	https://www.sefaria.org/Tosefta_Shabbat.16.6	1	sage	personal	attested		Sefaria topics (CC BY-SA) + text: Tosefta Shabbat (Public Domain)	0.85
Eleazar	slug:jewish:rebbi-eleazar-b-thaddeus	Rebbi Eleazar b. Thaddeus		רִבִּי אֶלְעָזָר בֶּן תַּדֵּאי	Rebbi Eleazar b. Thaddeus	Hebrew	Jewish	Rabbinic	Tosefta	Tosefta Shabbat	Tosefta Shabbat 17:7	https://www.sefaria.org/Tosefta_Shabbat.17.7	2	sage	personal	attested		Sefaria topics (CC BY-SA) + text: Tosefta Shabbat (Public Domain)	0.85
Yehudah	slug:jewish:yehudah-b-tema	Yehudah b. Tema, tanna	boy	יהודה בן תימא	Yehudah b. Tema	Hebrew	Jewish	Rabbinic	Tosefta	Tosefta Eruvin	Tosefta Eruvin 2:4	https://www.sefaria.org/Tosefta_Eruvin.2.4	2	sage	personal	attested		Sefaria topics (CC BY-SA) + text: Tosefta Eruvin (Public Domain)	0.85
Hanina	slug:jewish:rabbi-hanina-b-antigonos	Rabbi Hanina b. Antigonos		רבי חנינא בן אנטיגנוס	Rabbi Hanina b. Antigonos	Hebrew	Jewish	Rabbinic	Tosefta	Tosefta Eruvin	Tosefta Eruvin 3:10	https://www.sefaria.org/Tosefta_Eruvin.3.10	11	sage	personal	attested		Sefaria topics (CC BY-SA) + text: Tosefta Eruvin (Public Domain)	0.85
Elazar	slug:jewish:rabbi-elazar-b-shimon	Rabbi Elazar b. Shimon, tanna	boy	רבי אלעזר בן שמעון	Rabbi Elazar b. Shimon	Hebrew	Jewish	Rabbinic	Tosefta	Tosefta Pesachim	Tosefta Pesachim 7:2	https://www.sefaria.org/Tosefta_Pesachim.7.2	9	sage	personal	attested		Sefaria topics (CC BY-SA) + text: Tosefta Pesachim (Public Domain)	0.85
Elazar	slug:jewish:rabbi-elazar-b-tzadok-(i)	Rabbi Elazar b. Tzadok (I), tanna	boy	רבי אלעזר בן צדוק (1)	Rabbi Elazar b. Tzadok (I)	Hebrew	Jewish	Rabbinic	Tosefta	Tosefta Pesachim	Tosefta Pesachim 7:9	https://www.sefaria.org/Tosefta_Pesachim.7.9	2	sage	personal	attested		Sefaria topics (CC BY-SA) + text: Tosefta Pesachim (Public Domain)	0.85
Hananyah	slug:jewish:rabbi-hananyah-b-akabia	Rabbi Hananyah b. Akabia, tanna	boy	רבי חנניה בן עקביא	Rabbi Hananyah b. Akabia	Hebrew	Jewish	Rabbinic	Tosefta	Tosefta Pesachim	Tosefta Pesachim 8:3	https://www.sefaria.org/Tosefta_Pesachim.8.3	4	sage	personal	attested		Sefaria topics (CC BY-SA) + text: Tosefta Pesachim (Public Domain)	0.85
Yohanan	slug:jewish:rabbi-yohanan-b-gudgada	Rabbi Yohanan b. Gudgada		רבי יוחנן בן גודגדא	Rabbi Yohanan b. Gudgada	Hebrew	Jewish	Rabbinic	Tosefta	Tosefta Shekalim	Tosefta Shekalim 2:14	https://www.sefaria.org/Tosefta_Shekalim.2.14	1	sage	personal	attested		Sefaria topics (CC BY-SA) + text: Tosefta Shekalim (Public Domain)	0.85
Hananya	slug:jewish:rabbi-hananya-b-akashya	Rabbi Hananya b. Akashya		רבי חנניא בן עקשיא	Rabbi Hananya b. Akashya	Hebrew	Jewish	Rabbinic	Tosefta	Tosefta Shekalim	Tosefta Shekalim 3:13	https://www.sefaria.org/Tosefta_Shekalim.3.13	1	sage	personal	attested		Sefaria topics (CC BY-SA) + text: Tosefta Shekalim (Public Domain)	0.85
Yishmael	slug:jewish:yishmael-ben-pavi	Yishmael b. Pavi		ישמעאל בן פיאבי	Yishmael b. Pavi	Hebrew	Jewish	Rabbinic	Tosefta	Tosefta Yoma	Tosefta Yoma 1:17	https://www.sefaria.org/Tosefta_Yoma.1.17	2	sage	personal	attested		Sefaria topics (CC BY-SA) + text: Tosefta Yoma (Public Domain)	0.85
Elazar	slug:jewish:rabbi-elazar-b-charsum	Rabbi Elazar b. Charsum		רבי אלעזר בן חרסום	Rabbi Elazar b. Charsum	Hebrew	Jewish	Rabbinic	Tosefta	Tosefta Yoma	Tosefta Yoma 1:17	https://www.sefaria.org/Tosefta_Yoma.1.17	1	sage	personal	attested		Sefaria topics (CC BY-SA) + text: Tosefta Yoma (Public Domain)	0.85
Yehoshua	slug:jewish:yehoshua-b-gamla	Yehoshua b. Gamla		יהושע בן גמלא	Yehoshua b. Gamla	Hebrew	Jewish	Rabbinic	Tosefta	Tosefta Yoma	Tosefta Yoma 2:2	https://www.sefaria.org/Tosefta_Yoma.2.2	1	sage	personal	attested		Sefaria topics (CC BY-SA) + text: Tosefta Yoma (Public Domain)	0.85
Ben Qatin	slug:jewish:ben-qatin	Ben Qatin		בן קטין	Ben Qatin	Hebrew	Jewish	Rabbinic	Tosefta	Tosefta Yoma	Tosefta Yoma 2:3	https://www.sefaria.org/Tosefta_Yoma.2.3	1	sage	personal	attested		Sefaria topics (CC BY-SA) + text: Tosefta Yoma (Public Domain)	0.85
Helena	slug:jewish:queen-helena	Queen Helena		הֵילֶנֵי הַמַּלְכָּה	Queen Helena	Hebrew	Jewish	Rabbinic	Tosefta	Tosefta Yoma	Tosefta Yoma 2:3	https://www.sefaria.org/Tosefta_Yoma.2.3	1	sage	personal	attested		Sefaria topics (CC BY-SA) + text: Tosefta Yoma (Public Domain)	0.85
Miriam	slug:jewish:miriam-the-daughter-of-bilgah	Miriam, the Daughter of Bilgah		מרים בת בלגה	Miriam, the Daughter of Bilgah	Hebrew	Jewish	Rabbinic	Tosefta	Tosefta Sukkah	Tosefta Sukkah 4:13	https://www.sefaria.org/Tosefta_Sukkah.4.13	1	sage	personal	attested		Sefaria topics (CC BY-SA) + text: Tosefta Sukkah (Public Domain)	0.85
Abba	slug:jewish:rabbi-abba	Rabbi Abba, amora	boy	רבי אבא	Rabbi Abba	Hebrew	Jewish	Rabbinic	Tosefta	Tosefta Beitzah	Tosefta Beitzah 1:7	https://www.sefaria.org/Tosefta_Beitzah.1.7	1	sage	personal	attested		Sefaria topics (CC BY-SA) + text: Tosefta - Machon Mamre (Public Domain)	0.85
Chiyya	slug:jewish:rabbi-chiyya	Rabbi Chiyya	boy	רבי חייא	Rabbi Chiyya	Hebrew	Jewish	Rabbinic	Tosefta	Tosefta Beitzah	Tosefta Beitzah 1:7	https://www.sefaria.org/Tosefta_Beitzah.1.7	2	sage	personal	attested		Sefaria topics (CC BY-SA) + text: Tosefta - Machon Mamre (Public Domain)	0.85
Todos	slug:jewish:todos	Todos		תודוס	Todos	Hebrew	Jewish	Rabbinic	Tosefta	Tosefta Beitzah	Tosefta Beitzah 2:11	https://www.sefaria.org/Tosefta_Beitzah.2.11	1	sage	personal	attested		Sefaria topics (CC BY-SA) + text: Tosefta - Machon Mamre (Public Domain)	0.85
Abba Shaul	slug:jewish:abba-shaul-b-botnit	Abba Shaul b. Botnit		אבא שאול בן בטנית	Abba Shaul b. Botnit	Hebrew	Jewish	Rabbinic	Tosefta	Tosefta Beitzah	Tosefta Beitzah 3:6	https://www.sefaria.org/Tosefta_Beitzah.3.6	2	sage	personal	attested		Sefaria topics (CC BY-SA) + text: Tosefta - Machon Mamre (Public Domain)	0.85
Shimon	slug:jewish:rabbi-shimon-b-the-assistant-chief-of-priests	Rabbi Shimon b. the assistant chief of priests		רבי שמעון בן הסגן	Rabbi Shimon b. the assistant chief of priests	Hebrew	Jewish	Rabbinic	Tosefta	Tosefta Rosh Hashanah	Tosefta Rosh Hashanah 2:7	https://www.sefaria.org/Tosefta_Rosh_Hashanah.2.7	2	sage	personal	attested		Sefaria topics (CC BY-SA) + text: Tosefta Rosh Hashanah  -- Machon Mamre (Public Domain)	0.85
Hananya	slug:jewish:rabbi-hananya-b-rabbi-yosei-hagelili	Rabbi Hananya b. Rabbi Yosei HaGelili		רבי חנניא בנו של רבי יוסי הגלילי	Rabbi Hananya b. Rabbi Yosei HaGelili	Hebrew	Jewish	Rabbinic	Tosefta	Tosefta Rosh Hashanah	Tosefta Rosh Hashanah 2:9	https://www.sefaria.org/Tosefta_Rosh_Hashanah.2.9	2	sage	personal	attested		Sefaria topics (CC BY-SA) + text: Tosefta Rosh Hashanah  -- Machon Mamre (Public Domain)	0.85
Jeroboam (Son of Nebat)	Q313219	Jeroboam, First king of the northern kingdom of Israel	boy	ירבעם בן נבט	Jeroboam (Son of Nebat)	Hebrew	Jewish	Rabbinic	Tosefta	Tosefta Ta'anit	Tosefta Ta'anit 3:8	https://www.sefaria.org/Tosefta_Ta'anit.3.8	1	royal	personal	attested		Sefaria topics (CC BY-SA) + text: Tosefta Ta'anit -- Machon Mamre (Public Domain)	0.85
Joshua	Q7734	Joshua, Moses' assistant who led Israel into Canaan	boy	יהושע	Joshua	Hebrew	Jewish	Rabbinic	Tosefta	Tosefta Megillah	Tosefta Megillah 1:1	https://www.sefaria.org/Tosefta_Megillah.1.1	5	human	personal	attested		Sefaria topics (CC BY-SA) + text: Tosefta Megillah - Machon Mamre (Public Domain)	0.9
Zechariah	slug:jewish:rabbi-zechariah-b-hakatzav	Rabbi Zechariah b. Hakatzav		רבי זכריה בן הקצב	Rabbi Zechariah b. Hakatzav	Hebrew	Jewish	Rabbinic	Tosefta	Tosefta Megillah	Tosefta Megillah 1:7	https://www.sefaria.org/Tosefta_Megillah.1.7	3	sage	personal	attested		Sefaria topics (CC BY-SA) + text: Tosefta Megillah - Machon Mamre (Public Domain)	0.85
Nechunya	Q982191	Rabbi Nechunya b. haKanah, Jewish rabbi	boy	רבי נחוניא בן הקנה	Rabbi Nechunya b. haKanah	Hebrew	Jewish	Rabbinic	Tosefta	Tosefta Megillah	Tosefta Megillah 1:8	https://www.sefaria.org/Tosefta_Megillah.1.8	5	sage	personal	attested		Sefaria topics (CC BY-SA) + text: Tosefta Megillah - Machon Mamre (Public Domain)	0.85
Yohanan	slug:jewish:yohanan-b-dahavai	Yohanan b. Dahavai, tanna	boy	יוחנן בן דהבאי	Yohanan b. Dahavai	Hebrew	Jewish	Rabbinic	Tosefta	Tosefta Chagigah	Tosefta Chagigah 1:2	https://www.sefaria.org/Tosefta_Chagigah.1.2	1	sage	personal	attested		Sefaria topics (CC BY-SA) + text: Tosefta Chagigah - Machon Mamre (Public Domain)	0.85
Elisha	Q542710	Elisha ben Abuyah, Rabbi of end of Second Temple period	boy	אלישע בן אבויה	Elisha ben Abuyah	Hebrew	Jewish	Rabbinic	Tosefta	Tosefta Chagigah	Tosefta Chagigah 2:2	https://www.sefaria.org/Tosefta_Chagigah.2.2	1	sage	personal	attested		Sefaria topics (CC BY-SA) + text: Tosefta Chagigah - Machon Mamre (Public Domain)	0.9
Shimon	Q338378	Shimon b. Shetach, Jewish Pharisee scholar (c. 140–60 BCE)	boy	שמעון בן שטח	Shimon b. Shetach	Hebrew	Jewish	Rabbinic	Tosefta	Tosefta Chagigah	Tosefta Chagigah 2:4	https://www.sefaria.org/Tosefta_Chagigah.2.4	4	sage	personal	attested		Sefaria topics (CC BY-SA) + text: Tosefta Chagigah - Machon Mamre (Public Domain)	0.85
Yehudah	Q2907372	Yehudah b. Tabbai, Pharisee scholar, Chief Justice of the Sanhedrin	boy	רבי יהודה בן טבאי	Yehudah b. Tabbai	Hebrew	Jewish	Rabbinic	Tosefta	Tosefta Chagigah	Tosefta Chagigah 2:4	https://www.sefaria.org/Tosefta_Chagigah.2.4	2	sage	personal	attested		Sefaria topics (CC BY-SA) + text: Tosefta Chagigah - Machon Mamre (Public Domain)	0.85
Bava	Q2070197	Bava b. Buta, Mishnah rabbi	boy	בבא בן בוטא	Bava b. Buta	Hebrew	Jewish	Rabbinic	Tosefta	Tosefta Chagigah	Tosefta Chagigah 2:6	https://www.sefaria.org/Tosefta_Chagigah.2.6	2	sage	personal	attested		Sefaria topics (CC BY-SA) + text: Tosefta Chagigah - Machon Mamre (Public Domain)	0.85
Kohen	slug:jewish:rabbi-kohen	Rabbi Kohen, amora	boy	רבי כהן	Rabbi Kohen	Hebrew	Jewish	Rabbinic	Tosefta	Tosefta Yevamot	Tosefta Yevamot 12:4	https://www.sefaria.org/Tosefta_Yevamot.12.4	1	sage	personal	attested		Sefaria topics (CC BY-SA) + text: Tosefta Yevamot -- Machon Mamre (Public Domain)	0.85
Abba Yudan	slug:jewish:abba-yudan	Abba Yudan		אבא יודן	Abba Yudan	Hebrew	Jewish	Rabbinic	Tosefta	Tosefta Yevamot	Tosefta Yevamot 14:10	https://www.sefaria.org/Tosefta_Yevamot.14.10	2	sage	personal	attested		Sefaria topics (CC BY-SA) + text: Tosefta Yevamot -- Machon Mamre (Public Domain)	0.85
Yonatan	Q449288	Rabbi Yonatan, tanna	boy	רבי יונתן	Rabbi Yonatan	Hebrew	Jewish	Rabbinic	Tosefta	Tosefta Yevamot	Tosefta Yevamot 14:12	https://www.sefaria.org/Tosefta_Yevamot.14.12	3	sage	personal	attested		Sefaria topics (CC BY-SA) + text: Tosefta Yevamot -- Machon Mamre (Public Domain)	0.85
[Yochanan] Ben Bag Bag	slug:jewish:yochanan-ben-bag-bag	[Yochanan] Ben Bag Bag, tanna	boy	יוחנן בן בג בג	[Yochanan] Ben Bag Bag	Hebrew	Jewish	Rabbinic	Tosefta	Tosefta Ketubot	Tosefta Ketubot 5:1	https://www.sefaria.org/Tosefta_Ketubot.5.1	2	sage	personal	attested		Sefaria topics (CC BY-SA) + text: Tosefta Ketuvot -- Machon Mamre (Public Domain)	0.85
Rabi	Q380427	Rabi, 2nd century rabbi and editor of the Mishnah	boy	רבי	Rabi	Hebrew	Jewish	Rabbinic	Tosefta	Tosefta Sotah	Tosefta Sotah 3:4	https://www.sefaria.org/Tosefta_Sotah.3.4	2	sage	personal	attested		Sefaria topics (CC BY-SA) + text: Tosefta Sota - Machon Mamre (Public Domain)	0.85
Absalom	Q205372	Absalom, David's rebellious son who tried to usurp the throne	boy	אבשלום	Absalom	Hebrew	Jewish	Rabbinic	Tosefta	Tosefta Sotah	Tosefta Sotah 3:4	https://www.sefaria.org/Tosefta_Sotah.3.4	1	human	personal	attested		Sefaria topics (CC BY-SA) + text: Tosefta Sota - Machon Mamre (Public Domain)	0.9
Assyria	slug:jewish:ashur	Assyria		אשור	Assyria	Hebrew	Jewish	Rabbinic	Tosefta	Tosefta Sotah	Tosefta Sotah 3:5	https://www.sefaria.org/Tosefta_Sotah.3.5	1	human	personal	attested		Sefaria topics (CC BY-SA) + text: Tosefta Sota - Machon Mamre (Public Domain)	0.9
Nebuchadnezzar	Q12591	Nebuchadnezzar, Emperor of Babylon who conquered Judah	boy	נבוכדנאצר	Nebuchadnezzar	Hebrew	Jewish	Rabbinic	Tosefta	Tosefta Sotah	Tosefta Sotah 3:6	https://www.sefaria.org/Tosefta_Sotah.3.6	1	royal	personal	attested		Sefaria topics (CC BY-SA) + text: Tosefta Sota - Machon Mamre (Public Domain)	0.9
Serah the Daughter of Asher	Q2899037	Serah, Daughter of Asher	girl	סרח בת אשר	Serah the Daughter of Asher	Hebrew	Jewish	Rabbinic	Tosefta	Tosefta Sotah	Tosefta Sotah 4:3	https://www.sefaria.org/Tosefta_Sotah.4.3	1	human	personal	attested		Sefaria topics (CC BY-SA) + text: Tosefta Sota - Machon Mamre (Public Domain)	0.85
Pappos	slug:jewish:pappos-b-yehudah	Pappos b. Yehudah, tanna	boy	פפוס בן יהודה	Pappos b. Yehudah	Hebrew	Jewish	Rabbinic	Tosefta	Tosefta Sotah	Tosefta Sotah 5:5	https://www.sefaria.org/Tosefta_Sotah.5.5	1	sage	personal	attested		Sefaria topics (CC BY-SA) + text: Tosefta Sota - Machon Mamre (Public Domain)	0.85
Ishmael	Q183403	Ishmael, son of Abraham and Hagar	boy	ישמעאל	Ishmael	Hebrew	Jewish	Rabbinic	Tosefta	Tosefta Sotah	Tosefta Sotah 5:7	https://www.sefaria.org/Tosefta_Sotah.5.7	2	human	personal	attested		Sefaria topics (CC BY-SA) + text: Tosefta Sota - Machon Mamre (Public Domain)	0.9
Eliezer	Q921589	Rabbi Eliezer b. R, Yose haGelili, 1st-century CE rabbi	boy	רבי אליעזר בנו של ר יוסי הגלילי	Rabbi Eliezer b. R, Yose haGelili	Hebrew	Jewish	Rabbinic	Tosefta	Tosefta Sotah	Tosefta Sotah 5:8	https://www.sefaria.org/Tosefta_Sotah.5.8	3	sage	personal	attested		Sefaria topics (CC BY-SA) + text: Tosefta Sota - Machon Mamre (Public Domain)	0.85
Gedaliah	Q1497453	Gedaliah, Appointed governor of Judah by Babylonians	boy	גדליה	Gedaliah	Hebrew	Jewish	Rabbinic	Tosefta	Tosefta Sotah	Tosefta Sotah 6:7	https://www.sefaria.org/Tosefta_Sotah.6.7	1	royal	personal	attested		Sefaria topics (CC BY-SA) + text: Tosefta Sota - Machon Mamre (Public Domain)	0.85
Yishmael	slug:jewish:yishmael-ben-netanyah	Yishmael ben Netanyah		ישמעאל בן נתניה	Yishmael ben Netanyah	Hebrew	Jewish	Rabbinic	Tosefta	Tosefta Sotah	Tosefta Sotah 6:7	https://www.sefaria.org/Tosefta_Sotah.6.7	1	human	personal	attested		Sefaria topics (CC BY-SA) + text: Tosefta Sota - Machon Mamre (Public Domain)	0.85
Zechariah	slug:biblical:zechariah@ezr.5.1-zec	Zechariah, Post-exilic prophet who wrote the book of Zechariah	boy	זכריה	Zechariah	Hebrew	Jewish	Rabbinic	Tosefta	Tosefta Sotah	Tosefta Sotah 6:7	https://www.sefaria.org/Tosefta_Sotah.6.7	1	prophet	personal	attested		Sefaria topics (CC BY-SA) + text: Tosefta Sota - Machon Mamre (Public Domain)	0.9
Miriam	Q1938388	Miriam, prophetess, sister of Moses and Aaron	girl	מרים	Miriam	Hebrew	Jewish	Rabbinic	Tosefta	Tosefta Sotah	Tosefta Sotah 11:4	https://www.sefaria.org/Tosefta_Sotah.11.4	1	prophet	personal	attested		Sefaria topics (CC BY-SA) + text: Tosefta Sota - Machon Mamre (Public Domain)	0.9
Samuel (Prophet)	Q6577515	Samuel, Prophet and last judge of Israel before the kings	boy	שמואל הנביא	Samuel (Prophet)	Hebrew	Jewish	Rabbinic	Tosefta	Tosefta Sotah	Tosefta Sotah 11:6	https://www.sefaria.org/Tosefta_Sotah.11.6	1	prophet	personal	attested		Sefaria topics (CC BY-SA) + text: Tosefta Sota - Machon Mamre (Public Domain)	0.9
Mikhal	Q1341397	Michal, Daughter of Saul	girl	מיכל	Mikhal	Hebrew	Jewish	Rabbinic	Tosefta	Tosefta Sotah	Tosefta Sotah 11:8	https://www.sefaria.org/Tosefta_Sotah.11.8	2	human	personal	attested		Sefaria topics (CC BY-SA) + text: Tosefta Sota - Machon Mamre (Public Domain)	0.9
Palti	slug:jewish:palti-the-son-of-laish	Palti, the Son of Laish		פלטי בן ליש	Palti, the Son of Laish	Hebrew	Jewish	Rabbinic	Tosefta	Tosefta Sotah	Tosefta Sotah 11:8	https://www.sefaria.org/Tosefta_Sotah.11.8	1	human	personal	attested		Sefaria topics (CC BY-SA) + text: Tosefta Sota - Machon Mamre (Public Domain)	0.85
Asa	Q313415	Asa, King of Judah	boy	אסא	Asa	Hebrew	Jewish	Rabbinic	Tosefta	Tosefta Sotah	Tosefta Sotah 12:1	https://www.sefaria.org/Tosefta_Sotah.12.1	1	royal	personal	attested		Sefaria topics (CC BY-SA) + text: Tosefta Sota - Machon Mamre (Public Domain)	0.9
Yehoshafat	Q126689	Jehoshaphat, Son of Asa	boy	יהושפט	Yehoshafat	Hebrew	Jewish	Rabbinic	Tosefta	Tosefta Sotah	Tosefta Sotah 12:2	https://www.sefaria.org/Tosefta_Sotah.12.2	1	royal	personal	attested		Sefaria topics (CC BY-SA) + text: Tosefta Sota - Machon Mamre (Public Domain)	0.9
Ahaziah (Judah)	Q313214	Ahaziah, King of Judah	boy	אחזיה	Ahaziah (Judah)	Hebrew	Jewish	Rabbinic	Tosefta	Tosefta Sotah	Tosefta Sotah 12:3	https://www.sefaria.org/Tosefta_Sotah.12.3	1	royal	personal	attested		Sefaria topics (CC BY-SA) + text: Tosefta Sota - Machon Mamre (Public Domain)	0.9
Yerovam (Son of Jehoash)	slug:biblical:jeroboam@2ki.13.13-amo	Jeroboam, King of Israel	boy	ירבעם בן יואש	Yerovam (Son of Jehoash)	Hebrew	Jewish	Rabbinic	Tosefta	Tosefta Sotah	Tosefta Sotah 12:4	https://www.sefaria.org/Tosefta_Sotah.12.4	1	royal	personal	attested		Sefaria topics (CC BY-SA) + text: Tosefta Sota - Machon Mamre (Public Domain)	0.85
Josiah	Q313228	Josiah, King of Judah known for his religious reforms	boy	יאשיהו	Josiah	Hebrew	Jewish	Rabbinic	Tosefta	Tosefta Sotah	Tosefta Sotah 13:2	https://www.sefaria.org/Tosefta_Sotah.13.2	1	royal	personal	attested		Sefaria topics (CC BY-SA) + text: Tosefta Sota - Machon Mamre (Public Domain)	0.9
Shmuel	Q2219012	Shmuel the Little, 1st century CE Babylonian Jew and religious scholar	boy	שמואל הקטן	Shmuel the Little	Hebrew	Jewish	Rabbinic	Tosefta	Tosefta Sotah	Tosefta Sotah 13:5	https://www.sefaria.org/Tosefta_Sotah.13.5	1	sage	personal	attested		Sefaria topics (CC BY-SA) + text: Tosefta Sota - Machon Mamre (Public Domain)	0.85
Yochanan	slug:jewish:yochanan-the-high-priest	Yochanan the High Priest		יוחנן כהן גדול	Yochanan the High Priest	Hebrew	Jewish	Rabbinic	Tosefta	Tosefta Sotah	Tosefta Sotah 13:6	https://www.sefaria.org/Tosefta_Sotah.13.6	3	sage	personal	attested		Sefaria topics (CC BY-SA) + text: Tosefta Sota - Machon Mamre (Public Domain)	0.85
King Solomon	Q37085	Solomon, king of Israel, son of David	boy	שְׁלֹמֹה	King Solomon	Hebrew	Jewish	Rabbinic	Tosefta	Tosefta Sotah	Tosefta Sotah 15:1	https://www.sefaria.org/Tosefta_Sotah.15.1	1	royal	personal	attested		Sefaria topics (CC BY-SA) + text: Tosefta Sota - Machon Mamre (Public Domain)	0.9
"That Man"	slug:jewish:that-man	"That Man"		אותו האיש	"That Man"	Hebrew	Jewish	Rabbinic	Tosefta	Tosefta Gittin	Tosefta Gittin 7:1	https://www.sefaria.org/Tosefta_Gittin.7.1	3	sage	personal	attested		Sefaria topics (CC BY-SA) + text: Tosefta Gittin - Machon Mamre (Public Domain)	0.85
Elazar haModa'i	slug:jewish:rabbi-elazar-hamodai	Rabbi Elazar haModa'i, tanna	boy	רבי אלעזר המודעי	Rabbi Elazar haModa'i	Hebrew	Jewish	Rabbinic	Tosefta	Tosefta Kiddushin	Tosefta Kiddushin 5:14	https://www.sefaria.org/Tosefta_Kiddushin.5.14	1	sage	personal	attested		Sefaria topics (CC BY-SA) + text: Tosefta Kidushin - Machon Mamre (Public Domain)	0.85
Yose	Q2747922	Yose b. Yoezer, Jewish rabbi and sage.	boy	יוסי בן יועזר	Yose b. Yoezer	Hebrew	Jewish	Rabbinic	Tosefta	Tosefta Bava Kamma	Tosefta Bava Kamma 8:4	https://www.sefaria.org/Tosefta_Bava_Kamma.8.4	1	sage	personal	attested		Sefaria topics (CC BY-SA) + text: Tosefta Bava Kamma - Machon Mamre (Public Domain)	0.85
Yose	Q2906625	Yose b. Yochanan, Chief Justice of the Sanhedrin in the 2nd century	boy	יוסי בן יוחנן	Yose b. Yochanan	Hebrew	Jewish	Rabbinic	Tosefta	Tosefta Bava Kamma	Tosefta Bava Kamma 8:4	https://www.sefaria.org/Tosefta_Bava_Kamma.8.4	2	sage	personal	attested		Sefaria topics (CC BY-SA) + text: Tosefta Bava Kamma - Machon Mamre (Public Domain)	0.85
Boetius	slug:jewish:boetius-b-zenon	Boetius b. Zenon		בייתוס בן זונין	Boetius b. Zenon	Hebrew	Jewish	Rabbinic	Tosefta	Tosefta Bava Metzia	Tosefta Bava Metzia 4:1	https://www.sefaria.org/Tosefta_Bava_Metzia.4.1	1	sage	personal	attested		Sefaria topics (CC BY-SA) + text: Tosefta Bava Metziah - Machon Mamre (Public Domain)	0.85
Nahum haMedi	slug:jewish:nahum-hamedi	Nahum haMedi, tanna	boy	נחום המדי	Nahum haMedi	Hebrew	Jewish	Rabbinic	Tosefta	Tosefta Bava Batra	Tosefta Bava Batra 9:1	https://www.sefaria.org/Tosefta_Bava_Batra.9.1	2	sage	personal	attested		Sefaria topics (CC BY-SA) + text: Tosefta Bava Batra - Machon Mamre (Public Domain)	0.85
Hanina a man	slug:jewish:rabbi-hanina-a-man-of-ono	Rabbi Hanina a man of Ono		רבי חנינא איש אונו	Rabbi Hanina a man of Ono	Hebrew	Jewish	Rabbinic	Tosefta	Tosefta Sanhedrin	Tosefta Sanhedrin 2:6	https://www.sefaria.org/Tosefta_Sanhedrin.2.6	1	sage	personal	attested		Sefaria topics (CC BY-SA) + text: Tosefta Sanhedrin - Machon Mamre (Public Domain)	0.85
Menahem	slug:jewish:rabbi-menahem-b-r-yose	Rabbi Menahem b. R' Yose, tanna	boy	רבי מנחם ברבי יוסי	Rabbi Menahem b. R' Yose	Hebrew	Jewish	Rabbinic	Tosefta	Tosefta Sanhedrin	Tosefta Sanhedrin 13:1	https://www.sefaria.org/Tosefta_Sanhedrin.13.1	3	sage	personal	attested		Sefaria topics (CC BY-SA) + text: Tosefta Sanhedrin - Machon Mamre (Public Domain)	0.85
Yehonatan ben Gershom	Q6272377	Jonathan, A Levite who served as a priest for Dan	boy	יהונתן בן גרשם	Yehonatan ben Gershom	Hebrew	Jewish	Rabbinic	Tosefta	Tosefta Sanhedrin	Tosefta Sanhedrin 14:2	https://www.sefaria.org/Tosefta_Sanhedrin.14.2	1	human	personal	attested		Sefaria topics (CC BY-SA) + text: Tosefta Sanhedrin - Machon Mamre (Public Domain)	0.85
ben Mosheh	slug:jewish:ben-mosheh	ben Mosheh		בֶּן מִֹשֶׁה	ben Mosheh	Hebrew	Jewish	Rabbinic	Tosefta	Tosefta Sanhedrin	Tosefta Sanhedrin 14:2	https://www.sefaria.org/Tosefta_Sanhedrin.14.2	1	human	personal	attested		Sefaria topics (CC BY-SA) + text: Tosefta Sanhedrin - Machon Mamre (Public Domain)	0.85
Zedekiah	slug:jewish:zedekiah-the-son-of-chenaanah	Zedekiah, the Son of Chenaanah		צדקיה בן כנענה	Zedekiah, the Son of Chenaanah	Hebrew	Jewish	Rabbinic	Tosefta	Tosefta Sanhedrin	Tosefta Sanhedrin 14:4	https://www.sefaria.org/Tosefta_Sanhedrin.14.4	1	human	personal	attested		Sefaria topics (CC BY-SA) + text: Tosefta Sanhedrin - Machon Mamre (Public Domain)	0.85
Hanania	slug:jewish:hanania-b-azzur	Hanania b. Azzur		חֲנַנְיָה בֶּן עַזּוּר	Hanania b. Azzur	Hebrew	Jewish	Rabbinic	Tosefta	Tosefta Sanhedrin	Tosefta Sanhedrin 14:4	https://www.sefaria.org/Tosefta_Sanhedrin.14.4	1	human	personal	attested		Sefaria topics (CC BY-SA) + text: Tosefta Sanhedrin - Machon Mamre (Public Domain)	0.85
Yirmeyah	slug:jewish:rabbi-yirmeyah	Rabbi Yirmeyah	boy	רבי ירמיה	Rabbi Yirmeyah	Hebrew	Jewish	Rabbinic	Tosefta	Tosefta Shevuot	Tosefta Shevuot 1:4	https://www.sefaria.org/Tosefta_Shevuot.1.4	1	sage	personal	attested		Sefaria topics (CC BY-SA) + text: Tosefta Shevuot - Machon Mamre (Public Domain)	0.85
Nahum	Q446664	Nahum of Gamzo, 1st century CE Jewish scholar and sage	boy	נחום איש גמזו	Nahum of Gamzo	Hebrew	Jewish	Rabbinic	Tosefta	Tosefta Shevuot	Tosefta Shevuot 1:4	https://www.sefaria.org/Tosefta_Shevuot.1.4	1	sage	personal	attested		Sefaria topics (CC BY-SA) + text: Tosefta Shevuot - Machon Mamre (Public Domain)	0.85
Yoshiah	slug:jewish:rabbi-yoshiah	Rabbi Yoshiah, tanna	boy	רבי יאשיה	Rabbi Yoshiah	Hebrew	Jewish	Rabbinic	Tosefta	Tosefta Shevuot	Tosefta Shevuot 1:4	https://www.sefaria.org/Tosefta_Shevuot.1.4	1	sage	personal	attested		Sefaria topics (CC BY-SA) + text: Tosefta Shevuot - Machon Mamre (Public Domain)	0.85
Reuben	slug:jewish:rebbi-reuben	Rebbi Reuben		רִבִּי רְאוּבֵן	Rebbi Reuben	Hebrew	Jewish	Rabbinic	Tosefta	Tosefta Shevuot	Tosefta Shevuot 3:5	https://www.sefaria.org/Tosefta_Shevuot.3.5	1	sage	personal	attested		Sefaria topics (CC BY-SA) + text: Tosefta Shevuot - Machon Mamre (Public Domain)	0.85
Yehoshua	slug:jewish:rabbi-yehoshua-b-matya	Rabbi Yehoshua b. Matya		רבי יהושע בן מתיא	Rabbi Yehoshua b. Matya	Hebrew	Jewish	Rabbinic	Tosefta	Tosefta Eduyot	Tosefta Eduyot 1:7	https://www.sefaria.org/Tosefta_Eduyot.1.7	1	sage	personal	attested		Sefaria topics (CC BY-SA) + text: Tosefta Eduyot - Machon Mamre (Public Domain)	0.85
Akaviah	Q585126	Akaviah ben Mehalalel, Jewish religious teacher active 1st century	boy	עקביא בן מהללאל	Akaviah ben Mehalalel	Hebrew	Jewish	Rabbinic	Tosefta	Tosefta Eduyot	Tosefta Eduyot 2:9	https://www.sefaria.org/Tosefta_Eduyot.2.9	3	sage	personal	attested		Sefaria topics (CC BY-SA) + text: Tosefta Eduyot - Machon Mamre (Public Domain)	0.85
Ben Tziyyon	slug:jewish:ben-tziyyon	Ben Tziyyon		בן ציון	Ben Tziyyon	Hebrew	Jewish	Rabbinic	Tosefta	Tosefta Eduyot	Tosefta Eduyot 3:4	https://www.sefaria.org/Tosefta_Eduyot.3.4	1	sage	personal	attested		Sefaria topics (CC BY-SA) + text: Tosefta Eduyot - Machon Mamre (Public Domain)	0.85
Shimon	slug:jewish:rabbi-shimon-b-netanel	Rabbi Shimon b. Netanel		רבי שמעון בן נתנאל	Rabbi Shimon b. Netanel	Hebrew	Jewish	Rabbinic	Tosefta	Tosefta Avodah Zarah	Tosefta Avodah Zarah 3:3	https://www.sefaria.org/Tosefta_Avodah_Zarah.3.3	1	sage	personal	attested		Sefaria topics (CC BY-SA) + text: Tosefta Avodah Zarah - Machon Mamre (Public Domain)	0.85
Jehudah	slug:jewish:rebbi-jehudah-b-gamliel	Rebbi Jehudah b. Gamliel		רבי יהודה בן גמליאל	Rebbi Jehudah b. Gamliel	Hebrew	Jewish	Rabbinic	Tosefta	Tosefta Avodah Zarah	Tosefta Avodah Zarah 5:6	https://www.sefaria.org/Tosefta_Avodah_Zarah.5.6	1	sage	personal	attested		Sefaria topics (CC BY-SA) + text: Tosefta Avodah Zarah - Machon Mamre (Public Domain)	0.85
Hidqa	slug:jewish:rabbi-hidqa	Rabbi Hidqa, tanna	boy	רבי חידקא	Rabbi Hidqa	Hebrew	Jewish	Rabbinic	Tosefta	Tosefta Avodah Zarah	Tosefta Avodah Zarah 9:4	https://www.sefaria.org/Tosefta_Avodah_Zarah.9.4	1	sage	personal	attested		Sefaria topics (CC BY-SA) + text: Tosefta Avodah Zarah - Machon Mamre (Public Domain)	0.85
Yeshevav	slug:jewish:rabbi-yeshevav	Rabbi Yeshevav		רבי ישבב	Rabbi Yeshevav	Hebrew	Jewish	Rabbinic	Tosefta	Tosefta Chullin	Tosefta Chullin 2:2	https://www.sefaria.org/Tosefta_Chullin.2.2	1	sage	personal	attested		Sefaria topics (CC BY-SA) + text: Tosefta Chullin - Machon Mamre (Public Domain)	0.85
Ya'akov	slug:jewish:yaakov-of-the-village-of-sekhanya	Ya'akov of the village of Sekhanya		יעקב איש כפר סכניא	Ya'akov of the village of Sekhanya	Hebrew	Jewish	Rabbinic	Tosefta	Tosefta Chullin	Tosefta Chullin 2:6	https://www.sefaria.org/Tosefta_Chullin.2.6	1	sage	personal	attested		Sefaria topics (CC BY-SA) + text: Tosefta Chullin - Machon Mamre (Public Domain)	0.85
Ahiyya	slug:jewish:rebbi-ahiyya	Rebbi Ahiyya		רִבִּי אֲחִייָה	Rebbi Ahiyya	Hebrew	Jewish	Rabbinic	Tosefta	Tosefta Chullin	Tosefta Chullin 6:1	https://www.sefaria.org/Tosefta_Chullin.6.1	1	sage	personal	attested		Sefaria topics (CC BY-SA) + text: Tosefta Chullin - Machon Mamre (Public Domain)	0.85
Elazar	Q739520	Rabbi Elazar b. Shamu'a, 2nd century rabbi and tanna	boy	רבי אלעזר בן שמוע	Rabbi Elazar b. Shamu'a	Hebrew	Jewish	Rabbinic	Tosefta	Tosefta Menachot	Tosefta Menachot 11:6	https://www.sefaria.org/Tosefta_Menachot.11.6	1	sage	personal	attested		Sefaria topics (CC BY-SA) + text: Tosefta Menahot - Machon Mamre (Public Domain)	0.85
Yohanan	slug:jewish:rabbi-yohanan-b-torta	Rabbi Yohanan b. Torta, tanna	boy	רבי יוחנן בן תורתה	Rabbi Yohanan b. Torta	Hebrew	Jewish	Rabbinic	Tosefta	Tosefta Menachot	Tosefta Menachot 13:4	https://www.sefaria.org/Tosefta_Menachot.13.4	1	sage	personal	attested		Sefaria topics (CC BY-SA) + text: Tosefta Menahot - Machon Mamre (Public Domain)	0.85
Yehoshua	slug:jewish:rabbi-yehoshua-b-kefusai	Rabbi Yehoshua b. Kefusai		רבי יהושע בן קפוסאי	Rabbi Yehoshua b. Kefusai	Hebrew	Jewish	Rabbinic	Tosefta	Tosefta Bekhorot	Tosefta Bekhorot 3:6	https://www.sefaria.org/Tosefta_Bekhorot.3.6	2	sage	personal	attested		Sefaria topics (CC BY-SA) + text: Tosefta Bekhorot - Machon Mamre (Public Domain)	0.85
Elazar	slug:jewish:rabbi-elazar-b-yehudah-of-bartota	Rabbi Elazar b. Yehudah of Bartota, tanna	boy	רבי אלעזר בן יהודה איש ברתותא	Rabbi Elazar b. Yehudah of Bartota	Hebrew	Jewish	Rabbinic	Tosefta	Tosefta Bekhorot	Tosefta Bekhorot 7:3	https://www.sefaria.org/Tosefta_Bekhorot.7.3	1	sage	personal	attested		Sefaria topics (CC BY-SA) + text: Tosefta Bekhorot - Machon Mamre (Public Domain)	0.85
Yose	slug:jewish:rabbi-yose-b-chanina	Rabbi Yose b. Chanina		ר יוסי בר חנינא	Rabbi Yose b. Chanina	Hebrew	Jewish	Rabbinic	Tosefta	Tosefta Arakhin	Tosefta Arakhin 5:4	https://www.sefaria.org/Tosefta_Arakhin.5.4	1	sage	personal	attested		Sefaria topics (CC BY-SA) + text: Tosefta Arakhin - Machon Mamre (Public Domain)	0.85
Caleb	Q922184	Caleb, Faithful spy	boy	כלב בן יפונה	Caleb	Hebrew	Jewish	Rabbinic	Tosefta	Tosefta Keritot	Tosefta Keritot 4:7	https://www.sefaria.org/Tosefta_Keritot.4.7	1	human	personal	attested		Sefaria topics (CC BY-SA) + text: Tosefta Keritot - Machon Mamre (Public Domain)	0.9
Hananyah	Q982179	Rabbi Hananyah b. Teradyon, 2nd century Jewish rabbi and teacher	boy	רבי חנינה בן תרדיון	Rabbi Hananyah b. Teradyon	Hebrew	Jewish	Rabbinic	Tosefta	Tosefta Kelim Kamma	Tosefta Kelim Kamma 4:9	https://www.sefaria.org/Tosefta_Kelim_Kamma.4.9	2	sage	personal	attested		Sefaria topics (CC BY-SA) + text: Tosefta Keilim Kamma - Machon Mamre (Public Domain)	0.85
Dosa	slug:jewish:rabbi-dosa-b-harkinas	Rabbi Dosa b. Harkinas, tanna	boy	רבי דוסא בן הרכינס	Rabbi Dosa b. Harkinas	Hebrew	Jewish	Rabbinic	Tosefta	Tosefta Kelim Batra	Tosefta Kelim Batra 4:4	https://www.sefaria.org/Tosefta_Kelim_Batra.4.4	2	sage	personal	attested		Sefaria topics (CC BY-SA) + text: Tosefta Keilim Batra - Machon Mamre (Public Domain)	0.85
Jehudah	slug:jewish:jehudah-b-shamuai	Jehudah b. Shamuai		יְהוּדָה בֶּן שַׁמּוּעַיי	Jehudah b. Shamuai	Hebrew	Jewish	Rabbinic	Tosefta	Tosefta Kelim Batra	Tosefta Kelim Batra 7:4	https://www.sefaria.org/Tosefta_Kelim_Batra.7.4	1	sage	personal	attested		Sefaria topics (CC BY-SA) + text: Tosefta Keilim Batra - Machon Mamre (Public Domain)	0.85
Yehuda	slug:jewish:rabbi-yehuda-b-nekosa	Rabbi Yehuda b. Nekosa		רבי יהודה בן נקוסא	Rabbi Yehuda b. Nekosa	Hebrew	Jewish	Rabbinic	Tosefta	Tosefta Oholot	Tosefta Oholot 4:4	https://www.sefaria.org/Tosefta_Oholot.4.4	2	sage	personal	attested		Sefaria topics (CC BY-SA) + text: Tosefta Ohalot - Machon Mamre (Public Domain)	0.85
Jehudah	slug:jewish:rebbi-jehudah-the-baker	Rebbi Jehudah the baker		רבי יהודה הנחתום	Rebbi Jehudah the baker	Hebrew	Jewish	Rabbinic	Tosefta	Tosefta Oholot	Tosefta Oholot 18:7	https://www.sefaria.org/Tosefta_Oholot.18.7	1	sage	personal	attested		Sefaria topics (CC BY-SA) + text: Tosefta Ohalot - Machon Mamre (Public Domain)	0.85
Elazar haKappar	slug:jewish:rabbi-elazar-hakappar	Rabbi Elazar haKappar, tanna	boy	ר אלעזר הקפר	Rabbi Elazar haKappar	Hebrew	Jewish	Rabbinic	Tosefta	Tosefta Oholot	Tosefta Oholot 18:10	https://www.sefaria.org/Tosefta_Oholot.18.10	1	sage	personal	attested		Sefaria topics (CC BY-SA) + text: Tosefta Ohalot - Machon Mamre (Public Domain)	0.85
Pinchas	Q448939	Rabbi Pinchas b. Yair, late 2nd century Jewish tanna	boy	רבי פנחס בן יאיר	Rabbi Pinchas b. Yair	Hebrew	Jewish	Rabbinic	Tosefta	Tosefta Oholot	Tosefta Oholot 18:10	https://www.sefaria.org/Tosefta_Oholot.18.10	1	sage	personal	attested		Sefaria topics (CC BY-SA) + text: Tosefta Ohalot - Machon Mamre (Public Domain)	0.85
Pinchas	slug:jewish:rabbi-pinchas	Rabbi Pinchas		רבי פנחס	Rabbi Pinchas	Hebrew	Jewish	Rabbinic	Tosefta	Tosefta Oholot	Tosefta Oholot 18:10	https://www.sefaria.org/Tosefta_Oholot.18.10	1	sage	personal	attested		Sefaria topics (CC BY-SA) + text: Tosefta Ohalot - Machon Mamre (Public Domain)	0.85
Saul	slug:jewish:rebbi-saul	Rebbi Saul		רִבִּי שָׁאוּל	Rebbi Saul	Hebrew	Jewish	Rabbinic	Tosefta	Tosefta Niddah	Tosefta Niddah 8:3	https://www.sefaria.org/Tosefta_Niddah.8.3	1	sage	personal	attested		Sefaria topics (CC BY-SA) + text: Tosefta Niddah - Machon Mamre (Public Domain)	0.85
Marinus	slug:jewish:rebbi-marinus	Rebbi Marinus		רבי מרינוס	Rebbi Marinus	Hebrew	Jewish	Rabbinic	Tosefta	Tosefta Tahorot	Tosefta Tahorot 7:4	https://www.sefaria.org/Tosefta_Tahorot.7.4	1	sage	personal	attested		Sefaria topics (CC BY-SA) + text: Tosefta Tohorot - Machon Mamre (Public Domain)	0.85
Yehoshua	Q2778130	Yehoshua b. Perachya, Rabbi and Nasi of the Sanhedrin.	boy	יהושע בן פרחיה	Yehoshua b. Perachya	Hebrew	Jewish	Rabbinic	Tosefta	Tosefta Makhshirin	Tosefta Makhshirin 3:2	https://www.sefaria.org/Tosefta_Makhshirin.3.2	1	sage	personal	attested		Sefaria topics (CC BY-SA) + text: Tosefta Makhshirin - Machon Mamre (Public Domain)	0.85
Eliezer	slug:jewish:rabbi-eliezer-b-hyrcanus	Rabbi Eliezer b. Hyrcanus, tanna	boy	רבי אליעזר	Rabbi Eliezer b. Hyrcanus	Aramaic	Jewish	Rabbinic	Jerusalem Talmud	Jerusalem Talmud Berakhot	Jerusalem Talmud Berakhot 1:1:1	https://www.sefaria.org/Jerusalem_Talmud_Berakhot.1.1.1	594	sage	personal	attested		Sefaria topics (CC BY-SA) + text: The Jerusalem Talmud, edition by Heinrich W. Guggenheimer. Berlin, De Gruyter, 1999-2015 (CC BY)	0.9
Chiyya	slug:jewish:rabbi-chiyya	Rabbi Chiyya	boy	רבי חייא	Rabbi Chiyya	Aramaic	Jewish	Rabbinic	Jerusalem Talmud	Jerusalem Talmud Berakhot	Jerusalem Talmud Berakhot 1:1:2	https://www.sefaria.org/Jerusalem_Talmud_Berakhot.1.1.2	685	sage	personal	attested		Sefaria topics (CC BY-SA) + text: The Jerusalem Talmud, edition by Heinrich W. Guggenheimer. Berlin, De Gruyter, 1999-2015 (CC BY)	0.9
Yose	Q982075	Rabbi Yose b. Chalafta, 2nd century Talmud rabbi and tanna	boy	רבי יוסי	Rabbi Yose b. Chalafta	Aramaic	Jewish	Rabbinic	Jerusalem Talmud	Jerusalem Talmud Berakhot	Jerusalem Talmud Berakhot 1:1:2	https://www.sefaria.org/Jerusalem_Talmud_Berakhot.1.1.2	1949	sage	personal	attested		Sefaria topics (CC BY-SA) + text: The Jerusalem Talmud, edition by Heinrich W. Guggenheimer. Berlin, De Gruyter, 1999-2015 (CC BY)	0.9
Zeira	slug:jewish:rav-zera	Rabbi Zeira, amora	boy	רבי זירא	Rabbi Zeira	Aramaic	Jewish	Rabbinic	Jerusalem Talmud	Jerusalem Talmud Berakhot	Jerusalem Talmud Berakhot 1:1:4	https://www.sefaria.org/Jerusalem_Talmud_Berakhot.1.1.4	1280	sage	personal	attested		Sefaria topics (CC BY-SA) + text: The Jerusalem Talmud, edition by Heinrich W. Guggenheimer. Berlin, De Gruyter, 1999-2015 (CC BY)	0.9
Yirmeyah	slug:jewish:rabbi-yirmeyah	Rabbi Yirmeyah	boy	רבי ירמיה	Rabbi Yirmeyah	Aramaic	Jewish	Rabbinic	Jerusalem Talmud	Jerusalem Talmud Berakhot	Jerusalem Talmud Berakhot 1:1:4	https://www.sefaria.org/Jerusalem_Talmud_Berakhot.1.1.4	669	sage	personal	attested		Sefaria topics (CC BY-SA) + text: The Jerusalem Talmud, edition by Heinrich W. Guggenheimer. Berlin, De Gruyter, 1999-2015 (CC BY)	0.9
Yochanan	Q1397565	Rabbi Yochanan b. Napacha, 3rd-century Judean rabbi	boy	רבי יוחנן	Rabbi Yochanan b. Napacha	Aramaic	Jewish	Rabbinic	Jerusalem Talmud	Jerusalem Talmud Berakhot	Jerusalem Talmud Berakhot 1:1:4	https://www.sefaria.org/Jerusalem_Talmud_Berakhot.1.1.4	2311	sage	personal	attested		Sefaria topics (CC BY-SA) + text: The Jerusalem Talmud, edition by Heinrich W. Guggenheimer. Berlin, De Gruyter, 1999-2015 (CC BY)	0.9
Pinchas	slug:jewish:rabbi-pinchas	Rabbi Pinchas		רבי פנחס	Rabbi Pinchas	Aramaic	Jewish	Rabbinic	Jerusalem Talmud	Jerusalem Talmud Berakhot	Jerusalem Talmud Berakhot 1:1:6	https://www.sefaria.org/Jerusalem_Talmud_Berakhot.1.1.6	150	sage	personal	attested		Sefaria topics (CC BY-SA) + text: The Jerusalem Talmud, edition by Heinrich W. Guggenheimer. Berlin, De Gruyter, 1999-2015 (CC BY)	0.9
Abba	slug:jewish:rabbi-abba-b-pappa	Rabbi Abba b. Pappa		רבי אבא בר פפא	Rabbi Abba b. Pappa	Aramaic	Jewish	Rabbinic	Jerusalem Talmud	Jerusalem Talmud Berakhot	Jerusalem Talmud Berakhot 1:1:6	https://www.sefaria.org/Jerusalem_Talmud_Berakhot.1.1.6	13	sage	personal	attested		Sefaria topics (CC BY-SA) + text: The Jerusalem Talmud, edition by Heinrich W. Guggenheimer. Berlin, De Gruyter, 1999-2015 (CC BY)	0.9
Abba	slug:jewish:rabbi-abba	Rabbi Abba, amora	boy	רבי אבא	Rabbi Abba	Aramaic	Jewish	Rabbinic	Jerusalem Talmud	Jerusalem Talmud Berakhot	Jerusalem Talmud Berakhot 1:1:6	https://www.sefaria.org/Jerusalem_Talmud_Berakhot.1.1.6	906	sage	personal	attested		Sefaria topics (CC BY-SA) + text: The Jerusalem Talmud, edition by Heinrich W. Guggenheimer. Berlin, De Gruyter, 1999-2015 (CC BY)	0.9
The Great Rebbi Yose	slug:jewish:the-great-rebbi-yose	The Great Rebbi Yose		רִבִּי יוֹסֵי בְּרִיבִי	The Great Rebbi Yose	Aramaic	Jewish	Rabbinic	Jerusalem Talmud	Jerusalem Talmud Berakhot	Jerusalem Talmud Berakhot 1:1:9	https://www.sefaria.org/Jerusalem_Talmud_Berakhot.1.1.9	30	sage	personal	attested		Sefaria topics (CC BY-SA) + text: The Jerusalem Talmud, edition by Heinrich W. Guggenheimer. Berlin, De Gruyter, 1999-2015 (CC BY)	0.9
Avin	slug:jewish:rabbi-avin-(ravin)	Rabbi Avin (Son of Ravin), amora	boy	רבי אבין (בן רבין)	Rabbi Avin (Son of Ravin)	Aramaic	Jewish	Rabbinic	Jerusalem Talmud	Jerusalem Talmud Berakhot	Jerusalem Talmud Berakhot 1:1:9	https://www.sefaria.org/Jerusalem_Talmud_Berakhot.1.1.9	678	sage	personal	attested		Sefaria topics (CC BY-SA) + text: The Jerusalem Talmud, edition by Heinrich W. Guggenheimer. Berlin, De Gruyter, 1999-2015 (CC BY)	0.9
Ya'akov	slug:jewish:rabbi-yaakov-b-qorshai	Rabbi Ya'akov b. Qorshai, tanna	boy	ר יעקב בן קרשי	Rabbi Ya'akov b. Qorshai	Aramaic	Jewish	Rabbinic	Jerusalem Talmud	Jerusalem Talmud Berakhot	Jerusalem Talmud Berakhot 1:1:10	https://www.sefaria.org/Jerusalem_Talmud_Berakhot.1.1.10	582	sage	personal	attested		Sefaria topics (CC BY-SA) + text: The Jerusalem Talmud, edition by Heinrich W. Guggenheimer. Berlin, De Gruyter, 1999-2015 (CC BY)	0.9
Yehudah [b. Il'ai]	Q1391585	Rabbi Yehudah [b. Il'ai], rabbi	boy	רבי יהודה	Rabbi Yehudah [b. Il'ai]	Aramaic	Jewish	Rabbinic	Jerusalem Talmud	Jerusalem Talmud Berakhot	Jerusalem Talmud Berakhot 1:1:10	https://www.sefaria.org/Jerusalem_Talmud_Berakhot.1.1.10	1365	sage	personal	attested		Sefaria topics (CC BY-SA) + text: The Jerusalem Talmud, edition by Heinrich W. Guggenheimer. Berlin, De Gruyter, 1999-2015 (CC BY)	0.9
Yehudah	slug:jewish:rabbi-yehudah-b-pazi	Rabbi Yehudah b. Pazi, amora	boy	רבי יהודה בן פזי	Rabbi Yehudah b. Pazi	Aramaic	Jewish	Rabbinic	Jerusalem Talmud	Jerusalem Talmud Berakhot	Jerusalem Talmud Berakhot 1:1:10	https://www.sefaria.org/Jerusalem_Talmud_Berakhot.1.1.10	150	sage	personal	attested		Sefaria topics (CC BY-SA) + text: The Jerusalem Talmud, edition by Heinrich W. Guggenheimer. Berlin, De Gruyter, 1999-2015 (CC BY)	0.9
Chanina	Q1062209	Rabbi Chanina b. Chama, Babylonian Jewish Talmudist (died c.250)	boy	רבי חנינא בר חמא	Rabbi Chanina b. Chama	Aramaic	Jewish	Rabbinic	Jerusalem Talmud	Jerusalem Talmud Berakhot	Jerusalem Talmud Berakhot 1:1:12	https://www.sefaria.org/Jerusalem_Talmud_Berakhot.1.1.12	848	sage	personal	attested		Sefaria topics (CC BY-SA) + text: The Jerusalem Talmud, edition by Heinrich W. Guggenheimer. Berlin, De Gruyter, 1999-2015 (CC BY)	0.9
Samuel	slug:jewish:rebbi-samuel	Rebbi Samuel		רבי שמואל	Rebbi Samuel	Aramaic	Jewish	Rabbinic	Jerusalem Talmud	Jerusalem Talmud Berakhot	Jerusalem Talmud Berakhot 1:1:13	https://www.sefaria.org/Jerusalem_Talmud_Berakhot.1.1.13	551	sage	personal	attested		Sefaria topics (CC BY-SA) + text: The Jerusalem Talmud, edition by Heinrich W. Guggenheimer. Berlin, De Gruyter, 1999-2015 (CC BY)	0.9
Samuel	slug:jewish:rebbi-samuel-b-hiyya-b-jehudah	Rebbi Samuel b. Hiyya b. Jehudah		רִבִּי שְׁמוּאֵל בַּר חִייָא בַּר יְהוּדָה	Rebbi Samuel b. Hiyya b. Jehudah	Aramaic	Jewish	Rabbinic	Jerusalem Talmud	Jerusalem Talmud Berakhot	Jerusalem Talmud Berakhot 1:1:13	https://www.sefaria.org/Jerusalem_Talmud_Berakhot.1.1.13	1	sage	personal	attested		Sefaria topics (CC BY-SA) + text: The Jerusalem Talmud, edition by Heinrich W. Guggenheimer. Berlin, De Gruyter, 1999-2015 (CC BY)	0.9
Tanhuma	Q2392189	Rabbi Tanhuma b. Abba, Jewish amora	boy	רבי תנחומא	Rabbi Tanhuma b. Abba	Aramaic	Jewish	Rabbinic	Jerusalem Talmud	Jerusalem Talmud Berakhot	Jerusalem Talmud Berakhot 1:1:14	https://www.sefaria.org/Jerusalem_Talmud_Berakhot.1.1.14	62	sage	personal	attested		Sefaria topics (CC BY-SA) + text: The Jerusalem Talmud, edition by Heinrich W. Guggenheimer. Berlin, De Gruyter, 1999-2015 (CC BY)	0.9
Nehemiyah	Q2902906	Rabbi Nehemiyah, 2nd century CE Jewish scholar and rabbi	boy	רבי נחמיה	Rabbi Nehemiyah	Aramaic	Jewish	Rabbinic	Jerusalem Talmud	Jerusalem Talmud Berakhot	Jerusalem Talmud Berakhot 1:1:14	https://www.sefaria.org/Jerusalem_Talmud_Berakhot.1.1.14	77	sage	personal	attested		Sefaria topics (CC BY-SA) + text: The Jerusalem Talmud, edition by Heinrich W. Guggenheimer. Berlin, De Gruyter, 1999-2015 (CC BY)	0.9
Aha	slug:jewish:rav-aha	Rav Aha, amora	boy	רב אחא	Rav Aha	Aramaic	Jewish	Rabbinic	Jerusalem Talmud	Jerusalem Talmud Berakhot	Jerusalem Talmud Berakhot 1:1:15	https://www.sefaria.org/Jerusalem_Talmud_Berakhot.1.1.15	440	sage	personal	attested		Sefaria topics (CC BY-SA) + text: The Jerusalem Talmud, edition by Heinrich W. Guggenheimer. Berlin, De Gruyter, 1999-2015 (CC BY)	0.9
Hizkiyah	slug:jewish:rabbi-hizkiyah	Rabbi Hizkiyah	boy	רבי חזקיה	Rabbi Hizkiyah	Aramaic	Jewish	Rabbinic	Jerusalem Talmud	Jerusalem Talmud Berakhot	Jerusalem Talmud Berakhot 1:1:15	https://www.sefaria.org/Jerusalem_Talmud_Berakhot.1.1.15	197	sage	personal	attested		Sefaria topics (CC BY-SA) + text: The Jerusalem Talmud, edition by Heinrich W. Guggenheimer. Berlin, De Gruyter, 1999-2015 (CC BY)	0.9
[Rav] Hiyya	slug:jewish:rav-hiyya-b-yosef	[Rav] Hiyya b. Yosef, amora	boy	רבי חייא בר יוסף	[Rav] Hiyya b. Yosef	Aramaic	Jewish	Rabbinic	Jerusalem Talmud	Jerusalem Talmud Berakhot	Jerusalem Talmud Berakhot 1:1:15	https://www.sefaria.org/Jerusalem_Talmud_Berakhot.1.1.15	28	sage	personal	attested		Sefaria topics (CC BY-SA) + text: The Jerusalem Talmud, edition by Heinrich W. Guggenheimer. Berlin, De Gruyter, 1999-2015 (CC BY)	0.9
Elijah	Q133507	Elijah, prophet	boy	אליהו	Elijah	Aramaic	Jewish	Rabbinic	Jerusalem Talmud	Jerusalem Talmud Berakhot	Jerusalem Talmud Berakhot 1:1:15	https://www.sefaria.org/Jerusalem_Talmud_Berakhot.1.1.15	32	prophet	personal	attested		Sefaria topics (CC BY-SA) + text: The Jerusalem Talmud, edition by Heinrich W. Guggenheimer. Berlin, De Gruyter, 1999-2015 (CC BY)	0.9
Yishmael	Q1391069	Rabbi Yishmael b. Elisha, 2nd century Mishnah rabbi	boy	רבי ישמעאל	Rabbi Yishmael b. Elisha	Aramaic	Jewish	Rabbinic	Jerusalem Talmud	Jerusalem Talmud Berakhot	Jerusalem Talmud Berakhot 1:1:16	https://www.sefaria.org/Jerusalem_Talmud_Berakhot.1.1.16	330	sage	personal	attested		Sefaria topics (CC BY-SA) + text: The Jerusalem Talmud, edition by Heinrich W. Guggenheimer. Berlin, De Gruyter, 1999-2015 (CC BY)	0.9
Lot	Q40574	Lot, nephew of Abraham	boy	לוט	Lot	Aramaic	Jewish	Rabbinic	Jerusalem Talmud	Jerusalem Talmud Berakhot	Jerusalem Talmud Berakhot 1:1:16	https://www.sefaria.org/Jerusalem_Talmud_Berakhot.1.1.16	4	human	personal	attested		Sefaria topics (CC BY-SA) + text: The Jerusalem Talmud, edition by Heinrich W. Guggenheimer. Berlin, De Gruyter, 1999-2015 (CC BY)	0.9
Yose	slug:jewish:rebbi-yose-b-rebbu-abun	Rebbi Yose b. Rebbi Abun		רבי יוסי בר אבין	Rebbi Yose b. Rebbi Abun	Aramaic	Jewish	Rabbinic	Jerusalem Talmud	Jerusalem Talmud Berakhot	Jerusalem Talmud Berakhot 1:1:17	https://www.sefaria.org/Jerusalem_Talmud_Berakhot.1.1.17	573	sage	personal	attested		Sefaria topics (CC BY-SA) + text: The Jerusalem Talmud, edition by Heinrich W. Guggenheimer. Berlin, De Gruyter, 1999-2015 (CC BY)	0.9
Huna	slug:jewish:rebbi-huna	Rebbi Huna		רִבִּי חוּנָה	Rebbi Huna	Aramaic	Jewish	Rabbinic	Jerusalem Talmud	Jerusalem Talmud Berakhot	Jerusalem Talmud Berakhot 1:1:17	https://www.sefaria.org/Jerusalem_Talmud_Berakhot.1.1.17	329	sage	personal	attested		Sefaria topics (CC BY-SA) + text: The Jerusalem Talmud, edition by Heinrich W. Guggenheimer. Berlin, De Gruyter, 1999-2015 (CC BY)	0.9
Levi	Q1242706	Rabbi Levi, 3rd century Jewish scholar	boy	רבי לוי	Rabbi Levi	Aramaic	Jewish	Rabbinic	Jerusalem Talmud	Jerusalem Talmud Berakhot	Jerusalem Talmud Berakhot 1:1:18	https://www.sefaria.org/Jerusalem_Talmud_Berakhot.1.1.18	141	sage	personal	attested		Sefaria topics (CC BY-SA) + text: The Jerusalem Talmud, edition by Heinrich W. Guggenheimer. Berlin, De Gruyter, 1999-2015 (CC BY)	0.9
Shimon	slug:jewish:rabbi-shimon-b-pazzi	Rabbi Shimon b. Pazzi	boy	רבי שמעון בן פזי	Rabbi Shimon b. Pazzi	Aramaic	Jewish	Rabbinic	Jerusalem Talmud	Jerusalem Talmud Berakhot	Jerusalem Talmud Berakhot 1:1:18	https://www.sefaria.org/Jerusalem_Talmud_Berakhot.1.1.18	316	sage	personal	attested		Sefaria topics (CC BY-SA) + text: The Jerusalem Talmud, edition by Heinrich W. Guggenheimer. Berlin, De Gruyter, 1999-2015 (CC BY)	0.9
Hinena	slug:jewish:rebbi-hinena-b-andreas	Rebbi Hinena b. Andreas		רִבִּי חִינְנָא בַּר אַנְדְּרֵיי	Rebbi Hinena b. Andreas	Aramaic	Jewish	Rabbinic	Jerusalem Talmud	Jerusalem Talmud Berakhot	Jerusalem Talmud Berakhot 1:1:18	https://www.sefaria.org/Jerusalem_Talmud_Berakhot.1.1.18	2	sage	personal	attested		Sefaria topics (CC BY-SA) + text: The Jerusalem Talmud, edition by Heinrich W. Guggenheimer. Berlin, De Gruyter, 1999-2015 (CC BY)	0.9
Shmuel	slug:jewish:rabbi-shmuel-b-sustrai	Rabbi Shmuel b. Sustrai		רבי שמואל בן סוסרטיי	Rabbi Shmuel b. Sustrai	Aramaic	Jewish	Rabbinic	Jerusalem Talmud	Jerusalem Talmud Berakhot	Jerusalem Talmud Berakhot 1:1:18	https://www.sefaria.org/Jerusalem_Talmud_Berakhot.1.1.18	2	sage	personal	attested		Sefaria topics (CC BY-SA) + text: The Jerusalem Talmud, edition by Heinrich W. Guggenheimer. Berlin, De Gruyter, 1999-2015 (CC BY)	0.9
Shimon	slug:jewish:shimon-b-chalafta	Shimon b. Chalafta, tanna	boy	רבי שמעון בן חלפתא	Shimon b. Chalafta	Aramaic	Jewish	Rabbinic	Jerusalem Talmud	Jerusalem Talmud Berakhot	Jerusalem Talmud Berakhot 1:1:21	https://www.sefaria.org/Jerusalem_Talmud_Berakhot.1.1.21	16	sage	personal	attested		Sefaria topics (CC BY-SA) + text: The Jerusalem Talmud, edition by Heinrich W. Guggenheimer. Berlin, De Gruyter, 1999-2015 (CC BY)	0.9
Shimon	Q557405	Rabbi Shimon bar Yochai, Jewish rabbi author of the Zohar	boy	רבי שמעון בר יוחאי	Rabbi Shimon bar Yochai	Aramaic	Jewish	Rabbinic	Jerusalem Talmud	Jerusalem Talmud Berakhot	Jerusalem Talmud Berakhot 1:1:21	https://www.sefaria.org/Jerusalem_Talmud_Berakhot.1.1.21	1496	sage	personal	attested		Sefaria topics (CC BY-SA) + text: The Jerusalem Talmud, edition by Heinrich W. Guggenheimer. Berlin, De Gruyter, 1999-2015 (CC BY)	0.9
Haman	Q650680	Haman, A Persian official who plotted to destroy the Jews	boy	המן	Haman	Aramaic	Jewish	Rabbinic	Jerusalem Talmud	Jerusalem Talmud Berakhot	Jerusalem Talmud Berakhot 1:1:21	https://www.sefaria.org/Jerusalem_Talmud_Berakhot.1.1.21	10	human	personal	attested		Sefaria topics (CC BY-SA) + text: The Jerusalem Talmud, edition by Heinrich W. Guggenheimer. Berlin, De Gruyter, 1999-2015 (CC BY)	0.9
Mordekhai	Q1136380	Mordecai, Esther's cousin	boy	מרדכי	Mordekhai	Aramaic	Jewish	Rabbinic	Jerusalem Talmud	Jerusalem Talmud Berakhot	Jerusalem Talmud Berakhot 1:1:21	https://www.sefaria.org/Jerusalem_Talmud_Berakhot.1.1.21	9	human	personal	attested		Sefaria topics (CC BY-SA) + text: The Jerusalem Talmud, edition by Heinrich W. Guggenheimer. Berlin, De Gruyter, 1999-2015 (CC BY)	0.9
Il'ai	slug:jewish:rabbi-ilai-(i)	Rabbi Il'ai (I), tanna	boy	רבי עילאי (1)	Rabbi Il'ai (I)	Aramaic	Jewish	Rabbinic	Jerusalem Talmud	Jerusalem Talmud Berakhot	Jerusalem Talmud Berakhot 1:1:23	https://www.sefaria.org/Jerusalem_Talmud_Berakhot.1.1.23	15	sage	personal	attested		Sefaria topics (CC BY-SA) + text: The Jerusalem Talmud, edition by Heinrich W. Guggenheimer. Berlin, De Gruyter, 1999-2015 (CC BY)	0.9
Egypt	Q1369215	Egypt, Descendant of Ham	boy	מצרים	Egypt	Aramaic	Jewish	Rabbinic	Jerusalem Talmud	Jerusalem Talmud Berakhot	Jerusalem Talmud Berakhot 1:1:23	https://www.sefaria.org/Jerusalem_Talmud_Berakhot.1.1.23	3	human	personal	attested		Sefaria topics (CC BY-SA) + text: The Jerusalem Talmud, edition by Heinrich W. Guggenheimer. Berlin, De Gruyter, 1999-2015 (CC BY)	0.9
Kush	Q1138595	Cush, Son of Ham	boy	כוש	Kush	Aramaic	Jewish	Rabbinic	Jerusalem Talmud	Jerusalem Talmud Berakhot	Jerusalem Talmud Berakhot 1:1:23	https://www.sefaria.org/Jerusalem_Talmud_Berakhot.1.1.23	1	human	personal	attested		Sefaria topics (CC BY-SA) + text: The Jerusalem Talmud, edition by Heinrich W. Guggenheimer. Berlin, De Gruyter, 1999-2015 (CC BY)	0.9
Yehoshua [b. Hananyah]	Q1686568	Rabbi Yehoshua [b. Hananyah], late 1st/early 2nd century Jewish tanna and sage	boy	ר יהושע	Rabbi Yehoshua [b. Hananyah]	Aramaic	Jewish	Rabbinic	Jerusalem Talmud	Jerusalem Talmud Berakhot	Jerusalem Talmud Berakhot 1:1:24	https://www.sefaria.org/Jerusalem_Talmud_Berakhot.1.1.24	686	sage	personal	attested		Sefaria topics (CC BY-SA) + text: The Jerusalem Talmud, edition by Heinrich W. Guggenheimer. Berlin, De Gruyter, 1999-2015 (CC BY)	0.9
Shimon	Q1391489	Rabbi Shimon b. Lakish, Jewish rabbi and amora (c. 200 — c. 275)	boy	רבי שמעון בן לקיש	Rabbi Shimon b. Lakish	Aramaic	Jewish	Rabbinic	Jerusalem Talmud	Jerusalem Talmud Berakhot	Jerusalem Talmud Berakhot 1:1:25	https://www.sefaria.org/Jerusalem_Talmud_Berakhot.1.1.25	719	sage	personal	attested		Sefaria topics (CC BY-SA) + text: The Jerusalem Talmud, edition by Heinrich W. Guggenheimer. Berlin, De Gruyter, 1999-2015 (CC BY)	0.9
Azariah	slug:jewish:rebbi-azariah	Rebbi Azariah		רִבִּי עֲזַרְיָה	Rebbi Azariah	Aramaic	Jewish	Rabbinic	Jerusalem Talmud	Jerusalem Talmud Berakhot	Jerusalem Talmud Berakhot 1:1:25	https://www.sefaria.org/Jerusalem_Talmud_Berakhot.1.1.25	2	sage	personal	attested		Sefaria topics (CC BY-SA) + text: The Jerusalem Talmud, edition by Heinrich W. Guggenheimer. Berlin, De Gruyter, 1999-2015 (CC BY)	0.9
Berekhyah	slug:jewish:rabbi-berekhyah	Rabbi Berekhyah, amora	boy	רבי ברכיה	Rabbi Berekhyah	Aramaic	Jewish	Rabbinic	Jerusalem Talmud	Jerusalem Talmud Berakhot	Jerusalem Talmud Berakhot 1:1:26	https://www.sefaria.org/Jerusalem_Talmud_Berakhot.1.1.26	85	sage	personal	attested		Sefaria topics (CC BY-SA) + text: The Jerusalem Talmud, edition by Heinrich W. Guggenheimer. Berlin, De Gruyter, 1999-2015 (CC BY)	0.9
Helbo	Q1069053	Rabbi Helbo, important figure in Judaism	boy	רבי חלבו	Rabbi Helbo	Aramaic	Jewish	Rabbinic	Jerusalem Talmud	Jerusalem Talmud Berakhot	Jerusalem Talmud Berakhot 1:1:26	https://www.sefaria.org/Jerusalem_Talmud_Berakhot.1.1.26	65	sage	personal	attested		Sefaria topics (CC BY-SA) + text: The Jerusalem Talmud, edition by Heinrich W. Guggenheimer. Berlin, De Gruyter, 1999-2015 (CC BY)	0.9
Natan [haBavli]	slug:jewish:rabbi-natan-habavli	Rabbi Natan [haBavli], tanna	boy	רבי נתן	Rabbi Natan [haBavli]	Aramaic	Jewish	Rabbinic	Jerusalem Talmud	Jerusalem Talmud Berakhot	Jerusalem Talmud Berakhot 1:1:26	https://www.sefaria.org/Jerusalem_Talmud_Berakhot.1.1.26	75	sage	personal	attested		Sefaria topics (CC BY-SA) + text: The Jerusalem Talmud, edition by Heinrich W. Guggenheimer. Berlin, De Gruyter, 1999-2015 (CC BY)	0.9
Zerika	slug:jewish:rabbi-zerika	Rabbi Zerika, amora	boy	רבי זריקא	Rabbi Zerika	Aramaic	Jewish	Rabbinic	Jerusalem Talmud	Jerusalem Talmud Berakhot	Jerusalem Talmud Berakhot 1:1:27	https://www.sefaria.org/Jerusalem_Talmud_Berakhot.1.1.27	47	sage	personal	attested		Sefaria topics (CC BY-SA) + text: The Jerusalem Talmud, edition by Heinrich W. Guggenheimer. Berlin, De Gruyter, 1999-2015 (CC BY)	0.9
Eleazar	slug:jewish:rebbi-eleazar-b-rebbi-menahem	Rebbi Eleazar b. Rebbi Menahem		רִבִּי אֶלְעָזָר בְּרִבִּי מְנַחֵם	Rebbi Eleazar b. Rebbi Menahem	Aramaic	Jewish	Rabbinic	Jerusalem Talmud	Jerusalem Talmud Berakhot	Jerusalem Talmud Berakhot 1:1:27	https://www.sefaria.org/Jerusalem_Talmud_Berakhot.1.1.27	1	sage	personal	attested		Sefaria topics (CC BY-SA) + text: The Jerusalem Talmud, edition by Heinrich W. Guggenheimer. Berlin, De Gruyter, 1999-2015 (CC BY)	0.9
Menahem	slug:jewish:rabbi-menahem	Rabbi Menahem		רבי מנחם	Rabbi Menahem	Aramaic	Jewish	Rabbinic	Jerusalem Talmud	Jerusalem Talmud Berakhot	Jerusalem Talmud Berakhot 1:1:27	https://www.sefaria.org/Jerusalem_Talmud_Berakhot.1.1.27	8	sage	personal	attested		Sefaria topics (CC BY-SA) + text: The Jerusalem Talmud, edition by Heinrich W. Guggenheimer. Berlin, De Gruyter, 1999-2015 (CC BY)	0.9
Ammi	Q473264	Rabbi Ammi, rabbi	boy	רבי אמי	Rabbi Ammi	Aramaic	Jewish	Rabbinic	Jerusalem Talmud	Jerusalem Talmud Berakhot	Jerusalem Talmud Berakhot 1:1:27	https://www.sefaria.org/Jerusalem_Talmud_Berakhot.1.1.27	65	sage	personal	attested		Sefaria topics (CC BY-SA) + text: The Jerusalem Talmud, edition by Heinrich W. Guggenheimer. Berlin, De Gruyter, 1999-2015 (CC BY)	0.9
King David	Q41370	David, king of Israel	boy	דוד המלך	King David	Aramaic	Jewish	Rabbinic	Jerusalem Talmud	Jerusalem Talmud Berakhot	Jerusalem Talmud Berakhot 1:1:27	https://www.sefaria.org/Jerusalem_Talmud_Berakhot.1.1.27	124	royal	personal	attested		Sefaria topics (CC BY-SA) + text: The Jerusalem Talmud, edition by Heinrich W. Guggenheimer. Berlin, De Gruyter, 1999-2015 (CC BY)	0.9
Yosef [b. Chiyya]	slug:jewish:rav-yosef-b-chiyya	Rav Yosef [b. Chiyya], amora	boy	רב יוסף	Rav Yosef [b. Chiyya]	Aramaic	Jewish	Rabbinic	Jerusalem Talmud	Jerusalem Talmud Berakhot	Jerusalem Talmud Berakhot 1:1:29	https://www.sefaria.org/Jerusalem_Talmud_Berakhot.1.1.29	19	sage	personal	attested		Sefaria topics (CC BY-SA) + text: The Jerusalem Talmud, edition by Heinrich W. Guggenheimer. Berlin, De Gruyter, 1999-2015 (CC BY)	0.9
Shmuel	Q2219010	Rabbi Shmuel b. Nahmani, Israeli rabbi	boy	רבי שמואל בן נחמן	Rabbi Shmuel b. Nahmani	Aramaic	Jewish	Rabbinic	Jerusalem Talmud	Jerusalem Talmud Berakhot	Jerusalem Talmud Berakhot 1:1:29	https://www.sefaria.org/Jerusalem_Talmud_Berakhot.1.1.29	146	sage	personal	attested		Sefaria topics (CC BY-SA) + text: The Jerusalem Talmud, edition by Heinrich W. Guggenheimer. Berlin, De Gruyter, 1999-2015 (CC BY)	0.9
Nachman [b. Ya'akov]	Q2124832	Rav Nachman [b. Ya'akov], Babylonian rabbi	boy	רב נחמן	Rav Nachman [b. Ya'akov]	Aramaic	Jewish	Rabbinic	Jerusalem Talmud	Jerusalem Talmud Berakhot	Jerusalem Talmud Berakhot 1:1:29	https://www.sefaria.org/Jerusalem_Talmud_Berakhot.1.1.29	256	sage	personal	attested		Sefaria topics (CC BY-SA) + text: The Jerusalem Talmud, edition by Heinrich W. Guggenheimer. Berlin, De Gruyter, 1999-2015 (CC BY)	0.9
Tahlifa	slug:jewish:rebbi-tahlifa	Rebbi Tahlifa		רב תחליפא	Rebbi Tahlifa	Aramaic	Jewish	Rabbinic	Jerusalem Talmud	Jerusalem Talmud Berakhot	Jerusalem Talmud Berakhot 1:1:29	https://www.sefaria.org/Jerusalem_Talmud_Berakhot.1.1.29	4	sage	personal	attested		Sefaria topics (CC BY-SA) + text: The Jerusalem Talmud, edition by Heinrich W. Guggenheimer. Berlin, De Gruyter, 1999-2015 (CC BY)	0.9
Assi	slug:jewish:rav-assi	Rav Assi (I), amora	boy	רב אסי (1)	Rav Assi (I)	Aramaic	Jewish	Rabbinic	Jerusalem Talmud	Jerusalem Talmud Berakhot	Jerusalem Talmud Berakhot 1:1:29	https://www.sefaria.org/Jerusalem_Talmud_Berakhot.1.1.29	285	sage	personal	attested		Sefaria topics (CC BY-SA) + text: The Jerusalem Talmud, edition by Heinrich W. Guggenheimer. Berlin, De Gruyter, 1999-2015 (CC BY)	0.9
Yehoshua	Q359782	Rabbi Yehoshua ben Levi, 3rd century Judean scholar of the Talmud	boy	רבי יהושע בן לוי	Rabbi Yehoshua ben Levi	Aramaic	Jewish	Rabbinic	Jerusalem Talmud	Jerusalem Talmud Berakhot	Jerusalem Talmud Berakhot 1:1:30	https://www.sefaria.org/Jerusalem_Talmud_Berakhot.1.1.30	391	sage	personal	attested		Sefaria topics (CC BY-SA) + text: The Jerusalem Talmud, edition by Heinrich W. Guggenheimer. Berlin, De Gruyter, 1999-2015 (CC BY)	0.9
Abba	slug:jewish:rebbi-abba-b-jeremiah	Rebbi Abba b. Jeremiah		רבי אבא בר ירמיה	Rebbi Abba b. Jeremiah	Aramaic	Jewish	Rabbinic	Jerusalem Talmud	Jerusalem Talmud Berakhot	Jerusalem Talmud Berakhot 1:1:30	https://www.sefaria.org/Jerusalem_Talmud_Berakhot.1.1.30	18	sage	personal	attested		Sefaria topics (CC BY-SA) + text: The Jerusalem Talmud, edition by Heinrich W. Guggenheimer. Berlin, De Gruyter, 1999-2015 (CC BY)	0.9
Immi	slug:jewish:rebbi-immi	Rebbi Immi		רִבִּי אִימִּי	Rebbi Immi	Aramaic	Jewish	Rabbinic	Jerusalem Talmud	Jerusalem Talmud Berakhot	Jerusalem Talmud Berakhot 1:1:30	https://www.sefaria.org/Jerusalem_Talmud_Berakhot.1.1.30	288	sage	personal	attested		Sefaria topics (CC BY-SA) + text: The Jerusalem Talmud, edition by Heinrich W. Guggenheimer. Berlin, De Gruyter, 1999-2015 (CC BY)	0.9
Rabbah	slug:jewish:rabbah-b-hanah	Rabbah b. Hanah, amora	boy	רבה בר חנה	Rabbah b. Hanah	Aramaic	Jewish	Rabbinic	Jerusalem Talmud	Jerusalem Talmud Berakhot	Jerusalem Talmud Berakhot 1:1:31	https://www.sefaria.org/Jerusalem_Talmud_Berakhot.1.1.31	9	sage	personal	attested		Sefaria topics (CC BY-SA) + text: The Jerusalem Talmud, edition by Heinrich W. Guggenheimer. Berlin, De Gruyter, 1999-2015 (CC BY)	0.9
Meir	Q1621623	Rabbi Meir, 2nd century Jewish sage	boy	רבי מאיר	Rabbi Meir	Aramaic	Jewish	Rabbinic	Jerusalem Talmud	Jerusalem Talmud Berakhot	Jerusalem Talmud Berakhot 1:1:32	https://www.sefaria.org/Jerusalem_Talmud_Berakhot.1.1.32	726	sage	personal	attested		Sefaria topics (CC BY-SA) + text: The Jerusalem Talmud, edition by Heinrich W. Guggenheimer. Berlin, De Gruyter, 1999-2015 (CC BY)	0.9
Akiva	Q310821	Rabbi Akiva, Jewish scholar and sage (c. 50 – c.135)	boy	רבי עקיבא	Rabbi Akiva	Aramaic	Jewish	Rabbinic	Jerusalem Talmud	Jerusalem Talmud Berakhot	Jerusalem Talmud Berakhot 1:1:32	https://www.sefaria.org/Jerusalem_Talmud_Berakhot.1.1.32	524	sage	personal	attested		Sefaria topics (CC BY-SA) + text: The Jerusalem Talmud, edition by Heinrich W. Guggenheimer. Berlin, De Gruyter, 1999-2015 (CC BY)	0.9
Shimon	slug:jewish:rabbi-shimon-b-elazar	Rabbi Shimon b. Elazar, tanna	boy	רבי שמעון בן אלעזר	Rabbi Shimon b. Elazar	Aramaic	Jewish	Rabbinic	Jerusalem Talmud	Jerusalem Talmud Berakhot	Jerusalem Talmud Berakhot 1:1:33	https://www.sefaria.org/Jerusalem_Talmud_Berakhot.1.1.33	104	sage	personal	attested		Sefaria topics (CC BY-SA) + text: The Jerusalem Talmud, edition by Heinrich W. Guggenheimer. Berlin, De Gruyter, 1999-2015 (CC BY)	0.9
Tavi	slug:jewish:tavi	Tavi		טבי	Tavi	Aramaic	Jewish	Rabbinic	Jerusalem Talmud	Jerusalem Talmud Berakhot	Jerusalem Talmud Berakhot 1:1:34	https://www.sefaria.org/Jerusalem_Talmud_Berakhot.1.1.34	11	sage	personal	attested		Sefaria topics (CC BY-SA) + text: The Jerusalem Talmud, edition by Heinrich W. Guggenheimer. Berlin, De Gruyter, 1999-2015 (CC BY)	0.9
Chisda	Q1391057	Rav Chisda, Babylonian Jewish Talmudist	boy	רב חסדא	Rav Chisda	Aramaic	Jewish	Rabbinic	Jerusalem Talmud	Jerusalem Talmud Berakhot	Jerusalem Talmud Berakhot 1:2:4	https://www.sefaria.org/Jerusalem_Talmud_Berakhot.1.2.4	194	sage	personal	attested		Sefaria topics (CC BY-SA) + text: The Jerusalem Talmud, edition by Heinrich W. Guggenheimer. Berlin, De Gruyter, 1999-2015 (CC BY)	0.9
Ukva	slug:jewish:mar-ukva	Mar Ukva, amora	boy	מר עוקבא	Mar Ukva	Aramaic	Jewish	Rabbinic	Jerusalem Talmud	Jerusalem Talmud Berakhot	Jerusalem Talmud Berakhot 1:2:5	https://www.sefaria.org/Jerusalem_Talmud_Berakhot.1.2.5	13	sage	personal	attested		Sefaria topics (CC BY-SA) + text: The Jerusalem Talmud, edition by Heinrich W. Guggenheimer. Berlin, De Gruyter, 1999-2015 (CC BY)	0.9
Elazar	Q1325787	Rabbi Elazar b. Azaryah, 1st-century CE Jewish rabbi and Tannaim sage	boy	רבי אלעזר בן עזריה	Rabbi Elazar b. Azaryah	Aramaic	Jewish	Rabbinic	Jerusalem Talmud	Jerusalem Talmud Berakhot	Jerusalem Talmud Berakhot 1:2:6	https://www.sefaria.org/Jerusalem_Talmud_Berakhot.1.2.6	69	sage	personal	attested		Sefaria topics (CC BY-SA) + text: The Jerusalem Talmud, edition by Heinrich W. Guggenheimer. Berlin, De Gruyter, 1999-2015 (CC BY)	0.9
Zevadiah	slug:jewish:rebbi-zevadiah-b-rebbi-jacob-b-zavdi	Rebbi Zevadiah b. Rebbi Jacob b. Zavdi		רִבִּי זְבַדְיָה בְּרֵיהּ דְּרִבִּי יַעֲקֹב בַּר זַבְדִּי	Rebbi Zevadiah b. Rebbi Jacob b. Zavdi	Aramaic	Jewish	Rabbinic	Jerusalem Talmud	Jerusalem Talmud Berakhot	Jerusalem Talmud Berakhot 1:2:7	https://www.sefaria.org/Jerusalem_Talmud_Berakhot.1.2.7	2	sage	personal	attested		Sefaria topics (CC BY-SA) + text: The Jerusalem Talmud, edition by Heinrich W. Guggenheimer. Berlin, De Gruyter, 1999-2015 (CC BY)	0.9
Ya'akov	slug:jewish:rabbi-yaakov-b-zavdi	Rabbi Ya'akov b. Zavdi		רבי יעקב בר זבדי	Rabbi Ya'akov b. Zavdi	Aramaic	Jewish	Rabbinic	Jerusalem Talmud	Jerusalem Talmud Berakhot	Jerusalem Talmud Berakhot 1:2:7	https://www.sefaria.org/Jerusalem_Talmud_Berakhot.1.2.7	50	sage	personal	attested		Sefaria topics (CC BY-SA) + text: The Jerusalem Talmud, edition by Heinrich W. Guggenheimer. Berlin, De Gruyter, 1999-2015 (CC BY)	0.9
Yonah	Q1702866	Rabbi Yonah, 4th-century Palestinian amora and rabbi	boy	רבי יונה	Rabbi Yonah	Aramaic	Jewish	Rabbinic	Jerusalem Talmud	Jerusalem Talmud Berakhot	Jerusalem Talmud Berakhot 1:2:7	https://www.sefaria.org/Jerusalem_Talmud_Berakhot.1.2.7	578	sage	personal	attested		Sefaria topics (CC BY-SA) + text: The Jerusalem Talmud, edition by Heinrich W. Guggenheimer. Berlin, De Gruyter, 1999-2015 (CC BY)	0.9
Idi	slug:jewish:rav-idi-b-avin-(i)	Rav Idi b. Avin (I)	boy	רב אידי בר אבין (1)	Rav Idi b. Avin (I)	Aramaic	Jewish	Rabbinic	Jerusalem Talmud	Jerusalem Talmud Berakhot	Jerusalem Talmud Berakhot 1:2:7	https://www.sefaria.org/Jerusalem_Talmud_Berakhot.1.2.7	38	sage	personal	attested		Sefaria topics (CC BY-SA) + text: The Jerusalem Talmud, edition by Heinrich W. Guggenheimer. Berlin, De Gruyter, 1999-2015 (CC BY)	0.9
Adda	Q1410699	Rav Adda b. Ahavah (I), Two Jewish rabbis and Talmudic scholars	boy	רב אדא בר אהבה (1)	Rav Adda b. Ahavah (I)	Aramaic	Jewish	Rabbinic	Jerusalem Talmud	Jerusalem Talmud Berakhot	Jerusalem Talmud Berakhot 1:2:7	https://www.sefaria.org/Jerusalem_Talmud_Berakhot.1.2.7	14	sage	personal	attested		Sefaria topics (CC BY-SA) + text: The Jerusalem Talmud, edition by Heinrich W. Guggenheimer. Berlin, De Gruyter, 1999-2015 (CC BY)	0.9
Ada	slug:jewish:rebbi-ada	Rebbi Ada		רִבִּי אָדָא	Rebbi Ada	Aramaic	Jewish	Rabbinic	Jerusalem Talmud	Jerusalem Talmud Berakhot	Jerusalem Talmud Berakhot 1:2:7	https://www.sefaria.org/Jerusalem_Talmud_Berakhot.1.2.7	48	sage	personal	attested		Sefaria topics (CC BY-SA) + text: The Jerusalem Talmud, edition by Heinrich W. Guggenheimer. Berlin, De Gruyter, 1999-2015 (CC BY)	0.9
Mana	slug:jewish:rabbi-mana-(i)	Rabbi Mana (I), amora	boy	רבי מנא (1)	Rabbi Mana (I)	Aramaic	Jewish	Rabbinic	Jerusalem Talmud	Jerusalem Talmud Berakhot	Jerusalem Talmud Berakhot 1:2:8	https://www.sefaria.org/Jerusalem_Talmud_Berakhot.1.2.8	19	sage	personal	attested		Sefaria topics (CC BY-SA) + text: The Jerusalem Talmud, edition by Heinrich W. Guggenheimer. Berlin, De Gruyter, 1999-2015 (CC BY)	0.9
Yudan	slug:jewish:rabbi-yudan	Rabbi Yudan		רבי יודן	Rabbi Yudan	Aramaic	Jewish	Rabbinic	Jerusalem Talmud	Jerusalem Talmud Berakhot	Jerusalem Talmud Berakhot 1:2:9	https://www.sefaria.org/Jerusalem_Talmud_Berakhot.1.2.9	411	sage	personal	attested		Sefaria topics (CC BY-SA) + text: The Jerusalem Talmud, edition by Heinrich W. Guggenheimer. Berlin, De Gruyter, 1999-2015 (CC BY)	0.9
Abba Mari	slug:jewish:rebbi-abba-mari	Rebbi Abba Mari		רִבִּי אַבָּא מָרִי	Rebbi Abba Mari	Aramaic	Jewish	Rabbinic	Jerusalem Talmud	Jerusalem Talmud Berakhot	Jerusalem Talmud Berakhot 1:2:9	https://www.sefaria.org/Jerusalem_Talmud_Berakhot.1.2.9	52	sage	personal	attested		Sefaria topics (CC BY-SA) + text: The Jerusalem Talmud, edition by Heinrich W. Guggenheimer. Berlin, De Gruyter, 1999-2015 (CC BY)	0.9
Shammai	Q467138	Shammai, Jewish scholar and an important figure in Judaism's core work of rabbinic literature, the Mishnah (50 BCE-30 CE)	boy	שמאי	Shammai	Aramaic	Jewish	Rabbinic	Jerusalem Talmud	Jerusalem Talmud Berakhot	Jerusalem Talmud Berakhot 1:3:1	https://www.sefaria.org/Jerusalem_Talmud_Berakhot.1.3.1	38	sage	personal	attested		Sefaria topics (CC BY-SA) + text: The Jerusalem Talmud, edition by Heinrich W. Guggenheimer. Berlin, De Gruyter, 1999-2015 (CC BY)	0.9
Elazar	Q739520	Rabbi Elazar b. Shamu'a, 2nd century rabbi and tanna	boy	רבי אלעזר בן שמוע	Rabbi Elazar b. Shamu'a	Aramaic	Jewish	Rabbinic	Jerusalem Talmud	Jerusalem Talmud Berakhot	Jerusalem Talmud Berakhot 1:3:3	https://www.sefaria.org/Jerusalem_Talmud_Berakhot.1.3.3	853	sage	personal	attested		Sefaria topics (CC BY-SA) + text: The Jerusalem Talmud, edition by Heinrich W. Guggenheimer. Berlin, De Gruyter, 1999-2015 (CC BY)	0.9
Tarfon	Q1268142	Rabbi Tarfon, Late 1st/early 2nd century Jewish rabbi and sage	boy	רבי טרפון	Rabbi Tarfon	Aramaic	Jewish	Rabbinic	Jerusalem Talmud	Jerusalem Talmud Berakhot	Jerusalem Talmud Berakhot 1:4:1	https://www.sefaria.org/Jerusalem_Talmud_Berakhot.1.4.1	92	sage	personal	attested		Sefaria topics (CC BY-SA) + text: The Jerusalem Talmud, edition by Heinrich W. Guggenheimer. Berlin, De Gruyter, 1999-2015 (CC BY)	0.9
Abba	slug:jewish:rebbi-abba-b-cohen	Rebbi Abba b. Cohen		רִבִּי בָּא בַּר כֹּהֵן.	Rebbi Abba b. Cohen	Aramaic	Jewish	Rabbinic	Jerusalem Talmud	Jerusalem Talmud Berakhot	Jerusalem Talmud Berakhot 1:4:2	https://www.sefaria.org/Jerusalem_Talmud_Berakhot.1.4.2	33	sage	personal	attested		Sefaria topics (CC BY-SA) + text: The Jerusalem Talmud, edition by Heinrich W. Guggenheimer. Berlin, De Gruyter, 1999-2015 (CC BY)	0.9
Hinena	slug:jewish:rebbi-hinena-b-rebbi-ada	Rebbi Hinena b. Rebbi Ada		רִבִּי חִינְנְא בְרֵיהּ דְּרִבִּי אָדָא	Rebbi Hinena b. Rebbi Ada	Aramaic	Jewish	Rabbinic	Jerusalem Talmud	Jerusalem Talmud Berakhot	Jerusalem Talmud Berakhot 1:4:3	https://www.sefaria.org/Jerusalem_Talmud_Berakhot.1.4.3	2	sage	personal	attested		Sefaria topics (CC BY-SA) + text: The Jerusalem Talmud, edition by Heinrich W. Guggenheimer. Berlin, De Gruyter, 1999-2015 (CC BY)	0.9
Tanchum	slug:jewish:rabbi-tanchum	Rabbi Tanchum		רבי תנחום	Rabbi Tanchum	Aramaic	Jewish	Rabbinic	Jerusalem Talmud	Jerusalem Talmud Berakhot	Jerusalem Talmud Berakhot 1:4:3	https://www.sefaria.org/Jerusalem_Talmud_Berakhot.1.4.3	71	sage	personal	attested		Sefaria topics (CC BY-SA) + text: The Jerusalem Talmud, edition by Heinrich W. Guggenheimer. Berlin, De Gruyter, 1999-2015 (CC BY)	0.9
Bivi	slug:jewish:rav-bivi	Rav Bivi		רב ביבי	Rav Bivi	Aramaic	Jewish	Rabbinic	Jerusalem Talmud	Jerusalem Talmud Berakhot	Jerusalem Talmud Berakhot 1:4:4	https://www.sefaria.org/Jerusalem_Talmud_Berakhot.1.4.4	51	sage	personal	attested		Sefaria topics (CC BY-SA) + text: The Jerusalem Talmud, edition by Heinrich W. Guggenheimer. Berlin, De Gruyter, 1999-2015 (CC BY)	0.9
Matenah	slug:jewish:rav-matenah	Rav Matenah, amora	boy	רב מתנה	Rav Matenah	Aramaic	Jewish	Rabbinic	Jerusalem Talmud	Jerusalem Talmud Berakhot	Jerusalem Talmud Berakhot 1:5:4	https://www.sefaria.org/Jerusalem_Talmud_Berakhot.1.5.4	23	sage	personal	attested		Sefaria topics (CC BY-SA) + text: The Jerusalem Talmud, edition by Heinrich W. Guggenheimer. Berlin, De Gruyter, 1999-2015 (CC BY)	0.9
Moses	Q9077	Moses, prophet who led the Israelites out of Egypt	boy	משה	Moses	Aramaic	Jewish	Rabbinic	Jerusalem Talmud	Jerusalem Talmud Berakhot	Jerusalem Talmud Berakhot 1:5:4	https://www.sefaria.org/Jerusalem_Talmud_Berakhot.1.5.4	174	human	personal	attested		Sefaria topics (CC BY-SA) + text: The Jerusalem Talmud, edition by Heinrich W. Guggenheimer. Berlin, De Gruyter, 1999-2015 (CC BY)	0.9
Balaq	slug:jewish:balaq	Balaq		בלק	Balaq	Aramaic	Jewish	Rabbinic	Jerusalem Talmud	Jerusalem Talmud Berakhot	Jerusalem Talmud Berakhot 1:5:5	https://www.sefaria.org/Jerusalem_Talmud_Berakhot.1.5.5	5	human	personal	attested		Sefaria topics (CC BY-SA) + text: The Jerusalem Talmud, edition by Heinrich W. Guggenheimer. Berlin, De Gruyter, 1999-2015 (CC BY)	0.9
Balaam	Q574641	Balaam, A prophet hired to curse Israel but blessed them instead	boy	בלעם	Balaam	Aramaic	Jewish	Rabbinic	Jerusalem Talmud	Jerusalem Talmud Berakhot	Jerusalem Talmud Berakhot 1:5:5	https://www.sefaria.org/Jerusalem_Talmud_Berakhot.1.5.5	8	prophet	personal	attested		Sefaria topics (CC BY-SA) + text: The Jerusalem Talmud, edition by Heinrich W. Guggenheimer. Berlin, De Gruyter, 1999-2015 (CC BY)	0.9
Samuel	slug:jewish:rebbi-samuel-brother-of-rebbi-berekhiah	Rebbi Samuel, brother of Rebbi Berekhiah		רִבִּי שְׁמוּאֵל אָחִיו דְּרִבִּי בְּרֶכְיָה	Rebbi Samuel, brother of Rebbi Berekhiah	Aramaic	Jewish	Rabbinic	Jerusalem Talmud	Jerusalem Talmud Berakhot	Jerusalem Talmud Berakhot 1:5:6	https://www.sefaria.org/Jerusalem_Talmud_Berakhot.1.5.6	3	human	personal	attested		Sefaria topics (CC BY-SA) + text: The Jerusalem Talmud, edition by Heinrich W. Guggenheimer. Berlin, De Gruyter, 1999-2015 (CC BY)	0.9
Chiya	slug:jewish:rav-chiya-b-ashi	Rav Chiya b. Ashi, amora	boy	רב חייא בר אשי	Rav Chiya b. Ashi	Aramaic	Jewish	Rabbinic	Jerusalem Talmud	Jerusalem Talmud Berakhot	Jerusalem Talmud Berakhot 1:5:8	https://www.sefaria.org/Jerusalem_Talmud_Berakhot.1.5.8	75	sage	personal	attested		Sefaria topics (CC BY-SA) + text: The Jerusalem Talmud, edition by Heinrich W. Guggenheimer. Berlin, De Gruyter, 1999-2015 (CC BY)	0.9
Hizkiyah	slug:jewish:hizkiyah-b-hiyya	Hizkiyah b. Hiyya, amora	boy	חזקיהו בן הייא	Hizkiyah b. Hiyya	Aramaic	Jewish	Rabbinic	Jerusalem Talmud	Jerusalem Talmud Berakhot	Jerusalem Talmud Berakhot 1:5:10	https://www.sefaria.org/Jerusalem_Talmud_Berakhot.1.5.10	134	sage	personal	attested		Sefaria topics (CC BY-SA) + text: The Jerusalem Talmud, edition by Heinrich W. Guggenheimer. Berlin, De Gruyter, 1999-2015 (CC BY)	0.9
Yitzhak	slug:jewish:rabbi-yitzhak	Rabbi Yitzhak, tanna	boy	רבי יצחק	Rabbi Yitzhak	Aramaic	Jewish	Rabbinic	Jerusalem Talmud	Jerusalem Talmud Berakhot	Jerusalem Talmud Berakhot 1:5:11	https://www.sefaria.org/Jerusalem_Talmud_Berakhot.1.5.11	495	sage	personal	attested		Sefaria topics (CC BY-SA) + text: The Jerusalem Talmud, edition by Heinrich W. Guggenheimer. Berlin, De Gruyter, 1999-2015 (CC BY)	0.9
Yitzhak	slug:jewish:rabbi-yitzhak-b-nahman	Rabbi Yitzhak b. Nahman, amora	boy	רבי יצחק בן נחמן	Rabbi Yitzhak b. Nahman	Aramaic	Jewish	Rabbinic	Jerusalem Talmud	Jerusalem Talmud Berakhot	Jerusalem Talmud Berakhot 1:5:11	https://www.sefaria.org/Jerusalem_Talmud_Berakhot.1.5.11	49	sage	personal	attested		Sefaria topics (CC BY-SA) + text: The Jerusalem Talmud, edition by Heinrich W. Guggenheimer. Berlin, De Gruyter, 1999-2015 (CC BY)	0.9
King Solomon	Q37085	Solomon, king of Israel, son of David	boy	שְׁלֹמֹה	King Solomon	Aramaic	Jewish	Rabbinic	Jerusalem Talmud	Jerusalem Talmud Berakhot	Jerusalem Talmud Berakhot 1:5:11	https://www.sefaria.org/Jerusalem_Talmud_Berakhot.1.5.11	52	royal	personal	attested		Sefaria topics (CC BY-SA) + text: The Jerusalem Talmud, edition by Heinrich W. Guggenheimer. Berlin, De Gruyter, 1999-2015 (CC BY)	0.9
Levi	Q2897998	Levi b. Sisi, Late 2nd/early 3rd century Jewish scholar	boy	לוי בן סיסי	Levi b. Sisi	Aramaic	Jewish	Rabbinic	Jerusalem Talmud	Jerusalem Talmud Berakhot	Jerusalem Talmud Berakhot 1:5:12	https://www.sefaria.org/Jerusalem_Talmud_Berakhot.1.5.12	11	sage	personal	attested		Sefaria topics (CC BY-SA) + text: The Jerusalem Talmud, edition by Heinrich W. Guggenheimer. Berlin, De Gruyter, 1999-2015 (CC BY)	0.9
Eleazar	slug:jewish:rebbi-eleazar-b-rebbi-abuna	Rebbi Eleazar b. Rebbi Abuna		רבי אלעזר בר אבינא	Rebbi Eleazar b. Rebbi Abuna	Aramaic	Jewish	Rabbinic	Jerusalem Talmud	Jerusalem Talmud Berakhot	Jerusalem Talmud Berakhot 1:5:13	https://www.sefaria.org/Jerusalem_Talmud_Berakhot.1.5.13	1	sage	personal	attested		Sefaria topics (CC BY-SA) + text: The Jerusalem Talmud, edition by Heinrich W. Guggenheimer. Berlin, De Gruyter, 1999-2015 (CC BY)	0.9
Abba Halafta	Q2897331	Abba Halafta, Mishnah rabbi	boy	אבא חלפתא	Abba Halafta	Aramaic	Jewish	Rabbinic	Jerusalem Talmud	Jerusalem Talmud Berakhot	Jerusalem Talmud Berakhot 1:5:14	https://www.sefaria.org/Jerusalem_Talmud_Berakhot.1.5.14	36	sage	personal	attested		Sefaria topics (CC BY-SA) + text: The Jerusalem Talmud, edition by Heinrich W. Guggenheimer. Berlin, De Gruyter, 1999-2015 (CC BY)	0.9
Halaphta	slug:jewish:rebbi-halaphta-b-shal	Rebbi Halaphta b. Shaül		רבי חלפתא בר שאול	Rebbi Halaphta b. Shaül	Aramaic	Jewish	Rabbinic	Jerusalem Talmud	Jerusalem Talmud Berakhot	Jerusalem Talmud Berakhot 1:5:14	https://www.sefaria.org/Jerusalem_Talmud_Berakhot.1.5.14	28	sage	personal	attested		Sefaria topics (CC BY-SA) + text: The Jerusalem Talmud, edition by Heinrich W. Guggenheimer. Berlin, De Gruyter, 1999-2015 (CC BY)	0.9
Meyasha	slug:jewish:rabbi-meyasha	Rabbi Meyasha		רבי מיישא	Rabbi Meyasha	Aramaic	Jewish	Rabbinic	Jerusalem Talmud	Jerusalem Talmud Berakhot	Jerusalem Talmud Berakhot 1:5:14	https://www.sefaria.org/Jerusalem_Talmud_Berakhot.1.5.14	26	sage	personal	attested		Sefaria topics (CC BY-SA) + text: The Jerusalem Talmud, edition by Heinrich W. Guggenheimer. Berlin, De Gruyter, 1999-2015 (CC BY)	0.9
Simai	slug:jewish:rebbi-simai	Rebbi Simai		רבי סימאי	Rebbi Simai	Aramaic	Jewish	Rabbinic	Jerusalem Talmud	Jerusalem Talmud Berakhot	Jerusalem Talmud Berakhot 1:5:14	https://www.sefaria.org/Jerusalem_Talmud_Berakhot.1.5.14	11	sage	personal	attested		Sefaria topics (CC BY-SA) + text: The Jerusalem Talmud, edition by Heinrich W. Guggenheimer. Berlin, De Gruyter, 1999-2015 (CC BY)	0.9
Abba	slug:jewish:rebbi-abba-b-zavida	Rebbi Abba b. Zavida		רבי אבא בר זבדא	Rebbi Abba b. Zavida	Aramaic	Jewish	Rabbinic	Jerusalem Talmud	Jerusalem Talmud Berakhot	Jerusalem Talmud Berakhot 1:5:14	https://www.sefaria.org/Jerusalem_Talmud_Berakhot.1.5.14	58	sage	personal	attested		Sefaria topics (CC BY-SA) + text: The Jerusalem Talmud, edition by Heinrich W. Guggenheimer. Berlin, De Gruyter, 1999-2015 (CC BY)	0.9
Samuel	slug:jewish:rebbi-samuel-b-inaya	Rebbi Samuel b. Inaya		רבי שמואל בר איניא	Rebbi Samuel b. Inaya	Aramaic	Jewish	Rabbinic	Jerusalem Talmud	Jerusalem Talmud Berakhot	Jerusalem Talmud Berakhot 1:5:14	https://www.sefaria.org/Jerusalem_Talmud_Berakhot.1.5.14	2	sage	personal	attested		Sefaria topics (CC BY-SA) + text: The Jerusalem Talmud, edition by Heinrich W. Guggenheimer. Berlin, De Gruyter, 1999-2015 (CC BY)	0.9
Bar Kappara	Q449117	Bar Kappara, late 2nd/early 3rd century Jewish rabbi	boy	בר קפרא	Bar Kappara	Aramaic	Jewish	Rabbinic	Jerusalem Talmud	Jerusalem Talmud Berakhot	Jerusalem Talmud Berakhot 1:5:14	https://www.sefaria.org/Jerusalem_Talmud_Berakhot.1.5.14	130	sage	personal	attested		Sefaria topics (CC BY-SA) + text: The Jerusalem Talmud, edition by Heinrich W. Guggenheimer. Berlin, De Gruyter, 1999-2015 (CC BY)	0.9
Hanan	slug:jewish:rav-hanan-b-rabbah	Rav Hanan b. Rabbah, amora	boy	רב חנן בר רבא	Rav Hanan b. Rabbah	Aramaic	Jewish	Rabbinic	Jerusalem Talmud	Jerusalem Talmud Berakhot	Jerusalem Talmud Berakhot 1:5:15	https://www.sefaria.org/Jerusalem_Talmud_Berakhot.1.5.15	3	sage	personal	attested		Sefaria topics (CC BY-SA) + text: The Jerusalem Talmud, edition by Heinrich W. Guggenheimer. Berlin, De Gruyter, 1999-2015 (CC BY)	0.9
Samuel	slug:jewish:rebbi-samuel-b-natan	Rebbi Samuel b. Natan		רבי שמואל בר נתן	Rebbi Samuel b. Natan	Aramaic	Jewish	Rabbinic	Jerusalem Talmud	Jerusalem Talmud Berakhot	Jerusalem Talmud Berakhot 1:5:16	https://www.sefaria.org/Jerusalem_Talmud_Berakhot.1.5.16	6	sage	personal	attested		Sefaria topics (CC BY-SA) + text: The Jerusalem Talmud, edition by Heinrich W. Guggenheimer. Berlin, De Gruyter, 1999-2015 (CC BY)	0.9
Hama	slug:jewish:rabbi-hama-b-r-hanina	Rabbi Hama b. R. Hanina, amora	boy	רבי חמא בר רבי חנינא	Rabbi Hama b. R. Hanina	Aramaic	Jewish	Rabbinic	Jerusalem Talmud	Jerusalem Talmud Berakhot	Jerusalem Talmud Berakhot 1:5:16	https://www.sefaria.org/Jerusalem_Talmud_Berakhot.1.5.16	30	sage	personal	attested		Sefaria topics (CC BY-SA) + text: The Jerusalem Talmud, edition by Heinrich W. Guggenheimer. Berlin, De Gruyter, 1999-2015 (CC BY)	0.9
Hama	slug:jewish:rav-hama-b-gurya	Rav Hama b. Gurya, amora	boy	רב חמא בר גוריא	Rav Hama b. Gurya	Aramaic	Jewish	Rabbinic	Jerusalem Talmud	Jerusalem Talmud Berakhot	Jerusalem Talmud Berakhot 1:5:16	https://www.sefaria.org/Jerusalem_Talmud_Berakhot.1.5.16	92	sage	personal	attested		Sefaria topics (CC BY-SA) + text: The Jerusalem Talmud, edition by Heinrich W. Guggenheimer. Berlin, De Gruyter, 1999-2015 (CC BY)	0.9
Chiyya	Q2904193	Rabbi Chiyya b. Abba, rabbi and author of the Tosefta (c.180–c.230)	boy	רבי חייא בר אבא	Rabbi Chiyya b. Abba	Aramaic	Jewish	Rabbinic	Jerusalem Talmud	Jerusalem Talmud Berakhot	Jerusalem Talmud Berakhot 1:5:16	https://www.sefaria.org/Jerusalem_Talmud_Berakhot.1.5.16	210	sage	personal	attested		Sefaria topics (CC BY-SA) + text: The Jerusalem Talmud, edition by Heinrich W. Guggenheimer. Berlin, De Gruyter, 1999-2015 (CC BY)	0.9
Huna	Q1794530	Rav Huna, 3rd century Babylonian Talmudist and Exilarch	boy	רב הונא	Rav Huna	Aramaic	Jewish	Rabbinic	Jerusalem Talmud	Jerusalem Talmud Berakhot	Jerusalem Talmud Berakhot 1:5:21	https://www.sefaria.org/Jerusalem_Talmud_Berakhot.1.5.21	230	sage	personal	attested		Sefaria topics (CC BY-SA) + text: The Jerusalem Talmud, edition by Heinrich W. Guggenheimer. Berlin, De Gruyter, 1999-2015 (CC BY)	0.9
Yitzhak	slug:jewish:rav-yitzhak-b-rabbi	Rav Yitzhak b. Rabbi		רב יצחק ברבי	Rav Yitzhak b. Rabbi	Aramaic	Jewish	Rabbinic	Jerusalem Talmud	Jerusalem Talmud Berakhot	Jerusalem Talmud Berakhot 1:5:23	https://www.sefaria.org/Jerusalem_Talmud_Berakhot.1.5.23	5	sage	personal	attested		Sefaria topics (CC BY-SA) + text: The Jerusalem Talmud, edition by Heinrich W. Guggenheimer. Berlin, De Gruyter, 1999-2015 (CC BY)	0.85
[Shimon]	Q816598	[Shimon] b. Zoma, Late 1st / early 2nd century tanna	boy	בן זומא	[Shimon] b. Zoma	Aramaic	Jewish	Rabbinic	Jerusalem Talmud	Jerusalem Talmud Berakhot	Jerusalem Talmud Berakhot 1:6:1	https://www.sefaria.org/Jerusalem_Talmud_Berakhot.1.6.1	18	sage	personal	attested		Sefaria topics (CC BY-SA) + text: The Jerusalem Talmud, edition by Heinrich W. Guggenheimer. Berlin, De Gruyter, 1999-2015 (CC BY)	0.9
Yehudah [b. Yechezkel]	Q359777	Rav Yehudah [b. Yechezkel], Babylonian rabbi and amora (220–299)	boy	רב יהודה	Rav Yehudah [b. Yechezkel]	Aramaic	Jewish	Rabbinic	Jerusalem Talmud	Jerusalem Talmud Berakhot	Jerusalem Talmud Berakhot 1:6:3	https://www.sefaria.org/Jerusalem_Talmud_Berakhot.1.6.3	213	sage	personal	attested		Sefaria topics (CC BY-SA) + text: The Jerusalem Talmud, edition by Heinrich W. Guggenheimer. Berlin, De Gruyter, 1999-2015 (CC BY)	0.9
Abba	slug:jewish:rebbi-abba-b-aha	Rebbi Abba b. Aha		רִבִּי אַבָּא בַּר אָחָא	Rebbi Abba b. Aha	Aramaic	Jewish	Rabbinic	Jerusalem Talmud	Jerusalem Talmud Berakhot	Jerusalem Talmud Berakhot 1:6:4	https://www.sefaria.org/Jerusalem_Talmud_Berakhot.1.6.4	6	sage	personal	attested		Sefaria topics (CC BY-SA) + text: The Jerusalem Talmud, edition by Heinrich W. Guggenheimer. Berlin, De Gruyter, 1999-2015 (CC BY)	0.9
Ahiyya	slug:jewish:rebbi-ahiyya-b-rebbi-zeira	Rebbi Ahiyya b. Rebbi Zeira		רִבִּי אֲחִייָא בֵּרִבִּי זְעִירָא	Rebbi Ahiyya b. Rebbi Zeira	Aramaic	Jewish	Rabbinic	Jerusalem Talmud	Jerusalem Talmud Berakhot	Jerusalem Talmud Berakhot 1:6:5	https://www.sefaria.org/Jerusalem_Talmud_Berakhot.1.6.5	4	sage	personal	attested		Sefaria topics (CC BY-SA) + text: The Jerusalem Talmud, edition by Heinrich W. Guggenheimer. Berlin, De Gruyter, 1999-2015 (CC BY)	0.9
Il'ai	slug:jewish:rabbi-ilai-(ii)	Rabbi Il'ai (II), amora	boy	רבי עילאי (2)	Rabbi Il'ai (II)	Aramaic	Jewish	Rabbinic	Jerusalem Talmud	Jerusalem Talmud Berakhot	Jerusalem Talmud Berakhot 1:6:7	https://www.sefaria.org/Jerusalem_Talmud_Berakhot.1.6.7	498	sage	personal	attested		Sefaria topics (CC BY-SA) + text: The Jerusalem Talmud, edition by Heinrich W. Guggenheimer. Berlin, De Gruyter, 1999-2015 (CC BY)	0.9
Abraham	Q9181	Abraham, patriarch	boy	אברהם	Abraham	Aramaic	Jewish	Rabbinic	Jerusalem Talmud	Jerusalem Talmud Berakhot	Jerusalem Talmud Berakhot 1:6:8	https://www.sefaria.org/Jerusalem_Talmud_Berakhot.1.6.8	49	human	personal	attested		Sefaria topics (CC BY-SA) + text: The Jerusalem Talmud, edition by Heinrich W. Guggenheimer. Berlin, De Gruyter, 1999-2015 (CC BY)	0.9
Sarah	Q194808	Sarah, Wife of Abraham	girl	שרה	Sarah	Aramaic	Jewish	Rabbinic	Jerusalem Talmud	Jerusalem Talmud Berakhot	Jerusalem Talmud Berakhot 1:6:9	https://www.sefaria.org/Jerusalem_Talmud_Berakhot.1.6.9	8	human	personal	attested		Sefaria topics (CC BY-SA) + text: The Jerusalem Talmud, edition by Heinrich W. Guggenheimer. Berlin, De Gruyter, 1999-2015 (CC BY)	0.9
Jacob	Q289957	Jacob (Israel), patriarch, son of Isaac	boy	יעקב	Jacob	Aramaic	Jewish	Rabbinic	Jerusalem Talmud	Jerusalem Talmud Berakhot	Jerusalem Talmud Berakhot 1:6:9	https://www.sefaria.org/Jerusalem_Talmud_Berakhot.1.6.9	59	human	personal	attested		Sefaria topics (CC BY-SA) + text: The Jerusalem Talmud, edition by Heinrich W. Guggenheimer. Berlin, De Gruyter, 1999-2015 (CC BY)	0.9
Ishmael	Q183403	Ishmael, son of Abraham and Hagar	boy	ישמעאל	Ishmael	Aramaic	Jewish	Rabbinic	Jerusalem Talmud	Jerusalem Talmud Berakhot	Jerusalem Talmud Berakhot 1:6:10	https://www.sefaria.org/Jerusalem_Talmud_Berakhot.1.6.10	8	human	personal	attested		Sefaria topics (CC BY-SA) + text: The Jerusalem Talmud, edition by Heinrich W. Guggenheimer. Berlin, De Gruyter, 1999-2015 (CC BY)	0.9
Josiah	Q313228	Josiah, King of Judah known for his religious reforms	boy	יאשיהו	Josiah	Aramaic	Jewish	Rabbinic	Jerusalem Talmud	Jerusalem Talmud Berakhot	Jerusalem Talmud Berakhot 1:6:10	https://www.sefaria.org/Jerusalem_Talmud_Berakhot.1.6.10	10	royal	personal	attested		Sefaria topics (CC BY-SA) + text: The Jerusalem Talmud, edition by Heinrich W. Guggenheimer. Berlin, De Gruyter, 1999-2015 (CC BY)	0.9
Isaac	Q671872	Isaac, son of Abraham	boy	יצחק	Isaac	Aramaic	Jewish	Rabbinic	Jerusalem Talmud	Jerusalem Talmud Berakhot	Jerusalem Talmud Berakhot 1:6:10	https://www.sefaria.org/Jerusalem_Talmud_Berakhot.1.6.10	22	human	personal	attested		Sefaria topics (CC BY-SA) + text: The Jerusalem Talmud, edition by Heinrich W. Guggenheimer. Berlin, De Gruyter, 1999-2015 (CC BY)	0.9
Uri	slug:jewish:rebbi-uri	Rebbi Uri		רִבִּי אוּרִי	Rebbi Uri	Aramaic	Jewish	Rabbinic	Jerusalem Talmud	Jerusalem Talmud Berakhot	Jerusalem Talmud Berakhot 2:1:6	https://www.sefaria.org/Jerusalem_Talmud_Berakhot.2.1.6	1	sage	personal	attested		Sefaria topics (CC BY-SA) + text: The Jerusalem Talmud, edition by Heinrich W. Guggenheimer. Berlin, De Gruyter, 1999-2015 (CC BY)	0.9
Sumkhos	slug:jewish:sumkhos	Sumkhos, tanna	boy	סומכוס	Sumkhos	Aramaic	Jewish	Rabbinic	Jerusalem Talmud	Jerusalem Talmud Berakhot	Jerusalem Talmud Berakhot 2:1:7	https://www.sefaria.org/Jerusalem_Talmud_Berakhot.2.1.7	21	sage	personal	attested		Sefaria topics (CC BY-SA) + text: The Jerusalem Talmud, edition by Heinrich W. Guggenheimer. Berlin, De Gruyter, 1999-2015 (CC BY)	0.9
Tavyome	slug:jewish:rebbi-tavyome	Rebbi Tavyome		רב טביומי	Rebbi Tavyome	Aramaic	Jewish	Rabbinic	Jerusalem Talmud	Jerusalem Talmud Berakhot	Jerusalem Talmud Berakhot 2:1:8	https://www.sefaria.org/Jerusalem_Talmud_Berakhot.2.1.8	1	sage	personal	attested		Sefaria topics (CC BY-SA) + text: The Jerusalem Talmud, edition by Heinrich W. Guggenheimer. Berlin, De Gruyter, 1999-2015 (CC BY)	0.9
Yose haGelili	Q982173	Rabbi Yose haGelili, Jewish sage 1st and 2nd centuries CE	boy	ר יוסי הגלילי	Rabbi Yose haGelili	Aramaic	Jewish	Rabbinic	Jerusalem Talmud	Jerusalem Talmud Berakhot	Jerusalem Talmud Berakhot 2:1:9	https://www.sefaria.org/Jerusalem_Talmud_Berakhot.2.1.9	65	sage	personal	attested		Sefaria topics (CC BY-SA) + text: The Jerusalem Talmud, edition by Heinrich W. Guggenheimer. Berlin, De Gruyter, 1999-2015 (CC BY)	0.9
Shimon	slug:jewish:rabbi-shimon-b-yehotsadak	Rabbi Shimon b. Yehotsadak		רבי שמעון בן יהוצדק	Rabbi Shimon b. Yehotsadak	Aramaic	Jewish	Rabbinic	Jerusalem Talmud	Jerusalem Talmud Berakhot	Jerusalem Talmud Berakhot 2:1:10	https://www.sefaria.org/Jerusalem_Talmud_Berakhot.2.1.10	28	sage	personal	attested		Sefaria topics (CC BY-SA) + text: The Jerusalem Talmud, edition by Heinrich W. Guggenheimer. Berlin, De Gruyter, 1999-2015 (CC BY)	0.9
Rabbah	Q2124894	Rabbah b. Rav Huna, Jewish Talmudist	boy	רבה בר רב הונא	Rabbah b. Rav Huna	Aramaic	Jewish	Rabbinic	Jerusalem Talmud	Jerusalem Talmud Berakhot	Jerusalem Talmud Berakhot 2:1:11	https://www.sefaria.org/Jerusalem_Talmud_Berakhot.2.1.11	8	sage	personal	attested		Sefaria topics (CC BY-SA) + text: The Jerusalem Talmud, edition by Heinrich W. Guggenheimer. Berlin, De Gruyter, 1999-2015 (CC BY)	0.9
Abun	slug:jewish:rebbi-abun-b-rebbi-hiyya	Rebbi Abun b. Rebbi Hiyya		רבי אבין בר חייא	Rebbi Abun b. Rebbi Hiyya	Aramaic	Jewish	Rabbinic	Jerusalem Talmud	Jerusalem Talmud Berakhot	Jerusalem Talmud Berakhot 2:1:12	https://www.sefaria.org/Jerusalem_Talmud_Berakhot.2.1.12	170	sage	personal	attested		Sefaria topics (CC BY-SA) + text: The Jerusalem Talmud, edition by Heinrich W. Guggenheimer. Berlin, De Gruyter, 1999-2015 (CC BY)	0.9
Mattaniah	slug:jewish:rebbi-mattaniah	Rebbi Mattaniah		רִבִּי מַתַּנְיָה	Rebbi Mattaniah	Aramaic	Jewish	Rabbinic	Jerusalem Talmud	Jerusalem Talmud Berakhot	Jerusalem Talmud Berakhot 2:1:12	https://www.sefaria.org/Jerusalem_Talmud_Berakhot.2.1.12	106	sage	personal	attested		Sefaria topics (CC BY-SA) + text: The Jerusalem Talmud, edition by Heinrich W. Guggenheimer. Berlin, De Gruyter, 1999-2015 (CC BY)	0.9
Abahu	Q305830	Rabbi Abahu, member of the third generation of Amoraim	boy	רַ' אַבָּהוּ	Rabbi Abahu	Aramaic	Jewish	Rabbinic	Jerusalem Talmud	Jerusalem Talmud Berakhot	Jerusalem Talmud Berakhot 2:1:13	https://www.sefaria.org/Jerusalem_Talmud_Berakhot.2.1.13	664	sage	personal	attested		Sefaria topics (CC BY-SA) + text: The Jerusalem Talmud, edition by Heinrich W. Guggenheimer. Berlin, De Gruyter, 1999-2015 (CC BY)	0.9
Shimon	slug:jewish:rabbi-shimon-b-abba	Rabbi Shimon b. Abba, amora	boy	ר שמעון בר ווא	Rabbi Shimon b. Abba	Aramaic	Jewish	Rabbinic	Jerusalem Talmud	Jerusalem Talmud Berakhot	Jerusalem Talmud Berakhot 2:1:14	https://www.sefaria.org/Jerusalem_Talmud_Berakhot.2.1.14	86	sage	personal	attested		Sefaria topics (CC BY-SA) + text: The Jerusalem Talmud, edition by Heinrich W. Guggenheimer. Berlin, De Gruyter, 1999-2015 (CC BY)	0.9
Ya'akov	slug:jewish:rabbi-yaakov-b-idi	Rabbi Ya'akov b. Idi	boy	רבי יעקב בר אידי	Rabbi Ya'akov b. Idi	Aramaic	Jewish	Rabbinic	Jerusalem Talmud	Jerusalem Talmud Berakhot	Jerusalem Talmud Berakhot 2:1:16	https://www.sefaria.org/Jerusalem_Talmud_Berakhot.2.1.16	85	sage	personal	attested		Sefaria topics (CC BY-SA) + text: The Jerusalem Talmud, edition by Heinrich W. Guggenheimer. Berlin, De Gruyter, 1999-2015 (CC BY)	0.9
Rabbah [b. Nachmani]	slug:jewish:rabbah-b-nachmani	Rabbah [b. Nachmani], amora	boy	רבה	Rabbah [b. Nachmani]	Aramaic	Jewish	Rabbinic	Jerusalem Talmud	Jerusalem Talmud Berakhot	Jerusalem Talmud Berakhot 2:1:16	https://www.sefaria.org/Jerusalem_Talmud_Berakhot.2.1.16	3	sage	personal	attested		Sefaria topics (CC BY-SA) + text: The Jerusalem Talmud, edition by Heinrich W. Guggenheimer. Berlin, De Gruyter, 1999-2015 (CC BY)	0.9
Levi	slug:jewish:levi-b-the-nazir	Levi b. the Nazir		לֵוִי בַּר נְזִירָא	Levi b. the Nazir	Aramaic	Jewish	Rabbinic	Jerusalem Talmud	Jerusalem Talmud Berakhot	Jerusalem Talmud Berakhot 2:1:17	https://www.sefaria.org/Jerusalem_Talmud_Berakhot.2.1.17	1	sage	personal	attested		Sefaria topics (CC BY-SA) + text: The Jerusalem Talmud, edition by Heinrich W. Guggenheimer. Berlin, De Gruyter, 1999-2015 (CC BY)	0.9
Yehoshua	slug:jewish:rabbi-yehoshua-b-korha	Rabbi Yehoshua b. Korha, tanna	boy	רבי יהושע בן קרחה	Rabbi Yehoshua b. Korha	Aramaic	Jewish	Rabbinic	Jerusalem Talmud	Jerusalem Talmud Berakhot	Jerusalem Talmud Berakhot 2:3:1	https://www.sefaria.org/Jerusalem_Talmud_Berakhot.2.3.1	22	sage	personal	attested		Sefaria topics (CC BY-SA) + text: The Jerusalem Talmud, edition by Heinrich W. Guggenheimer. Berlin, De Gruyter, 1999-2015 (CC BY)	0.9
Yannai	slug:jewish:rabbi-yannai	Rabbi Yannai, amora	boy	רבי ינאי	Rabbi Yannai	Aramaic	Jewish	Rabbinic	Jerusalem Talmud	Jerusalem Talmud Berakhot	Jerusalem Talmud Berakhot 2:3:3	https://www.sefaria.org/Jerusalem_Talmud_Berakhot.2.3.3	291	sage	personal	attested		Sefaria topics (CC BY-SA) + text: The Jerusalem Talmud, edition by Heinrich W. Guggenheimer. Berlin, De Gruyter, 1999-2015 (CC BY)	0.9
Yochanan	Q733660	Rabban Yochanan ben Zakkai, 1st-century rabbi and an important Jewish sage	boy	רבן יוחנן בן זכאי	Rabban Yochanan ben Zakkai	Aramaic	Jewish	Rabbinic	Jerusalem Talmud	Jerusalem Talmud Berakhot	Jerusalem Talmud Berakhot 2:3:5	https://www.sefaria.org/Jerusalem_Talmud_Berakhot.2.3.5	43	sage	personal	attested		Sefaria topics (CC BY-SA) + text: The Jerusalem Talmud, edition by Heinrich W. Guggenheimer. Berlin, De Gruyter, 1999-2015 (CC BY)	0.9
Joseph	Q145746	Joseph, son of Jacob	boy	יוסף	Joseph	Aramaic	Jewish	Rabbinic	Jerusalem Talmud	Jerusalem Talmud Berakhot	Jerusalem Talmud Berakhot 2:3:6	https://www.sefaria.org/Jerusalem_Talmud_Berakhot.2.3.6	20	human	personal	attested		Sefaria topics (CC BY-SA) + text: The Jerusalem Talmud, edition by Heinrich W. Guggenheimer. Berlin, De Gruyter, 1999-2015 (CC BY)	0.9
Jonah	Q2468262	Jonah, prophet	boy	יונה הנביא	Jonah	Aramaic	Jewish	Rabbinic	Jerusalem Talmud	Jerusalem Talmud Berakhot	Jerusalem Talmud Berakhot 2:3:9	https://www.sefaria.org/Jerusalem_Talmud_Berakhot.2.3.9	10	prophet	personal	attested		Sefaria topics (CC BY-SA) + text: The Jerusalem Talmud, edition by Heinrich W. Guggenheimer. Berlin, De Gruyter, 1999-2015 (CC BY)	0.9
Mikhal	Q1341397	Michal, Daughter of Saul	girl	מיכל	Mikhal	Aramaic	Jewish	Rabbinic	Jerusalem Talmud	Jerusalem Talmud Berakhot	Jerusalem Talmud Berakhot 2:3:9	https://www.sefaria.org/Jerusalem_Talmud_Berakhot.2.3.9	6	human	personal	attested		Sefaria topics (CC BY-SA) + text: The Jerusalem Talmud, edition by Heinrich W. Guggenheimer. Berlin, De Gruyter, 1999-2015 (CC BY)	0.9
Ammi	slug:jewish:rebbi-ammi-the-physician	Rebbi Ammi the physician		רִבִּי אַמִּי אַסְיָא	Rebbi Ammi the physician	Aramaic	Jewish	Rabbinic	Jerusalem Talmud	Jerusalem Talmud Berakhot	Jerusalem Talmud Berakhot 2:3:11	https://www.sefaria.org/Jerusalem_Talmud_Berakhot.2.3.11	1	sage	personal	attested		Sefaria topics (CC BY-SA) + text: The Jerusalem Talmud, edition by Heinrich W. Guggenheimer. Berlin, De Gruyter, 1999-2015 (CC BY)	0.9
Elisha	slug:jewish:elisha-the-master-of-the-wings	Elisha the Master of the Wings		אלישע בעל כנפים	Elisha the Master of the Wings	Aramaic	Jewish	Rabbinic	Jerusalem Talmud	Jerusalem Talmud Berakhot	Jerusalem Talmud Berakhot 2:3:14	https://www.sefaria.org/Jerusalem_Talmud_Berakhot.2.3.14	1	sage	personal	attested		Sefaria topics (CC BY-SA) + text: The Jerusalem Talmud, edition by Heinrich W. Guggenheimer. Berlin, De Gruyter, 1999-2015 (CC BY)	0.85
Elisha	Q206238	Elisha, prophet, successor of Elijah	boy	אלישע	Elisha	Aramaic	Jewish	Rabbinic	Jerusalem Talmud	Jerusalem Talmud Berakhot	Jerusalem Talmud Berakhot 2:3:14	https://www.sefaria.org/Jerusalem_Talmud_Berakhot.2.3.14	14	prophet	personal	attested		Sefaria topics (CC BY-SA) + text: The Jerusalem Talmud, edition by Heinrich W. Guggenheimer. Berlin, De Gruyter, 1999-2015 (CC BY)	0.9
Ya'akov	slug:jewish:rabbi-yaakov-b-acha	Rabbi Ya'akov b. Acha		ר יעקב בר אחא	Rabbi Ya'akov b. Acha	Aramaic	Jewish	Rabbinic	Jerusalem Talmud	Jerusalem Talmud Berakhot	Jerusalem Talmud Berakhot 2:3:14	https://www.sefaria.org/Jerusalem_Talmud_Berakhot.2.3.14	357	sage	personal	attested		Sefaria topics (CC BY-SA) + text: The Jerusalem Talmud, edition by Heinrich W. Guggenheimer. Berlin, De Gruyter, 1999-2015 (CC BY)	0.9
Yonatan	Q449288	Rabbi Yonatan, tanna	boy	רבי יונתן	Rabbi Yonatan	Aramaic	Jewish	Rabbinic	Jerusalem Talmud	Jerusalem Talmud Berakhot	Jerusalem Talmud Berakhot 2:3:15	https://www.sefaria.org/Jerusalem_Talmud_Berakhot.2.3.15	172	sage	personal	attested		Sefaria topics (CC BY-SA) + text: The Jerusalem Talmud, edition by Heinrich W. Guggenheimer. Berlin, De Gruyter, 1999-2015 (CC BY)	0.9
Shimon	slug:jewish:rabbi-shimon-b-rabbi	Rabbi Shimon b. Rabbi	boy	רבי שמעון בן רבי	Rabbi Shimon b. Rabbi	Aramaic	Jewish	Rabbinic	Jerusalem Talmud	Jerusalem Talmud Berakhot	Jerusalem Talmud Berakhot 2:3:17	https://www.sefaria.org/Jerusalem_Talmud_Berakhot.2.3.17	23	sage	personal	attested		Sefaria topics (CC BY-SA) + text: The Jerusalem Talmud, edition by Heinrich W. Guggenheimer. Berlin, De Gruyter, 1999-2015 (CC BY)	0.9
Pappi	slug:jewish:rav-pappi	Rav Pappi, amora	boy	רב פפי	Rav Pappi	Aramaic	Jewish	Rabbinic	Jerusalem Talmud	Jerusalem Talmud Berakhot	Jerusalem Talmud Berakhot 2:3:17	https://www.sefaria.org/Jerusalem_Talmud_Berakhot.2.3.17	6	sage	personal	attested		Sefaria topics (CC BY-SA) + text: The Jerusalem Talmud, edition by Heinrich W. Guggenheimer. Berlin, De Gruyter, 1999-2015 (CC BY)	0.9
Alexandri	slug:jewish:rabbi-alexandri	Rabbi Alexandri		רבי אלכסנדרי	Rabbi Alexandri	Aramaic	Jewish	Rabbinic	Jerusalem Talmud	Jerusalem Talmud Berakhot	Jerusalem Talmud Berakhot 2:3:18	https://www.sefaria.org/Jerusalem_Talmud_Berakhot.2.3.18	8	sage	personal	attested		Sefaria topics (CC BY-SA) + text: The Jerusalem Talmud, edition by Heinrich W. Guggenheimer. Berlin, De Gruyter, 1999-2015 (CC BY)	0.9
Samuel	slug:jewish:samuel-b-hanina	Samuel b. Hanina		שְׁמוּאֵל בַּר חֲנִינָה	Samuel b. Hanina	Aramaic	Jewish	Rabbinic	Jerusalem Talmud	Jerusalem Talmud Berakhot	Jerusalem Talmud Berakhot 2:4:6	https://www.sefaria.org/Jerusalem_Talmud_Berakhot.2.4.6	3	sage	personal	attested		Sefaria topics (CC BY-SA) + text: The Jerusalem Talmud, edition by Heinrich W. Guggenheimer. Berlin, De Gruyter, 1999-2015 (CC BY)	0.9
Oshaya	Q1630319	Rabbi Oshaya, early 3rd century Judean Jewish Amora	boy	רבי אושעיא	Rabbi Oshaya	Aramaic	Jewish	Rabbinic	Jerusalem Talmud	Jerusalem Talmud Berakhot	Jerusalem Talmud Berakhot 2:4:6	https://www.sefaria.org/Jerusalem_Talmud_Berakhot.2.4.6	348	sage	personal	attested		Sefaria topics (CC BY-SA) + text: The Jerusalem Talmud, edition by Heinrich W. Guggenheimer. Berlin, De Gruyter, 1999-2015 (CC BY)	0.9
Haggai	slug:jewish:rabbi-haggai	Rabbi Haggai	boy	רבי חגי	Rabbi Haggai	Aramaic	Jewish	Rabbinic	Jerusalem Talmud	Jerusalem Talmud Berakhot	Jerusalem Talmud Berakhot 2:4:6	https://www.sefaria.org/Jerusalem_Talmud_Berakhot.2.4.6	202	sage	personal	attested		Sefaria topics (CC BY-SA) + text: The Jerusalem Talmud, edition by Heinrich W. Guggenheimer. Berlin, De Gruyter, 1999-2015 (CC BY)	0.9
Nahman	slug:jewish:rav-nahman-b-adda	Rav Nahman b. Adda		רב נחמן בר אדא	Rav Nahman b. Adda	Aramaic	Jewish	Rabbinic	Jerusalem Talmud	Jerusalem Talmud Berakhot	Jerusalem Talmud Berakhot 2:4:7	https://www.sefaria.org/Jerusalem_Talmud_Berakhot.2.4.7	2	sage	personal	attested		Sefaria topics (CC BY-SA) + text: The Jerusalem Talmud, edition by Heinrich W. Guggenheimer. Berlin, De Gruyter, 1999-2015 (CC BY)	0.9
Magog	Q1964706	Magog, Son of Japheth	boy	מגוג	Magog	Aramaic	Jewish	Rabbinic	Jerusalem Talmud	Jerusalem Talmud Berakhot	Jerusalem Talmud Berakhot 2:4:8	https://www.sefaria.org/Jerusalem_Talmud_Berakhot.2.4.8	3	human	personal	attested		Sefaria topics (CC BY-SA) + text: The Jerusalem Talmud, edition by Heinrich W. Guggenheimer. Berlin, De Gruyter, 1999-2015 (CC BY)	0.9
Yudan	slug:jewish:rebbi-yudan-b-rebbi-aivu	Rebbi Yudan b. Rebbi Aivu		רִבִּי יוּדַן בְּרֵיהּ דְּרִבִּי אַייְבוּ	Rebbi Yudan b. Rebbi Aivu	Aramaic	Jewish	Rabbinic	Jerusalem Talmud	Jerusalem Talmud Berakhot	Jerusalem Talmud Berakhot 2:4:12	https://www.sefaria.org/Jerusalem_Talmud_Berakhot.2.4.12	2	sage	personal	attested		Sefaria topics (CC BY-SA) + text: The Jerusalem Talmud, edition by Heinrich W. Guggenheimer. Berlin, De Gruyter, 1999-2015 (CC BY)	0.9
Jesse	Q1688133	Jesse, Father of King David	boy	ישי	Jesse	Aramaic	Jewish	Rabbinic	Jerusalem Talmud	Jerusalem Talmud Berakhot	Jerusalem Talmud Berakhot 2:4:12	https://www.sefaria.org/Jerusalem_Talmud_Berakhot.2.4.12	2	human	personal	attested		Sefaria topics (CC BY-SA) + text: The Jerusalem Talmud, edition by Heinrich W. Guggenheimer. Berlin, De Gruyter, 1999-2015 (CC BY)	0.9
Shmuel	slug:jewish:rabbi-shmuel-b-yitzhak	Rabbi Shmuel b. Yitzhak, amora	boy	רב שמואל בר יצחק	Rabbi Shmuel b. Yitzhak	Aramaic	Jewish	Rabbinic	Jerusalem Talmud	Jerusalem Talmud Berakhot	Jerusalem Talmud Berakhot 2:5:7	https://www.sefaria.org/Jerusalem_Talmud_Berakhot.2.5.7	192	sage	personal	attested		Sefaria topics (CC BY-SA) + text: The Jerusalem Talmud, edition by Heinrich W. Guggenheimer. Berlin, De Gruyter, 1999-2015 (CC BY)	0.9
Hillel	slug:jewish:rebbi-hillel	Rebbi Hillel		רִבִּי הִלֵּל	Rebbi Hillel	Aramaic	Jewish	Rabbinic	Jerusalem Talmud	Jerusalem Talmud Berakhot	Jerusalem Talmud Berakhot 2:5:7	https://www.sefaria.org/Jerusalem_Talmud_Berakhot.2.5.7	33	sage	personal	attested		Sefaria topics (CC BY-SA) + text: The Jerusalem Talmud, edition by Heinrich W. Guggenheimer. Berlin, De Gruyter, 1999-2015 (CC BY)	0.9
Benjamin	slug:jewish:benjamin-from-ginzak	Benjamin from Ginzak		בִּנְיָמִן גִּנְזַכַּיּיָה	Benjamin from Ginzak	Aramaic	Jewish	Rabbinic	Jerusalem Talmud	Jerusalem Talmud Berakhot	Jerusalem Talmud Berakhot 2:6:4	https://www.sefaria.org/Jerusalem_Talmud_Berakhot.2.6.4	1	sage	personal	attested		Sefaria topics (CC BY-SA) + text: The Jerusalem Talmud, edition by Heinrich W. Guggenheimer. Berlin, De Gruyter, 1999-2015 (CC BY)	0.9
Benjamin	Q460763	Benjamin, Youngest son of Jacob and Rachel	boy	בנימין	Benjamin	Aramaic	Jewish	Rabbinic	Jerusalem Talmud	Jerusalem Talmud Berakhot	Jerusalem Talmud Berakhot 2:6:4	https://www.sefaria.org/Jerusalem_Talmud_Berakhot.2.6.4	22	human	personal	attested		Sefaria topics (CC BY-SA) + text: The Jerusalem Talmud, edition by Heinrich W. Guggenheimer. Berlin, De Gruyter, 1999-2015 (CC BY)	0.9
Yoshiah	slug:jewish:rabbi-yoshiah	Rabbi Yoshiah, tanna	boy	רבי יאשיה	Rabbi Yoshiah	Aramaic	Jewish	Rabbinic	Jerusalem Talmud	Jerusalem Talmud Berakhot	Jerusalem Talmud Berakhot 2:6:5	https://www.sefaria.org/Jerusalem_Talmud_Berakhot.2.6.5	57	sage	personal	attested		Sefaria topics (CC BY-SA) + text: The Jerusalem Talmud, edition by Heinrich W. Guggenheimer. Berlin, De Gruyter, 1999-2015 (CC BY)	0.9
Hama	slug:jewish:rebbi-hama-the-father-of-rebbi-hoshaia	Rebbi Hama the father of Rebbi Hoshaia		רִבִּי חָמָא אָבוֹי דְּרִבִּי הוֹשַׁעְיָה	Rebbi Hama the father of Rebbi Hoshaia	Aramaic	Jewish	Rabbinic	Jerusalem Talmud	Jerusalem Talmud Berakhot	Jerusalem Talmud Berakhot 2:7:2	https://www.sefaria.org/Jerusalem_Talmud_Berakhot.2.7.2	10	sage	personal	attested		Sefaria topics (CC BY-SA) + text: The Jerusalem Talmud, edition by Heinrich W. Guggenheimer. Berlin, De Gruyter, 1999-2015 (CC BY)	0.9
Shmuel	slug:jewish:rav-shmuel-b-abba	Rav Shmuel b. Abba		רב שמואל בר אבא	Rav Shmuel b. Abba	Aramaic	Jewish	Rabbinic	Jerusalem Talmud	Jerusalem Talmud Berakhot	Jerusalem Talmud Berakhot 2:7:4	https://www.sefaria.org/Jerusalem_Talmud_Berakhot.2.7.4	41	sage	personal	attested		Sefaria topics (CC BY-SA) + text: The Jerusalem Talmud, edition by Heinrich W. Guggenheimer. Berlin, De Gruyter, 1999-2015 (CC BY)	0.9
Yose	slug:jewish:rabbi-yose-b-chanina	Rabbi Yose b. Chanina		ר יוסי בר חנינא	Rabbi Yose b. Chanina	Aramaic	Jewish	Rabbinic	Jerusalem Talmud	Jerusalem Talmud Berakhot	Jerusalem Talmud Berakhot 2:7:5	https://www.sefaria.org/Jerusalem_Talmud_Berakhot.2.7.5	223	sage	personal	attested		Sefaria topics (CC BY-SA) + text: The Jerusalem Talmud, edition by Heinrich W. Guggenheimer. Berlin, De Gruyter, 1999-2015 (CC BY)	0.9
Chiya	slug:jewish:rav-chiya-b-adda	Rav Chiya b. Adda		רב חייא בר אדא	Rav Chiya b. Adda	Aramaic	Jewish	Rabbinic	Jerusalem Talmud	Jerusalem Talmud Berakhot	Jerusalem Talmud Berakhot 2:8:4	https://www.sefaria.org/Jerusalem_Talmud_Berakhot.2.8.4	68	sage	personal	attested		Sefaria topics (CC BY-SA) + text: The Jerusalem Talmud, edition by Heinrich W. Guggenheimer. Berlin, De Gruyter, 1999-2015 (CC BY)	0.9
Yitro	Q62788	Jethro, Moses' father-in-law	boy	יתרו	Yitro	Aramaic	Jewish	Rabbinic	Jerusalem Talmud	Jerusalem Talmud Berakhot	Jerusalem Talmud Berakhot 2:8:4	https://www.sefaria.org/Jerusalem_Talmud_Berakhot.2.8.4	3	human	personal	attested		Sefaria topics (CC BY-SA) + text: The Jerusalem Talmud, edition by Heinrich W. Guggenheimer. Berlin, De Gruyter, 1999-2015 (CC BY)	0.9
Rahab	Q1135632	Rahab, A Canaanite woman who helped the Israelite spies in Jericho	girl	רחב	Rahab	Aramaic	Jewish	Rabbinic	Jerusalem Talmud	Jerusalem Talmud Berakhot	Jerusalem Talmud Berakhot 2:8:4	https://www.sefaria.org/Jerusalem_Talmud_Berakhot.2.8.4	4	human	personal	attested		Sefaria topics (CC BY-SA) + text: The Jerusalem Talmud, edition by Heinrich W. Guggenheimer. Berlin, De Gruyter, 1999-2015 (CC BY)	0.9
Simeon	slug:jewish:rebbi-simeon-b-zevida	Rebbi Simeon b. Zevida		רבי סימון בר זביד	Rebbi Simeon b. Zevida	Aramaic	Jewish	Rabbinic	Jerusalem Talmud	Jerusalem Talmud Berakhot	Jerusalem Talmud Berakhot 2:8:7	https://www.sefaria.org/Jerusalem_Talmud_Berakhot.2.8.7	16	sage	personal	attested		Sefaria topics (CC BY-SA) + text: The Jerusalem Talmud, edition by Heinrich W. Guggenheimer. Berlin, De Gruyter, 1999-2015 (CC BY)	0.9
Jehudah	slug:jewish:jehudah-b-pappos	Jehudah b. Pappos		יְהוּדָה בֶן פַּפּוֹס	Jehudah b. Pappos	Aramaic	Jewish	Rabbinic	Jerusalem Talmud	Jerusalem Talmud Berakhot	Jerusalem Talmud Berakhot 2:9:3	https://www.sefaria.org/Jerusalem_Talmud_Berakhot.2.9.3	4	sage	personal	attested		Sefaria topics (CC BY-SA) + text: The Jerusalem Talmud, edition by Heinrich W. Guggenheimer. Berlin, De Gruyter, 1999-2015 (CC BY)	0.9
Crispus	slug:jewish:rebbi-crispus	Rebbi Crispus		רִבִּי קְרִיסְפָּא	Rebbi Crispus	Aramaic	Jewish	Rabbinic	Jerusalem Talmud	Jerusalem Talmud Berakhot	Jerusalem Talmud Berakhot 3:1:9	https://www.sefaria.org/Jerusalem_Talmud_Berakhot.3.1.9	27	sage	personal	attested		Sefaria topics (CC BY-SA) + text: The Jerusalem Talmud, edition by Heinrich W. Guggenheimer. Berlin, De Gruyter, 1999-2015 (CC BY)	0.9
Isaac	slug:jewish:rebbi-isaac-b-rebbi-hiyya-the-scribe1	Rebbi Isaac b. Rebbi Hiyya the scribe		רִבִּי יִצְחָק בְּרֵיהּ דְּרִבִּי חִייָה כְתוֹבָה	Rebbi Isaac b. Rebbi Hiyya the scribe	Aramaic	Jewish	Rabbinic	Jerusalem Talmud	Jerusalem Talmud Berakhot	Jerusalem Talmud Berakhot 3:1:13	https://www.sefaria.org/Jerusalem_Talmud_Berakhot.3.1.13	6	sage	personal	attested		Sefaria topics (CC BY-SA) + text: The Jerusalem Talmud, edition by Heinrich W. Guggenheimer. Berlin, De Gruyter, 1999-2015 (CC BY)	0.9
Kohen	slug:jewish:rabbi-kohen	Rabbi Kohen, amora	boy	רבי כהן	Rabbi Kohen	Aramaic	Jewish	Rabbinic	Jerusalem Talmud	Jerusalem Talmud Berakhot	Jerusalem Talmud Berakhot 3:1:17	https://www.sefaria.org/Jerusalem_Talmud_Berakhot.3.1.17	13	sage	personal	attested		Sefaria topics (CC BY-SA) + text: The Jerusalem Talmud, edition by Heinrich W. Guggenheimer. Berlin, De Gruyter, 1999-2015 (CC BY)	0.9
Joseph	slug:jewish:joseph-the-priest	Joseph the Priest		יוסף הכהן	Joseph the Priest	Aramaic	Jewish	Rabbinic	Jerusalem Talmud	Jerusalem Talmud Berakhot	Jerusalem Talmud Berakhot 3:1:18	https://www.sefaria.org/Jerusalem_Talmud_Berakhot.3.1.18	3	sage	personal	attested		Sefaria topics (CC BY-SA) + text: The Jerusalem Talmud, edition by Heinrich W. Guggenheimer. Berlin, De Gruyter, 1999-2015 (CC BY)	0.9
Tyre	slug:jewish:tyre	Tyre		צור	Tyre	Aramaic	Jewish	Rabbinic	Jerusalem Talmud	Jerusalem Talmud Berakhot	Jerusalem Talmud Berakhot 3:1:21	https://www.sefaria.org/Jerusalem_Talmud_Berakhot.3.1.21	34	human	personal	attested		Sefaria topics (CC BY-SA) + text: The Jerusalem Talmud, edition by Heinrich W. Guggenheimer. Berlin, De Gruyter, 1999-2015 (CC BY)	0.9
Rabi	Q380427	Rabi, 2nd century rabbi and editor of the Mishnah	boy	רבי	Rabi	Aramaic	Jewish	Rabbinic	Jerusalem Talmud	Jerusalem Talmud Berakhot	Jerusalem Talmud Berakhot 3:1:22	https://www.sefaria.org/Jerusalem_Talmud_Berakhot.3.1.22	32	sage	personal	attested		Sefaria topics (CC BY-SA) + text: The Jerusalem Talmud, edition by Heinrich W. Guggenheimer. Berlin, De Gruyter, 1999-2015 (CC BY)	0.9
Yehudah Nesi'a	Q1529450	Rabbi Yehudah Nesi'a (I), Rabbi and Prince of the Sanhedrin.	boy	רבי יהודה נשיאה (1)	Rabbi Yehudah Nesi'a (I)	Aramaic	Jewish	Rabbinic	Jerusalem Talmud	Jerusalem Talmud Berakhot	Jerusalem Talmud Berakhot 3:1:22	https://www.sefaria.org/Jerusalem_Talmud_Berakhot.3.1.22	2	sage	personal	attested		Sefaria topics (CC BY-SA) + text: The Jerusalem Talmud, edition by Heinrich W. Guggenheimer. Berlin, De Gruyter, 1999-2015 (CC BY)	0.9
Nasa	slug:jewish:rebbi-nasa	Rebbi Nasa		רִבִּי נָסָא	Rebbi Nasa	Aramaic	Jewish	Rabbinic	Jerusalem Talmud	Jerusalem Talmud Berakhot	Jerusalem Talmud Berakhot 3:1:22	https://www.sefaria.org/Jerusalem_Talmud_Berakhot.3.1.22	32	sage	personal	attested		Sefaria topics (CC BY-SA) + text: The Jerusalem Talmud, edition by Heinrich W. Guggenheimer. Berlin, De Gruyter, 1999-2015 (CC BY)	0.9
Samuel	slug:jewish:rebbi-samuel-b-eudaimon	Rebbi Samuel b. Eudaimon		רִבִּי שְׁמוּאֵל בַּר אֶבְדַּוּמִי	Rebbi Samuel b. Eudaimon	Aramaic	Jewish	Rabbinic	Jerusalem Talmud	Jerusalem Talmud Berakhot	Jerusalem Talmud Berakhot 3:2:4	https://www.sefaria.org/Jerusalem_Talmud_Berakhot.3.2.4	17	sage	personal	attested		Sefaria topics (CC BY-SA) + text: The Jerusalem Talmud, edition by Heinrich W. Guggenheimer. Berlin, De Gruyter, 1999-2015 (CC BY)	0.9
Jacob	slug:jewish:rebbi-jacob-the-southerner	Rebbi Jacob the Southerner		רִבִּי יַעֲקֹב דְּרוֹמִייָה	Rebbi Jacob the Southerner	Aramaic	Jewish	Rabbinic	Jerusalem Talmud	Jerusalem Talmud Berakhot	Jerusalem Talmud Berakhot 3:3:10	https://www.sefaria.org/Jerusalem_Talmud_Berakhot.3.3.10	15	sage	personal	attested		Sefaria topics (CC BY-SA) + text: The Jerusalem Talmud, edition by Heinrich W. Guggenheimer. Berlin, De Gruyter, 1999-2015 (CC BY)	0.9
Tanchum	slug:jewish:rabbi-tanchum-b-chiya	Rabbi Tanchum b. Chiya		רבי תנחום בר חייא	Rabbi Tanchum b. Chiya	Aramaic	Jewish	Rabbinic	Jerusalem Talmud	Jerusalem Talmud Berakhot	Jerusalem Talmud Berakhot 3:4:9	https://www.sefaria.org/Jerusalem_Talmud_Berakhot.3.4.9	23	sage	personal	attested		Sefaria topics (CC BY-SA) + text: The Jerusalem Talmud, edition by Heinrich W. Guggenheimer. Berlin, De Gruyter, 1999-2015 (CC BY)	0.9
Judah	slug:jewish:rebbi-judah-b-titus	Rebbi Judah b. Titus		רִבִּי יוּדָה בַּר טִיטֹס	Rebbi Judah b. Titus	Aramaic	Jewish	Rabbinic	Jerusalem Talmud	Jerusalem Talmud Berakhot	Jerusalem Talmud Berakhot 3:4:11	https://www.sefaria.org/Jerusalem_Talmud_Berakhot.3.4.11	5	sage	personal	attested		Sefaria topics (CC BY-SA) + text: The Jerusalem Talmud, edition by Heinrich W. Guggenheimer. Berlin, De Gruyter, 1999-2015 (CC BY)	0.9
Yehudah	Q2902564	Rabbi Yehudah b. Betera (I), Mishnah rabbi	boy	רבי יהודה בן בתירא	Rabbi Yehudah b. Betera (I)	Aramaic	Jewish	Rabbinic	Jerusalem Talmud	Jerusalem Talmud Berakhot	Jerusalem Talmud Berakhot 3:4:13	https://www.sefaria.org/Jerusalem_Talmud_Berakhot.3.4.13	47	sage	personal	attested		Sefaria topics (CC BY-SA) + text: The Jerusalem Talmud, edition by Heinrich W. Guggenheimer. Berlin, De Gruyter, 1999-2015 (CC BY)	0.9
Yose	slug:jewish:rebbi-yose-b-yose	Rebbi Yose b. Yose		רִבִּי יוֹסֵי בֶן יוֹסֵי	Rebbi Yose b. Yose	Aramaic	Jewish	Rabbinic	Jerusalem Talmud	Jerusalem Talmud Berakhot	Jerusalem Talmud Berakhot 3:4:15	https://www.sefaria.org/Jerusalem_Talmud_Berakhot.3.4.15	6	sage	personal	attested		Sefaria topics (CC BY-SA) + text: The Jerusalem Talmud, edition by Heinrich W. Guggenheimer. Berlin, De Gruyter, 1999-2015 (CC BY)	0.9
Shammai	slug:jewish:rebbi-shammai	Rebbi Shammai		רִבִּי שַׁמַּיי	Rebbi Shammai	Aramaic	Jewish	Rabbinic	Jerusalem Talmud	Jerusalem Talmud Berakhot	Jerusalem Talmud Berakhot 3:5:6	https://www.sefaria.org/Jerusalem_Talmud_Berakhot.3.5.6	64	sage	personal	attested		Sefaria topics (CC BY-SA) + text: The Jerusalem Talmud, edition by Heinrich W. Guggenheimer. Berlin, De Gruyter, 1999-2015 (CC BY)	0.9
Ravina	slug:jewish:ravina-(i)	Ravina (I), amora	boy	רבינא (1)	Ravina (I)	Aramaic	Jewish	Rabbinic	Jerusalem Talmud	Jerusalem Talmud Berakhot	Jerusalem Talmud Berakhot 3:5:6	https://www.sefaria.org/Jerusalem_Talmud_Berakhot.3.5.6	39	sage	personal	attested		Sefaria topics (CC BY-SA) + text: The Jerusalem Talmud, edition by Heinrich W. Guggenheimer. Berlin, De Gruyter, 1999-2015 (CC BY)	0.9
Zakkai	slug:jewish:rabbi-zakkai	Rabbi Zakkai		רבי זכאי	Rabbi Zakkai	Aramaic	Jewish	Rabbinic	Jerusalem Talmud	Jerusalem Talmud Berakhot	Jerusalem Talmud Berakhot 3:5:10	https://www.sefaria.org/Jerusalem_Talmud_Berakhot.3.5.10	12	sage	personal	attested		Sefaria topics (CC BY-SA) + text: The Jerusalem Talmud, edition by Heinrich W. Guggenheimer. Berlin, De Gruyter, 1999-2015 (CC BY)	0.9
Hanina Tortayya	slug:jewish:rebbi-hanina-tortayya	Rebbi Hanina Tortayya		רִבִּי חֲנִינָה תִּירְתָא	Rebbi Hanina Tortayya	Aramaic	Jewish	Rabbinic	Jerusalem Talmud	Jerusalem Talmud Berakhot	Jerusalem Talmud Berakhot 3:5:10	https://www.sefaria.org/Jerusalem_Talmud_Berakhot.3.5.10	3	sage	personal	attested		Sefaria topics (CC BY-SA) + text: The Jerusalem Talmud, edition by Heinrich W. Guggenheimer. Berlin, De Gruyter, 1999-2015 (CC BY)	0.9
Benjamin	slug:jewish:rebbi-benjamin-bar-jephet	Rebbi Benjamin bar Jephet		רבי בנימין בר יפת	Rebbi Benjamin bar Jephet	Aramaic	Jewish	Rabbinic	Jerusalem Talmud	Jerusalem Talmud Berakhot	Jerusalem Talmud Berakhot 3:5:11	https://www.sefaria.org/Jerusalem_Talmud_Berakhot.3.5.11	4	sage	personal	attested		Sefaria topics (CC BY-SA) + text: The Jerusalem Talmud, edition by Heinrich W. Guggenheimer. Berlin, De Gruyter, 1999-2015 (CC BY)	0.9
Samuel	slug:jewish:rebbi-samuel-b-halaphta	Rebbi Samuel b. Halaphta		רִבִּי שְׁמוּאֵל בַּר חֲלַפְתָּא	Rebbi Samuel b. Halaphta	Aramaic	Jewish	Rabbinic	Jerusalem Talmud	Jerusalem Talmud Berakhot	Jerusalem Talmud Berakhot 3:5:17	https://www.sefaria.org/Jerusalem_Talmud_Berakhot.3.5.17	2	sage	personal	attested		Sefaria topics (CC BY-SA) + text: The Jerusalem Talmud, edition by Heinrich W. Guggenheimer. Berlin, De Gruyter, 1999-2015 (CC BY)	0.9
Geniva	slug:jewish:geniva	Geniva	boy	גניבא	Geniva	Aramaic	Jewish	Rabbinic	Jerusalem Talmud	Jerusalem Talmud Berakhot	Jerusalem Talmud Berakhot 3:5:19	https://www.sefaria.org/Jerusalem_Talmud_Berakhot.3.5.19	2	sage	personal	attested		Sefaria topics (CC BY-SA) + text: The Jerusalem Talmud, edition by Heinrich W. Guggenheimer. Berlin, De Gruyter, 1999-2015 (CC BY)	0.9
Daniel	Q171724	Daniel, Prophet in Babylon	boy	דניאל	Daniel	Aramaic	Jewish	Rabbinic	Jerusalem Talmud	Jerusalem Talmud Berakhot	Jerusalem Talmud Berakhot 4:1:3	https://www.sefaria.org/Jerusalem_Talmud_Berakhot.4.1.3	15	prophet	personal	attested		Sefaria topics (CC BY-SA) + text: The Jerusalem Talmud, edition by Heinrich W. Guggenheimer. Berlin, De Gruyter, 1999-2015 (CC BY)	0.9
Hannah	Q2346367	Hannah, The mother of the prophet Samuel	girl	חנה	Hannah	Aramaic	Jewish	Rabbinic	Jerusalem Talmud	Jerusalem Talmud Berakhot	Jerusalem Talmud Berakhot 4:1:4	https://www.sefaria.org/Jerusalem_Talmud_Berakhot.4.1.4	9	human	personal	attested		Sefaria topics (CC BY-SA) + text: The Jerusalem Talmud, edition by Heinrich W. Guggenheimer. Berlin, De Gruyter, 1999-2015 (CC BY)	0.9
Eli	Q362021	Eli, High priest and judge of Israel at Shiloh	boy	עלי	Eli	Aramaic	Jewish	Rabbinic	Jerusalem Talmud	Jerusalem Talmud Berakhot	Jerusalem Talmud Berakhot 4:1:4	https://www.sefaria.org/Jerusalem_Talmud_Berakhot.4.1.4	11	human	personal	attested		Sefaria topics (CC BY-SA) + text: The Jerusalem Talmud, edition by Heinrich W. Guggenheimer. Berlin, De Gruyter, 1999-2015 (CC BY)	0.9
Pinchas	Q128063	Phinehas, Aaron's grandson	boy	פינחס	Pinchas	Aramaic	Jewish	Rabbinic	Jerusalem Talmud	Jerusalem Talmud Berakhot	Jerusalem Talmud Berakhot 4:1:8	https://www.sefaria.org/Jerusalem_Talmud_Berakhot.4.1.8	15	human	personal	attested		Sefaria topics (CC BY-SA) + text: The Jerusalem Talmud, edition by Heinrich W. Guggenheimer. Berlin, De Gruyter, 1999-2015 (CC BY)	0.9
Yehudah	slug:jewish:rebbi-yehudah-b-abba	Rebbi Yehudah b. Abba		רִבִּי יְהוּדָה בֶּן אַבָּא	Rebbi Yehudah b. Abba	Aramaic	Jewish	Rabbinic	Jerusalem Talmud	Jerusalem Talmud Berakhot	Jerusalem Talmud Berakhot 4:1:12	https://www.sefaria.org/Jerusalem_Talmud_Berakhot.4.1.12	3	sage	personal	attested		Sefaria topics (CC BY-SA) + text: The Jerusalem Talmud, edition by Heinrich W. Guggenheimer. Berlin, De Gruyter, 1999-2015 (CC BY)	0.9
Nathan	slug:jewish:rebbi-nathan-b-tobi	Rebbi Nathan b. Tobi		רבי נתן בר טובי	Rebbi Nathan b. Tobi	Aramaic	Jewish	Rabbinic	Jerusalem Talmud	Jerusalem Talmud Berakhot	Jerusalem Talmud Berakhot 4:1:16	https://www.sefaria.org/Jerusalem_Talmud_Berakhot.4.1.16	1	sage	personal	attested		Sefaria topics (CC BY-SA) + text: The Jerusalem Talmud, edition by Heinrich W. Guggenheimer. Berlin, De Gruyter, 1999-2015 (CC BY)	0.9
Nebuchadnezzar	Q12591	Nebuchadnezzar, Emperor of Babylon who conquered Judah	boy	נבוכדנאצר	Nebuchadnezzar	Aramaic	Jewish	Rabbinic	Jerusalem Talmud	Jerusalem Talmud Berakhot	Jerusalem Talmud Berakhot 4:1:20	https://www.sefaria.org/Jerusalem_Talmud_Berakhot.4.1.20	9	royal	personal	attested		Sefaria topics (CC BY-SA) + text: The Jerusalem Talmud, edition by Heinrich W. Guggenheimer. Berlin, De Gruyter, 1999-2015 (CC BY)	0.9
Joshua	slug:jewish:rebbi-joshua-from-sikhnin	Rebbi Joshua from Sikhnin		רִבִּי יְהוֹשֻׁעַ דְּסִיכְנִין	Rebbi Joshua from Sikhnin	Aramaic	Jewish	Rabbinic	Jerusalem Talmud	Jerusalem Talmud Berakhot	Jerusalem Talmud Berakhot 4:1:22	https://www.sefaria.org/Jerusalem_Talmud_Berakhot.4.1.22	10	sage	personal	attested		Sefaria topics (CC BY-SA) + text: The Jerusalem Talmud, edition by Heinrich W. Guggenheimer. Berlin, De Gruyter, 1999-2015 (CC BY)	0.9
Yudan Antordiyya	slug:jewish:rebbi-yudan-antordiyya	Rebbi Yudan Antordiyya		רִבִּי יוּדָן עַנְתּוֹדְרוּיָה	Rebbi Yudan Antordiyya	Aramaic	Jewish	Rabbinic	Jerusalem Talmud	Jerusalem Talmud Berakhot	Jerusalem Talmud Berakhot 4:1:23	https://www.sefaria.org/Jerusalem_Talmud_Berakhot.4.1.23	10	sage	personal	attested		Sefaria topics (CC BY-SA) + text: The Jerusalem Talmud, edition by Heinrich W. Guggenheimer. Berlin, De Gruyter, 1999-2015 (CC BY)	0.9
Abba	slug:jewish:rebbi-abba-b-rebbi-mamal	Rebbi Abba b. Rebbi Mamal		רבי אבא בר ממל	Rebbi Abba b. Rebbi Mamal	Aramaic	Jewish	Rabbinic	Jerusalem Talmud	Jerusalem Talmud Berakhot	Jerusalem Talmud Berakhot 4:1:25	https://www.sefaria.org/Jerusalem_Talmud_Berakhot.4.1.25	121	sage	personal	attested		Sefaria topics (CC BY-SA) + text: The Jerusalem Talmud, edition by Heinrich W. Guggenheimer. Berlin, De Gruyter, 1999-2015 (CC BY)	0.9
Yudan	slug:jewish:rebbi-yudan-from-kappadokia	Rebbi Yudan from Kappadokia		רִבִּי יוּדָן קַפּוֹדַקַייָא	Rebbi Yudan from Kappadokia	Aramaic	Jewish	Rabbinic	Jerusalem Talmud	Jerusalem Talmud Berakhot	Jerusalem Talmud Berakhot 4:1:28	https://www.sefaria.org/Jerusalem_Talmud_Berakhot.4.1.28	11	sage	personal	attested		Sefaria topics (CC BY-SA) + text: The Jerusalem Talmud, edition by Heinrich W. Guggenheimer. Berlin, De Gruyter, 1999-2015 (CC BY)	0.9
Jeremiah	slug:jewish:jeremiah-the-scribe	Jeremiah the Scribe		יִרְמְיָה סַפְרָא	Jeremiah the Scribe	Aramaic	Jewish	Rabbinic	Jerusalem Talmud	Jerusalem Talmud Berakhot	Jerusalem Talmud Berakhot 4:1:29	https://www.sefaria.org/Jerusalem_Talmud_Berakhot.4.1.29	3	sage	personal	attested		Sefaria topics (CC BY-SA) + text: The Jerusalem Talmud, edition by Heinrich W. Guggenheimer. Berlin, De Gruyter, 1999-2015 (CC BY)	0.9
Abba	slug:jewish:rebbi-abba-b-zamina	Rebbi Abba b. Zamina		רִבִּי אַבָּא בַּר זְמִינָא	Rebbi Abba b. Zamina	Aramaic	Jewish	Rabbinic	Jerusalem Talmud	Jerusalem Talmud Berakhot	Jerusalem Talmud Berakhot 4:1:30	https://www.sefaria.org/Jerusalem_Talmud_Berakhot.4.1.30	25	sage	personal	attested		Sefaria topics (CC BY-SA) + text: The Jerusalem Talmud, edition by Heinrich W. Guggenheimer. Berlin, De Gruyter, 1999-2015 (CC BY)	0.9
Bar Zemina	slug:jewish:bar-zemina	Bar Zemina		בַּר זְמִינָא	Bar Zemina	Aramaic	Jewish	Rabbinic	Jerusalem Talmud	Jerusalem Talmud Berakhot	Jerusalem Talmud Berakhot 4:1:30	https://www.sefaria.org/Jerusalem_Talmud_Berakhot.4.1.30	28	sage	personal	attested		Sefaria topics (CC BY-SA) + text: The Jerusalem Talmud, edition by Heinrich W. Guggenheimer. Berlin, De Gruyter, 1999-2015 (CC BY)	0.9
Chanina	Q568935	Rabbi Chanina b. Dosa, Mishnah Rabbi	boy	רבי חנינא בן דוסא	Rabbi Chanina b. Dosa	Aramaic	Jewish	Rabbinic	Jerusalem Talmud	Jerusalem Talmud Berakhot	Jerusalem Talmud Berakhot 4:1:31	https://www.sefaria.org/Jerusalem_Talmud_Berakhot.4.1.31	5	sage	personal	attested		Sefaria topics (CC BY-SA) + text: The Jerusalem Talmud, edition by Heinrich W. Guggenheimer. Berlin, De Gruyter, 1999-2015 (CC BY)	0.9
the house	slug:jewish:the-house-of-rebbi-yanna	the house of Rebbi Yannaï		בֵית רִבִּי יַנַּאי	the house of Rebbi Yannaï	Aramaic	Jewish	Rabbinic	Jerusalem Talmud	Jerusalem Talmud Berakhot	Jerusalem Talmud Berakhot 4:1:31	https://www.sefaria.org/Jerusalem_Talmud_Berakhot.4.1.31	40	sage	personal	attested		Sefaria topics (CC BY-SA) + text: The Jerusalem Talmud, edition by Heinrich W. Guggenheimer. Berlin, De Gruyter, 1999-2015 (CC BY)	0.9
Abba Yudan	slug:jewish:abba-yudan	Abba Yudan		אבא יודן	Abba Yudan	Aramaic	Jewish	Rabbinic	Jerusalem Talmud	Jerusalem Talmud Berakhot	Jerusalem Talmud Berakhot 4:1:31	https://www.sefaria.org/Jerusalem_Talmud_Berakhot.4.1.31	4	sage	personal	attested		Sefaria topics (CC BY-SA) + text: The Jerusalem Talmud, edition by Heinrich W. Guggenheimer. Berlin, De Gruyter, 1999-2015 (CC BY)	0.9
Chutspit	slug:jewish:chutspit-the-translator	Chutspit the Translator		חוצפית המתורגמן	Chutspit the Translator	Aramaic	Jewish	Rabbinic	Jerusalem Talmud	Jerusalem Talmud Berakhot	Jerusalem Talmud Berakhot 4:1:33	https://www.sefaria.org/Jerusalem_Talmud_Berakhot.4.1.33	1	sage	personal	attested		Sefaria topics (CC BY-SA) + text: The Jerusalem Talmud, edition by Heinrich W. Guggenheimer. Berlin, De Gruyter, 1999-2015 (CC BY)	0.9
Zenon	slug:jewish:rebbi-zenon	Rebbi Zenon		רִבִּי זֵינוֹן	Rebbi Zenon	Aramaic	Jewish	Rabbinic	Jerusalem Talmud	Jerusalem Talmud Berakhot	Jerusalem Talmud Berakhot 4:1:33	https://www.sefaria.org/Jerusalem_Talmud_Berakhot.4.1.33	2	sage	personal	attested		Sefaria topics (CC BY-SA) + text: The Jerusalem Talmud, edition by Heinrich W. Guggenheimer. Berlin, De Gruyter, 1999-2015 (CC BY)	0.9
Jacob	slug:jewish:rebbi-jacob-b-sosai	Rebbi Jacob b. Sosai		רִבִּי יַעֲקֹב בַּר סוֹסַיי	Rebbi Jacob b. Sosai	Aramaic	Jewish	Rabbinic	Jerusalem Talmud	Jerusalem Talmud Berakhot	Jerusalem Talmud Berakhot 4:1:33	https://www.sefaria.org/Jerusalem_Talmud_Berakhot.4.1.33	8	sage	personal	attested		Sefaria topics (CC BY-SA) + text: The Jerusalem Talmud, edition by Heinrich W. Guggenheimer. Berlin, De Gruyter, 1999-2015 (CC BY)	0.9
Ezra	Q191787	Ezra, Priest	boy	עזרא	Ezra	Aramaic	Jewish	Rabbinic	Jerusalem Talmud	Jerusalem Talmud Berakhot	Jerusalem Talmud Berakhot 4:1:33	https://www.sefaria.org/Jerusalem_Talmud_Berakhot.4.1.33	21	human	personal	attested		Sefaria topics (CC BY-SA) + text: The Jerusalem Talmud, edition by Heinrich W. Guggenheimer. Berlin, De Gruyter, 1999-2015 (CC BY)	0.9
Gamliel	Q357157	Rabban Gamliel of Yavneh (II), 3rd century Judean rabbi and nasi	boy	רבן גמליאל דיבנה	Rabban Gamliel of Yavneh (II)	Aramaic	Jewish	Rabbinic	Jerusalem Talmud	Jerusalem Talmud Berakhot	Jerusalem Talmud Berakhot 4:1:33	https://www.sefaria.org/Jerusalem_Talmud_Berakhot.4.1.33	10	sage	personal	attested		Sefaria topics (CC BY-SA) + text: The Jerusalem Talmud, edition by Heinrich W. Guggenheimer. Berlin, De Gruyter, 1999-2015 (CC BY)	0.9
Nechunya	Q982191	Rabbi Nechunya b. haKanah, Jewish rabbi	boy	רבי נחוניא בן הקנה	Rabbi Nechunya b. haKanah	Aramaic	Jewish	Rabbinic	Jerusalem Talmud	Jerusalem Talmud Berakhot	Jerusalem Talmud Berakhot 4:2:1	https://www.sefaria.org/Jerusalem_Talmud_Berakhot.4.2.1	3	sage	personal	attested		Sefaria topics (CC BY-SA) + text: The Jerusalem Talmud, edition by Heinrich W. Guggenheimer. Berlin, De Gruyter, 1999-2015 (CC BY)	0.9
Pedat	slug:jewish:rabbi-pedat	Rabbi Pedat		רבי פדת	Rabbi Pedat	Aramaic	Jewish	Rabbinic	Jerusalem Talmud	Jerusalem Talmud Berakhot	Jerusalem Talmud Berakhot 4:2:3	https://www.sefaria.org/Jerusalem_Talmud_Berakhot.4.2.3	21	sage	personal	attested		Sefaria topics (CC BY-SA) + text: The Jerusalem Talmud, edition by Heinrich W. Guggenheimer. Berlin, De Gruyter, 1999-2015 (CC BY)	0.9
Elazar	slug:jewish:rabbi-elazar-b-yose	Rabbi Elazar b. Yose, amora	boy	רבי אלעזר בר יוסי	Rabbi Elazar b. Yose	Aramaic	Jewish	Rabbinic	Jerusalem Talmud	Jerusalem Talmud Berakhot	Jerusalem Talmud Berakhot 4:3:4	https://www.sefaria.org/Jerusalem_Talmud_Berakhot.4.3.4	25	sage	personal	attested		Sefaria topics (CC BY-SA) + text: The Jerusalem Talmud, edition by Heinrich W. Guggenheimer. Berlin, De Gruyter, 1999-2015 (CC BY)	0.9
Oholiav	slug:jewish:oholiav	Oholiav		אהליאב	Oholiav	Aramaic	Jewish	Rabbinic	Jerusalem Talmud	Jerusalem Talmud Berakhot	Jerusalem Talmud Berakhot 4:3:6	https://www.sefaria.org/Jerusalem_Talmud_Berakhot.4.3.6	2	human	personal	attested		Sefaria topics (CC BY-SA) + text: The Jerusalem Talmud, edition by Heinrich W. Guggenheimer. Berlin, De Gruyter, 1999-2015 (CC BY)	0.9
Aha	slug:jewish:rebbi-aha-b-isaac	Rebbi Aha b. Isaac		רִבִּי אָחָא בַר יִצְחָק	Rebbi Aha b. Isaac	Aramaic	Jewish	Rabbinic	Jerusalem Talmud	Jerusalem Talmud Berakhot	Jerusalem Talmud Berakhot 4:3:12	https://www.sefaria.org/Jerusalem_Talmud_Berakhot.4.3.12	6	sage	personal	attested		Sefaria topics (CC BY-SA) + text: The Jerusalem Talmud, edition by Heinrich W. Guggenheimer. Berlin, De Gruyter, 1999-2015 (CC BY)	0.9
Huna	slug:jewish:rebbi-huna-of-sepphoris	Rebbi Huna of Sepphoris		רִבִּי חוֹנָה רוּבָה דְצִיפּוֹרִין	Rebbi Huna of Sepphoris	Aramaic	Jewish	Rabbinic	Jerusalem Talmud	Jerusalem Talmud Berakhot	Jerusalem Talmud Berakhot 4:3:12	https://www.sefaria.org/Jerusalem_Talmud_Berakhot.4.3.12	10	sage	personal	attested		Sefaria topics (CC BY-SA) + text: The Jerusalem Talmud, edition by Heinrich W. Guggenheimer. Berlin, De Gruyter, 1999-2015 (CC BY)	0.9
Eudaimon	slug:jewish:rebbi-eudaimon-of-sepphoris	Rebbi Eudaimon of Sepphoris		רִבִּי אֶבְדַּימָא דְּצִיפּוֹרִין	Rebbi Eudaimon of Sepphoris	Aramaic	Jewish	Rabbinic	Jerusalem Talmud	Jerusalem Talmud Berakhot	Jerusalem Talmud Berakhot 4:3:13	https://www.sefaria.org/Jerusalem_Talmud_Berakhot.4.3.13	6	sage	personal	attested		Sefaria topics (CC BY-SA) + text: The Jerusalem Talmud, edition by Heinrich W. Guggenheimer. Berlin, De Gruyter, 1999-2015 (CC BY)	0.9
Nahum	slug:jewish:rebbi-nahum	Rebbi Nahum		רבי נחום	Rebbi Nahum	Aramaic	Jewish	Rabbinic	Jerusalem Talmud	Jerusalem Talmud Berakhot	Jerusalem Talmud Berakhot 4:3:15	https://www.sefaria.org/Jerusalem_Talmud_Berakhot.4.3.15	15	sage	personal	attested		Sefaria topics (CC BY-SA) + text: The Jerusalem Talmud, edition by Heinrich W. Guggenheimer. Berlin, De Gruyter, 1999-2015 (CC BY)	0.9
Achitofel	Q400294	Ahithophel, David's counselor who joined Absalom's rebellion	boy	אחיתופל	Achitofel	Aramaic	Jewish	Rabbinic	Jerusalem Talmud	Jerusalem Talmud Berakhot	Jerusalem Talmud Berakhot 4:4:2	https://www.sefaria.org/Jerusalem_Talmud_Berakhot.4.4.2	7	human	personal	attested		Sefaria topics (CC BY-SA) + text: The Jerusalem Talmud, edition by Heinrich W. Guggenheimer. Berlin, De Gruyter, 1999-2015 (CC BY)	0.9
Yose	slug:jewish:rebbi-yose-the-sidonian	Rebbi Yose the Sidonian		רבי יוסי ציידניא	Rebbi Yose the Sidonian	Aramaic	Jewish	Rabbinic	Jerusalem Talmud	Jerusalem Talmud Berakhot	Jerusalem Talmud Berakhot 4:4:3	https://www.sefaria.org/Jerusalem_Talmud_Berakhot.4.4.3	1	sage	personal	attested		Sefaria topics (CC BY-SA) + text: The Jerusalem Talmud, edition by Heinrich W. Guggenheimer. Berlin, De Gruyter, 1999-2015 (CC BY)	0.9
Sheshet	Q743044	Rav Sheshet, Babylonian amora	boy	רב ששת	Rav Sheshet	Aramaic	Jewish	Rabbinic	Jerusalem Talmud	Jerusalem Talmud Berakhot	Jerusalem Talmud Berakhot 4:4:5	https://www.sefaria.org/Jerusalem_Talmud_Berakhot.4.4.5	34	sage	personal	attested		Sefaria topics (CC BY-SA) + text: The Jerusalem Talmud, edition by Heinrich W. Guggenheimer. Berlin, De Gruyter, 1999-2015 (CC BY)	0.9
Hananiah	slug:jewish:rebbi-hananiah-b-rebbi-abbahu	Rebbi Hananiah b. Rebbi Abbahu		רבי חנינא בריה דרבי אבהו	Rebbi Hananiah b. Rebbi Abbahu	Aramaic	Jewish	Rabbinic	Jerusalem Talmud	Jerusalem Talmud Berakhot	Jerusalem Talmud Berakhot 4:4:6	https://www.sefaria.org/Jerusalem_Talmud_Berakhot.4.4.6	16	sage	personal	attested		Sefaria topics (CC BY-SA) + text: The Jerusalem Talmud, edition by Heinrich W. Guggenheimer. Berlin, De Gruyter, 1999-2015 (CC BY)	0.9
Tanhum	slug:jewish:rebbi-tanhum-b-hanina	Rebbi Tanhum b. Hanina		רִבִּי תַנְחוּם בַּר חֲנִינָא	Rebbi Tanhum b. Hanina	Aramaic	Jewish	Rabbinic	Jerusalem Talmud	Jerusalem Talmud Berakhot	Jerusalem Talmud Berakhot 4:4:10	https://www.sefaria.org/Jerusalem_Talmud_Berakhot.4.4.10	1	sage	personal	attested		Sefaria topics (CC BY-SA) + text: The Jerusalem Talmud, edition by Heinrich W. Guggenheimer. Berlin, De Gruyter, 1999-2015 (CC BY)	0.9
Hanina	Q1062217	Rabbi Hanina b. Pappa, Jewish scholar	boy	רבי חנינא בר פפא	Rabbi Hanina b. Pappa	Aramaic	Jewish	Rabbinic	Jerusalem Talmud	Jerusalem Talmud Berakhot	Jerusalem Talmud Berakhot 4:4:11	https://www.sefaria.org/Jerusalem_Talmud_Berakhot.4.4.11	24	sage	personal	attested		Sefaria topics (CC BY-SA) + text: The Jerusalem Talmud, edition by Heinrich W. Guggenheimer. Berlin, De Gruyter, 1999-2015 (CC BY)	0.9
Hezekiah	Q244912	Hezekiah, A righteous king of Judah	boy	חזקיה	Hezekiah	Aramaic	Jewish	Rabbinic	Jerusalem Talmud	Jerusalem Talmud Berakhot	Jerusalem Talmud Berakhot 4:4:11	https://www.sefaria.org/Jerusalem_Talmud_Berakhot.4.4.11	18	royal	personal	attested		Sefaria topics (CC BY-SA) + text: The Jerusalem Talmud, edition by Heinrich W. Guggenheimer. Berlin, De Gruyter, 1999-2015 (CC BY)	0.9
Hananiah	slug:jewish:rebbi-hananiah-b-pappus	Rebbi Hananiah b. Pappus		רב חיננא בר פפא	Rebbi Hananiah b. Pappus	Aramaic	Jewish	Rabbinic	Jerusalem Talmud	Jerusalem Talmud Berakhot	Jerusalem Talmud Berakhot 4:4:11	https://www.sefaria.org/Jerusalem_Talmud_Berakhot.4.4.11	1	sage	personal	attested		Sefaria topics (CC BY-SA) + text: The Jerusalem Talmud, edition by Heinrich W. Guggenheimer. Berlin, De Gruyter, 1999-2015 (CC BY)	0.9
Chana	slug:jewish:rav-chana	Rav Chana		רב חנא	Rav Chana	Aramaic	Jewish	Rabbinic	Jerusalem Talmud	Jerusalem Talmud Berakhot	Jerusalem Talmud Berakhot 4:6:2	https://www.sefaria.org/Jerusalem_Talmud_Berakhot.4.6.2	6	sage	personal	attested		Sefaria topics (CC BY-SA) + text: The Jerusalem Talmud, edition by Heinrich W. Guggenheimer. Berlin, De Gruyter, 1999-2015 (CC BY)	0.9
Sheila	slug:jewish:rabbi-sheila	Rabbi Sheila		רבי שילא	Rabbi Sheila	Aramaic	Jewish	Rabbinic	Jerusalem Talmud	Jerusalem Talmud Berakhot	Jerusalem Talmud Berakhot 4:6:5	https://www.sefaria.org/Jerusalem_Talmud_Berakhot.4.6.5	6	sage	personal	attested		Sefaria topics (CC BY-SA) + text: The Jerusalem Talmud, edition by Heinrich W. Guggenheimer. Berlin, De Gruyter, 1999-2015 (CC BY)	0.9
Ada	slug:jewish:rebbi-ada-from-caesarea	Rebbi Ada from Caesarea		רִבִּי אָדָא דְקַיְסָרִין	Rebbi Ada from Caesarea	Aramaic	Jewish	Rabbinic	Jerusalem Talmud	Jerusalem Talmud Berakhot	Jerusalem Talmud Berakhot 4:6:7	https://www.sefaria.org/Jerusalem_Talmud_Berakhot.4.6.7	4	sage	personal	attested		Sefaria topics (CC BY-SA) + text: The Jerusalem Talmud, edition by Heinrich W. Guggenheimer. Berlin, De Gruyter, 1999-2015 (CC BY)	0.9
Tanhum	slug:jewish:rebbi-tanhum-b-jeremiah	Rebbi Tanhum b. Jeremiah		רִבִּי תַנְחוּם בַּר יִרְמְיָה	Rebbi Tanhum b. Jeremiah	Aramaic	Jewish	Rabbinic	Jerusalem Talmud	Jerusalem Talmud Berakhot	Jerusalem Talmud Berakhot 4:6:7	https://www.sefaria.org/Jerusalem_Talmud_Berakhot.4.6.7	6	sage	personal	attested		Sefaria topics (CC BY-SA) + text: The Jerusalem Talmud, edition by Heinrich W. Guggenheimer. Berlin, De Gruyter, 1999-2015 (CC BY)	0.9
Eliezer	Q921589	Rabbi Eliezer b. R, Yose haGelili, 1st-century CE rabbi	boy	רבי אליעזר בנו של ר יוסי הגלילי	Rabbi Eliezer b. R, Yose haGelili	Aramaic	Jewish	Rabbinic	Jerusalem Talmud	Jerusalem Talmud Berakhot	Jerusalem Talmud Berakhot 5:1:2	https://www.sefaria.org/Jerusalem_Talmud_Berakhot.5.1.2	4	sage	personal	attested		Sefaria topics (CC BY-SA) + text: The Jerusalem Talmud, edition by Heinrich W. Guggenheimer. Berlin, De Gruyter, 1999-2015 (CC BY)	0.9
Jeremiah	Q158825	Jeremiah, Son of Hilkiah	boy	ירמיהו	Jeremiah	Aramaic	Jewish	Rabbinic	Jerusalem Talmud	Jerusalem Talmud Berakhot	Jerusalem Talmud Berakhot 5:1:3	https://www.sefaria.org/Jerusalem_Talmud_Berakhot.5.1.3	14	prophet	personal	attested		Sefaria topics (CC BY-SA) + text: The Jerusalem Talmud, edition by Heinrich W. Guggenheimer. Berlin, De Gruyter, 1999-2015 (CC BY)	0.9
Hanina Eyntanaya	slug:jewish:rebbi-hanina-eyntanaya	Rebbi Hanina Eyntanaya		רִבִּי חֲנִינָה עֵנְתוֹנַייָא	Rebbi Hanina Eyntanaya	Aramaic	Jewish	Rabbinic	Jerusalem Talmud	Jerusalem Talmud Berakhot	Jerusalem Talmud Berakhot 5:1:15	https://www.sefaria.org/Jerusalem_Talmud_Berakhot.5.1.15	7	sage	personal	attested		Sefaria topics (CC BY-SA) + text: The Jerusalem Talmud, edition by Heinrich W. Guggenheimer. Berlin, De Gruyter, 1999-2015 (CC BY)	0.9
Elazar	slug:jewish:rabbi-elazar-b-shimon	Rabbi Elazar b. Shimon, tanna	boy	רבי אלעזר בן שמעון	Rabbi Elazar b. Shimon	Aramaic	Jewish	Rabbinic	Jerusalem Talmud	Jerusalem Talmud Berakhot	Jerusalem Talmud Berakhot 5:1:20	https://www.sefaria.org/Jerusalem_Talmud_Berakhot.5.1.20	46	sage	personal	attested		Sefaria topics (CC BY-SA) + text: The Jerusalem Talmud, edition by Heinrich W. Guggenheimer. Berlin, De Gruyter, 1999-2015 (CC BY)	0.9
Yitzhak	slug:jewish:rabbi-yitzhak-b-elazar	Rabbi Yitzhak b. Elazar, amora	boy	רבי יצחק בן אליעזר	Rabbi Yitzhak b. Elazar	Aramaic	Jewish	Rabbinic	Jerusalem Talmud	Jerusalem Talmud Berakhot	Jerusalem Talmud Berakhot 5:1:22	https://www.sefaria.org/Jerusalem_Talmud_Berakhot.5.1.22	19	sage	personal	attested		Sefaria topics (CC BY-SA) + text: The Jerusalem Talmud, edition by Heinrich W. Guggenheimer. Berlin, De Gruyter, 1999-2015 (CC BY)	0.9
Tanhum	slug:jewish:rebbi-tanhum-from-edrei	Rebbi Tanhum from Edrei		רִבִּי תַנְחוּם אֶדִרֶעְיָא	Rebbi Tanhum from Edrei	Aramaic	Jewish	Rabbinic	Jerusalem Talmud	Jerusalem Talmud Berakhot	Jerusalem Talmud Berakhot 5:2:3	https://www.sefaria.org/Jerusalem_Talmud_Berakhot.5.2.3	2	sage	personal	attested		Sefaria topics (CC BY-SA) + text: The Jerusalem Talmud, edition by Heinrich W. Guggenheimer. Berlin, De Gruyter, 1999-2015 (CC BY)	0.9
Ahab	Q235901	Ahab, Wicked king of Israel	boy	אחאב	Ahab	Aramaic	Jewish	Rabbinic	Jerusalem Talmud	Jerusalem Talmud Berakhot	Jerusalem Talmud Berakhot 5:2:3	https://www.sefaria.org/Jerusalem_Talmud_Berakhot.5.2.3	12	royal	personal	attested		Sefaria topics (CC BY-SA) + text: The Jerusalem Talmud, edition by Heinrich W. Guggenheimer. Berlin, De Gruyter, 1999-2015 (CC BY)	0.9
Jacob	slug:jewish:rebbi-jacob-from-kefar-hanan	Rebbi Jacob from Kefar Hanan		רִבִּי יַעֲקֹב דִּכְפַר חָנָן	Rebbi Jacob from Kefar Hanan	Aramaic	Jewish	Rabbinic	Jerusalem Talmud	Jerusalem Talmud Berakhot	Jerusalem Talmud Berakhot 5:2:4	https://www.sefaria.org/Jerusalem_Talmud_Berakhot.5.2.4	6	sage	personal	attested		Sefaria topics (CC BY-SA) + text: The Jerusalem Talmud, edition by Heinrich W. Guggenheimer. Berlin, De Gruyter, 1999-2015 (CC BY)	0.9
Eudaimon	slug:jewish:rebbi-eudaimon	Rebbi Eudaimon		רִבִּי אֲבוּדַימִי	Rebbi Eudaimon	Aramaic	Jewish	Rabbinic	Jerusalem Talmud	Jerusalem Talmud Berakhot	Jerusalem Talmud Berakhot 5:2:6	https://www.sefaria.org/Jerusalem_Talmud_Berakhot.5.2.6	7	sage	personal	attested		Sefaria topics (CC BY-SA) + text: The Jerusalem Talmud, edition by Heinrich W. Guggenheimer. Berlin, De Gruyter, 1999-2015 (CC BY)	0.9
Eudaimon	slug:jewish:rebbi-eudaimon-the-brother-of-rebbi-yose	Rebbi Eudaimon the brother of Rebbi Yose		רִבִּי אֶבְדּוּמִי אֲחִי רִבִּי יוֹסֵי	Rebbi Eudaimon the brother of Rebbi Yose	Aramaic	Jewish	Rabbinic	Jerusalem Talmud	Jerusalem Talmud Berakhot	Jerusalem Talmud Berakhot 5:2:6	https://www.sefaria.org/Jerusalem_Talmud_Berakhot.5.2.6	3	sage	personal	attested		Sefaria topics (CC BY-SA) + text: The Jerusalem Talmud, edition by Heinrich W. Guggenheimer. Berlin, De Gruyter, 1999-2015 (CC BY)	0.9
Isaac Rabba	slug:jewish:isaac-rabba	Isaac Rabba		יִצְחָק רַבָּה	Isaac Rabba	Aramaic	Jewish	Rabbinic	Jerusalem Talmud	Jerusalem Talmud Berakhot	Jerusalem Talmud Berakhot 5:2:10	https://www.sefaria.org/Jerusalem_Talmud_Berakhot.5.2.10	3	sage	personal	attested		Sefaria topics (CC BY-SA) + text: The Jerusalem Talmud, edition by Heinrich W. Guggenheimer. Berlin, De Gruyter, 1999-2015 (CC BY)	0.9
Hanina	slug:jewish:rabbi-hanina-b-gamliel	Rabbi Hanina b. Gamliel, tanna	boy	רבי חנינא בן גמליאל	Rabbi Hanina b. Gamliel	Aramaic	Jewish	Rabbinic	Jerusalem Talmud	Jerusalem Talmud Berakhot	Jerusalem Talmud Berakhot 5:2:10	https://www.sefaria.org/Jerusalem_Talmud_Berakhot.5.2.10	2	sage	personal	attested		Sefaria topics (CC BY-SA) + text: The Jerusalem Talmud, edition by Heinrich W. Guggenheimer. Berlin, De Gruyter, 1999-2015 (CC BY)	0.85
Nahum	slug:jewish:nahum-b-rebbi-simai	Nahum b. Rebbi Simai		נָחוּם בֵּירִבִּי סִימַאי	Nahum b. Rebbi Simai	Aramaic	Jewish	Rabbinic	Jerusalem Talmud	Jerusalem Talmud Berakhot	Jerusalem Talmud Berakhot 5:2:12	https://www.sefaria.org/Jerusalem_Talmud_Berakhot.5.2.12	2	sage	personal	attested		Sefaria topics (CC BY-SA) + text: The Jerusalem Talmud, edition by Heinrich W. Guggenheimer. Berlin, De Gruyter, 1999-2015 (CC BY)	0.9
"That Man"	slug:jewish:that-man	"That Man"		אותו האיש	"That Man"	Aramaic	Jewish	Rabbinic	Jerusalem Talmud	Jerusalem Talmud Berakhot	Jerusalem Talmud Berakhot 5:3:2	https://www.sefaria.org/Jerusalem_Talmud_Berakhot.5.3.2	26	sage	personal	attested		Sefaria topics (CC BY-SA) + text: The Jerusalem Talmud, edition by Heinrich W. Guggenheimer. Berlin, De Gruyter, 1999-2015 (CC BY)	0.85
Hananiah	slug:jewish:rabbi-hananiah-b-gamaliel	Rabbi Hananiah b. Gamaliel		רבי חנניה בן גמליאל	Rabbi Hananiah b. Gamaliel	Aramaic	Jewish	Rabbinic	Jerusalem Talmud	Jerusalem Talmud Berakhot	Jerusalem Talmud Berakhot 5:3:4	https://www.sefaria.org/Jerusalem_Talmud_Berakhot.5.3.4	13	sage	personal	attested		Sefaria topics (CC BY-SA) + text: The Jerusalem Talmud, edition by Heinrich W. Guggenheimer. Berlin, De Gruyter, 1999-2015 (CC BY)	0.9
Ada	slug:jewish:ada-b-bar-hana	Ada b. bar Hana		אָדָא בַּר בַּר חָנָה	Ada b. bar Hana	Aramaic	Jewish	Rabbinic	Jerusalem Talmud	Jerusalem Talmud Berakhot	Jerusalem Talmud Berakhot 5:3:4	https://www.sefaria.org/Jerusalem_Talmud_Berakhot.5.3.4	1	sage	personal	attested		Sefaria topics (CC BY-SA) + text: The Jerusalem Talmud, edition by Heinrich W. Guggenheimer. Berlin, De Gruyter, 1999-2015 (CC BY)	0.9
Shmuel	Q2219012	Shmuel the Little, 1st century CE Babylonian Jew and religious scholar	boy	שמואל הקטן	Shmuel the Little	Aramaic	Jewish	Rabbinic	Jerusalem Talmud	Jerusalem Talmud Berakhot	Jerusalem Talmud Berakhot 5:3:5	https://www.sefaria.org/Jerusalem_Talmud_Berakhot.5.3.5	6	sage	personal	attested		Sefaria topics (CC BY-SA) + text: The Jerusalem Talmud, edition by Heinrich W. Guggenheimer. Berlin, De Gruyter, 1999-2015 (CC BY)	0.9
Abba	slug:jewish:rabbi-abba-b-r-hiyya-b-abba	Rabbi Abba b. R. Hiyya [b. Abba], amora	boy	רבי אבא בריה דרבי חייא	Rabbi Abba b. R. Hiyya [b. Abba]	Aramaic	Jewish	Rabbinic	Jerusalem Talmud	Jerusalem Talmud Berakhot	Jerusalem Talmud Berakhot 5:3:7	https://www.sefaria.org/Jerusalem_Talmud_Berakhot.5.3.7	42	sage	personal	attested		Sefaria topics (CC BY-SA) + text: The Jerusalem Talmud, edition by Heinrich W. Guggenheimer. Berlin, De Gruyter, 1999-2015 (CC BY)	0.9
Ulla	slug:jewish:rebbi-ulla	Rebbi Ulla		רִבִּי עוּלָּא	Rebbi Ulla	Aramaic	Jewish	Rabbinic	Jerusalem Talmud	Jerusalem Talmud Berakhot	Jerusalem Talmud Berakhot 5:3:9	https://www.sefaria.org/Jerusalem_Talmud_Berakhot.5.3.9	14	sage	personal	attested		Sefaria topics (CC BY-SA) + text: The Jerusalem Talmud, edition by Heinrich W. Guggenheimer. Berlin, De Gruyter, 1999-2015 (CC BY)	0.9
Simlai	Q1253140	Rabbi Simlai, amora	boy	רבי שמלאי	Rabbi Simlai	Aramaic	Jewish	Rabbinic	Jerusalem Talmud	Jerusalem Talmud Berakhot	Jerusalem Talmud Berakhot 5:4:6	https://www.sefaria.org/Jerusalem_Talmud_Berakhot.5.4.6	12	sage	personal	attested		Sefaria topics (CC BY-SA) + text: The Jerusalem Talmud, edition by Heinrich W. Guggenheimer. Berlin, De Gruyter, 1999-2015 (CC BY)	0.9
Aha	slug:jewish:rav-aha-b-yaakov	Rav Aha b. Ya'akov, amora	boy	רב אחא בר יעקב	Rav Aha b. Ya'akov	Aramaic	Jewish	Rabbinic	Jerusalem Talmud	Jerusalem Talmud Berakhot	Jerusalem Talmud Berakhot 5:5:2	https://www.sefaria.org/Jerusalem_Talmud_Berakhot.5.5.2	6	sage	personal	attested		Sefaria topics (CC BY-SA) + text: The Jerusalem Talmud, edition by Heinrich W. Guggenheimer. Berlin, De Gruyter, 1999-2015 (CC BY)	0.9
Abba	slug:jewish:rebbi-abba-b-kahana	Rebbi Abba b. Kahana		רבי אבא בר כהנא	Rebbi Abba b. Kahana	Aramaic	Jewish	Rabbinic	Jerusalem Talmud	Jerusalem Talmud Berakhot	Jerusalem Talmud Berakhot 6:1:3	https://www.sefaria.org/Jerusalem_Talmud_Berakhot.6.1.3	46	sage	personal	attested		Sefaria topics (CC BY-SA) + text: The Jerusalem Talmud, edition by Heinrich W. Guggenheimer. Berlin, De Gruyter, 1999-2015 (CC BY)	0.9
Hiyya	slug:jewish:rebbi-hiyya-b-pappus	Rebbi Hiyya b. Pappus		רבי חייא בר פפא	Rebbi Hiyya b. Pappus	Aramaic	Jewish	Rabbinic	Jerusalem Talmud	Jerusalem Talmud Berakhot	Jerusalem Talmud Berakhot 6:1:6	https://www.sefaria.org/Jerusalem_Talmud_Berakhot.6.1.6	1	sage	personal	attested		Sefaria topics (CC BY-SA) + text: The Jerusalem Talmud, edition by Heinrich W. Guggenheimer. Berlin, De Gruyter, 1999-2015 (CC BY)	0.9
Hinena	slug:jewish:rebbi-hinena-b-isaac	Rebbi Hinena b. Isaac		רִבִּי חִינְנָא בַּר יִצְחָק	Rebbi Hinena b. Isaac	Aramaic	Jewish	Rabbinic	Jerusalem Talmud	Jerusalem Talmud Berakhot	Jerusalem Talmud Berakhot 6:1:9	https://www.sefaria.org/Jerusalem_Talmud_Berakhot.6.1.9	3	sage	personal	attested		Sefaria topics (CC BY-SA) + text: The Jerusalem Talmud, edition by Heinrich W. Guggenheimer. Berlin, De Gruyter, 1999-2015 (CC BY)	0.9
Tanhum	slug:jewish:rebbi-tanhum-b-yudan	Rebbi Tanhum b. Yudan		רִבִּי תַּנְחוּם בַּר יוּדָן	Rebbi Tanhum b. Yudan	Aramaic	Jewish	Rabbinic	Jerusalem Talmud	Jerusalem Talmud Berakhot	Jerusalem Talmud Berakhot 6:1:10	https://www.sefaria.org/Jerusalem_Talmud_Berakhot.6.1.10	7	sage	personal	attested		Sefaria topics (CC BY-SA) + text: The Jerusalem Talmud, edition by Heinrich W. Guggenheimer. Berlin, De Gruyter, 1999-2015 (CC BY)	0.9
Isaac	slug:jewish:rebbi-isaac-b-mari	Rebbi Isaac b. Mari		רִבִּי יִצְחָק בַּר מַרִי	Rebbi Isaac b. Mari	Aramaic	Jewish	Rabbinic	Jerusalem Talmud	Jerusalem Talmud Berakhot	Jerusalem Talmud Berakhot 6:1:15	https://www.sefaria.org/Jerusalem_Talmud_Berakhot.6.1.15	1	sage	personal	attested		Sefaria topics (CC BY-SA) + text: The Jerusalem Talmud, edition by Heinrich W. Guggenheimer. Berlin, De Gruyter, 1999-2015 (CC BY)	0.9
Bar Marinus	slug:jewish:bar-marinus	Bar Marinus		בַּר מָרִינָה	Bar Marinus	Aramaic	Jewish	Rabbinic	Jerusalem Talmud	Jerusalem Talmud Berakhot	Jerusalem Talmud Berakhot 6:1:17	https://www.sefaria.org/Jerusalem_Talmud_Berakhot.6.1.17	2	sage	personal	attested		Sefaria topics (CC BY-SA) + text: The Jerusalem Talmud, edition by Heinrich W. Guggenheimer. Berlin, De Gruyter, 1999-2015 (CC BY)	0.9
Abba	slug:jewish:rabbi-abba-b-yaakov	Rabbi Abba b. Ya'akov		רבי אבא בר יעקב	Rabbi Abba b. Ya'akov	Aramaic	Jewish	Rabbinic	Jerusalem Talmud	Jerusalem Talmud Berakhot	Jerusalem Talmud Berakhot 6:1:19	https://www.sefaria.org/Jerusalem_Talmud_Berakhot.6.1.19	8	sage	personal	attested		Sefaria topics (CC BY-SA) + text: The Jerusalem Talmud, edition by Heinrich W. Guggenheimer. Berlin, De Gruyter, 1999-2015 (CC BY)	0.9
Mana	slug:jewish:rabbi-mana-(ii)	Rabbi Mana (II), amora	boy	רבי מנא (2)	Rabbi Mana (II)	Aramaic	Jewish	Rabbinic	Jerusalem Talmud	Jerusalem Talmud Berakhot	Jerusalem Talmud Berakhot 6:5:3	https://www.sefaria.org/Jerusalem_Talmud_Berakhot.6.5.3	9	sage	personal	attested		Sefaria topics (CC BY-SA) + text: The Jerusalem Talmud, edition by Heinrich W. Guggenheimer. Berlin, De Gruyter, 1999-2015 (CC BY)	0.9
Marinos	slug:jewish:marinos-b-rebbi-joshua	Marinos b. Rebbi Joshua		מָרִינוֹס בֵּי רִבִּי יְהוֹשֻׁעַ	Marinos b. Rebbi Joshua	Aramaic	Jewish	Rabbinic	Jerusalem Talmud	Jerusalem Talmud Berakhot	Jerusalem Talmud Berakhot 6:5:5	https://www.sefaria.org/Jerusalem_Talmud_Berakhot.6.5.5	1	sage	personal	attested		Sefaria topics (CC BY-SA) + text: The Jerusalem Talmud, edition by Heinrich W. Guggenheimer. Berlin, De Gruyter, 1999-2015 (CC BY)	0.9
Isaac	slug:jewish:rebbi-isaac-b-abba-from-mehasia	Rebbi Isaac b. Abba from Mehasia		רִבִּי יִצְחָק בַּר אַבָּא בַּר מְחַסְּיָה	Rebbi Isaac b. Abba from Mehasia	Aramaic	Jewish	Rabbinic	Jerusalem Talmud	Jerusalem Talmud Berakhot	Jerusalem Talmud Berakhot 6:6:6	https://www.sefaria.org/Jerusalem_Talmud_Berakhot.6.6.6	2	sage	personal	attested		Sefaria topics (CC BY-SA) + text: The Jerusalem Talmud, edition by Heinrich W. Guggenheimer. Berlin, De Gruyter, 1999-2015 (CC BY)	0.9
Chananel	slug:jewish:rav-chananel	Rav Chananel		רב חננאל	Rav Chananel	Aramaic	Jewish	Rabbinic	Jerusalem Talmud	Jerusalem Talmud Berakhot	Jerusalem Talmud Berakhot 6:6:6	https://www.sefaria.org/Jerusalem_Talmud_Berakhot.6.6.6	11	sage	personal	attested		Sefaria topics (CC BY-SA) + text: The Jerusalem Talmud, edition by Heinrich W. Guggenheimer. Berlin, De Gruyter, 1999-2015 (CC BY)	0.9
Thaddeus	slug:jewish:rebbi-thaddeus	Rebbi Thaddeus		רִבִּי תַּדַּאי	Rebbi Thaddeus	Aramaic	Jewish	Rabbinic	Jerusalem Talmud	Jerusalem Talmud Berakhot	Jerusalem Talmud Berakhot 6:8:2	https://www.sefaria.org/Jerusalem_Talmud_Berakhot.6.8.2	1	sage	personal	attested		Sefaria topics (CC BY-SA) + text: The Jerusalem Talmud, edition by Heinrich W. Guggenheimer. Berlin, De Gruyter, 1999-2015 (CC BY)	0.9
Simeon	Q1773005	Simeon, Son of Jacob and Leah	boy	שמעון	Simeon	Aramaic	Jewish	Rabbinic	Jerusalem Talmud	Jerusalem Talmud Berakhot	Jerusalem Talmud Berakhot 6:8:2	https://www.sefaria.org/Jerusalem_Talmud_Berakhot.6.8.2	34	human	personal	attested		Sefaria topics (CC BY-SA) + text: The Jerusalem Talmud, edition by Heinrich W. Guggenheimer. Berlin, De Gruyter, 1999-2015 (CC BY)	0.9
Yitzhak	slug:jewish:rabbi-yitzhak-b-elyashiv	Rabbi Yitzhak b. Elyashiv		רבי יצחק בן אלישיב	Rabbi Yitzhak b. Elyashiv	Aramaic	Jewish	Rabbinic	Jerusalem Talmud	Jerusalem Talmud Berakhot	Jerusalem Talmud Berakhot 7:1:4	https://www.sefaria.org/Jerusalem_Talmud_Berakhot.7.1.4	3	sage	personal	attested		Sefaria topics (CC BY-SA) + text: The Jerusalem Talmud, edition by Heinrich W. Guggenheimer. Berlin, De Gruyter, 1999-2015 (CC BY)	0.9
Hanan	slug:jewish:rav-hanan	Rav Hanan		רב חנן	Rav Hanan	Aramaic	Jewish	Rabbinic	Jerusalem Talmud	Jerusalem Talmud Berakhot	Jerusalem Talmud Berakhot 7:1:5	https://www.sefaria.org/Jerusalem_Talmud_Berakhot.7.1.5	1	sage	personal	attested		Sefaria topics (CC BY-SA) + text: The Jerusalem Talmud, edition by Heinrich W. Guggenheimer. Berlin, De Gruyter, 1999-2015 (CC BY)	0.9
Abba Mari	slug:jewish:rebbi-abba-mari-the-brother-of-rebbi-yose	Rebbi Abba Mari, the brother of Rebbi Yose		רִבִּי אַבָּ מָרִי אַחֲוֵי דְּרִבִּי יוֹסֵי	Rebbi Abba Mari, the brother of Rebbi Yose	Aramaic	Jewish	Rabbinic	Jerusalem Talmud	Jerusalem Talmud Berakhot	Jerusalem Talmud Berakhot 7:1:7	https://www.sefaria.org/Jerusalem_Talmud_Berakhot.7.1.7	11	sage	personal	attested		Sefaria topics (CC BY-SA) + text: The Jerusalem Talmud, edition by Heinrich W. Guggenheimer. Berlin, De Gruyter, 1999-2015 (CC BY)	0.9
Simeon	slug:jewish:rebbi-simeon-the-brother-of-rebbi-berekhiah	Rebbi Simeon, the brother of Rebbi Berekhiah		רִבִּי שִׁמְעוֹן אַחֲוֵי דְּרִבִּי בְּרֶכְיָה	Rebbi Simeon, the brother of Rebbi Berekhiah	Aramaic	Jewish	Rabbinic	Jerusalem Talmud	Jerusalem Talmud Berakhot	Jerusalem Talmud Berakhot 7:1:8	https://www.sefaria.org/Jerusalem_Talmud_Berakhot.7.1.8	1	human	personal	attested		Sefaria topics (CC BY-SA) + text: The Jerusalem Talmud, edition by Heinrich W. Guggenheimer. Berlin, De Gruyter, 1999-2015 (CC BY)	0.9
Yossi	slug:jewish:rebbi-yossi-b-shaul	Rebbi Yossi b. Shaul		רבי יוסי בן שאול	Rebbi Yossi b. Shaul	Aramaic	Jewish	Rabbinic	Jerusalem Talmud	Jerusalem Talmud Berakhot	Jerusalem Talmud Berakhot 7:2:2	https://www.sefaria.org/Jerusalem_Talmud_Berakhot.7.2.2	9	sage	personal	attested		Sefaria topics (CC BY-SA) + text: The Jerusalem Talmud, edition by Heinrich W. Guggenheimer. Berlin, De Gruyter, 1999-2015 (CC BY)	0.9
Hanina	slug:jewish:rebbi-hanina-b-sisai	Rebbi Hanina b. Sisai		רבי אנינייא	Rebbi Hanina b. Sisai	Aramaic	Jewish	Rabbinic	Jerusalem Talmud	Jerusalem Talmud Berakhot	Jerusalem Talmud Berakhot 7:2:5	https://www.sefaria.org/Jerusalem_Talmud_Berakhot.7.2.5	6	sage	personal	attested		Sefaria topics (CC BY-SA) + text: The Jerusalem Talmud, edition by Heinrich W. Guggenheimer. Berlin, De Gruyter, 1999-2015 (CC BY)	0.9
Shmuel	slug:jewish:rabbi-shmuel-b-shilat	Rabbi Shmuel b. Shilat		רב שמואל בר שילת	Rabbi Shmuel b. Shilat	Aramaic	Jewish	Rabbinic	Jerusalem Talmud	Jerusalem Talmud Berakhot	Jerusalem Talmud Berakhot 7:2:6	https://www.sefaria.org/Jerusalem_Talmud_Berakhot.7.2.6	6	sage	personal	attested		Sefaria topics (CC BY-SA) + text: The Jerusalem Talmud, edition by Heinrich W. Guggenheimer. Berlin, De Gruyter, 1999-2015 (CC BY)	0.9
Shimon	Q338378	Shimon b. Shetach, Jewish Pharisee scholar (c. 140–60 BCE)	boy	שמעון בן שטח	Shimon b. Shetach	Aramaic	Jewish	Rabbinic	Jerusalem Talmud	Jerusalem Talmud Berakhot	Jerusalem Talmud Berakhot 7:2:7	https://www.sefaria.org/Jerusalem_Talmud_Berakhot.7.2.7	19	sage	personal	attested		Sefaria topics (CC BY-SA) + text: The Jerusalem Talmud, edition by Heinrich W. Guggenheimer. Berlin, De Gruyter, 1999-2015 (CC BY)	0.9
Hananiah	slug:jewish:rebbi-hananiah-the-colleague-of-the-rabbis	Rebbi Hananiah the colleague of the rabbis		רִבִּי חֲנַנְיָה חֲבֵרוֹן דְּרַבָּנִין	Rebbi Hananiah the colleague of the rabbis	Aramaic	Jewish	Rabbinic	Jerusalem Talmud	Jerusalem Talmud Berakhot	Jerusalem Talmud Berakhot 7:3:2	https://www.sefaria.org/Jerusalem_Talmud_Berakhot.7.3.2	24	sage	personal	attested		Sefaria topics (CC BY-SA) + text: The Jerusalem Talmud, edition by Heinrich W. Guggenheimer. Berlin, De Gruyter, 1999-2015 (CC BY)	0.9
Rava	Q1304973	Rava, talmudist	boy	רבא	Rava	Aramaic	Jewish	Rabbinic	Jerusalem Talmud	Jerusalem Talmud Berakhot	Jerusalem Talmud Berakhot 7:3:5	https://www.sefaria.org/Jerusalem_Talmud_Berakhot.7.3.5	2	sage	personal	attested		Sefaria topics (CC BY-SA) + text: The Jerusalem Talmud, edition by Heinrich W. Guggenheimer. Berlin, De Gruyter, 1999-2015 (CC BY)	0.9
Naftali	Q1771963	Naphtali, Son of Jacob	boy	נפתלי	Naftali	Aramaic	Jewish	Rabbinic	Jerusalem Talmud	Jerusalem Talmud Berakhot	Jerusalem Talmud Berakhot 7:5:7	https://www.sefaria.org/Jerusalem_Talmud_Berakhot.7.5.7	2	human	personal	attested		Sefaria topics (CC BY-SA) + text: The Jerusalem Talmud, edition by Heinrich W. Guggenheimer. Berlin, De Gruyter, 1999-2015 (CC BY)	0.9
Zeriqan	slug:jewish:rebbi-zeriqan-b-the-father-in-law-of-rebbi-zeriqan	Rebbi Zeriqan b. the father-in-law of Rebbi Zeriqan		רִבִּי זְרִיקָן בַּר חָמוֹי דְּרִבִּי זְרִיקָן	Rebbi Zeriqan b. the father-in-law of Rebbi Zeriqan	Aramaic	Jewish	Rabbinic	Jerusalem Talmud	Jerusalem Talmud Berakhot	Jerusalem Talmud Berakhot 7:5:10	https://www.sefaria.org/Jerusalem_Talmud_Berakhot.7.5.10	1	sage	personal	attested		Sefaria topics (CC BY-SA) + text: The Jerusalem Talmud, edition by Heinrich W. Guggenheimer. Berlin, De Gruyter, 1999-2015 (CC BY)	0.9
Sabbatai	slug:jewish:rebbi-sabbatai	Rebbi Sabbatai		רִבִּי שׁוֹבְתַיי	Rebbi Sabbatai	Aramaic	Jewish	Rabbinic	Jerusalem Talmud	Jerusalem Talmud Berakhot	Jerusalem Talmud Berakhot 8:2:5	https://www.sefaria.org/Jerusalem_Talmud_Berakhot.8.2.5	9	sage	personal	attested		Sefaria topics (CC BY-SA) + text: The Jerusalem Talmud, edition by Heinrich W. Guggenheimer. Berlin, De Gruyter, 1999-2015 (CC BY)	0.9
Hama	slug:jewish:rav-hama	Rav Hama, amora	boy	רב חמא	Rav Hama	Aramaic	Jewish	Rabbinic	Jerusalem Talmud	Jerusalem Talmud Berakhot	Jerusalem Talmud Berakhot 8:2:9	https://www.sefaria.org/Jerusalem_Talmud_Berakhot.8.2.9	8	sage	personal	attested		Sefaria topics (CC BY-SA) + text: The Jerusalem Talmud, edition by Heinrich W. Guggenheimer. Berlin, De Gruyter, 1999-2015 (CC BY)	0.85
Yose	slug:jewish:rebbi-yose-b-bar-cahana	Rebbi Yose b. bar Cahana		רִבִּי יוֹסֵי בַּר בַּר כַּהָנָא	Rebbi Yose b. bar Cahana	Aramaic	Jewish	Rabbinic	Jerusalem Talmud	Jerusalem Talmud Berakhot	Jerusalem Talmud Berakhot 8:2:9	https://www.sefaria.org/Jerusalem_Talmud_Berakhot.8.2.9	1	sage	personal	attested		Sefaria topics (CC BY-SA) + text: The Jerusalem Talmud, edition by Heinrich W. Guggenheimer. Berlin, De Gruyter, 1999-2015 (CC BY)	0.9
Anah	slug:jewish:anah	Anah		ענה בן צבעון	Anah	Aramaic	Jewish	Rabbinic	Jerusalem Talmud	Jerusalem Talmud Berakhot	Jerusalem Talmud Berakhot 8:5:6	https://www.sefaria.org/Jerusalem_Talmud_Berakhot.8.5.6	2	human	personal	attested		Sefaria topics (CC BY-SA) + text: The Jerusalem Talmud, edition by Heinrich W. Guggenheimer. Berlin, De Gruyter, 1999-2015 (CC BY)	0.9
Adam	Q70899	Adam, the first man	boy	אדם הראשון	Adam	Aramaic	Jewish	Rabbinic	Jerusalem Talmud	Jerusalem Talmud Berakhot	Jerusalem Talmud Berakhot 8:5:8	https://www.sefaria.org/Jerusalem_Talmud_Berakhot.8.5.8	12	human	personal	attested		Sefaria topics (CC BY-SA) + text: The Jerusalem Talmud, edition by Heinrich W. Guggenheimer. Berlin, De Gruyter, 1999-2015 (CC BY)	0.9
Yohanan	slug:jewish:rebbi-yohanan-from-karion	Rebbi Yohanan from Karẓion		רִבִּי יוֹחָנָן דְּקַרְצִיוֹן	Rebbi Yohanan from Karẓion	Aramaic	Jewish	Rabbinic	Jerusalem Talmud	Jerusalem Talmud Berakhot	Jerusalem Talmud Berakhot 8:6:4	https://www.sefaria.org/Jerusalem_Talmud_Berakhot.8.6.4	1	sage	personal	attested		Sefaria topics (CC BY-SA) + text: The Jerusalem Talmud, edition by Heinrich W. Guggenheimer. Berlin, De Gruyter, 1999-2015 (CC BY)	0.9
Nahum	slug:jewish:rebbi-nahum-b-simai	Rebbi Nahum b. Simai		רִבִּי נָחוּם בַּר סִימַאי	Rebbi Nahum b. Simai	Aramaic	Jewish	Rabbinic	Jerusalem Talmud	Jerusalem Talmud Berakhot	Jerusalem Talmud Berakhot 8:6:4	https://www.sefaria.org/Jerusalem_Talmud_Berakhot.8.6.4	3	sage	personal	attested		Sefaria topics (CC BY-SA) + text: The Jerusalem Talmud, edition by Heinrich W. Guggenheimer. Berlin, De Gruyter, 1999-2015 (CC BY)	0.9
Zeïra	slug:jewish:rebbi-zera-b-rebbi-abbahu	Rebbi Zeïra b. Rebbi Abbahu		רִבִּי זְעִירָה בְּרֵיהּ דְּרִבִּי אַבָּהוּ	Rebbi Zeïra b. Rebbi Abbahu	Aramaic	Jewish	Rabbinic	Jerusalem Talmud	Jerusalem Talmud Berakhot	Jerusalem Talmud Berakhot 8:6:9	https://www.sefaria.org/Jerusalem_Talmud_Berakhot.8.6.9	3	sage	personal	attested		Sefaria topics (CC BY-SA) + text: The Jerusalem Talmud, edition by Heinrich W. Guggenheimer. Berlin, De Gruyter, 1999-2015 (CC BY)	0.9
Book of Job	Q179962	Job, the righteous sufferer	boy	ספר איוב	Book of Job	Aramaic	Jewish	Rabbinic	Jerusalem Talmud	Jerusalem Talmud Berakhot	Jerusalem Talmud Berakhot 8:6:9	https://www.sefaria.org/Jerusalem_Talmud_Berakhot.8.6.9	16	human	personal	attested		Sefaria topics (CC BY-SA) + text: The Jerusalem Talmud, edition by Heinrich W. Guggenheimer. Berlin, De Gruyter, 1999-2015 (CC BY)	0.9
Justus	slug:jewish:rebbi-justus	Rebbi Justus		רִבִּי יוּסְטָא	Rebbi Justus	Aramaic	Jewish	Rabbinic	Jerusalem Talmud	Jerusalem Talmud Berakhot	Jerusalem Talmud Berakhot 8:7:2	https://www.sefaria.org/Jerusalem_Talmud_Berakhot.8.7.2	13	sage	personal	attested		Sefaria topics (CC BY-SA) + text: The Jerusalem Talmud, edition by Heinrich W. Guggenheimer. Berlin, De Gruyter, 1999-2015 (CC BY)	0.9
Justus	slug:jewish:rebbi-justus-b-shunem	Rebbi Justus b. Shunem		רִבִּי יוּסְטָא בַר שׁוּנֶם	Rebbi Justus b. Shunem	Aramaic	Jewish	Rabbinic	Jerusalem Talmud	Jerusalem Talmud Berakhot	Jerusalem Talmud Berakhot 8:7:2	https://www.sefaria.org/Jerusalem_Talmud_Berakhot.8.7.2	10	sage	personal	attested		Sefaria topics (CC BY-SA) + text: The Jerusalem Talmud, edition by Heinrich W. Guggenheimer. Berlin, De Gruyter, 1999-2015 (CC BY)	0.9
Hiyya	slug:jewish:rav-hiyya-b-rav	Rav Hiyya b. Rav, amora	boy	רב הייא בר רב	Rav Hiyya b. Rav	Aramaic	Jewish	Rabbinic	Jerusalem Talmud	Jerusalem Talmud Berakhot	Jerusalem Talmud Berakhot 8:8:3	https://www.sefaria.org/Jerusalem_Talmud_Berakhot.8.8.3	9	sage	personal	attested		Sefaria topics (CC BY-SA) + text: The Jerusalem Talmud, edition by Heinrich W. Guggenheimer. Berlin, De Gruyter, 1999-2015 (CC BY)	0.9
[Shimon]	slug:jewish:shimon-b-azzai	[Shimon] b. Azzai, tanna	boy	בן עזאי	[Shimon] b. Azzai	Aramaic	Jewish	Rabbinic	Jerusalem Talmud	Jerusalem Talmud Berakhot	Jerusalem Talmud Berakhot 8:8:6	https://www.sefaria.org/Jerusalem_Talmud_Berakhot.8.8.6	56	sage	personal	attested		Sefaria topics (CC BY-SA) + text: The Jerusalem Talmud, edition by Heinrich W. Guggenheimer. Berlin, De Gruyter, 1999-2015 (CC BY)	0.9
Yoav	Q1141064	Joab, Son of Zeruiah	boy	יואב	Yoav	Aramaic	Jewish	Rabbinic	Jerusalem Talmud	Jerusalem Talmud Berakhot	Jerusalem Talmud Berakhot 9:1:3	https://www.sefaria.org/Jerusalem_Talmud_Berakhot.9.1.3	7	human	personal	attested		Sefaria topics (CC BY-SA) + text: The Jerusalem Talmud, edition by Heinrich W. Guggenheimer. Berlin, De Gruyter, 1999-2015 (CC BY)	0.9
Eve	Q830183	Eve, First woman	girl	חוה	Eve	Aramaic	Jewish	Rabbinic	Jerusalem Talmud	Jerusalem Talmud Berakhot	Jerusalem Talmud Berakhot 9:1:9	https://www.sefaria.org/Jerusalem_Talmud_Berakhot.9.1.9	5	human	personal	attested		Sefaria topics (CC BY-SA) + text: The Jerusalem Talmud, edition by Heinrich W. Guggenheimer. Berlin, De Gruyter, 1999-2015 (CC BY)	0.9
Caesar	slug:jewish:caesar1	Caesar		קֵיסַר	Caesar	Aramaic	Jewish	Rabbinic	Jerusalem Talmud	Jerusalem Talmud Berakhot	Jerusalem Talmud Berakhot 9:1:10	https://www.sefaria.org/Jerusalem_Talmud_Berakhot.9.1.10	1	sage	title	attested		Sefaria topics (CC BY-SA) + text: The Jerusalem Talmud, edition by Heinrich W. Guggenheimer. Berlin, De Gruyter, 1999-2015 (CC BY)	0.9
Yehudah	slug:jewish:rebbi-yehudah-b-rebbi-simon	Rebbi Yehudah b. Rebbi Simon		רב יהודה בר סימון	Rebbi Yehudah b. Rebbi Simon	Aramaic	Jewish	Rabbinic	Jerusalem Talmud	Jerusalem Talmud Berakhot	Jerusalem Talmud Berakhot 9:1:13	https://www.sefaria.org/Jerusalem_Talmud_Berakhot.9.1.13	1	sage	personal	attested		Sefaria topics (CC BY-SA) + text: The Jerusalem Talmud, edition by Heinrich W. Guggenheimer. Berlin, De Gruyter, 1999-2015 (CC BY)	0.9
Red Rebbi Abba	slug:jewish:red-rebbi-abba	Red Rebbi Abba		רִבִּי אַבָּא סְמוּקָה	Red Rebbi Abba	Aramaic	Jewish	Rabbinic	Jerusalem Talmud	Jerusalem Talmud Berakhot	Jerusalem Talmud Berakhot 9:1:13	https://www.sefaria.org/Jerusalem_Talmud_Berakhot.9.1.13	1	sage	personal	attested		Sefaria topics (CC BY-SA) + text: The Jerusalem Talmud, edition by Heinrich W. Guggenheimer. Berlin, De Gruyter, 1999-2015 (CC BY)	0.9
Aviyatar	slug:jewish:rabbi-aviyatar	Rabbi Aviyatar		רבי אביתר	Rabbi Aviyatar	Aramaic	Jewish	Rabbinic	Jerusalem Talmud	Jerusalem Talmud Berakhot	Jerusalem Talmud Berakhot 9:1:14	https://www.sefaria.org/Jerusalem_Talmud_Berakhot.9.1.14	2	sage	personal	attested		Sefaria topics (CC BY-SA) + text: The Jerusalem Talmud, edition by Heinrich W. Guggenheimer. Berlin, De Gruyter, 1999-2015 (CC BY)	0.9
Pharaoh	Q659203	Pharaoh, king of Egypt in the Exodus story	boy	פרעה	Pharaoh	Aramaic	Jewish	Rabbinic	Jerusalem Talmud	Jerusalem Talmud Berakhot	Jerusalem Talmud Berakhot 9:1:14	https://www.sefaria.org/Jerusalem_Talmud_Berakhot.9.1.14	11	royal	personal	attested		Sefaria topics (CC BY-SA) + text: The Jerusalem Talmud, edition by Heinrich W. Guggenheimer. Berlin, De Gruyter, 1999-2015 (CC BY)	0.9
Yehoshafat	Q126689	Jehoshaphat, Son of Asa	boy	יהושפט	Yehoshafat	Aramaic	Jewish	Rabbinic	Jerusalem Talmud	Jerusalem Talmud Berakhot	Jerusalem Talmud Berakhot 9:1:21	https://www.sefaria.org/Jerusalem_Talmud_Berakhot.9.1.21	3	royal	personal	attested		Sefaria topics (CC BY-SA) + text: The Jerusalem Talmud, edition by Heinrich W. Guggenheimer. Berlin, De Gruyter, 1999-2015 (CC BY)	0.9
Nehorai	slug:jewish:rabbi-nehorai	Rabbi Nehorai, tanna	boy	רבי נהוראי	Rabbi Nehorai	Aramaic	Jewish	Rabbinic	Jerusalem Talmud	Jerusalem Talmud Berakhot	Jerusalem Talmud Berakhot 9:2:4	https://www.sefaria.org/Jerusalem_Talmud_Berakhot.9.2.4	6	sage	personal	attested		Sefaria topics (CC BY-SA) + text: The Jerusalem Talmud, edition by Heinrich W. Guggenheimer. Berlin, De Gruyter, 1999-2015 (CC BY)	0.9
Yehuda	slug:jewish:rabbi-yehuda-b-rabbi-shalom	Rabbi Yehuda b. Rabbi Shalom		רבי יהודה ברבי שלום	Rabbi Yehuda b. Rabbi Shalom	Aramaic	Jewish	Rabbinic	Jerusalem Talmud	Jerusalem Talmud Berakhot	Jerusalem Talmud Berakhot 9:2:10	https://www.sefaria.org/Jerusalem_Talmud_Berakhot.9.2.10	14	sage	personal	attested		Sefaria topics (CC BY-SA) + text: The Jerusalem Talmud, edition by Heinrich W. Guggenheimer. Berlin, De Gruyter, 1999-2015 (CC BY)	0.9
Simeon Qamateria	slug:jewish:simeon-qamateria	Simeon Qamateria		שִׁמְעוֹן קָמָטֵרִיָּא	Simeon Qamateria	Aramaic	Jewish	Rabbinic	Jerusalem Talmud	Jerusalem Talmud Berakhot	Jerusalem Talmud Berakhot 9:2:11	https://www.sefaria.org/Jerusalem_Talmud_Berakhot.9.2.11	2	sage	personal	attested		Sefaria topics (CC BY-SA) + text: The Jerusalem Talmud, edition by Heinrich W. Guggenheimer. Berlin, De Gruyter, 1999-2015 (CC BY)	0.9
Yehonatan ben Gershom	Q6272377	Jonathan, A Levite who served as a priest for Dan	boy	יהונתן בן גרשם	Yehonatan ben Gershom	Aramaic	Jewish	Rabbinic	Jerusalem Talmud	Jerusalem Talmud Berakhot	Jerusalem Talmud Berakhot 9:2:12	https://www.sefaria.org/Jerusalem_Talmud_Berakhot.9.2.12	2	human	personal	attested		Sefaria topics (CC BY-SA) + text: The Jerusalem Talmud, edition by Heinrich W. Guggenheimer. Berlin, De Gruyter, 1999-2015 (CC BY)	0.9
ben Mosheh	slug:jewish:ben-mosheh	ben Mosheh		בֶּן מִֹשֶׁה	ben Mosheh	Aramaic	Jewish	Rabbinic	Jerusalem Talmud	Jerusalem Talmud Berakhot	Jerusalem Talmud Berakhot 9:2:12	https://www.sefaria.org/Jerusalem_Talmud_Berakhot.9.2.12	1	human	personal	attested		Sefaria topics (CC BY-SA) + text: The Jerusalem Talmud, edition by Heinrich W. Guggenheimer. Berlin, De Gruyter, 1999-2015 (CC BY)	0.9
Shevuel	slug:jewish:shevuel	Shevuel		שבואל	Shevuel	Aramaic	Jewish	Rabbinic	Jerusalem Talmud	Jerusalem Talmud Berakhot	Jerusalem Talmud Berakhot 9:2:12	https://www.sefaria.org/Jerusalem_Talmud_Berakhot.9.2.12	1	human	personal	attested		Sefaria topics (CC BY-SA) + text: The Jerusalem Talmud, edition by Heinrich W. Guggenheimer. Berlin, De Gruyter, 1999-2015 (CC BY)	0.9
Yose	slug:jewish:rebbi-yose-b-rebbi-nahorai	Rebbi Yose b. Rebbi Nahorai		רבי יוסי בן נהוראי	Rebbi Yose b. Rebbi Nahorai	Aramaic	Jewish	Rabbinic	Jerusalem Talmud	Jerusalem Talmud Berakhot	Jerusalem Talmud Berakhot 9:2:15	https://www.sefaria.org/Jerusalem_Talmud_Berakhot.9.2.15	4	sage	personal	attested		Sefaria topics (CC BY-SA) + text: The Jerusalem Talmud, edition by Heinrich W. Guggenheimer. Berlin, De Gruyter, 1999-2015 (CC BY)	0.9
Yannai	slug:jewish:rabbi-yannai-b-yishmael	Rabbi Yannai b. Yishmael		רבי ינאי בר ישמעאל	Rabbi Yannai b. Yishmael	Aramaic	Jewish	Rabbinic	Jerusalem Talmud	Jerusalem Talmud Berakhot	Jerusalem Talmud Berakhot 9:2:20	https://www.sefaria.org/Jerusalem_Talmud_Berakhot.9.2.20	7	sage	personal	attested		Sefaria topics (CC BY-SA) + text: The Jerusalem Talmud, edition by Heinrich W. Guggenheimer. Berlin, De Gruyter, 1999-2015 (CC BY)	0.9
Adda	slug:jewish:rav-adda-b-avimi	Rav Adda b. Avimi		רב אדא בר אבימי	Rav Adda b. Avimi	Aramaic	Jewish	Rabbinic	Jerusalem Talmud	Jerusalem Talmud Berakhot	Jerusalem Talmud Berakhot 9:2:20	https://www.sefaria.org/Jerusalem_Talmud_Berakhot.9.2.20	1	sage	personal	attested		Sefaria topics (CC BY-SA) + text: The Jerusalem Talmud, edition by Heinrich W. Guggenheimer. Berlin, De Gruyter, 1999-2015 (CC BY)	0.9
Yose	slug:jewish:rebbi-yose-b-jacob	Rebbi Yose b. Jacob		רִבִּי יוֹסֵה בַּר יַעֲקֹב	Rebbi Yose b. Jacob	Aramaic	Jewish	Rabbinic	Jerusalem Talmud	Jerusalem Talmud Berakhot	Jerusalem Talmud Berakhot 9:2:21	https://www.sefaria.org/Jerusalem_Talmud_Berakhot.9.2.21	5	sage	personal	attested		Sefaria topics (CC BY-SA) + text: The Jerusalem Talmud, edition by Heinrich W. Guggenheimer. Berlin, De Gruyter, 1999-2015 (CC BY)	0.9
Hanina	slug:jewish:rebbi-hanina-b-yaqqa	Rebbi Hanina b. Yaqqa		רִבִּי חֲנִינָה בַּריַקָּה	Rebbi Hanina b. Yaqqa	Aramaic	Jewish	Rabbinic	Jerusalem Talmud	Jerusalem Talmud Berakhot	Jerusalem Talmud Berakhot 9:2:24	https://www.sefaria.org/Jerusalem_Talmud_Berakhot.9.2.24	5	sage	personal	attested		Sefaria topics (CC BY-SA) + text: The Jerusalem Talmud, edition by Heinrich W. Guggenheimer. Berlin, De Gruyter, 1999-2015 (CC BY)	0.9
Elazar	Q159443	Eleazar, Son of Aaron	boy	אלעזר	Elazar	Aramaic	Jewish	Rabbinic	Jerusalem Talmud	Jerusalem Talmud Berakhot	Jerusalem Talmud Berakhot 9:2:24	https://www.sefaria.org/Jerusalem_Talmud_Berakhot.9.2.24	11	human	personal	attested		Sefaria topics (CC BY-SA) + text: The Jerusalem Talmud, edition by Heinrich W. Guggenheimer. Berlin, De Gruyter, 1999-2015 (CC BY)	0.9
Abba	slug:jewish:rebbi-abba-father-of-rebbi-abba-mari	Rebbi Abba, father of Rebbi Abba Mari		רִבִּי בָּא אֲבוּהּ דְּרִיבִּי בָּא מַארִי	Rebbi Abba, father of Rebbi Abba Mari	Aramaic	Jewish	Rabbinic	Jerusalem Talmud	Jerusalem Talmud Berakhot	Jerusalem Talmud Berakhot 9:3:2	https://www.sefaria.org/Jerusalem_Talmud_Berakhot.9.3.2	2	sage	personal	attested		Sefaria topics (CC BY-SA) + text: The Jerusalem Talmud, edition by Heinrich W. Guggenheimer. Berlin, De Gruyter, 1999-2015 (CC BY)	0.9
Dinah	Q122035	Dinah, Daughter of Jacob and Leah	girl	דינה	Dinah	Aramaic	Jewish	Rabbinic	Jerusalem Talmud	Jerusalem Talmud Berakhot	Jerusalem Talmud Berakhot 9:3:8	https://www.sefaria.org/Jerusalem_Talmud_Berakhot.9.3.8	3	human	personal	attested		Sefaria topics (CC BY-SA) + text: The Jerusalem Talmud, edition by Heinrich W. Guggenheimer. Berlin, De Gruyter, 1999-2015 (CC BY)	0.9
Rachel	Q207389	Rachel, Wife of Jacob	girl	רחל	Rachel	Aramaic	Jewish	Rabbinic	Jerusalem Talmud	Jerusalem Talmud Berakhot	Jerusalem Talmud Berakhot 9:3:8	https://www.sefaria.org/Jerusalem_Talmud_Berakhot.9.3.8	6	human	personal	attested		Sefaria topics (CC BY-SA) + text: The Jerusalem Talmud, edition by Heinrich W. Guggenheimer. Berlin, De Gruyter, 1999-2015 (CC BY)	0.9
Hillel	Q319219	Hillel, Jewish religious leader of the 1st century	boy	הִלֵּל	Hillel	Aramaic	Jewish	Rabbinic	Jerusalem Talmud	Jerusalem Talmud Berakhot	Jerusalem Talmud Berakhot 9:3:9	https://www.sefaria.org/Jerusalem_Talmud_Berakhot.9.3.9	19	sage	personal	attested		Sefaria topics (CC BY-SA) + text: The Jerusalem Talmud, edition by Heinrich W. Guggenheimer. Berlin, De Gruyter, 1999-2015 (CC BY)	0.9
Hilqiah	slug:jewish:rebbi-hilqiah	Rebbi Hilqiah		רבי חלקיה	Rebbi Hilqiah	Aramaic	Jewish	Rabbinic	Jerusalem Talmud	Jerusalem Talmud Berakhot	Jerusalem Talmud Berakhot 9:4:4	https://www.sefaria.org/Jerusalem_Talmud_Berakhot.9.4.4	12	sage	personal	attested		Sefaria topics (CC BY-SA) + text: The Jerusalem Talmud, edition by Heinrich W. Guggenheimer. Berlin, De Gruyter, 1999-2015 (CC BY)	0.9
Boaz	Q212253	Boaz, Kinsman-redeemer who married Ruth	boy	בועז	Boaz	Aramaic	Jewish	Rabbinic	Jerusalem Talmud	Jerusalem Talmud Berakhot	Jerusalem Talmud Berakhot 9:5:1	https://www.sefaria.org/Jerusalem_Talmud_Berakhot.9.5.1	6	human	personal	attested		Sefaria topics (CC BY-SA) + text: The Jerusalem Talmud, edition by Heinrich W. Guggenheimer. Berlin, De Gruyter, 1999-2015 (CC BY)	0.9
Yudan	slug:jewish:rebbi-yudan-b-pelaya	Rebbi Yudan b. Pelaya		רִבִּי יוּדָן בֶּן פְּלָיָה	Rebbi Yudan b. Pelaya	Aramaic	Jewish	Rabbinic	Jerusalem Talmud	Jerusalem Talmud Berakhot	Jerusalem Talmud Berakhot 9:5:5	https://www.sefaria.org/Jerusalem_Talmud_Berakhot.9.5.5	1	sage	personal	attested		Sefaria topics (CC BY-SA) + text: The Jerusalem Talmud, edition by Heinrich W. Guggenheimer. Berlin, De Gruyter, 1999-2015 (CC BY)	0.9
Nehemiah	slug:jewish:nehemiah-from-emmaus	Nehemiah from Emmaus		נְחֶמְיָה עֵימֹסוֹנִי	Nehemiah from Emmaus	Aramaic	Jewish	Rabbinic	Jerusalem Talmud	Jerusalem Talmud Berakhot	Jerusalem Talmud Berakhot 9:5:10	https://www.sefaria.org/Jerusalem_Talmud_Berakhot.9.5.10	1	sage	personal	attested		Sefaria topics (CC BY-SA) + text: The Jerusalem Talmud, edition by Heinrich W. Guggenheimer. Berlin, De Gruyter, 1999-2015 (CC BY)	0.9
Yose	slug:jewish:rabbi-yose-b-yehudah	Rabbi Yose b. Yehudah, tanna	boy	רבי יוסי בר ר יהודה	Rabbi Yose b. Yehudah	Aramaic	Jewish	Rabbinic	Jerusalem Talmud	Jerusalem Talmud Berakhot	Jerusalem Talmud Berakhot 9:5:13	https://www.sefaria.org/Jerusalem_Talmud_Berakhot.9.5.13	30	sage	personal	attested		Sefaria topics (CC BY-SA) + text: The Jerusalem Talmud, edition by Heinrich W. Guggenheimer. Berlin, De Gruyter, 1999-2015 (CC BY)	0.9
Yose	slug:jewish:rebbi-yose-b-simeon-b-abba	Rebbi Yose b. Simeon b. Abba		רִבִּי יוֹסֵי בַּר שִׁמְעוֹן בַּר בָּא	Rebbi Yose b. Simeon b. Abba	Aramaic	Jewish	Rabbinic	Jerusalem Talmud	Jerusalem Talmud Berakhot	Jerusalem Talmud Berakhot 9:5:16	https://www.sefaria.org/Jerusalem_Talmud_Berakhot.9.5.16	1	sage	personal	attested		Sefaria topics (CC BY-SA) + text: The Jerusalem Talmud, edition by Heinrich W. Guggenheimer. Berlin, De Gruyter, 1999-2015 (CC BY)	0.9
Abba	slug:jewish:rav-abba-b-ilay	Rav Abba b. Ilay		רַב אַבָּא בַּר עִילַאי	Rav Abba b. Ilay	Aramaic	Jewish	Rabbinic	Jerusalem Talmud	Jerusalem Talmud Berakhot	Jerusalem Talmud Berakhot 9:5:16	https://www.sefaria.org/Jerusalem_Talmud_Berakhot.9.5.16	3	sage	personal	attested		Sefaria topics (CC BY-SA) + text: The Jerusalem Talmud, edition by Heinrich W. Guggenheimer. Berlin, De Gruyter, 1999-2015 (CC BY)	0.9
Joshua	Q7734	Joshua, Moses' assistant who led Israel into Canaan	boy	יהושע	Joshua	Aramaic	Jewish	Rabbinic	Jerusalem Talmud	Jerusalem Talmud Berakhot	Jerusalem Talmud Berakhot 9:5:16	https://www.sefaria.org/Jerusalem_Talmud_Berakhot.9.5.16	53	human	personal	attested		Sefaria topics (CC BY-SA) + text: The Jerusalem Talmud, edition by Heinrich W. Guggenheimer. Berlin, De Gruyter, 1999-2015 (CC BY)	0.9
Esther	Q732413	Esther, Jewish queen of Persia	girl	אסתר	Esther	Aramaic	Jewish	Rabbinic	Jerusalem Talmud	Jerusalem Talmud Berakhot	Jerusalem Talmud Berakhot 9:5:16	https://www.sefaria.org/Jerusalem_Talmud_Berakhot.9.5.16	15	human	personal	attested		Sefaria topics (CC BY-SA) + text: The Jerusalem Talmud, edition by Heinrich W. Guggenheimer. Berlin, De Gruyter, 1999-2015 (CC BY)	0.9
Elkanah	Q2424977	Elkanah, The father of the prophet Samuel	boy	אלקנה	Elkanah	Aramaic	Jewish	Rabbinic	Jerusalem Talmud	Jerusalem Talmud Berakhot	Jerusalem Talmud Berakhot 9:5:17	https://www.sefaria.org/Jerusalem_Talmud_Berakhot.9.5.17	1	human	personal	attested		Sefaria topics (CC BY-SA) + text: The Jerusalem Talmud, edition by Heinrich W. Guggenheimer. Berlin, De Gruyter, 1999-2015 (CC BY)	0.9
Yose	slug:jewish:rebbi-yose-b-gezirah	Rebbi Yose b. Gezirah		רִבִּי יוֹסֵי בֶּן גְּזִירָה	Rebbi Yose b. Gezirah	Aramaic	Jewish	Rabbinic	Jerusalem Talmud	Jerusalem Talmud Berakhot	Jerusalem Talmud Berakhot 9:5:19	https://www.sefaria.org/Jerusalem_Talmud_Berakhot.9.5.19	1	sage	personal	attested		Sefaria topics (CC BY-SA) + text: The Jerusalem Talmud, edition by Heinrich W. Guggenheimer. Berlin, De Gruyter, 1999-2015 (CC BY)	0.9
Benjamin	slug:jewish:rebbi-benjamin-b-levi	Rebbi Benjamin b. Levi		רִבִּי בִּנְיָמִין בַּר לֵוִי	Rebbi Benjamin b. Levi	Aramaic	Jewish	Rabbinic	Jerusalem Talmud	Jerusalem Talmud Peah	Jerusalem Talmud Peah 1:1:2	https://www.sefaria.org/Jerusalem_Talmud_Peah.1.1.2	3	sage	personal	attested		Sefaria topics (CC BY-SA) + text: The Jerusalem Talmud, edition by Heinrich W. Guggenheimer. Berlin, De Gruyter, 1999-2015 (CC BY)	0.9
Benjamin	slug:jewish:rebbi-benjamin	Rebbi Benjamin		רִבִּי בִנְיָמִין	Rebbi Benjamin	Aramaic	Jewish	Rabbinic	Jerusalem Talmud	Jerusalem Talmud Peah	Jerusalem Talmud Peah 1:1:2	https://www.sefaria.org/Jerusalem_Talmud_Peah.1.1.2	6	sage	personal	attested		Sefaria topics (CC BY-SA) + text: The Jerusalem Talmud, edition by Heinrich W. Guggenheimer. Berlin, De Gruyter, 1999-2015 (CC BY)	0.9
Gamliel	slug:jewish:rebbi-gamliel-b-ininia	Rebbi Gamliel b. Ininia		רִבִּי גַמְלִיאֵל בֶּן אִינִינִִיָּא	Rebbi Gamliel b. Ininia	Aramaic	Jewish	Rabbinic	Jerusalem Talmud	Jerusalem Talmud Peah	Jerusalem Talmud Peah 1:1:12	https://www.sefaria.org/Jerusalem_Talmud_Peah.1.1.12	4	sage	personal	attested		Sefaria topics (CC BY-SA) + text: The Jerusalem Talmud, edition by Heinrich W. Guggenheimer. Berlin, De Gruyter, 1999-2015 (CC BY)	0.9
Abba Shaul	slug:jewish:abba-shaul	Abba Shaul	boy	אבא שאול	Abba Shaul	Aramaic	Jewish	Rabbinic	Jerusalem Talmud	Jerusalem Talmud Peah	Jerusalem Talmud Peah 1:1:15	https://www.sefaria.org/Jerusalem_Talmud_Peah.1.1.15	49	sage	personal	attested		Sefaria topics (CC BY-SA) + text: The Jerusalem Talmud, edition by Heinrich W. Guggenheimer. Berlin, De Gruyter, 1999-2015 (CC BY)	0.9
Yeshevav	slug:jewish:rabbi-yeshevav	Rabbi Yeshevav		רבי ישבב	Rabbi Yeshevav	Aramaic	Jewish	Rabbinic	Jerusalem Talmud	Jerusalem Talmud Peah	Jerusalem Talmud Peah 1:1:16	https://www.sefaria.org/Jerusalem_Talmud_Peah.1.1.16	1	sage	personal	attested		Sefaria topics (CC BY-SA) + text: The Jerusalem Talmud, edition by Heinrich W. Guggenheimer. Berlin, De Gruyter, 1999-2015 (CC BY)	0.9
Betzalel	Q853439	Bezalel, Skilled craftsman who built the tabernacle	boy	בצלאל	Betzalel	Aramaic	Jewish	Rabbinic	Jerusalem Talmud	Jerusalem Talmud Peah	Jerusalem Talmud Peah 1:1:17	https://www.sefaria.org/Jerusalem_Talmud_Peah.1.1.17	1	human	personal	attested		Sefaria topics (CC BY-SA) + text: The Jerusalem Talmud, edition by Heinrich W. Guggenheimer. Berlin, De Gruyter, 1999-2015 (CC BY)	0.9
Banna'ah	slug:jewish:rabbi-bannaah	Rabbi Banna'ah	boy	רבי בנאה	Rabbi Banna'ah	Aramaic	Jewish	Rabbinic	Jerusalem Talmud	Jerusalem Talmud Peah	Jerusalem Talmud Peah 1:1:17	https://www.sefaria.org/Jerusalem_Talmud_Peah.1.1.17	16	sage	personal	attested		Sefaria topics (CC BY-SA) + text: The Jerusalem Talmud, edition by Heinrich W. Guggenheimer. Berlin, De Gruyter, 1999-2015 (CC BY)	0.9
Chur	Q492665	Hur, A companion of Moses and grandfather of Bezalel	boy	חור	Chur	Aramaic	Jewish	Rabbinic	Jerusalem Talmud	Jerusalem Talmud Peah	Jerusalem Talmud Peah 1:1:17	https://www.sefaria.org/Jerusalem_Talmud_Peah.1.1.17	1	human	personal	attested		Sefaria topics (CC BY-SA) + text: The Jerusalem Talmud, edition by Heinrich W. Guggenheimer. Berlin, De Gruyter, 1999-2015 (CC BY)	0.9
Judah	Q282220	Judah, Israelite tribe	boy	יהודה	Judah	Aramaic	Jewish	Rabbinic	Jerusalem Talmud	Jerusalem Talmud Peah	Jerusalem Talmud Peah 1:1:17	https://www.sefaria.org/Jerusalem_Talmud_Peah.1.1.17	72	human	personal	attested		Sefaria topics (CC BY-SA) + text: The Jerusalem Talmud, edition by Heinrich W. Guggenheimer. Berlin, De Gruyter, 1999-2015 (CC BY)	0.9
Dosa	slug:jewish:rabbi-dosa	Rabbi Dosa, tanna	boy	רבי דוסא	Rabbi Dosa	Aramaic	Jewish	Rabbinic	Jerusalem Talmud	Jerusalem Talmud Peah	Jerusalem Talmud Peah 1:1:18	https://www.sefaria.org/Jerusalem_Talmud_Peah.1.1.18	12	sage	personal	attested		Sefaria topics (CC BY-SA) + text: The Jerusalem Talmud, edition by Heinrich W. Guggenheimer. Berlin, De Gruyter, 1999-2015 (CC BY)	0.9
Munbaz	slug:jewish:munbaz	Munbaz		מונבז	Munbaz	Aramaic	Jewish	Rabbinic	Jerusalem Talmud	Jerusalem Talmud Peah	Jerusalem Talmud Peah 1:1:19	https://www.sefaria.org/Jerusalem_Talmud_Peah.1.1.19	2	sage	personal	attested		Sefaria topics (CC BY-SA) + text: The Jerusalem Talmud, edition by Heinrich W. Guggenheimer. Berlin, De Gruyter, 1999-2015 (CC BY)	0.9
Dama	slug:jewish:dama-b-netinah	Dama b. Netinah		דמא בן נתינה	Dama b. Netinah	Aramaic	Jewish	Rabbinic	Jerusalem Talmud	Jerusalem Talmud Peah	Jerusalem Talmud Peah 1:1:22	https://www.sefaria.org/Jerusalem_Talmud_Peah.1.1.22	2	sage	personal	attested		Sefaria topics (CC BY-SA) + text: The Jerusalem Talmud, edition by Heinrich W. Guggenheimer. Berlin, De Gruyter, 1999-2015 (CC BY)	0.9
Huna	slug:jewish:rav-huna-b-chiya	Rav Huna b. Chiya		רב הונא בר חייא	Rav Huna b. Chiya	Aramaic	Jewish	Rabbinic	Jerusalem Talmud	Jerusalem Talmud Peah	Jerusalem Talmud Peah 1:1:28	https://www.sefaria.org/Jerusalem_Talmud_Peah.1.1.28	4	sage	personal	attested		Sefaria topics (CC BY-SA) + text: The Jerusalem Talmud, edition by Heinrich W. Guggenheimer. Berlin, De Gruyter, 1999-2015 (CC BY)	0.9
Yose	slug:jewish:rebbi-yose-b-zemina	Rebbi Yose b. Zemina		רבי יוסי בן זימרא	Rebbi Yose b. Zemina	Aramaic	Jewish	Rabbinic	Jerusalem Talmud	Jerusalem Talmud Peah	Jerusalem Talmud Peah 1:1:35	https://www.sefaria.org/Jerusalem_Talmud_Peah.1.1.35	2	sage	personal	attested		Sefaria topics (CC BY-SA) + text: The Jerusalem Talmud, edition by Heinrich W. Guggenheimer. Berlin, De Gruyter, 1999-2015 (CC BY)	0.85
Cain	Q205365	Cain, Adam and Eve's firstborn son	boy	קין	Cain	Aramaic	Jewish	Rabbinic	Jerusalem Talmud	Jerusalem Talmud Peah	Jerusalem Talmud Peah 1:1:38	https://www.sefaria.org/Jerusalem_Talmud_Peah.1.1.38	6	human	personal	attested		Sefaria topics (CC BY-SA) + text: The Jerusalem Talmud, edition by Heinrich W. Guggenheimer. Berlin, De Gruyter, 1999-2015 (CC BY)	0.9
Adoniah	Q360378	Adonijah, Son of David who attempted to seize the throne	boy	אדוניה	Adoniah	Aramaic	Jewish	Rabbinic	Jerusalem Talmud	Jerusalem Talmud Peah	Jerusalem Talmud Peah 1:1:43	https://www.sefaria.org/Jerusalem_Talmud_Peah.1.1.43	1	human	personal	attested		Sefaria topics (CC BY-SA) + text: The Jerusalem Talmud, edition by Heinrich W. Guggenheimer. Berlin, De Gruyter, 1999-2015 (CC BY)	0.9
Abishag	Q321469	Abishag, Beautiful Shunammite who served King David	girl	אבישג	Abishag	Aramaic	Jewish	Rabbinic	Jerusalem Talmud	Jerusalem Talmud Peah	Jerusalem Talmud Peah 1:1:43	https://www.sefaria.org/Jerusalem_Talmud_Peah.1.1.43	1	human	personal	attested		Sefaria topics (CC BY-SA) + text: The Jerusalem Talmud, edition by Heinrich W. Guggenheimer. Berlin, De Gruyter, 1999-2015 (CC BY)	0.9
Bar Hovez	slug:jewish:bar-hovez	Bar Hovez		בַּר חוֹבֶץ	Bar Hovez	Aramaic	Jewish	Rabbinic	Jerusalem Talmud	Jerusalem Talmud Peah	Jerusalem Talmud Peah 1:1:45	https://www.sefaria.org/Jerusalem_Talmud_Peah.1.1.45	1	sage	personal	attested		Sefaria topics (CC BY-SA) + text: The Jerusalem Talmud, edition by Heinrich W. Guggenheimer. Berlin, De Gruyter, 1999-2015 (CC BY)	0.9
Abner	Q1133337	Abner, Saul's cousin and commander of his army	boy	אבנר	Abner	Aramaic	Jewish	Rabbinic	Jerusalem Talmud	Jerusalem Talmud Peah	Jerusalem Talmud Peah 1:1:46	https://www.sefaria.org/Jerusalem_Talmud_Peah.1.1.46	6	human	personal	attested		Sefaria topics (CC BY-SA) + text: The Jerusalem Talmud, edition by Heinrich W. Guggenheimer. Berlin, De Gruyter, 1999-2015 (CC BY)	0.9
King Saul	Q28730	Saul, first king of Israel	boy	המלך שאול	King Saul	Aramaic	Jewish	Rabbinic	Jerusalem Talmud	Jerusalem Talmud Peah	Jerusalem Talmud Peah 1:1:46	https://www.sefaria.org/Jerusalem_Talmud_Peah.1.1.46	30	royal	personal	attested		Sefaria topics (CC BY-SA) + text: The Jerusalem Talmud, edition by Heinrich W. Guggenheimer. Berlin, De Gruyter, 1999-2015 (CC BY)	0.9
Doeg	Q1234538	Doeg, Edomite chief shepherd who betrayed David to Saul	boy	דואג	Doeg	Aramaic	Jewish	Rabbinic	Jerusalem Talmud	Jerusalem Talmud Peah	Jerusalem Talmud Peah 1:1:46	https://www.sefaria.org/Jerusalem_Talmud_Peah.1.1.46	5	human	personal	attested		Sefaria topics (CC BY-SA) + text: The Jerusalem Talmud, edition by Heinrich W. Guggenheimer. Berlin, De Gruyter, 1999-2015 (CC BY)	0.9
Obadiah	Q479645	Obadiah, biblical prophet associated with the Book of Obadiah	boy	עובדיה	Obadiah	Aramaic	Jewish	Rabbinic	Jerusalem Talmud	Jerusalem Talmud Peah	Jerusalem Talmud Peah 1:1:46	https://www.sefaria.org/Jerusalem_Talmud_Peah.1.1.46	1	human	personal	attested		Sefaria topics (CC BY-SA) + text: The Jerusalem Talmud, edition by Heinrich W. Guggenheimer. Berlin, De Gruyter, 1999-2015 (CC BY)	0.9
Ahimelech	Q400257	Ahimelech, High Priest at Nob who helped David	boy	אחימלך	Ahimelech	Aramaic	Jewish	Rabbinic	Jerusalem Talmud	Jerusalem Talmud Peah	Jerusalem Talmud Peah 1:1:47	https://www.sefaria.org/Jerusalem_Talmud_Peah.1.1.47	2	human	personal	attested		Sefaria topics (CC BY-SA) + text: The Jerusalem Talmud, edition by Heinrich W. Guggenheimer. Berlin, De Gruyter, 1999-2015 (CC BY)	0.9
Jehoiakim	Q319034	Jehoiakim, King of Judah	boy	יהויקים	Jehoiakim	Aramaic	Jewish	Rabbinic	Jerusalem Talmud	Jerusalem Talmud Peah	Jerusalem Talmud Peah 1:1:54	https://www.sefaria.org/Jerusalem_Talmud_Peah.1.1.54	4	royal	personal	attested		Sefaria topics (CC BY-SA) + text: The Jerusalem Talmud, edition by Heinrich W. Guggenheimer. Berlin, De Gruyter, 1999-2015 (CC BY)	0.9
Isaac	slug:jewish:rebbi-isaac-b-haqula	Rebbi Isaac b. Haqula		רִבִּי יִצְחָק בַּר חֲקוּלָה	Rebbi Isaac b. Haqula	Aramaic	Jewish	Rabbinic	Jerusalem Talmud	Jerusalem Talmud Peah	Jerusalem Talmud Peah 1:4:10	https://www.sefaria.org/Jerusalem_Talmud_Peah.1.4.10	16	sage	personal	attested		Sefaria topics (CC BY-SA) + text: The Jerusalem Talmud, edition by Heinrich W. Guggenheimer. Berlin, De Gruyter, 1999-2015 (CC BY)	0.9
Nehemiah	slug:jewish:rebbi-nehemiah-b-uqban	Rebbi Nehemiah b. Uqban		רִבִּי נְחֶמְיָה בַּר עוּקְבָּן	Rebbi Nehemiah b. Uqban	Aramaic	Jewish	Rabbinic	Jerusalem Talmud	Jerusalem Talmud Peah	Jerusalem Talmud Peah 1:5:2	https://www.sefaria.org/Jerusalem_Talmud_Peah.1.5.2	2	sage	personal	attested		Sefaria topics (CC BY-SA) + text: The Jerusalem Talmud, edition by Heinrich W. Guggenheimer. Berlin, De Gruyter, 1999-2015 (CC BY)	0.9
Hanan	slug:jewish:rebbi-hanan-the-father-of-rebbi-simeon	Rebbi Hanan, the father of Rebbi Simeon		רִבִי חָנָן אָבוֹי דְּרִבִּי שִׁמְעוֹן	Rebbi Hanan, the father of Rebbi Simeon	Aramaic	Jewish	Rabbinic	Jerusalem Talmud	Jerusalem Talmud Peah	Jerusalem Talmud Peah 1:5:6	https://www.sefaria.org/Jerusalem_Talmud_Peah.1.5.6	1	sage	personal	attested		Sefaria topics (CC BY-SA) + text: The Jerusalem Talmud, edition by Heinrich W. Guggenheimer. Berlin, De Gruyter, 1999-2015 (CC BY)	0.9
Hanan	slug:jewish:rebbi-hanan	Rebbi Hanan		רִבִּי חָנָן	Rebbi Hanan	Aramaic	Jewish	Rabbinic	Jerusalem Talmud	Jerusalem Talmud Peah	Jerusalem Talmud Peah 1:5:6	https://www.sefaria.org/Jerusalem_Talmud_Peah.1.5.6	8	sage	personal	attested		Sefaria topics (CC BY-SA) + text: The Jerusalem Talmud, edition by Heinrich W. Guggenheimer. Berlin, De Gruyter, 1999-2015 (CC BY)	0.9
Simeon	slug:jewish:rebbi-simeon-from-mitzpeh	Rebbi Simeon from Mitzpeh		רבי שמעון איש המצפה	Rebbi Simeon from Mitzpeh	Aramaic	Jewish	Rabbinic	Jerusalem Talmud	Jerusalem Talmud Peah	Jerusalem Talmud Peah 2:4:1	https://www.sefaria.org/Jerusalem_Talmud_Peah.2.4.1	2	sage	personal	attested		Sefaria topics (CC BY-SA) + text: The Jerusalem Talmud, edition by Heinrich W. Guggenheimer. Berlin, De Gruyter, 1999-2015 (CC BY)	0.9
Hoshaia	slug:jewish:rebbi-hoshaia-b-rebbi-shammai	Rebbi Hoshaia b. Rebbi Shammai		רִבִּי הוֹשַׁעְיָה בְּרֵיהּ דְּרִבִּי שַׁמַּי	Rebbi Hoshaia b. Rebbi Shammai	Aramaic	Jewish	Rabbinic	Jerusalem Talmud	Jerusalem Talmud Peah	Jerusalem Talmud Peah 2:5:3	https://www.sefaria.org/Jerusalem_Talmud_Peah.2.5.3	8	sage	personal	attested		Sefaria topics (CC BY-SA) + text: The Jerusalem Talmud, edition by Heinrich W. Guggenheimer. Berlin, De Gruyter, 1999-2015 (CC BY)	0.9
Avina	slug:jewish:rabbi-avina	Rabbi Avina		רבי אבינא	Rabbi Avina	Aramaic	Jewish	Rabbinic	Jerusalem Talmud	Jerusalem Talmud Peah	Jerusalem Talmud Peah 3:7:11	https://www.sefaria.org/Jerusalem_Talmud_Peah.3.7.11	28	sage	personal	attested		Sefaria topics (CC BY-SA) + text: The Jerusalem Talmud, edition by Heinrich W. Guggenheimer. Berlin, De Gruyter, 1999-2015 (CC BY)	0.9
Gorion	slug:jewish:rebbi-gorion	Rebbi Gorion		רִבִּי גּוּרִיוֹן	Rebbi Gorion	Aramaic	Jewish	Rabbinic	Jerusalem Talmud	Jerusalem Talmud Peah	Jerusalem Talmud Peah 3:7:16	https://www.sefaria.org/Jerusalem_Talmud_Peah.3.7.16	7	sage	personal	attested		Sefaria topics (CC BY-SA) + text: The Jerusalem Talmud, edition by Heinrich W. Guggenheimer. Berlin, De Gruyter, 1999-2015 (CC BY)	0.9
Hoshaya	slug:jewish:rav-hoshaya	Rav Hoshaya		רב הושעיא	Rav Hoshaya	Aramaic	Jewish	Rabbinic	Jerusalem Talmud	Jerusalem Talmud Peah	Jerusalem Talmud Peah 4:2:4	https://www.sefaria.org/Jerusalem_Talmud_Peah.4.2.4	3	sage	personal	attested		Sefaria topics (CC BY-SA) + text: The Jerusalem Talmud, edition by Heinrich W. Guggenheimer. Berlin, De Gruyter, 1999-2015 (CC BY)	0.85
Esau	Q220822	Esau, Isaac's firstborn son	boy	עשיו	Esau	Aramaic	Jewish	Rabbinic	Jerusalem Talmud	Jerusalem Talmud Peah	Jerusalem Talmud Peah 4:3:2	https://www.sefaria.org/Jerusalem_Talmud_Peah.4.3.2	10	human	personal	attested		Sefaria topics (CC BY-SA) + text: The Jerusalem Talmud, edition by Heinrich W. Guggenheimer. Berlin, De Gruyter, 1999-2015 (CC BY)	0.9
Redifa	slug:jewish:rebbi-redifa	Rebbi Redifa		רִבִּי רְדִיפָה	Rebbi Redifa	Aramaic	Jewish	Rabbinic	Jerusalem Talmud	Jerusalem Talmud Peah	Jerusalem Talmud Peah 4:6:5	https://www.sefaria.org/Jerusalem_Talmud_Peah.4.6.5	9	sage	personal	attested		Sefaria topics (CC BY-SA) + text: The Jerusalem Talmud, edition by Heinrich W. Guggenheimer. Berlin, De Gruyter, 1999-2015 (CC BY)	0.9
Jehudah	slug:jewish:rebbi-jehudah-b-hagra	Rebbi Jehudah b. Hagra		רִבִּי יְהוּדָה בֶּן חַגְרָא	Rebbi Jehudah b. Hagra	Aramaic	Jewish	Rabbinic	Jerusalem Talmud	Jerusalem Talmud Peah	Jerusalem Talmud Peah 4:7:5	https://www.sefaria.org/Jerusalem_Talmud_Peah.4.7.5	2	sage	personal	attested		Sefaria topics (CC BY-SA) + text: The Jerusalem Talmud, edition by Heinrich W. Guggenheimer. Berlin, De Gruyter, 1999-2015 (CC BY)	0.9
Jonathan	slug:jewish:rebbi-jonathan-b-rebbi-isaac-b-aha	Rebbi Jonathan b. Rebbi Isaac b. Aha		רִבִּי יוֹנָתָן בְּרֵיהּ דְּרִבִּי יִצְחָק בַר אָחָה	Rebbi Jonathan b. Rebbi Isaac b. Aha	Aramaic	Jewish	Rabbinic	Jerusalem Talmud	Jerusalem Talmud Peah	Jerusalem Talmud Peah 5:1:3	https://www.sefaria.org/Jerusalem_Talmud_Peah.5.1.3	2	sage	personal	attested		Sefaria topics (CC BY-SA) + text: The Jerusalem Talmud, edition by Heinrich W. Guggenheimer. Berlin, De Gruyter, 1999-2015 (CC BY)	0.9
Abbahu	slug:jewish:rebbi-abbahu-b-naggari	Rebbi Abbahu b. Naggari		רִבִּי אַבָּהוּ בַּר נַגָּרִי	Rebbi Abbahu b. Naggari	Aramaic	Jewish	Rabbinic	Jerusalem Talmud	Jerusalem Talmud Peah	Jerusalem Talmud Peah 5:4:4	https://www.sefaria.org/Jerusalem_Talmud_Peah.5.4.4	1	sage	personal	attested		Sefaria topics (CC BY-SA) + text: The Jerusalem Talmud, edition by Heinrich W. Guggenheimer. Berlin, De Gruyter, 1999-2015 (CC BY)	0.9
Shimon	slug:jewish:rabbi-shimon-b-yehudah	Rabbi Shimon b. Yehudah, tanna	boy	רבי שמעון בן יהודה	Rabbi Shimon b. Yehudah	Aramaic	Jewish	Rabbinic	Jerusalem Talmud	Jerusalem Talmud Peah	Jerusalem Talmud Peah 5:6:2	https://www.sefaria.org/Jerusalem_Talmud_Peah.5.6.2	21	sage	personal	attested		Sefaria topics (CC BY-SA) + text: The Jerusalem Talmud, edition by Heinrich W. Guggenheimer. Berlin, De Gruyter, 1999-2015 (CC BY)	0.9
Simeon Dima	slug:jewish:rebbi-simeon-dima	Rebbi Simeon Dima		רִבִּי שִׁמְעוֹן דימא	Rebbi Simeon Dima	Aramaic	Jewish	Rabbinic	Jerusalem Talmud	Jerusalem Talmud Peah	Jerusalem Talmud Peah 6:1:7	https://www.sefaria.org/Jerusalem_Talmud_Peah.6.1.7	1	sage	personal	attested		Sefaria topics (CC BY-SA) + text: The Jerusalem Talmud, edition by Heinrich W. Guggenheimer. Berlin, De Gruyter, 1999-2015 (CC BY)	0.9
Yehudah	slug:jewish:yehudah-b-hiyya	Yehudah b. Hiyya, amora	boy	יהודה בר חייה	Yehudah b. Hiyya	Aramaic	Jewish	Rabbinic	Jerusalem Talmud	Jerusalem Talmud Peah	Jerusalem Talmud Peah 6:3:6	https://www.sefaria.org/Jerusalem_Talmud_Peah.6.3.6	8	sage	personal	attested		Sefaria topics (CC BY-SA) + text: The Jerusalem Talmud, edition by Heinrich W. Guggenheimer. Berlin, De Gruyter, 1999-2015 (CC BY)	0.9
Hadrian	slug:jewish:hadrian	Hadrian		אדרינוס	Hadrian	Aramaic	Jewish	Rabbinic	Jerusalem Talmud	Jerusalem Talmud Peah	Jerusalem Talmud Peah 7:1:3	https://www.sefaria.org/Jerusalem_Talmud_Peah.7.1.3	5	sage	personal	attested		Sefaria topics (CC BY-SA) + text: The Jerusalem Talmud, edition by Heinrich W. Guggenheimer. Berlin, De Gruyter, 1999-2015 (CC BY)	0.9
Shimon	slug:jewish:rabbi-shimon-b-eliyakim	Rabbi Shimon b. Eliyakim		רבי שמעון בן אליקים	Rabbi Shimon b. Eliyakim	Aramaic	Jewish	Rabbinic	Jerusalem Talmud	Jerusalem Talmud Peah	Jerusalem Talmud Peah 7:1:6	https://www.sefaria.org/Jerusalem_Talmud_Peah.7.1.6	15	sage	personal	attested		Sefaria topics (CC BY-SA) + text: The Jerusalem Talmud, edition by Heinrich W. Guggenheimer. Berlin, De Gruyter, 1999-2015 (CC BY)	0.9
Perira	slug:jewish:rebbi-perira	Rebbi Perira		רִבִּי פְּרִירָא	Rebbi Perira	Aramaic	Jewish	Rabbinic	Jerusalem Talmud	Jerusalem Talmud Peah	Jerusalem Talmud Peah 7:3:12	https://www.sefaria.org/Jerusalem_Talmud_Peah.7.3.12	2	sage	personal	attested		Sefaria topics (CC BY-SA) + text: The Jerusalem Talmud, edition by Heinrich W. Guggenheimer. Berlin, De Gruyter, 1999-2015 (CC BY)	0.9
Ayvu	slug:jewish:rebbi-ayvu-b-naggari	Rebbi Ayvu b. Naggari		רבי אייבו בר נגרי	Rebbi Ayvu b. Naggari	Aramaic	Jewish	Rabbinic	Jerusalem Talmud	Jerusalem Talmud Peah	Jerusalem Talmud Peah 7:5:5	https://www.sefaria.org/Jerusalem_Talmud_Peah.7.5.5	17	sage	personal	attested		Sefaria topics (CC BY-SA) + text: The Jerusalem Talmud, edition by Heinrich W. Guggenheimer. Berlin, De Gruyter, 1999-2015 (CC BY)	0.9
Yohanan	slug:jewish:rabbi-yohanan-b-nuri	Rabbi Yohanan b. Nuri, tanna	boy	רבי יוחנן בן נורי	Rabbi Yohanan b. Nuri	Aramaic	Jewish	Rabbinic	Jerusalem Talmud	Jerusalem Talmud Peah	Jerusalem Talmud Peah 8:1:2	https://www.sefaria.org/Jerusalem_Talmud_Peah.8.1.2	58	sage	personal	attested		Sefaria topics (CC BY-SA) + text: The Jerusalem Talmud, edition by Heinrich W. Guggenheimer. Berlin, De Gruyter, 1999-2015 (CC BY)	0.9
Isaac Atoshiyya	slug:jewish:rebbi-isaac-atoshiyya	Rebbi Isaac Atoshiyya		רִבִּי יִצְחָק עֲטוֹשִׁיָּא	Rebbi Isaac Atoshiyya	Aramaic	Jewish	Rabbinic	Jerusalem Talmud	Jerusalem Talmud Peah	Jerusalem Talmud Peah 8:4:4	https://www.sefaria.org/Jerusalem_Talmud_Peah.8.4.4	7	sage	personal	attested		Sefaria topics (CC BY-SA) + text: The Jerusalem Talmud, edition by Heinrich W. Guggenheimer. Berlin, De Gruyter, 1999-2015 (CC BY)	0.9
Abba	slug:jewish:rebbi-abba-b-abba-b-mamal	Rebbi Abba b. Abba b. Mamal		רִבִּי בָּא בַר בָּא בַּר מָמָל	Rebbi Abba b. Abba b. Mamal	Aramaic	Jewish	Rabbinic	Jerusalem Talmud	Jerusalem Talmud Peah	Jerusalem Talmud Peah 8:5:5	https://www.sefaria.org/Jerusalem_Talmud_Peah.8.5.5	1	sage	personal	attested		Sefaria topics (CC BY-SA) + text: The Jerusalem Talmud, edition by Heinrich W. Guggenheimer. Berlin, De Gruyter, 1999-2015 (CC BY)	0.9
Shmuel	slug:jewish:shmuel-(amora)	Shmuel (Amora), amora	boy	שמואל (שם אמורא)	Shmuel (Amora)	Aramaic	Jewish	Rabbinic	Jerusalem Talmud	Jerusalem Talmud Peah	Jerusalem Talmud Peah 8:8:4	https://www.sefaria.org/Jerusalem_Talmud_Peah.8.8.4	8	sage	personal	attested		Sefaria topics (CC BY-SA) + text: The Jerusalem Talmud, edition by Heinrich W. Guggenheimer. Berlin, De Gruyter, 1999-2015 (CC BY)	0.9
Zachariah	slug:jewish:rebbi-zachariah-the-son-in-law-of-rebbi-levi	Rebbi Zachariah the son-in-law of Rebbi Levi		רִבִּי זְכַרְיָה חַתְניהּ דְּרִבִּי לֵוִי	Rebbi Zachariah the son-in-law of Rebbi Levi	Aramaic	Jewish	Rabbinic	Jerusalem Talmud	Jerusalem Talmud Peah	Jerusalem Talmud Peah 8:8:7	https://www.sefaria.org/Jerusalem_Talmud_Peah.8.8.7	11	sage	personal	attested		Sefaria topics (CC BY-SA) + text: The Jerusalem Talmud, edition by Heinrich W. Guggenheimer. Berlin, De Gruyter, 1999-2015 (CC BY)	0.9
Nehemiah	slug:jewish:nehemiah-the-ditch-digger	Nehemiah the ditch-digger		נֶחֶמְיָה אִישׁ שִׁיחִין	Nehemiah the ditch-digger	Aramaic	Jewish	Rabbinic	Jerusalem Talmud	Jerusalem Talmud Peah	Jerusalem Talmud Peah 8:8:11	https://www.sefaria.org/Jerusalem_Talmud_Peah.8.8.11	3	sage	personal	attested		Sefaria topics (CC BY-SA) + text: The Jerusalem Talmud, edition by Heinrich W. Guggenheimer. Berlin, De Gruyter, 1999-2015 (CC BY)	0.9
Nehemiah	slug:biblical:nehemiah@neh.1.1-	Nehemiah, Governor of Judah	boy	נחמיה	Nehemiah	Aramaic	Jewish	Rabbinic	Jerusalem Talmud	Jerusalem Talmud Peah	Jerusalem Talmud Peah 8:8:11	https://www.sefaria.org/Jerusalem_Talmud_Peah.8.8.11	5	human	personal	attested		Sefaria topics (CC BY-SA) + text: The Jerusalem Talmud, edition by Heinrich W. Guggenheimer. Berlin, De Gruyter, 1999-2015 (CC BY)	0.9
Nahum	Q446664	Nahum of Gamzo, 1st century CE Jewish scholar and sage	boy	נחום איש גמזו	Nahum of Gamzo	Aramaic	Jewish	Rabbinic	Jerusalem Talmud	Jerusalem Talmud Peah	Jerusalem Talmud Peah 8:8:12	https://www.sefaria.org/Jerusalem_Talmud_Peah.8.8.12	1	sage	personal	attested		Sefaria topics (CC BY-SA) + text: The Jerusalem Talmud, edition by Heinrich W. Guggenheimer. Berlin, De Gruyter, 1999-2015 (CC BY)	0.9
Simeon	slug:jewish:simeon-b-rebbi-avi	Simeon b. Rebbi Avi		שִׁמְעוֹן בְּרֵיהּ דְּרִבִּי אָבִי	Simeon b. Rebbi Avi	Aramaic	Jewish	Rabbinic	Jerusalem Talmud	Jerusalem Talmud Demai	Jerusalem Talmud Demai 1:1:7	https://www.sefaria.org/Jerusalem_Talmud_Demai.1.1.7	2	sage	personal	attested		Sefaria topics (CC BY-SA) + text: The Jerusalem Talmud, edition by Heinrich W. Guggenheimer. Berlin, De Gruyter, 1999-2015 (CC BY)	0.9
Ulla	Q1255590	Ulla, Talmud rabbi	boy	עולא	Ulla	Aramaic	Jewish	Rabbinic	Jerusalem Talmud	Jerusalem Talmud Demai	Jerusalem Talmud Demai 1:1:10	https://www.sefaria.org/Jerusalem_Talmud_Demai.1.1.10	29	sage	personal	attested		Sefaria topics (CC BY-SA) + text: The Jerusalem Talmud, edition by Heinrich W. Guggenheimer. Berlin, De Gruyter, 1999-2015 (CC BY)	0.9
Yochanan	slug:jewish:yochanan-the-high-priest	Yochanan the High Priest		יוחנן כהן גדול	Yochanan the High Priest	Aramaic	Jewish	Rabbinic	Jerusalem Talmud	Jerusalem Talmud Demai	Jerusalem Talmud Demai 1:2:2	https://www.sefaria.org/Jerusalem_Talmud_Demai.1.2.2	8	sage	personal	attested		Sefaria topics (CC BY-SA) + text: The Jerusalem Talmud, edition by Heinrich W. Guggenheimer. Berlin, De Gruyter, 1999-2015 (CC BY)	0.9
Pinchas	Q448939	Rabbi Pinchas b. Yair, late 2nd century Jewish tanna	boy	רבי פנחס בן יאיר	Rabbi Pinchas b. Yair	Aramaic	Jewish	Rabbinic	Jerusalem Talmud	Jerusalem Talmud Demai	Jerusalem Talmud Demai 1:3:5	https://www.sefaria.org/Jerusalem_Talmud_Demai.1.3.5	19	sage	personal	attested		Sefaria topics (CC BY-SA) + text: The Jerusalem Talmud, edition by Heinrich W. Guggenheimer. Berlin, De Gruyter, 1999-2015 (CC BY)	0.9
Jacob	slug:jewish:rebbi-jacob-b-aha-b-idi	Rebbi Jacob b. Aha b. Idi		רִבִּי יַעֲקֹב בַּר אָחָא בַּר אִידִי	Rebbi Jacob b. Aha b. Idi	Aramaic	Jewish	Rabbinic	Jerusalem Talmud	Jerusalem Talmud Demai	Jerusalem Talmud Demai 1:4:5	https://www.sefaria.org/Jerusalem_Talmud_Demai.1.4.5	1	sage	personal	attested		Sefaria topics (CC BY-SA) + text: The Jerusalem Talmud, edition by Heinrich W. Guggenheimer. Berlin, De Gruyter, 1999-2015 (CC BY)	0.9
Elazar	Q1325773	Rabbi Elazar b. Pedat, 3rd century Babylonian Jewish talmudist	boy	רבי אלעזר בן פדת	Rabbi Elazar b. Pedat	Aramaic	Jewish	Rabbinic	Jerusalem Talmud	Jerusalem Talmud Demai	Jerusalem Talmud Demai 2:1:3	https://www.sefaria.org/Jerusalem_Talmud_Demai.2.1.3	7	sage	personal	attested		Sefaria topics (CC BY-SA) + text: The Jerusalem Talmud, edition by Heinrich W. Guggenheimer. Berlin, De Gruyter, 1999-2015 (CC BY)	0.9
Moab	Q1585141	Moab, Son of Lot	boy	מואב	Moab	Aramaic	Jewish	Rabbinic	Jerusalem Talmud	Jerusalem Talmud Demai	Jerusalem Talmud Demai 2:1:3	https://www.sefaria.org/Jerusalem_Talmud_Demai.2.1.3	17	human	personal	attested		Sefaria topics (CC BY-SA) + text: The Jerusalem Talmud, edition by Heinrich W. Guggenheimer. Berlin, De Gruyter, 1999-2015 (CC BY)	0.9
Alexander	slug:jewish:rebbi-alexander-from-edoqa	Rebbi Alexander from Ẓedoqa		רִבִּי אֲלֶכְסַנְדְּרָא דִּצְדוֹקָא	Rebbi Alexander from Ẓedoqa	Aramaic	Jewish	Rabbinic	Jerusalem Talmud	Jerusalem Talmud Demai	Jerusalem Talmud Demai 2:1:4	https://www.sefaria.org/Jerusalem_Talmud_Demai.2.1.4	1	sage	personal	attested		Sefaria topics (CC BY-SA) + text: The Jerusalem Talmud, edition by Heinrich W. Guggenheimer. Berlin, De Gruyter, 1999-2015 (CC BY)	0.9
Zeugos	slug:jewish:zeugos-of-caesarea	Zeugos of Caesarea		זוּגָא דְקֵיסַרִין	Zeugos of Caesarea	Aramaic	Jewish	Rabbinic	Jerusalem Talmud	Jerusalem Talmud Demai	Jerusalem Talmud Demai 2:1:9	https://www.sefaria.org/Jerusalem_Talmud_Demai.2.1.9	1	sage	personal	attested		Sefaria topics (CC BY-SA) + text: The Jerusalem Talmud, edition by Heinrich W. Guggenheimer. Berlin, De Gruyter, 1999-2015 (CC BY)	0.9
Sisera	Q976765	Sisera, Canaanite commander defeated by Deborah and Barak	boy	סיסרא	Sisera	Aramaic	Jewish	Rabbinic	Jerusalem Talmud	Jerusalem Talmud Demai	Jerusalem Talmud Demai 2:1:12	https://www.sefaria.org/Jerusalem_Talmud_Demai.2.1.12	3	human	personal	attested		Sefaria topics (CC BY-SA) + text: The Jerusalem Talmud, edition by Heinrich W. Guggenheimer. Berlin, De Gruyter, 1999-2015 (CC BY)	0.9
Yose	slug:jewish:rebbi-yose-of-kefar-dan	Rebbi Yose of Kefar Dan		רִבִּי יוֹסֵי דִכְפַר דָּן	Rebbi Yose of Kefar Dan	Aramaic	Jewish	Rabbinic	Jerusalem Talmud	Jerusalem Talmud Demai	Jerusalem Talmud Demai 2:1:13	https://www.sefaria.org/Jerusalem_Talmud_Demai.2.1.13	1	sage	personal	attested		Sefaria topics (CC BY-SA) + text: The Jerusalem Talmud, edition by Heinrich W. Guggenheimer. Berlin, De Gruyter, 1999-2015 (CC BY)	0.9
Simeon	slug:jewish:rebbi-simeon-b-zachariah	Rebbi Simeon b. Zachariah		רִבִּי שִׁמְעוֹן בֶּן זְכַרְיָה	Rebbi Simeon b. Zachariah	Aramaic	Jewish	Rabbinic	Jerusalem Talmud	Jerusalem Talmud Demai	Jerusalem Talmud Demai 2:1:15	https://www.sefaria.org/Jerusalem_Talmud_Demai.2.1.15	1	sage	personal	attested		Sefaria topics (CC BY-SA) + text: The Jerusalem Talmud, edition by Heinrich W. Guggenheimer. Berlin, De Gruyter, 1999-2015 (CC BY)	0.9
Yitzhak Nappaha	slug:jewish:rabbi-yitzhak-nappaha	Rabbi Yitzhak Nappaha, amora	boy	רבי יצחק נפחא	Rabbi Yitzhak Nappaha	Aramaic	Jewish	Rabbinic	Jerusalem Talmud	Jerusalem Talmud Demai	Jerusalem Talmud Demai 2:1:21	https://www.sefaria.org/Jerusalem_Talmud_Demai.2.1.21	19	sage	personal	attested		Sefaria topics (CC BY-SA) + text: The Jerusalem Talmud, edition by Heinrich W. Guggenheimer. Berlin, De Gruyter, 1999-2015 (CC BY)	0.9
Hananiah	slug:jewish:rebbi-hananiah-b-samuel	Rebbi Hananiah b. Samuel		רִבִּי חֲנִינָה בֶּן שְׁמוּאֵל	Rebbi Hananiah b. Samuel	Aramaic	Jewish	Rabbinic	Jerusalem Talmud	Jerusalem Talmud Demai	Jerusalem Talmud Demai 2:1:21	https://www.sefaria.org/Jerusalem_Talmud_Demai.2.1.21	3	sage	personal	attested		Sefaria topics (CC BY-SA) + text: The Jerusalem Talmud, edition by Heinrich W. Guggenheimer. Berlin, De Gruyter, 1999-2015 (CC BY)	0.9
Yishmael	slug:jewish:rabbi-yishmael-b-yohanan-b-berokah	Rabbi Yishmael b. Yohanan b. Berokah, tanna	boy	רבי ישמעאל בנו של רבי יוחנן בן ברוקה	Rabbi Yishmael b. Yohanan b. Berokah	Aramaic	Jewish	Rabbinic	Jerusalem Talmud	Jerusalem Talmud Demai	Jerusalem Talmud Demai 2:4:4	https://www.sefaria.org/Jerusalem_Talmud_Demai.2.4.4	13	sage	personal	attested		Sefaria topics (CC BY-SA) + text: The Jerusalem Talmud, edition by Heinrich W. Guggenheimer. Berlin, De Gruyter, 1999-2015 (CC BY)	0.9
Yohanan	slug:jewish:rabbi-yohanan-b-berokah	Rabbi Yohanan b. Berokah, tanna	boy	רבי יוחנן בן ברוקה	Rabbi Yohanan b. Berokah	Aramaic	Jewish	Rabbinic	Jerusalem Talmud	Jerusalem Talmud Demai	Jerusalem Talmud Demai 2:4:4	https://www.sefaria.org/Jerusalem_Talmud_Demai.2.4.4	42	sage	personal	attested		Sefaria topics (CC BY-SA) + text: The Jerusalem Talmud, edition by Heinrich W. Guggenheimer. Berlin, De Gruyter, 1999-2015 (CC BY)	0.9
Simeon	slug:jewish:rebbi-simeon-b-carsana	Rebbi Simeon b. Carsana		רִבִּי שִׁמְעוֹן בַּר כַּרְסָנָא	Rebbi Simeon b. Carsana	Aramaic	Jewish	Rabbinic	Jerusalem Talmud	Jerusalem Talmud Demai	Jerusalem Talmud Demai 3:1:10	https://www.sefaria.org/Jerusalem_Talmud_Demai.3.1.10	14	sage	personal	attested		Sefaria topics (CC BY-SA) + text: The Jerusalem Talmud, edition by Heinrich W. Guggenheimer. Berlin, De Gruyter, 1999-2015 (CC BY)	0.9
Simeon	slug:jewish:simeon-b-cahana	Simeon b. Cahana		שִׁמְעוֹן בֶּן כַּהֲנָא	Simeon b. Cahana	Aramaic	Jewish	Rabbinic	Jerusalem Talmud	Jerusalem Talmud Demai	Jerusalem Talmud Demai 3:2:4	https://www.sefaria.org/Jerusalem_Talmud_Demai.3.2.4	5	sage	personal	attested		Sefaria topics (CC BY-SA) + text: The Jerusalem Talmud, edition by Heinrich W. Guggenheimer. Berlin, De Gruyter, 1999-2015 (CC BY)	0.9
Shimon	Q2037623	Rabban Shimon b. Gamliel, 1st century CE rabbi and nasi	boy	רבן שמעון בן גמליאל (1)	Rabban Shimon b. Gamliel	Aramaic	Jewish	Rabbinic	Jerusalem Talmud	Jerusalem Talmud Demai	Jerusalem Talmud Demai 3:3:6	https://www.sefaria.org/Jerusalem_Talmud_Demai.3.3.6	1	sage	personal	attested		Sefaria topics (CC BY-SA) + text: The Jerusalem Talmud, edition by Heinrich W. Guggenheimer. Berlin, De Gruyter, 1999-2015 (CC BY)	0.9
The reddish Rebbi Tiufa	slug:jewish:the-reddish-rebbi-tiufa	The reddish Rebbi Tiufa		רִבִּי טִיוּפָא סִמּוּקָא	The reddish Rebbi Tiufa	Aramaic	Jewish	Rabbinic	Jerusalem Talmud	Jerusalem Talmud Demai	Jerusalem Talmud Demai 3:4:3	https://www.sefaria.org/Jerusalem_Talmud_Demai.3.4.3	2	sage	personal	attested		Sefaria topics (CC BY-SA) + text: The Jerusalem Talmud, edition by Heinrich W. Guggenheimer. Berlin, De Gruyter, 1999-2015 (CC BY)	0.9
Simeon	slug:jewish:rebbi-simeon-from-shezur	Rebbi Simeon from Shezur			Rebbi Simeon from Shezur	Aramaic	Jewish	Rabbinic	Jerusalem Talmud	Jerusalem Talmud Demai	Jerusalem Talmud Demai 4:1:9	https://www.sefaria.org/Jerusalem_Talmud_Demai.4.1.9	7	sage	personal	attested		Sefaria topics (CC BY-SA) + text: The Jerusalem Talmud, edition by Heinrich W. Guggenheimer. Berlin, De Gruyter, 1999-2015 (CC BY)	0.9
Abbin	slug:jewish:rebbi-abbin-b-cahana	Rebbi Abbin b. Cahana		רבי אבין בר כהנא	Rebbi Abbin b. Cahana	Aramaic	Jewish	Rabbinic	Jerusalem Talmud	Jerusalem Talmud Demai	Jerusalem Talmud Demai 5:2:7	https://www.sefaria.org/Jerusalem_Talmud_Demai.5.2.7	35	sage	personal	attested		Sefaria topics (CC BY-SA) + text: The Jerusalem Talmud, edition by Heinrich W. Guggenheimer. Berlin, De Gruyter, 1999-2015 (CC BY)	0.9
Yudan	slug:jewish:rebbi-yudan-the-father-of-rebbi-mattaniah1	Rebbi Yudan, the father of Rebbi Mattaniah		רִבִּי יוּדָן אָבוֹי דְרִבִּי מַתַּנְיָה	Rebbi Yudan, the father of Rebbi Mattaniah	Aramaic	Jewish	Rabbinic	Jerusalem Talmud	Jerusalem Talmud Demai	Jerusalem Talmud Demai 5:3:3	https://www.sefaria.org/Jerusalem_Talmud_Demai.5.3.3	23	sage	personal	attested		Sefaria topics (CC BY-SA) + text: The Jerusalem Talmud, edition by Heinrich W. Guggenheimer. Berlin, De Gruyter, 1999-2015 (CC BY)	0.9
Pedaiah	slug:jewish:rebbi-pedaiah	Rebbi Pedaiah		רִבִּי פְּדָייָה	Rebbi Pedaiah	Aramaic	Jewish	Rabbinic	Jerusalem Talmud	Jerusalem Talmud Demai	Jerusalem Talmud Demai 5:5:2	https://www.sefaria.org/Jerusalem_Talmud_Demai.5.5.2	6	sage	personal	attested		Sefaria topics (CC BY-SA) + text: The Jerusalem Talmud, edition by Heinrich W. Guggenheimer. Berlin, De Gruyter, 1999-2015 (CC BY)	0.9
Abba	slug:jewish:abba-the-anatolian	Abba the Anatolian		אַבָּא אֲנַטּוֹלִי	Abba the Anatolian	Aramaic	Jewish	Rabbinic	Jerusalem Talmud	Jerusalem Talmud Demai	Jerusalem Talmud Demai 5:8:8	https://www.sefaria.org/Jerusalem_Talmud_Demai.5.8.8	1	sage	personal	attested		Sefaria topics (CC BY-SA) + text: The Jerusalem Talmud, edition by Heinrich W. Guggenheimer. Berlin, De Gruyter, 1999-2015 (CC BY)	0.9
Hanin	slug:jewish:rebbi-hanin	Rebbi Hanin		רב חנין	Rebbi Hanin	Aramaic	Jewish	Rabbinic	Jerusalem Talmud	Jerusalem Talmud Demai	Jerusalem Talmud Demai 6:2:11	https://www.sefaria.org/Jerusalem_Talmud_Demai.6.2.11	22	sage	personal	attested		Sefaria topics (CC BY-SA) + text: The Jerusalem Talmud, edition by Heinrich W. Guggenheimer. Berlin, De Gruyter, 1999-2015 (CC BY)	0.9
Acha	slug:jewish:rabbi-acha-b-ulla	Rabbi Acha b. Ulla		רבי אחא בר עולא	Rabbi Acha b. Ulla	Aramaic	Jewish	Rabbinic	Jerusalem Talmud	Jerusalem Talmud Demai	Jerusalem Talmud Demai 6:2:12	https://www.sefaria.org/Jerusalem_Talmud_Demai.6.2.12	5	sage	personal	attested		Sefaria topics (CC BY-SA) + text: The Jerusalem Talmud, edition by Heinrich W. Guggenheimer. Berlin, De Gruyter, 1999-2015 (CC BY)	0.9
Bar Ulla	slug:jewish:bar-ulla	Bar Ulla		בַר עוּלָּא	Bar Ulla	Aramaic	Jewish	Rabbinic	Jerusalem Talmud	Jerusalem Talmud Demai	Jerusalem Talmud Demai 6:2:12	https://www.sefaria.org/Jerusalem_Talmud_Demai.6.2.12	11	sage	personal	attested		Sefaria topics (CC BY-SA) + text: The Jerusalem Talmud, edition by Heinrich W. Guggenheimer. Berlin, De Gruyter, 1999-2015 (CC BY)	0.9
Aquilas	slug:jewish:aquilas	Aquilas, tanna	boy	עקילס	Aquilas	Aramaic	Jewish	Rabbinic	Jerusalem Talmud	Jerusalem Talmud Demai	Jerusalem Talmud Demai 6:7:3	https://www.sefaria.org/Jerusalem_Talmud_Demai.6.7.3	3	sage	personal	attested		Sefaria topics (CC BY-SA) + text: The Jerusalem Talmud, edition by Heinrich W. Guggenheimer. Berlin, De Gruyter, 1999-2015 (CC BY)	0.9
Zavdi	slug:jewish:zavdi-b-levi	Zavdi b. Levi		זבדי בר לוי	Zavdi b. Levi	Aramaic	Jewish	Rabbinic	Jerusalem Talmud	Jerusalem Talmud Demai	Jerusalem Talmud Demai 7:1:4	https://www.sefaria.org/Jerusalem_Talmud_Demai.7.1.4	2	sage	personal	attested		Sefaria topics (CC BY-SA) + text: The Jerusalem Talmud, edition by Heinrich W. Guggenheimer. Berlin, De Gruyter, 1999-2015 (CC BY)	0.9
Elazar	Q1325789	Rabbi Elazar b. Arakh, Jewish scholar	boy	רבי אלעזר בן ערך	Rabbi Elazar b. Arakh	Aramaic	Jewish	Rabbinic	Jerusalem Talmud	Jerusalem Talmud Demai	Jerusalem Talmud Demai 7:7:3	https://www.sefaria.org/Jerusalem_Talmud_Demai.7.7.3	10	sage	personal	attested		Sefaria topics (CC BY-SA) + text: The Jerusalem Talmud, edition by Heinrich W. Guggenheimer. Berlin, De Gruyter, 1999-2015 (CC BY)	0.9
Hillel	slug:jewish:rebbi-hillel-b-pazi	Rebbi Hillel b. Pazi		רִבִּי הִלֵּל בֶּן פָּזִי	Rebbi Hillel b. Pazi	Aramaic	Jewish	Rabbinic	Jerusalem Talmud	Jerusalem Talmud Demai	Jerusalem Talmud Demai 7:7:3	https://www.sefaria.org/Jerusalem_Talmud_Demai.7.7.3	2	sage	personal	attested		Sefaria topics (CC BY-SA) + text: The Jerusalem Talmud, edition by Heinrich W. Guggenheimer. Berlin, De Gruyter, 1999-2015 (CC BY)	0.9
Levinti	slug:jewish:rebbi-levinti	Rebbi Levinti		רִבִּי לְוִינְטִי	Rebbi Levinti	Aramaic	Jewish	Rabbinic	Jerusalem Talmud	Jerusalem Talmud Demai	Jerusalem Talmud Demai 7:7:5	https://www.sefaria.org/Jerusalem_Talmud_Demai.7.7.5	2	sage	personal	attested		Sefaria topics (CC BY-SA) + text: The Jerusalem Talmud, edition by Heinrich W. Guggenheimer. Berlin, De Gruyter, 1999-2015 (CC BY)	0.9
Dositheus	slug:jewish:rebbi-dositheus	Rebbi Dositheus		רִבִּי דוֹסִתַּי	Rebbi Dositheus	Aramaic	Jewish	Rabbinic	Jerusalem Talmud	Jerusalem Talmud Demai	Jerusalem Talmud Demai 7:7:6	https://www.sefaria.org/Jerusalem_Talmud_Demai.7.7.6	10	sage	personal	attested		Sefaria topics (CC BY-SA) + text: The Jerusalem Talmud, edition by Heinrich W. Guggenheimer. Berlin, De Gruyter, 1999-2015 (CC BY)	0.9
Yishmael	Q2902804	Rabbi Yishmael b. Yose, Early 3rd century Judean rabbi	boy	ר ישמעאל בר יוסי	Rabbi Yishmael b. Yose	Aramaic	Jewish	Rabbinic	Jerusalem Talmud	Jerusalem Talmud Kilayim	Jerusalem Talmud Kilayim 1:1:5	https://www.sefaria.org/Jerusalem_Talmud_Kilayim.1.1.5	35	sage	personal	attested		Sefaria topics (CC BY-SA) + text: The Jerusalem Talmud, edition by Heinrich W. Guggenheimer. Berlin, De Gruyter, 1999-2015 (CC BY)	0.9
Kahana	slug:jewish:rav-kahana-(ii)	Rav Kahana (II), amora	boy	רב כהנא (2)	Rav Kahana (II)	Aramaic	Jewish	Rabbinic	Jerusalem Talmud	Jerusalem Talmud Kilayim	Jerusalem Talmud Kilayim 1:6:4	https://www.sefaria.org/Jerusalem_Talmud_Kilayim.1.6.4	4	sage	personal	attested		Sefaria topics (CC BY-SA) + text: The Jerusalem Talmud, edition by Heinrich W. Guggenheimer. Berlin, De Gruyter, 1999-2015 (CC BY)	0.9
Eleazar	slug:jewish:rebbi-eleazar-b-thaddeus	Rebbi Eleazar b. Thaddeus		רִבִּי אֶלְעָזָר בֶּן תַּדֵּאי	Rebbi Eleazar b. Thaddeus	Aramaic	Jewish	Rabbinic	Jerusalem Talmud	Jerusalem Talmud Kilayim	Jerusalem Talmud Kilayim 1:9:3	https://www.sefaria.org/Jerusalem_Talmud_Kilayim.1.9.3	4	sage	personal	attested		Sefaria topics (CC BY-SA) + text: The Jerusalem Talmud, edition by Heinrich W. Guggenheimer. Berlin, De Gruyter, 1999-2015 (CC BY)	0.9
Aha	slug:jewish:rav-aha-b-abba	Rav Aha b. Abba		רב אחא בר אבא	Rav Aha b. Abba	Aramaic	Jewish	Rabbinic	Jerusalem Talmud	Jerusalem Talmud Kilayim	Jerusalem Talmud Kilayim 2:1:3	https://www.sefaria.org/Jerusalem_Talmud_Kilayim.2.1.3	3	sage	personal	attested		Sefaria topics (CC BY-SA) + text: The Jerusalem Talmud, edition by Heinrich W. Guggenheimer. Berlin, De Gruyter, 1999-2015 (CC BY)	0.9
Abba Yose	slug:jewish:abba-yose-b-johanan-from-yanoah	Abba Yose b. Johanan from Yanoah		אַבָּא יוֹסֵי בֶּן יוֹחָנָן אִישׁ יָנוֹחַ	Abba Yose b. Johanan from Yanoah	Aramaic	Jewish	Rabbinic	Jerusalem Talmud	Jerusalem Talmud Kilayim	Jerusalem Talmud Kilayim 2:4:3	https://www.sefaria.org/Jerusalem_Talmud_Kilayim.2.4.3	1	sage	personal	attested		Sefaria topics (CC BY-SA) + text: The Jerusalem Talmud, edition by Heinrich W. Guggenheimer. Berlin, De Gruyter, 1999-2015 (CC BY)	0.9
Yose	Q2906625	Yose b. Yochanan, Chief Justice of the Sanhedrin in the 2nd century	boy	יוסי בן יוחנן	Yose b. Yochanan	Aramaic	Jewish	Rabbinic	Jerusalem Talmud	Jerusalem Talmud Kilayim	Jerusalem Talmud Kilayim 2:4:3	https://www.sefaria.org/Jerusalem_Talmud_Kilayim.2.4.3	6	sage	personal	attested		Sefaria topics (CC BY-SA) + text: The Jerusalem Talmud, edition by Heinrich W. Guggenheimer. Berlin, De Gruyter, 1999-2015 (CC BY)	0.9
Gamliel	Q1492866	Rabban Gamliel b. Rabbi (III), active 80-110	boy	רבן גמליאל ברבי	Rabban Gamliel b. Rabbi (III)	Aramaic	Jewish	Rabbinic	Jerusalem Talmud	Jerusalem Talmud Kilayim	Jerusalem Talmud Kilayim 2:8:8	https://www.sefaria.org/Jerusalem_Talmud_Kilayim.2.8.8	8	sage	personal	attested		Sefaria topics (CC BY-SA) + text: The Jerusalem Talmud, edition by Heinrich W. Guggenheimer. Berlin, De Gruyter, 1999-2015 (CC BY)	0.9
Huna	slug:jewish:rav-huna-the-scribe-of-the-assembly	Rav Huna, the scribe of the assembly		רַב הוּנָא סַפְרָא דְּסִידְרָא	Rav Huna, the scribe of the assembly	Aramaic	Jewish	Rabbinic	Jerusalem Talmud	Jerusalem Talmud Kilayim	Jerusalem Talmud Kilayim 3:1:2	https://www.sefaria.org/Jerusalem_Talmud_Kilayim.3.1.2	1	sage	personal	attested		Sefaria topics (CC BY-SA) + text: The Jerusalem Talmud, edition by Heinrich W. Guggenheimer. Berlin, De Gruyter, 1999-2015 (CC BY)	0.9
Tanhum	slug:jewish:rebbi-tanhum-from-bostra	Rebbi Tanhum from Bostra		רִבִּי תַּנְחוּם בּוֹצְרַייָא	Rebbi Tanhum from Bostra	Aramaic	Jewish	Rabbinic	Jerusalem Talmud	Jerusalem Talmud Kilayim	Jerusalem Talmud Kilayim 3:1:2	https://www.sefaria.org/Jerusalem_Talmud_Kilayim.3.1.2	1	sage	personal	attested		Sefaria topics (CC BY-SA) + text: The Jerusalem Talmud, edition by Heinrich W. Guggenheimer. Berlin, De Gruyter, 1999-2015 (CC BY)	0.9
Simeon	slug:jewish:simeon-of-nerash	Simeon of Nerash		שִׁמְעוֹן נְרָשִׁייָה	Simeon of Nerash	Aramaic	Jewish	Rabbinic	Jerusalem Talmud	Jerusalem Talmud Kilayim	Jerusalem Talmud Kilayim 3:1:5	https://www.sefaria.org/Jerusalem_Talmud_Kilayim.3.1.5	2	sage	personal	attested		Sefaria topics (CC BY-SA) + text: The Jerusalem Talmud, edition by Heinrich W. Guggenheimer. Berlin, De Gruyter, 1999-2015 (CC BY)	0.9
Samuel	slug:jewish:rebbi-samuel-b-abin	Rebbi Samuel b. Abin		רִבִּי שְׁמוּאֵל בַּר אָבִין	Rebbi Samuel b. Abin	Aramaic	Jewish	Rabbinic	Jerusalem Talmud	Jerusalem Talmud Kilayim	Jerusalem Talmud Kilayim 3:2:4	https://www.sefaria.org/Jerusalem_Talmud_Kilayim.3.2.4	1	sage	personal	attested		Sefaria topics (CC BY-SA) + text: The Jerusalem Talmud, edition by Heinrich W. Guggenheimer. Berlin, De Gruyter, 1999-2015 (CC BY)	0.9
Yose	slug:jewish:rebbi-yose-b-the-snatcher-from-efrat	Rebbi Yose b. the Snatcher from Efrat		רבי יוסי בן החוטף אפרתי	Rebbi Yose b. the Snatcher from Efrat	Aramaic	Jewish	Rabbinic	Jerusalem Talmud	Jerusalem Talmud Kilayim	Jerusalem Talmud Kilayim 3:6:1	https://www.sefaria.org/Jerusalem_Talmud_Kilayim.3.6.1	1	sage	personal	attested		Sefaria topics (CC BY-SA) + text: The Jerusalem Talmud, edition by Heinrich W. Guggenheimer. Berlin, De Gruyter, 1999-2015 (CC BY)	0.9
Eudaimon	slug:jewish:rebbi-eudaimon-from-haifa	Rebbi Eudaimon from Haifa		רבי אבדימי דמן חיפא	Rebbi Eudaimon from Haifa	Aramaic	Jewish	Rabbinic	Jerusalem Talmud	Jerusalem Talmud Kilayim	Jerusalem Talmud Kilayim 4:2:5	https://www.sefaria.org/Jerusalem_Talmud_Kilayim.4.2.5	3	sage	personal	attested		Sefaria topics (CC BY-SA) + text: The Jerusalem Talmud, edition by Heinrich W. Guggenheimer. Berlin, De Gruyter, 1999-2015 (CC BY)	0.9
Canaan	Q204797	Canaan, Son of Ham	boy	כנען	Canaan	Aramaic	Jewish	Rabbinic	Jerusalem Talmud	Jerusalem Talmud Kilayim	Jerusalem Talmud Kilayim 4:4:2	https://www.sefaria.org/Jerusalem_Talmud_Kilayim.4.4.2	5	human	personal	attested		Sefaria topics (CC BY-SA) + text: The Jerusalem Talmud, edition by Heinrich W. Guggenheimer. Berlin, De Gruyter, 1999-2015 (CC BY)	0.9
Hananyah	Q2070205	Rabbi Hananyah b. Hakhinai, 2nd century rabbi and tanna	boy	רבי חנניה בן חכינאי	Rabbi Hananyah b. Hakhinai	Aramaic	Jewish	Rabbinic	Jerusalem Talmud	Jerusalem Talmud Kilayim	Jerusalem Talmud Kilayim 4:6:1	https://www.sefaria.org/Jerusalem_Talmud_Kilayim.4.6.1	2	sage	personal	attested		Sefaria topics (CC BY-SA) + text: The Jerusalem Talmud, edition by Heinrich W. Guggenheimer. Berlin, De Gruyter, 1999-2015 (CC BY)	0.9
Yose	slug:jewish:rabbi-yose-b-hameshullam	Rabbi Yose b. haMeshullam, tanna	boy	רבי יוסי בן המשולם	Rabbi Yose b. haMeshullam	Aramaic	Jewish	Rabbinic	Jerusalem Talmud	Jerusalem Talmud Kilayim	Jerusalem Talmud Kilayim 6:4:3	https://www.sefaria.org/Jerusalem_Talmud_Kilayim.6.4.3	5	sage	personal	attested		Sefaria topics (CC BY-SA) + text: The Jerusalem Talmud, edition by Heinrich W. Guggenheimer. Berlin, De Gruyter, 1999-2015 (CC BY)	0.9
Yehudah	slug:jewish:rabbi-yehudah-b-bava	Rabbi Yehudah b. Bava, tanna	boy	רבי יהודה בן בבא	Rabbi Yehudah b. Bava	Aramaic	Jewish	Rabbinic	Jerusalem Talmud	Jerusalem Talmud Kilayim	Jerusalem Talmud Kilayim 6:4:3	https://www.sefaria.org/Jerusalem_Talmud_Kilayim.6.4.3	13	sage	personal	attested		Sefaria topics (CC BY-SA) + text: The Jerusalem Talmud, edition by Heinrich W. Guggenheimer. Berlin, De Gruyter, 1999-2015 (CC BY)	0.9
Hamai	slug:jewish:rebbi-hamai-b-uqba	Rebbi Hamai b. Uqba		רב חמא בר עוקבא	Rebbi Hamai b. Uqba	Aramaic	Jewish	Rabbinic	Jerusalem Talmud	Jerusalem Talmud Kilayim	Jerusalem Talmud Kilayim 6:4:9	https://www.sefaria.org/Jerusalem_Talmud_Kilayim.6.4.9	20	sage	personal	attested		Sefaria topics (CC BY-SA) + text: The Jerusalem Talmud, edition by Heinrich W. Guggenheimer. Berlin, De Gruyter, 1999-2015 (CC BY)	0.9
Hananiah	slug:jewish:rebbi-hananiah-b-rebbi-hillel	Rebbi Hananiah b. Rebbi Hillel		רִבִּי חֲנַנְיָה בְּרֵיהּ דְּרִבִּי הִלֵּל	Rebbi Hananiah b. Rebbi Hillel	Aramaic	Jewish	Rabbinic	Jerusalem Talmud	Jerusalem Talmud Kilayim	Jerusalem Talmud Kilayim 7:5:4	https://www.sefaria.org/Jerusalem_Talmud_Kilayim.7.5.4	33	sage	personal	attested		Sefaria topics (CC BY-SA) + text: The Jerusalem Talmud, edition by Heinrich W. Guggenheimer. Berlin, De Gruyter, 1999-2015 (CC BY)	0.9
Issy	slug:jewish:issy-b-aqabiah	Issy b. Aqabiah		איסי בן עקביה	Issy b. Aqabiah	Aramaic	Jewish	Rabbinic	Jerusalem Talmud	Jerusalem Talmud Kilayim	Jerusalem Talmud Kilayim 8:2:3	https://www.sefaria.org/Jerusalem_Talmud_Kilayim.8.2.3	3	sage	personal	attested		Sefaria topics (CC BY-SA) + text: The Jerusalem Talmud, edition by Heinrich W. Guggenheimer. Berlin, De Gruyter, 1999-2015 (CC BY)	0.9
Jonah	slug:jewish:rebbi-jonah-from-bostra	Rebbi Jonah from Bostra		רִבִּי יוֹנָה בּוֹצְרַייָה	Rebbi Jonah from Bostra	Aramaic	Jewish	Rabbinic	Jerusalem Talmud	Jerusalem Talmud Kilayim	Jerusalem Talmud Kilayim 8:3:4	https://www.sefaria.org/Jerusalem_Talmud_Kilayim.8.3.4	10	sage	personal	attested		Sefaria topics (CC BY-SA) + text: The Jerusalem Talmud, edition by Heinrich W. Guggenheimer. Berlin, De Gruyter, 1999-2015 (CC BY)	0.9
Niha	slug:jewish:rebbi-niha-b-sava	Rebbi Niha b. Sava		רִבִּי נִיחָא בַּר סָבָא	Rebbi Niha b. Sava	Aramaic	Jewish	Rabbinic	Jerusalem Talmud	Jerusalem Talmud Kilayim	Jerusalem Talmud Kilayim 9:1:2	https://www.sefaria.org/Jerusalem_Talmud_Kilayim.9.1.2	3	sage	personal	attested		Sefaria topics (CC BY-SA) + text: The Jerusalem Talmud, edition by Heinrich W. Guggenheimer. Berlin, De Gruyter, 1999-2015 (CC BY)	0.9
Derosai	slug:jewish:rebbi-derosai	Rebbi Derosai		רִבִּי דְּרוֹסַי	Rebbi Derosai	Aramaic	Jewish	Rabbinic	Jerusalem Talmud	Jerusalem Talmud Kilayim	Jerusalem Talmud Kilayim 9:3:3	https://www.sefaria.org/Jerusalem_Talmud_Kilayim.9.3.3	5	sage	personal	attested		Sefaria topics (CC BY-SA) + text: The Jerusalem Talmud, edition by Heinrich W. Guggenheimer. Berlin, De Gruyter, 1999-2015 (CC BY)	0.9
Hanina	slug:jewish:rebbi-hanina-of-sepphoris	Rebbi Hanina of Sepphoris, amora	boy	רִבִּי חֲנִינָה דְצִיפּוֹרִין	Rebbi Hanina of Sepphoris	Aramaic	Jewish	Rabbinic	Jerusalem Talmud	Jerusalem Talmud Kilayim	Jerusalem Talmud Kilayim 9:3:3	https://www.sefaria.org/Jerusalem_Talmud_Kilayim.9.3.3	7	sage	personal	attested		Sefaria topics (CC BY-SA) + text: The Jerusalem Talmud, edition by Heinrich W. Guggenheimer. Berlin, De Gruyter, 1999-2015 (CC BY)	0.9
Yose Ephrati	slug:jewish:yose-ephrati	Yose Ephrati		יוֹסֵף אֶפְרָתִ	Yose Ephrati	Aramaic	Jewish	Rabbinic	Jerusalem Talmud	Jerusalem Talmud Kilayim	Jerusalem Talmud Kilayim 9:3:3	https://www.sefaria.org/Jerusalem_Talmud_Kilayim.9.3.3	1	sage	personal	attested		Sefaria topics (CC BY-SA) + text: The Jerusalem Talmud, edition by Heinrich W. Guggenheimer. Berlin, De Gruyter, 1999-2015 (CC BY)	0.9
Men Yehudah	slug:jewish:men-yehudah	Men Yehudah		מן יְהוּדָה	Men Yehudah	Aramaic	Jewish	Rabbinic	Jerusalem Talmud	Jerusalem Talmud Kilayim	Jerusalem Talmud Kilayim 9:3:8	https://www.sefaria.org/Jerusalem_Talmud_Kilayim.9.3.8	3	sage	personal	attested		Sefaria topics (CC BY-SA) + text: The Jerusalem Talmud, edition by Heinrich W. Guggenheimer. Berlin, De Gruyter, 1999-2015 (CC BY)	0.9
Huna	slug:jewish:rav-huna-the-exilarch	Rav Huna the Exilarch		רב הונא ריש גלותא	Rav Huna the Exilarch	Aramaic	Jewish	Rabbinic	Jerusalem Talmud	Jerusalem Talmud Kilayim	Jerusalem Talmud Kilayim 9:3:10	https://www.sefaria.org/Jerusalem_Talmud_Kilayim.9.3.10	3	sage	personal	attested		Sefaria topics (CC BY-SA) + text: The Jerusalem Talmud, edition by Heinrich W. Guggenheimer. Berlin, De Gruyter, 1999-2015 (CC BY)	0.9
Jeroboam (Son of Nebat)	Q313219	Jeroboam, First king of the northern kingdom of Israel	boy	ירבעם בן נבט	Jeroboam (Son of Nebat)	Aramaic	Jewish	Rabbinic	Jerusalem Talmud	Jerusalem Talmud Kilayim	Jerusalem Talmud Kilayim 9:3:12	https://www.sefaria.org/Jerusalem_Talmud_Kilayim.9.3.12	6	royal	personal	attested		Sefaria topics (CC BY-SA) + text: The Jerusalem Talmud, edition by Heinrich W. Guggenheimer. Berlin, De Gruyter, 1999-2015 (CC BY)	0.9
Pashhur	slug:jewish:pashhur-b-immer	Pashhur b. Immer		פשחור	Pashhur b. Immer	Aramaic	Jewish	Rabbinic	Jerusalem Talmud	Jerusalem Talmud Kilayim	Jerusalem Talmud Kilayim 9:3:13	https://www.sefaria.org/Jerusalem_Talmud_Kilayim.9.3.13	5	human	personal	attested		Sefaria topics (CC BY-SA) + text: The Jerusalem Talmud, edition by Heinrich W. Guggenheimer. Berlin, De Gruyter, 1999-2015 (CC BY)	0.9
Reuben	slug:jewish:rebbi-reuben	Rebbi Reuben		רִבִּי רְאוּבֵן	Rebbi Reuben	Aramaic	Jewish	Rabbinic	Jerusalem Talmud	Jerusalem Talmud Kilayim	Jerusalem Talmud Kilayim 9:3:14	https://www.sefaria.org/Jerusalem_Talmud_Kilayim.9.3.14	5	sage	personal	attested		Sefaria topics (CC BY-SA) + text: The Jerusalem Talmud, edition by Heinrich W. Guggenheimer. Berlin, De Gruyter, 1999-2015 (CC BY)	0.9
Elihoref	slug:jewish:elihoref	Elihoref		אֱלִיחוֹרֶף	Elihoref	Aramaic	Jewish	Rabbinic	Jerusalem Talmud	Jerusalem Talmud Kilayim	Jerusalem Talmud Kilayim 9:3:14	https://www.sefaria.org/Jerusalem_Talmud_Kilayim.9.3.14	2	human	personal	attested		Sefaria topics (CC BY-SA) + text: The Jerusalem Talmud, edition by Heinrich W. Guggenheimer. Berlin, De Gruyter, 1999-2015 (CC BY)	0.9
Ahijah	Q2590260	Ahijah the Shilonite, biblical prophet in the Old Testament (First Book of Kings)	boy	אחיה השילוני	Ahijah the Shilonite	Aramaic	Jewish	Rabbinic	Jerusalem Talmud	Jerusalem Talmud Kilayim	Jerusalem Talmud Kilayim 9:3:14	https://www.sefaria.org/Jerusalem_Talmud_Kilayim.9.3.14	3	human	personal	attested		Sefaria topics (CC BY-SA) + text: The Jerusalem Talmud, edition by Heinrich W. Guggenheimer. Berlin, De Gruyter, 1999-2015 (CC BY)	0.9
Miriam	Q1938388	Miriam, prophetess, sister of Moses and Aaron	girl	מרים	Miriam	Aramaic	Jewish	Rabbinic	Jerusalem Talmud	Jerusalem Talmud Kilayim	Jerusalem Talmud Kilayim 9:3:16	https://www.sefaria.org/Jerusalem_Talmud_Kilayim.9.3.16	12	prophet	personal	attested		Sefaria topics (CC BY-SA) + text: The Jerusalem Talmud, edition by Heinrich W. Guggenheimer. Berlin, De Gruyter, 1999-2015 (CC BY)	0.9
Diocletian	slug:jewish:diocletian	Diocletian		דִּיֹּקְלֵיטִיָּנוּס	Diocletian	Aramaic	Jewish	Rabbinic	Jerusalem Talmud	Jerusalem Talmud Kilayim	Jerusalem Talmud Kilayim 9:3:16	https://www.sefaria.org/Jerusalem_Talmud_Kilayim.9.3.16	5	sage	personal	attested		Sefaria topics (CC BY-SA) + text: The Jerusalem Talmud, edition by Heinrich W. Guggenheimer. Berlin, De Gruyter, 1999-2015 (CC BY)	0.9
Safra	slug:jewish:rav-safra	Rav Safra		רב ספרא	Rav Safra	Aramaic	Jewish	Rabbinic	Jerusalem Talmud	Jerusalem Talmud Kilayim	Jerusalem Talmud Kilayim 9:4:6	https://www.sefaria.org/Jerusalem_Talmud_Kilayim.9.4.6	2	sage	personal	attested		Sefaria topics (CC BY-SA) + text: The Jerusalem Talmud, edition by Heinrich W. Guggenheimer. Berlin, De Gruyter, 1999-2015 (CC BY)	0.9
Jacob	slug:jewish:rebbi-jacob-b-ada	Rebbi Jacob b. Ada		רִבִּי יַעֲקֹב בַּר אָחָא	Rebbi Jacob b. Ada	Aramaic	Jewish	Rabbinic	Jerusalem Talmud	Jerusalem Talmud Kilayim	Jerusalem Talmud Kilayim 9:4:6	https://www.sefaria.org/Jerusalem_Talmud_Kilayim.9.4.6	3	sage	personal	attested		Sefaria topics (CC BY-SA) + text: The Jerusalem Talmud, edition by Heinrich W. Guggenheimer. Berlin, De Gruyter, 1999-2015 (CC BY)	0.9
Onias	slug:jewish:rebbi-onias	Rebbi Onias		רִבִּי חוֹנִי	Rebbi Onias	Aramaic	Jewish	Rabbinic	Jerusalem Talmud	Jerusalem Talmud Sheviit	Jerusalem Talmud Sheviit 1:5:3	https://www.sefaria.org/Jerusalem_Talmud_Sheviit.1.5.3	16	sage	personal	attested		Sefaria topics (CC BY-SA) + text: The Jerusalem Talmud, edition by Heinrich W. Guggenheimer. Berlin, De Gruyter, 1999-2015 (CC BY)	0.9
Yudan	slug:jewish:rebbi-yudan-b-guria	Rebbi Yudan b. Guria		רִבִּי יוּדָן בַּר גּוּרִייָא	Rebbi Yudan b. Guria	Aramaic	Jewish	Rabbinic	Jerusalem Talmud	Jerusalem Talmud Sheviit	Jerusalem Talmud Sheviit 2:3:5	https://www.sefaria.org/Jerusalem_Talmud_Sheviit.2.3.5	1	sage	personal	attested		Sefaria topics (CC BY-SA) + text: The Jerusalem Talmud, edition by Heinrich W. Guggenheimer. Berlin, De Gruyter, 1999-2015 (CC BY)	0.9
Sabbatai Zadoq	slug:jewish:rebbi-sabbatai-zadoq	Rebbi Sabbatai Zadoq		רִבִּי שִׁיבְתַי דִצְדוֹקֵי	Rebbi Sabbatai Zadoq	Aramaic	Jewish	Rabbinic	Jerusalem Talmud	Jerusalem Talmud Sheviit	Jerusalem Talmud Sheviit 2:5:6	https://www.sefaria.org/Jerusalem_Talmud_Sheviit.2.5.6	1	sage	personal	attested		Sefaria topics (CC BY-SA) + text: The Jerusalem Talmud, edition by Heinrich W. Guggenheimer. Berlin, De Gruyter, 1999-2015 (CC BY)	0.9
Idi	slug:jewish:rebbi-idi-from-hotra	Rebbi Idi from Hotra		רִבִּי אִידִי דְּחוּטְרָא	Rebbi Idi from Hotra	Aramaic	Jewish	Rabbinic	Jerusalem Talmud	Jerusalem Talmud Sheviit	Jerusalem Talmud Sheviit 3:2:4	https://www.sefaria.org/Jerusalem_Talmud_Sheviit.3.2.4	5	sage	personal	attested		Sefaria topics (CC BY-SA) + text: The Jerusalem Talmud, edition by Heinrich W. Guggenheimer. Berlin, De Gruyter, 1999-2015 (CC BY)	0.9
Assi	Q741463	Rav Assi (II), Jewish Talmudist and rabbi	boy	רב אסי (2)	Rav Assi (II)	Aramaic	Jewish	Rabbinic	Jerusalem Talmud	Jerusalem Talmud Sheviit	Jerusalem Talmud Sheviit 3:4:6	https://www.sefaria.org/Jerusalem_Talmud_Sheviit.3.4.6	61	sage	personal	attested		Sefaria topics (CC BY-SA) + text: The Jerusalem Talmud, edition by Heinrich W. Guggenheimer. Berlin, De Gruyter, 1999-2015 (CC BY)	0.9
Julianus	slug:jewish:julianus	Julianus		לוּלְייָנוֹס	Julianus	Aramaic	Jewish	Rabbinic	Jerusalem Talmud	Jerusalem Talmud Sheviit	Jerusalem Talmud Sheviit 4:2:4	https://www.sefaria.org/Jerusalem_Talmud_Sheviit.4.2.4	5	sage	personal	attested		Sefaria topics (CC BY-SA) + text: The Jerusalem Talmud, edition by Heinrich W. Guggenheimer. Berlin, De Gruyter, 1999-2015 (CC BY)	0.9
Lud	Q1815870	Lud, Son of Shem	boy	לוד	Lud	Aramaic	Jewish	Rabbinic	Jerusalem Talmud	Jerusalem Talmud Sheviit	Jerusalem Talmud Sheviit 4:2:4	https://www.sefaria.org/Jerusalem_Talmud_Sheviit.4.2.4	33	human	personal	attested		Sefaria topics (CC BY-SA) + text: The Jerusalem Talmud, edition by Heinrich W. Guggenheimer. Berlin, De Gruyter, 1999-2015 (CC BY)	0.9
Pappos	slug:jewish:pappos-b-yehuda	Pappos b. Yehuda		פפוס	Pappos b. Yehuda	Aramaic	Jewish	Rabbinic	Jerusalem Talmud	Jerusalem Talmud Sheviit	Jerusalem Talmud Sheviit 4:2:4	https://www.sefaria.org/Jerusalem_Talmud_Sheviit.4.2.4	5	sage	personal	attested		Sefaria topics (CC BY-SA) + text: The Jerusalem Talmud, edition by Heinrich W. Guggenheimer. Berlin, De Gruyter, 1999-2015 (CC BY)	0.9
Edom	Q220822	Esau, Isaac's firstborn son	boy	אדום (עם)	Edom	Aramaic	Jewish	Rabbinic	Jerusalem Talmud	Jerusalem Talmud Sheviit	Jerusalem Talmud Sheviit 6:1:5	https://www.sefaria.org/Jerusalem_Talmud_Sheviit.6.1.5	5	human	personal	attested		Sefaria topics (CC BY-SA) + text: The Jerusalem Talmud, edition by Heinrich W. Guggenheimer. Berlin, De Gruyter, 1999-2015 (CC BY)	0.9
Ema Shalom	slug:jewish:ema-shalom	Ema Shalom		אימא שלום	Ema Shalom	Aramaic	Jewish	Rabbinic	Jerusalem Talmud	Jerusalem Talmud Sheviit	Jerusalem Talmud Sheviit 6:1:7	https://www.sefaria.org/Jerusalem_Talmud_Sheviit.6.1.7	2	sage	personal	attested		Sefaria topics (CC BY-SA) + text: The Jerusalem Talmud, edition by Heinrich W. Guggenheimer. Berlin, De Gruyter, 1999-2015 (CC BY)	0.9
Abihu	Q321166	Abihu, Son of Aaron	boy	אביהוא	Abihu	Aramaic	Jewish	Rabbinic	Jerusalem Talmud	Jerusalem Talmud Sheviit	Jerusalem Talmud Sheviit 6:1:7	https://www.sefaria.org/Jerusalem_Talmud_Sheviit.6.1.7	3	human	personal	attested		Sefaria topics (CC BY-SA) + text: The Jerusalem Talmud, edition by Heinrich W. Guggenheimer. Berlin, De Gruyter, 1999-2015 (CC BY)	0.9
Nadav	slug:biblical:nadab@exo.6.23-1ch	Nadab, Son of Aaron	boy	נדב	Nadav	Aramaic	Jewish	Rabbinic	Jerusalem Talmud	Jerusalem Talmud Sheviit	Jerusalem Talmud Sheviit 6:1:7	https://www.sefaria.org/Jerusalem_Talmud_Sheviit.6.1.7	2	human	personal	attested		Sefaria topics (CC BY-SA) + text: The Jerusalem Talmud, edition by Heinrich W. Guggenheimer. Berlin, De Gruyter, 1999-2015 (CC BY)	0.9
Ilfa	slug:jewish:ilfa	Ilfa		אילפא	Ilfa	Aramaic	Jewish	Rabbinic	Jerusalem Talmud	Jerusalem Talmud Sheviit	Jerusalem Talmud Sheviit 6:1:10	https://www.sefaria.org/Jerusalem_Talmud_Sheviit.6.1.10	17	sage	personal	attested		Sefaria topics (CC BY-SA) + text: The Jerusalem Talmud, edition by Heinrich W. Guggenheimer. Berlin, De Gruyter, 1999-2015 (CC BY)	0.9
Yiftach	Q1133523	Jephthah, A judge of Israel	boy	יפתח	Yiftach	Aramaic	Jewish	Rabbinic	Jerusalem Talmud	Jerusalem Talmud Sheviit	Jerusalem Talmud Sheviit 6:1:13	https://www.sefaria.org/Jerusalem_Talmud_Sheviit.6.1.13	1	human	personal	attested		Sefaria topics (CC BY-SA) + text: The Jerusalem Talmud, edition by Heinrich W. Guggenheimer. Berlin, De Gruyter, 1999-2015 (CC BY)	0.9
Jacob	slug:jewish:rebbi-jacob-b-rebbi-abun	Rebbi Jacob b. Rebbi Abun		רב יעקב בר אבא	Rebbi Jacob b. Rebbi Abun	Aramaic	Jewish	Rabbinic	Jerusalem Talmud	Jerusalem Talmud Sheviit	Jerusalem Talmud Sheviit 6:1:19	https://www.sefaria.org/Jerusalem_Talmud_Sheviit.6.1.19	2	sage	personal	attested		Sefaria topics (CC BY-SA) + text: The Jerusalem Talmud, edition by Heinrich W. Guggenheimer. Berlin, De Gruyter, 1999-2015 (CC BY)	0.9
Og	Q878675	Og, King of Bashan	boy	עוג	Og	Aramaic	Jewish	Rabbinic	Jerusalem Talmud	Jerusalem Talmud Sheviit	Jerusalem Talmud Sheviit 6:1:20	https://www.sefaria.org/Jerusalem_Talmud_Sheviit.6.1.20	3	royal	personal	attested		Sefaria topics (CC BY-SA) + text: The Jerusalem Talmud, edition by Heinrich W. Guggenheimer. Berlin, De Gruyter, 1999-2015 (CC BY)	0.9
Sichon	Q887987	Sihon, Amorite king of Heshbon	boy	סיחון	Sichon	Aramaic	Jewish	Rabbinic	Jerusalem Talmud	Jerusalem Talmud Sheviit	Jerusalem Talmud Sheviit 6:1:20	https://www.sefaria.org/Jerusalem_Talmud_Sheviit.6.1.20	3	royal	personal	attested		Sefaria topics (CC BY-SA) + text: The Jerusalem Talmud, edition by Heinrich W. Guggenheimer. Berlin, De Gruyter, 1999-2015 (CC BY)	0.9
Hiyya	slug:jewish:rebbi-hiyya-b-marius	Rebbi Hiyya b. Marius		רִבִּי חִייָה בַּר מַרְייָא	Rebbi Hiyya b. Marius	Aramaic	Jewish	Rabbinic	Jerusalem Talmud	Jerusalem Talmud Sheviit	Jerusalem Talmud Sheviit 6:1:21	https://www.sefaria.org/Jerusalem_Talmud_Sheviit.6.1.21	9	sage	personal	attested		Sefaria topics (CC BY-SA) + text: The Jerusalem Talmud, edition by Heinrich W. Guggenheimer. Berlin, De Gruyter, 1999-2015 (CC BY)	0.9
Antoninus	slug:jewish:antoninus1	Antoninus		אַנְטוּנִינוּס	Antoninus	Aramaic	Jewish	Rabbinic	Jerusalem Talmud	Jerusalem Talmud Sheviit	Jerusalem Talmud Sheviit 6:1:21	https://www.sefaria.org/Jerusalem_Talmud_Sheviit.6.1.21	5	sage	personal	attested		Sefaria topics (CC BY-SA) + text: The Jerusalem Talmud, edition by Heinrich W. Guggenheimer. Berlin, De Gruyter, 1999-2015 (CC BY)	0.9
Levi	slug:jewish:rebbi-levi-from-sennabaris	Rebbi Levi from Sennabaris		רִבִּי לֵוִי צִנַּבְּרִיָּא	Rebbi Levi from Sennabaris	Aramaic	Jewish	Rabbinic	Jerusalem Talmud	Jerusalem Talmud Sheviit	Jerusalem Talmud Sheviit 6:2:4	https://www.sefaria.org/Jerusalem_Talmud_Sheviit.6.2.4	2	sage	personal	attested		Sefaria topics (CC BY-SA) + text: The Jerusalem Talmud, edition by Heinrich W. Guggenheimer. Berlin, De Gruyter, 1999-2015 (CC BY)	0.9
Haran	Q1199156	Haran, Son of Terah	boy	הרן	Haran	Aramaic	Jewish	Rabbinic	Jerusalem Talmud	Jerusalem Talmud Sheviit	Jerusalem Talmud Sheviit 9:2:5	https://www.sefaria.org/Jerusalem_Talmud_Sheviit.9.2.5	3	human	personal	attested		Sefaria topics (CC BY-SA) + text: The Jerusalem Talmud, edition by Heinrich W. Guggenheimer. Berlin, De Gruyter, 1999-2015 (CC BY)	0.9
Yitzhak	slug:jewish:rabbi-yitzhak-b-redifa	Rabbi Yitzhak b. Redifa		רבי יצחק בר רדיפא	Rabbi Yitzhak b. Redifa	Aramaic	Jewish	Rabbinic	Jerusalem Talmud	Jerusalem Talmud Sheviit	Jerusalem Talmud Sheviit 9:4:3	https://www.sefaria.org/Jerusalem_Talmud_Sheviit.9.4.3	2	sage	personal	attested		Sefaria topics (CC BY-SA) + text: The Jerusalem Talmud, edition by Heinrich W. Guggenheimer. Berlin, De Gruyter, 1999-2015 (CC BY)	0.85
Hananya	slug:jewish:rabbi-hananya-b-rabbi-yosei-hagelili	Rabbi Hananya b. Rabbi Yosei HaGelili		רבי חנניא בנו של רבי יוסי הגלילי	Rabbi Hananya b. Rabbi Yosei HaGelili	Aramaic	Jewish	Rabbinic	Jerusalem Talmud	Jerusalem Talmud Sheviit	Jerusalem Talmud Sheviit 10:1:11	https://www.sefaria.org/Jerusalem_Talmud_Sheviit.10.1.11	3	sage	personal	attested		Sefaria topics (CC BY-SA) + text: The Jerusalem Talmud, edition by Heinrich W. Guggenheimer. Berlin, De Gruyter, 1999-2015 (CC BY)	0.9
Amram	slug:jewish:rav-amram	Rav Amram		רב עמרם	Rav Amram	Aramaic	Jewish	Rabbinic	Jerusalem Talmud	Jerusalem Talmud Sheviit	Jerusalem Talmud Sheviit 10:1:14	https://www.sefaria.org/Jerusalem_Talmud_Sheviit.10.1.14	5	sage	personal	attested		Sefaria topics (CC BY-SA) + text: The Jerusalem Talmud, edition by Heinrich W. Guggenheimer. Berlin, De Gruyter, 1999-2015 (CC BY)	0.9
Reuben	Q625661	Reuben, Firstborn son of Jacob and Leah	boy	ראובן	Reuben	Aramaic	Jewish	Rabbinic	Jerusalem Talmud	Jerusalem Talmud Sheviit	Jerusalem Talmud Sheviit 10:2:3	https://www.sefaria.org/Jerusalem_Talmud_Sheviit.10.2.3	26	human	personal	attested		Sefaria topics (CC BY-SA) + text: The Jerusalem Talmud, edition by Heinrich W. Guggenheimer. Berlin, De Gruyter, 1999-2015 (CC BY)	0.9
Ezra	slug:jewish:rabbi-ezra	Rabbi Ezra		רבי עזרא	Rabbi Ezra	Aramaic	Jewish	Rabbinic	Jerusalem Talmud	Jerusalem Talmud Terumot	Jerusalem Talmud Terumot 1:1:8	https://www.sefaria.org/Jerusalem_Talmud_Terumot.1.1.8	20	sage	personal	attested		Sefaria topics (CC BY-SA) + text: The Jerusalem Talmud, edition by Heinrich W. Guggenheimer. Berlin, De Gruyter, 1999-2015 (CC BY)	0.9
Yohanan	slug:jewish:rabbi-yohanan-b-gudgada	Rabbi Yohanan b. Gudgada		רבי יוחנן בן גודגדא	Rabbi Yohanan b. Gudgada	Aramaic	Jewish	Rabbinic	Jerusalem Talmud	Jerusalem Talmud Terumot	Jerusalem Talmud Terumot 1:1:10	https://www.sefaria.org/Jerusalem_Talmud_Terumot.1.1.10	2	sage	personal	attested		Sefaria topics (CC BY-SA) + text: The Jerusalem Talmud, edition by Heinrich W. Guggenheimer. Berlin, De Gruyter, 1999-2015 (CC BY)	0.9
Ashian	slug:jewish:rebbi-ashian	Rebbi Ashian		רִבִּי אַשְׁייָן	Rebbi Ashian	Aramaic	Jewish	Rabbinic	Jerusalem Talmud	Jerusalem Talmud Terumot	Jerusalem Talmud Terumot 1:5:9	https://www.sefaria.org/Jerusalem_Talmud_Terumot.1.5.9	12	sage	personal	attested		Sefaria topics (CC BY-SA) + text: The Jerusalem Talmud, edition by Heinrich W. Guggenheimer. Berlin, De Gruyter, 1999-2015 (CC BY)	0.9
Aaron	Q51676	Aaron, brother of Moses	boy	אהרון	Aaron	Aramaic	Jewish	Rabbinic	Jerusalem Talmud	Jerusalem Talmud Terumot	Jerusalem Talmud Terumot 2:1:3	https://www.sefaria.org/Jerusalem_Talmud_Terumot.2.1.3	81	human	personal	attested		Sefaria topics (CC BY-SA) + text: The Jerusalem Talmud, edition by Heinrich W. Guggenheimer. Berlin, De Gruyter, 1999-2015 (CC BY)	0.9
Tebi	slug:jewish:rebbi-tebi	Rebbi Tebi		רבי טבי	Rebbi Tebi	Aramaic	Jewish	Rabbinic	Jerusalem Talmud	Jerusalem Talmud Terumot	Jerusalem Talmud Terumot 2:1:13	https://www.sefaria.org/Jerusalem_Talmud_Terumot.2.1.13	12	sage	personal	attested		Sefaria topics (CC BY-SA) + text: The Jerusalem Talmud, edition by Heinrich W. Guggenheimer. Berlin, De Gruyter, 1999-2015 (CC BY)	0.9
Joshia	slug:jewish:rebbi-joshia-b-rebbi-yannai	Rebbi Joshia b. Rebbi Yannai		רִבִּי יֹאשַׁיָּה בֵּי רִבִּי יַנַּאי	Rebbi Joshia b. Rebbi Yannai	Aramaic	Jewish	Rabbinic	Jerusalem Talmud	Jerusalem Talmud Terumot	Jerusalem Talmud Terumot 2:1:13	https://www.sefaria.org/Jerusalem_Talmud_Terumot.2.1.13	1	sage	personal	attested		Sefaria topics (CC BY-SA) + text: The Jerusalem Talmud, edition by Heinrich W. Guggenheimer. Berlin, De Gruyter, 1999-2015 (CC BY)	0.9
Yohanan Hasandlar	Q449248	Rabbi Yohanan Hasandlar, fourth generation tanna	boy	ר יוחנן הסנדלר	Rabbi Yohanan Hasandlar	Aramaic	Jewish	Rabbinic	Jerusalem Talmud	Jerusalem Talmud Terumot	Jerusalem Talmud Terumot 2:1:19	https://www.sefaria.org/Jerusalem_Talmud_Terumot.2.1.19	9	sage	personal	attested		Sefaria topics (CC BY-SA) + text: The Jerusalem Talmud, edition by Heinrich W. Guggenheimer. Berlin, De Gruyter, 1999-2015 (CC BY)	0.9
Tanhum	slug:jewish:rebbi-tanhum-b-ilai	Rebbi Tanhum b. Ilai		רִבִּי תַנְחוּם בַּר עִילַאי	Rebbi Tanhum b. Ilai	Aramaic	Jewish	Rabbinic	Jerusalem Talmud	Jerusalem Talmud Terumot	Jerusalem Talmud Terumot 2:1:20	https://www.sefaria.org/Jerusalem_Talmud_Terumot.2.1.20	7	sage	personal	attested		Sefaria topics (CC BY-SA) + text: The Jerusalem Talmud, edition by Heinrich W. Guggenheimer. Berlin, De Gruyter, 1999-2015 (CC BY)	0.9
Abba	slug:jewish:rebbi-abba-b-jacob-b-idi	Rebbi Abba b. Jacob b. Idi		רִבִּי בָּא בַּר יַעֲקֹב בַּר אִידִי	Rebbi Abba b. Jacob b. Idi	Aramaic	Jewish	Rabbinic	Jerusalem Talmud	Jerusalem Talmud Terumot	Jerusalem Talmud Terumot 3:1:6	https://www.sefaria.org/Jerusalem_Talmud_Terumot.3.1.6	1	sage	personal	attested		Sefaria topics (CC BY-SA) + text: The Jerusalem Talmud, edition by Heinrich W. Guggenheimer. Berlin, De Gruyter, 1999-2015 (CC BY)	0.9
Elazar Hisma	slug:jewish:rabbi-elazar-hisma	Rabbi Elazar Hisma, tanna	boy	ר אלעזר חסמא	Rabbi Elazar Hisma	Aramaic	Jewish	Rabbinic	Jerusalem Talmud	Jerusalem Talmud Terumot	Jerusalem Talmud Terumot 3:3:1	https://www.sefaria.org/Jerusalem_Talmud_Terumot.3.3.1	5	sage	personal	attested		Sefaria topics (CC BY-SA) + text: The Jerusalem Talmud, edition by Heinrich W. Guggenheimer. Berlin, De Gruyter, 1999-2015 (CC BY)	0.9
Levi	slug:jewish:rebbi-levi-b-hina	Rebbi Levi b. Hina		רִבִּי לֵוִי בַּר חִינָא	Rebbi Levi b. Hina	Aramaic	Jewish	Rabbinic	Jerusalem Talmud	Jerusalem Talmud Terumot	Jerusalem Talmud Terumot 4:3:3	https://www.sefaria.org/Jerusalem_Talmud_Terumot.4.3.3	1	sage	personal	attested		Sefaria topics (CC BY-SA) + text: The Jerusalem Talmud, edition by Heinrich W. Guggenheimer. Berlin, De Gruyter, 1999-2015 (CC BY)	0.9
Abbai	slug:jewish:rebbi-abbai	Rebbi Abbai		רִבִּי אַבַּיי	Rebbi Abbai	Aramaic	Jewish	Rabbinic	Jerusalem Talmud	Jerusalem Talmud Terumot	Jerusalem Talmud Terumot 5:2:2	https://www.sefaria.org/Jerusalem_Talmud_Terumot.5.2.2	7	sage	personal	attested		Sefaria topics (CC BY-SA) + text: The Jerusalem Talmud, edition by Heinrich W. Guggenheimer. Berlin, De Gruyter, 1999-2015 (CC BY)	0.9
Mana	slug:jewish:rebbi-mana-b-tanhum	Rebbi Mana b. Tanhum		רִבִּי מָנָא בַּר תַּנְחוּם	Rebbi Mana b. Tanhum	Aramaic	Jewish	Rabbinic	Jerusalem Talmud	Jerusalem Talmud Terumot	Jerusalem Talmud Terumot 5:2:5	https://www.sefaria.org/Jerusalem_Talmud_Terumot.5.2.5	11	sage	personal	attested		Sefaria topics (CC BY-SA) + text: The Jerusalem Talmud, edition by Heinrich W. Guggenheimer. Berlin, De Gruyter, 1999-2015 (CC BY)	0.9
Nathan	slug:jewish:rebbi-nathan-b-hoshaiah	Rebbi Nathan b. Hoshaiah		רב נתן בר הושעיא	Rebbi Nathan b. Hoshaiah	Aramaic	Jewish	Rabbinic	Jerusalem Talmud	Jerusalem Talmud Terumot	Jerusalem Talmud Terumot 7:1:6	https://www.sefaria.org/Jerusalem_Talmud_Terumot.7.1.6	8	sage	personal	attested		Sefaria topics (CC BY-SA) + text: The Jerusalem Talmud, edition by Heinrich W. Guggenheimer. Berlin, De Gruyter, 1999-2015 (CC BY)	0.9
Nehoniah	slug:jewish:rebbi-nehoniah	Rebbi Nehoniah		רִבִּי נחוניה	Rebbi Nehoniah	Aramaic	Jewish	Rabbinic	Jerusalem Talmud	Jerusalem Talmud Terumot	Jerusalem Talmud Terumot 7:1:12	https://www.sefaria.org/Jerusalem_Talmud_Terumot.7.1.12	1	sage	personal	attested		Sefaria topics (CC BY-SA) + text: The Jerusalem Talmud, edition by Heinrich W. Guggenheimer. Berlin, De Gruyter, 1999-2015 (CC BY)	0.85
Shimon	slug:jewish:rabbi-shimon-b-menasya	Rabbi Shimon b. Menasya, tanna	boy	רבי שמעון בן מנסיא	Rabbi Shimon b. Menasya	Aramaic	Jewish	Rabbinic	Jerusalem Talmud	Jerusalem Talmud Terumot	Jerusalem Talmud Terumot 7:1:12	https://www.sefaria.org/Jerusalem_Talmud_Terumot.7.1.12	13	sage	personal	attested		Sefaria topics (CC BY-SA) + text: The Jerusalem Talmud, edition by Heinrich W. Guggenheimer. Berlin, De Gruyter, 1999-2015 (CC BY)	0.9
Joshua	slug:jewish:rebbi-joshua-b-zeidal	Rebbi Joshua b. Zeidal		רִבִּי יְהוֹשֻׁעַ בֶּן זַייְדָל	Rebbi Joshua b. Zeidal	Aramaic	Jewish	Rabbinic	Jerusalem Talmud	Jerusalem Talmud Terumot	Jerusalem Talmud Terumot 8:3:4	https://www.sefaria.org/Jerusalem_Talmud_Terumot.8.3.4	2	sage	personal	attested		Sefaria topics (CC BY-SA) + text: The Jerusalem Talmud, edition by Heinrich W. Guggenheimer. Berlin, De Gruyter, 1999-2015 (CC BY)	0.9
Hiyya	slug:jewish:rebbi-hiyya-b-titus	Rebbi Hiyya b. Titus		רִבִּי חִייָה בַּר טִיטֻס	Rebbi Hiyya b. Titus	Aramaic	Jewish	Rabbinic	Jerusalem Talmud	Jerusalem Talmud Terumot	Jerusalem Talmud Terumot 8:3:6	https://www.sefaria.org/Jerusalem_Talmud_Terumot.8.3.6	1	sage	personal	attested		Sefaria topics (CC BY-SA) + text: The Jerusalem Talmud, edition by Heinrich W. Guggenheimer. Berlin, De Gruyter, 1999-2015 (CC BY)	0.9
Isaac	slug:jewish:rebbi-isaac-b-rebbi-hiyya	Rebbi Isaac b. Rebbi Hiyya		רִבִּי יִצְחָק בְּרֵיהּ דְּרִבִּי חִייָה	Rebbi Isaac b. Rebbi Hiyya	Aramaic	Jewish	Rabbinic	Jerusalem Talmud	Jerusalem Talmud Terumot	Jerusalem Talmud Terumot 8:4:6	https://www.sefaria.org/Jerusalem_Talmud_Terumot.8.4.6	8	sage	personal	attested		Sefaria topics (CC BY-SA) + text: The Jerusalem Talmud, edition by Heinrich W. Guggenheimer. Berlin, De Gruyter, 1999-2015 (CC BY)	0.9
Samuel	slug:jewish:rebbi-samuel-b-berekhiah	Rebbi Samuel b. Berekhiah		רִבִּי שְׁמוּאֵל בַּר בְּרֶכְיָה	Rebbi Samuel b. Berekhiah	Aramaic	Jewish	Rabbinic	Jerusalem Talmud	Jerusalem Talmud Terumot	Jerusalem Talmud Terumot 8:4:8	https://www.sefaria.org/Jerusalem_Talmud_Terumot.8.4.8	1	sage	personal	attested		Sefaria topics (CC BY-SA) + text: The Jerusalem Talmud, edition by Heinrich W. Guggenheimer. Berlin, De Gruyter, 1999-2015 (CC BY)	0.9
Sheva	slug:jewish:sheva-the-son-of-bichri	Sheva, the Son of Bichri		שבע בן בכרי	Sheva, the Son of Bichri	Aramaic	Jewish	Rabbinic	Jerusalem Talmud	Jerusalem Talmud Terumot	Jerusalem Talmud Terumot 8:4:11	https://www.sefaria.org/Jerusalem_Talmud_Terumot.8.4.11	1	human	personal	attested		Sefaria topics (CC BY-SA) + text: The Jerusalem Talmud, edition by Heinrich W. Guggenheimer. Berlin, De Gruyter, 1999-2015 (CC BY)	0.9
Ulla	slug:jewish:ulla-b-qoshav	Ulla b. Qoshav		עוּלָּא בַּר קוֹשַׁב	Ulla b. Qoshav	Aramaic	Jewish	Rabbinic	Jerusalem Talmud	Jerusalem Talmud Terumot	Jerusalem Talmud Terumot 8:4:11	https://www.sefaria.org/Jerusalem_Talmud_Terumot.8.4.11	1	sage	personal	attested		Sefaria topics (CC BY-SA) + text: The Jerusalem Talmud, edition by Heinrich W. Guggenheimer. Berlin, De Gruyter, 1999-2015 (CC BY)	0.9
Yehudah Nesi'a	Q1710854	Rabbi Yehudah Nesi'a (II), Jewish sage (3rd-4th century CE)	boy	רבי יהודה נשיאה (2)	Rabbi Yehudah Nesi'a (II)	Aramaic	Jewish	Rabbinic	Jerusalem Talmud	Jerusalem Talmud Terumot	Jerusalem Talmud Terumot 8:4:15	https://www.sefaria.org/Jerusalem_Talmud_Terumot.8.4.15	12	sage	personal	attested		Sefaria topics (CC BY-SA) + text: The Jerusalem Talmud, edition by Heinrich W. Guggenheimer. Berlin, De Gruyter, 1999-2015 (CC BY)	0.9
Tzadok	slug:jewish:rabbi-tzadok-(i)	Rabbi Tzadok (I), tanna	boy	רבי צדוק (2)	Rabbi Tzadok (I)	Aramaic	Jewish	Rabbinic	Jerusalem Talmud	Jerusalem Talmud Terumot	Jerusalem Talmud Terumot 10:5:1	https://www.sefaria.org/Jerusalem_Talmud_Terumot.10.5.1	9	sage	personal	attested		Sefaria topics (CC BY-SA) + text: The Jerusalem Talmud, edition by Heinrich W. Guggenheimer. Berlin, De Gruyter, 1999-2015 (CC BY)	0.9
Simeon	slug:jewish:simeon-b-hiyya	Simeon b. Hiyya		שִׂמְעוֹן בַּר חִייָה	Simeon b. Hiyya	Aramaic	Jewish	Rabbinic	Jerusalem Talmud	Jerusalem Talmud Terumot	Jerusalem Talmud Terumot 10:5:4	https://www.sefaria.org/Jerusalem_Talmud_Terumot.10.5.4	6	sage	personal	attested		Sefaria topics (CC BY-SA) + text: The Jerusalem Talmud, edition by Heinrich W. Guggenheimer. Berlin, De Gruyter, 1999-2015 (CC BY)	0.9
Ada	slug:jewish:ada-b-gershon	Ada b. Gershon		אָדָא בַּר גֵּרְשׁוֹן	Ada b. Gershon	Aramaic	Jewish	Rabbinic	Jerusalem Talmud	Jerusalem Talmud Terumot	Jerusalem Talmud Terumot 10:6:8	https://www.sefaria.org/Jerusalem_Talmud_Terumot.10.6.8	1	sage	personal	attested		Sefaria topics (CC BY-SA) + text: The Jerusalem Talmud, edition by Heinrich W. Guggenheimer. Berlin, De Gruyter, 1999-2015 (CC BY)	0.9
Kirai	slug:jewish:rebbi-kirai	Rebbi Kirai		רִבִּי כִירַײ	Rebbi Kirai	Aramaic	Jewish	Rabbinic	Jerusalem Talmud	Jerusalem Talmud Terumot	Jerusalem Talmud Terumot 10:6:8	https://www.sefaria.org/Jerusalem_Talmud_Terumot.10.6.8	2	sage	personal	attested		Sefaria topics (CC BY-SA) + text: The Jerusalem Talmud, edition by Heinrich W. Guggenheimer. Berlin, De Gruyter, 1999-2015 (CC BY)	0.9
Levi	slug:jewish:rebbi-levi-b-plautus	Rebbi Levi b. Plautus		רִבִּי לֵוִי בַּר פְּלָטָא	Rebbi Levi b. Plautus	Aramaic	Jewish	Rabbinic	Jerusalem Talmud	Jerusalem Talmud Terumot	Jerusalem Talmud Terumot 10:6:8	https://www.sefaria.org/Jerusalem_Talmud_Terumot.10.6.8	1	sage	personal	attested		Sefaria topics (CC BY-SA) + text: The Jerusalem Talmud, edition by Heinrich W. Guggenheimer. Berlin, De Gruyter, 1999-2015 (CC BY)	0.9
Yochanan	slug:jewish:rabbi-yochanan-b-matia	Rabbi Yochanan b. Matia		רבי יוחנן בן מתיא	Rabbi Yochanan b. Matia	Aramaic	Jewish	Rabbinic	Jerusalem Talmud	Jerusalem Talmud Terumot	Jerusalem Talmud Terumot 11:1:5	https://www.sefaria.org/Jerusalem_Talmud_Terumot.11.1.5	17	sage	personal	attested		Sefaria topics (CC BY-SA) + text: The Jerusalem Talmud, edition by Heinrich W. Guggenheimer. Berlin, De Gruyter, 1999-2015 (CC BY)	0.9
Jehudah	slug:jewish:jehudah-b-keni	Jehudah b. Keni		יְהוּדָה בֶּן כֵּינִי	Jehudah b. Keni	Aramaic	Jewish	Rabbinic	Jerusalem Talmud	Jerusalem Talmud Terumot	Jerusalem Talmud Terumot 11:1:7	https://www.sefaria.org/Jerusalem_Talmud_Terumot.11.1.7	1	sage	personal	attested		Sefaria topics (CC BY-SA) + text: The Jerusalem Talmud, edition by Heinrich W. Guggenheimer. Berlin, De Gruyter, 1999-2015 (CC BY)	0.9
Paregoros	slug:jewish:rebbi-paregoros-from-caesarea	Rebbi Paregoros from Caesarea		רִבִּי פֶּרִיגוֹרִי דְקַיְסָרִין	Rebbi Paregoros from Caesarea	Aramaic	Jewish	Rabbinic	Jerusalem Talmud	Jerusalem Talmud Terumot	Jerusalem Talmud Terumot 11:2:6	https://www.sefaria.org/Jerusalem_Talmud_Terumot.11.2.6	1	sage	personal	attested		Sefaria topics (CC BY-SA) + text: The Jerusalem Talmud, edition by Heinrich W. Guggenheimer. Berlin, De Gruyter, 1999-2015 (CC BY)	0.9
Eliezer	slug:jewish:rebbi-eliezer-b-rebbi-ismael	Rebbi Eliezer b. Rebbi Ismael		רִבִּי לִיעֶזֶר בֵּי רִבִּי יִשְׁמָעֵאל	Rebbi Eliezer b. Rebbi Ismael	Aramaic	Jewish	Rabbinic	Jerusalem Talmud	Jerusalem Talmud Terumot	Jerusalem Talmud Terumot 11:2:6	https://www.sefaria.org/Jerusalem_Talmud_Terumot.11.2.6	1	sage	personal	attested		Sefaria topics (CC BY-SA) + text: The Jerusalem Talmud, edition by Heinrich W. Guggenheimer. Berlin, De Gruyter, 1999-2015 (CC BY)	0.9
Hanania	slug:jewish:rebbi-hanania-from-akhbar	Rebbi Hanania from Akhbar		רִבִּי חֲנַנְיָה בַּר עַכְבָּרִי	Rebbi Hanania from Akhbar	Aramaic	Jewish	Rabbinic	Jerusalem Talmud	Jerusalem Talmud Terumot	Jerusalem Talmud Terumot 11:5:8	https://www.sefaria.org/Jerusalem_Talmud_Terumot.11.5.8	2	sage	personal	attested		Sefaria topics (CC BY-SA) + text: The Jerusalem Talmud, edition by Heinrich W. Guggenheimer. Berlin, De Gruyter, 1999-2015 (CC BY)	0.9
Ada	slug:jewish:ada-the-nurse	Ada the nurse		אָדָא שַׁמָּשָׁא	Ada the nurse	Aramaic	Jewish	Rabbinic	Jerusalem Talmud	Jerusalem Talmud Terumot	Jerusalem Talmud Terumot 11:5:9	https://www.sefaria.org/Jerusalem_Talmud_Terumot.11.5.9	2	sage	personal	attested		Sefaria topics (CC BY-SA) + text: The Jerusalem Talmud, edition by Heinrich W. Guggenheimer. Berlin, De Gruyter, 1999-2015 (CC BY)	0.9
Bar Nehemiah	slug:jewish:bar-nehemiah	Bar Nehemiah		בַר נְחֶמְיָה	Bar Nehemiah	Aramaic	Jewish	Rabbinic	Jerusalem Talmud	Jerusalem Talmud Terumot	Jerusalem Talmud Terumot 11:5:9	https://www.sefaria.org/Jerusalem_Talmud_Terumot.11.5.9	3	sage	personal	attested		Sefaria topics (CC BY-SA) + text: The Jerusalem Talmud, edition by Heinrich W. Guggenheimer. Berlin, De Gruyter, 1999-2015 (CC BY)	0.9
Gamliel	slug:jewish:gamliel-the-twin	Gamliel the Twin		גַּמְלִייֵל זוּגָא	Gamliel the Twin	Aramaic	Jewish	Rabbinic	Jerusalem Talmud	Jerusalem Talmud Terumot	Jerusalem Talmud Terumot 11:5:10	https://www.sefaria.org/Jerusalem_Talmud_Terumot.11.5.10	10	sage	personal	attested		Sefaria topics (CC BY-SA) + text: The Jerusalem Talmud, edition by Heinrich W. Guggenheimer. Berlin, De Gruyter, 1999-2015 (CC BY)	0.9
Yonatan	slug:jewish:rabbi-yonatan-b-akhmai	Rabbi Yonatan b. Akhmai		רבי יונתן בן עכמאי	Rabbi Yonatan b. Akhmai	Aramaic	Jewish	Rabbinic	Jerusalem Talmud	Jerusalem Talmud Terumot	Jerusalem Talmud Terumot 11:5:11	https://www.sefaria.org/Jerusalem_Talmud_Terumot.11.5.11	2	sage	personal	attested		Sefaria topics (CC BY-SA) + text: The Jerusalem Talmud, edition by Heinrich W. Guggenheimer. Berlin, De Gruyter, 1999-2015 (CC BY)	0.9
Issi	slug:jewish:issi-b-yehudah	Issi b. Yehudah, tanna	boy	איסי בר יהודה	Issi b. Yehudah	Aramaic	Jewish	Rabbinic	Jerusalem Talmud	Jerusalem Talmud Maasrot	Jerusalem Talmud Maasrot 1:1:4	https://www.sefaria.org/Jerusalem_Talmud_Maasrot.1.1.4	1	sage	personal	attested		Sefaria topics (CC BY-SA) + text: The Jerusalem Talmud, edition by Heinrich W. Guggenheimer. Berlin, De Gruyter, 1999-2015 (CC BY)	0.9
Tanhum	slug:jewish:rebbi-tanhum-b-marion	Rebbi Tanhum b. Marion		רִבִּי תַנְחוּם בַּר מָרִיוֹן	Rebbi Tanhum b. Marion	Aramaic	Jewish	Rabbinic	Jerusalem Talmud	Jerusalem Talmud Maasrot	Jerusalem Talmud Maasrot 1:2:2	https://www.sefaria.org/Jerusalem_Talmud_Maasrot.1.2.2	2	sage	personal	attested		Sefaria topics (CC BY-SA) + text: The Jerusalem Talmud, edition by Heinrich W. Guggenheimer. Berlin, De Gruyter, 1999-2015 (CC BY)	0.9
Jonathan	slug:jewish:jonathan-b-harasha	Jonathan b. Harasha		יוֹנָתָן בֶּן חֲרָשָׁא	Jonathan b. Harasha	Aramaic	Jewish	Rabbinic	Jerusalem Talmud	Jerusalem Talmud Maasrot	Jerusalem Talmud Maasrot 1:2:6	https://www.sefaria.org/Jerusalem_Talmud_Maasrot.1.2.6	1	sage	personal	attested		Sefaria topics (CC BY-SA) + text: The Jerusalem Talmud, edition by Heinrich W. Guggenheimer. Berlin, De Gruyter, 1999-2015 (CC BY)	0.9
Nehorai	slug:jewish:nehorai-b-shania	Nehorai b. Shania		נְהוֹרַאי בַּר שִׁינְיָא	Nehorai b. Shania	Aramaic	Jewish	Rabbinic	Jerusalem Talmud	Jerusalem Talmud Maasrot	Jerusalem Talmud Maasrot 1:3:3	https://www.sefaria.org/Jerusalem_Talmud_Maasrot.1.3.3	1	sage	personal	attested		Sefaria topics (CC BY-SA) + text: The Jerusalem Talmud, edition by Heinrich W. Guggenheimer. Berlin, De Gruyter, 1999-2015 (CC BY)	0.9
Isaac	slug:jewish:rebbi-isaac-b-gufta	Rebbi Isaac b. Gufta		רִבִּי יִצְחָק בַּר גּוּפְתָּא	Rebbi Isaac b. Gufta	Aramaic	Jewish	Rabbinic	Jerusalem Talmud	Jerusalem Talmud Maasrot	Jerusalem Talmud Maasrot 1:4:12	https://www.sefaria.org/Jerusalem_Talmud_Maasrot.1.4.12	5	sage	personal	attested		Sefaria topics (CC BY-SA) + text: The Jerusalem Talmud, edition by Heinrich W. Guggenheimer. Berlin, De Gruyter, 1999-2015 (CC BY)	0.9
Hananiah	slug:jewish:hananiah-b-rebbi-yasa	Hananiah b. Rebbi Yasa		חֲנַנְיָה בְּרֵיהּ דְּרִבִּי יָסָא	Hananiah b. Rebbi Yasa	Aramaic	Jewish	Rabbinic	Jerusalem Talmud	Jerusalem Talmud Maasrot	Jerusalem Talmud Maasrot 1:5:2	https://www.sefaria.org/Jerusalem_Talmud_Maasrot.1.5.2	1	sage	personal	attested		Sefaria topics (CC BY-SA) + text: The Jerusalem Talmud, edition by Heinrich W. Guggenheimer. Berlin, De Gruyter, 1999-2015 (CC BY)	0.9
Yitzhak	slug:jewish:rav-yitzhak-b-bisna	Rav Yitzhak b. Bisna		רב יצחק בר ביסנא	Rav Yitzhak b. Bisna	Aramaic	Jewish	Rabbinic	Jerusalem Talmud	Jerusalem Talmud Maasrot	Jerusalem Talmud Maasrot 1:5:4	https://www.sefaria.org/Jerusalem_Talmud_Maasrot.1.5.4	4	sage	personal	attested		Sefaria topics (CC BY-SA) + text: The Jerusalem Talmud, edition by Heinrich W. Guggenheimer. Berlin, De Gruyter, 1999-2015 (CC BY)	0.9
Saul	slug:jewish:rebbi-saul	Rebbi Saul		רִבִּי שָׁאוּל	Rebbi Saul	Aramaic	Jewish	Rabbinic	Jerusalem Talmud	Jerusalem Talmud Maasrot	Jerusalem Talmud Maasrot 3:2:3	https://www.sefaria.org/Jerusalem_Talmud_Maasrot.3.2.3	2	sage	personal	attested		Sefaria topics (CC BY-SA) + text: The Jerusalem Talmud, edition by Heinrich W. Guggenheimer. Berlin, De Gruyter, 1999-2015 (CC BY)	0.9
Eleazar	slug:jewish:rebbi-eleazar-b-antigonos	Rebbi Eleazar b. Antigonos		רִבִּי אֶלְעָזָר בֶּן אַנְטִיגְנוֹס	Rebbi Eleazar b. Antigonos	Aramaic	Jewish	Rabbinic	Jerusalem Talmud	Jerusalem Talmud Maasrot	Jerusalem Talmud Maasrot 4:2:4	https://www.sefaria.org/Jerusalem_Talmud_Maasrot.4.2.4	2	sage	personal	attested		Sefaria topics (CC BY-SA) + text: The Jerusalem Talmud, edition by Heinrich W. Guggenheimer. Berlin, De Gruyter, 1999-2015 (CC BY)	0.9
Huna	slug:jewish:rav-huna-b-chinana	Rav Huna b. Chinana		רב הונא בר חיננא	Rav Huna b. Chinana	Aramaic	Jewish	Rabbinic	Jerusalem Talmud	Jerusalem Talmud Maasrot	Jerusalem Talmud Maasrot 4:3:2	https://www.sefaria.org/Jerusalem_Talmud_Maasrot.4.3.2	1	sage	personal	attested		Sefaria topics (CC BY-SA) + text: The Jerusalem Talmud, edition by Heinrich W. Guggenheimer. Berlin, De Gruyter, 1999-2015 (CC BY)	0.9
Tahlifa	slug:jewish:rav-tahlifa-b-immi	Rav Tahlifa b. Immi		רַב תַּחְלִיפָא בַּר אִימִּי	Rav Tahlifa b. Immi	Aramaic	Jewish	Rabbinic	Jerusalem Talmud	Jerusalem Talmud Maasrot	Jerusalem Talmud Maasrot 4:3:2	https://www.sefaria.org/Jerusalem_Talmud_Maasrot.4.3.2	1	sage	personal	attested		Sefaria topics (CC BY-SA) + text: The Jerusalem Talmud, edition by Heinrich W. Guggenheimer. Berlin, De Gruyter, 1999-2015 (CC BY)	0.9
Bar Kokhba	slug:jewish:bar-kokhba	Bar Kokhba		בר כוכבא	Bar Kokhba	Aramaic	Jewish	Rabbinic	Jerusalem Talmud	Jerusalem Talmud Maaser Sheni	Jerusalem Talmud Maaser Sheni 1:1:19	https://www.sefaria.org/Jerusalem_Talmud_Maaser_Sheni.1.1.19	4	sage	personal	attested		Sefaria topics (CC BY-SA) + text: The Jerusalem Talmud, edition by Heinrich W. Guggenheimer. Berlin, De Gruyter, 1999-2015 (CC BY)	0.9
Zevida	slug:jewish:rebbi-zevida	Rebbi Zevida		רִבִּי זְבִידָה	Rebbi Zevida	Aramaic	Jewish	Rabbinic	Jerusalem Talmud	Jerusalem Talmud Maaser Sheni	Jerusalem Talmud Maaser Sheni 1:3:5	https://www.sefaria.org/Jerusalem_Talmud_Maaser_Sheni.1.3.5	12	sage	personal	attested		Sefaria topics (CC BY-SA) + text: The Jerusalem Talmud, edition by Heinrich W. Guggenheimer. Berlin, De Gruyter, 1999-2015 (CC BY)	0.9
Eleazar	slug:jewish:rebbi-eleazar-b-matthias	Rebbi Eleazar b. Matthias		רבי אלעזר בן מתיא	Rebbi Eleazar b. Matthias	Aramaic	Jewish	Rabbinic	Jerusalem Talmud	Jerusalem Talmud Maaser Sheni	Jerusalem Talmud Maaser Sheni 2:4:3	https://www.sefaria.org/Jerusalem_Talmud_Maaser_Sheni.2.4.3	4	sage	personal	attested		Sefaria topics (CC BY-SA) + text: The Jerusalem Talmud, edition by Heinrich W. Guggenheimer. Berlin, De Gruyter, 1999-2015 (CC BY)	0.9
Abba Hilfai	slug:jewish:abba-hilfai-the-small-town-man	Abba Hilfai the small-town man		אַבָּא (בַּר)  חִילְפַיי בַּר קִרְייָא	Abba Hilfai the small-town man	Aramaic	Jewish	Rabbinic	Jerusalem Talmud	Jerusalem Talmud Maaser Sheni	Jerusalem Talmud Maaser Sheni 4:1:4	https://www.sefaria.org/Jerusalem_Talmud_Maaser_Sheni.4.1.4	1	sage	personal	attested		Sefaria topics (CC BY-SA) + text: The Jerusalem Talmud, edition by Heinrich W. Guggenheimer. Berlin, De Gruyter, 1999-2015 (CC BY)	0.9
Yudan	slug:jewish:rebbi-yudan-b-gadya	Rebbi Yudan b. Gadya		רִבִּי יוּדָן בַּר גַּדְיָא	Rebbi Yudan b. Gadya	Aramaic	Jewish	Rabbinic	Jerusalem Talmud	Jerusalem Talmud Maaser Sheni	Jerusalem Talmud Maaser Sheni 4:1:10	https://www.sefaria.org/Jerusalem_Talmud_Maaser_Sheni.4.1.10	1	sage	personal	attested		Sefaria topics (CC BY-SA) + text: The Jerusalem Talmud, edition by Heinrich W. Guggenheimer. Berlin, De Gruyter, 1999-2015 (CC BY)	0.9
Yose	slug:jewish:rebbi-yose-b-rebbi-simon	Rebbi Yose b. Rebbi Simon		רִבִּי יוֹסֵי בֵּירִבִּי סִימוֹן	Rebbi Yose b. Rebbi Simon	Aramaic	Jewish	Rabbinic	Jerusalem Talmud	Jerusalem Talmud Maaser Sheni	Jerusalem Talmud Maaser Sheni 4:2:3	https://www.sefaria.org/Jerusalem_Talmud_Maaser_Sheni.4.2.3	1	sage	personal	attested		Sefaria topics (CC BY-SA) + text: The Jerusalem Talmud, edition by Heinrich W. Guggenheimer. Berlin, De Gruyter, 1999-2015 (CC BY)	0.9
Iniah	slug:jewish:rebbi-iniah	Rebbi Iniah		רִבִּי אִינִיָּא	Rebbi Iniah	Aramaic	Jewish	Rabbinic	Jerusalem Talmud	Jerusalem Talmud Maaser Sheni	Jerusalem Talmud Maaser Sheni 4:3:8	https://www.sefaria.org/Jerusalem_Talmud_Maaser_Sheni.4.3.8	5	sage	personal	attested		Sefaria topics (CC BY-SA) + text: The Jerusalem Talmud, edition by Heinrich W. Guggenheimer. Berlin, De Gruyter, 1999-2015 (CC BY)	0.9
Jacob	slug:jewish:rebbi-jacob-b-the-daughter-of-jacob	Rebbi Jacob b. the daughter of Jacob		רִבִּי יַעֲקֹב בַּר בַּת יַעֲקֹב	Rebbi Jacob b. the daughter of Jacob	Aramaic	Jewish	Rabbinic	Jerusalem Talmud	Jerusalem Talmud Maaser Sheni	Jerusalem Talmud Maaser Sheni 5:1:6	https://www.sefaria.org/Jerusalem_Talmud_Maaser_Sheni.5.1.6	4	sage	personal	attested		Sefaria topics (CC BY-SA) + text: The Jerusalem Talmud, edition by Heinrich W. Guggenheimer. Berlin, De Gruyter, 1999-2015 (CC BY)	0.9
Yose	slug:jewish:rabbi-yose-b-zevida	Rabbi Yose b. Zevida, amora	boy	רבי יוסי בר זבידא	Rabbi Yose b. Zevida	Aramaic	Jewish	Rabbinic	Jerusalem Talmud	Jerusalem Talmud Maaser Sheni	Jerusalem Talmud Maaser Sheni 5:2:17	https://www.sefaria.org/Jerusalem_Talmud_Maaser_Sheni.5.2.17	4	sage	personal	attested		Sefaria topics (CC BY-SA) + text: The Jerusalem Talmud, edition by Heinrich W. Guggenheimer. Berlin, De Gruyter, 1999-2015 (CC BY)	0.9
Madai	Q1790796	Madai, Son of Japheth	boy	מדי	Madai	Aramaic	Jewish	Rabbinic	Jerusalem Talmud	Jerusalem Talmud Maaser Sheni	Jerusalem Talmud Maaser Sheni 5:4:4	https://www.sefaria.org/Jerusalem_Talmud_Maaser_Sheni.5.4.4	14	human	personal	attested		Sefaria topics (CC BY-SA) + text: The Jerusalem Talmud, edition by Heinrich W. Guggenheimer. Berlin, De Gruyter, 1999-2015 (CC BY)	0.9
Ahai	slug:jewish:rebbi-ahai-b-pappaios	Rebbi Ahai b. Pappaios		רבי אחא בר פפא	Rebbi Ahai b. Pappaios	Aramaic	Jewish	Rabbinic	Jerusalem Talmud	Jerusalem Talmud Maaser Sheni	Jerusalem Talmud Maaser Sheni 5:5:5	https://www.sefaria.org/Jerusalem_Talmud_Maaser_Sheni.5.5.5	8	sage	personal	attested		Sefaria topics (CC BY-SA) + text: The Jerusalem Talmud, edition by Heinrich W. Guggenheimer. Berlin, De Gruyter, 1999-2015 (CC BY)	0.9
Huna	slug:jewish:rebbi-huna-b-aha	Rebbi Huna b. Aha		רב הונא בר אחא	Rebbi Huna b. Aha	Aramaic	Jewish	Rabbinic	Jerusalem Talmud	Jerusalem Talmud Maaser Sheni	Jerusalem Talmud Maaser Sheni 5:5:8	https://www.sefaria.org/Jerusalem_Talmud_Maaser_Sheni.5.5.8	1	sage	personal	attested		Sefaria topics (CC BY-SA) + text: The Jerusalem Talmud, edition by Heinrich W. Guggenheimer. Berlin, De Gruyter, 1999-2015 (CC BY)	0.9
Zutra	slug:jewish:mar-zutra	Mar Zutra, amora	boy	מר זוטרא	Mar Zutra	Aramaic	Jewish	Rabbinic	Jerusalem Talmud	Jerusalem Talmud Maaser Sheni	Jerusalem Talmud Maaser Sheni 5:5:10	https://www.sefaria.org/Jerusalem_Talmud_Maaser_Sheni.5.5.10	1	sage	personal	attested		Sefaria topics (CC BY-SA) + text: The Jerusalem Talmud, edition by Heinrich W. Guggenheimer. Berlin, De Gruyter, 1999-2015 (CC BY)	0.9
Judah	slug:jewish:judah-b-patora	Judah b. Patora		יהוּדָה בֶּן פְּטִירָה	Judah b. Patora	Aramaic	Jewish	Rabbinic	Jerusalem Talmud	Jerusalem Talmud Maaser Sheni	Jerusalem Talmud Maaser Sheni 5:5:18	https://www.sefaria.org/Jerusalem_Talmud_Maaser_Sheni.5.5.18	2	sage	personal	attested		Sefaria topics (CC BY-SA) + text: The Jerusalem Talmud, edition by Heinrich W. Guggenheimer. Berlin, De Gruyter, 1999-2015 (CC BY)	0.9
Hasida	slug:jewish:rebbi-hasida	Rebbi Hasida		רִבִּי חֲסִידָא	Rebbi Hasida	Aramaic	Jewish	Rabbinic	Jerusalem Talmud	Jerusalem Talmud Maaser Sheni	Jerusalem Talmud Maaser Sheni 5:5:19	https://www.sefaria.org/Jerusalem_Talmud_Maaser_Sheni.5.5.19	2	sage	personal	attested		Sefaria topics (CC BY-SA) + text: The Jerusalem Talmud, edition by Heinrich W. Guggenheimer. Berlin, De Gruyter, 1999-2015 (CC BY)	0.9
Samuel	slug:jewish:rebbi-samuel-b-martha	Rebbi Samuel b. Martha		שמואל בר מרתא	Rebbi Samuel b. Martha	Aramaic	Jewish	Rabbinic	Jerusalem Talmud	Jerusalem Talmud Challah	Jerusalem Talmud Challah 1:3:13	https://www.sefaria.org/Jerusalem_Talmud_Challah.1.3.13	3	sage	personal	attested		Sefaria topics (CC BY-SA) + text: The Jerusalem Talmud, edition by Heinrich W. Guggenheimer. Berlin, De Gruyter, 1999-2015 (CC BY)	0.9
Hanina	slug:jewish:rebbi-hanina-b-agil	Rebbi Hanina b. ‘Agil		רִבִּי חֲנִינָה בַּר עָגוּל	Rebbi Hanina b. ‘Agil	Aramaic	Jewish	Rabbinic	Jerusalem Talmud	Jerusalem Talmud Challah	Jerusalem Talmud Challah 1:4:3	https://www.sefaria.org/Jerusalem_Talmud_Challah.1.4.3	2	sage	personal	attested		Sefaria topics (CC BY-SA) + text: The Jerusalem Talmud, edition by Heinrich W. Guggenheimer. Berlin, De Gruyter, 1999-2015 (CC BY)	0.9
Aram	Q625667	Aram, Son of Kemuel	boy	ארם	Aram	Aramaic	Jewish	Rabbinic	Jerusalem Talmud	Jerusalem Talmud Challah	Jerusalem Talmud Challah 2:1:7	https://www.sefaria.org/Jerusalem_Talmud_Challah.2.1.7	6	human	personal	attested		Sefaria topics (CC BY-SA) + text: The Jerusalem Talmud, edition by Heinrich W. Guggenheimer. Berlin, De Gruyter, 1999-2015 (CC BY)	0.9
Sidor	slug:jewish:rebbi-sidor	Rebbi Sidor		רִבִּי סִידוֹר	Rebbi Sidor	Aramaic	Jewish	Rabbinic	Jerusalem Talmud	Jerusalem Talmud Challah	Jerusalem Talmud Challah 2:1:8	https://www.sefaria.org/Jerusalem_Talmud_Challah.2.1.8	2	sage	personal	attested		Sefaria topics (CC BY-SA) + text: The Jerusalem Talmud, edition by Heinrich W. Guggenheimer. Berlin, De Gruyter, 1999-2015 (CC BY)	0.9
Bar Lolita	slug:jewish:bar-lolita	Bar Lolita		בַּר לוֹלִיתָא	Bar Lolita	Aramaic	Jewish	Rabbinic	Jerusalem Talmud	Jerusalem Talmud Challah	Jerusalem Talmud Challah 2:3:4	https://www.sefaria.org/Jerusalem_Talmud_Challah.2.3.4	1	sage	personal	attested		Sefaria topics (CC BY-SA) + text: The Jerusalem Talmud, edition by Heinrich W. Guggenheimer. Berlin, De Gruyter, 1999-2015 (CC BY)	0.9
Yehudah	Q2902564	Rabbi Yehudah b. Betera (I), Mishnah rabbi	boy	רבי יהודה בן בתירא (2)	Rabbi Yehudah b. Betera (II)	Aramaic	Jewish	Rabbinic	Jerusalem Talmud	Jerusalem Talmud Challah	Jerusalem Talmud Challah 3:1:5	https://www.sefaria.org/Jerusalem_Talmud_Challah.3.1.5	12	sage	personal	attested		Sefaria topics (CC BY-SA) + text: The Jerusalem Talmud, edition by Heinrich W. Guggenheimer. Berlin, De Gruyter, 1999-2015 (CC BY)	0.9
Jacob	slug:jewish:rebbi-jacob-from-gebal	Rebbi Jacob from Gebal		רִבִּי יַעֲקֹב גֶּבַּלָּיָא	Rebbi Jacob from Gebal	Aramaic	Jewish	Rabbinic	Jerusalem Talmud	Jerusalem Talmud Challah	Jerusalem Talmud Challah 3:1:7	https://www.sefaria.org/Jerusalem_Talmud_Challah.3.1.7	3	sage	personal	attested		Sefaria topics (CC BY-SA) + text: The Jerusalem Talmud, edition by Heinrich W. Guggenheimer. Berlin, De Gruyter, 1999-2015 (CC BY)	0.9
Nittai	slug:jewish:nittai-from-tekoa	Nittai from Tekoa		נִתַּיי אִישׁ תְּקוֹעַ	Nittai from Tekoa	Aramaic	Jewish	Rabbinic	Jerusalem Talmud	Jerusalem Talmud Challah	Jerusalem Talmud Challah 4:5:1	https://www.sefaria.org/Jerusalem_Talmud_Challah.4.5.1	1	sage	personal	attested		Sefaria topics (CC BY-SA) + text: The Jerusalem Talmud, edition by Heinrich W. Guggenheimer. Berlin, De Gruyter, 1999-2015 (CC BY)	0.9
Ben-Atitas	slug:jewish:ben-atitas	Ben-Atitas		בֶּן אֲטִיטַס	Ben-Atitas	Aramaic	Jewish	Rabbinic	Jerusalem Talmud	Jerusalem Talmud Challah	Jerusalem Talmud Challah 4:5:1	https://www.sefaria.org/Jerusalem_Talmud_Challah.4.5.1	1	sage	personal	attested		Sefaria topics (CC BY-SA) + text: The Jerusalem Talmud, edition by Heinrich W. Guggenheimer. Berlin, De Gruyter, 1999-2015 (CC BY)	0.9
Mattia	Q449241	Rabbi Mattia b. Heresh, Israeli religious and scholar	boy	רבי מתיא	Rabbi Mattia b. Heresh	Aramaic	Jewish	Rabbinic	Jerusalem Talmud	Jerusalem Talmud Orlah	Jerusalem Talmud Orlah 1:1:9	https://www.sefaria.org/Jerusalem_Talmud_Orlah.1.1.9	7	sage	personal	attested		Sefaria topics (CC BY-SA) + text: The Jerusalem Talmud, edition by Heinrich W. Guggenheimer. Berlin, De Gruyter, 1999-2015 (CC BY)	0.9
Joshua	slug:jewish:rebbi-joshua-from-ono	Rebbi Joshua from Ono		רִבִּי יְהוֹשֻׁעַ אוֹנָיָא	Rebbi Joshua from Ono	Aramaic	Jewish	Rabbinic	Jerusalem Talmud	Jerusalem Talmud Orlah	Jerusalem Talmud Orlah 1:2:8	https://www.sefaria.org/Jerusalem_Talmud_Orlah.1.2.8	2	sage	personal	attested		Sefaria topics (CC BY-SA) + text: The Jerusalem Talmud, edition by Heinrich W. Guggenheimer. Berlin, De Gruyter, 1999-2015 (CC BY)	0.9
Kahana	slug:jewish:rav-kahana-(i)	Rav Kahana (I), amora	boy	רב כהנא (1)	Rav Kahana (I)	Aramaic	Jewish	Rabbinic	Jerusalem Talmud	Jerusalem Talmud Orlah	Jerusalem Talmud Orlah 1:5:8	https://www.sefaria.org/Jerusalem_Talmud_Orlah.1.5.8	2	sage	personal	attested		Sefaria topics (CC BY-SA) + text: The Jerusalem Talmud, edition by Heinrich W. Guggenheimer. Berlin, De Gruyter, 1999-2015 (CC BY)	0.9
Hiyya	slug:jewish:rebbi-hiyya-b-julianus	Rebbi Hiyya b. Julianus		רִבִּי חִייָה בַּר לוּלִיאָנִי	Rebbi Hiyya b. Julianus	Aramaic	Jewish	Rabbinic	Jerusalem Talmud	Jerusalem Talmud Orlah	Jerusalem Talmud Orlah 2:1:4	https://www.sefaria.org/Jerusalem_Talmud_Orlah.2.1.4	8	sage	personal	attested		Sefaria topics (CC BY-SA) + text: The Jerusalem Talmud, edition by Heinrich W. Guggenheimer. Berlin, De Gruyter, 1999-2015 (CC BY)	0.9
Samuel	slug:jewish:samuel-the-brother-of-rav-berekhia	Samuel, the brother of Rav Berekhia		שְׁמוּאֵל אַחֲוָה דְרַב בְּרֶכְיָה	Samuel, the brother of Rav Berekhia	Aramaic	Jewish	Rabbinic	Jerusalem Talmud	Jerusalem Talmud Orlah	Jerusalem Talmud Orlah 2:1:5	https://www.sefaria.org/Jerusalem_Talmud_Orlah.2.1.5	1	human	personal	attested		Sefaria topics (CC BY-SA) + text: The Jerusalem Talmud, edition by Heinrich W. Guggenheimer. Berlin, De Gruyter, 1999-2015 (CC BY)	0.9
Curius	slug:jewish:rebbi-curius	Rebbi Curius		רִבִּי קוּרִייָס	Rebbi Curius	Aramaic	Jewish	Rabbinic	Jerusalem Talmud	Jerusalem Talmud Orlah	Jerusalem Talmud Orlah 2:2:2	https://www.sefaria.org/Jerusalem_Talmud_Orlah.2.2.2	1	sage	personal	attested		Sefaria topics (CC BY-SA) + text: The Jerusalem Talmud, edition by Heinrich W. Guggenheimer. Berlin, De Gruyter, 1999-2015 (CC BY)	0.9
Hilfai	slug:jewish:rebbi-hilfai	Rebbi Hilfai		רִבִּי חִילפַיי	Rebbi Hilfai	Aramaic	Jewish	Rabbinic	Jerusalem Talmud	Jerusalem Talmud Orlah	Jerusalem Talmud Orlah 2:3:2	https://www.sefaria.org/Jerusalem_Talmud_Orlah.2.3.2	3	sage	personal	attested		Sefaria topics (CC BY-SA) + text: The Jerusalem Talmud, edition by Heinrich W. Guggenheimer. Berlin, De Gruyter, 1999-2015 (CC BY)	0.9
Yoezer	slug:jewish:yoezer-master-of-the-temple	Yoezer, master of the temple		יועזר איש הבירה	Yoezer, master of the temple	Aramaic	Jewish	Rabbinic	Jerusalem Talmud	Jerusalem Talmud Orlah	Jerusalem Talmud Orlah 2:6:1	https://www.sefaria.org/Jerusalem_Talmud_Orlah.2.6.1	1	sage	personal	attested		Sefaria topics (CC BY-SA) + text: The Jerusalem Talmud, edition by Heinrich W. Guggenheimer. Berlin, De Gruyter, 1999-2015 (CC BY)	0.9
Gamliel haZaken	Q310584	Rabban Gamliel haZaken (I), first-century leading authority on Jewish law in the Sanhedrin	boy	רבן גמליאל הזקן	Rabban Gamliel haZaken (I)	Aramaic	Jewish	Rabbinic	Jerusalem Talmud	Jerusalem Talmud Orlah	Jerusalem Talmud Orlah 2:6:1	https://www.sefaria.org/Jerusalem_Talmud_Orlah.2.6.1	10	sage	personal	attested		Sefaria topics (CC BY-SA) + text: The Jerusalem Talmud, edition by Heinrich W. Guggenheimer. Berlin, De Gruyter, 1999-2015 (CC BY)	0.9
Hiyya	slug:jewish:rebbi-hiyya-the-sepphorean	Rebbi Hiyya the Sepphorean		רִבִּי חִייָה צִיפּוֹרַייָה	Rebbi Hiyya the Sepphorean	Aramaic	Jewish	Rabbinic	Jerusalem Talmud	Jerusalem Talmud Orlah	Jerusalem Talmud Orlah 3:2:3	https://www.sefaria.org/Jerusalem_Talmud_Orlah.3.2.3	1	sage	personal	attested		Sefaria topics (CC BY-SA) + text: The Jerusalem Talmud, edition by Heinrich W. Guggenheimer. Berlin, De Gruyter, 1999-2015 (CC BY)	0.9
Cahana	slug:jewish:cahana-b-jeremiah	Cahana b. Jeremiah		כַּהֲנָא בַּר יִרְמְיָה	Cahana b. Jeremiah	Aramaic	Jewish	Rabbinic	Jerusalem Talmud	Jerusalem Talmud Orlah	Jerusalem Talmud Orlah 3:3:2	https://www.sefaria.org/Jerusalem_Talmud_Orlah.3.3.2	1	sage	personal	attested		Sefaria topics (CC BY-SA) + text: The Jerusalem Talmud, edition by Heinrich W. Guggenheimer. Berlin, De Gruyter, 1999-2015 (CC BY)	0.9
Samuel (Prophet)	Q6577515	Samuel, Prophet and last judge of Israel before the kings	boy	שמואל הנביא	Samuel (Prophet)	Aramaic	Jewish	Rabbinic	Jerusalem Talmud	Jerusalem Talmud Bikkurim	Jerusalem Talmud Bikkurim 2:1:3	https://www.sefaria.org/Jerusalem_Talmud_Bikkurim.2.1.3	2	prophet	personal	attested		Sefaria topics (CC BY-SA) + text: The Jerusalem Talmud, edition by Heinrich W. Guggenheimer. Berlin, De Gruyter, 1999-2015 (CC BY)	0.9
Abin	slug:jewish:rebbi-abin-b-rebbi-tanhum-b-rebbi-tryphon	Rebbi Abin b. Rebbi Tanhum b. Rebbi Tryphon		רִבִּי אָבִין בְּרֵיהּ דְּרִבִּי תַּנְחוּם בַּר טְרֻיפוֹן	Rebbi Abin b. Rebbi Tanhum b. Rebbi Tryphon	Aramaic	Jewish	Rabbinic	Jerusalem Talmud	Jerusalem Talmud Bikkurim	Jerusalem Talmud Bikkurim 2:1:4	https://www.sefaria.org/Jerusalem_Talmud_Bikkurim.2.1.4	1	sage	personal	attested		Sefaria topics (CC BY-SA) + text: The Jerusalem Talmud, edition by Heinrich W. Guggenheimer. Berlin, De Gruyter, 1999-2015 (CC BY)	0.9
Hilfai	slug:jewish:hilfai-the-grandson-of-rebbi-abbahu	Hilfai the grandson of Rebbi Abbahu		חִילְפַיי בַּר בְּרֵיהּ דְּרִבִּי אַבָּהוּ	Hilfai the grandson of Rebbi Abbahu	Aramaic	Jewish	Rabbinic	Jerusalem Talmud	Jerusalem Talmud Bikkurim	Jerusalem Talmud Bikkurim 2:1:9	https://www.sefaria.org/Jerusalem_Talmud_Bikkurim.2.1.9	1	sage	personal	attested		Sefaria topics (CC BY-SA) + text: The Jerusalem Talmud, edition by Heinrich W. Guggenheimer. Berlin, De Gruyter, 1999-2015 (CC BY)	0.9
Naval	Q1709507	Nabal, Wealthy Carmelite	boy	נבל (איש בתנ"ך)	Naval	Aramaic	Jewish	Rabbinic	Jerusalem Talmud	Jerusalem Talmud Bikkurim	Jerusalem Talmud Bikkurim 2:1:9	https://www.sefaria.org/Jerusalem_Talmud_Bikkurim.2.1.9	4	human	personal	attested		Sefaria topics (CC BY-SA) + text: The Jerusalem Talmud, edition by Heinrich W. Guggenheimer. Berlin, De Gruyter, 1999-2015 (CC BY)	0.9
Jacob	slug:jewish:rebbi-jacob-b-hama	Rebbi Jacob b. Hama		רִבִּי יַעֲקֹב בַּר חָמָא	Rebbi Jacob b. Hama	Aramaic	Jewish	Rabbinic	Jerusalem Talmud	Jerusalem Talmud Bikkurim	Jerusalem Talmud Bikkurim 2:2:3	https://www.sefaria.org/Jerusalem_Talmud_Bikkurim.2.2.3	1	sage	personal	attested		Sefaria topics (CC BY-SA) + text: The Jerusalem Talmud, edition by Heinrich W. Guggenheimer. Berlin, De Gruyter, 1999-2015 (CC BY)	0.9
Hananyah	slug:jewish:rabbi-hananyah-b-akabia	Rabbi Hananyah b. Akabia, tanna	boy	רבי חנניה בן עקביא	Rabbi Hananyah b. Akabia	Aramaic	Jewish	Rabbinic	Jerusalem Talmud	Jerusalem Talmud Bikkurim	Jerusalem Talmud Bikkurim 3:3:12	https://www.sefaria.org/Jerusalem_Talmud_Bikkurim.3.3.12	6	sage	personal	attested		Sefaria topics (CC BY-SA) + text: The Jerusalem Talmud, edition by Heinrich W. Guggenheimer. Berlin, De Gruyter, 1999-2015 (CC BY)	0.9
Machalat	Q2669401	Machalat, biblical character (Genesis 28)	girl	מחלת	Machalat	Aramaic	Jewish	Rabbinic	Jerusalem Talmud	Jerusalem Talmud Bikkurim	Jerusalem Talmud Bikkurim 3:3:16	https://www.sefaria.org/Jerusalem_Talmud_Bikkurim.3.3.16	1	human	personal	attested		Sefaria topics (CC BY-SA) + text: The Jerusalem Talmud, edition by Heinrich W. Guggenheimer. Berlin, De Gruyter, 1999-2015 (CC BY)	0.9
Zemina	slug:jewish:rebbi-zemina	Rebbi Zemina		רִבִּי זְמִינָא	Rebbi Zemina	Aramaic	Jewish	Rabbinic	Jerusalem Talmud	Jerusalem Talmud Bikkurim	Jerusalem Talmud Bikkurim 3:3:19	https://www.sefaria.org/Jerusalem_Talmud_Bikkurim.3.3.19	1	sage	personal	attested		Sefaria topics (CC BY-SA) + text: The Jerusalem Talmud, edition by Heinrich W. Guggenheimer. Berlin, De Gruyter, 1999-2015 (CC BY)	0.9
Agrippa	slug:jewish:agrippa	Agrippa		אגריפס	Agrippa	Aramaic	Jewish	Rabbinic	Jerusalem Talmud	Jerusalem Talmud Bikkurim	Jerusalem Talmud Bikkurim 3:4:1	https://www.sefaria.org/Jerusalem_Talmud_Bikkurim.3.4.1	3	sage	personal	attested		Sefaria topics (CC BY-SA) + text: The Jerusalem Talmud, edition by Heinrich W. Guggenheimer. Berlin, De Gruyter, 1999-2015 (CC BY)	0.9
[Rabbi Shimon]	slug:jewish:rabbi-shimon-b-nannas	[Rabbi Shimon] b. Nannas, tanna	boy	בן ננס	[Rabbi Shimon] b. Nannas	Aramaic	Jewish	Rabbinic	Jerusalem Talmud	Jerusalem Talmud Bikkurim	Jerusalem Talmud Bikkurim 3:5:1	https://www.sefaria.org/Jerusalem_Talmud_Bikkurim.3.5.1	12	sage	personal	attested		Sefaria topics (CC BY-SA) + text: The Jerusalem Talmud, edition by Heinrich W. Guggenheimer. Berlin, De Gruyter, 1999-2015 (CC BY)	0.9
Zevid	slug:jewish:rav-zevid	Rav Zevid, amora	boy	רב זביד	Rav Zevid	Aramaic	Jewish	Rabbinic	Jerusalem Talmud	Jerusalem Talmud Shabbat	Jerusalem Talmud Shabbat 1:3:3	https://www.sefaria.org/Jerusalem_Talmud_Shabbat.1.3.3	1	sage	personal	attested		Sefaria topics (CC BY-SA) + text: The Jerusalem Talmud, edition by Heinrich W. Guggenheimer. Berlin, De Gruyter, 1999-2015 (CC BY)	0.9
Hananyah	slug:jewish:hananyah-b-hizkiyah-b-garon	Hananyah b. Hizkiyah b. Garon, tanna	boy	חנניה בן חזקיה בן גרון	Hananyah b. Hizkiyah b. Garon	Aramaic	Jewish	Rabbinic	Jerusalem Talmud	Jerusalem Talmud Shabbat	Jerusalem Talmud Shabbat 1:4:1	https://www.sefaria.org/Jerusalem_Talmud_Shabbat.1.4.1	2	sage	personal	attested		Sefaria topics (CC BY-SA) + text: The Jerusalem Talmud, edition by Heinrich W. Guggenheimer. Berlin, De Gruyter, 1999-2015 (CC BY)	0.9
Yudan	slug:jewish:rebbi-yudan-b-rebbi-ismael	Rebbi Yudan b. Rebbi Ismael		רב יהודה בר ישמעאל	Rebbi Yudan b. Rebbi Ismael	Aramaic	Jewish	Rabbinic	Jerusalem Talmud	Jerusalem Talmud Shabbat	Jerusalem Talmud Shabbat 1:4:11	https://www.sefaria.org/Jerusalem_Talmud_Shabbat.1.4.11	9	sage	personal	attested		Sefaria topics (CC BY-SA) + text: The Jerusalem Talmud, edition by Heinrich W. Guggenheimer. Berlin, De Gruyter, 1999-2015 (CC BY)	0.9
Yitzhak	slug:jewish:rav-yitzhak-b-shmuel-b-marta	Rav Yitzhak b. Shmuel b. Marta		רב יצחק בר שמואל בר מרתא	Rav Yitzhak b. Shmuel b. Marta	Aramaic	Jewish	Rabbinic	Jerusalem Talmud	Jerusalem Talmud Shabbat	Jerusalem Talmud Shabbat 1:4:12	https://www.sefaria.org/Jerusalem_Talmud_Shabbat.1.4.12	2	sage	personal	attested		Sefaria topics (CC BY-SA) + text: The Jerusalem Talmud, edition by Heinrich W. Guggenheimer. Berlin, De Gruyter, 1999-2015 (CC BY)	0.9
Simlai	slug:jewish:simlai-the-southerner	Simlai the Southerner		שִׂמלַאי הַדְּרוֹמִי	Simlai the Southerner	Aramaic	Jewish	Rabbinic	Jerusalem Talmud	Jerusalem Talmud Shabbat	Jerusalem Talmud Shabbat 1:4:12	https://www.sefaria.org/Jerusalem_Talmud_Shabbat.1.4.12	2	sage	personal	attested		Sefaria topics (CC BY-SA) + text: The Jerusalem Talmud, edition by Heinrich W. Guggenheimer. Berlin, De Gruyter, 1999-2015 (CC BY)	0.9
Zeˋira	slug:jewish:rebbi-zeira-b-abinna	Rebbi Zeˋira b. Abinna		רִבִּי זְעִירָא בַּר אַבִּינָּא	Rebbi Zeˋira b. Abinna	Aramaic	Jewish	Rabbinic	Jerusalem Talmud	Jerusalem Talmud Shabbat	Jerusalem Talmud Shabbat 1:4:16	https://www.sefaria.org/Jerusalem_Talmud_Shabbat.1.4.16	1	sage	personal	attested		Sefaria topics (CC BY-SA) + text: The Jerusalem Talmud, edition by Heinrich W. Guggenheimer. Berlin, De Gruyter, 1999-2015 (CC BY)	0.9
Yose	Q2747922	Yose b. Yoezer, Jewish rabbi and sage.	boy	יוסי בן יועזר	Yose b. Yoezer	Aramaic	Jewish	Rabbinic	Jerusalem Talmud	Jerusalem Talmud Shabbat	Jerusalem Talmud Shabbat 1:4:16	https://www.sefaria.org/Jerusalem_Talmud_Shabbat.1.4.16	7	sage	personal	attested		Sefaria topics (CC BY-SA) + text: The Jerusalem Talmud, edition by Heinrich W. Guggenheimer. Berlin, De Gruyter, 1999-2015 (CC BY)	0.9
Yehudah	Q2907372	Yehudah b. Tabbai, Pharisee scholar, Chief Justice of the Sanhedrin	boy	רבי יהודה בן טבאי	Yehudah b. Tabbai	Aramaic	Jewish	Rabbinic	Jerusalem Talmud	Jerusalem Talmud Shabbat	Jerusalem Talmud Shabbat 1:4:16	https://www.sefaria.org/Jerusalem_Talmud_Shabbat.1.4.16	7	sage	personal	attested		Sefaria topics (CC BY-SA) + text: The Jerusalem Talmud, edition by Heinrich W. Guggenheimer. Berlin, De Gruyter, 1999-2015 (CC BY)	0.9
Cahana	slug:jewish:rebbi-cahana-b-rebbi-hiyya-b-abba	Rebbi Cahana b. Rebbi Hiyya b. Abba		רִבִּי כַהֲנָא בְּרֵיהּ דְּרִבִּי חִייָה בַּר בָּא	Rebbi Cahana b. Rebbi Hiyya b. Abba	Aramaic	Jewish	Rabbinic	Jerusalem Talmud	Jerusalem Talmud Shabbat	Jerusalem Talmud Shabbat 1:4:17	https://www.sefaria.org/Jerusalem_Talmud_Shabbat.1.4.17	2	sage	personal	attested		Sefaria topics (CC BY-SA) + text: The Jerusalem Talmud, edition by Heinrich W. Guggenheimer. Berlin, De Gruyter, 1999-2015 (CC BY)	0.9
Nahman	slug:jewish:nahman-b-rebbi-samuel-b-nahmani	Nahman b. Rebbi Samuel b. Nahmani		נַחְמָן בְּרֵיהּ דְּרִבִּי שְׁמוּאֵל בַּר נַחְמָנִי	Nahman b. Rebbi Samuel b. Nahmani	Aramaic	Jewish	Rabbinic	Jerusalem Talmud	Jerusalem Talmud Shabbat	Jerusalem Talmud Shabbat 1:4:18	https://www.sefaria.org/Jerusalem_Talmud_Shabbat.1.4.18	2	sage	personal	attested		Sefaria topics (CC BY-SA) + text: The Jerusalem Talmud, edition by Heinrich W. Guggenheimer. Berlin, De Gruyter, 1999-2015 (CC BY)	0.9
Ben Derosai	slug:jewish:ben-derosai	Ben Derosai		בן דרוסאי	Ben Derosai	Aramaic	Jewish	Rabbinic	Jerusalem Talmud	Jerusalem Talmud Shabbat	Jerusalem Talmud Shabbat 1:5:4	https://www.sefaria.org/Jerusalem_Talmud_Shabbat.1.5.4	3	sage	personal	attested		Sefaria topics (CC BY-SA) + text: The Jerusalem Talmud, edition by Heinrich W. Guggenheimer. Berlin, De Gruyter, 1999-2015 (CC BY)	0.9
Uziel	slug:jewish:rebbi-uziel-b-rebbi-onias-of-barat-hauran	Rebbi Uziel b. Rebbi Onias of Barat Hauran		רִבִּי עוּזִּיאֵל בְּרֵיהּ דְּרִבִּי חוֹנִייָה דְּבָרַת חַווְרָן	Rebbi Uziel b. Rebbi Onias of Barat Hauran	Aramaic	Jewish	Rabbinic	Jerusalem Talmud	Jerusalem Talmud Shabbat	Jerusalem Talmud Shabbat 1:7:3	https://www.sefaria.org/Jerusalem_Talmud_Shabbat.1.7.3	3	sage	personal	attested		Sefaria topics (CC BY-SA) + text: The Jerusalem Talmud, edition by Heinrich W. Guggenheimer. Berlin, De Gruyter, 1999-2015 (CC BY)	0.9
Onias	slug:jewish:rebbi-onias-from-hauran	Rebbi Onias from Hauran		רִבִי חוֹנְייָה מִבְּרַת חַװְרָן	Rebbi Onias from Hauran	Aramaic	Jewish	Rabbinic	Jerusalem Talmud	Jerusalem Talmud Shabbat	Jerusalem Talmud Shabbat 1:7:3	https://www.sefaria.org/Jerusalem_Talmud_Shabbat.1.7.3	4	sage	personal	attested		Sefaria topics (CC BY-SA) + text: The Jerusalem Talmud, edition by Heinrich W. Guggenheimer. Berlin, De Gruyter, 1999-2015 (CC BY)	0.9
Yose haKohen	slug:jewish:rabbi-yose-hakohen	Rabbi Yose haKohen, tanna	boy	רבי יוסי הכהן	Rabbi Yose haKohen	Aramaic	Jewish	Rabbinic	Jerusalem Talmud	Jerusalem Talmud Shabbat	Jerusalem Talmud Shabbat 1:8:4	https://www.sefaria.org/Jerusalem_Talmud_Shabbat.1.8.4	2	sage	personal	attested		Sefaria topics (CC BY-SA) + text: The Jerusalem Talmud, edition by Heinrich W. Guggenheimer. Berlin, De Gruyter, 1999-2015 (CC BY)	0.9
Nahum haMedi	slug:jewish:nahum-hamedi	Nahum haMedi, tanna	boy	נחום המדי	Nahum haMedi	Aramaic	Jewish	Rabbinic	Jerusalem Talmud	Jerusalem Talmud Shabbat	Jerusalem Talmud Shabbat 2:1:1	https://www.sefaria.org/Jerusalem_Talmud_Shabbat.2.1.1	5	sage	personal	attested		Sefaria topics (CC BY-SA) + text: The Jerusalem Talmud, edition by Heinrich W. Guggenheimer. Berlin, De Gruyter, 1999-2015 (CC BY)	0.9
Hiyya	slug:jewish:rebbi-hiyya-from-kefar-tehumin	Rebbi Hiyya from Kefar Tehumin		רִבִּי חִייָא דִכְפַר תְּחֻמִין	Rebbi Hiyya from Kefar Tehumin	Aramaic	Jewish	Rabbinic	Jerusalem Talmud	Jerusalem Talmud Shabbat	Jerusalem Talmud Shabbat 2:1:20	https://www.sefaria.org/Jerusalem_Talmud_Shabbat.2.1.20	1	sage	personal	attested		Sefaria topics (CC BY-SA) + text: The Jerusalem Talmud, edition by Heinrich W. Guggenheimer. Berlin, De Gruyter, 1999-2015 (CC BY)	0.9
Berona	slug:jewish:rav-berona	Rav Berona		רב ברונא	Rav Berona	Aramaic	Jewish	Rabbinic	Jerusalem Talmud	Jerusalem Talmud Shabbat	Jerusalem Talmud Shabbat 2:1:21	https://www.sefaria.org/Jerusalem_Talmud_Shabbat.2.1.21	1	sage	personal	attested		Sefaria topics (CC BY-SA) + text: The Jerusalem Talmud, edition by Heinrich W. Guggenheimer. Berlin, De Gruyter, 1999-2015 (CC BY)	0.9
Simeon	slug:jewish:rebbi-simeon-b-rav-isaac	Rebbi Simeon b. Rav Isaac		רִבִּי שִׁמָעוֹן  בַּר רַב יִצְחָק	Rebbi Simeon b. Rav Isaac	Aramaic	Jewish	Rabbinic	Jerusalem Talmud	Jerusalem Talmud Shabbat	Jerusalem Talmud Shabbat 2:3:2	https://www.sefaria.org/Jerusalem_Talmud_Shabbat.2.3.2	2	sage	personal	attested		Sefaria topics (CC BY-SA) + text: The Jerusalem Talmud, edition by Heinrich W. Guggenheimer. Berlin, De Gruyter, 1999-2015 (CC BY)	0.9
Simeon	slug:jewish:simeon-b-the-nazir	Simeon b. the Nazir		שמעון נזירא	Simeon b. the Nazir	Aramaic	Jewish	Rabbinic	Jerusalem Talmud	Jerusalem Talmud Shabbat	Jerusalem Talmud Shabbat 2:3:6	https://www.sefaria.org/Jerusalem_Talmud_Shabbat.2.3.6	1	sage	personal	attested		Sefaria topics (CC BY-SA) + text: The Jerusalem Talmud, edition by Heinrich W. Guggenheimer. Berlin, De Gruyter, 1999-2015 (CC BY)	0.85
Bisna	slug:jewish:rebbi-bisna	Rebbi Bisna		רִבִּי בִּיסְנָא	Rebbi Bisna	Aramaic	Jewish	Rabbinic	Jerusalem Talmud	Jerusalem Talmud Shabbat	Jerusalem Talmud Shabbat 2:6:5	https://www.sefaria.org/Jerusalem_Talmud_Shabbat.2.6.5	11	sage	personal	attested		Sefaria topics (CC BY-SA) + text: The Jerusalem Talmud, edition by Heinrich W. Guggenheimer. Berlin, De Gruyter, 1999-2015 (CC BY)	0.9
Abba	slug:jewish:rebbi-abba-b-bizna	Rebbi Abba b. Bizna		רבי אבא בר אבינא	Rebbi Abba b. Bizna	Aramaic	Jewish	Rabbinic	Jerusalem Talmud	Jerusalem Talmud Shabbat	Jerusalem Talmud Shabbat 2:6:7	https://www.sefaria.org/Jerusalem_Talmud_Shabbat.2.6.7	6	sage	personal	attested		Sefaria topics (CC BY-SA) + text: The Jerusalem Talmud, edition by Heinrich W. Guggenheimer. Berlin, De Gruyter, 1999-2015 (CC BY)	0.9
Isaac	slug:jewish:rebbi-isaac-b-marion	Rebbi Isaac b. Marion		רִבִּי יִצְחָק בַּר מַרְיוֹן	Rebbi Isaac b. Marion	Aramaic	Jewish	Rabbinic	Jerusalem Talmud	Jerusalem Talmud Shabbat	Jerusalem Talmud Shabbat 2:6:9	https://www.sefaria.org/Jerusalem_Talmud_Shabbat.2.6.9	3	sage	personal	attested		Sefaria topics (CC BY-SA) + text: The Jerusalem Talmud, edition by Heinrich W. Guggenheimer. Berlin, De Gruyter, 1999-2015 (CC BY)	0.9
Yose	slug:jewish:rebbi-yose-b-rebbi-tanhum-from-kefar-agin	Rebbi Yose b. Rebbi Tanhum from Kefar Agin		רִבִּי יוֹסֵה בְרֵיהּ דְּרִבִּי תַנְחוּם דִּכְפַר אָגִין	Rebbi Yose b. Rebbi Tanhum from Kefar Agin	Aramaic	Jewish	Rabbinic	Jerusalem Talmud	Jerusalem Talmud Shabbat	Jerusalem Talmud Shabbat 2:6:9	https://www.sefaria.org/Jerusalem_Talmud_Shabbat.2.6.9	1	sage	personal	attested		Sefaria topics (CC BY-SA) + text: The Jerusalem Talmud, edition by Heinrich W. Guggenheimer. Berlin, De Gruyter, 1999-2015 (CC BY)	0.9
Yose	slug:jewish:rebbi-yose-b-qasarta	Rebbi Yose b. Qasarta		רִבִּי יוֹסֵי בַּר קַצַּרְתָּה	Rebbi Yose b. Qasarta	Aramaic	Jewish	Rabbinic	Jerusalem Talmud	Jerusalem Talmud Shabbat	Jerusalem Talmud Shabbat 2:6:11	https://www.sefaria.org/Jerusalem_Talmud_Shabbat.2.6.11	2	sage	personal	attested		Sefaria topics (CC BY-SA) + text: The Jerusalem Talmud, edition by Heinrich W. Guggenheimer. Berlin, De Gruyter, 1999-2015 (CC BY)	0.9
Anan	slug:jewish:rav-anan	Rav Anan		רב ענן	Rav Anan	Aramaic	Jewish	Rabbinic	Jerusalem Talmud	Jerusalem Talmud Shabbat	Jerusalem Talmud Shabbat 3:1:3	https://www.sefaria.org/Jerusalem_Talmud_Shabbat.3.1.3	2	sage	personal	attested		Sefaria topics (CC BY-SA) + text: The Jerusalem Talmud, edition by Heinrich W. Guggenheimer. Berlin, De Gruyter, 1999-2015 (CC BY)	0.9
Joshua	slug:jewish:rebbi-joshua-b-the-circumciser	Rebbi Joshua b. the circumciser		רִבִּי יוֹשׁוּעַ בַּר גִּיזוּרָה	Rebbi Joshua b. the circumciser	Aramaic	Jewish	Rabbinic	Jerusalem Talmud	Jerusalem Talmud Shabbat	Jerusalem Talmud Shabbat 3:1:4	https://www.sefaria.org/Jerusalem_Talmud_Shabbat.3.1.4	2	sage	personal	attested		Sefaria topics (CC BY-SA) + text: The Jerusalem Talmud, edition by Heinrich W. Guggenheimer. Berlin, De Gruyter, 1999-2015 (CC BY)	0.9
Simon	slug:jewish:rebbi-simon-b-thaddeus	Rebbi Simon b. Thaddeus		רִבִּי סִימוֹן דתרי	Rebbi Simon b. Thaddeus	Aramaic	Jewish	Rabbinic	Jerusalem Talmud	Jerusalem Talmud Shabbat	Jerusalem Talmud Shabbat 3:1:13	https://www.sefaria.org/Jerusalem_Talmud_Shabbat.3.1.13	1	sage	personal	attested		Sefaria topics (CC BY-SA) + text: The Jerusalem Talmud, edition by Heinrich W. Guggenheimer. Berlin, De Gruyter, 1999-2015 (CC BY)	0.9
Eleazar	slug:jewish:rebbi-eleazar-b-hanina	Rebbi Eleazar b. Hanina		רִבִּי לָֽעְזָר בַּר חֲנִינָה	Rebbi Eleazar b. Hanina	Aramaic	Jewish	Rabbinic	Jerusalem Talmud	Jerusalem Talmud Shabbat	Jerusalem Talmud Shabbat 3:7:8	https://www.sefaria.org/Jerusalem_Talmud_Shabbat.3.7.8	2	sage	personal	attested		Sefaria topics (CC BY-SA) + text: The Jerusalem Talmud, edition by Heinrich W. Guggenheimer. Berlin, De Gruyter, 1999-2015 (CC BY)	0.9
Romanus	slug:jewish:rabbi-romanus	Rabbi Romanus		רבי רומנוס	Rabbi Romanus	Aramaic	Jewish	Rabbinic	Jerusalem Talmud	Jerusalem Talmud Shabbat	Jerusalem Talmud Shabbat 3:7:13	https://www.sefaria.org/Jerusalem_Talmud_Shabbat.3.7.13	3	sage	personal	attested		Sefaria topics (CC BY-SA) + text: The Jerusalem Talmud, edition by Heinrich W. Guggenheimer. Berlin, De Gruyter, 1999-2015 (CC BY)	0.9
Yose	slug:jewish:rebbi-yose-b-pazi	Rebbi Yose b. Pazi		רִבִּי יוֹסֵה בֶּן פָּזִי	Rebbi Yose b. Pazi	Aramaic	Jewish	Rabbinic	Jerusalem Talmud	Jerusalem Talmud Shabbat	Jerusalem Talmud Shabbat 4:1:4	https://www.sefaria.org/Jerusalem_Talmud_Shabbat.4.1.4	2	sage	personal	attested		Sefaria topics (CC BY-SA) + text: The Jerusalem Talmud, edition by Heinrich W. Guggenheimer. Berlin, De Gruyter, 1999-2015 (CC BY)	0.9
Phineas	slug:jewish:rebbi-phineas-b-rebbi-hanina	Rebbi Phineas b. Rebbi Hanina		רִבִּי פִינְחָס בֵּירִבִּי חֲנִינָה	Rebbi Phineas b. Rebbi Hanina	Aramaic	Jewish	Rabbinic	Jerusalem Talmud	Jerusalem Talmud Shabbat	Jerusalem Talmud Shabbat 4:1:6	https://www.sefaria.org/Jerusalem_Talmud_Shabbat.4.1.6	2	sage	personal	attested		Sefaria topics (CC BY-SA) + text: The Jerusalem Talmud, edition by Heinrich W. Guggenheimer. Berlin, De Gruyter, 1999-2015 (CC BY)	0.9
Johanan	slug:jewish:rebbi-johanan-b-shila	Rebbi Johanan b. Shila		רִבִּי יוֹחָנָן בַּר שִׁילָא	Rebbi Johanan b. Shila	Aramaic	Jewish	Rabbinic	Jerusalem Talmud	Jerusalem Talmud Shabbat	Jerusalem Talmud Shabbat 4:1:7	https://www.sefaria.org/Jerusalem_Talmud_Shabbat.4.1.7	1	sage	personal	attested		Sefaria topics (CC BY-SA) + text: The Jerusalem Talmud, edition by Heinrich W. Guggenheimer. Berlin, De Gruyter, 1999-2015 (CC BY)	0.9
Jeremiah	slug:jewish:rebbi-jeremiah-b-hanina	Rebbi Jeremiah b. Hanina		רִבִּי יִרְמְיָה בַּר חֲנִינָה	Rebbi Jeremiah b. Hanina	Aramaic	Jewish	Rabbinic	Jerusalem Talmud	Jerusalem Talmud Shabbat	Jerusalem Talmud Shabbat 4:1:8	https://www.sefaria.org/Jerusalem_Talmud_Shabbat.4.1.8	1	sage	personal	attested		Sefaria topics (CC BY-SA) + text: The Jerusalem Talmud, edition by Heinrich W. Guggenheimer. Berlin, De Gruyter, 1999-2015 (CC BY)	0.9
Hana	slug:jewish:rav-hana-b-abba	Rav Hana b. Abba		רַב חָנָה בַּר אַבָּא	Rav Hana b. Abba	Aramaic	Jewish	Rabbinic	Jerusalem Talmud	Jerusalem Talmud Shabbat	Jerusalem Talmud Shabbat 4:2:10	https://www.sefaria.org/Jerusalem_Talmud_Shabbat.4.2.10	1	sage	personal	attested		Sefaria topics (CC BY-SA) + text: The Jerusalem Talmud, edition by Heinrich W. Guggenheimer. Berlin, De Gruyter, 1999-2015 (CC BY)	0.9
Jeremiah	slug:jewish:rebbi-jeremiah-b-rebbi-simeon	Rebbi Jeremiah b. Rebbi Simeon		רִבִּי יִרְמְיָה בֵּרִבִּי שִׁמְעוֹן	Rebbi Jeremiah b. Rebbi Simeon	Aramaic	Jewish	Rabbinic	Jerusalem Talmud	Jerusalem Talmud Shabbat	Jerusalem Talmud Shabbat 4:3:2	https://www.sefaria.org/Jerusalem_Talmud_Shabbat.4.3.2	1	sage	personal	attested		Sefaria topics (CC BY-SA) + text: The Jerusalem Talmud, edition by Heinrich W. Guggenheimer. Berlin, De Gruyter, 1999-2015 (CC BY)	0.9
Tavla	slug:jewish:rabbi-tavla	Rabbi Tavla		רבי טבלא	Rabbi Tavla	Aramaic	Jewish	Rabbinic	Jerusalem Talmud	Jerusalem Talmud Shabbat	Jerusalem Talmud Shabbat 6:2:5	https://www.sefaria.org/Jerusalem_Talmud_Shabbat.6.2.5	5	sage	personal	attested		Sefaria topics (CC BY-SA) + text: The Jerusalem Talmud, edition by Heinrich W. Guggenheimer. Berlin, De Gruyter, 1999-2015 (CC BY)	0.9
Hanan	slug:jewish:hanan-b-immi	Hanan b. Immi		אָנָן כר׳ אִימִּי	Hanan b. Immi	Aramaic	Jewish	Rabbinic	Jerusalem Talmud	Jerusalem Talmud Shabbat	Jerusalem Talmud Shabbat 6:5:2	https://www.sefaria.org/Jerusalem_Talmud_Shabbat.6.5.2	1	sage	personal	attested		Sefaria topics (CC BY-SA) + text: The Jerusalem Talmud, edition by Heinrich W. Guggenheimer. Berlin, De Gruyter, 1999-2015 (CC BY)	0.9
Adda	Q1410699	Rav Adda b. Ahavah (I), Two Jewish rabbis and Talmudic scholars	boy	רב אדא בר אהבה (2)	Rav Adda b. Ahavah (II)	Aramaic	Jewish	Rabbinic	Jerusalem Talmud	Jerusalem Talmud Shabbat	Jerusalem Talmud Shabbat 6:7:2	https://www.sefaria.org/Jerusalem_Talmud_Shabbat.6.7.2	3	sage	personal	attested		Sefaria topics (CC BY-SA) + text: The Jerusalem Talmud, edition by Heinrich W. Guggenheimer. Berlin, De Gruyter, 1999-2015 (CC BY)	0.9
Jeremiah	slug:jewish:rebbi-jeremiah-b-eleazar	Rebbi Jeremiah b. Eleazar		רִבִּי יִרְמְיָה בֶּן אֶלְעָזָר	Rebbi Jeremiah b. Eleazar	Aramaic	Jewish	Rabbinic	Jerusalem Talmud	Jerusalem Talmud Shabbat	Jerusalem Talmud Shabbat 6:9:15	https://www.sefaria.org/Jerusalem_Talmud_Shabbat.6.9.15	1	sage	personal	attested		Sefaria topics (CC BY-SA) + text: The Jerusalem Talmud, edition by Heinrich W. Guggenheimer. Berlin, De Gruyter, 1999-2015 (CC BY)	0.9
Abed-Nego	slug:jewish:abed-nego	Abed-Nego		עֲבֵ֣ד נְג֔וֹ	Abed-Nego	Aramaic	Jewish	Rabbinic	Jerusalem Talmud	Jerusalem Talmud Shabbat	Jerusalem Talmud Shabbat 6:9:15	https://www.sefaria.org/Jerusalem_Talmud_Shabbat.6.9.15	1	human	personal	attested		Sefaria topics (CC BY-SA) + text: The Jerusalem Talmud, edition by Heinrich W. Guggenheimer. Berlin, De Gruyter, 1999-2015 (CC BY)	0.9
Elam	Q1147704	Elam, Biblical character, son of Shem	boy	עילם	Elam	Aramaic	Jewish	Rabbinic	Jerusalem Talmud	Jerusalem Talmud Shabbat	Jerusalem Talmud Shabbat 7:1:5	https://www.sefaria.org/Jerusalem_Talmud_Shabbat.7.1.5	4	human	personal	attested		Sefaria topics (CC BY-SA) + text: The Jerusalem Talmud, edition by Heinrich W. Guggenheimer. Berlin, De Gruyter, 1999-2015 (CC BY)	0.9
Aha	slug:jewish:rebbi-aha-b-rav	Rebbi Aha b. Rav		רִבִּי אָחָה בַּר רַב	Rebbi Aha b. Rav	Aramaic	Jewish	Rabbinic	Jerusalem Talmud	Jerusalem Talmud Shabbat	Jerusalem Talmud Shabbat 7:2:19	https://www.sefaria.org/Jerusalem_Talmud_Shabbat.7.2.19	1	sage	personal	attested		Sefaria topics (CC BY-SA) + text: The Jerusalem Talmud, edition by Heinrich W. Guggenheimer. Berlin, De Gruyter, 1999-2015 (CC BY)	0.9
Jehudah	slug:jewish:rebbi-jehudah-b-levi	Rebbi Jehudah b. Levi		רבי יהודה בן לוי	Rebbi Jehudah b. Levi	Aramaic	Jewish	Rabbinic	Jerusalem Talmud	Jerusalem Talmud Shabbat	Jerusalem Talmud Shabbat 7:2:54	https://www.sefaria.org/Jerusalem_Talmud_Shabbat.7.2.54	2	sage	personal	attested		Sefaria topics (CC BY-SA) + text: The Jerusalem Talmud, edition by Heinrich W. Guggenheimer. Berlin, De Gruyter, 1999-2015 (CC BY)	0.9
Isaac	slug:jewish:rebbi-isaac-b-cahana	Rebbi Isaac b. Cahana		רִבִּי יִצְחָק בַּר כַּהֲנָא	Rebbi Isaac b. Cahana	Aramaic	Jewish	Rabbinic	Jerusalem Talmud	Jerusalem Talmud Shabbat	Jerusalem Talmud Shabbat 8:1:9	https://www.sefaria.org/Jerusalem_Talmud_Shabbat.8.1.9	1	sage	personal	attested		Sefaria topics (CC BY-SA) + text: The Jerusalem Talmud, edition by Heinrich W. Guggenheimer. Berlin, De Gruyter, 1999-2015 (CC BY)	0.9
Yehoshua	slug:jewish:rabbi-yehoshua-ben-beteira	Rabbi Yehoshua ben Beteira		רבי יהושע בן בתירא	Rabbi Yehoshua ben Beteira	Aramaic	Jewish	Rabbinic	Jerusalem Talmud	Jerusalem Talmud Shabbat	Jerusalem Talmud Shabbat 8:1:9	https://www.sefaria.org/Jerusalem_Talmud_Shabbat.8.1.9	2	sage	personal	attested		Sefaria topics (CC BY-SA) + text: The Jerusalem Talmud, edition by Heinrich W. Guggenheimer. Berlin, De Gruyter, 1999-2015 (CC BY)	0.9
Boetius	slug:jewish:boetius-b-zenon	Boetius b. Zenon		בייתוס בן זונין	Boetius b. Zenon	Aramaic	Jewish	Rabbinic	Jerusalem Talmud	Jerusalem Talmud Shabbat	Jerusalem Talmud Shabbat 8:6:5	https://www.sefaria.org/Jerusalem_Talmud_Shabbat.8.6.5	4	sage	personal	attested		Sefaria topics (CC BY-SA) + text: The Jerusalem Talmud, edition by Heinrich W. Guggenheimer. Berlin, De Gruyter, 1999-2015 (CC BY)	0.9
Gideon	Q176125	Gideon, Judge of Israel	boy	גדעון	Gideon	Aramaic	Jewish	Rabbinic	Jerusalem Talmud	Jerusalem Talmud Shabbat	Jerusalem Talmud Shabbat 9:1:4	https://www.sefaria.org/Jerusalem_Talmud_Shabbat.9.1.4	5	human	personal	attested		Sefaria topics (CC BY-SA) + text: The Jerusalem Talmud, edition by Heinrich W. Guggenheimer. Berlin, De Gruyter, 1999-2015 (CC BY)	0.9
Isaac	slug:jewish:isaac-b-orion	Isaac b. Orion		יִצְחָק בַּר אוֹרִיוֹן	Isaac b. Orion	Aramaic	Jewish	Rabbinic	Jerusalem Talmud	Jerusalem Talmud Shabbat	Jerusalem Talmud Shabbat 10:6:3	https://www.sefaria.org/Jerusalem_Talmud_Shabbat.10.6.3	1	sage	personal	attested		Sefaria topics (CC BY-SA) + text: The Jerusalem Talmud, edition by Heinrich W. Guggenheimer. Berlin, De Gruyter, 1999-2015 (CC BY)	0.9
Shmuel	slug:jewish:rav-shmuel-b-yehudah	Rav Shmuel b. Yehudah		רב שמואל בר יהודה	Rav Shmuel b. Yehudah	Aramaic	Jewish	Rabbinic	Jerusalem Talmud	Jerusalem Talmud Shabbat	Jerusalem Talmud Shabbat 12:1:5	https://www.sefaria.org/Jerusalem_Talmud_Shabbat.12.1.5	4	sage	personal	attested		Sefaria topics (CC BY-SA) + text: The Jerusalem Talmud, edition by Heinrich W. Guggenheimer. Berlin, De Gruyter, 1999-2015 (CC BY)	0.9
Nahor	Q6323112	Nahor, biblical character, son of Terah	boy	נחור	Nahor	Aramaic	Jewish	Rabbinic	Jerusalem Talmud	Jerusalem Talmud Shabbat	Jerusalem Talmud Shabbat 12:3:1	https://www.sefaria.org/Jerusalem_Talmud_Shabbat.12.3.1	1	human	personal	attested		Sefaria topics (CC BY-SA) + text: The Jerusalem Talmud, edition by Heinrich W. Guggenheimer. Berlin, De Gruyter, 1999-2015 (CC BY)	0.9
Ben Stada	slug:jewish:ben-stada	Ben Stada		בן סטדא	Ben Stada	Aramaic	Jewish	Rabbinic	Jerusalem Talmud	Jerusalem Talmud Shabbat	Jerusalem Talmud Shabbat 12:4:3	https://www.sefaria.org/Jerusalem_Talmud_Shabbat.12.4.3	1	sage	personal	attested		Sefaria topics (CC BY-SA) + text: The Jerusalem Talmud, edition by Heinrich W. Guggenheimer. Berlin, De Gruyter, 1999-2015 (CC BY)	0.9
Simeon	slug:jewish:rebbi-simeon-b-rebbi-yannai	Rebbi Simeon b. Rebbi Yannai		רִבִּי שִׁמְעוֹן בֵּירִבִּי יַנַּאי	Rebbi Simeon b. Rebbi Yannai	Aramaic	Jewish	Rabbinic	Jerusalem Talmud	Jerusalem Talmud Shabbat	Jerusalem Talmud Shabbat 13:7:3	https://www.sefaria.org/Jerusalem_Talmud_Shabbat.13.7.3	2	sage	personal	attested		Sefaria topics (CC BY-SA) + text: The Jerusalem Talmud, edition by Heinrich W. Guggenheimer. Berlin, De Gruyter, 1999-2015 (CC BY)	0.9
Eleazar	slug:jewish:eleazar-b-ahbai	Eleazar b. Ahbai		אֶלְעָזָר בֶּן אַחְבַּאי	Eleazar b. Ahbai	Aramaic	Jewish	Rabbinic	Jerusalem Talmud	Jerusalem Talmud Shabbat	Jerusalem Talmud Shabbat 14:1:2	https://www.sefaria.org/Jerusalem_Talmud_Shabbat.14.1.2	1	sage	personal	attested		Sefaria topics (CC BY-SA) + text: The Jerusalem Talmud, edition by Heinrich W. Guggenheimer. Berlin, De Gruyter, 1999-2015 (CC BY)	0.9
Avidan	slug:jewish:rav-avidan	Rav Avidan		רַב אֲבִדָן	Rav Avidan	Aramaic	Jewish	Rabbinic	Jerusalem Talmud	Jerusalem Talmud Shabbat	Jerusalem Talmud Shabbat 14:1:5	https://www.sefaria.org/Jerusalem_Talmud_Shabbat.14.1.5	1	sage	personal	attested		Sefaria topics (CC BY-SA) + text: The Jerusalem Talmud, edition by Heinrich W. Guggenheimer. Berlin, De Gruyter, 1999-2015 (CC BY)	0.9
Abba	slug:jewish:rabbi-abba-b-zutra	Rabbi Abba b. Zutra		רבי אבא בר זוטרא	Rabbi Abba b. Zutra	Aramaic	Jewish	Rabbinic	Jerusalem Talmud	Jerusalem Talmud Shabbat	Jerusalem Talmud Shabbat 14:4:5	https://www.sefaria.org/Jerusalem_Talmud_Shabbat.14.4.5	7	sage	personal	attested		Sefaria topics (CC BY-SA) + text: The Jerusalem Talmud, edition by Heinrich W. Guggenheimer. Berlin, De Gruyter, 1999-2015 (CC BY)	0.9
Bar Koha	slug:jewish:bar-koha-the-carpenter	Bar Koha the carpenter		בַּר כּוֹחָא נַגָּרָא	Bar Koha the carpenter	Aramaic	Jewish	Rabbinic	Jerusalem Talmud	Jerusalem Talmud Shabbat	Jerusalem Talmud Shabbat 14:4:10	https://www.sefaria.org/Jerusalem_Talmud_Shabbat.14.4.10	2	sage	personal	attested		Sefaria topics (CC BY-SA) + text: The Jerusalem Talmud, edition by Heinrich W. Guggenheimer. Berlin, De Gruyter, 1999-2015 (CC BY)	0.9
Elazar	slug:jewish:rabbi-elazar-b-dima	Rabbi Elazar b. Dima		רבי אלעזר בן דמה	Rabbi Elazar b. Dima	Aramaic	Jewish	Rabbinic	Jerusalem Talmud	Jerusalem Talmud Shabbat	Jerusalem Talmud Shabbat 14:4:12	https://www.sefaria.org/Jerusalem_Talmud_Shabbat.14.4.12	1	sage	personal	attested		Sefaria topics (CC BY-SA) + text: The Jerusalem Talmud, edition by Heinrich W. Guggenheimer. Berlin, De Gruyter, 1999-2015 (CC BY)	0.9
Samuel	slug:jewish:rebbi-samuel-the-brother-of-rebbi-berekhiah	Rebbi Samuel the brother of Rebbi Berekhiah		רִבִּי שְׁמוּאֵל אֲחוֹי דְרִבִּי בֶרֶכְיָה	Rebbi Samuel the brother of Rebbi Berekhiah	Aramaic	Jewish	Rabbinic	Jerusalem Talmud	Jerusalem Talmud Shabbat	Jerusalem Talmud Shabbat 15:3:6	https://www.sefaria.org/Jerusalem_Talmud_Shabbat.15.3.6	3	human	personal	attested		Sefaria topics (CC BY-SA) + text: The Jerusalem Talmud, edition by Heinrich W. Guggenheimer. Berlin, De Gruyter, 1999-2015 (CC BY)	0.9
Yose	slug:jewish:yose-b-simai	Yose b. Simai		יוסי בן סימאי	Yose b. Simai	Aramaic	Jewish	Rabbinic	Jerusalem Talmud	Jerusalem Talmud Shabbat	Jerusalem Talmud Shabbat 16:7:2	https://www.sefaria.org/Jerusalem_Talmud_Shabbat.16.7.2	3	sage	personal	attested		Sefaria topics (CC BY-SA) + text: The Jerusalem Talmud, edition by Heinrich W. Guggenheimer. Berlin, De Gruyter, 1999-2015 (CC BY)	0.9
Uqba	slug:jewish:rebbi-uqba	Rebbi Uqba		רִבִּי עוּקְבָּה	Rebbi Uqba	Aramaic	Jewish	Rabbinic	Jerusalem Talmud	Jerusalem Talmud Shabbat	Jerusalem Talmud Shabbat 16:8:3	https://www.sefaria.org/Jerusalem_Talmud_Shabbat.16.8.3	12	sage	personal	attested		Sefaria topics (CC BY-SA) + text: The Jerusalem Talmud, edition by Heinrich W. Guggenheimer. Berlin, De Gruyter, 1999-2015 (CC BY)	0.9
Yannai	slug:jewish:rebbi-yannai-the-father-in-law-of-rebbi-immi	Rebbi Yannai the father-in-law of Rebbi Immi		רִבִּי יַנַּיי חָמוֹי דְרִבִּי אִמִּי	Rebbi Yannai the father-in-law of Rebbi Immi	Aramaic	Jewish	Rabbinic	Jerusalem Talmud	Jerusalem Talmud Shabbat	Jerusalem Talmud Shabbat 17:7:2	https://www.sefaria.org/Jerusalem_Talmud_Shabbat.17.7.2	2	sage	personal	attested		Sefaria topics (CC BY-SA) + text: The Jerusalem Talmud, edition by Heinrich W. Guggenheimer. Berlin, De Gruyter, 1999-2015 (CC BY)	0.9
Shesha	slug:jewish:rav-shesha-b-rav-idi	Rav Shesha b. Rav Idi	boy	רב שישא בריה דרב אידי	Rav Shesha b. Rav Idi	Aramaic	Jewish	Rabbinic	Jerusalem Talmud	Jerusalem Talmud Shabbat	Jerusalem Talmud Shabbat 19:1:6	https://www.sefaria.org/Jerusalem_Talmud_Shabbat.19.1.6	2	sage	personal	attested		Sefaria topics (CC BY-SA) + text: The Jerusalem Talmud, edition by Heinrich W. Guggenheimer. Berlin, De Gruyter, 1999-2015 (CC BY)	0.9
Avtalyon	Q2750624	Avtalyon, pharisee leader	boy	אבטליון	Avtalyon	Aramaic	Jewish	Rabbinic	Jerusalem Talmud	Jerusalem Talmud Shabbat	Jerusalem Talmud Shabbat 19:1:8	https://www.sefaria.org/Jerusalem_Talmud_Shabbat.19.1.8	5	sage	personal	attested		Sefaria topics (CC BY-SA) + text: The Jerusalem Talmud, edition by Heinrich W. Guggenheimer. Berlin, De Gruyter, 1999-2015 (CC BY)	0.9
Yohanan	slug:jewish:yohanan-b-dahavai	Yohanan b. Dahavai, tanna	boy	יוחנן בן דהבאי	Yohanan b. Dahavai	Aramaic	Jewish	Rabbinic	Jerusalem Talmud	Jerusalem Talmud Shabbat	Jerusalem Talmud Shabbat 19:3:5	https://www.sefaria.org/Jerusalem_Talmud_Shabbat.19.3.5	3	sage	personal	attested		Sefaria topics (CC BY-SA) + text: The Jerusalem Talmud, edition by Heinrich W. Guggenheimer. Berlin, De Gruyter, 1999-2015 (CC BY)	0.9
Abba Shaul	slug:jewish:abba-shaul-b-botnit	Abba Shaul b. Botnit		אבא שאול בן בטנית	Abba Shaul b. Botnit	Aramaic	Jewish	Rabbinic	Jerusalem Talmud	Jerusalem Talmud Shabbat	Jerusalem Talmud Shabbat 24:5:1	https://www.sefaria.org/Jerusalem_Talmud_Shabbat.24.5.1	2	sage	personal	attested		Sefaria topics (CC BY-SA) + text: The Jerusalem Talmud, edition by Heinrich W. Guggenheimer. Berlin, De Gruyter, 1999-2015 (CC BY)	0.9
Nahman	Q2124834	Rav Nahman b. Yitzhak, Talmud Rabbi	boy	רב נחמן בר יצחק	Rav Nahman b. Yitzhak	Aramaic	Jewish	Rabbinic	Jerusalem Talmud	Jerusalem Talmud Eruvin	Jerusalem Talmud Eruvin 1:1:3	https://www.sefaria.org/Jerusalem_Talmud_Eruvin.1.1.3	4	sage	personal	attested		Sefaria topics (CC BY-SA) + text: The Jerusalem Talmud, edition by Heinrich W. Guggenheimer. Berlin, De Gruyter, 1999-2015 (CC BY)	0.9
Yose	slug:jewish:rebbi-yose-b-perora	Rebbi Yose b. Perora		רִבִּי יוֹסֵי בֶּן פְּרוֹרָה	Rebbi Yose b. Perora	Aramaic	Jewish	Rabbinic	Jerusalem Talmud	Jerusalem Talmud Eruvin	Jerusalem Talmud Eruvin 1:2:2	https://www.sefaria.org/Jerusalem_Talmud_Eruvin.1.2.2	1	sage	personal	attested		Sefaria topics (CC BY-SA) + text: The Jerusalem Talmud, edition by Heinrich W. Guggenheimer. Berlin, De Gruyter, 1999-2015 (CC BY)	0.9
Chananiyah	slug:jewish:rav-chananiyah-b-shelemya	Rav Chananiyah b. Shelemya		רב חנניא בר שלמיא	Rav Chananiyah b. Shelemya	Aramaic	Jewish	Rabbinic	Jerusalem Talmud	Jerusalem Talmud Eruvin	Jerusalem Talmud Eruvin 1:3:6	https://www.sefaria.org/Jerusalem_Talmud_Eruvin.1.3.6	6	sage	personal	attested		Sefaria topics (CC BY-SA) + text: The Jerusalem Talmud, edition by Heinrich W. Guggenheimer. Berlin, De Gruyter, 1999-2015 (CC BY)	0.9
Eudaimon	slug:jewish:rav-eudaimon-the-emigrant	Rav Eudaimon the emigrant		רַב אֲבוּדָמָא נְחוּתָא	Rav Eudaimon the emigrant	Aramaic	Jewish	Rabbinic	Jerusalem Talmud	Jerusalem Talmud Eruvin	Jerusalem Talmud Eruvin 1:6:5	https://www.sefaria.org/Jerusalem_Talmud_Eruvin.1.6.5	6	sage	personal	attested		Sefaria topics (CC BY-SA) + text: The Jerusalem Talmud, edition by Heinrich W. Guggenheimer. Berlin, De Gruyter, 1999-2015 (CC BY)	0.9
Yehudah	slug:jewish:yehudah-b-tema	Yehudah b. Tema, tanna	boy	יהודה בן תימא	Yehudah b. Tema	Aramaic	Jewish	Rabbinic	Jerusalem Talmud	Jerusalem Talmud Eruvin	Jerusalem Talmud Eruvin 1:10:6	https://www.sefaria.org/Jerusalem_Talmud_Eruvin.1.10.6	4	sage	personal	attested		Sefaria topics (CC BY-SA) + text: The Jerusalem Talmud, edition by Heinrich W. Guggenheimer. Berlin, De Gruyter, 1999-2015 (CC BY)	0.9
Amram	Q477527	Amram, Father of Moses	boy	עמרם	Amram	Aramaic	Jewish	Rabbinic	Jerusalem Talmud	Jerusalem Talmud Eruvin	Jerusalem Talmud Eruvin 2:4:4	https://www.sefaria.org/Jerusalem_Talmud_Eruvin.2.4.4	3	human	personal	attested		Sefaria topics (CC BY-SA) + text: The Jerusalem Talmud, edition by Heinrich W. Guggenheimer. Berlin, De Gruyter, 1999-2015 (CC BY)	0.9
Yasa	slug:jewish:rebbi-yasa-b-aha	Rebbi Yasa b. Aha		רִבִּי יָסָא בַּר אָחָא	Rebbi Yasa b. Aha	Aramaic	Jewish	Rabbinic	Jerusalem Talmud	Jerusalem Talmud Eruvin	Jerusalem Talmud Eruvin 5:1:5	https://www.sefaria.org/Jerusalem_Talmud_Eruvin.5.1.5	1	sage	personal	attested		Sefaria topics (CC BY-SA) + text: The Jerusalem Talmud, edition by Heinrich W. Guggenheimer. Berlin, De Gruyter, 1999-2015 (CC BY)	0.9
Hiyya	slug:jewish:rebbi-hiyya-b-rebbi-sabbatai	Rebbi Hiyya b. Rebbi Sabbatai		רִבִּי חִייָה בַּר שַׁבָּתַי	Rebbi Hiyya b. Rebbi Sabbatai	Aramaic	Jewish	Rabbinic	Jerusalem Talmud	Jerusalem Talmud Eruvin	Jerusalem Talmud Eruvin 5:1:13	https://www.sefaria.org/Jerusalem_Talmud_Eruvin.5.1.13	1	sage	personal	attested		Sefaria topics (CC BY-SA) + text: The Jerusalem Talmud, edition by Heinrich W. Guggenheimer. Berlin, De Gruyter, 1999-2015 (CC BY)	0.9
Aeneas	slug:jewish:rebbi-aeneas-b-pazi	Rebbi Aeneas b. Pazi		רִבִּי אֵינֵייָא בַּר פָּזִי	Rebbi Aeneas b. Pazi	Aramaic	Jewish	Rabbinic	Jerusalem Talmud	Jerusalem Talmud Eruvin	Jerusalem Talmud Eruvin 5:8:4	https://www.sefaria.org/Jerusalem_Talmud_Eruvin.5.8.4	1	sage	personal	attested		Sefaria topics (CC BY-SA) + text: The Jerusalem Talmud, edition by Heinrich W. Guggenheimer. Berlin, De Gruyter, 1999-2015 (CC BY)	0.9
Hama	slug:jewish:rebbi-hama-b-joseph	Rebbi Hama b. Joseph		רבי חמא בר יוסף	Rebbi Hama b. Joseph	Aramaic	Jewish	Rabbinic	Jerusalem Talmud	Jerusalem Talmud Eruvin	Jerusalem Talmud Eruvin 6:4:4	https://www.sefaria.org/Jerusalem_Talmud_Eruvin.6.4.4	2	sage	personal	attested		Sefaria topics (CC BY-SA) + text: The Jerusalem Talmud, edition by Heinrich W. Guggenheimer. Berlin, De Gruyter, 1999-2015 (CC BY)	0.9
Justus	slug:jewish:rebbi-justus-b-rebbi-simon	Rebbi Justus b. Rebbi Simon		רִבִּי יוּסְטִי בֵּירִבִּי סִימוֹן	Rebbi Justus b. Rebbi Simon	Aramaic	Jewish	Rabbinic	Jerusalem Talmud	Jerusalem Talmud Eruvin	Jerusalem Talmud Eruvin 6:4:5	https://www.sefaria.org/Jerusalem_Talmud_Eruvin.6.4.5	2	sage	personal	attested		Sefaria topics (CC BY-SA) + text: The Jerusalem Talmud, edition by Heinrich W. Guggenheimer. Berlin, De Gruyter, 1999-2015 (CC BY)	0.9
Boethos	slug:jewish:rebbi-boethos	Rebbi Boethos		רִבִּי בֵּייתוֹס	Rebbi Boethos	Aramaic	Jewish	Rabbinic	Jerusalem Talmud	Jerusalem Talmud Eruvin	Jerusalem Talmud Eruvin 6:4:5	https://www.sefaria.org/Jerusalem_Talmud_Eruvin.6.4.5	1	sage	personal	attested		Sefaria topics (CC BY-SA) + text: The Jerusalem Talmud, edition by Heinrich W. Guggenheimer. Berlin, De Gruyter, 1999-2015 (CC BY)	0.9
Natan	Q319116	Nathan, Prophet during the reigns of David and Solomon	boy	נתן הנביא	Natan	Aramaic	Jewish	Rabbinic	Jerusalem Talmud	Jerusalem Talmud Eruvin	Jerusalem Talmud Eruvin 6:4:5	https://www.sefaria.org/Jerusalem_Talmud_Eruvin.6.4.5	9	prophet	personal	attested		Sefaria topics (CC BY-SA) + text: The Jerusalem Talmud, edition by Heinrich W. Guggenheimer. Berlin, De Gruyter, 1999-2015 (CC BY)	0.9
Abba	slug:jewish:rebbi-abba-b-jehudah	Rebbi Abba b. Jehudah		רִבִּי בָּא בַּר יְהוּדָה	Rebbi Abba b. Jehudah	Aramaic	Jewish	Rabbinic	Jerusalem Talmud	Jerusalem Talmud Eruvin	Jerusalem Talmud Eruvin 6:6:3	https://www.sefaria.org/Jerusalem_Talmud_Eruvin.6.6.3	1	sage	personal	attested		Sefaria topics (CC BY-SA) + text: The Jerusalem Talmud, edition by Heinrich W. Guggenheimer. Berlin, De Gruyter, 1999-2015 (CC BY)	0.9
Hamnuna	slug:jewish:rav-hamnuna-(i)	Rav Hamnuna (I), amora	boy	רב המנונא (1)	Rav Hamnuna (I)	Aramaic	Jewish	Rabbinic	Jerusalem Talmud	Jerusalem Talmud Eruvin	Jerusalem Talmud Eruvin 6:7:3	https://www.sefaria.org/Jerusalem_Talmud_Eruvin.6.7.3	3	sage	personal	attested		Sefaria topics (CC BY-SA) + text: The Jerusalem Talmud, edition by Heinrich W. Guggenheimer. Berlin, De Gruyter, 1999-2015 (CC BY)	0.9
Nahman	slug:jewish:rav-nahman-b-jehudah	Rav Nahman b. Jehudah		רַב נַחְמָן בַּר יְהוּדָה	Rav Nahman b. Jehudah	Aramaic	Jewish	Rabbinic	Jerusalem Talmud	Jerusalem Talmud Eruvin	Jerusalem Talmud Eruvin 6:8:8	https://www.sefaria.org/Jerusalem_Talmud_Eruvin.6.8.8	1	sage	personal	attested		Sefaria topics (CC BY-SA) + text: The Jerusalem Talmud, edition by Heinrich W. Guggenheimer. Berlin, De Gruyter, 1999-2015 (CC BY)	0.9
Abba	slug:jewish:rebbi-abba-b-hinena	Rebbi Abba b. Hinena		רִבִּי בָּא בַּר חִינְנָא	Rebbi Abba b. Hinena	Aramaic	Jewish	Rabbinic	Jerusalem Talmud	Jerusalem Talmud Eruvin	Jerusalem Talmud Eruvin 8:4:3	https://www.sefaria.org/Jerusalem_Talmud_Eruvin.8.4.3	2	sage	personal	attested		Sefaria topics (CC BY-SA) + text: The Jerusalem Talmud, edition by Heinrich W. Guggenheimer. Berlin, De Gruyter, 1999-2015 (CC BY)	0.9
Ahiyya	slug:jewish:rebbi-ahiyya	Rebbi Ahiyya		רִבִּי אֲחִייָה	Rebbi Ahiyya	Aramaic	Jewish	Rabbinic	Jerusalem Talmud	Jerusalem Talmud Eruvin	Jerusalem Talmud Eruvin 9:2:2	https://www.sefaria.org/Jerusalem_Talmud_Eruvin.9.2.2	1	sage	personal	attested		Sefaria topics (CC BY-SA) + text: The Jerusalem Talmud, edition by Heinrich W. Guggenheimer. Berlin, De Gruyter, 1999-2015 (CC BY)	0.9
Levi Sokhia	slug:jewish:levi-sokhia	Levi Sokhia		לֵוִי שובדא	Levi Sokhia	Aramaic	Jewish	Rabbinic	Jerusalem Talmud	Jerusalem Talmud Eruvin	Jerusalem Talmud Eruvin 10:12:3	https://www.sefaria.org/Jerusalem_Talmud_Eruvin.10.12.3	2	sage	personal	attested		Sefaria topics (CC BY-SA) + text: The Jerusalem Talmud, edition by Heinrich W. Guggenheimer. Berlin, De Gruyter, 1999-2015 (CC BY)	0.9
Phineas	slug:jewish:rebbi-phineas-from-yafo	Rebbi Phineas from Yafo		רִבִּי פִינְחָס דָּיָפוֹ	Rebbi Phineas from Yafo	Aramaic	Jewish	Rabbinic	Jerusalem Talmud	Jerusalem Talmud Pesachim	Jerusalem Talmud Pesachim 1:1:17	https://www.sefaria.org/Jerusalem_Talmud_Pesachim.1.1.17	1	sage	personal	attested		Sefaria topics (CC BY-SA) + text: The Jerusalem Talmud, edition by Heinrich W. Guggenheimer. Berlin, De Gruyter, 1999-2015 (CC BY)	0.9
Hanina Segan haKohanim	slug:jewish:rabbi-hanina-segan-hakohanim	Rabbi Hanina Segan haKohanim, tanna	boy	רבי חנינא סגן הכהנים	Rabbi Hanina Segan haKohanim	Aramaic	Jewish	Rabbinic	Jerusalem Talmud	Jerusalem Talmud Pesachim	Jerusalem Talmud Pesachim 1:8:3	https://www.sefaria.org/Jerusalem_Talmud_Pesachim.1.8.3	1	sage	personal	attested		Sefaria topics (CC BY-SA) + text: The Jerusalem Talmud, edition by Heinrich W. Guggenheimer. Berlin, De Gruyter, 1999-2015 (CC BY)	0.9
Ulla	slug:jewish:rebbi-ulla-of-caesarea	Rebbi Ulla of Caesarea		רִבִּי עוּלָּא דְקַיְסָרִין	Rebbi Ulla of Caesarea	Aramaic	Jewish	Rabbinic	Jerusalem Talmud	Jerusalem Talmud Pesachim	Jerusalem Talmud Pesachim 3:2:6	https://www.sefaria.org/Jerusalem_Talmud_Pesachim.3.2.6	2	sage	personal	attested		Sefaria topics (CC BY-SA) + text: The Jerusalem Talmud, edition by Heinrich W. Guggenheimer. Berlin, De Gruyter, 1999-2015 (CC BY)	0.9
Arius	slug:jewish:arius	Arius		אָרִיֹס	Arius	Aramaic	Jewish	Rabbinic	Jerusalem Talmud	Jerusalem Talmud Pesachim	Jerusalem Talmud Pesachim 3:7:5	https://www.sefaria.org/Jerusalem_Talmud_Pesachim.3.7.5	3	sage	personal	attested		Sefaria topics (CC BY-SA) + text: The Jerusalem Talmud, edition by Heinrich W. Guggenheimer. Berlin, De Gruyter, 1999-2015 (CC BY)	0.9
Hanania	slug:jewish:hanania-b-jehudah	Hanania b. Jehudah		חֲנַנְיָה בֶּן יְהוּדָה	Hanania b. Jehudah	Aramaic	Jewish	Rabbinic	Jerusalem Talmud	Jerusalem Talmud Pesachim	Jerusalem Talmud Pesachim 5:1:3	https://www.sefaria.org/Jerusalem_Talmud_Pesachim.5.1.3	1	sage	personal	attested		Sefaria topics (CC BY-SA) + text: The Jerusalem Talmud, edition by Heinrich W. Guggenheimer. Berlin, De Gruyter, 1999-2015 (CC BY)	0.9
Parnakh	slug:jewish:rebbi-parnakh	Rebbi Parnakh		רבי פרנך	Rebbi Parnakh	Aramaic	Jewish	Rabbinic	Jerusalem Talmud	Jerusalem Talmud Pesachim	Jerusalem Talmud Pesachim 5:7:2	https://www.sefaria.org/Jerusalem_Talmud_Pesachim.5.7.2	3	sage	personal	attested		Sefaria topics (CC BY-SA) + text: The Jerusalem Talmud, edition by Heinrich W. Guggenheimer. Berlin, De Gruyter, 1999-2015 (CC BY)	0.9
Jonathan	Q74891	Jonathan, Eldest son of King Saul and friend of David	boy	יהונתן בן שאול	Jonathan	Aramaic	Jewish	Rabbinic	Jerusalem Talmud	Jerusalem Talmud Pesachim	Jerusalem Talmud Pesachim 6:1:7	https://www.sefaria.org/Jerusalem_Talmud_Pesachim.6.1.7	3	human	personal	attested		Sefaria topics (CC BY-SA) + text: The Jerusalem Talmud, edition by Heinrich W. Guggenheimer. Berlin, De Gruyter, 1999-2015 (CC BY)	0.9
Sobaya	slug:jewish:rebbi-sobaya	Rebbi Sobaya		רִבִּי סוֹבַייָה	Rebbi Sobaya	Aramaic	Jewish	Rabbinic	Jerusalem Talmud	Jerusalem Talmud Pesachim	Jerusalem Talmud Pesachim 6:1:18	https://www.sefaria.org/Jerusalem_Talmud_Pesachim.6.1.18	1	sage	personal	attested		Sefaria topics (CC BY-SA) + text: The Jerusalem Talmud, edition by Heinrich W. Guggenheimer. Berlin, De Gruyter, 1999-2015 (CC BY)	0.9
Todos	slug:jewish:todos	Todos		תודוס	Todos	Aramaic	Jewish	Rabbinic	Jerusalem Talmud	Jerusalem Talmud Pesachim	Jerusalem Talmud Pesachim 7:1:8	https://www.sefaria.org/Jerusalem_Talmud_Pesachim.7.1.8	1	sage	personal	attested		Sefaria topics (CC BY-SA) + text: The Jerusalem Talmud, edition by Heinrich W. Guggenheimer. Berlin, De Gruyter, 1999-2015 (CC BY)	0.9
Hillel	slug:jewish:rebbi-hillel-from-kifra	Rebbi Hillel from Kifra		רִבִּי הִלֵּל דְּכִיפְרָא	Rebbi Hillel from Kifra	Aramaic	Jewish	Rabbinic	Jerusalem Talmud	Jerusalem Talmud Pesachim	Jerusalem Talmud Pesachim 8:8:6	https://www.sefaria.org/Jerusalem_Talmud_Pesachim.8.8.6	2	sage	personal	attested		Sefaria topics (CC BY-SA) + text: The Jerusalem Talmud, edition by Heinrich W. Guggenheimer. Berlin, De Gruyter, 1999-2015 (CC BY)	0.9
Giddul	slug:jewish:giddul-b-benjamin	Giddul b. Benjamin		גִּידּוּל בַּר בִּנְיָמִן	Giddul b. Benjamin	Aramaic	Jewish	Rabbinic	Jerusalem Talmud	Jerusalem Talmud Pesachim	Jerusalem Talmud Pesachim 8:8:7	https://www.sefaria.org/Jerusalem_Talmud_Pesachim.8.8.7	2	sage	personal	attested		Sefaria topics (CC BY-SA) + text: The Jerusalem Talmud, edition by Heinrich W. Guggenheimer. Berlin, De Gruyter, 1999-2015 (CC BY)	0.9
Ephraim	Q203251	Ephraim, son of Joseph	boy	אפרים	Ephraim	Aramaic	Jewish	Rabbinic	Jerusalem Talmud	Jerusalem Talmud Pesachim	Jerusalem Talmud Pesachim 9:1:3	https://www.sefaria.org/Jerusalem_Talmud_Pesachim.9.1.3	9	human	personal	attested		Sefaria topics (CC BY-SA) + text: The Jerusalem Talmud, edition by Heinrich W. Guggenheimer. Berlin, De Gruyter, 1999-2015 (CC BY)	0.9
Sennacherib	slug:biblical:sennacherib@2ki.18.13-isa	Sennacherib, Assyrian Emperor who invaded Judah	boy	סנחריב	Sennacherib	Aramaic	Jewish	Rabbinic	Jerusalem Talmud	Jerusalem Talmud Pesachim	Jerusalem Talmud Pesachim 9:3:4	https://www.sefaria.org/Jerusalem_Talmud_Pesachim.9.3.4	2	royal	personal	attested		Sefaria topics (CC BY-SA) + text: The Jerusalem Talmud, edition by Heinrich W. Guggenheimer. Berlin, De Gruyter, 1999-2015 (CC BY)	0.9
Abunah	slug:jewish:rebbi-abunah-b-sehora	Rebbi Abunah b. Sehora		רִבִּי אַבּוּנְה בַּר סְחוֹרָא	Rebbi Abunah b. Sehora	Aramaic	Jewish	Rabbinic	Jerusalem Talmud	Jerusalem Talmud Pesachim	Jerusalem Talmud Pesachim 10:5:3	https://www.sefaria.org/Jerusalem_Talmud_Pesachim.10.5.3	1	sage	personal	attested		Sefaria topics (CC BY-SA) + text: The Jerusalem Talmud, edition by Heinrich W. Guggenheimer. Berlin, De Gruyter, 1999-2015 (CC BY)	0.9
Ben Illem	slug:jewish:ben-illem	Ben Illem		בֶּן אִילֵּם	Ben Illem	Aramaic	Jewish	Rabbinic	Jerusalem Talmud	Jerusalem Talmud Yoma	Jerusalem Talmud Yoma 1:1:22	https://www.sefaria.org/Jerusalem_Talmud_Yoma.1.1.22	2	sage	personal	attested		Sefaria topics (CC BY-SA) + text: The Jerusalem Talmud, edition by Heinrich W. Guggenheimer. Berlin, De Gruyter, 1999-2015 (CC BY)	0.9
Simeon	slug:jewish:simeon-b-qimhit	Simeon b. Qimhit		שִׁמְעוֹן בֶּן קִמְחִית	Simeon b. Qimhit	Aramaic	Jewish	Rabbinic	Jerusalem Talmud	Jerusalem Talmud Yoma	Jerusalem Talmud Yoma 1:1:23	https://www.sefaria.org/Jerusalem_Talmud_Yoma.1.1.23	3	sage	personal	attested		Sefaria topics (CC BY-SA) + text: The Jerusalem Talmud, edition by Heinrich W. Guggenheimer. Berlin, De Gruyter, 1999-2015 (CC BY)	0.9
Kimchit	slug:jewish:kimchit	Kimchit		קמחית	Kimchit	Aramaic	Jewish	Rabbinic	Jerusalem Talmud	Jerusalem Talmud Yoma	Jerusalem Talmud Yoma 1:1:23	https://www.sefaria.org/Jerusalem_Talmud_Yoma.1.1.23	3	sage	personal	attested		Sefaria topics (CC BY-SA) + text: The Jerusalem Talmud, edition by Heinrich W. Guggenheimer. Berlin, De Gruyter, 1999-2015 (CC BY)	0.9
Zimri	Q203956	Zimri, Simeonite prince	boy	זמרי	Zimri	Aramaic	Jewish	Rabbinic	Jerusalem Talmud	Jerusalem Talmud Yoma	Jerusalem Talmud Yoma 1:1:24	https://www.sefaria.org/Jerusalem_Talmud_Yoma.1.1.24	5	human	personal	attested		Sefaria topics (CC BY-SA) + text: The Jerusalem Talmud, edition by Heinrich W. Guggenheimer. Berlin, De Gruyter, 1999-2015 (CC BY)	0.9
Joshua	slug:jewish:rebbi-joshua-b-abin	Rebbi Joshua b. Abin		רִבִּי יְהוֹשֻׁעַ בַּר אֶבְיוֹן	Rebbi Joshua b. Abin	Aramaic	Jewish	Rabbinic	Jerusalem Talmud	Jerusalem Talmud Yoma	Jerusalem Talmud Yoma 3:5:4	https://www.sefaria.org/Jerusalem_Talmud_Yoma.3.5.4	1	sage	personal	attested		Sefaria topics (CC BY-SA) + text: The Jerusalem Talmud, edition by Heinrich W. Guggenheimer. Berlin, De Gruyter, 1999-2015 (CC BY)	0.9
Yishmael	slug:jewish:yishmael-ben-pavi	Yishmael b. Pavi		ישמעאל בן פיאבי	Yishmael b. Pavi	Aramaic	Jewish	Rabbinic	Jerusalem Talmud	Jerusalem Talmud Yoma	Jerusalem Talmud Yoma 3:6:10	https://www.sefaria.org/Jerusalem_Talmud_Yoma.3.6.10	2	sage	personal	attested		Sefaria topics (CC BY-SA) + text: The Jerusalem Talmud, edition by Heinrich W. Guggenheimer. Berlin, De Gruyter, 1999-2015 (CC BY)	0.9
Elazar	slug:jewish:rabbi-elazar-b-charsum	Rabbi Elazar b. Charsum		רבי אלעזר בן חרסום	Rabbi Elazar b. Charsum	Aramaic	Jewish	Rabbinic	Jerusalem Talmud	Jerusalem Talmud Yoma	Jerusalem Talmud Yoma 3:6:10	https://www.sefaria.org/Jerusalem_Talmud_Yoma.3.6.10	2	sage	personal	attested		Sefaria topics (CC BY-SA) + text: The Jerusalem Talmud, edition by Heinrich W. Guggenheimer. Berlin, De Gruyter, 1999-2015 (CC BY)	0.9
Yehoshua	slug:jewish:yehoshua-b-gamla	Yehoshua b. Gamla		יהושע בן גמלא	Yehoshua b. Gamla	Aramaic	Jewish	Rabbinic	Jerusalem Talmud	Jerusalem Talmud Yoma	Jerusalem Talmud Yoma 3:8:1	https://www.sefaria.org/Jerusalem_Talmud_Yoma.3.8.1	3	sage	personal	attested		Sefaria topics (CC BY-SA) + text: The Jerusalem Talmud, edition by Heinrich W. Guggenheimer. Berlin, De Gruyter, 1999-2015 (CC BY)	0.9
Ben Qatin	slug:jewish:ben-qatin	Ben Qatin		בן קטין	Ben Qatin	Aramaic	Jewish	Rabbinic	Jerusalem Talmud	Jerusalem Talmud Yoma	Jerusalem Talmud Yoma 3:8:1	https://www.sefaria.org/Jerusalem_Talmud_Yoma.3.8.1	4	sage	personal	attested		Sefaria topics (CC BY-SA) + text: The Jerusalem Talmud, edition by Heinrich W. Guggenheimer. Berlin, De Gruyter, 1999-2015 (CC BY)	0.9
Nikanor	slug:jewish:nikanor	Nikanor		ניקנור	Nikanor	Aramaic	Jewish	Rabbinic	Jerusalem Talmud	Jerusalem Talmud Yoma	Jerusalem Talmud Yoma 3:8:1	https://www.sefaria.org/Jerusalem_Talmud_Yoma.3.8.1	7	sage	personal	attested		Sefaria topics (CC BY-SA) + text: The Jerusalem Talmud, edition by Heinrich W. Guggenheimer. Berlin, De Gruyter, 1999-2015 (CC BY)	0.9
Hugdas	slug:jewish:hugdas-b-levi	Hugdas b. Levi		הוּגְדַּס בֶּן לִֵוי	Hugdas b. Levi	Aramaic	Jewish	Rabbinic	Jerusalem Talmud	Jerusalem Talmud Yoma	Jerusalem Talmud Yoma 3:9:1	https://www.sefaria.org/Jerusalem_Talmud_Yoma.3.9.1	3	sage	personal	attested		Sefaria topics (CC BY-SA) + text: The Jerusalem Talmud, edition by Heinrich W. Guggenheimer. Berlin, De Gruyter, 1999-2015 (CC BY)	0.9
Eutinos	slug:jewish:eutinos	Eutinos		אַבְטִינָס	Eutinos	Aramaic	Jewish	Rabbinic	Jerusalem Talmud	Jerusalem Talmud Yoma	Jerusalem Talmud Yoma 3:9:1	https://www.sefaria.org/Jerusalem_Talmud_Yoma.3.9.1	10	sage	personal	attested		Sefaria topics (CC BY-SA) + text: The Jerusalem Talmud, edition by Heinrich W. Guggenheimer. Berlin, De Gruyter, 1999-2015 (CC BY)	0.9
Patroki	slug:jewish:rebbi-patroki-the-brother-of-rebbi-drosa	Rebbi Patroki the brother of Rebbi Drosa		רִבִּי פַּטְרוּקִי אַחֲוָה דְרִבִּי דְּרוֹסָא	Rebbi Patroki the brother of Rebbi Drosa	Aramaic	Jewish	Rabbinic	Jerusalem Talmud	Jerusalem Talmud Yoma	Jerusalem Talmud Yoma 4:4:9	https://www.sefaria.org/Jerusalem_Talmud_Yoma.4.4.9	1	sage	personal	attested		Sefaria topics (CC BY-SA) + text: The Jerusalem Talmud, edition by Heinrich W. Guggenheimer. Berlin, De Gruyter, 1999-2015 (CC BY)	0.9
Isaac Hinena	slug:jewish:rebbi-isaac-hinena-b-isaac	Rebbi Isaac Hinena b. Isaac		רִבִּי יִצְחָק חִינְנָא בַּר יִצְחָק	Rebbi Isaac Hinena b. Isaac	Aramaic	Jewish	Rabbinic	Jerusalem Talmud	Jerusalem Talmud Yoma	Jerusalem Talmud Yoma 4:4:12	https://www.sefaria.org/Jerusalem_Talmud_Yoma.4.4.12	1	sage	personal	attested		Sefaria topics (CC BY-SA) + text: The Jerusalem Talmud, edition by Heinrich W. Guggenheimer. Berlin, De Gruyter, 1999-2015 (CC BY)	0.9
Hananyah	Q982179	Rabbi Hananyah b. Teradyon, 2nd century Jewish rabbi and teacher	boy	רבי חנינה בן תרדיון	Rabbi Hananyah b. Teradyon	Aramaic	Jewish	Rabbinic	Jerusalem Talmud	Jerusalem Talmud Yoma	Jerusalem Talmud Yoma 5:1:3	https://www.sefaria.org/Jerusalem_Talmud_Yoma.5.1.3	2	sage	personal	attested		Sefaria topics (CC BY-SA) + text: The Jerusalem Talmud, edition by Heinrich W. Guggenheimer. Berlin, De Gruyter, 1999-2015 (CC BY)	0.9
Asaph, son of Berachiah	slug:biblical:asaph@1ch.6.39-psa	Asaph, Levite musician	boy	אסף	Asaph, son of Berachiah	Aramaic	Jewish	Rabbinic	Jerusalem Talmud	Jerusalem Talmud Yoma	Jerusalem Talmud Yoma 5:3:3	https://www.sefaria.org/Jerusalem_Talmud_Yoma.5.3.3	2	human	personal	attested		Sefaria topics (CC BY-SA) + text: The Jerusalem Talmud, edition by Heinrich W. Guggenheimer. Berlin, De Gruyter, 1999-2015 (CC BY)	0.9
Borqai	slug:jewish:rebbi-borqai	Rebbi Borqai		רִבִּי בּוֹרְקַי	Rebbi Borqai	Aramaic	Jewish	Rabbinic	Jerusalem Talmud	Jerusalem Talmud Yoma	Jerusalem Talmud Yoma 5:6:9	https://www.sefaria.org/Jerusalem_Talmud_Yoma.5.6.9	3	sage	personal	attested		Sefaria topics (CC BY-SA) + text: The Jerusalem Talmud, edition by Heinrich W. Guggenheimer. Berlin, De Gruyter, 1999-2015 (CC BY)	0.9
Aphes	slug:jewish:rabbi-aphes	Rabbi Aphes, amora	boy	ר אפס	Rabbi Aphes	Aramaic	Jewish	Rabbinic	Jerusalem Talmud	Jerusalem Talmud Yoma	Jerusalem Talmud Yoma 5:7:3	https://www.sefaria.org/Jerusalem_Talmud_Yoma.5.7.3	3	sage	personal	attested		Sefaria topics (CC BY-SA) + text: The Jerusalem Talmud, edition by Heinrich W. Guggenheimer. Berlin, De Gruyter, 1999-2015 (CC BY)	0.9
חוניו	slug:jewish:חוניו	חוניו		נחוניון	חוניו	Aramaic	Jewish	Rabbinic	Jerusalem Talmud	Jerusalem Talmud Yoma	Jerusalem Talmud Yoma 6:3:7	https://www.sefaria.org/Jerusalem_Talmud_Yoma.6.3.7	3	sage	personal	attested		Sefaria topics (CC BY-SA) + text: The Jerusalem Talmud, edition by Heinrich W. Guggenheimer. Berlin, De Gruyter, 1999-2015 (CC BY)	0.9
Eliezer	slug:biblical:eliezer@gen.15.2	Eliezer, Of Damascus	boy	אליעזר	Eliezer	Aramaic	Jewish	Rabbinic	Jerusalem Talmud	Jerusalem Talmud Yoma	Jerusalem Talmud Yoma 6:4:4	https://www.sefaria.org/Jerusalem_Talmud_Yoma.6.4.4	3	human	personal	attested		Sefaria topics (CC BY-SA) + text: The Jerusalem Talmud, edition by Heinrich W. Guggenheimer. Berlin, De Gruyter, 1999-2015 (CC BY)	0.9
Jonathan	slug:jewish:rebbi-jonathan-from-bet-gubrin	Rebbi Jonathan from Bet Gubrin		רִבִּי יוֹנָתָן דְּבֵית גּוּבְרִין	Rebbi Jonathan from Bet Gubrin	Aramaic	Jewish	Rabbinic	Jerusalem Talmud	Jerusalem Talmud Yoma	Jerusalem Talmud Yoma 7:3:4	https://www.sefaria.org/Jerusalem_Talmud_Yoma.7.3.4	4	sage	personal	attested		Sefaria topics (CC BY-SA) + text: The Jerusalem Talmud, edition by Heinrich W. Guggenheimer. Berlin, De Gruyter, 1999-2015 (CC BY)	0.9
Joshua	slug:jewish:rebbi-joshua-b-rebbi-nehemiah	Rebbi Joshua b. Rebbi Nehemiah		רִבִּי יְהוֹשֻׁעַ בֵּירִבִּי נְחֶמְיָה	Rebbi Joshua b. Rebbi Nehemiah	Aramaic	Jewish	Rabbinic	Jerusalem Talmud	Jerusalem Talmud Shekalim	Jerusalem Talmud Shekalim 2:3:5	https://www.sefaria.org/Jerusalem_Talmud_Shekalim.2.3.5	1	sage	personal	attested		Sefaria topics (CC BY-SA) + text: The Jerusalem Talmud, edition by Heinrich W. Guggenheimer. Berlin, De Gruyter, 1999-2015 (CC BY)	0.9
Ben Idi	slug:jewish:ben-idi	Ben Idi		בֶן אִידִי	Ben Idi	Aramaic	Jewish	Rabbinic	Jerusalem Talmud	Jerusalem Talmud Shekalim	Jerusalem Talmud Shekalim 2:5:4	https://www.sefaria.org/Jerusalem_Talmud_Shekalim.2.5.4	1	sage	personal	attested		Sefaria topics (CC BY-SA) + text: The Jerusalem Talmud, edition by Heinrich W. Guggenheimer. Berlin, De Gruyter, 1999-2015 (CC BY)	0.9
Yose	slug:jewish:rebbi-yose-b-bevin	Rebbi Yose b. Bevin		רִבִּי יוֹסֵה בַּר בֵּיבִין	Rebbi Yose b. Bevin	Aramaic	Jewish	Rabbinic	Jerusalem Talmud	Jerusalem Talmud Shekalim	Jerusalem Talmud Shekalim 3:2:4	https://www.sefaria.org/Jerusalem_Talmud_Shekalim.3.2.4	4	sage	personal	attested		Sefaria topics (CC BY-SA) + text: The Jerusalem Talmud, edition by Heinrich W. Guggenheimer. Berlin, De Gruyter, 1999-2015 (CC BY)	0.9
Beva	slug:jewish:rav-beva	Rav Beva		רַב בֵּיבָא	Rav Beva	Aramaic	Jewish	Rabbinic	Jerusalem Talmud	Jerusalem Talmud Shekalim	Jerusalem Talmud Shekalim 3:2:9	https://www.sefaria.org/Jerusalem_Talmud_Shekalim.3.2.9	1	sage	personal	attested		Sefaria topics (CC BY-SA) + text: The Jerusalem Talmud, edition by Heinrich W. Guggenheimer. Berlin, De Gruyter, 1999-2015 (CC BY)	0.9
Senaah	slug:jewish:senaah-b-benjamin	Senaah b. Benjamin		סְנָאָה בֶן בִּנְיָמִן	Senaah b. Benjamin	Aramaic	Jewish	Rabbinic	Jerusalem Talmud	Jerusalem Talmud Shekalim	Jerusalem Talmud Shekalim 4:1:2	https://www.sefaria.org/Jerusalem_Talmud_Shekalim.4.1.2	3	human	personal	attested		Sefaria topics (CC BY-SA) + text: The Jerusalem Talmud, edition by Heinrich W. Guggenheimer. Berlin, De Gruyter, 1999-2015 (CC BY)	0.9
Jehudah Dried Figs	slug:jewish:rebbi-jehudah-dried-figs	Rebbi Jehudah Dried Figs		רבי יהודה גרוגרות	Rebbi Jehudah Dried Figs	Aramaic	Jewish	Rabbinic	Jerusalem Talmud	Jerusalem Talmud Shekalim	Jerusalem Talmud Shekalim 4:2:3	https://www.sefaria.org/Jerusalem_Talmud_Shekalim.4.2.3	2	sage	personal	attested		Sefaria topics (CC BY-SA) + text: The Jerusalem Talmud, edition by Heinrich W. Guggenheimer. Berlin, De Gruyter, 1999-2015 (CC BY)	0.9
Pappeyas	slug:jewish:rabbi-pappeyas	Rabbi Pappeyas, tanna	boy	ר פפייס	Rabbi Pappeyas	Aramaic	Jewish	Rabbinic	Jerusalem Talmud	Jerusalem Talmud Shekalim	Jerusalem Talmud Shekalim 4:4:1	https://www.sefaria.org/Jerusalem_Talmud_Shekalim.4.4.1	2	sage	personal	attested		Sefaria topics (CC BY-SA) + text: The Jerusalem Talmud, edition by Heinrich W. Guggenheimer. Berlin, De Gruyter, 1999-2015 (CC BY)	0.9
Johanan	slug:jewish:johanan-b-phineas	Johanan b. Phineas		יוֹחָנָן בֶּן פִּינְחָס	Johanan b. Phineas	Aramaic	Jewish	Rabbinic	Jerusalem Talmud	Jerusalem Talmud Shekalim	Jerusalem Talmud Shekalim 5:1:1	https://www.sefaria.org/Jerusalem_Talmud_Shekalim.5.1.1	1	sage	personal	attested		Sefaria topics (CC BY-SA) + text: The Jerusalem Talmud, edition by Heinrich W. Guggenheimer. Berlin, De Gruyter, 1999-2015 (CC BY)	0.9
Simeon	slug:jewish:simeon-b-lagos	Simeon b. Lagos		שִׁמְעוֹן בֶּן לוּגה	Simeon b. Lagos	Aramaic	Jewish	Rabbinic	Jerusalem Talmud	Jerusalem Talmud Shekalim	Jerusalem Talmud Shekalim 5:1:21	https://www.sefaria.org/Jerusalem_Talmud_Shekalim.5.1.21	1	sage	personal	attested		Sefaria topics (CC BY-SA) + text: The Jerusalem Talmud, edition by Heinrich W. Guggenheimer. Berlin, De Gruyter, 1999-2015 (CC BY)	0.9
Jehudah	slug:jewish:rebbi-jehudah-b-laqish	Rebbi Jehudah b. Laqish		רבי יהודה בן לקיש	Rebbi Jehudah b. Laqish	Aramaic	Jewish	Rabbinic	Jerusalem Talmud	Jerusalem Talmud Shekalim	Jerusalem Talmud Shekalim 6:1:5	https://www.sefaria.org/Jerusalem_Talmud_Shekalim.6.1.5	3	sage	personal	attested		Sefaria topics (CC BY-SA) + text: The Jerusalem Talmud, edition by Heinrich W. Guggenheimer. Berlin, De Gruyter, 1999-2015 (CC BY)	0.9
Athaliah	Q463934	Athaliah, Queen of Judah	girl	עתליה	Athaliah	Aramaic	Jewish	Rabbinic	Jerusalem Talmud	Jerusalem Talmud Shekalim	Jerusalem Talmud Shekalim 6:1:9	https://www.sefaria.org/Jerusalem_Talmud_Shekalim.6.1.9	3	royal	personal	attested		Sefaria topics (CC BY-SA) + text: The Jerusalem Talmud, edition by Heinrich W. Guggenheimer. Berlin, De Gruyter, 1999-2015 (CC BY)	0.9
Yehu	Q313225	Jehu, Son of Jehoshaphat	boy	יהוא	Yehu	Aramaic	Jewish	Rabbinic	Jerusalem Talmud	Jerusalem Talmud Shekalim	Jerusalem Talmud Shekalim 6:1:9	https://www.sefaria.org/Jerusalem_Talmud_Shekalim.6.1.9	4	royal	personal	attested		Sefaria topics (CC BY-SA) + text: The Jerusalem Talmud, edition by Heinrich W. Guggenheimer. Berlin, De Gruyter, 1999-2015 (CC BY)	0.9
Yehoram (King of Judah)	Q313215	Jehoram, Son of Jehoshaphat	boy	יהורם מלך יהודה	Yehoram (King of Judah)	Aramaic	Jewish	Rabbinic	Jerusalem Talmud	Jerusalem Talmud Shekalim	Jerusalem Talmud Shekalim 6:1:9	https://www.sefaria.org/Jerusalem_Talmud_Shekalim.6.1.9	3	royal	personal	attested		Sefaria topics (CC BY-SA) + text: The Jerusalem Talmud, edition by Heinrich W. Guggenheimer. Berlin, De Gruyter, 1999-2015 (CC BY)	0.9
Zedekiah	Q184273	Zedekiah, Last king of Judah before the Babylonian exile	boy	צדקיהו	Zedekiah	Aramaic	Jewish	Rabbinic	Jerusalem Talmud	Jerusalem Talmud Shekalim	Jerusalem Talmud Shekalim 6:1:10	https://www.sefaria.org/Jerusalem_Talmud_Shekalim.6.1.10	4	royal	personal	attested		Sefaria topics (CC BY-SA) + text: The Jerusalem Talmud, edition by Heinrich W. Guggenheimer. Berlin, De Gruyter, 1999-2015 (CC BY)	0.9
Enos	Q682531	Enos, biblical figure, son of Seth, grandson of Adam and Eve	boy	אנוש	Enos	Aramaic	Jewish	Rabbinic	Jerusalem Talmud	Jerusalem Talmud Shekalim	Jerusalem Talmud Shekalim 6:2:4	https://www.sefaria.org/Jerusalem_Talmud_Shekalim.6.2.4	1	human	personal	attested		Sefaria topics (CC BY-SA) + text: The Jerusalem Talmud, edition by Heinrich W. Guggenheimer. Berlin, De Gruyter, 1999-2015 (CC BY)	0.9
Yoel	slug:biblical:joel@jol.1.1-act	Joel, A prophet of Judah and the author of the Book of Joel	boy	יואל	Yoel	Aramaic	Jewish	Rabbinic	Jerusalem Talmud	Jerusalem Talmud Shekalim	Jerusalem Talmud Shekalim 6:2:6	https://www.sefaria.org/Jerusalem_Talmud_Shekalim.6.2.6	2	prophet	personal	attested		Sefaria topics (CC BY-SA) + text: The Jerusalem Talmud, edition by Heinrich W. Guggenheimer. Berlin, De Gruyter, 1999-2015 (CC BY)	0.9
Jehoiachin	Q319049	Jehoiachin, King of Judah	boy	יהויכין	Jehoiachin	Aramaic	Jewish	Rabbinic	Jerusalem Talmud	Jerusalem Talmud Shekalim	Jerusalem Talmud Shekalim 6:2:7	https://www.sefaria.org/Jerusalem_Talmud_Shekalim.6.2.7	2	royal	personal	attested		Sefaria topics (CC BY-SA) + text: The Jerusalem Talmud, edition by Heinrich W. Guggenheimer. Berlin, De Gruyter, 1999-2015 (CC BY)	0.9
Eleazar	slug:jewish:rebbi-eleazar-b-rebbi-haggai	Rebbi Eleazar b. Rebbi Haggai		רִבִּי לָעְזָר בֵּירִבִּי חַגַּיי	Rebbi Eleazar b. Rebbi Haggai	Aramaic	Jewish	Rabbinic	Jerusalem Talmud	Jerusalem Talmud Shekalim	Jerusalem Talmud Shekalim 7:2:6	https://www.sefaria.org/Jerusalem_Talmud_Shekalim.7.2.6	1	sage	personal	attested		Sefaria topics (CC BY-SA) + text: The Jerusalem Talmud, edition by Heinrich W. Guggenheimer. Berlin, De Gruyter, 1999-2015 (CC BY)	0.9
Shimon	slug:jewish:rabbi-shimon-b-the-assistant-chief-of-priests	Rabbi Shimon b. the assistant chief of priests		רבי שמעון בן הסגן	Rabbi Shimon b. the assistant chief of priests	Aramaic	Jewish	Rabbinic	Jerusalem Talmud	Jerusalem Talmud Shekalim	Jerusalem Talmud Shekalim 8:2:1	https://www.sefaria.org/Jerusalem_Talmud_Shekalim.8.2.1	2	sage	personal	attested		Sefaria topics (CC BY-SA) + text: The Jerusalem Talmud, edition by Heinrich W. Guggenheimer. Berlin, De Gruyter, 1999-2015 (CC BY)	0.9
Helena	slug:jewish:queen-helena	Queen Helena		הֵילֶנֵי הַמַּלְכָּה	Queen Helena	Aramaic	Jewish	Rabbinic	Jerusalem Talmud	Jerusalem Talmud Sukkah	Jerusalem Talmud Sukkah 1:1:3	https://www.sefaria.org/Jerusalem_Talmud_Sukkah.1.1.3	2	sage	personal	attested		Sefaria topics (CC BY-SA) + text: The Jerusalem Talmud, edition by Heinrich W. Guggenheimer. Berlin, De Gruyter, 1999-2015 (CC BY)	0.9
Jacob	slug:jewish:rebbi-jacob-b-abbaya	Rebbi Jacob b. Abbaya		רִבִּי יַעֲקֹב בַּר אַבַּייָא	Rebbi Jacob b. Abbaya	Aramaic	Jewish	Rabbinic	Jerusalem Talmud	Jerusalem Talmud Sukkah	Jerusalem Talmud Sukkah 1:6:3	https://www.sefaria.org/Jerusalem_Talmud_Sukkah.1.6.3	1	sage	personal	attested		Sefaria topics (CC BY-SA) + text: The Jerusalem Talmud, edition by Heinrich W. Guggenheimer. Berlin, De Gruyter, 1999-2015 (CC BY)	0.9
Johanan	slug:jewish:rebbi-johanan-the-scribe-of-gufta	Rebbi Johanan the scribe of Gufta		רִבִּי יוֹחָנָן סַפְרָא דְגוּפְתָּא	Rebbi Johanan the scribe of Gufta	Aramaic	Jewish	Rabbinic	Jerusalem Talmud	Jerusalem Talmud Sukkah	Jerusalem Talmud Sukkah 2:5:2	https://www.sefaria.org/Jerusalem_Talmud_Sukkah.2.5.2	1	sage	personal	attested		Sefaria topics (CC BY-SA) + text: The Jerusalem Talmud, edition by Heinrich W. Guggenheimer. Berlin, De Gruyter, 1999-2015 (CC BY)	0.9
Eudaimon	slug:jewish:rebbi-eudaimon-the-salt-dealer	Rebbi Eudaimon the salt dealer		רִבִּי אֶבְדּוֹמָא מַלָּחָא הֲוָה	Rebbi Eudaimon the salt dealer	Aramaic	Jewish	Rabbinic	Jerusalem Talmud	Jerusalem Talmud Sukkah	Jerusalem Talmud Sukkah 2:5:5	https://www.sefaria.org/Jerusalem_Talmud_Sukkah.2.5.5	2	sage	personal	attested		Sefaria topics (CC BY-SA) + text: The Jerusalem Talmud, edition by Heinrich W. Guggenheimer. Berlin, De Gruyter, 1999-2015 (CC BY)	0.9
Jacob	slug:jewish:rebbi-jacob-b-yafliti	Rebbi Jacob b. Yafliti		רִבִּי יַעֲקֹב בַּר יַפְלִיטִי	Rebbi Jacob b. Yafliti	Aramaic	Jewish	Rabbinic	Jerusalem Talmud	Jerusalem Talmud Sukkah	Jerusalem Talmud Sukkah 2:5:5	https://www.sefaria.org/Jerusalem_Talmud_Sukkah.2.5.5	1	sage	personal	attested		Sefaria topics (CC BY-SA) + text: The Jerusalem Talmud, edition by Heinrich W. Guggenheimer. Berlin, De Gruyter, 1999-2015 (CC BY)	0.9
Mallukh	slug:jewish:rebbi-mallukh	Rebbi Mallukh		רִבִּי מַלּוּךְ	Rebbi Mallukh	Aramaic	Jewish	Rabbinic	Jerusalem Talmud	Jerusalem Talmud Sukkah	Jerusalem Talmud Sukkah 3:1:6	https://www.sefaria.org/Jerusalem_Talmud_Sukkah.3.1.6	2	sage	personal	attested		Sefaria topics (CC BY-SA) + text: The Jerusalem Talmud, edition by Heinrich W. Guggenheimer. Berlin, De Gruyter, 1999-2015 (CC BY)	0.9
Yosef	slug:jewish:rav-yosef-b-rav-menashya-of-dvil	Rav Yosef b. Rav Menashya of D'vil		רב יוסף בריה דרב מנשיא מדויל	Rav Yosef b. Rav Menashya of D'vil	Aramaic	Jewish	Rabbinic	Jerusalem Talmud	Jerusalem Talmud Sukkah	Jerusalem Talmud Sukkah 3:1:8	https://www.sefaria.org/Jerusalem_Talmud_Sukkah.3.1.8	3	sage	personal	attested		Sefaria topics (CC BY-SA) + text: The Jerusalem Talmud, edition by Heinrich W. Guggenheimer. Berlin, De Gruyter, 1999-2015 (CC BY)	0.9
Ketina	slug:jewish:rav-ketina	Rav Ketina, amora	boy	רב קטינא	Rav Ketina	Aramaic	Jewish	Rabbinic	Jerusalem Talmud	Jerusalem Talmud Sukkah	Jerusalem Talmud Sukkah 4:3:3	https://www.sefaria.org/Jerusalem_Talmud_Sukkah.4.3.3	3	sage	personal	attested		Sefaria topics (CC BY-SA) + text: The Jerusalem Talmud, edition by Heinrich W. Guggenheimer. Berlin, De Gruyter, 1999-2015 (CC BY)	0.9
Abba	slug:jewish:rebbi-abba-from-saronga	Rebbi Abba from Saronga		רִבִּי בָּא סָרוֹנְגִייָה	Rebbi Abba from Saronga	Aramaic	Jewish	Rabbinic	Jerusalem Talmud	Jerusalem Talmud Sukkah	Jerusalem Talmud Sukkah 4:3:6	https://www.sefaria.org/Jerusalem_Talmud_Sukkah.4.3.6	1	sage	personal	attested		Sefaria topics (CC BY-SA) + text: The Jerusalem Talmud, edition by Heinrich W. Guggenheimer. Berlin, De Gruyter, 1999-2015 (CC BY)	0.9
Zibai	slug:jewish:rebbi-zibai	Rebbi Zibai		רִבִּי זִיבַיי	Rebbi Zibai	Aramaic	Jewish	Rabbinic	Jerusalem Talmud	Jerusalem Talmud Sukkah	Jerusalem Talmud Sukkah 4:3:6	https://www.sefaria.org/Jerusalem_Talmud_Sukkah.4.3.6	1	sage	personal	attested		Sefaria topics (CC BY-SA) + text: The Jerusalem Talmud, edition by Heinrich W. Guggenheimer. Berlin, De Gruyter, 1999-2015 (CC BY)	0.9
Judah	slug:jewish:rebbi-judah-b-laqqara	Rebbi Judah b. Laqqara		רִבִּי יוּדָה בָּר לַקָּרָה	Rebbi Judah b. Laqqara	Aramaic	Jewish	Rabbinic	Jerusalem Talmud	Jerusalem Talmud Sukkah	Jerusalem Talmud Sukkah 4:6:5	https://www.sefaria.org/Jerusalem_Talmud_Sukkah.4.6.5	1	sage	personal	attested		Sefaria topics (CC BY-SA) + text: The Jerusalem Talmud, edition by Heinrich W. Guggenheimer. Berlin, De Gruyter, 1999-2015 (CC BY)	0.9
Joshua	slug:jewish:rebbi-joshua-the-southerner	Rebbi Joshua the Southerner		רִבִּי יְהוֹשׁוּעַ דְּרוֹמִיָּא	Rebbi Joshua the Southerner	Aramaic	Jewish	Rabbinic	Jerusalem Talmud	Jerusalem Talmud Sukkah	Jerusalem Talmud Sukkah 4:7:3	https://www.sefaria.org/Jerusalem_Talmud_Sukkah.4.7.3	1	sage	personal	attested		Sefaria topics (CC BY-SA) + text: The Jerusalem Talmud, edition by Heinrich W. Guggenheimer. Berlin, De Gruyter, 1999-2015 (CC BY)	0.9
Jehudah	slug:jewish:jehudah-b-nahman	Jehudah b. Nahman		יהוּדָה בַּר נַחְמָן	Jehudah b. Nahman	Aramaic	Jewish	Rabbinic	Jerusalem Talmud	Jerusalem Talmud Sukkah	Jerusalem Talmud Sukkah 5:1:3	https://www.sefaria.org/Jerusalem_Talmud_Sukkah.5.1.3	1	sage	personal	attested		Sefaria topics (CC BY-SA) + text: The Jerusalem Talmud, edition by Heinrich W. Guggenheimer. Berlin, De Gruyter, 1999-2015 (CC BY)	0.9
Asher	Q1775026	Asher, Son of Jacob and Zilpah	boy	אשר	Asher	Aramaic	Jewish	Rabbinic	Jerusalem Talmud	Jerusalem Talmud Sukkah	Jerusalem Talmud Sukkah 5:1:3	https://www.sefaria.org/Jerusalem_Talmud_Sukkah.5.1.3	1	human	personal	attested		Sefaria topics (CC BY-SA) + text: The Jerusalem Talmud, edition by Heinrich W. Guggenheimer. Berlin, De Gruyter, 1999-2015 (CC BY)	0.9
Zevulun	Q614575	Zebulun, Israelite tribe	boy	זבולון	Zevulun	Aramaic	Jewish	Rabbinic	Jerusalem Talmud	Jerusalem Talmud Sukkah	Jerusalem Talmud Sukkah 5:1:3	https://www.sefaria.org/Jerusalem_Talmud_Sukkah.5.1.3	2	human	personal	attested		Sefaria topics (CC BY-SA) + text: The Jerusalem Talmud, edition by Heinrich W. Guggenheimer. Berlin, De Gruyter, 1999-2015 (CC BY)	0.9
Trajanus	slug:jewish:trajanus	Trajanus		טְרַגְייָנוּס	Trajanus	Aramaic	Jewish	Rabbinic	Jerusalem Talmud	Jerusalem Talmud Sukkah	Jerusalem Talmud Sukkah 5:1:4	https://www.sefaria.org/Jerusalem_Talmud_Sukkah.5.1.4	2	sage	personal	attested		Sefaria topics (CC BY-SA) + text: The Jerusalem Talmud, edition by Heinrich W. Guggenheimer. Berlin, De Gruyter, 1999-2015 (CC BY)	0.9
Johanan	slug:jewish:johanan-b-the-bald	Johanan b. the bald		יוֹחָנָן בֶּן קָרֵחַ	Johanan b. the bald	Aramaic	Jewish	Rabbinic	Jerusalem Talmud	Jerusalem Talmud Sukkah	Jerusalem Talmud Sukkah 5:1:5	https://www.sefaria.org/Jerusalem_Talmud_Sukkah.5.1.5	2	human	personal	attested		Sefaria topics (CC BY-SA) + text: The Jerusalem Talmud, edition by Heinrich W. Guggenheimer. Berlin, De Gruyter, 1999-2015 (CC BY)	0.9
Assyria	slug:jewish:ashur	Assyria		אשור	Assyria	Aramaic	Jewish	Rabbinic	Jerusalem Talmud	Jerusalem Talmud Sukkah	Jerusalem Talmud Sukkah 5:1:5	https://www.sefaria.org/Jerusalem_Talmud_Sukkah.5.1.5	5	human	personal	attested		Sefaria topics (CC BY-SA) + text: The Jerusalem Talmud, edition by Heinrich W. Guggenheimer. Berlin, De Gruyter, 1999-2015 (CC BY)	0.9
Eliezer	slug:jewish:rebbi-eliezer-b-dalgai	Rebbi Eliezer b. Dalgai		רַבִּי לִעֶזֶר בֶּן דִּלְגַּיי	Rebbi Eliezer b. Dalgai	Aramaic	Jewish	Rabbinic	Jerusalem Talmud	Jerusalem Talmud Sukkah	Jerusalem Talmud Sukkah 5:3:4	https://www.sefaria.org/Jerusalem_Talmud_Sukkah.5.3.4	1	sage	personal	attested		Sefaria topics (CC BY-SA) + text: The Jerusalem Talmud, edition by Heinrich W. Guggenheimer. Berlin, De Gruyter, 1999-2015 (CC BY)	0.9
Miriam	slug:jewish:miriam-the-daughter-of-bilgah	Miriam, the Daughter of Bilgah		מרים בת בלגה	Miriam, the Daughter of Bilgah	Aramaic	Jewish	Rabbinic	Jerusalem Talmud	Jerusalem Talmud Sukkah	Jerusalem Talmud Sukkah 5:8:6	https://www.sefaria.org/Jerusalem_Talmud_Sukkah.5.8.6	1	sage	personal	attested		Sefaria topics (CC BY-SA) + text: The Jerusalem Talmud, edition by Heinrich W. Guggenheimer. Berlin, De Gruyter, 1999-2015 (CC BY)	0.85
Cyrus	Q8423	Cyrus, Persian Emperor who decreed the rebuilding of the Temple	boy	כורש	Cyrus	Aramaic	Jewish	Rabbinic	Jerusalem Talmud	Jerusalem Talmud Rosh Hashanah	Jerusalem Talmud Rosh Hashanah 1:1:2	https://www.sefaria.org/Jerusalem_Talmud_Rosh_Hashanah.1.1.2	1	royal	personal	attested		Sefaria topics (CC BY-SA) + text: The Jerusalem Talmud, edition by Heinrich W. Guggenheimer. Berlin, De Gruyter, 1999-2015 (CC BY)	0.9
Darius	slug:jewish:darius	Darius		דריוש	Darius	Aramaic	Jewish	Rabbinic	Jerusalem Talmud	Jerusalem Talmud Rosh Hashanah	Jerusalem Talmud Rosh Hashanah 1:1:2	https://www.sefaria.org/Jerusalem_Talmud_Rosh_Hashanah.1.1.2	2	human	personal	attested		Sefaria topics (CC BY-SA) + text: The Jerusalem Talmud, edition by Heinrich W. Guggenheimer. Berlin, De Gruyter, 1999-2015 (CC BY)	0.9
Isaac	slug:jewish:rebbi-isaac-b-qasasata	Rebbi Isaac b. Qasasata		רִבִּי יִצְחָק בַּר קְצָצְתָה	Rebbi Isaac b. Qasasata	Aramaic	Jewish	Rabbinic	Jerusalem Talmud	Jerusalem Talmud Rosh Hashanah	Jerusalem Talmud Rosh Hashanah 1:1:5	https://www.sefaria.org/Jerusalem_Talmud_Rosh_Hashanah.1.1.5	1	sage	personal	attested		Sefaria topics (CC BY-SA) + text: The Jerusalem Talmud, edition by Heinrich W. Guggenheimer. Berlin, De Gruyter, 1999-2015 (CC BY)	0.9
Absalom	Q205372	Absalom, David's rebellious son who tried to usurp the throne	boy	אבשלום	Absalom	Aramaic	Jewish	Rabbinic	Jerusalem Talmud	Jerusalem Talmud Rosh Hashanah	Jerusalem Talmud Rosh Hashanah 1:1:5	https://www.sefaria.org/Jerusalem_Talmud_Rosh_Hashanah.1.1.5	8	human	personal	attested		Sefaria topics (CC BY-SA) + text: The Jerusalem Talmud, edition by Heinrich W. Guggenheimer. Berlin, De Gruyter, 1999-2015 (CC BY)	0.9
Hama	slug:jewish:rebbi-hama-the-colleague-of-the-rabbis	Rebbi Hama the colleague of the rabbis		רִבִּי חָמָא חַבְרֵהוֹן דְּרַבָּנִן	Rebbi Hama the colleague of the rabbis	Aramaic	Jewish	Rabbinic	Jerusalem Talmud	Jerusalem Talmud Rosh Hashanah	Jerusalem Talmud Rosh Hashanah 1:1:13	https://www.sefaria.org/Jerusalem_Talmud_Rosh_Hashanah.1.1.13	3	sage	personal	attested		Sefaria topics (CC BY-SA) + text: The Jerusalem Talmud, edition by Heinrich W. Guggenheimer. Berlin, De Gruyter, 1999-2015 (CC BY)	0.9
Issachar	slug:jewish:rebbi-issachar-from-kefar-mendi	Rebbi Issachar from Kefar-Mendi		רִבִּי יִשֹשָכָר דִּכְפַר מֶנְדִּי	Rebbi Issachar from Kefar-Mendi	Aramaic	Jewish	Rabbinic	Jerusalem Talmud	Jerusalem Talmud Rosh Hashanah	Jerusalem Talmud Rosh Hashanah 1:3:4	https://www.sefaria.org/Jerusalem_Talmud_Rosh_Hashanah.1.3.4	1	sage	personal	attested		Sefaria topics (CC BY-SA) + text: The Jerusalem Talmud, edition by Heinrich W. Guggenheimer. Berlin, De Gruyter, 1999-2015 (CC BY)	0.9
Jehudah	slug:jewish:rebbi-jehudah-the-baker	Rebbi Jehudah the baker		רבי יהודה הנחתום	Rebbi Jehudah the baker	Aramaic	Jewish	Rabbinic	Jerusalem Talmud	Jerusalem Talmud Rosh Hashanah	Jerusalem Talmud Rosh Hashanah 1:5:4	https://www.sefaria.org/Jerusalem_Talmud_Rosh_Hashanah.1.5.4	2	sage	personal	attested		Sefaria topics (CC BY-SA) + text: The Jerusalem Talmud, edition by Heinrich W. Guggenheimer. Berlin, De Gruyter, 1999-2015 (CC BY)	0.9
Tobias	slug:jewish:tobias	Tobias		טוביה	Tobias	Aramaic	Jewish	Rabbinic	Jerusalem Talmud	Jerusalem Talmud Rosh Hashanah	Jerusalem Talmud Rosh Hashanah 1:6:1	https://www.sefaria.org/Jerusalem_Talmud_Rosh_Hashanah.1.6.1	1	human	personal	attested		Sefaria topics (CC BY-SA) + text: The Jerusalem Talmud, edition by Heinrich W. Guggenheimer. Berlin, De Gruyter, 1999-2015 (CC BY)	0.9
Samson	Q214648	Samson, Israelite judge with great strength from God	boy	שמשון	Samson	Aramaic	Jewish	Rabbinic	Jerusalem Talmud	Jerusalem Talmud Rosh Hashanah	Jerusalem Talmud Rosh Hashanah 2:8:2	https://www.sefaria.org/Jerusalem_Talmud_Rosh_Hashanah.2.8.2	8	human	personal	attested		Sefaria topics (CC BY-SA) + text: The Jerusalem Talmud, edition by Heinrich W. Guggenheimer. Berlin, De Gruyter, 1999-2015 (CC BY)	0.9
Shiloh	slug:jewish:rebbi-shiloh-from-kefar-tamarta	Rebbi Shiloh from Kefar-Tamarta		רִבִּי שִׁילֹה דִכְפַר תַּמַּרְתָּה	Rebbi Shiloh from Kefar-Tamarta	Aramaic	Jewish	Rabbinic	Jerusalem Talmud	Jerusalem Talmud Rosh Hashanah	Jerusalem Talmud Rosh Hashanah 2:8:4	https://www.sefaria.org/Jerusalem_Talmud_Rosh_Hashanah.2.8.4	3	sage	personal	attested		Sefaria topics (CC BY-SA) + text: The Jerusalem Talmud, edition by Heinrich W. Guggenheimer. Berlin, De Gruyter, 1999-2015 (CC BY)	0.9
Isaiah	Q188794	Isaiah, Prophet during reigns of Uzziah	boy	ישעיהו	Isaiah	Aramaic	Jewish	Rabbinic	Jerusalem Talmud	Jerusalem Talmud Rosh Hashanah	Jerusalem Talmud Rosh Hashanah 4:7:2	https://www.sefaria.org/Jerusalem_Talmud_Rosh_Hashanah.4.7.2	6	prophet	personal	attested		Sefaria topics (CC BY-SA) + text: The Jerusalem Talmud, edition by Heinrich W. Guggenheimer. Berlin, De Gruyter, 1999-2015 (CC BY)	0.9
Tahlifa	slug:jewish:rebbi-tahlifa-from-caesarea	Rebbi Tahlifa from Caesarea		רִבִּי תַחְלִיפָא קַיסָרִייָא	Rebbi Tahlifa from Caesarea	Aramaic	Jewish	Rabbinic	Jerusalem Talmud	Jerusalem Talmud Rosh Hashanah	Jerusalem Talmud Rosh Hashanah 4:8:3	https://www.sefaria.org/Jerusalem_Talmud_Rosh_Hashanah.4.8.3	4	sage	personal	attested		Sefaria topics (CC BY-SA) + text: The Jerusalem Talmud, edition by Heinrich W. Guggenheimer. Berlin, De Gruyter, 1999-2015 (CC BY)	0.9
Mesharshiya	slug:jewish:rav-mesharshiya	Rav Mesharshiya, amora	boy	רב משרשיא	Rav Mesharshiya	Aramaic	Jewish	Rabbinic	Jerusalem Talmud	Jerusalem Talmud Rosh Hashanah	Jerusalem Talmud Rosh Hashanah 4:8:4	https://www.sefaria.org/Jerusalem_Talmud_Rosh_Hashanah.4.8.4	1	sage	personal	attested		Sefaria topics (CC BY-SA) + text: The Jerusalem Talmud, edition by Heinrich W. Guggenheimer. Berlin, De Gruyter, 1999-2015 (CC BY)	0.9
Jehudah	slug:jewish:jehudah-b-shamuai	Jehudah b. Shamuai		יְהוּדָה בֶּן שַׁמּוּעַיי	Jehudah b. Shamuai	Aramaic	Jewish	Rabbinic	Jerusalem Talmud	Jerusalem Talmud Beitzah	Jerusalem Talmud Beitzah 1:1:8	https://www.sefaria.org/Jerusalem_Talmud_Beitzah.1.1.8	2	sage	personal	attested		Sefaria topics (CC BY-SA) + text: The Jerusalem Talmud, edition by Heinrich W. Guggenheimer. Berlin, De Gruyter, 1999-2015 (CC BY)	0.9
Josadaq	slug:jewish:rebbi-josadaq	Rebbi Josadaq		רִבִּי יוֹצָדָק	Rebbi Josadaq	Aramaic	Jewish	Rabbinic	Jerusalem Talmud	Jerusalem Talmud Beitzah	Jerusalem Talmud Beitzah 1:1:9	https://www.sefaria.org/Jerusalem_Talmud_Beitzah.1.1.9	1	sage	personal	attested		Sefaria topics (CC BY-SA) + text: The Jerusalem Talmud, edition by Heinrich W. Guggenheimer. Berlin, De Gruyter, 1999-2015 (CC BY)	0.9
Eleazar	slug:jewish:rebbi-eleazar-b-rebbi-eleazar	Rebbi Eleazar b. Rebbi Eleazar		רִבִּי לָ‍ֽעְזָר בְּנוֹ שֶׁלְרִבִּי לָ‍ֽעְזָר	Rebbi Eleazar b. Rebbi Eleazar	Aramaic	Jewish	Rabbinic	Jerusalem Talmud	Jerusalem Talmud Beitzah	Jerusalem Talmud Beitzah 1:3:4	https://www.sefaria.org/Jerusalem_Talmud_Beitzah.1.3.4	1	sage	personal	attested		Sefaria topics (CC BY-SA) + text: The Jerusalem Talmud, edition by Heinrich W. Guggenheimer. Berlin, De Gruyter, 1999-2015 (CC BY)	0.9
Hoshaia	slug:jewish:rav-hoshaia-b-rav-isaac	Rav Hoshaia b. Rav Isaac		רַב הוֹשַׁעְיָה בַּר רַב יִצְחָק	Rav Hoshaia b. Rav Isaac	Aramaic	Jewish	Rabbinic	Jerusalem Talmud	Jerusalem Talmud Beitzah	Jerusalem Talmud Beitzah 1:7:4	https://www.sefaria.org/Jerusalem_Talmud_Beitzah.1.7.4	1	sage	personal	attested		Sefaria topics (CC BY-SA) + text: The Jerusalem Talmud, edition by Heinrich W. Guggenheimer. Berlin, De Gruyter, 1999-2015 (CC BY)	0.9
Isaac Gold	slug:jewish:isaac-gold	Isaac Gold		יִצְחָק דִּיהָבָא	Isaac Gold	Aramaic	Jewish	Rabbinic	Jerusalem Talmud	Jerusalem Talmud Beitzah	Jerusalem Talmud Beitzah 1:9:3	https://www.sefaria.org/Jerusalem_Talmud_Beitzah.1.9.3	1	sage	personal	attested		Sefaria topics (CC BY-SA) + text: The Jerusalem Talmud, edition by Heinrich W. Guggenheimer. Berlin, De Gruyter, 1999-2015 (CC BY)	0.9
Immi	slug:jewish:rebbi-immi-the-father-of-rebbi-eudaimon-of-sepphoris	Rebbi Immi, the father of Rebbi Eudaimon of Sepphoris		רִבִּי אִימִּי אָבוֹי דְרִבִּי אֶבְדוֹמָא דִצִיפּוֹרִין	Rebbi Immi, the father of Rebbi Eudaimon of Sepphoris	Aramaic	Jewish	Rabbinic	Jerusalem Talmud	Jerusalem Talmud Beitzah	Jerusalem Talmud Beitzah 1:9:3	https://www.sefaria.org/Jerusalem_Talmud_Beitzah.1.9.3	1	sage	personal	attested		Sefaria topics (CC BY-SA) + text: The Jerusalem Talmud, edition by Heinrich W. Guggenheimer. Berlin, De Gruyter, 1999-2015 (CC BY)	0.9
Kedar	slug:jewish:kedar	Kedar		קדר	Kedar	Aramaic	Jewish	Rabbinic	Jerusalem Talmud	Jerusalem Talmud Beitzah	Jerusalem Talmud Beitzah 2:4:5	https://www.sefaria.org/Jerusalem_Talmud_Beitzah.2.4.5	3	human	personal	attested		Sefaria topics (CC BY-SA) + text: The Jerusalem Talmud, edition by Heinrich W. Guggenheimer. Berlin, De Gruyter, 1999-2015 (CC BY)	0.9
Qiris	slug:jewish:rebbi-qiris-from-irma	Rebbi Qiris from Irma		רִבִּי קִירִיס דְּאִירְמָה	Rebbi Qiris from Irma	Aramaic	Jewish	Rabbinic	Jerusalem Talmud	Jerusalem Talmud Beitzah	Jerusalem Talmud Beitzah 2:8:3	https://www.sefaria.org/Jerusalem_Talmud_Beitzah.2.8.3	1	sage	personal	attested		Sefaria topics (CC BY-SA) + text: The Jerusalem Talmud, edition by Heinrich W. Guggenheimer. Berlin, De Gruyter, 1999-2015 (CC BY)	0.9
Hanin	slug:jewish:rebbi-hanin-b-levi	Rebbi Hanin b. Levi		רִבִּי חָנִין בַּר לֵוִי	Rebbi Hanin b. Levi	Aramaic	Jewish	Rabbinic	Jerusalem Talmud	Jerusalem Talmud Beitzah	Jerusalem Talmud Beitzah 4:1:2	https://www.sefaria.org/Jerusalem_Talmud_Beitzah.4.1.2	1	sage	personal	attested		Sefaria topics (CC BY-SA) + text: The Jerusalem Talmud, edition by Heinrich W. Guggenheimer. Berlin, De Gruyter, 1999-2015 (CC BY)	0.9
Nahum	slug:jewish:rebbi-nahum-the-brother-of-rebbi-ila	Rebbi Nahum the brother of Rebbi Ila		רִבִּי נָחוּם אֲחוֹי דְּרִבִּי אִילָא	Rebbi Nahum the brother of Rebbi Ila	Aramaic	Jewish	Rabbinic	Jerusalem Talmud	Jerusalem Talmud Beitzah	Jerusalem Talmud Beitzah 5:2:16	https://www.sefaria.org/Jerusalem_Talmud_Beitzah.5.2.16	1	sage	personal	attested		Sefaria topics (CC BY-SA) + text: The Jerusalem Talmud, edition by Heinrich W. Guggenheimer. Berlin, De Gruyter, 1999-2015 (CC BY)	0.9
Hanania	slug:jewish:rebbi-hanania-the-brother-of-rav-hoshaia	Rebbi Hanania the brother of Rav Hoshaia		רִבִּי חֲנַנְיָה אֲחוֹי דְּרַב הוֹשַׁעְיָה	Rebbi Hanania the brother of Rav Hoshaia	Aramaic	Jewish	Rabbinic	Jerusalem Talmud	Jerusalem Talmud Taanit	Jerusalem Talmud Taanit 1:2:4	https://www.sefaria.org/Jerusalem_Talmud_Taanit.1.2.4	1	sage	personal	attested		Sefaria topics (CC BY-SA) + text: The Jerusalem Talmud, edition by Heinrich W. Guggenheimer. Berlin, De Gruyter, 1999-2015 (CC BY)	0.85
Yudan	slug:jewish:rebbi-yudan-b-rebbi-hama-of-kefar-tehamin	Rebbi Yudan b. Rebbi Hama of Kefar Tehamin		רִבִּי יוּדָן בִּרֵיהּ דְּרִבִּי חָמָא דִּכְפַר תְּחָמִין	Rebbi Yudan b. Rebbi Hama of Kefar Tehamin	Aramaic	Jewish	Rabbinic	Jerusalem Talmud	Jerusalem Talmud Taanit	Jerusalem Talmud Taanit 1:7:2	https://www.sefaria.org/Jerusalem_Talmud_Taanit.1.7.2	1	sage	personal	attested		Sefaria topics (CC BY-SA) + text: The Jerusalem Talmud, edition by Heinrich W. Guggenheimer. Berlin, De Gruyter, 1999-2015 (CC BY)	0.9
Bevai Abba	slug:jewish:rebbi-bevai-abba	Rebbi Bevai Abba		רִבִּי בֵּיבַי אַבָּא	Rebbi Bevai Abba	Aramaic	Jewish	Rabbinic	Jerusalem Talmud	Jerusalem Talmud Taanit	Jerusalem Talmud Taanit 2:4:2	https://www.sefaria.org/Jerusalem_Talmud_Taanit.2.4.2	1	sage	personal	attested		Sefaria topics (CC BY-SA) + text: The Jerusalem Talmud, edition by Heinrich W. Guggenheimer. Berlin, De Gruyter, 1999-2015 (CC BY)	0.9
Yehuda	slug:jewish:rabbi-yehuda-b-rabbi-shimon	Rabbi Yehuda b. Rabbi Shimon		רבי יהודה בריה דרבי שמעון	Rabbi Yehuda b. Rabbi Shimon	Aramaic	Jewish	Rabbinic	Jerusalem Talmud	Jerusalem Talmud Taanit	Jerusalem Talmud Taanit 2:4:2	https://www.sefaria.org/Jerusalem_Talmud_Taanit.2.4.2	2	sage	personal	attested		Sefaria topics (CC BY-SA) + text: The Jerusalem Talmud, edition by Heinrich W. Guggenheimer. Berlin, De Gruyter, 1999-2015 (CC BY)	0.9
Batsheva	Q272277	Bathsheba, Wife of Uriah	girl	בת שבע	Batsheva	Aramaic	Jewish	Rabbinic	Jerusalem Talmud	Jerusalem Talmud Taanit	Jerusalem Talmud Taanit 2:9:3	https://www.sefaria.org/Jerusalem_Talmud_Taanit.2.9.3	2	human	personal	attested		Sefaria topics (CC BY-SA) + text: The Jerusalem Talmud, edition by Heinrich W. Guggenheimer. Berlin, De Gruyter, 1999-2015 (CC BY)	0.85
Helbo Pappos	slug:jewish:rebbi-helbo-pappos	Rebbi Helbo Pappos		רִבִּי חֶלְבּוֹ פָּפָּא	Rebbi Helbo Pappos	Aramaic	Jewish	Rabbinic	Jerusalem Talmud	Jerusalem Talmud Taanit	Jerusalem Talmud Taanit 3:2:3	https://www.sefaria.org/Jerusalem_Talmud_Taanit.3.2.3	1	sage	personal	attested		Sefaria topics (CC BY-SA) + text: The Jerusalem Talmud, edition by Heinrich W. Guggenheimer. Berlin, De Gruyter, 1999-2015 (CC BY)	0.9
Joshua	slug:jewish:rebbi-joshua-b-yair	Rebbi Joshua b. Yair		רִבִּי יְהוֹשֻׁעַ בֶּן יָאִיר	Rebbi Joshua b. Yair	Aramaic	Jewish	Rabbinic	Jerusalem Talmud	Jerusalem Talmud Taanit	Jerusalem Talmud Taanit 3:4:5	https://www.sefaria.org/Jerusalem_Talmud_Taanit.3.4.5	1	sage	personal	attested		Sefaria topics (CC BY-SA) + text: The Jerusalem Talmud, edition by Heinrich W. Guggenheimer. Berlin, De Gruyter, 1999-2015 (CC BY)	0.9
Shimon haTimni	slug:jewish:shimon-hatimni	Shimon haTimni, tanna	boy	שמעון התימני	Shimon haTimni	Aramaic	Jewish	Rabbinic	Jerusalem Talmud	Jerusalem Talmud Taanit	Jerusalem Talmud Taanit 3:8:1	https://www.sefaria.org/Jerusalem_Talmud_Taanit.3.8.1	4	sage	personal	attested		Sefaria topics (CC BY-SA) + text: The Jerusalem Talmud, edition by Heinrich W. Guggenheimer. Berlin, De Gruyter, 1999-2015 (CC BY)	0.9
Ludah	slug:jewish:rebbi-ludah	Rebbi Ludah		רִבִּי לוּדָה	Rebbi Ludah	Aramaic	Jewish	Rabbinic	Jerusalem Talmud	Jerusalem Talmud Taanit	Jerusalem Talmud Taanit 3:10:4	https://www.sefaria.org/Jerusalem_Talmud_Taanit.3.10.4	1	sage	personal	attested		Sefaria topics (CC BY-SA) + text: The Jerusalem Talmud, edition by Heinrich W. Guggenheimer. Berlin, De Gruyter, 1999-2015 (CC BY)	0.9
Naftali	slug:jewish:rebbi-naftali	Rebbi Naftali		רִבִּי נַפְתָּלִי	Rebbi Naftali	Aramaic	Jewish	Rabbinic	Jerusalem Talmud	Jerusalem Talmud Taanit	Jerusalem Talmud Taanit 4:1:4	https://www.sefaria.org/Jerusalem_Talmud_Taanit.4.1.4	2	sage	personal	attested		Sefaria topics (CC BY-SA) + text: The Jerusalem Talmud, edition by Heinrich W. Guggenheimer. Berlin, De Gruyter, 1999-2015 (CC BY)	0.9
Bar Shelemiah	slug:jewish:bar-shelemiah-the-scribe	Bar Shelemiah the scribe		בַּר שֶׁלֶמְיָה סַפְרָא	Bar Shelemiah the scribe	Aramaic	Jewish	Rabbinic	Jerusalem Talmud	Jerusalem Talmud Taanit	Jerusalem Talmud Taanit 4:1:13	https://www.sefaria.org/Jerusalem_Talmud_Taanit.4.1.13	1	sage	personal	attested		Sefaria topics (CC BY-SA) + text: The Jerusalem Talmud, edition by Heinrich W. Guggenheimer. Berlin, De Gruyter, 1999-2015 (CC BY)	0.9
Itamar	Q1675214	Ithamar, Youngest son of Aaron	boy	איתמר	Itamar	Aramaic	Jewish	Rabbinic	Jerusalem Talmud	Jerusalem Talmud Taanit	Jerusalem Talmud Taanit 4:2:6	https://www.sefaria.org/Jerusalem_Talmud_Taanit.4.2.6	1	human	personal	attested		Sefaria topics (CC BY-SA) + text: The Jerusalem Talmud, edition by Heinrich W. Guggenheimer. Berlin, De Gruyter, 1999-2015 (CC BY)	0.9
Yehoyariv	slug:jewish:yehoyariv	Yehoyariv		יהויריב	Yehoyariv	Aramaic	Jewish	Rabbinic	Jerusalem Talmud	Jerusalem Talmud Taanit	Jerusalem Talmud Taanit 4:2:8	https://www.sefaria.org/Jerusalem_Talmud_Taanit.4.2.8	5	sage	personal	attested		Sefaria topics (CC BY-SA) + text: The Jerusalem Talmud, edition by Heinrich W. Guggenheimer. Berlin, De Gruyter, 1999-2015 (CC BY)	0.9
Ben Yasaf	slug:jewish:ben-yasaf	Ben Yasaf		בֶּן יָצַף	Ben Yasaf	Aramaic	Jewish	Rabbinic	Jerusalem Talmud	Jerusalem Talmud Taanit	Jerusalem Talmud Taanit 4:2:13	https://www.sefaria.org/Jerusalem_Talmud_Taanit.4.2.13	1	sage	personal	attested		Sefaria topics (CC BY-SA) + text: The Jerusalem Talmud, edition by Heinrich W. Guggenheimer. Berlin, De Gruyter, 1999-2015 (CC BY)	0.9
Tsitsit Hakesset	slug:jewish:tsitsit-hakesset	Tsitsit Hakesset		בן ציצית הכסת	Tsitsit Hakesset	Aramaic	Jewish	Rabbinic	Jerusalem Talmud	Jerusalem Talmud Taanit	Jerusalem Talmud Taanit 4:2:13	https://www.sefaria.org/Jerusalem_Talmud_Taanit.4.2.13	1	sage	personal	attested		Sefaria topics (CC BY-SA) + text: The Jerusalem Talmud, edition by Heinrich W. Guggenheimer. Berlin, De Gruyter, 1999-2015 (CC BY)	0.9
Kalva Savua	slug:jewish:kalva-savua	Kalva Savua		כלבא שבוע	Kalva Savua	Aramaic	Jewish	Rabbinic	Jerusalem Talmud	Jerusalem Talmud Taanit	Jerusalem Talmud Taanit 4:2:13	https://www.sefaria.org/Jerusalem_Talmud_Taanit.4.2.13	1	sage	personal	attested		Sefaria topics (CC BY-SA) + text: The Jerusalem Talmud, edition by Heinrich W. Guggenheimer. Berlin, De Gruyter, 1999-2015 (CC BY)	0.9
Shephatya	slug:jewish:shephatya-b-abutal	Shephatya b. Abutal		שְׁפַטְיָה בֶּן אֲבוּטָל	Shephatya b. Abutal	Aramaic	Jewish	Rabbinic	Jerusalem Talmud	Jerusalem Talmud Taanit	Jerusalem Talmud Taanit 4:2:13	https://www.sefaria.org/Jerusalem_Talmud_Taanit.4.2.13	1	human	personal	attested		Sefaria topics (CC BY-SA) + text: The Jerusalem Talmud, edition by Heinrich W. Guggenheimer. Berlin, De Gruyter, 1999-2015 (CC BY)	0.9
Jonadab, the Son of Rechab	Q6176487	Jehonadab, Son of Rechab	boy	יהונדב בן רכב	Jonadab, the Son of Rechab	Aramaic	Jewish	Rabbinic	Jerusalem Talmud	Jerusalem Talmud Taanit	Jerusalem Talmud Taanit 4:2:13	https://www.sefaria.org/Jerusalem_Talmud_Taanit.4.2.13	2	human	personal	attested		Sefaria topics (CC BY-SA) + text: The Jerusalem Talmud, edition by Heinrich W. Guggenheimer. Berlin, De Gruyter, 1999-2015 (CC BY)	0.85
Caleb	Q922184	Caleb, Faithful spy	boy	כלב בן יפונה	Caleb	Aramaic	Jewish	Rabbinic	Jerusalem Talmud	Jerusalem Talmud Taanit	Jerusalem Talmud Taanit 4:2:13	https://www.sefaria.org/Jerusalem_Talmud_Taanit.4.2.13	6	human	personal	attested		Sefaria topics (CC BY-SA) + text: The Jerusalem Talmud, edition by Heinrich W. Guggenheimer. Berlin, De Gruyter, 1999-2015 (CC BY)	0.9
Philippos	slug:jewish:rebbi-philippos-b-protos	Rebbi Philippos b. Protos		רִבִּי פִלִּיפִּי בַּר פְּרוֹטָה	Rebbi Philippos b. Protos	Aramaic	Jewish	Rabbinic	Jerusalem Talmud	Jerusalem Talmud Taanit	Jerusalem Talmud Taanit 4:3:2	https://www.sefaria.org/Jerusalem_Talmud_Taanit.4.3.2	2	sage	personal	attested		Sefaria topics (CC BY-SA) + text: The Jerusalem Talmud, edition by Heinrich W. Guggenheimer. Berlin, De Gruyter, 1999-2015 (CC BY)	0.9
Eleazar	slug:jewish:rebbi-eleazar-from-merom	Rebbi Eleazar from Merom		רִבִּי לָֽעְזָר בַּר מְרוֹם	Rebbi Eleazar from Merom	Aramaic	Jewish	Rabbinic	Jerusalem Talmud	Jerusalem Talmud Taanit	Jerusalem Talmud Taanit 4:3:2	https://www.sefaria.org/Jerusalem_Talmud_Taanit.4.3.2	2	sage	personal	attested		Sefaria topics (CC BY-SA) + text: The Jerusalem Talmud, edition by Heinrich W. Guggenheimer. Berlin, De Gruyter, 1999-2015 (CC BY)	0.9
Amalek	Q16010675	Amalek, Grandson of Esau	boy	עמלק	Amalek	Aramaic	Jewish	Rabbinic	Jerusalem Talmud	Jerusalem Talmud Taanit	Jerusalem Talmud Taanit 4:3:2	https://www.sefaria.org/Jerusalem_Talmud_Taanit.4.3.2	2	human	personal	attested		Sefaria topics (CC BY-SA) + text: The Jerusalem Talmud, edition by Heinrich W. Guggenheimer. Berlin, De Gruyter, 1999-2015 (CC BY)	0.9
Pahat Moab	slug:jewish:pahat-moab	Pahat Moab		פַחַת מוֹאָב	Pahat Moab	Aramaic	Jewish	Rabbinic	Jerusalem Talmud	Jerusalem Talmud Taanit	Jerusalem Talmud Taanit 4:4:1	https://www.sefaria.org/Jerusalem_Talmud_Taanit.4.4.1	1	human	personal	attested		Sefaria topics (CC BY-SA) + text: The Jerusalem Talmud, edition by Heinrich W. Guggenheimer. Berlin, De Gruyter, 1999-2015 (CC BY)	0.9
Yose	slug:jewish:rebbi-yose-b-abbai	Rebbi Yose b. Abbai		רִבִּי יוֹסֵה בַּר אַבַּיי	Rebbi Yose b. Abbai	Aramaic	Jewish	Rabbinic	Jerusalem Talmud	Jerusalem Talmud Taanit	Jerusalem Talmud Taanit 4:5:2	https://www.sefaria.org/Jerusalem_Talmud_Taanit.4.5.2	1	sage	personal	attested		Sefaria topics (CC BY-SA) + text: The Jerusalem Talmud, edition by Heinrich W. Guggenheimer. Berlin, De Gruyter, 1999-2015 (CC BY)	0.9
Gedaliah	Q1497453	Gedaliah, Appointed governor of Judah by Babylonians	boy	גדליה	Gedaliah	Aramaic	Jewish	Rabbinic	Jerusalem Talmud	Jerusalem Talmud Taanit	Jerusalem Talmud Taanit 4:5:4	https://www.sefaria.org/Jerusalem_Talmud_Taanit.4.5.4	2	royal	personal	attested		Sefaria topics (CC BY-SA) + text: The Jerusalem Talmud, edition by Heinrich W. Guggenheimer. Berlin, De Gruyter, 1999-2015 (CC BY)	0.9
Menashe (King of Judah)	Q156328	Manasseh, King of Judah	boy	המלך מנשה	Menashe (King of Judah)	Aramaic	Jewish	Rabbinic	Jerusalem Talmud	Jerusalem Talmud Taanit	Jerusalem Talmud Taanit 4:5:7	https://www.sefaria.org/Jerusalem_Talmud_Taanit.4.5.7	3	royal	personal	attested		Sefaria topics (CC BY-SA) + text: The Jerusalem Talmud, edition by Heinrich W. Guggenheimer. Berlin, De Gruyter, 1999-2015 (CC BY)	0.9
Yohanan	slug:jewish:rabbi-yohanan-b-torta	Rabbi Yohanan b. Torta, tanna	boy	רבי יוחנן בן תורתה	Rabbi Yohanan b. Torta	Aramaic	Jewish	Rabbinic	Jerusalem Talmud	Jerusalem Talmud Taanit	Jerusalem Talmud Taanit 4:5:13	https://www.sefaria.org/Jerusalem_Talmud_Taanit.4.5.13	1	sage	personal	attested		Sefaria topics (CC BY-SA) + text: The Jerusalem Talmud, edition by Heinrich W. Guggenheimer. Berlin, De Gruyter, 1999-2015 (CC BY)	0.9
Elazar haModa'i	slug:jewish:rabbi-elazar-hamodai	Rabbi Elazar haModa'i, tanna	boy	רבי אלעזר המודעי	Rabbi Elazar haModa'i	Aramaic	Jewish	Rabbinic	Jerusalem Talmud	Jerusalem Talmud Taanit	Jerusalem Talmud Taanit 4:5:13	https://www.sefaria.org/Jerusalem_Talmud_Taanit.4.5.13	1	sage	personal	attested		Sefaria topics (CC BY-SA) + text: The Jerusalem Talmud, edition by Heinrich W. Guggenheimer. Berlin, De Gruyter, 1999-2015 (CC BY)	0.9
Zechariah	slug:biblical:zechariah@ezr.5.1-zec	Zechariah, Post-exilic prophet who wrote the book of Zechariah	boy	זכריה	Zechariah	Aramaic	Jewish	Rabbinic	Jerusalem Talmud	Jerusalem Talmud Taanit	Jerusalem Talmud Taanit 4:5:17	https://www.sefaria.org/Jerusalem_Talmud_Taanit.4.5.17	2	prophet	personal	attested		Sefaria topics (CC BY-SA) + text: The Jerusalem Talmud, edition by Heinrich W. Guggenheimer. Berlin, De Gruyter, 1999-2015 (CC BY)	0.9
Joshua	slug:jewish:joshua-b-yehosadaq	Joshua b. Yehosadaq		יְהוֹשֻׁעַ בֶּן יְהוֹצָדָק	Joshua b. Yehosadaq	Aramaic	Jewish	Rabbinic	Jerusalem Talmud	Jerusalem Talmud Taanit	Jerusalem Talmud Taanit 4:5:18	https://www.sefaria.org/Jerusalem_Talmud_Taanit.4.5.18	1	sage	personal	attested		Sefaria topics (CC BY-SA) + text: The Jerusalem Talmud, edition by Heinrich W. Guggenheimer. Berlin, De Gruyter, 1999-2015 (CC BY)	0.9
Hosea, the Son of Elah	Q319038	Hoshea, The last king of Israel	boy	הושע בן אלה	Hosea, the Son of Elah	Aramaic	Jewish	Rabbinic	Jerusalem Talmud	Jerusalem Talmud Taanit	Jerusalem Talmud Taanit 4:7:2	https://www.sefaria.org/Jerusalem_Talmud_Taanit.4.7.2	1	royal	personal	attested		Sefaria topics (CC BY-SA) + text: The Jerusalem Talmud, edition by Heinrich W. Guggenheimer. Berlin, De Gruyter, 1999-2015 (CC BY)	0.9
Ahasuerus	Q1370497	Ahasuerus, Persian Emperor	boy	אחשוורוש	Ahasuerus	Aramaic	Jewish	Rabbinic	Jerusalem Talmud	Jerusalem Talmud Megillah	Jerusalem Talmud Megillah 1:1:4	https://www.sefaria.org/Jerusalem_Talmud_Megillah.1.1.4	2	royal	personal	attested		Sefaria topics (CC BY-SA) + text: The Jerusalem Talmud, edition by Heinrich W. Guggenheimer. Berlin, De Gruyter, 1999-2015 (CC BY)	0.9
Eber, the Son of Shem	Q502282	Eber, Ancestor of Abraham	boy	עבר בן שם	Eber, the Son of Shem	Aramaic	Jewish	Rabbinic	Jerusalem Talmud	Jerusalem Talmud Megillah	Jerusalem Talmud Megillah 1:1:8	https://www.sefaria.org/Jerusalem_Talmud_Megillah.1.1.8	1	human	personal	attested		Sefaria topics (CC BY-SA) + text: The Jerusalem Talmud, edition by Heinrich W. Guggenheimer. Berlin, De Gruyter, 1999-2015 (CC BY)	0.9
Yudan	slug:jewish:rebbi-yudan-from-gezur	Rebbi Yudan from Gezur		רִבִּי יוּדָן גְּזוֹרִי	Rebbi Yudan from Gezur	Aramaic	Jewish	Rabbinic	Jerusalem Talmud	Jerusalem Talmud Megillah	Jerusalem Talmud Megillah 1:5:7	https://www.sefaria.org/Jerusalem_Talmud_Megillah.1.5.7	1	sage	personal	attested		Sefaria topics (CC BY-SA) + text: The Jerusalem Talmud, edition by Heinrich W. Guggenheimer. Berlin, De Gruyter, 1999-2015 (CC BY)	0.9
Yefet	Q200637	Japheth, Son of Noah	boy	יפת	Yefet	Aramaic	Jewish	Rabbinic	Jerusalem Talmud	Jerusalem Talmud Megillah	Jerusalem Talmud Megillah 1:9:2	https://www.sefaria.org/Jerusalem_Talmud_Megillah.1.9.2	1	human	personal	attested		Sefaria topics (CC BY-SA) + text: The Jerusalem Talmud, edition by Heinrich W. Guggenheimer. Berlin, De Gruyter, 1999-2015 (CC BY)	0.9
Tiras	Q1481751	Tiras, Son of Japheth	boy	תירס	Tiras	Aramaic	Jewish	Rabbinic	Jerusalem Talmud	Jerusalem Talmud Megillah	Jerusalem Talmud Megillah 1:9:2	https://www.sefaria.org/Jerusalem_Talmud_Megillah.1.9.2	1	human	personal	attested		Sefaria topics (CC BY-SA) + text: The Jerusalem Talmud, edition by Heinrich W. Guggenheimer. Berlin, De Gruyter, 1999-2015 (CC BY)	0.9
Kittim	Q1743921	Kittim, Biblical group (Genesis 10)		כתים	Kittim	Aramaic	Jewish	Rabbinic	Jerusalem Talmud	Jerusalem Talmud Megillah	Jerusalem Talmud Megillah 1:9:2	https://www.sefaria.org/Jerusalem_Talmud_Megillah.1.9.2	1	human	personal	attested		Sefaria topics (CC BY-SA) + text: The Jerusalem Talmud, edition by Heinrich W. Guggenheimer. Berlin, De Gruyter, 1999-2015 (CC BY)	0.9
Ashkenaz	Q722770	Ashkenaz, Grandson of Japheth	boy	אשכנז	Ashkenaz	Aramaic	Jewish	Rabbinic	Jerusalem Talmud	Jerusalem Talmud Megillah	Jerusalem Talmud Megillah 1:9:2	https://www.sefaria.org/Jerusalem_Talmud_Megillah.1.9.2	1	human	personal	attested		Sefaria topics (CC BY-SA) + text: The Jerusalem Talmud, edition by Heinrich W. Guggenheimer. Berlin, De Gruyter, 1999-2015 (CC BY)	0.9
Elazar	slug:jewish:rabbi-elazar-b-parta	Rabbi Elazar b. Parta, tanna	boy	ר אלעזר בן פרטא	Rabbi Elazar b. Parta	Aramaic	Jewish	Rabbinic	Jerusalem Talmud	Jerusalem Talmud Megillah	Jerusalem Talmud Megillah 1:9:4	https://www.sefaria.org/Jerusalem_Talmud_Megillah.1.9.4	3	sage	personal	attested		Sefaria topics (CC BY-SA) + text: The Jerusalem Talmud, edition by Heinrich W. Guggenheimer. Berlin, De Gruyter, 1999-2015 (CC BY)	0.9
Immi	slug:jewish:rebbi-immi-b-hinena	Rebbi Immi b. Hinena		רִבִּי אִימִּי בַּר חִינְנָא	Rebbi Immi b. Hinena	Aramaic	Jewish	Rabbinic	Jerusalem Talmud	Jerusalem Talmud Megillah	Jerusalem Talmud Megillah 1:9:5	https://www.sefaria.org/Jerusalem_Talmud_Megillah.1.9.5	1	sage	personal	attested		Sefaria topics (CC BY-SA) + text: The Jerusalem Talmud, edition by Heinrich W. Guggenheimer. Berlin, De Gruyter, 1999-2015 (CC BY)	0.9
Ashian	slug:jewish:ashian-b-nidba	Ashian b. Nidba		אֲשֽׁייָאן בַּר נִידְבָּה	Ashian b. Nidba	Aramaic	Jewish	Rabbinic	Jerusalem Talmud	Jerusalem Talmud Megillah	Jerusalem Talmud Megillah 1:9:6	https://www.sefaria.org/Jerusalem_Talmud_Megillah.1.9.6	1	sage	personal	attested		Sefaria topics (CC BY-SA) + text: The Jerusalem Talmud, edition by Heinrich W. Guggenheimer. Berlin, De Gruyter, 1999-2015 (CC BY)	0.9
Ada	slug:jewish:rebbi-ada-b-simeon	Rebbi Ada b. Simeon		רִבִּי אָדָא בַּר שִׁמְעוֹן	Rebbi Ada b. Simeon	Aramaic	Jewish	Rabbinic	Jerusalem Talmud	Jerusalem Talmud Megillah	Jerusalem Talmud Megillah 1:9:7	https://www.sefaria.org/Jerusalem_Talmud_Megillah.1.9.7	2	sage	personal	attested		Sefaria topics (CC BY-SA) + text: The Jerusalem Talmud, edition by Heinrich W. Guggenheimer. Berlin, De Gruyter, 1999-2015 (CC BY)	0.9
Aha	slug:jewish:rebbi-aha-b-rebbi-simeon	Rebbi Aha b. Rebbi Simeon		רִבִּי אָחָא בֵּירִבִּי שִׁמְעוֹן	Rebbi Aha b. Rebbi Simeon	Aramaic	Jewish	Rabbinic	Jerusalem Talmud	Jerusalem Talmud Megillah	Jerusalem Talmud Megillah 1:9:8	https://www.sefaria.org/Jerusalem_Talmud_Megillah.1.9.8	1	sage	personal	attested		Sefaria topics (CC BY-SA) + text: The Jerusalem Talmud, edition by Heinrich W. Guggenheimer. Berlin, De Gruyter, 1999-2015 (CC BY)	0.9
Shesha	slug:jewish:rav-shesha-b-rav-hananel	Rav Shesha b. Rav Hananel		רַב שֶׁשְׁעָה בְרֵיהּ דְּרַב חֲנַנְאֵל	Rav Shesha b. Rav Hananel	Aramaic	Jewish	Rabbinic	Jerusalem Talmud	Jerusalem Talmud Megillah	Jerusalem Talmud Megillah 1:9:10	https://www.sefaria.org/Jerusalem_Talmud_Megillah.1.9.10	1	sage	personal	attested		Sefaria topics (CC BY-SA) + text: The Jerusalem Talmud, edition by Heinrich W. Guggenheimer. Berlin, De Gruyter, 1999-2015 (CC BY)	0.9
Hagra	slug:jewish:hagra-the-brother-of-rebbi-abba-b-bina	Hagra the brother of Rebbi Abba b. Bina		חָֽגְרָא אֲחוֹי דְּרִבִּי בָּא בַּר בִּינָה	Hagra the brother of Rebbi Abba b. Bina	Aramaic	Jewish	Rabbinic	Jerusalem Talmud	Jerusalem Talmud Megillah	Jerusalem Talmud Megillah 1:9:10	https://www.sefaria.org/Jerusalem_Talmud_Megillah.1.9.10	1	sage	personal	attested		Sefaria topics (CC BY-SA) + text: The Jerusalem Talmud, edition by Heinrich W. Guggenheimer. Berlin, De Gruyter, 1999-2015 (CC BY)	0.9
Ptolemy	slug:jewish:king-ptolemy	King Ptolemy		תַלְמַי הַמֶּלֶךְ	King Ptolemy	Aramaic	Jewish	Rabbinic	Jerusalem Talmud	Jerusalem Talmud Megillah	Jerusalem Talmud Megillah 1:9:15	https://www.sefaria.org/Jerusalem_Talmud_Megillah.1.9.15	1	sage	personal	attested		Sefaria topics (CC BY-SA) + text: The Jerusalem Talmud, edition by Heinrich W. Guggenheimer. Berlin, De Gruyter, 1999-2015 (CC BY)	0.9
Micah	slug:biblical:micaiah@1ki.22.8-2ch	Micaiah, A prophet who foretold King Ahab's death	boy	מיכה הנביא	Micah	Aramaic	Jewish	Rabbinic	Jerusalem Talmud	Jerusalem Talmud Megillah	Jerusalem Talmud Megillah 1:9:17	https://www.sefaria.org/Jerusalem_Talmud_Megillah.1.9.17	3	prophet	personal	attested		Sefaria topics (CC BY-SA) + text: The Jerusalem Talmud, edition by Heinrich W. Guggenheimer. Berlin, De Gruyter, 1999-2015 (CC BY)	0.9
Navot	Q44203	Naboth, Jezreelite vineyard owner	boy	נבות	Navot	Aramaic	Jewish	Rabbinic	Jerusalem Talmud	Jerusalem Talmud Megillah	Jerusalem Talmud Megillah 1:9:17	https://www.sefaria.org/Jerusalem_Talmud_Megillah.1.9.17	1	human	personal	attested		Sefaria topics (CC BY-SA) + text: The Jerusalem Talmud, edition by Heinrich W. Guggenheimer. Berlin, De Gruyter, 1999-2015 (CC BY)	0.9
Rebecca	Q226664	Rebekah, Wife of Isaac	girl	רבקה	Rebecca	Aramaic	Jewish	Rabbinic	Jerusalem Talmud	Jerusalem Talmud Megillah	Jerusalem Talmud Megillah 1:11:2	https://www.sefaria.org/Jerusalem_Talmud_Megillah.1.11.2	1	human	personal	attested		Sefaria topics (CC BY-SA) + text: The Jerusalem Talmud, edition by Heinrich W. Guggenheimer. Berlin, De Gruyter, 1999-2015 (CC BY)	0.9
Abel	Q313421	Abel, Adam and Eve's second son	boy	הבל	Abel	Aramaic	Jewish	Rabbinic	Jerusalem Talmud	Jerusalem Talmud Megillah	Jerusalem Talmud Megillah 1:11:5	https://www.sefaria.org/Jerusalem_Talmud_Megillah.1.11.5	4	human	personal	attested		Sefaria topics (CC BY-SA) + text: The Jerusalem Talmud, edition by Heinrich W. Guggenheimer. Berlin, De Gruyter, 1999-2015 (CC BY)	0.9
Yose	slug:jewish:rebbi-yose-b-rebbi-ilay	Rebbi Yose b. Rebbi Ila`y		רִבִּי יוֹסֵה בֵּירִבִּי אֵילָעִאי	Rebbi Yose b. Rebbi Ila`y	Aramaic	Jewish	Rabbinic	Jerusalem Talmud	Jerusalem Talmud Megillah	Jerusalem Talmud Megillah 1:12:3	https://www.sefaria.org/Jerusalem_Talmud_Megillah.1.12.3	1	sage	personal	attested		Sefaria topics (CC BY-SA) + text: The Jerusalem Talmud, edition by Heinrich W. Guggenheimer. Berlin, De Gruyter, 1999-2015 (CC BY)	0.9
Simeon	slug:jewish:rebbi-simeon-b-miasha	Rebbi Simeon b. Miasha		רִבִּי שִׁמְעוֹן בַּר מִייָשָׁא	Rebbi Simeon b. Miasha	Aramaic	Jewish	Rabbinic	Jerusalem Talmud	Jerusalem Talmud Megillah	Jerusalem Talmud Megillah 1:12:5	https://www.sefaria.org/Jerusalem_Talmud_Megillah.1.12.5	1	sage	personal	attested		Sefaria topics (CC BY-SA) + text: The Jerusalem Talmud, edition by Heinrich W. Guggenheimer. Berlin, De Gruyter, 1999-2015 (CC BY)	0.9
Abba Mari	slug:jewish:rebbi-abba-mari-the-babylonian	Rebbi Abba Mari the Babylonian		רִבִּי אַבָּא מָרִי בַּבְלָייָה	Rebbi Abba Mari the Babylonian	Aramaic	Jewish	Rabbinic	Jerusalem Talmud	Jerusalem Talmud Megillah	Jerusalem Talmud Megillah 2:4:4	https://www.sefaria.org/Jerusalem_Talmud_Megillah.2.4.4	1	sage	personal	attested		Sefaria topics (CC BY-SA) + text: The Jerusalem Talmud, edition by Heinrich W. Guggenheimer. Berlin, De Gruyter, 1999-2015 (CC BY)	0.9
Levi	slug:jewish:levi-b-pati	Levi b. Pati		לִֵוי בַּר פָּאטִי	Levi b. Pati	Aramaic	Jewish	Rabbinic	Jerusalem Talmud	Jerusalem Talmud Megillah	Jerusalem Talmud Megillah 3:7:2	https://www.sefaria.org/Jerusalem_Talmud_Megillah.3.7.2	1	sage	personal	attested		Sefaria topics (CC BY-SA) + text: The Jerusalem Talmud, edition by Heinrich W. Guggenheimer. Berlin, De Gruyter, 1999-2015 (CC BY)	0.9
Jonathan	slug:jewish:rebbi-jonathan-the-scribe-of-gufta	Rebbi Jonathan the scribe of Gufta		רִבִּי יוֹנָתָן סַפְרָא דְגוּפְתָּא	Rebbi Jonathan the scribe of Gufta	Aramaic	Jewish	Rabbinic	Jerusalem Talmud	Jerusalem Talmud Megillah	Jerusalem Talmud Megillah 3:7:2	https://www.sefaria.org/Jerusalem_Talmud_Megillah.3.7.2	1	sage	personal	attested		Sefaria topics (CC BY-SA) + text: The Jerusalem Talmud, edition by Heinrich W. Guggenheimer. Berlin, De Gruyter, 1999-2015 (CC BY)	0.9
Deborah	slug:biblical:deborah@jdg.4.4-	Deborah, Prophetess and judge who led Israel to victory over Canaanites	girl	דבורה	Deborah	Aramaic	Jewish	Rabbinic	Jerusalem Talmud	Jerusalem Talmud Megillah	Jerusalem Talmud Megillah 3:7:3	https://www.sefaria.org/Jerusalem_Talmud_Megillah.3.7.3	1	human	personal	attested		Sefaria topics (CC BY-SA) + text: The Jerusalem Talmud, edition by Heinrich W. Guggenheimer. Berlin, De Gruyter, 1999-2015 (CC BY)	0.9
Hiyya	slug:jewish:rebbi-hiyya-b-rebbi-ada-from-yafo	Rebbi Hiyya b. Rebbi Ada from Yafo		רִבִּי חִייָה בְּרֵיהּ דְּרִבִּי אָדָא דְּיָפוֹ	Rebbi Hiyya b. Rebbi Ada from Yafo	Aramaic	Jewish	Rabbinic	Jerusalem Talmud	Jerusalem Talmud Megillah	Jerusalem Talmud Megillah 3:7:4	https://www.sefaria.org/Jerusalem_Talmud_Megillah.3.7.4	2	sage	personal	attested		Sefaria topics (CC BY-SA) + text: The Jerusalem Talmud, edition by Heinrich W. Guggenheimer. Berlin, De Gruyter, 1999-2015 (CC BY)	0.9
Shafan	slug:biblical:shaphan@2ki.22.3-jer	Shaphan, Scribe during the reign of King Josiah	boy	שפן	Shafan	Aramaic	Jewish	Rabbinic	Jerusalem Talmud	Jerusalem Talmud Megillah	Jerusalem Talmud Megillah 4:1:2	https://www.sefaria.org/Jerusalem_Talmud_Megillah.4.1.2	1	human	personal	attested		Sefaria topics (CC BY-SA) + text: The Jerusalem Talmud, edition by Heinrich W. Guggenheimer. Berlin, De Gruyter, 1999-2015 (CC BY)	0.9
Hananiah	slug:jewish:rebbi-hananiah-b-pazi	Rebbi Hananiah b. Pazi		רִבִּי חֲנַנְיָה בֶּן פָּזִי	Rebbi Hananiah b. Pazi	Aramaic	Jewish	Rabbinic	Jerusalem Talmud	Jerusalem Talmud Megillah	Jerusalem Talmud Megillah 4:3:4	https://www.sefaria.org/Jerusalem_Talmud_Megillah.4.3.4	1	sage	personal	attested		Sefaria topics (CC BY-SA) + text: The Jerusalem Talmud, edition by Heinrich W. Guggenheimer. Berlin, De Gruyter, 1999-2015 (CC BY)	0.9
Jehudah	slug:jewish:jehudah-b-tammuza	Jehudah b. Tammuza		יהוּדָה בַּר תַּמּוּזָה	Jehudah b. Tammuza	Aramaic	Jewish	Rabbinic	Jerusalem Talmud	Jerusalem Talmud Megillah	Jerusalem Talmud Megillah 4:5:3	https://www.sefaria.org/Jerusalem_Talmud_Megillah.4.5.3	1	sage	personal	attested		Sefaria topics (CC BY-SA) + text: The Jerusalem Talmud, edition by Heinrich W. Guggenheimer. Berlin, De Gruyter, 1999-2015 (CC BY)	0.9
Simeon Shara	slug:jewish:rebbi-simeon-shara	Rebbi Simeon Shara		רִבִּי שִׁמְעוֹן שָׁרָה	Rebbi Simeon Shara	Aramaic	Jewish	Rabbinic	Jerusalem Talmud	Jerusalem Talmud Megillah	Jerusalem Talmud Megillah 4:5:3	https://www.sefaria.org/Jerusalem_Talmud_Megillah.4.5.3	1	sage	personal	attested		Sefaria topics (CC BY-SA) + text: The Jerusalem Talmud, edition by Heinrich W. Guggenheimer. Berlin, De Gruyter, 1999-2015 (CC BY)	0.9
Simeon	slug:jewish:rebbi-simeon-the-teacher-of-terbenth	Rebbi Simeon, the teacher of Terbenth		רִבִּי שִׁמְעוֹן סַפְרָא דְטֶרְבֶּנְתְ	Rebbi Simeon, the teacher of Terbenth	Aramaic	Jewish	Rabbinic	Jerusalem Talmud	Jerusalem Talmud Megillah	Jerusalem Talmud Megillah 4:5:3	https://www.sefaria.org/Jerusalem_Talmud_Megillah.4.5.3	1	sage	personal	attested		Sefaria topics (CC BY-SA) + text: The Jerusalem Talmud, edition by Heinrich W. Guggenheimer. Berlin, De Gruyter, 1999-2015 (CC BY)	0.9
Mar Uqba	slug:jewish:rebbi-mar-uqba	Rebbi Mar Uqba		רִבִּי מַר עוּקְבָּא	Rebbi Mar Uqba	Aramaic	Jewish	Rabbinic	Jerusalem Talmud	Jerusalem Talmud Megillah	Jerusalem Talmud Megillah 4:11:3	https://www.sefaria.org/Jerusalem_Talmud_Megillah.4.11.3	3	sage	personal	attested		Sefaria topics (CC BY-SA) + text: The Jerusalem Talmud, edition by Heinrich W. Guggenheimer. Berlin, De Gruyter, 1999-2015 (CC BY)	0.9
Jehudah	slug:jewish:jehudah-b-safra	Jehudah b. Safra		יְהוּדָה בַּר סַפְרָא	Jehudah b. Safra	Aramaic	Jewish	Rabbinic	Jerusalem Talmud	Jerusalem Talmud Chagigah	Jerusalem Talmud Chagigah 1:6:2	https://www.sefaria.org/Jerusalem_Talmud_Chagigah.1.6.2	1	sage	personal	attested		Sefaria topics (CC BY-SA) + text: The Jerusalem Talmud, edition by Heinrich W. Guggenheimer. Berlin, De Gruyter, 1999-2015 (CC BY)	0.9
Johanan	slug:jewish:rebbi-johanan-the-brother-of-rav-safra	Rebbi Johanan the brother of Rav Safra		רִבִּי יוֹחָנָן אֲחוֹי דְרַב סַפְרָא	Rebbi Johanan the brother of Rav Safra	Aramaic	Jewish	Rabbinic	Jerusalem Talmud	Jerusalem Talmud Chagigah	Jerusalem Talmud Chagigah 1:6:2	https://www.sefaria.org/Jerusalem_Talmud_Chagigah.1.6.2	1	sage	personal	attested		Sefaria topics (CC BY-SA) + text: The Jerusalem Talmud, edition by Heinrich W. Guggenheimer. Berlin, De Gruyter, 1999-2015 (CC BY)	0.9
Yirmeyah	slug:jewish:rav-yirmeyah-b-abba	Rav Yirmeyah b. Abba, amora	boy	רב ירמיה בר אבא	Rav Yirmeyah b. Abba	Aramaic	Jewish	Rabbinic	Jerusalem Talmud	Jerusalem Talmud Chagigah	Jerusalem Talmud Chagigah 1:8:4	https://www.sefaria.org/Jerusalem_Talmud_Chagigah.1.8.4	2	sage	personal	attested		Sefaria topics (CC BY-SA) + text: The Jerusalem Talmud, edition by Heinrich W. Guggenheimer. Berlin, De Gruyter, 1999-2015 (CC BY)	0.9
Ya'vets	Q1676833	Jabez, More honorable than his brothers	boy	יעבץ	Ya'vets	Aramaic	Jewish	Rabbinic	Jerusalem Talmud	Jerusalem Talmud Chagigah	Jerusalem Talmud Chagigah 2:1:4	https://www.sefaria.org/Jerusalem_Talmud_Chagigah.2.1.4	1	human	personal	attested		Sefaria topics (CC BY-SA) + text: The Jerusalem Talmud, edition by Heinrich W. Guggenheimer. Berlin, De Gruyter, 1999-2015 (CC BY)	0.9
Shimon	slug:jewish:rabbi-shimon-b-netanel	Rabbi Shimon b. Netanel		רבי שמעון בן נתנאל	Rabbi Shimon b. Netanel	Aramaic	Jewish	Rabbinic	Jerusalem Talmud	Jerusalem Talmud Chagigah	Jerusalem Talmud Chagigah 2:1:7	https://www.sefaria.org/Jerusalem_Talmud_Chagigah.2.1.7	1	sage	personal	attested		Sefaria topics (CC BY-SA) + text: The Jerusalem Talmud, edition by Heinrich W. Guggenheimer. Berlin, De Gruyter, 1999-2015 (CC BY)	0.9
Elisha	Q542710	Elisha ben Abuyah, Rabbi of end of Second Temple period	boy	אלישע בן אבויה	Elisha ben Abuyah	Aramaic	Jewish	Rabbinic	Jerusalem Talmud	Jerusalem Talmud Chagigah	Jerusalem Talmud Chagigah 2:1:9	https://www.sefaria.org/Jerusalem_Talmud_Chagigah.2.1.9	2	sage	personal	attested		Sefaria topics (CC BY-SA) + text: The Jerusalem Talmud, edition by Heinrich W. Guggenheimer. Berlin, De Gruyter, 1999-2015 (CC BY)	0.9
Abuya	slug:jewish:abuya	Abuya		אַבּויָה	Abuya	Aramaic	Jewish	Rabbinic	Jerusalem Talmud	Jerusalem Talmud Chagigah	Jerusalem Talmud Chagigah 2:1:10	https://www.sefaria.org/Jerusalem_Talmud_Chagigah.2.1.10	1	sage	personal	attested		Sefaria topics (CC BY-SA) + text: The Jerusalem Talmud, edition by Heinrich W. Guggenheimer. Berlin, De Gruyter, 1999-2015 (CC BY)	0.9
Yehoshua	Q2778130	Yehoshua b. Perachya, Rabbi and Nasi of the Sanhedrin.	boy	יהושע בן פרחיה	Yehoshua b. Perachya	Aramaic	Jewish	Rabbinic	Jerusalem Talmud	Jerusalem Talmud Chagigah	Jerusalem Talmud Chagigah 2:2:1	https://www.sefaria.org/Jerusalem_Talmud_Chagigah.2.2.1	1	sage	personal	attested		Sefaria topics (CC BY-SA) + text: The Jerusalem Talmud, edition by Heinrich W. Guggenheimer. Berlin, De Gruyter, 1999-2015 (CC BY)	0.9
Shemaiah	Q2907313	Shemaiah, Prophet during the reign of Rehoboam	boy	שמעיה	Shemaiah	Aramaic	Jewish	Rabbinic	Jerusalem Talmud	Jerusalem Talmud Chagigah	Jerusalem Talmud Chagigah 2:2:1	https://www.sefaria.org/Jerusalem_Talmud_Chagigah.2.2.1	1	prophet	personal	attested		Sefaria topics (CC BY-SA) + text: The Jerusalem Talmud, edition by Heinrich W. Guggenheimer. Berlin, De Gruyter, 1999-2015 (CC BY)	0.9
Bava	Q2070197	Bava b. Buta, Mishnah rabbi	boy	בבא בן בוטא	Bava b. Buta	Aramaic	Jewish	Rabbinic	Jerusalem Talmud	Jerusalem Talmud Chagigah	Jerusalem Talmud Chagigah 2:3:5	https://www.sefaria.org/Jerusalem_Talmud_Chagigah.2.3.5	1	sage	personal	attested		Sefaria topics (CC BY-SA) + text: The Jerusalem Talmud, edition by Heinrich W. Guggenheimer. Berlin, De Gruyter, 1999-2015 (CC BY)	0.9
Samuel	slug:jewish:rebbi-samuel-the-brother-of-rebbi-hoshaia	Rebbi Samuel the brother of Rebbi Hoshaia		רִבִּי שְׁמוּאֵל אָחוֹי דְּרִבִּי הוֹשַׁעְיָה	Rebbi Samuel the brother of Rebbi Hoshaia	Aramaic	Jewish	Rabbinic	Jerusalem Talmud	Jerusalem Talmud Chagigah	Jerusalem Talmud Chagigah 2:7:2	https://www.sefaria.org/Jerusalem_Talmud_Chagigah.2.7.2	1	sage	personal	attested		Sefaria topics (CC BY-SA) + text: The Jerusalem Talmud, edition by Heinrich W. Guggenheimer. Berlin, De Gruyter, 1999-2015 (CC BY)	0.9
Malachi	slug:jewish:malachi	Malachi		מלאכי	Malachi	Aramaic	Jewish	Rabbinic	Jerusalem Talmud	Jerusalem Talmud Chagigah	Jerusalem Talmud Chagigah 3:8:4	https://www.sefaria.org/Jerusalem_Talmud_Chagigah.3.8.4	3	human	personal	attested		Sefaria topics (CC BY-SA) + text: The Jerusalem Talmud, edition by Heinrich W. Guggenheimer. Berlin, De Gruyter, 1999-2015 (CC BY)	0.9
Phineas	slug:jewish:rebbi-phineas-b-rebbi-zakkai	Rebbi Phineas b. Rebbi Zakkai		רִבִּי פִינְחָס בֵּירִבִּי זַכַּיי	Rebbi Phineas b. Rebbi Zakkai	Aramaic	Jewish	Rabbinic	Jerusalem Talmud	Jerusalem Talmud Moed Katan	Jerusalem Talmud Moed Katan 2:1:4	https://www.sefaria.org/Jerusalem_Talmud_Moed_Katan.2.1.4	1	sage	personal	attested		Sefaria topics (CC BY-SA) + text: The Jerusalem Talmud, edition by Heinrich W. Guggenheimer. Berlin, De Gruyter, 1999-2015 (CC BY)	0.9
Eleazar	slug:jewish:rebbi-eleazar-b-hannad	Rebbi Eleazar b. Hannad		אֶלְעָזָר בֶּן הַנָּד	Rebbi Eleazar b. Hannad	Aramaic	Jewish	Rabbinic	Jerusalem Talmud	Jerusalem Talmud Moed Katan	Jerusalem Talmud Moed Katan 3:1:10	https://www.sefaria.org/Jerusalem_Talmud_Moed_Katan.3.1.10	1	sage	personal	attested		Sefaria topics (CC BY-SA) + text: The Jerusalem Talmud, edition by Heinrich W. Guggenheimer. Berlin, De Gruyter, 1999-2015 (CC BY)	0.85
Hiyya	slug:jewish:rebbi-hiyya-b-rebbi-isaac-from-atoshia	Rebbi Hiyya b. Rebbi Isaac from Atoshia		רִבִּי חִייָה בְּרֵיהּ דְּרִבִּי יְצְחָק עֲטוֹשִׁיָּא	Rebbi Hiyya b. Rebbi Isaac from Atoshia	Aramaic	Jewish	Rabbinic	Jerusalem Talmud	Jerusalem Talmud Moed Katan	Jerusalem Talmud Moed Katan 3:1:13	https://www.sefaria.org/Jerusalem_Talmud_Moed_Katan.3.1.13	3	sage	personal	attested		Sefaria topics (CC BY-SA) + text: The Jerusalem Talmud, edition by Heinrich W. Guggenheimer. Berlin, De Gruyter, 1999-2015 (CC BY)	0.9
Nathan	slug:jewish:rebbi-nathan-b-abba	Rebbi Nathan b. Abba		רבי נתן בר אבא	Rebbi Nathan b. Abba	Aramaic	Jewish	Rabbinic	Jerusalem Talmud	Jerusalem Talmud Moed Katan	Jerusalem Talmud Moed Katan 3:1:16	https://www.sefaria.org/Jerusalem_Talmud_Moed_Katan.3.1.16	1	sage	personal	attested		Sefaria topics (CC BY-SA) + text: The Jerusalem Talmud, edition by Heinrich W. Guggenheimer. Berlin, De Gruyter, 1999-2015 (CC BY)	0.9
Eudaimon	slug:jewish:rebbi-eudaimon-b-tobi	Rebbi Eudaimon b. Tobi		רִבִּי אֶבודַמִי בַּר טוֹבִי	Rebbi Eudaimon b. Tobi	Aramaic	Jewish	Rabbinic	Jerusalem Talmud	Jerusalem Talmud Moed Katan	Jerusalem Talmud Moed Katan 3:5:16	https://www.sefaria.org/Jerusalem_Talmud_Moed_Katan.3.5.16	1	sage	personal	attested		Sefaria topics (CC BY-SA) + text: The Jerusalem Talmud, edition by Heinrich W. Guggenheimer. Berlin, De Gruyter, 1999-2015 (CC BY)	0.9
Yose	slug:jewish:rebbi-yose-b-petrus	Rebbi Yose b. Petrus		רִבִּי יוֹסֵי בַּר פֵּיטְרֻס	Rebbi Yose b. Petrus	Aramaic	Jewish	Rabbinic	Jerusalem Talmud	Jerusalem Talmud Moed Katan	Jerusalem Talmud Moed Katan 3:5:20	https://www.sefaria.org/Jerusalem_Talmud_Moed_Katan.3.5.20	2	sage	personal	attested		Sefaria topics (CC BY-SA) + text: The Jerusalem Talmud, edition by Heinrich W. Guggenheimer. Berlin, De Gruyter, 1999-2015 (CC BY)	0.9
Hanina	slug:jewish:rebbi-hanina-the-brother-of-rebbi-mana	Rebbi Hanina the brother of Rebbi Mana		רִבִּי חֲנִינָה אָחוֹי מֵייתִין	Rebbi Hanina the brother of Rebbi Mana	Aramaic	Jewish	Rabbinic	Jerusalem Talmud	Jerusalem Talmud Moed Katan	Jerusalem Talmud Moed Katan 3:5:21	https://www.sefaria.org/Jerusalem_Talmud_Moed_Katan.3.5.21	1	sage	personal	attested		Sefaria topics (CC BY-SA) + text: The Jerusalem Talmud, edition by Heinrich W. Guggenheimer. Berlin, De Gruyter, 1999-2015 (CC BY)	0.9
Mattun	slug:jewish:rebbi-mattun	Rebbi Mattun		רבי מתון	Rebbi Mattun	Aramaic	Jewish	Rabbinic	Jerusalem Talmud	Jerusalem Talmud Moed Katan	Jerusalem Talmud Moed Katan 3:7:5	https://www.sefaria.org/Jerusalem_Talmud_Moed_Katan.3.7.5	1	sage	personal	attested		Sefaria topics (CC BY-SA) + text: The Jerusalem Talmud, edition by Heinrich W. Guggenheimer. Berlin, De Gruyter, 1999-2015 (CC BY)	0.9
Rabshakeh	Q2920137	Rabshakeh, A Babylonian official who taunted Hezekiah and Jerusalem's people	boy	רבשקה	Rabshakeh	Aramaic	Jewish	Rabbinic	Jerusalem Talmud	Jerusalem Talmud Moed Katan	Jerusalem Talmud Moed Katan 3:7:8	https://www.sefaria.org/Jerusalem_Talmud_Moed_Katan.3.7.8	2	human	personal	attested		Sefaria topics (CC BY-SA) + text: The Jerusalem Talmud, edition by Heinrich W. Guggenheimer. Berlin, De Gruyter, 1999-2015 (CC BY)	0.9
Eudaimon	slug:jewish:rebbi-eudaimon-b-tanhum	Rebbi Eudaimon b. Tanhum		רִבִּי אֶבְדּוּמִי בַּר תַּנְחוּם	Rebbi Eudaimon b. Tanhum	Aramaic	Jewish	Rabbinic	Jerusalem Talmud	Jerusalem Talmud Moed Katan	Jerusalem Talmud Moed Katan 3:8:8	https://www.sefaria.org/Jerusalem_Talmud_Moed_Katan.3.8.8	1	sage	personal	attested		Sefaria topics (CC BY-SA) + text: The Jerusalem Talmud, edition by Heinrich W. Guggenheimer. Berlin, De Gruyter, 1999-2015 (CC BY)	0.9
Isaac	slug:jewish:isaac-b-the-isatis-grower	Isaac b. the isatis grower		יִצְחָק בַּר אִיסָטַייָה	Isaac b. the isatis grower	Aramaic	Jewish	Rabbinic	Jerusalem Talmud	Jerusalem Talmud Yevamot	Jerusalem Talmud Yevamot 1:1:18	https://www.sefaria.org/Jerusalem_Talmud_Yevamot.1.1.18	1	sage	personal	attested		Sefaria topics (CC BY-SA) + text: The Jerusalem Talmud, edition by Heinrich W. Guggenheimer. Berlin, De Gruyter, 1999-2015 (CC BY)	0.9
Abun	slug:jewish:rebbi-abun-b-bisna	Rebbi Abun b. Bisna		רִבִּי אָבוּן בַּר בִּיסנָא	Rebbi Abun b. Bisna	Aramaic	Jewish	Rabbinic	Jerusalem Talmud	Jerusalem Talmud Yevamot	Jerusalem Talmud Yevamot 1:1:24	https://www.sefaria.org/Jerusalem_Talmud_Yevamot.1.1.24	1	sage	personal	attested		Sefaria topics (CC BY-SA) + text: The Jerusalem Talmud, edition by Heinrich W. Guggenheimer. Berlin, De Gruyter, 1999-2015 (CC BY)	0.9
Dosa	slug:jewish:rabbi-dosa-b-harkinas	Rabbi Dosa b. Harkinas, tanna	boy	רבי דוסא בן הרכינס	Rabbi Dosa b. Harkinas	Aramaic	Jewish	Rabbinic	Jerusalem Talmud	Jerusalem Talmud Yevamot	Jerusalem Talmud Yevamot 1:6:5	https://www.sefaria.org/Jerusalem_Talmud_Yevamot.1.6.5	3	sage	personal	attested		Sefaria topics (CC BY-SA) + text: The Jerusalem Talmud, edition by Heinrich W. Guggenheimer. Berlin, De Gruyter, 1999-2015 (CC BY)	0.9
Jonathan	slug:jewish:jonathan	Jonathan		יוֹנָתָן	Jonathan	Aramaic	Jewish	Rabbinic	Jerusalem Talmud	Jerusalem Talmud Yevamot	Jerusalem Talmud Yevamot 1:6:5	https://www.sefaria.org/Jerusalem_Talmud_Yevamot.1.6.5	1	human	personal	attested		Sefaria topics (CC BY-SA) + text: The Jerusalem Talmud, edition by Heinrich W. Guggenheimer. Berlin, De Gruyter, 1999-2015 (CC BY)	0.9
Gechazi	Q977435	Gehazi, Elisha's servant	boy	גחזי	Gechazi	Aramaic	Jewish	Rabbinic	Jerusalem Talmud	Jerusalem Talmud Yevamot	Jerusalem Talmud Yevamot 2:4:3	https://www.sefaria.org/Jerusalem_Talmud_Yevamot.2.4.3	8	human	personal	attested		Sefaria topics (CC BY-SA) + text: The Jerusalem Talmud, edition by Heinrich W. Guggenheimer. Berlin, De Gruyter, 1999-2015 (CC BY)	0.9
Rizpah	slug:jewish:rizpah-the-daughter-of-aiyah	Rizpah, the Daughter of Aiyah		רצפה בת איה	Rizpah, the Daughter of Aiyah	Aramaic	Jewish	Rabbinic	Jerusalem Talmud	Jerusalem Talmud Yevamot	Jerusalem Talmud Yevamot 2:4:9	https://www.sefaria.org/Jerusalem_Talmud_Yevamot.2.4.9	4	human	personal	attested		Sefaria topics (CC BY-SA) + text: The Jerusalem Talmud, edition by Heinrich W. Guggenheimer. Berlin, De Gruyter, 1999-2015 (CC BY)	0.85
Ben-Hadad I	Q816397	Ben-Hadad I, King of Aram Damascus (First Book of Kings)	boy	בן הדד	Ben-Hadad I	Aramaic	Jewish	Rabbinic	Jerusalem Talmud	Jerusalem Talmud Yevamot	Jerusalem Talmud Yevamot 2:6:3	https://www.sefaria.org/Jerusalem_Talmud_Yevamot.2.6.3	3	human	personal	attested		Sefaria topics (CC BY-SA) + text: The Jerusalem Talmud, edition by Heinrich W. Guggenheimer. Berlin, De Gruyter, 1999-2015 (CC BY)	0.9
Mefiboshet	Q851686	Mephibosheth, Son of Jonathan and grandson of King Saul	boy	מפיבושת	Mefiboshet	Aramaic	Jewish	Rabbinic	Jerusalem Talmud	Jerusalem Talmud Yevamot	Jerusalem Talmud Yevamot 2:6:3	https://www.sefaria.org/Jerusalem_Talmud_Yevamot.2.6.3	3	human	personal	attested		Sefaria topics (CC BY-SA) + text: The Jerusalem Talmud, edition by Heinrich W. Guggenheimer. Berlin, De Gruyter, 1999-2015 (CC BY)	0.9
Asa	Q313415	Asa, King of Judah	boy	אסא	Asa	Aramaic	Jewish	Rabbinic	Jerusalem Talmud	Jerusalem Talmud Yevamot	Jerusalem Talmud Yevamot 2:6:3	https://www.sefaria.org/Jerusalem_Talmud_Yevamot.2.6.3	3	royal	personal	attested		Sefaria topics (CC BY-SA) + text: The Jerusalem Talmud, edition by Heinrich W. Guggenheimer. Berlin, De Gruyter, 1999-2015 (CC BY)	0.9
Hoshaia	slug:jewish:rebbi-hoshaia-the-father-of-the-mishnah	Rebbi Hoshaia, the father of the Mishnah		רִבִּי הוֹשַׁעְיָה אָב הַמִּשְׁנָה	Rebbi Hoshaia, the father of the Mishnah	Aramaic	Jewish	Rabbinic	Jerusalem Talmud	Jerusalem Talmud Yevamot	Jerusalem Talmud Yevamot 3:3:2	https://www.sefaria.org/Jerusalem_Talmud_Yevamot.3.3.2	4	sage	personal	attested		Sefaria topics (CC BY-SA) + text: The Jerusalem Talmud, edition by Heinrich W. Guggenheimer. Berlin, De Gruyter, 1999-2015 (CC BY)	0.9
Halaphta	slug:jewish:rebbi-halaphta-from-haifa	Rebbi Halaphta from Haifa		רִבִּי חֲלַפְתָּא דְמִן הוה	Rebbi Halaphta from Haifa	Aramaic	Jewish	Rabbinic	Jerusalem Talmud	Jerusalem Talmud Yevamot	Jerusalem Talmud Yevamot 3:9:3	https://www.sefaria.org/Jerusalem_Talmud_Yevamot.3.9.3	2	sage	personal	attested		Sefaria topics (CC BY-SA) + text: The Jerusalem Talmud, edition by Heinrich W. Guggenheimer. Berlin, De Gruyter, 1999-2015 (CC BY)	0.9
Obed Edom	slug:jewish:obed-edom	Obed Edom		עובד אדום	Obed Edom	Aramaic	Jewish	Rabbinic	Jerusalem Talmud	Jerusalem Talmud Yevamot	Jerusalem Talmud Yevamot 4:12:3	https://www.sefaria.org/Jerusalem_Talmud_Yevamot.4.12.3	1	human	personal	attested		Sefaria topics (CC BY-SA) + text: The Jerusalem Talmud, edition by Heinrich W. Guggenheimer. Berlin, De Gruyter, 1999-2015 (CC BY)	0.9
Marta	slug:jewish:marta-the-daughter-of-boethus	Marta, the Daughter of Boethus		מרתא בת בייתוס	Marta, the Daughter of Boethus	Aramaic	Jewish	Rabbinic	Jerusalem Talmud	Jerusalem Talmud Yevamot	Jerusalem Talmud Yevamot 6:4:1	https://www.sefaria.org/Jerusalem_Talmud_Yevamot.6.4.1	2	sage	personal	attested		Sefaria topics (CC BY-SA) + text: The Jerusalem Talmud, edition by Heinrich W. Guggenheimer. Berlin, De Gruyter, 1999-2015 (CC BY)	0.9
Lemekh	slug:jewish:lemekh	Lemekh		לֶמֶךְ	Lemekh	Aramaic	Jewish	Rabbinic	Jerusalem Talmud	Jerusalem Talmud Yevamot	Jerusalem Talmud Yevamot 6:5:3	https://www.sefaria.org/Jerusalem_Talmud_Yevamot.6.5.3	1	human	personal	attested		Sefaria topics (CC BY-SA) + text: The Jerusalem Talmud, edition by Heinrich W. Guggenheimer. Berlin, De Gruyter, 1999-2015 (CC BY)	0.9
Ada	slug:jewish:ada	Ada		עָדָה	Ada	Aramaic	Jewish	Rabbinic	Jerusalem Talmud	Jerusalem Talmud Yevamot	Jerusalem Talmud Yevamot 6:5:3	https://www.sefaria.org/Jerusalem_Talmud_Yevamot.6.5.3	1	human	personal	attested		Sefaria topics (CC BY-SA) + text: The Jerusalem Talmud, edition by Heinrich W. Guggenheimer. Berlin, De Gruyter, 1999-2015 (CC BY)	0.9
Hushim	slug:jewish:hushim	Hushim		חוּשִׁים	Hushim	Aramaic	Jewish	Rabbinic	Jerusalem Talmud	Jerusalem Talmud Yevamot	Jerusalem Talmud Yevamot 8:3:3	https://www.sefaria.org/Jerusalem_Talmud_Yevamot.8.3.3	1	human	personal	attested		Sefaria topics (CC BY-SA) + text: The Jerusalem Talmud, edition by Heinrich W. Guggenheimer. Berlin, De Gruyter, 1999-2015 (CC BY)	0.9
Ba‘arah	slug:jewish:baarah	Ba‘arah		בַּעֲרָה	Ba‘arah	Aramaic	Jewish	Rabbinic	Jerusalem Talmud	Jerusalem Talmud Yevamot	Jerusalem Talmud Yevamot 8:3:3	https://www.sefaria.org/Jerusalem_Talmud_Yevamot.8.3.3	1	human	personal	attested		Sefaria topics (CC BY-SA) + text: The Jerusalem Talmud, edition by Heinrich W. Guggenheimer. Berlin, De Gruyter, 1999-2015 (CC BY)	0.9
Ruth	Q1774982	Ruth, Moabite woman	girl	רות	Ruth	Aramaic	Jewish	Rabbinic	Jerusalem Talmud	Jerusalem Talmud Yevamot	Jerusalem Talmud Yevamot 8:3:3	https://www.sefaria.org/Jerusalem_Talmud_Yevamot.8.3.3	4	human	personal	attested		Sefaria topics (CC BY-SA) + text: The Jerusalem Talmud, edition by Heinrich W. Guggenheimer. Berlin, De Gruyter, 1999-2015 (CC BY)	0.9
Yeter HaYishmaelit	slug:jewish:yeter-hayishmaelit	Yeter HaYishmaelit		יתר הישמעאלי	Yeter HaYishmaelit	Aramaic	Jewish	Rabbinic	Jerusalem Talmud	Jerusalem Talmud Yevamot	Jerusalem Talmud Yevamot 8:3:4	https://www.sefaria.org/Jerusalem_Talmud_Yevamot.8.3.4	1	human	personal	attested		Sefaria topics (CC BY-SA) + text: The Jerusalem Talmud, edition by Heinrich W. Guggenheimer. Berlin, De Gruyter, 1999-2015 (CC BY)	0.9
Naomi	Q2596433	Naomi, Israelite woman	girl	נעמי	Naomi	Aramaic	Jewish	Rabbinic	Jerusalem Talmud	Jerusalem Talmud Yevamot	Jerusalem Talmud Yevamot 8:3:4	https://www.sefaria.org/Jerusalem_Talmud_Yevamot.8.3.4	2	human	personal	attested		Sefaria topics (CC BY-SA) + text: The Jerusalem Talmud, edition by Heinrich W. Guggenheimer. Berlin, De Gruyter, 1999-2015 (CC BY)	0.9
Samuel	slug:jewish:rebbi-samuel-b-rebbi-yose-b-rebbi-abun	Rebbi Samuel b. Rebbi Yose b. Rebbi Abun, amora	boy	רִבִּי שְׁמוּאֵל בְּרֵיהּ דְּרִבִּי יוֹסֵי בֵּירִבִּי בּוּן	Rebbi Samuel b. Rebbi Yose b. Rebbi Abun	Aramaic	Jewish	Rabbinic	Jerusalem Talmud	Jerusalem Talmud Yevamot	Jerusalem Talmud Yevamot 8:3:8	https://www.sefaria.org/Jerusalem_Talmud_Yevamot.8.3.8	7	sage	personal	attested		Sefaria topics (CC BY-SA) + text: The Jerusalem Talmud, edition by Heinrich W. Guggenheimer. Berlin, De Gruyter, 1999-2015 (CC BY)	0.9
Ben Tziyyon	slug:jewish:ben-tziyyon	Ben Tziyyon		בן ציון	Ben Tziyyon	Aramaic	Jewish	Rabbinic	Jerusalem Talmud	Jerusalem Talmud Yevamot	Jerusalem Talmud Yevamot 8:3:11	https://www.sefaria.org/Jerusalem_Talmud_Yevamot.8.3.11	2	sage	personal	attested		Sefaria topics (CC BY-SA) + text: The Jerusalem Talmud, edition by Heinrich W. Guggenheimer. Berlin, De Gruyter, 1999-2015 (CC BY)	0.9
Yose	slug:jewish:rabbi-yose-b-kippar	Rabbi Yose b. Kippar, tanna	boy	רבי יוסי בן כיפר	Rabbi Yose b. Kippar	Aramaic	Jewish	Rabbinic	Jerusalem Talmud	Jerusalem Talmud Yevamot	Jerusalem Talmud Yevamot 10:1:2	https://www.sefaria.org/Jerusalem_Talmud_Yevamot.10.1.2	4	sage	personal	attested		Sefaria topics (CC BY-SA) + text: The Jerusalem Talmud, edition by Heinrich W. Guggenheimer. Berlin, De Gruyter, 1999-2015 (CC BY)	0.9
The father	slug:jewish:the-father-of-samuel-b-immi	The father of Samuel b. Immi		אָבוֹי דִשְׁמוּאֵל בַּר אִמִּי	The father of Samuel b. Immi	Aramaic	Jewish	Rabbinic	Jerusalem Talmud	Jerusalem Talmud Yevamot	Jerusalem Talmud Yevamot 10:6:6	https://www.sefaria.org/Jerusalem_Talmud_Yevamot.10.6.6	2	sage	personal	attested		Sefaria topics (CC BY-SA) + text: The Jerusalem Talmud, edition by Heinrich W. Guggenheimer. Berlin, De Gruyter, 1999-2015 (CC BY)	0.9
Caleb	slug:jewish:caleb-b-hesron	Caleb b. Hesron		כָּלֵב בֶּן חֶצְרוֹן	Caleb b. Hesron	Aramaic	Jewish	Rabbinic	Jerusalem Talmud	Jerusalem Talmud Yevamot	Jerusalem Talmud Yevamot 10:7:8	https://www.sefaria.org/Jerusalem_Talmud_Yevamot.10.7.8	2	human	personal	attested		Sefaria topics (CC BY-SA) + text: The Jerusalem Talmud, edition by Heinrich W. Guggenheimer. Berlin, De Gruyter, 1999-2015 (CC BY)	0.9
Ahaz	slug:biblical:ahaz@2ki.15.38-mat	Ahaz, King of Judah	boy	אחז	Ahaz	Aramaic	Jewish	Rabbinic	Jerusalem Talmud	Jerusalem Talmud Yevamot	Jerusalem Talmud Yevamot 10:7:8	https://www.sefaria.org/Jerusalem_Talmud_Yevamot.10.7.8	4	royal	personal	attested		Sefaria topics (CC BY-SA) + text: The Jerusalem Talmud, edition by Heinrich W. Guggenheimer. Berlin, De Gruyter, 1999-2015 (CC BY)	0.9
Simeon	slug:jewish:rebbi-simeon-b-rebbi-ayvo	Rebbi Simeon b. Rebbi Ayvo		רִבִּי שִׁמְעוֹן בְּרֵיהּ דְּרִבִּי אַייְבוֹ	Rebbi Simeon b. Rebbi Ayvo	Aramaic	Jewish	Rabbinic	Jerusalem Talmud	Jerusalem Talmud Yevamot	Jerusalem Talmud Yevamot 11:2:6	https://www.sefaria.org/Jerusalem_Talmud_Yevamot.11.2.6	1	sage	personal	attested		Sefaria topics (CC BY-SA) + text: The Jerusalem Talmud, edition by Heinrich W. Guggenheimer. Berlin, De Gruyter, 1999-2015 (CC BY)	0.85
Yokheved	Q594805	Jochebed, Mother of Moses	girl	יוכבד	Yokheved	Aramaic	Jewish	Rabbinic	Jerusalem Talmud	Jerusalem Talmud Yevamot	Jerusalem Talmud Yevamot 11:2:6	https://www.sefaria.org/Jerusalem_Talmud_Yevamot.11.2.6	1	human	personal	attested		Sefaria topics (CC BY-SA) + text: The Jerusalem Talmud, edition by Heinrich W. Guggenheimer. Berlin, De Gruyter, 1999-2015 (CC BY)	0.9
Horkenos	slug:jewish:horkenos	Horkenos (b. R. Eliezer)		הורקנוס (בן רבי אליעזר)	Horkenos (b. R. Eliezer)	Aramaic	Jewish	Rabbinic	Jerusalem Talmud	Jerusalem Talmud Yevamot	Jerusalem Talmud Yevamot 12:6:1	https://www.sefaria.org/Jerusalem_Talmud_Yevamot.12.6.1	1	sage	personal	attested		Sefaria topics (CC BY-SA) + text: The Jerusalem Talmud, edition by Heinrich W. Guggenheimer. Berlin, De Gruyter, 1999-2015 (CC BY)	0.9
Hanina	slug:jewish:rabbi-hanina-b-antigonos	Rabbi Hanina b. Antigonos		רבי חנינא בן אנטיגנוס	Rabbi Hanina b. Antigonos	Aramaic	Jewish	Rabbinic	Jerusalem Talmud	Jerusalem Talmud Yevamot	Jerusalem Talmud Yevamot 13:2:1	https://www.sefaria.org/Jerusalem_Talmud_Yevamot.13.2.1	1	sage	personal	attested		Sefaria topics (CC BY-SA) + text: The Jerusalem Talmud, edition by Heinrich W. Guggenheimer. Berlin, De Gruyter, 1999-2015 (CC BY)	0.9
Elazar haKappar	slug:jewish:rabbi-elazar-hakappar	Rabbi Elazar haKappar, tanna	boy	ר אלעזר הקפר	Rabbi Elazar haKappar	Aramaic	Jewish	Rabbinic	Jerusalem Talmud	Jerusalem Talmud Yevamot	Jerusalem Talmud Yevamot 15:3:7	https://www.sefaria.org/Jerusalem_Talmud_Yevamot.15.3.7	3	sage	personal	attested		Sefaria topics (CC BY-SA) + text: The Jerusalem Talmud, edition by Heinrich W. Guggenheimer. Berlin, De Gruyter, 1999-2015 (CC BY)	0.9
Jonathan	slug:jewish:jonathan-b-johanan-the-lion-from-kefar-shihla	Jonathan b. Johanan the lion from Kefar Shihla		יוֹנָתָן בֶּן יוֹחָנָן אֲרִי מִכְּפַר שִׁיחְלָה	Jonathan b. Johanan the lion from Kefar Shihla	Aramaic	Jewish	Rabbinic	Jerusalem Talmud	Jerusalem Talmud Yevamot	Jerusalem Talmud Yevamot 16:5:5	https://www.sefaria.org/Jerusalem_Talmud_Yevamot.16.5.5	1	sage	personal	attested		Sefaria topics (CC BY-SA) + text: The Jerusalem Talmud, edition by Heinrich W. Guggenheimer. Berlin, De Gruyter, 1999-2015 (CC BY)	0.9
Johanan	slug:jewish:johanan-b-jonathan-the-lion-from-kefar-shihla	Johanan b. Jonathan the lion from Kefar Shihla		יוֹחָנָן בֶּן יוֹנָתָן אֲרִי מִכְּפַר שִׁיחְלָה	Johanan b. Jonathan the lion from Kefar Shihla	Aramaic	Jewish	Rabbinic	Jerusalem Talmud	Jerusalem Talmud Yevamot	Jerusalem Talmud Yevamot 16:5:5	https://www.sefaria.org/Jerusalem_Talmud_Yevamot.16.5.5	1	sage	personal	attested		Sefaria topics (CC BY-SA) + text: The Jerusalem Talmud, edition by Heinrich W. Guggenheimer. Berlin, De Gruyter, 1999-2015 (CC BY)	0.9
Eleazar	slug:jewish:rebbi-eleazar-b-phineas	Rebbi Eleazar b. Phineas		רִבִּי אֶלְעָזָר בֶּן פִּינְחָס	Rebbi Eleazar b. Phineas	Aramaic	Jewish	Rabbinic	Jerusalem Talmud	Jerusalem Talmud Sotah	Jerusalem Talmud Sotah 1:2:7	https://www.sefaria.org/Jerusalem_Talmud_Sotah.1.2.7	1	sage	personal	attested		Sefaria topics (CC BY-SA) + text: The Jerusalem Talmud, edition by Heinrich W. Guggenheimer. Berlin, De Gruyter, 1999-2015 (CC BY)	0.9
Zevadiah	slug:jewish:rebbi-zevadiah-the-son-in-law-of-rebbi-levi	Rebbi Zevadiah , the son-in-law of Rebbi Levi		רִבִּי זְבַדְיָה חַתְנֵיהּ דְּרִבִּי לֵוִי	Rebbi Zevadiah , the son-in-law of Rebbi Levi	Aramaic	Jewish	Rabbinic	Jerusalem Talmud	Jerusalem Talmud Sotah	Jerusalem Talmud Sotah 1:4:3	https://www.sefaria.org/Jerusalem_Talmud_Sotah.1.4.3	1	sage	personal	attested		Sefaria topics (CC BY-SA) + text: The Jerusalem Talmud, edition by Heinrich W. Guggenheimer. Berlin, De Gruyter, 1999-2015 (CC BY)	0.85
Bilhah	Q794991	Bilhah, Rachel's maidservant and mother of Dan and Naphtali	girl	בלהה	Bilhah	Aramaic	Jewish	Rabbinic	Jerusalem Talmud	Jerusalem Talmud Sotah	Jerusalem Talmud Sotah 1:4:4	https://www.sefaria.org/Jerusalem_Talmud_Sotah.1.4.4	1	human	personal	attested		Sefaria topics (CC BY-SA) + text: The Jerusalem Talmud, edition by Heinrich W. Guggenheimer. Berlin, De Gruyter, 1999-2015 (CC BY)	0.9
Pappos	slug:jewish:pappos-b-yehudah	Pappos b. Yehudah, tanna	boy	פפוס בן יהודה	Pappos b. Yehudah	Aramaic	Jewish	Rabbinic	Jerusalem Talmud	Jerusalem Talmud Sotah	Jerusalem Talmud Sotah 1:7:3	https://www.sefaria.org/Jerusalem_Talmud_Sotah.1.7.3	1	sage	personal	attested		Sefaria topics (CC BY-SA) + text: The Jerusalem Talmud, edition by Heinrich W. Guggenheimer. Berlin, De Gruyter, 1999-2015 (CC BY)	0.9
Akaviah	Q585126	Akaviah ben Mehalalel, Jewish religious teacher active 1st century	boy	עקביא בן מהללאל	Akaviah ben Mehalalel	Aramaic	Jewish	Rabbinic	Jerusalem Talmud	Jerusalem Talmud Sotah	Jerusalem Talmud Sotah 2:2:8	https://www.sefaria.org/Jerusalem_Talmud_Sotah.2.2.8	2	sage	personal	attested		Sefaria topics (CC BY-SA) + text: The Jerusalem Talmud, edition by Heinrich W. Guggenheimer. Berlin, De Gruyter, 1999-2015 (CC BY)	0.9
Amnon	Q361636	Amnon, David's firstborn son	boy	אמנון	Amnon	Aramaic	Jewish	Rabbinic	Jerusalem Talmud	Jerusalem Talmud Sotah	Jerusalem Talmud Sotah 3:4:3	https://www.sefaria.org/Jerusalem_Talmud_Sotah.3.4.3	1	human	personal	attested		Sefaria topics (CC BY-SA) + text: The Jerusalem Talmud, edition by Heinrich W. Guggenheimer. Berlin, De Gruyter, 1999-2015 (CC BY)	0.9
Dosa	slug:jewish:rebbi-dosa-from-malhiyya	Rebbi Dosa from Malhiyya		רִבִּי דּוֹסָא מִמַּלְחִיָּא	Rebbi Dosa from Malhiyya	Aramaic	Jewish	Rabbinic	Jerusalem Talmud	Jerusalem Talmud Sotah	Jerusalem Talmud Sotah 3:7:4	https://www.sefaria.org/Jerusalem_Talmud_Sotah.3.7.4	1	sage	personal	attested		Sefaria topics (CC BY-SA) + text: The Jerusalem Talmud, edition by Heinrich W. Guggenheimer. Berlin, De Gruyter, 1999-2015 (CC BY)	0.9
Zechariah	slug:jewish:rabbi-zechariah-b-hakatzav	Rabbi Zechariah b. Hakatzav		רבי זכריה בן הקצב	Rabbi Zechariah b. Hakatzav	Aramaic	Jewish	Rabbinic	Jerusalem Talmud	Jerusalem Talmud Sotah	Jerusalem Talmud Sotah 5:1:1	https://www.sefaria.org/Jerusalem_Talmud_Sotah.5.1.1	4	sage	personal	attested		Sefaria topics (CC BY-SA) + text: The Jerusalem Talmud, edition by Heinrich W. Guggenheimer. Berlin, De Gruyter, 1999-2015 (CC BY)	0.9
Araunah	slug:biblical:ornan@2sa.24.16-2ch	Ornan, Jebusite	boy	ארונה	Araunah	Aramaic	Jewish	Rabbinic	Jerusalem Talmud	Jerusalem Talmud Sotah	Jerusalem Talmud Sotah 5:2:7	https://www.sefaria.org/Jerusalem_Talmud_Sotah.5.2.7	2	human	personal	attested		Sefaria topics (CC BY-SA) + text: The Jerusalem Talmud, edition by Heinrich W. Guggenheimer. Berlin, De Gruyter, 1999-2015 (CC BY)	0.9
Yehoshua	slug:jewish:rabbi-yehoshua-b-hyrcanus	Rabbi Yehoshua b. Hyrcanus		רבי יהושע בן הורקנוס	Rabbi Yehoshua b. Hyrcanus	Aramaic	Jewish	Rabbinic	Jerusalem Talmud	Jerusalem Talmud Sotah	Jerusalem Talmud Sotah 5:5:1	https://www.sefaria.org/Jerusalem_Talmud_Sotah.5.5.1	2	sage	personal	attested		Sefaria topics (CC BY-SA) + text: The Jerusalem Talmud, edition by Heinrich W. Guggenheimer. Berlin, De Gruyter, 1999-2015 (CC BY)	0.9
Elihu	Q471388	Elihu, A young man who spoke to Job	boy	אליהוא	Elihu	Aramaic	Jewish	Rabbinic	Jerusalem Talmud	Jerusalem Talmud Sotah	Jerusalem Talmud Sotah 5:6:3	https://www.sefaria.org/Jerusalem_Talmud_Sotah.5.6.3	1	human	personal	attested		Sefaria topics (CC BY-SA) + text: The Jerusalem Talmud, edition by Heinrich W. Guggenheimer. Berlin, De Gruyter, 1999-2015 (CC BY)	0.9
Laban	Q840401	Laban, Brother of Rebekah	boy	לבן בן בתואל	Laban	Aramaic	Jewish	Rabbinic	Jerusalem Talmud	Jerusalem Talmud Sotah	Jerusalem Talmud Sotah 7:2:2	https://www.sefaria.org/Jerusalem_Talmud_Sotah.7.2.2	4	human	personal	attested		Sefaria topics (CC BY-SA) + text: The Jerusalem Talmud, edition by Heinrich W. Guggenheimer. Berlin, De Gruyter, 1999-2015 (CC BY)	0.9
Betuel	Q1579827	Bethuel, Father of Rebekah	boy	בתואל	Betuel	Aramaic	Jewish	Rabbinic	Jerusalem Talmud	Jerusalem Talmud Sotah	Jerusalem Talmud Sotah 7:2:2	https://www.sefaria.org/Jerusalem_Talmud_Sotah.7.2.2	1	human	personal	attested		Sefaria topics (CC BY-SA) + text: The Jerusalem Talmud, edition by Heinrich W. Guggenheimer. Berlin, De Gruyter, 1999-2015 (CC BY)	0.9
Leah	Q128847	Leah, Wife of Jacob	girl	לאה	Leah	Aramaic	Jewish	Rabbinic	Jerusalem Talmud	Jerusalem Talmud Sotah	Jerusalem Talmud Sotah 7:4:9	https://www.sefaria.org/Jerusalem_Talmud_Sotah.7.4.9	3	human	personal	attested		Sefaria topics (CC BY-SA) + text: The Jerusalem Talmud, edition by Heinrich W. Guggenheimer. Berlin, De Gruyter, 1999-2015 (CC BY)	0.9
Achan	Q1889647	Achan, An Israelite who stole devoted things	boy	עכן	Achan	Aramaic	Jewish	Rabbinic	Jerusalem Talmud	Jerusalem Talmud Sotah	Jerusalem Talmud Sotah 7:5:6	https://www.sefaria.org/Jerusalem_Talmud_Sotah.7.5.6	4	human	personal	attested		Sefaria topics (CC BY-SA) + text: The Jerusalem Talmud, edition by Heinrich W. Guggenheimer. Berlin, De Gruyter, 1999-2015 (CC BY)	0.9
Goliath	Q192785	Goliath, Philistine warrior	boy	גלית	Goliath	Aramaic	Jewish	Rabbinic	Jerusalem Talmud	Jerusalem Talmud Sotah	Jerusalem Talmud Sotah 8:3:1	https://www.sefaria.org/Jerusalem_Talmud_Sotah.8.3.1	2	human	personal	attested		Sefaria topics (CC BY-SA) + text: The Jerusalem Talmud, edition by Heinrich W. Guggenheimer. Berlin, De Gruyter, 1999-2015 (CC BY)	0.9
Phineas	slug:jewish:rebbi-phineas-b-rebbi-abun	Rebbi Phineas b. Rebbi Abun		רִבִּי פִינְחָס בֵּירִבִּי בּוּן	Rebbi Phineas b. Rebbi Abun	Aramaic	Jewish	Rabbinic	Jerusalem Talmud	Jerusalem Talmud Sotah	Jerusalem Talmud Sotah 9:1:4	https://www.sefaria.org/Jerusalem_Talmud_Sotah.9.1.4	1	sage	personal	attested		Sefaria topics (CC BY-SA) + text: The Jerusalem Talmud, edition by Heinrich W. Guggenheimer. Berlin, De Gruyter, 1999-2015 (CC BY)	0.9
Shelah	Q1294423	Shelah, biblical character; third son of Judah	boy	שלה	Shelah	Aramaic	Jewish	Rabbinic	Jerusalem Talmud	Jerusalem Talmud Sotah	Jerusalem Talmud Sotah 9:6:3	https://www.sefaria.org/Jerusalem_Talmud_Sotah.9.6.3	1	human	personal	attested		Sefaria topics (CC BY-SA) + text: The Jerusalem Talmud, edition by Heinrich W. Guggenheimer. Berlin, De Gruyter, 1999-2015 (CC BY)	0.9
Eliezer	slug:jewish:eliezer-ben-dinai	Eliezer ben Dinai		אליעזר בן דינאי	Eliezer ben Dinai	Aramaic	Jewish	Rabbinic	Jerusalem Talmud	Jerusalem Talmud Sotah	Jerusalem Talmud Sotah 9:8:1	https://www.sefaria.org/Jerusalem_Talmud_Sotah.9.8.1	1	sage	personal	attested		Sefaria topics (CC BY-SA) + text: The Jerusalem Talmud, edition by Heinrich W. Guggenheimer. Berlin, De Gruyter, 1999-2015 (CC BY)	0.9
Barukh ben Neriah	Q599907	Baruch, Jeremiah's scribe who recorded and delivered his prophecies	boy	ברוך בן נריה	Barukh ben Neriah	Aramaic	Jewish	Rabbinic	Jerusalem Talmud	Jerusalem Talmud Sotah	Jerusalem Talmud Sotah 9:13:2	https://www.sefaria.org/Jerusalem_Talmud_Sotah.9.13.2	3	human	personal	attested		Sefaria topics (CC BY-SA) + text: The Jerusalem Talmud, edition by Heinrich W. Guggenheimer. Berlin, De Gruyter, 1999-2015 (CC BY)	0.9
Titus	slug:jewish:titus	Titus		טיטוס	Titus	Aramaic	Jewish	Rabbinic	Jerusalem Talmud	Jerusalem Talmud Sotah	Jerusalem Talmud Sotah 9:15:1	https://www.sefaria.org/Jerusalem_Talmud_Sotah.9.15.1	1	sage	personal	attested		Sefaria topics (CC BY-SA) + text: The Jerusalem Talmud, edition by Heinrich W. Guggenheimer. Berlin, De Gruyter, 1999-2015 (CC BY)	0.9
Aspasyanos	slug:jewish:aspasyanos	Aspasyanos		אספסינוס	Aspasyanos	Aramaic	Jewish	Rabbinic	Jerusalem Talmud	Jerusalem Talmud Sotah	Jerusalem Talmud Sotah 9:15:1	https://www.sefaria.org/Jerusalem_Talmud_Sotah.9.15.1	1	sage	personal	attested		Sefaria topics (CC BY-SA) + text: The Jerusalem Talmud, edition by Heinrich W. Guggenheimer. Berlin, De Gruyter, 1999-2015 (CC BY)	0.9
Jeremiah	slug:jewish:rav-jeremiah-of-ibeb	Rav Jeremiah of Šibšeb		רַב יִרְמְיָה שִׁיבְּשֵׁב	Rav Jeremiah of Šibšeb	Aramaic	Jewish	Rabbinic	Jerusalem Talmud	Jerusalem Talmud Sotah	Jerusalem Talmud Sotah 9:15:2	https://www.sefaria.org/Jerusalem_Talmud_Sotah.9.15.2	1	sage	personal	attested		Sefaria topics (CC BY-SA) + text: The Jerusalem Talmud, edition by Heinrich W. Guggenheimer. Berlin, De Gruyter, 1999-2015 (CC BY)	0.9
Pazi	slug:jewish:rebbi-pazi	Rebbi Pazi		פזי	Rebbi Pazi	Aramaic	Jewish	Rabbinic	Jerusalem Talmud	Jerusalem Talmud Sotah	Jerusalem Talmud Sotah 9:16:3	https://www.sefaria.org/Jerusalem_Talmud_Sotah.9.16.3	2	sage	personal	attested		Sefaria topics (CC BY-SA) + text: The Jerusalem Talmud, edition by Heinrich W. Guggenheimer. Berlin, De Gruyter, 1999-2015 (CC BY)	0.9
Yudan	slug:jewish:rebbi-yudan-b-rav-hama	Rebbi Yudan b. Rav Hama		רִבִּי יוּדָן בְּרֵיהּ דְּרַב חָמָא	Rebbi Yudan b. Rav Hama	Aramaic	Jewish	Rabbinic	Jerusalem Talmud	Jerusalem Talmud Ketubot	Jerusalem Talmud Ketubot 2:9:3	https://www.sefaria.org/Jerusalem_Talmud_Ketubot.2.9.3	1	sage	personal	attested		Sefaria topics (CC BY-SA) + text: The Jerusalem Talmud, edition by Heinrich W. Guggenheimer. Berlin, De Gruyter, 1999-2015 (CC BY)	0.9
Hama	slug:jewish:rav-hama-b-ashi	Rav Hama b. Ashi		רַב חָמָא בַּר אַשִּׁי	Rav Hama b. Ashi	Aramaic	Jewish	Rabbinic	Jerusalem Talmud	Jerusalem Talmud Ketubot	Jerusalem Talmud Ketubot 2:9:4	https://www.sefaria.org/Jerusalem_Talmud_Ketubot.2.9.4	1	sage	personal	attested		Sefaria topics (CC BY-SA) + text: The Jerusalem Talmud, edition by Heinrich W. Guggenheimer. Berlin, De Gruyter, 1999-2015 (CC BY)	0.85
Gamliel	slug:jewish:rebbi-gamliel-b-avina	Rebbi Gamliel b. Avina		רִבִּי גַמְלִיאֵל בֵּירִבִּי אֲבִינָה	Rebbi Gamliel b. Avina	Aramaic	Jewish	Rabbinic	Jerusalem Talmud	Jerusalem Talmud Ketubot	Jerusalem Talmud Ketubot 3:10:2	https://www.sefaria.org/Jerusalem_Talmud_Ketubot.3.10.2	1	sage	personal	attested		Sefaria topics (CC BY-SA) + text: The Jerusalem Talmud, edition by Heinrich W. Guggenheimer. Berlin, De Gruyter, 1999-2015 (CC BY)	0.9
Yudan	slug:jewish:rebbi-yudan-the-father-of-rebbi-judah-the-father-of-rebbi-mattaniah	Rebbi Yudan, the father of Rebbi Judah the father of Rebbi Mattaniah		רִבִּי יוּדָן אָבוֹי דְּרִבִי יוּדָה אָבוֹי דְרִבִּי מַתַּנְיָה	Rebbi Yudan, the father of Rebbi Judah the father of Rebbi Mattaniah	Aramaic	Jewish	Rabbinic	Jerusalem Talmud	Jerusalem Talmud Ketubot	Jerusalem Talmud Ketubot 4:1:4	https://www.sefaria.org/Jerusalem_Talmud_Ketubot.4.1.4	1	sage	personal	attested		Sefaria topics (CC BY-SA) + text: The Jerusalem Talmud, edition by Heinrich W. Guggenheimer. Berlin, De Gruyter, 1999-2015 (CC BY)	0.9
Abime	slug:jewish:abime-b-pappai	Abime b. Pappai		אבימי בר פפי	Abime b. Pappai	Aramaic	Jewish	Rabbinic	Jerusalem Talmud	Jerusalem Talmud Ketubot	Jerusalem Talmud Ketubot 4:2:3	https://www.sefaria.org/Jerusalem_Talmud_Ketubot.4.2.3	3	sage	personal	attested		Sefaria topics (CC BY-SA) + text: The Jerusalem Talmud, edition by Heinrich W. Guggenheimer. Berlin, De Gruyter, 1999-2015 (CC BY)	0.9
Zakkai	slug:jewish:rebbi-zakkai-of-alexandria	Rebbi Zakkai of Alexandria		רִבִּי זַכַּאי דַּאֲלֶכְסַנְדְּרִיאָה	Rebbi Zakkai of Alexandria	Aramaic	Jewish	Rabbinic	Jerusalem Talmud	Jerusalem Talmud Ketubot	Jerusalem Talmud Ketubot 4:6:3	https://www.sefaria.org/Jerusalem_Talmud_Ketubot.4.6.3	2	sage	personal	attested		Sefaria topics (CC BY-SA) + text: The Jerusalem Talmud, edition by Heinrich W. Guggenheimer. Berlin, De Gruyter, 1999-2015 (CC BY)	0.9
Hiyya	slug:jewish:rebbi-hiyya-b-aha	Rebbi Hiyya b. Aha		רִבִּי חִייָה בַר אָחָא	Rebbi Hiyya b. Aha	Aramaic	Jewish	Rabbinic	Jerusalem Talmud	Jerusalem Talmud Ketubot	Jerusalem Talmud Ketubot 4:10:2	https://www.sefaria.org/Jerusalem_Talmud_Ketubot.4.10.2	1	sage	personal	attested		Sefaria topics (CC BY-SA) + text: The Jerusalem Talmud, edition by Heinrich W. Guggenheimer. Berlin, De Gruyter, 1999-2015 (CC BY)	0.9
Alexis	slug:jewish:rebbi-alexis	Rebbi Alexis		רִבִי אַלֶכְסָא	Rebbi Alexis	Aramaic	Jewish	Rabbinic	Jerusalem Talmud	Jerusalem Talmud Ketubot	Jerusalem Talmud Ketubot 5:1:6	https://www.sefaria.org/Jerusalem_Talmud_Ketubot.5.1.6	1	sage	personal	attested		Sefaria topics (CC BY-SA) + text: The Jerusalem Talmud, edition by Heinrich W. Guggenheimer. Berlin, De Gruyter, 1999-2015 (CC BY)	0.9
Yose	slug:jewish:rebbi-yose-b-zeira	Rebbi Yose b. Ze‘ira		רִבִּי יוֹסָה רִבִּי זְעִירָא	Rebbi Yose b. Ze‘ira	Aramaic	Jewish	Rabbinic	Jerusalem Talmud	Jerusalem Talmud Ketubot	Jerusalem Talmud Ketubot 5:1:6	https://www.sefaria.org/Jerusalem_Talmud_Ketubot.5.1.6	2	sage	personal	attested		Sefaria topics (CC BY-SA) + text: The Jerusalem Talmud, edition by Heinrich W. Guggenheimer. Berlin, De Gruyter, 1999-2015 (CC BY)	0.9
Hiyya	slug:jewish:rebbi-hiyya-b-jehudah	Rebbi Hiyya b. Jehudah		רִבִּי חִייָה בַּר יוּדָה	Rebbi Hiyya b. Jehudah	Aramaic	Jewish	Rabbinic	Jerusalem Talmud	Jerusalem Talmud Ketubot	Jerusalem Talmud Ketubot 5:6:5	https://www.sefaria.org/Jerusalem_Talmud_Ketubot.5.6.5	1	sage	personal	attested		Sefaria topics (CC BY-SA) + text: The Jerusalem Talmud, edition by Heinrich W. Guggenheimer. Berlin, De Gruyter, 1999-2015 (CC BY)	0.9
Judah	slug:jewish:rebbi-judah-b-rebbi-abun	Rebbi Judah b. Rebbi Abun		רִבִּי יוּדָה בֵירִבִּי בּוּן	Rebbi Judah b. Rebbi Abun	Aramaic	Jewish	Rabbinic	Jerusalem Talmud	Jerusalem Talmud Ketubot	Jerusalem Talmud Ketubot 5:6:5	https://www.sefaria.org/Jerusalem_Talmud_Ketubot.5.6.5	2	sage	personal	attested		Sefaria topics (CC BY-SA) + text: The Jerusalem Talmud, edition by Heinrich W. Guggenheimer. Berlin, De Gruyter, 1999-2015 (CC BY)	0.9
Simeon	slug:jewish:simeon-b-gorion	Simeon b. Gorion		שִׁמְעוֹן בֶּן גּוֹרְיוֹן	Simeon b. Gorion	Aramaic	Jewish	Rabbinic	Jerusalem Talmud	Jerusalem Talmud Ketubot	Jerusalem Talmud Ketubot 5:11:3	https://www.sefaria.org/Jerusalem_Talmud_Ketubot.5.11.3	1	sage	personal	attested		Sefaria topics (CC BY-SA) + text: The Jerusalem Talmud, edition by Heinrich W. Guggenheimer. Berlin, De Gruyter, 1999-2015 (CC BY)	0.9
Jacob	slug:jewish:rebbi-jacob-b-immi	Rebbi Jacob b. Immi		רִבִּי יַעֲקֹב בַּר אִימִּי	Rebbi Jacob b. Immi	Aramaic	Jewish	Rabbinic	Jerusalem Talmud	Jerusalem Talmud Ketubot	Jerusalem Talmud Ketubot 6:1:2	https://www.sefaria.org/Jerusalem_Talmud_Ketubot.6.1.2	1	sage	personal	attested		Sefaria topics (CC BY-SA) + text: The Jerusalem Talmud, edition by Heinrich W. Guggenheimer. Berlin, De Gruyter, 1999-2015 (CC BY)	0.9
Ammi	slug:jewish:rebbi-ammi-b-uqba	Rebbi Ammi b. Uqba		רִבִּי אַמִי בַּר עוּקְבָּא	Rebbi Ammi b. Uqba	Aramaic	Jewish	Rabbinic	Jerusalem Talmud	Jerusalem Talmud Ketubot	Jerusalem Talmud Ketubot 7:7:5	https://www.sefaria.org/Jerusalem_Talmud_Ketubot.7.7.5	1	sage	personal	attested		Sefaria topics (CC BY-SA) + text: The Jerusalem Talmud, edition by Heinrich W. Guggenheimer. Berlin, De Gruyter, 1999-2015 (CC BY)	0.9
Justinus	slug:jewish:rebbi-justinus	Rebbi Justinus		רִבִּי יוֹסְטִינֵה	Rebbi Justinus	Aramaic	Jewish	Rabbinic	Jerusalem Talmud	Jerusalem Talmud Ketubot	Jerusalem Talmud Ketubot 9:1:8	https://www.sefaria.org/Jerusalem_Talmud_Ketubot.9.1.8	2	sage	personal	attested		Sefaria topics (CC BY-SA) + text: The Jerusalem Talmud, edition by Heinrich W. Guggenheimer. Berlin, De Gruyter, 1999-2015 (CC BY)	0.9
Yudan	slug:jewish:rebbi-yudan-from-sicily	Rebbi Yudan from Sicily		רִבִּי יוּדָן בַר שִׂיקִלִי	Rebbi Yudan from Sicily	Aramaic	Jewish	Rabbinic	Jerusalem Talmud	Jerusalem Talmud Ketubot	Jerusalem Talmud Ketubot 9:10:4	https://www.sefaria.org/Jerusalem_Talmud_Ketubot.9.10.4	1	sage	personal	attested		Sefaria topics (CC BY-SA) + text: The Jerusalem Talmud, edition by Heinrich W. Guggenheimer. Berlin, De Gruyter, 1999-2015 (CC BY)	0.9
Eudaimon	slug:jewish:rebbi-eudaimon-from-mozva	Rebbi Eudaimon from Mozva		רִבִי אַבְדִּימוֹס דְּמוֹזְבָה	Rebbi Eudaimon from Mozva	Aramaic	Jewish	Rabbinic	Jerusalem Talmud	Jerusalem Talmud Ketubot	Jerusalem Talmud Ketubot 11:2:4	https://www.sefaria.org/Jerusalem_Talmud_Ketubot.11.2.4	1	sage	personal	attested		Sefaria topics (CC BY-SA) + text: The Jerusalem Talmud, edition by Heinrich W. Guggenheimer. Berlin, De Gruyter, 1999-2015 (CC BY)	0.9
Dositheos	slug:jewish:rebbi-dositheos	Rebbi Dositheos		רִבִּי דּוֹסָא	Rebbi Dositheos	Aramaic	Jewish	Rabbinic	Jerusalem Talmud	Jerusalem Talmud Ketubot	Jerusalem Talmud Ketubot 12:3:3	https://www.sefaria.org/Jerusalem_Talmud_Ketubot.12.3.3	1	sage	personal	attested		Sefaria topics (CC BY-SA) + text: The Jerusalem Talmud, edition by Heinrich W. Guggenheimer. Berlin, De Gruyter, 1999-2015 (CC BY)	0.9
Chanan	slug:jewish:chanan-ben-avshalom	Chanan ben Avshalom		חנן בן אבישלום	Chanan ben Avshalom	Aramaic	Jewish	Rabbinic	Jerusalem Talmud	Jerusalem Talmud Ketubot	Jerusalem Talmud Ketubot 13:1:1	https://www.sefaria.org/Jerusalem_Talmud_Ketubot.13.1.1	1	sage	personal	attested		Sefaria topics (CC BY-SA) + text: The Jerusalem Talmud, edition by Heinrich W. Guggenheimer. Berlin, De Gruyter, 1999-2015 (CC BY)	0.9
Admon	slug:jewish:admon	Admon		אדמון	Admon	Aramaic	Jewish	Rabbinic	Jerusalem Talmud	Jerusalem Talmud Ketubot	Jerusalem Talmud Ketubot 13:1:1	https://www.sefaria.org/Jerusalem_Talmud_Ketubot.13.1.1	18	sage	personal	attested		Sefaria topics (CC BY-SA) + text: The Jerusalem Talmud, edition by Heinrich W. Guggenheimer. Berlin, De Gruyter, 1999-2015 (CC BY)	0.9
Abime	slug:jewish:abime-the-brother-of-hefa	Abime the brother of Hefa		אַבִּימֵי אַחוֹי דְחֵיפָה	Abime the brother of Hefa	Aramaic	Jewish	Rabbinic	Jerusalem Talmud	Jerusalem Talmud Nedarim	Jerusalem Talmud Nedarim 2:3:2	https://www.sefaria.org/Jerusalem_Talmud_Nedarim.2.3.2	2	sage	personal	attested		Sefaria topics (CC BY-SA) + text: The Jerusalem Talmud, edition by Heinrich W. Guggenheimer. Berlin, De Gruyter, 1999-2015 (CC BY)	0.9
Ephah	Q5382125	Ephah, person in the Bible	boy	עיפה	Ephah	Aramaic	Jewish	Rabbinic	Jerusalem Talmud	Jerusalem Talmud Nedarim	Jerusalem Talmud Nedarim 2:3:2	https://www.sefaria.org/Jerusalem_Talmud_Nedarim.2.3.2	4	human	personal	attested		Sefaria topics (CC BY-SA) + text: The Jerusalem Talmud, edition by Heinrich W. Guggenheimer. Berlin, De Gruyter, 1999-2015 (CC BY)	0.9
Avimi	slug:jewish:avimi	Avimi, amora	boy	אבימי	Avimi	Aramaic	Jewish	Rabbinic	Jerusalem Talmud	Jerusalem Talmud Nedarim	Jerusalem Talmud Nedarim 2:3:2	https://www.sefaria.org/Jerusalem_Talmud_Nedarim.2.3.2	2	sage	personal	attested		Sefaria topics (CC BY-SA) + text: The Jerusalem Talmud, edition by Heinrich W. Guggenheimer. Berlin, De Gruyter, 1999-2015 (CC BY)	0.9
Emperor Julianus	slug:jewish:emperor-julianus	Emperor Julianus		לוּלְייָנוּס מַלְכָּא	Emperor Julianus	Aramaic	Jewish	Rabbinic	Jerusalem Talmud	Jerusalem Talmud Nedarim	Jerusalem Talmud Nedarim 3:2:2	https://www.sefaria.org/Jerusalem_Talmud_Nedarim.3.2.2	1	sage	personal	attested		Sefaria topics (CC BY-SA) + text: The Jerusalem Talmud, edition by Heinrich W. Guggenheimer. Berlin, De Gruyter, 1999-2015 (CC BY)	0.9
Shapur	slug:jewish:king-shapur	King Shapur		שבור מלכא	King Shapur	Aramaic	Jewish	Rabbinic	Jerusalem Talmud	Jerusalem Talmud Nedarim	Jerusalem Talmud Nedarim 3:2:3	https://www.sefaria.org/Jerusalem_Talmud_Nedarim.3.2.3	2	sage	personal	attested		Sefaria topics (CC BY-SA) + text: The Jerusalem Talmud, edition by Heinrich W. Guggenheimer. Berlin, De Gruyter, 1999-2015 (CC BY)	0.85
Samuel	slug:jewish:rebbi-samuel-b-jacob	Rebbi Samuel b. Jacob		רב שמואל בר יעקב	Rebbi Samuel b. Jacob	Aramaic	Jewish	Rabbinic	Jerusalem Talmud	Jerusalem Talmud Nedarim	Jerusalem Talmud Nedarim 3:2:3	https://www.sefaria.org/Jerusalem_Talmud_Nedarim.3.2.3	2	sage	personal	attested		Sefaria topics (CC BY-SA) + text: The Jerusalem Talmud, edition by Heinrich W. Guggenheimer. Berlin, De Gruyter, 1999-2015 (CC BY)	0.9
Gershom	slug:jewish:rebbi-gershom	Rebbi Gershom		רִבִּי גֵרשׁוֹם	Rebbi Gershom	Aramaic	Jewish	Rabbinic	Jerusalem Talmud	Jerusalem Talmud Nedarim	Jerusalem Talmud Nedarim 3:8:2	https://www.sefaria.org/Jerusalem_Talmud_Nedarim.3.8.2	1	sage	personal	attested		Sefaria topics (CC BY-SA) + text: The Jerusalem Talmud, edition by Heinrich W. Guggenheimer. Berlin, De Gruyter, 1999-2015 (CC BY)	0.9
Jonah	slug:jewish:rebbi-jonah-from-kefar-immi	Rebbi Jonah from Kefar-Immi		רִבִּי יוֹנָה דִכְפַר אִימִּי	Rebbi Jonah from Kefar-Immi	Aramaic	Jewish	Rabbinic	Jerusalem Talmud	Jerusalem Talmud Nedarim	Jerusalem Talmud Nedarim 4:9:2	https://www.sefaria.org/Jerusalem_Talmud_Nedarim.4.9.2	1	sage	personal	attested		Sefaria topics (CC BY-SA) + text: The Jerusalem Talmud, edition by Heinrich W. Guggenheimer. Berlin, De Gruyter, 1999-2015 (CC BY)	0.9
Simeon Dayana	slug:jewish:rebbi-simeon-dayana	Rebbi Simeon Dayana		רִבִּי שִׁמְעוֹן דַּייָנָא	Rebbi Simeon Dayana	Aramaic	Jewish	Rabbinic	Jerusalem Talmud	Jerusalem Talmud Nedarim	Jerusalem Talmud Nedarim 4:10:3	https://www.sefaria.org/Jerusalem_Talmud_Nedarim.4.10.3	1	sage	personal	attested		Sefaria topics (CC BY-SA) + text: The Jerusalem Talmud, edition by Heinrich W. Guggenheimer. Berlin, De Gruyter, 1999-2015 (CC BY)	0.9
Hiyya	slug:jewish:rebbi-hiyya-b-zabda	Rebbi Hiyya b. Zabda		רִבִּי חִייָה בַּר זַבְדָּא	Rebbi Hiyya b. Zabda	Aramaic	Jewish	Rabbinic	Jerusalem Talmud	Jerusalem Talmud Nedarim	Jerusalem Talmud Nedarim 6:3:2	https://www.sefaria.org/Jerusalem_Talmud_Nedarim.6.3.2	1	sage	personal	attested		Sefaria topics (CC BY-SA) + text: The Jerusalem Talmud, edition by Heinrich W. Guggenheimer. Berlin, De Gruyter, 1999-2015 (CC BY)	0.9
Jehudah	slug:jewish:rebbi-jehudah-b-seradia	Rebbi Jehudah b. Seradia		רִבִּי יוּדָא בַּר צְרַדְייָה	Rebbi Jehudah b. Seradia	Aramaic	Jewish	Rabbinic	Jerusalem Talmud	Jerusalem Talmud Nedarim	Jerusalem Talmud Nedarim 7:1:4	https://www.sefaria.org/Jerusalem_Talmud_Nedarim.7.1.4	1	sage	personal	attested		Sefaria topics (CC BY-SA) + text: The Jerusalem Talmud, edition by Heinrich W. Guggenheimer. Berlin, De Gruyter, 1999-2015 (CC BY)	0.9
Abba Hasida	slug:jewish:rebbi-abba-hasida	Rebbi Abba Hasida		רִבִּי בָּא חֲסִידָא	Rebbi Abba Hasida	Aramaic	Jewish	Rabbinic	Jerusalem Talmud	Jerusalem Talmud Nedarim	Jerusalem Talmud Nedarim 8:1:6	https://www.sefaria.org/Jerusalem_Talmud_Nedarim.8.1.6	1	sage	personal	attested		Sefaria topics (CC BY-SA) + text: The Jerusalem Talmud, edition by Heinrich W. Guggenheimer. Berlin, De Gruyter, 1999-2015 (CC BY)	0.9
Manisha	slug:jewish:rebbi-manisha	Rebbi Manisha		רִבִּי מַנִּישָׁא	Rebbi Manisha	Aramaic	Jewish	Rabbinic	Jerusalem Talmud	Jerusalem Talmud Nedarim	Jerusalem Talmud Nedarim 9:5:2	https://www.sefaria.org/Jerusalem_Talmud_Nedarim.9.5.2	1	sage	personal	attested		Sefaria topics (CC BY-SA) + text: The Jerusalem Talmud, edition by Heinrich W. Guggenheimer. Berlin, De Gruyter, 1999-2015 (CC BY)	0.9
Helbo	slug:jewish:rebbi-helbo-b-huna	Rebbi Helbo b. Huna		רִבִּי חֶלְבּוֹ בַּר חוּנָה	Rebbi Helbo b. Huna	Aramaic	Jewish	Rabbinic	Jerusalem Talmud	Jerusalem Talmud Nazir	Jerusalem Talmud Nazir 3:1:3	https://www.sefaria.org/Jerusalem_Talmud_Nazir.3.1.3	1	sage	personal	attested		Sefaria topics (CC BY-SA) + text: The Jerusalem Talmud, edition by Heinrich W. Guggenheimer. Berlin, De Gruyter, 1999-2015 (CC BY)	0.9
Hinena	slug:jewish:rebbi-hinena-b-hanania	Rebbi Hinena b. Hanania		רִבִּי חִינְנָא בֵּירִבִּי חֲנַנְיָה	Rebbi Hinena b. Hanania	Aramaic	Jewish	Rabbinic	Jerusalem Talmud	Jerusalem Talmud Nazir	Jerusalem Talmud Nazir 4:6:5	https://www.sefaria.org/Jerusalem_Talmud_Nazir.4.6.5	2	sage	personal	attested		Sefaria topics (CC BY-SA) + text: The Jerusalem Talmud, edition by Heinrich W. Guggenheimer. Berlin, De Gruyter, 1999-2015 (CC BY)	0.9
Yose	slug:jewish:yose-b-paxas	Yose b. Paxas		יוֹסֵי בֶּן פַּכְסָס	Yose b. Paxas	Aramaic	Jewish	Rabbinic	Jerusalem Talmud	Jerusalem Talmud Nazir	Jerusalem Talmud Nazir 7:1:4	https://www.sefaria.org/Jerusalem_Talmud_Nazir.7.1.4	1	sage	personal	attested		Sefaria topics (CC BY-SA) + text: The Jerusalem Talmud, edition by Heinrich W. Guggenheimer. Berlin, De Gruyter, 1999-2015 (CC BY)	0.9
Nihumi	slug:jewish:rebbi-nihumi-b-rebbi-hiyya-b-abba	Rebbi Nihumi b. Rebbi Hiyya b. Abba		רִבִּי נִיחוּמִי בְּרֵיהּ דְּרִבִּי חִייָה בַּר אַבָּא	Rebbi Nihumi b. Rebbi Hiyya b. Abba	Aramaic	Jewish	Rabbinic	Jerusalem Talmud	Jerusalem Talmud Nazir	Jerusalem Talmud Nazir 7:1:9	https://www.sefaria.org/Jerusalem_Talmud_Nazir.7.1.9	1	sage	personal	attested		Sefaria topics (CC BY-SA) + text: The Jerusalem Talmud, edition by Heinrich W. Guggenheimer. Berlin, De Gruyter, 1999-2015 (CC BY)	0.9
Diocletian	slug:jewish:king-diocletian	King Diocletian		דִּיֹקלֵטִיָּנוּס מַלְכָּא	King Diocletian	Aramaic	Jewish	Rabbinic	Jerusalem Talmud	Jerusalem Talmud Nazir	Jerusalem Talmud Nazir 7:1:13	https://www.sefaria.org/Jerusalem_Talmud_Nazir.7.1.13	2	sage	personal	attested		Sefaria topics (CC BY-SA) + text: The Jerusalem Talmud, edition by Heinrich W. Guggenheimer. Berlin, De Gruyter, 1999-2015 (CC BY)	0.9
Abime	slug:jewish:rebbi-abime-b-tobi	Rebbi Abime b. Tobi		רִבִּי אַבִּימֵי בַּר טוֹבִי	Rebbi Abime b. Tobi	Aramaic	Jewish	Rabbinic	Jerusalem Talmud	Jerusalem Talmud Nazir	Jerusalem Talmud Nazir 9:1:3	https://www.sefaria.org/Jerusalem_Talmud_Nazir.9.1.3	2	sage	personal	attested		Sefaria topics (CC BY-SA) + text: The Jerusalem Talmud, edition by Heinrich W. Guggenheimer. Berlin, De Gruyter, 1999-2015 (CC BY)	0.9
Cushan-rishathayim	slug:biblical:cushan-rishathaim@jdg.3.8-	Cushan-rishathaim, King of Mesopotamia who oppressed Israel	boy	כושן רשעתים	Cushan-rishathayim	Aramaic	Jewish	Rabbinic	Jerusalem Talmud	Jerusalem Talmud Nazir	Jerusalem Talmud Nazir 9:1:3	https://www.sefaria.org/Jerusalem_Talmud_Nazir.9.1.3	1	royal	personal	attested		Sefaria topics (CC BY-SA) + text: The Jerusalem Talmud, edition by Heinrich W. Guggenheimer. Berlin, De Gruyter, 1999-2015 (CC BY)	0.9
Huldah	Q583207	Huldah, A prophetess during the reign of King Josiah	girl	חולדה נביאה	Huldah	Aramaic	Jewish	Rabbinic	Jerusalem Talmud	Jerusalem Talmud Nazir	Jerusalem Talmud Nazir 9:3:5	https://www.sefaria.org/Jerusalem_Talmud_Nazir.9.3.5	1	prophet	personal	attested		Sefaria topics (CC BY-SA) + text: The Jerusalem Talmud, edition by Heinrich W. Guggenheimer. Berlin, De Gruyter, 1999-2015 (CC BY)	0.9
Dostai	slug:jewish:rabbi-dostai-b-r-yannai	Rabbi Dostai b. R' Yannai, tanna	boy	רבי דוסתאי ברבי ינאי	Rabbi Dostai b. R' Yannai	Aramaic	Jewish	Rabbinic	Jerusalem Talmud	Jerusalem Talmud Gittin	Jerusalem Talmud Gittin 1:5:6	https://www.sefaria.org/Jerusalem_Talmud_Gittin.1.5.6	4	sage	personal	attested		Sefaria topics (CC BY-SA) + text: The Jerusalem Talmud, edition by Heinrich W. Guggenheimer. Berlin, De Gruyter, 1999-2015 (CC BY)	0.9
Samuel	slug:jewish:rebbi-samuel-the-brother-of-rebbi-berekhiah1	Rebbi Samuel, the brother of Rebbi Berekhiah		רִבִּי שְׁמוּאֵל אַחֲוֵי דְרִבִי בְּרֶכְיָה	Rebbi Samuel, the brother of Rebbi Berekhiah	Aramaic	Jewish	Rabbinic	Jerusalem Talmud	Jerusalem Talmud Gittin	Jerusalem Talmud Gittin 2:2:3	https://www.sefaria.org/Jerusalem_Talmud_Gittin.2.2.3	1	human	personal	attested		Sefaria topics (CC BY-SA) + text: The Jerusalem Talmud, edition by Heinrich W. Guggenheimer. Berlin, De Gruyter, 1999-2015 (CC BY)	0.9
Hiyya	slug:jewish:rebbi-hiyya-b-uqba	Rebbi Hiyya b. Uqba		רִבִּי חִייָה בַּר עוּקְבָּה	Rebbi Hiyya b. Uqba	Aramaic	Jewish	Rabbinic	Jerusalem Talmud	Jerusalem Talmud Gittin	Jerusalem Talmud Gittin 3:7:4	https://www.sefaria.org/Jerusalem_Talmud_Gittin.3.7.4	1	sage	personal	attested		Sefaria topics (CC BY-SA) + text: The Jerusalem Talmud, edition by Heinrich W. Guggenheimer. Berlin, De Gruyter, 1999-2015 (CC BY)	0.9
Hinena	slug:jewish:hinena-b-rav-assi-b-mamal	Hinena b. Rav Assi b. Mamal		חִינְנָא בְּרֵיהּ דְּרַב אַסִּי בַּר מָמָל	Hinena b. Rav Assi b. Mamal	Aramaic	Jewish	Rabbinic	Jerusalem Talmud	Jerusalem Talmud Gittin	Jerusalem Talmud Gittin 3:8:2	https://www.sefaria.org/Jerusalem_Talmud_Gittin.3.8.2	1	sage	personal	attested		Sefaria topics (CC BY-SA) + text: The Jerusalem Talmud, edition by Heinrich W. Guggenheimer. Berlin, De Gruyter, 1999-2015 (CC BY)	0.9
Oshaia	slug:jewish:rebbi-oshaia-b-abba	Rebbi Oshaia b. Abba		רִבִּי אוֹשַׁעְיָה בַּר אַבָּא	Rebbi Oshaia b. Abba	Aramaic	Jewish	Rabbinic	Jerusalem Talmud	Jerusalem Talmud Gittin	Jerusalem Talmud Gittin 4:2:4	https://www.sefaria.org/Jerusalem_Talmud_Gittin.4.2.4	1	sage	personal	attested		Sefaria topics (CC BY-SA) + text: The Jerusalem Talmud, edition by Heinrich W. Guggenheimer. Berlin, De Gruyter, 1999-2015 (CC BY)	0.9
Marinus	slug:jewish:rebbi-marinus	Rebbi Marinus		רבי מרינוס	Rebbi Marinus	Aramaic	Jewish	Rabbinic	Jerusalem Talmud	Jerusalem Talmud Gittin	Jerusalem Talmud Gittin 4:6:2	https://www.sefaria.org/Jerusalem_Talmud_Gittin.4.6.2	2	sage	personal	attested		Sefaria topics (CC BY-SA) + text: The Jerusalem Talmud, edition by Heinrich W. Guggenheimer. Berlin, De Gruyter, 1999-2015 (CC BY)	0.9
Isaac	slug:jewish:rebbi-isaac-the-goldsmith	Rebbi Isaac the goldsmith		רִבִּי יִצְחָק דַּהֲבָן	Rebbi Isaac the goldsmith	Aramaic	Jewish	Rabbinic	Jerusalem Talmud	Jerusalem Talmud Gittin	Jerusalem Talmud Gittin 4:6:3	https://www.sefaria.org/Jerusalem_Talmud_Gittin.4.6.3	1	sage	personal	attested		Sefaria topics (CC BY-SA) + text: The Jerusalem Talmud, edition by Heinrich W. Guggenheimer. Berlin, De Gruyter, 1999-2015 (CC BY)	0.9
Yose	slug:jewish:rebbi-yose-b-rebbi-haggai	Rebbi Yose b. Rebbi Haggai		רִבִּי יוֹסֵי בֵּירִבִּי חַגַּיי	Rebbi Yose b. Rebbi Haggai	Aramaic	Jewish	Rabbinic	Jerusalem Talmud	Jerusalem Talmud Gittin	Jerusalem Talmud Gittin 5:3:8	https://www.sefaria.org/Jerusalem_Talmud_Gittin.5.3.8	1	sage	personal	attested		Sefaria topics (CC BY-SA) + text: The Jerusalem Talmud, edition by Heinrich W. Guggenheimer. Berlin, De Gruyter, 1999-2015 (CC BY)	0.9
Jacob	slug:jewish:rebbi-jacob-the-armenian	Rebbi Jacob the Armenian		רִבִּי יַעֲקֹב אַרְמֵנַייָא	Rebbi Jacob the Armenian	Aramaic	Jewish	Rabbinic	Jerusalem Talmud	Jerusalem Talmud Gittin	Jerusalem Talmud Gittin 6:5:4	https://www.sefaria.org/Jerusalem_Talmud_Gittin.6.5.4	1	sage	personal	attested		Sefaria topics (CC BY-SA) + text: The Jerusalem Talmud, edition by Heinrich W. Guggenheimer. Berlin, De Gruyter, 1999-2015 (CC BY)	0.9
Levi Parisa	slug:jewish:levi-parisa	Levi Parisa		לֵוִי פְרִיסָא	Levi Parisa	Aramaic	Jewish	Rabbinic	Jerusalem Talmud	Jerusalem Talmud Gittin	Jerusalem Talmud Gittin 6:5:5	https://www.sefaria.org/Jerusalem_Talmud_Gittin.6.5.5	1	sage	personal	attested		Sefaria topics (CC BY-SA) + text: The Jerusalem Talmud, edition by Heinrich W. Guggenheimer. Berlin, De Gruyter, 1999-2015 (CC BY)	0.9
Bibon	slug:jewish:rebbi-bibon-b-cahana	Rebbi Bibon b. Cahana		רִבִּי בִּיְבוֹן בַּר כַּהֲנָא	Rebbi Bibon b. Cahana	Aramaic	Jewish	Rabbinic	Jerusalem Talmud	Jerusalem Talmud Gittin	Jerusalem Talmud Gittin 7:3:5	https://www.sefaria.org/Jerusalem_Talmud_Gittin.7.3.5	1	sage	personal	attested		Sefaria topics (CC BY-SA) + text: The Jerusalem Talmud, edition by Heinrich W. Guggenheimer. Berlin, De Gruyter, 1999-2015 (CC BY)	0.9
Abba	slug:jewish:rebbi-abba-b-hamnuna	Rebbi Abba b. Hamnuna		רִבִּי בָּא בַּר הַמְנוּנָא	Rebbi Abba b. Hamnuna	Aramaic	Jewish	Rabbinic	Jerusalem Talmud	Jerusalem Talmud Gittin	Jerusalem Talmud Gittin 8:3:9	https://www.sefaria.org/Jerusalem_Talmud_Gittin.8.3.9	2	sage	personal	attested		Sefaria topics (CC BY-SA) + text: The Jerusalem Talmud, edition by Heinrich W. Guggenheimer. Berlin, De Gruyter, 1999-2015 (CC BY)	0.9
Sheila	slug:jewish:sheila-b-avina	Sheila b. Avina		שילא בר אבינא	Sheila b. Avina	Aramaic	Jewish	Rabbinic	Jerusalem Talmud	Jerusalem Talmud Gittin	Jerusalem Talmud Gittin 9:1:7	https://www.sefaria.org/Jerusalem_Talmud_Gittin.9.1.7	3	sage	personal	attested		Sefaria topics (CC BY-SA) + text: The Jerusalem Talmud, edition by Heinrich W. Guggenheimer. Berlin, De Gruyter, 1999-2015 (CC BY)	0.9
Yose	slug:jewish:yose-b-yannai	Yose b. Yannai		יוֹסֵי בֶּן יַנַּאי	Yose b. Yannai	Aramaic	Jewish	Rabbinic	Jerusalem Talmud	Jerusalem Talmud Gittin	Jerusalem Talmud Gittin 9:7:2	https://www.sefaria.org/Jerusalem_Talmud_Gittin.9.7.2	2	sage	personal	attested		Sefaria topics (CC BY-SA) + text: The Jerusalem Talmud, edition by Heinrich W. Guggenheimer. Berlin, De Gruyter, 1999-2015 (CC BY)	0.9
Johanan	slug:jewish:rebbi-johanan-from-sepphoris	Rebbi Johanan from Sepphoris		רִבִּי יוֹחָנָן דְּצִפֹּרִין	Rebbi Johanan from Sepphoris	Aramaic	Jewish	Rabbinic	Jerusalem Talmud	Jerusalem Talmud Kiddushin	Jerusalem Talmud Kiddushin 1:1:15	https://www.sefaria.org/Jerusalem_Talmud_Kiddushin.1.1.15	1	sage	personal	attested		Sefaria topics (CC BY-SA) + text: The Jerusalem Talmud, edition by Heinrich W. Guggenheimer. Berlin, De Gruyter, 1999-2015 (CC BY)	0.9
Efron	slug:biblical:ephron@gen.23.8-	Ephron, A Hittite who sold a burial site to Abraham	boy	עפרון	Efron	Aramaic	Jewish	Rabbinic	Jerusalem Talmud	Jerusalem Talmud Kiddushin	Jerusalem Talmud Kiddushin 1:3:4	https://www.sefaria.org/Jerusalem_Talmud_Kiddushin.1.3.4	2	human	personal	attested		Sefaria topics (CC BY-SA) + text: The Jerusalem Talmud, edition by Heinrich W. Guggenheimer. Berlin, De Gruyter, 1999-2015 (CC BY)	0.9
Yose	slug:jewish:rebbi-yose-from-mamelia	Rebbi Yose from Mamelia		רִבִּי יוֹסֵי מַמְלְחָייָא	Rebbi Yose from Mamelia	Aramaic	Jewish	Rabbinic	Jerusalem Talmud	Jerusalem Talmud Kiddushin	Jerusalem Talmud Kiddushin 1:5:8	https://www.sefaria.org/Jerusalem_Talmud_Kiddushin.1.5.8	2	sage	personal	attested		Sefaria topics (CC BY-SA) + text: The Jerusalem Talmud, edition by Heinrich W. Guggenheimer. Berlin, De Gruyter, 1999-2015 (CC BY)	0.9
Hizqiah	slug:jewish:rebbi-hizqiah-b-jeremiah	Rebbi Hizqiah b. Jeremiah		רִבִּי חִזְקִיָּה בַּר יִרְמְיָה	Rebbi Hizqiah b. Jeremiah	Aramaic	Jewish	Rabbinic	Jerusalem Talmud	Jerusalem Talmud Kiddushin	Jerusalem Talmud Kiddushin 1:7:4	https://www.sefaria.org/Jerusalem_Talmud_Kiddushin.1.7.4	1	sage	personal	attested		Sefaria topics (CC BY-SA) + text: The Jerusalem Talmud, edition by Heinrich W. Guggenheimer. Berlin, De Gruyter, 1999-2015 (CC BY)	0.9
Yose	slug:jewish:rebbi-yose-b-mamal	Rebbi Yose b. Mamal		רִבִּי יוֹסֵי בַּר מָמָל	Rebbi Yose b. Mamal	Aramaic	Jewish	Rabbinic	Jerusalem Talmud	Jerusalem Talmud Kiddushin	Jerusalem Talmud Kiddushin 1:7:19	https://www.sefaria.org/Jerusalem_Talmud_Kiddushin.1.7.19	1	sage	personal	attested		Sefaria topics (CC BY-SA) + text: The Jerusalem Talmud, edition by Heinrich W. Guggenheimer. Berlin, De Gruyter, 1999-2015 (CC BY)	0.9
Yehuda	slug:jewish:rabbi-yehuda-b-rabbi-hanina	Rabbi Yehuda b. Rabbi Hanina		רבי יהודה ברבי חנינא	Rabbi Yehuda b. Rabbi Hanina	Aramaic	Jewish	Rabbinic	Jerusalem Talmud	Jerusalem Talmud Kiddushin	Jerusalem Talmud Kiddushin 2:5:2	https://www.sefaria.org/Jerusalem_Talmud_Kiddushin.2.5.2	2	sage	personal	attested		Sefaria topics (CC BY-SA) + text: The Jerusalem Talmud, edition by Heinrich W. Guggenheimer. Berlin, De Gruyter, 1999-2015 (CC BY)	0.9
Jehudah	slug:jewish:rebbi-jehudah-b-sisin	Rebbi Jehudah b. Sisin		רִבִּי יוּדָה בַּר סִיסִין	Rebbi Jehudah b. Sisin	Aramaic	Jewish	Rabbinic	Jerusalem Talmud	Jerusalem Talmud Kiddushin	Jerusalem Talmud Kiddushin 3:3:4	https://www.sefaria.org/Jerusalem_Talmud_Kiddushin.3.3.4	1	sage	personal	attested		Sefaria topics (CC BY-SA) + text: The Jerusalem Talmud, edition by Heinrich W. Guggenheimer. Berlin, De Gruyter, 1999-2015 (CC BY)	0.9
Hiyya	slug:jewish:rav-hiyya-b-asi	Rav Hiyya b. Asi		רַב חִיָּיא בַּר אַסִּי	Rav Hiyya b. Asi	Aramaic	Jewish	Rabbinic	Jerusalem Talmud	Jerusalem Talmud Kiddushin	Jerusalem Talmud Kiddushin 3:8:4	https://www.sefaria.org/Jerusalem_Talmud_Kiddushin.3.8.4	1	sage	personal	attested		Sefaria topics (CC BY-SA) + text: The Jerusalem Talmud, edition by Heinrich W. Guggenheimer. Berlin, De Gruyter, 1999-2015 (CC BY)	0.9
Tanhum	slug:jewish:rebbi-tanhum-b-pappus	Rebbi Tanhum b. Pappus		רִבִּי תַנְחוּם בַּר פַּפָּא	Rebbi Tanhum b. Pappus	Aramaic	Jewish	Rabbinic	Jerusalem Talmud	Jerusalem Talmud Kiddushin	Jerusalem Talmud Kiddushin 3:12:9	https://www.sefaria.org/Jerusalem_Talmud_Kiddushin.3.12.9	1	sage	personal	attested		Sefaria topics (CC BY-SA) + text: The Jerusalem Talmud, edition by Heinrich W. Guggenheimer. Berlin, De Gruyter, 1999-2015 (CC BY)	0.9
Merab	slug:jewish:merab	Merab		מרב בת שאול	Merab	Aramaic	Jewish	Rabbinic	Jerusalem Talmud	Jerusalem Talmud Kiddushin	Jerusalem Talmud Kiddushin 4:1:8	https://www.sefaria.org/Jerusalem_Talmud_Kiddushin.4.1.8	2	human	personal	attested		Sefaria topics (CC BY-SA) + text: The Jerusalem Talmud, edition by Heinrich W. Guggenheimer. Berlin, De Gruyter, 1999-2015 (CC BY)	0.9
Abba	slug:jewish:abba-b-rab-huna	Abba b. Rab Huna		אַבָּא בַּר רַב הוּנָא	Abba b. Rab Huna	Aramaic	Jewish	Rabbinic	Jerusalem Talmud	Jerusalem Talmud Bava Kamma	Jerusalem Talmud Bava Kamma 4:4:6	https://www.sefaria.org/Jerusalem_Talmud_Bava_Kamma.4.4.6	1	sage	personal	attested		Sefaria topics (CC BY-SA) + text: The Jerusalem Talmud, edition by Heinrich W. Guggenheimer. Berlin, De Gruyter, 1999-2015 (CC BY)	0.9
Abba Yosei	slug:jewish:abba-yosei-b-hanan	Abba Yosei b. Hanan		אבא יוסי בן חנן	Abba Yosei b. Hanan	Aramaic	Jewish	Rabbinic	Jerusalem Talmud	Jerusalem Talmud Bava Kamma	Jerusalem Talmud Bava Kamma 5:5:3	https://www.sefaria.org/Jerusalem_Talmud_Bava_Kamma.5.5.3	1	sage	personal	attested		Sefaria topics (CC BY-SA) + text: The Jerusalem Talmud, edition by Heinrich W. Guggenheimer. Berlin, De Gruyter, 1999-2015 (CC BY)	0.85
Ben Zaza	slug:jewish:ben-zaza	Ben Zaza		בן זזא	Ben Zaza	Aramaic	Jewish	Rabbinic	Jerusalem Talmud	Jerusalem Talmud Bava Kamma	Jerusalem Talmud Bava Kamma 6:7:3	https://www.sefaria.org/Jerusalem_Talmud_Bava_Kamma.6.7.3	2	sage	personal	attested		Sefaria topics (CC BY-SA) + text: The Jerusalem Talmud, edition by Heinrich W. Guggenheimer. Berlin, De Gruyter, 1999-2015 (CC BY)	0.9
Justus	slug:jewish:rebbi-justus-b-rebbi-matton	Rebbi Justus b. Rebbi Matton		רִבִּי יוֹסְטָא בֵּירִבִּי מַתּוֹן	Rebbi Justus b. Rebbi Matton	Aramaic	Jewish	Rabbinic	Jerusalem Talmud	Jerusalem Talmud Bava Kamma	Jerusalem Talmud Bava Kamma 7:4:3	https://www.sefaria.org/Jerusalem_Talmud_Bava_Kamma.7.4.3	1	sage	personal	attested		Sefaria topics (CC BY-SA) + text: The Jerusalem Talmud, edition by Heinrich W. Guggenheimer. Berlin, De Gruyter, 1999-2015 (CC BY)	0.9
Bildad	Q2776374	Bildad, One of Job's three friends	boy	בלדד	Bildad	Aramaic	Jewish	Rabbinic	Jerusalem Talmud	Jerusalem Talmud Bava Kamma	Jerusalem Talmud Bava Kamma 8:7:2	https://www.sefaria.org/Jerusalem_Talmud_Bava_Kamma.8.7.2	1	human	personal	attested		Sefaria topics (CC BY-SA) + text: The Jerusalem Talmud, edition by Heinrich W. Guggenheimer. Berlin, De Gruyter, 1999-2015 (CC BY)	0.9
Sophar	slug:jewish:sophar-the-naamite	Sophar the Naamite		צוֹפַר הַנַּעֲמָתִי	Sophar the Naamite	Aramaic	Jewish	Rabbinic	Jerusalem Talmud	Jerusalem Talmud Bava Kamma	Jerusalem Talmud Bava Kamma 8:7:2	https://www.sefaria.org/Jerusalem_Talmud_Bava_Kamma.8.7.2	1	human	personal	attested		Sefaria topics (CC BY-SA) + text: The Jerusalem Talmud, edition by Heinrich W. Guggenheimer. Berlin, De Gruyter, 1999-2015 (CC BY)	0.9
Samuel	slug:jewish:rebbi-samuel-b-immi	Rebbi Samuel b. Immi		רב שמואל בר אמי	Rebbi Samuel b. Immi	Aramaic	Jewish	Rabbinic	Jerusalem Talmud	Jerusalem Talmud Bava Kamma	Jerusalem Talmud Bava Kamma 9:2:2	https://www.sefaria.org/Jerusalem_Talmud_Bava_Kamma.9.2.2	1	sage	personal	attested		Sefaria topics (CC BY-SA) + text: The Jerusalem Talmud, edition by Heinrich W. Guggenheimer. Berlin, De Gruyter, 1999-2015 (CC BY)	0.85
Karna	slug:jewish:karna	Karna, amora	boy	קרנא	Karna	Aramaic	Jewish	Rabbinic	Jerusalem Talmud	Jerusalem Talmud Bava Kamma	Jerusalem Talmud Bava Kamma 9:2:2	https://www.sefaria.org/Jerusalem_Talmud_Bava_Kamma.9.2.2	3	sage	personal	attested		Sefaria topics (CC BY-SA) + text: The Jerusalem Talmud, edition by Heinrich W. Guggenheimer. Berlin, De Gruyter, 1999-2015 (CC BY)	0.9
Abba Oshaia	slug:jewish:abba-oshaia-from-tireh	Abba Oshaia from Tireh		אַבָּא אוֹשַׁעְיָה אִישׁ טוֹרִייָא	Abba Oshaia from Tireh	Aramaic	Jewish	Rabbinic	Jerusalem Talmud	Jerusalem Talmud Bava Kamma	Jerusalem Talmud Bava Kamma 10:10:2	https://www.sefaria.org/Jerusalem_Talmud_Bava_Kamma.10.10.2	2	sage	personal	attested		Sefaria topics (CC BY-SA) + text: The Jerusalem Talmud, edition by Heinrich W. Guggenheimer. Berlin, De Gruyter, 1999-2015 (CC BY)	0.9
Abba	slug:jewish:rebbi-abba-b-mina	Rebbi Abba b. Mina		רִבִּי בָּא בַּר מִינָא	Rebbi Abba b. Mina	Aramaic	Jewish	Rabbinic	Jerusalem Talmud	Jerusalem Talmud Bava Metzia	Jerusalem Talmud Bava Metzia 1:4:3	https://www.sefaria.org/Jerusalem_Talmud_Bava_Metzia.1.4.3	4	sage	personal	attested		Sefaria topics (CC BY-SA) + text: The Jerusalem Talmud, edition by Heinrich W. Guggenheimer. Berlin, De Gruyter, 1999-2015 (CC BY)	0.9
Yosana	slug:jewish:rebbi-yosana	Rebbi Yosana		רִבִּי יוֹסָנָא	Rebbi Yosana	Aramaic	Jewish	Rabbinic	Jerusalem Talmud	Jerusalem Talmud Bava Metzia	Jerusalem Talmud Bava Metzia 1:5:4	https://www.sefaria.org/Jerusalem_Talmud_Bava_Metzia.1.5.4	1	sage	personal	attested		Sefaria topics (CC BY-SA) + text: The Jerusalem Talmud, edition by Heinrich W. Guggenheimer. Berlin, De Gruyter, 1999-2015 (CC BY)	0.9
Alexander	slug:jewish:alexander	Alexander the Great		אלכסנדר	Alexander the Great	Aramaic	Jewish	Rabbinic	Jerusalem Talmud	Jerusalem Talmud Bava Metzia	Jerusalem Talmud Bava Metzia 2:5:7	https://www.sefaria.org/Jerusalem_Talmud_Bava_Metzia.2.5.7	2	sage	personal	attested		Sefaria topics (CC BY-SA) + text: The Jerusalem Talmud, edition by Heinrich W. Guggenheimer. Berlin, De Gruyter, 1999-2015 (CC BY)	0.9
Ecclesiastes	slug:jewish:ecclesiastes	Ecclesiastes		קהלת	Ecclesiastes	Aramaic	Jewish	Rabbinic	Jerusalem Talmud	Jerusalem Talmud Bava Metzia	Jerusalem Talmud Bava Metzia 2:11:4	https://www.sefaria.org/Jerusalem_Talmud_Bava_Metzia.2.11.4	2	human	personal	attested		Sefaria topics (CC BY-SA) + text: The Jerusalem Talmud, edition by Heinrich W. Guggenheimer. Berlin, De Gruyter, 1999-2015 (CC BY)	0.9
Abin	slug:jewish:rebbi-abin-b-mamal	Rebbi Abin b. Mamal		רָבִין בַּר מָמָל	Rebbi Abin b. Mamal	Aramaic	Jewish	Rabbinic	Jerusalem Talmud	Jerusalem Talmud Bava Metzia	Jerusalem Talmud Bava Metzia 4:5:3	https://www.sefaria.org/Jerusalem_Talmud_Bava_Metzia.4.5.3	1	sage	personal	attested		Sefaria topics (CC BY-SA) + text: The Jerusalem Talmud, edition by Heinrich W. Guggenheimer. Berlin, De Gruyter, 1999-2015 (CC BY)	0.9
Jacob	slug:jewish:rebbi-jacob-from-emmaus	Rebbi Jacob from Emmaus		רִבִּי יַעֲקֹב עֶמָּסּוֹנַייָא	Rebbi Jacob from Emmaus	Aramaic	Jewish	Rabbinic	Jerusalem Talmud	Jerusalem Talmud Bava Metzia	Jerusalem Talmud Bava Metzia 4:7:2	https://www.sefaria.org/Jerusalem_Talmud_Bava_Metzia.4.7.2	1	sage	personal	attested		Sefaria topics (CC BY-SA) + text: The Jerusalem Talmud, edition by Heinrich W. Guggenheimer. Berlin, De Gruyter, 1999-2015 (CC BY)	0.9
Rabbah Bar Bar Chanah	Q2124892	Rabbah Bar Bar Chanah, Talmud rabbi	boy	רבה בר בר חנה	Rabbah Bar Bar Chanah	Aramaic	Jewish	Rabbinic	Jerusalem Talmud	Jerusalem Talmud Bava Metzia	Jerusalem Talmud Bava Metzia 5:5:8	https://www.sefaria.org/Jerusalem_Talmud_Bava_Metzia.5.5.8	1	sage	personal	attested		Sefaria topics (CC BY-SA) + text: The Jerusalem Talmud, edition by Heinrich W. Guggenheimer. Berlin, De Gruyter, 1999-2015 (CC BY)	0.9
Nehemiah	slug:jewish:rebbi-nehemiah-the-potter	Rebbi Nehemiah the potter		רִבִּי נְחֶמְיָה קַדָּר	Rebbi Nehemiah the potter	Aramaic	Jewish	Rabbinic	Jerusalem Talmud	Jerusalem Talmud Bava Metzia	Jerusalem Talmud Bava Metzia 6:6:2	https://www.sefaria.org/Jerusalem_Talmud_Bava_Metzia.6.6.2	1	sage	personal	attested		Sefaria topics (CC BY-SA) + text: The Jerusalem Talmud, edition by Heinrich W. Guggenheimer. Berlin, De Gruyter, 1999-2015 (CC BY)	0.9
Jehudah	slug:jewish:jehudah-b-buni	Jehudah b. Buni		יְהוּדָה בֶּן בּוּנִי	Jehudah b. Buni	Aramaic	Jewish	Rabbinic	Jerusalem Talmud	Jerusalem Talmud Bava Metzia	Jerusalem Talmud Bava Metzia 7:1:3	https://www.sefaria.org/Jerusalem_Talmud_Bava_Metzia.7.1.3	1	sage	personal	attested		Sefaria topics (CC BY-SA) + text: The Jerusalem Talmud, edition by Heinrich W. Guggenheimer. Berlin, De Gruyter, 1999-2015 (CC BY)	0.9
Yaddua	slug:jewish:yaddua-the-babylonian	Yaddua the Babylonian		ידוע הבבלי	Yaddua the Babylonian	Aramaic	Jewish	Rabbinic	Jerusalem Talmud	Jerusalem Talmud Bava Metzia	Jerusalem Talmud Bava Metzia 7:7:1	https://www.sefaria.org/Jerusalem_Talmud_Bava_Metzia.7.7.1	1	sage	personal	attested		Sefaria topics (CC BY-SA) + text: The Jerusalem Talmud, edition by Heinrich W. Guggenheimer. Berlin, De Gruyter, 1999-2015 (CC BY)	0.9
Menahem	slug:jewish:rebbi-menahem-the-brother-of-rebbi-gorion	Rebbi Menahem, the brother of Rebbi Gorion		רִבִּי מְנַחֵם אֲחִי רִבִּי גוֹרְיוֹן	Rebbi Menahem, the brother of Rebbi Gorion	Aramaic	Jewish	Rabbinic	Jerusalem Talmud	Jerusalem Talmud Bava Metzia	Jerusalem Talmud Bava Metzia 9:8:2	https://www.sefaria.org/Jerusalem_Talmud_Bava_Metzia.9.8.2	1	sage	personal	attested		Sefaria topics (CC BY-SA) + text: The Jerusalem Talmud, edition by Heinrich W. Guggenheimer. Berlin, De Gruyter, 1999-2015 (CC BY)	0.9
Ilfay	slug:jewish:rebbi-ilfay	Rebbi Ilfay		רִבִּי אִילְפַיי	Rebbi Ilfay	Aramaic	Jewish	Rabbinic	Jerusalem Talmud	Jerusalem Talmud Bava Batra	Jerusalem Talmud Bava Batra 2:2:2	https://www.sefaria.org/Jerusalem_Talmud_Bava_Batra.2.2.2	1	sage	personal	attested		Sefaria topics (CC BY-SA) + text: The Jerusalem Talmud, edition by Heinrich W. Guggenheimer. Berlin, De Gruyter, 1999-2015 (CC BY)	0.9
Simon	slug:jewish:rebbi-simon-the-brother-of-rebbi-jehudah1	Rebbi Simon, the brother of Rebbi Jehudah		רִבִּי סִימוֹן אַחֲוֵי דִיהוּדָה	Rebbi Simon, the brother of Rebbi Jehudah	Aramaic	Jewish	Rabbinic	Jerusalem Talmud	Jerusalem Talmud Bava Batra	Jerusalem Talmud Bava Batra 3:1:4	https://www.sefaria.org/Jerusalem_Talmud_Bava_Batra.3.1.4	2	sage	personal	attested		Sefaria topics (CC BY-SA) + text: The Jerusalem Talmud, edition by Heinrich W. Guggenheimer. Berlin, De Gruyter, 1999-2015 (CC BY)	0.9
Adda	slug:jewish:rav-adda-b-abba	Rav Adda b. Abba		רב אדא בר אבא	Rav Adda b. Abba	Aramaic	Jewish	Rabbinic	Jerusalem Talmud	Jerusalem Talmud Bava Batra	Jerusalem Talmud Bava Batra 3:1:4	https://www.sefaria.org/Jerusalem_Talmud_Bava_Batra.3.1.4	1	sage	personal	attested		Sefaria topics (CC BY-SA) + text: The Jerusalem Talmud, edition by Heinrich W. Guggenheimer. Berlin, De Gruyter, 1999-2015 (CC BY)	0.9
Hilqiah	slug:jewish:hilqiah-b-tobi	Hilqiah b. Tobi		חִלְקִיָּה בַּר טוֹבִי	Hilqiah b. Tobi	Aramaic	Jewish	Rabbinic	Jerusalem Talmud	Jerusalem Talmud Bava Batra	Jerusalem Talmud Bava Batra 3:3:8	https://www.sefaria.org/Jerusalem_Talmud_Bava_Batra.3.3.8	1	sage	personal	attested		Sefaria topics (CC BY-SA) + text: The Jerusalem Talmud, edition by Heinrich W. Guggenheimer. Berlin, De Gruyter, 1999-2015 (CC BY)	0.9
Abba	slug:jewish:rebbi-abba-b-tevelai	Rebbi Abba b. Tevelai		רִבִּי בָּא בַּר טֶבְלַײ	Rebbi Abba b. Tevelai	Aramaic	Jewish	Rabbinic	Jerusalem Talmud	Jerusalem Talmud Bava Batra	Jerusalem Talmud Bava Batra 4:8:4	https://www.sefaria.org/Jerusalem_Talmud_Bava_Batra.4.8.4	2	sage	personal	attested		Sefaria topics (CC BY-SA) + text: The Jerusalem Talmud, edition by Heinrich W. Guggenheimer. Berlin, De Gruyter, 1999-2015 (CC BY)	0.9
Levi	slug:jewish:rebbi-levi-b-birai	Rebbi Levi b. Birai		רִבִּי לֵוִי בֶּן בִּירַיי	Rebbi Levi b. Birai	Aramaic	Jewish	Rabbinic	Jerusalem Talmud	Jerusalem Talmud Bava Batra	Jerusalem Talmud Bava Batra 5:1:3	https://www.sefaria.org/Jerusalem_Talmud_Bava_Batra.5.1.3	1	sage	personal	attested		Sefaria topics (CC BY-SA) + text: The Jerusalem Talmud, edition by Heinrich W. Guggenheimer. Berlin, De Gruyter, 1999-2015 (CC BY)	0.9
Hamnuna	slug:jewish:rav-hamnuna-the-scribe	Rav Hamnuna the scribe		רַב הַמְנוּנָא סַפְרָא	Rav Hamnuna the scribe	Aramaic	Jewish	Rabbinic	Jerusalem Talmud	Jerusalem Talmud Bava Batra	Jerusalem Talmud Bava Batra 6:2:3	https://www.sefaria.org/Jerusalem_Talmud_Bava_Batra.6.2.3	1	sage	personal	attested		Sefaria topics (CC BY-SA) + text: The Jerusalem Talmud, edition by Heinrich W. Guggenheimer. Berlin, De Gruyter, 1999-2015 (CC BY)	0.9
Yannai	slug:jewish:rebbi-yannai-the-kappadokian	Rebbi Yannai the Kappadokian		רִבִּי יַנַּאי קַפּוֹדָקָייָא	Rebbi Yannai the Kappadokian	Aramaic	Jewish	Rabbinic	Jerusalem Talmud	Jerusalem Talmud Bava Batra	Jerusalem Talmud Bava Batra 8:1:4	https://www.sefaria.org/Jerusalem_Talmud_Bava_Batra.8.1.4	1	sage	personal	attested		Sefaria topics (CC BY-SA) + text: The Jerusalem Talmud, edition by Heinrich W. Guggenheimer. Berlin, De Gruyter, 1999-2015 (CC BY)	0.9
Eleazar	slug:jewish:rebbi-eleazar-the-father-of-rebbi-isaac-b-nahman	Rebbi Eleazar the father of Rebbi Isaac b. Nahman		רִבִּי לָֽעְזָר אָבוֹי דְרִבִּי יצְחָק בַּר נַחְמָן	Rebbi Eleazar the father of Rebbi Isaac b. Nahman	Aramaic	Jewish	Rabbinic	Jerusalem Talmud	Jerusalem Talmud Bava Batra	Jerusalem Talmud Bava Batra 8:1:4	https://www.sefaria.org/Jerusalem_Talmud_Bava_Batra.8.1.4	1	sage	personal	attested		Sefaria topics (CC BY-SA) + text: The Jerusalem Talmud, edition by Heinrich W. Guggenheimer. Berlin, De Gruyter, 1999-2015 (CC BY)	0.9
Tzelofchad	Q2659583	Zelophehad, Israelite whose daughters received his inheritance	boy	צלפחד	Tzelofchad	Aramaic	Jewish	Rabbinic	Jerusalem Talmud	Jerusalem Talmud Bava Batra	Jerusalem Talmud Bava Batra 8:2:1	https://www.sefaria.org/Jerusalem_Talmud_Bava_Batra.8.2.1	3	human	personal	attested		Sefaria topics (CC BY-SA) + text: The Jerusalem Talmud, edition by Heinrich W. Guggenheimer. Berlin, De Gruyter, 1999-2015 (CC BY)	0.9
Korach	Q1337316	Korah, who rebelled against Moses	boy	קרח	Korach	Aramaic	Jewish	Rabbinic	Jerusalem Talmud	Jerusalem Talmud Bava Batra	Jerusalem Talmud Bava Batra 8:2:4	https://www.sefaria.org/Jerusalem_Talmud_Bava_Batra.8.2.4	7	human	personal	attested		Sefaria topics (CC BY-SA) + text: The Jerusalem Talmud, edition by Heinrich W. Guggenheimer. Berlin, De Gruyter, 1999-2015 (CC BY)	0.9
Yair (Judge)	Q1216208	Jair, Gileadite judge who led Israel	boy	יאיר (שופט)	Yair (Judge)	Aramaic	Jewish	Rabbinic	Jerusalem Talmud	Jerusalem Talmud Bava Batra	Jerusalem Talmud Bava Batra 8:5:6	https://www.sefaria.org/Jerusalem_Talmud_Bava_Batra.8.5.6	1	human	personal	attested		Sefaria topics (CC BY-SA) + text: The Jerusalem Talmud, edition by Heinrich W. Guggenheimer. Berlin, De Gruyter, 1999-2015 (CC BY)	0.9
Horiana	slug:jewish:rebbi-horiana-brother-of-rebbi-samuel-b-sosartai	Rebbi Horiana, brother of Rebbi Samuel b. Sosartai		רִבִּי הוֹרְייָנָה אַחוֹי דְרִבִּי שְׁמוּאֵל בַּר סוֹסַרְטַיי	Rebbi Horiana, brother of Rebbi Samuel b. Sosartai	Aramaic	Jewish	Rabbinic	Jerusalem Talmud	Jerusalem Talmud Bava Batra	Jerusalem Talmud Bava Batra 9:3:5	https://www.sefaria.org/Jerusalem_Talmud_Bava_Batra.9.3.5	1	sage	personal	attested		Sefaria topics (CC BY-SA) + text: The Jerusalem Talmud, edition by Heinrich W. Guggenheimer. Berlin, De Gruyter, 1999-2015 (CC BY)	0.9
Nahman	slug:jewish:rav-nahman-b-samuel-b-nahman	Rav Nahman b. Samuel b. Nahman		רַב נַחְמָן בַּר שְׁמוּאֵל בַּר נַחְמָן	Rav Nahman b. Samuel b. Nahman	Aramaic	Jewish	Rabbinic	Jerusalem Talmud	Jerusalem Talmud Bava Batra	Jerusalem Talmud Bava Batra 9:4:2	https://www.sefaria.org/Jerusalem_Talmud_Bava_Batra.9.4.2	1	sage	personal	attested		Sefaria topics (CC BY-SA) + text: The Jerusalem Talmud, edition by Heinrich W. Guggenheimer. Berlin, De Gruyter, 1999-2015 (CC BY)	0.9
Yasa	slug:jewish:rebbi-yasa-the-fuller-son-in-law-to-rebbi-yose	Rebbi Yasa the fuller, son-in-law to Rebbi Yose		רִבִּי יָסָא קוֹצֵירָה חַתְנֵיהּ דְּרִבִּי יוֹסֵה	Rebbi Yasa the fuller, son-in-law to Rebbi Yose	Aramaic	Jewish	Rabbinic	Jerusalem Talmud	Jerusalem Talmud Bava Batra	Jerusalem Talmud Bava Batra 10:1:8	https://www.sefaria.org/Jerusalem_Talmud_Bava_Batra.10.1.8	1	sage	personal	attested		Sefaria topics (CC BY-SA) + text: The Jerusalem Talmud, edition by Heinrich W. Guggenheimer. Berlin, De Gruyter, 1999-2015 (CC BY)	0.9
Immi	slug:jewish:rebbi-immi-b-qorha	Rebbi Immi b. Qorha		רִבִּי אִמִּי בַּר קָרְחָה	Rebbi Immi b. Qorha	Aramaic	Jewish	Rabbinic	Jerusalem Talmud	Jerusalem Talmud Bava Batra	Jerusalem Talmud Bava Batra 10:8:3	https://www.sefaria.org/Jerusalem_Talmud_Bava_Batra.10.8.3	1	sage	personal	attested		Sefaria topics (CC BY-SA) + text: The Jerusalem Talmud, edition by Heinrich W. Guggenheimer. Berlin, De Gruyter, 1999-2015 (CC BY)	0.9
Seraiah	slug:jewish:seraiah-the-chief-priest	Seraiah the Chief Priest		שְׂרָיָה֙ כֹּהֵ֣ן הָרֹ֔אשׁ	Seraiah the Chief Priest	Aramaic	Jewish	Rabbinic	Jerusalem Talmud	Jerusalem Talmud Sanhedrin	Jerusalem Talmud Sanhedrin 1:2:5	https://www.sefaria.org/Jerusalem_Talmud_Sanhedrin.1.2.5	1	human	personal	attested		Sefaria topics (CC BY-SA) + text: The Jerusalem Talmud, edition by Heinrich W. Guggenheimer. Berlin, De Gruyter, 1999-2015 (CC BY)	0.9
Zephania	slug:jewish:zephania-the-priest	Zephania the priest		צְפַנְיָה֭ כֹּהֵ֣ן	Zephania the priest	Aramaic	Jewish	Rabbinic	Jerusalem Talmud	Jerusalem Talmud Sanhedrin	Jerusalem Talmud Sanhedrin 1:2:5	https://www.sefaria.org/Jerusalem_Talmud_Sanhedrin.1.2.5	1	human	personal	attested		Sefaria topics (CC BY-SA) + text: The Jerusalem Talmud, edition by Heinrich W. Guggenheimer. Berlin, De Gruyter, 1999-2015 (CC BY)	0.9
Issachar	Q651256	Issachar, Son of Jacob and Leah	boy	יששכר	Issachar	Aramaic	Jewish	Rabbinic	Jerusalem Talmud	Jerusalem Talmud Sanhedrin	Jerusalem Talmud Sanhedrin 1:2:25	https://www.sefaria.org/Jerusalem_Talmud_Sanhedrin.1.2.25	1	human	personal	attested		Sefaria topics (CC BY-SA) + text: The Jerusalem Talmud, edition by Heinrich W. Guggenheimer. Berlin, De Gruyter, 1999-2015 (CC BY)	0.9
General Antoninus	slug:jewish:general-antoninus	General Antoninus		אַנְטוֹנִינוּס הֵגֱמוֹן	General Antoninus	Aramaic	Jewish	Rabbinic	Jerusalem Talmud	Jerusalem Talmud Sanhedrin	Jerusalem Talmud Sanhedrin 1:4:8	https://www.sefaria.org/Jerusalem_Talmud_Sanhedrin.1.4.8	1	sage	personal	attested		Sefaria topics (CC BY-SA) + text: The Jerusalem Talmud, edition by Heinrich W. Guggenheimer. Berlin, De Gruyter, 1999-2015 (CC BY)	0.9
Hanina	slug:jewish:rebbi-hanina-the-scribe	Rebbi Hanina the scribe		רִבִּי חֲנִינָה כְתוֹבָא	Rebbi Hanina the scribe	Aramaic	Jewish	Rabbinic	Jerusalem Talmud	Jerusalem Talmud Sanhedrin	Jerusalem Talmud Sanhedrin 2:1:3	https://www.sefaria.org/Jerusalem_Talmud_Sanhedrin.2.1.3	2	sage	personal	attested		Sefaria topics (CC BY-SA) + text: The Jerusalem Talmud, edition by Heinrich W. Guggenheimer. Berlin, De Gruyter, 1999-2015 (CC BY)	0.9
Abigail	Q4416778	Abigail, Wife of Nabal	girl	אביגיל	Abigail	Aramaic	Jewish	Rabbinic	Jerusalem Talmud	Jerusalem Talmud Sanhedrin	Jerusalem Talmud Sanhedrin 2:3:6	https://www.sefaria.org/Jerusalem_Talmud_Sanhedrin.2.3.6	4	human	personal	attested		Sefaria topics (CC BY-SA) + text: The Jerusalem Talmud, edition by Heinrich W. Guggenheimer. Berlin, De Gruyter, 1999-2015 (CC BY)	0.9
Nachshon Ben Aminadav	Q1784980	Nahshon, Son of Amminadab	boy	נחשון בן עמינדב	Nachshon Ben Aminadav	Aramaic	Jewish	Rabbinic	Jerusalem Talmud	Jerusalem Talmud Sanhedrin	Jerusalem Talmud Sanhedrin 2:3:7	https://www.sefaria.org/Jerusalem_Talmud_Sanhedrin.2.3.7	3	human	personal	attested		Sefaria topics (CC BY-SA) + text: The Jerusalem Talmud, edition by Heinrich W. Guggenheimer. Berlin, De Gruyter, 1999-2015 (CC BY)	0.9
Amminadab	Q2038223	Amminadab, Son of Aram, belonging to the Tribe of Judah.	boy	עמינדב	Amminadab	Aramaic	Jewish	Rabbinic	Jerusalem Talmud	Jerusalem Talmud Sanhedrin	Jerusalem Talmud Sanhedrin 2:3:7	https://www.sefaria.org/Jerusalem_Talmud_Sanhedrin.2.3.7	1	human	personal	attested		Sefaria topics (CC BY-SA) + text: The Jerusalem Talmud, edition by Heinrich W. Guggenheimer. Berlin, De Gruyter, 1999-2015 (CC BY)	0.9
Salmon	Q1771358	Salmon, Son of Nahshon	boy	שלמון	Salmon	Aramaic	Jewish	Rabbinic	Jerusalem Talmud	Jerusalem Talmud Sanhedrin	Jerusalem Talmud Sanhedrin 2:3:7	https://www.sefaria.org/Jerusalem_Talmud_Sanhedrin.2.3.7	1	human	personal	attested		Sefaria topics (CC BY-SA) + text: The Jerusalem Talmud, edition by Heinrich W. Guggenheimer. Berlin, De Gruyter, 1999-2015 (CC BY)	0.9
Menahem Ptolemy	slug:jewish:menahem-ptolemy	Menahem Ptolemy		מְנַחֵם טָלְמָא	Menahem Ptolemy	Aramaic	Jewish	Rabbinic	Jerusalem Talmud	Jerusalem Talmud Sanhedrin	Jerusalem Talmud Sanhedrin 2:6:12	https://www.sefaria.org/Jerusalem_Talmud_Sanhedrin.2.6.12	1	sage	personal	attested		Sefaria topics (CC BY-SA) + text: The Jerusalem Talmud, edition by Heinrich W. Guggenheimer. Berlin, De Gruyter, 1999-2015 (CC BY)	0.9
Yose	slug:jewish:yose-from-maon	Yose from Maon		יוֹסֵי מָעוֹנִי	Yose from Maon	Aramaic	Jewish	Rabbinic	Jerusalem Talmud	Jerusalem Talmud Sanhedrin	Jerusalem Talmud Sanhedrin 2:6:13	https://www.sefaria.org/Jerusalem_Talmud_Sanhedrin.2.6.13	1	sage	personal	attested		Sefaria topics (CC BY-SA) + text: The Jerusalem Talmud, edition by Heinrich W. Guggenheimer. Berlin, De Gruyter, 1999-2015 (CC BY)	0.9
Hizqiah	slug:jewish:rebbi-hizqiah-from-huqoq	Rebbi Hizqiah from Huqoq		רִבִּי חִזְקִיָּה חוּקוֹק	Rebbi Hizqiah from Huqoq	Aramaic	Jewish	Rabbinic	Jerusalem Talmud	Jerusalem Talmud Sanhedrin	Jerusalem Talmud Sanhedrin 3:9:24	https://www.sefaria.org/Jerusalem_Talmud_Sanhedrin.3.9.24	1	sage	personal	attested		Sefaria topics (CC BY-SA) + text: The Jerusalem Talmud, edition by Heinrich W. Guggenheimer. Berlin, De Gruyter, 1999-2015 (CC BY)	0.9
Eumachos	slug:jewish:rebbi-eumachos	Rebbi Eumachos		רִבִּי אֶבְמַכִיס	Rebbi Eumachos	Aramaic	Jewish	Rabbinic	Jerusalem Talmud	Jerusalem Talmud Sanhedrin	Jerusalem Talmud Sanhedrin 3:12:3	https://www.sefaria.org/Jerusalem_Talmud_Sanhedrin.3.12.3	1	sage	personal	attested		Sefaria topics (CC BY-SA) + text: The Jerusalem Talmud, edition by Heinrich W. Guggenheimer. Berlin, De Gruyter, 1999-2015 (CC BY)	0.9
Memuchan	Q10328578	Memucan, One of the seven princes of Persia and Media	boy	ממוכן	Memuchan	Aramaic	Jewish	Rabbinic	Jerusalem Talmud	Jerusalem Talmud Sanhedrin	Jerusalem Talmud Sanhedrin 4:7:3	https://www.sefaria.org/Jerusalem_Talmud_Sanhedrin.4.7.3	1	human	personal	attested		Sefaria topics (CC BY-SA) + text: The Jerusalem Talmud, edition by Heinrich W. Guggenheimer. Berlin, De Gruyter, 1999-2015 (CC BY)	0.9
Thema	slug:jewish:rebbi-thema-b-pappaias	Rebbi Thema b. Pappaias		רִבִּי תֵימָא בַּר פַּפַּייָס	Rebbi Thema b. Pappaias	Aramaic	Jewish	Rabbinic	Jerusalem Talmud	Jerusalem Talmud Sanhedrin	Jerusalem Talmud Sanhedrin 4:7:4	https://www.sefaria.org/Jerusalem_Talmud_Sanhedrin.4.7.4	1	sage	personal	attested		Sefaria topics (CC BY-SA) + text: The Jerusalem Talmud, edition by Heinrich W. Guggenheimer. Berlin, De Gruyter, 1999-2015 (CC BY)	0.9
Midian	Q755316	Midian, Son of Abraham and Keturah	boy	מדין	Midian	Aramaic	Jewish	Rabbinic	Jerusalem Talmud	Jerusalem Talmud Sanhedrin	Jerusalem Talmud Sanhedrin 6:3:2	https://www.sefaria.org/Jerusalem_Talmud_Sanhedrin.6.3.2	3	human	personal	attested		Sefaria topics (CC BY-SA) + text: The Jerusalem Talmud, edition by Heinrich W. Guggenheimer. Berlin, De Gruyter, 1999-2015 (CC BY)	0.9
Ethan	Q1370913	Ethan, male human biblical character in 1 Kings 4:31 &c	boy	איתן האזרחי	Ethan	Aramaic	Jewish	Rabbinic	Jerusalem Talmud	Jerusalem Talmud Sanhedrin	Jerusalem Talmud Sanhedrin 6:3:2	https://www.sefaria.org/Jerusalem_Talmud_Sanhedrin.6.3.2	1	human	personal	attested		Sefaria topics (CC BY-SA) + text: The Jerusalem Talmud, edition by Heinrich W. Guggenheimer. Berlin, De Gruyter, 1999-2015 (CC BY)	0.9
Heyman	slug:jewish:heyman	Heyman		הימן	Heyman	Aramaic	Jewish	Rabbinic	Jerusalem Talmud	Jerusalem Talmud Sanhedrin	Jerusalem Talmud Sanhedrin 6:3:2	https://www.sefaria.org/Jerusalem_Talmud_Sanhedrin.6.3.2	1	human	personal	attested		Sefaria topics (CC BY-SA) + text: The Jerusalem Talmud, edition by Heinrich W. Guggenheimer. Berlin, De Gruyter, 1999-2015 (CC BY)	0.9
Zerah	Q3223065	Zerah, biblical character	boy	זרח	Zerah	Aramaic	Jewish	Rabbinic	Jerusalem Talmud	Jerusalem Talmud Sanhedrin	Jerusalem Talmud Sanhedrin 6:3:2	https://www.sefaria.org/Jerusalem_Talmud_Sanhedrin.6.3.2	1	human	personal	attested		Sefaria topics (CC BY-SA) + text: The Jerusalem Talmud, edition by Heinrich W. Guggenheimer. Berlin, De Gruyter, 1999-2015 (CC BY)	0.9
Jonathan	slug:jewish:rebbi-jonathan-b-hali	Rebbi Jonathan b. Hali		רִבִּי יוֹנָתָן בֶּן חֲלִי	Rebbi Jonathan b. Hali	Aramaic	Jewish	Rabbinic	Jerusalem Talmud	Jerusalem Talmud Sanhedrin	Jerusalem Talmud Sanhedrin 6:5:2	https://www.sefaria.org/Jerusalem_Talmud_Sanhedrin.6.5.2	1	sage	personal	attested		Sefaria topics (CC BY-SA) + text: The Jerusalem Talmud, edition by Heinrich W. Guggenheimer. Berlin, De Gruyter, 1999-2015 (CC BY)	0.9
La	slug:jewish:rebbi-la-from-kufra	Rebbi La from Kufra		רִבִּי לָא דְכֻפְרָא	Rebbi La from Kufra	Aramaic	Jewish	Rabbinic	Jerusalem Talmud	Jerusalem Talmud Sanhedrin	Jerusalem Talmud Sanhedrin 6:9:3	https://www.sefaria.org/Jerusalem_Talmud_Sanhedrin.6.9.3	1	sage	personal	attested		Sefaria topics (CC BY-SA) + text: The Jerusalem Talmud, edition by Heinrich W. Guggenheimer. Berlin, De Gruyter, 1999-2015 (CC BY)	0.9
Simeon	slug:jewish:rebbi-simeon-b-rebbi-hillel-b-pazi	Rebbi Simeon b. Rebbi Hillel b. Pazi		רִבִּי שִׁמְעוֹן בְּרֵיהּ דִּרִבִּי הִלֵּל בֶּן פָּזִי	Rebbi Simeon b. Rebbi Hillel b. Pazi	Aramaic	Jewish	Rabbinic	Jerusalem Talmud	Jerusalem Talmud Sanhedrin	Jerusalem Talmud Sanhedrin 7:5:2	https://www.sefaria.org/Jerusalem_Talmud_Sanhedrin.7.5.2	1	sage	personal	attested		Sefaria topics (CC BY-SA) + text: The Jerusalem Talmud, edition by Heinrich W. Guggenheimer. Berlin, De Gruyter, 1999-2015 (CC BY)	0.9
Yotam	Q109920	Jotham, Youngest son of Gideon who escaped Abimelech's massacre	boy	יותם	Yotam	Aramaic	Jewish	Rabbinic	Jerusalem Talmud	Jerusalem Talmud Sanhedrin	Jerusalem Talmud Sanhedrin 10:1:12	https://www.sefaria.org/Jerusalem_Talmud_Sanhedrin.10.1.12	1	human	personal	attested		Sefaria topics (CC BY-SA) + text: The Jerusalem Talmud, edition by Heinrich W. Guggenheimer. Berlin, De Gruyter, 1999-2015 (CC BY)	0.9
Chiel	slug:biblical:hiel@1ki.16.34	Hiel, The Bethelite who rebuilt Jericho	boy	חיאל	Chiel	Aramaic	Jewish	Rabbinic	Jerusalem Talmud	Jerusalem Talmud Sanhedrin	Jerusalem Talmud Sanhedrin 10:2:4	https://www.sefaria.org/Jerusalem_Talmud_Sanhedrin.10.2.4	3	human	personal	attested		Sefaria topics (CC BY-SA) + text: The Jerusalem Talmud, edition by Heinrich W. Guggenheimer. Berlin, De Gruyter, 1999-2015 (CC BY)	0.9
Jezebel	Q721295	Jezebel, Queen of Israel	girl	איזבל	Jezebel	Aramaic	Jewish	Rabbinic	Jerusalem Talmud	Jerusalem Talmud Sanhedrin	Jerusalem Talmud Sanhedrin 10:2:4	https://www.sefaria.org/Jerusalem_Talmud_Sanhedrin.10.2.4	1	royal	personal	attested		Sefaria topics (CC BY-SA) + text: The Jerusalem Talmud, edition by Heinrich W. Guggenheimer. Berlin, De Gruyter, 1999-2015 (CC BY)	0.9
Seguv	slug:jewish:seguv	Seguv		שגוב	Seguv	Aramaic	Jewish	Rabbinic	Jerusalem Talmud	Jerusalem Talmud Sanhedrin	Jerusalem Talmud Sanhedrin 10:2:5	https://www.sefaria.org/Jerusalem_Talmud_Sanhedrin.10.2.5	2	human	personal	attested		Sefaria topics (CC BY-SA) + text: The Jerusalem Talmud, edition by Heinrich W. Guggenheimer. Berlin, De Gruyter, 1999-2015 (CC BY)	0.9
Aviram	slug:jewish:aviram1	Aviram		אֲבִירָ֨ם	Aviram	Aramaic	Jewish	Rabbinic	Jerusalem Talmud	Jerusalem Talmud Sanhedrin	Jerusalem Talmud Sanhedrin 10:2:5	https://www.sefaria.org/Jerusalem_Talmud_Sanhedrin.10.2.5	2	human	personal	attested		Sefaria topics (CC BY-SA) + text: The Jerusalem Talmud, edition by Heinrich W. Guggenheimer. Berlin, De Gruyter, 1999-2015 (CC BY)	0.9
Shunamites	slug:jewish:shunamites	Shunamites		שונמית	Shunamites	Aramaic	Jewish	Rabbinic	Jerusalem Talmud	Jerusalem Talmud Sanhedrin	Jerusalem Talmud Sanhedrin 10:2:9	https://www.sefaria.org/Jerusalem_Talmud_Sanhedrin.10.2.9	1	human	personal	attested		Sefaria topics (CC BY-SA) + text: The Jerusalem Talmud, edition by Heinrich W. Guggenheimer. Berlin, De Gruyter, 1999-2015 (CC BY)	0.9
Amon	slug:biblical:amon@2ki.21.18-mat	Amon, King of Judah	boy	אמון	Amon	Aramaic	Jewish	Rabbinic	Jerusalem Talmud	Jerusalem Talmud Sanhedrin	Jerusalem Talmud Sanhedrin 10:2:13	https://www.sefaria.org/Jerusalem_Talmud_Sanhedrin.10.2.13	2	royal	personal	attested		Sefaria topics (CC BY-SA) + text: The Jerusalem Talmud, edition by Heinrich W. Guggenheimer. Berlin, De Gruyter, 1999-2015 (CC BY)	0.9
Samuel	slug:jewish:samuel-b-bina	Samuel b. Bina		שְׁמוּאֵל בַּר בִּינָא	Samuel b. Bina	Aramaic	Jewish	Rabbinic	Jerusalem Talmud	Jerusalem Talmud Sanhedrin	Jerusalem Talmud Sanhedrin 10:2:14	https://www.sefaria.org/Jerusalem_Talmud_Sanhedrin.10.2.14	1	sage	personal	attested		Sefaria topics (CC BY-SA) + text: The Jerusalem Talmud, edition by Heinrich W. Guggenheimer. Berlin, De Gruyter, 1999-2015 (CC BY)	0.9
Balaq	slug:jewish:balaq-b-sippor	Balaq b. Sippor		בָלָק בֶּן צִפּוֹר	Balaq b. Sippor	Aramaic	Jewish	Rabbinic	Jerusalem Talmud	Jerusalem Talmud Sanhedrin	Jerusalem Talmud Sanhedrin 10:2:15	https://www.sefaria.org/Jerusalem_Talmud_Sanhedrin.10.2.15	1	human	personal	attested		Sefaria topics (CC BY-SA) + text: The Jerusalem Talmud, edition by Heinrich W. Guggenheimer. Berlin, De Gruyter, 1999-2015 (CC BY)	0.9
Amasa	Q2689456	Amasa, Military commander	boy	עמשא	Amasa	Aramaic	Jewish	Rabbinic	Jerusalem Talmud	Jerusalem Talmud Sanhedrin	Jerusalem Talmud Sanhedrin 10:2:19	https://www.sefaria.org/Jerusalem_Talmud_Sanhedrin.10.2.19	1	human	personal	attested		Sefaria topics (CC BY-SA) + text: The Jerusalem Talmud, edition by Heinrich W. Guggenheimer. Berlin, De Gruyter, 1999-2015 (CC BY)	0.9
Jehudah	slug:jewish:jehudah-b-rebbi-hizqiah	Jehudah b. Rebbi Hizqiah		יְהוּדָה בֵּירִבִּי חִזְקִיָּה	Jehudah b. Rebbi Hizqiah	Aramaic	Jewish	Rabbinic	Jerusalem Talmud	Jerusalem Talmud Sanhedrin	Jerusalem Talmud Sanhedrin 10:3:3	https://www.sefaria.org/Jerusalem_Talmud_Sanhedrin.10.3.3	1	sage	personal	attested		Sefaria topics (CC BY-SA) + text: The Jerusalem Talmud, edition by Heinrich W. Guggenheimer. Berlin, De Gruyter, 1999-2015 (CC BY)	0.9
Zedekiah	slug:jewish:zedekiah-the-son-of-chenaanah	Zedekiah, the Son of Chenaanah		צדקיה בן כנענה	Zedekiah, the Son of Chenaanah	Aramaic	Jewish	Rabbinic	Jerusalem Talmud	Jerusalem Talmud Sanhedrin	Jerusalem Talmud Sanhedrin 11:5:2	https://www.sefaria.org/Jerusalem_Talmud_Sanhedrin.11.5.2	1	human	personal	attested		Sefaria topics (CC BY-SA) + text: The Jerusalem Talmud, edition by Heinrich W. Guggenheimer. Berlin, De Gruyter, 1999-2015 (CC BY)	0.9
Hanania	slug:jewish:hanania-b-azzur	Hanania b. Azzur		חֲנַנְיָה בֶּן עַזּוּר	Hanania b. Azzur	Aramaic	Jewish	Rabbinic	Jerusalem Talmud	Jerusalem Talmud Sanhedrin	Jerusalem Talmud Sanhedrin 11:5:2	https://www.sefaria.org/Jerusalem_Talmud_Sanhedrin.11.5.2	1	human	personal	attested		Sefaria topics (CC BY-SA) + text: The Jerusalem Talmud, edition by Heinrich W. Guggenheimer. Berlin, De Gruyter, 1999-2015 (CC BY)	0.9
Yose	slug:jewish:rebbi-yose-the-southerner	Rebbi Yose the Southerner		רִבִּי יוֹסֵי דְּרוֹמִייָא	Rebbi Yose the Southerner	Aramaic	Jewish	Rabbinic	Jerusalem Talmud	Jerusalem Talmud Shevuot	Jerusalem Talmud Shevuot 1:5:2	https://www.sefaria.org/Jerusalem_Talmud_Shevuot.1.5.2	1	sage	personal	attested		Sefaria topics (CC BY-SA) + text: The Jerusalem Talmud, edition by Heinrich W. Guggenheimer. Berlin, De Gruyter, 1999-2015 (CC BY)	0.9
Jacob	slug:jewish:rebbi-jacob-b-abinna	Rebbi Jacob b. Abinna		רִבִּי יַעֲקֹב בַּר אַבִּינָּא	Rebbi Jacob b. Abinna	Aramaic	Jewish	Rabbinic	Jerusalem Talmud	Jerusalem Talmud Shevuot	Jerusalem Talmud Shevuot 6:3:2	https://www.sefaria.org/Jerusalem_Talmud_Shevuot.6.3.2	1	sage	personal	attested		Sefaria topics (CC BY-SA) + text: The Jerusalem Talmud, edition by Heinrich W. Guggenheimer. Berlin, De Gruyter, 1999-2015 (CC BY)	0.9
Remus	slug:jewish:remus	Remus		רוֹמֻס	Remus	Aramaic	Jewish	Rabbinic	Jerusalem Talmud	Jerusalem Talmud Avodah Zarah	Jerusalem Talmud Avodah Zarah 1:2:8	https://www.sefaria.org/Jerusalem_Talmud_Avodah_Zarah.1.2.8	1	human	personal	attested		Sefaria topics (CC BY-SA) + text: The Jerusalem Talmud, edition by Heinrich W. Guggenheimer. Berlin, De Gruyter, 1999-2015 (CC BY)	0.9
Pharaoh Necho II	slug:jewish:pharaoh-necho-ii	Pharaoh Necho II		פרעה נכה	Pharaoh Necho II	Aramaic	Jewish	Rabbinic	Jerusalem Talmud	Jerusalem Talmud Avodah Zarah	Jerusalem Talmud Avodah Zarah 1:2:8	https://www.sefaria.org/Jerusalem_Talmud_Avodah_Zarah.1.2.8	1	human	personal	attested		Sefaria topics (CC BY-SA) + text: The Jerusalem Talmud, edition by Heinrich W. Guggenheimer. Berlin, De Gruyter, 1999-2015 (CC BY)	0.9
Simeon	slug:jewish:rebbi-simeon-b-johanan	Rebbi Simeon b. Johanan		רִבִּי שִׁמְעוֹן בֶּן יוֹחָנָן	Rebbi Simeon b. Johanan	Aramaic	Jewish	Rabbinic	Jerusalem Talmud	Jerusalem Talmud Avodah Zarah	Jerusalem Talmud Avodah Zarah 1:4:4	https://www.sefaria.org/Jerusalem_Talmud_Avodah_Zarah.1.4.4	1	sage	personal	attested		Sefaria topics (CC BY-SA) + text: The Jerusalem Talmud, edition by Heinrich W. Guggenheimer. Berlin, De Gruyter, 1999-2015 (CC BY)	0.9
Simon	slug:jewish:rabbi-simon	Rabbi Simon		רב סימון	Rabbi Simon	Aramaic	Jewish	Rabbinic	Jerusalem Talmud	Jerusalem Talmud Avodah Zarah	Jerusalem Talmud Avodah Zarah 1:9:7	https://www.sefaria.org/Jerusalem_Talmud_Avodah_Zarah.1.9.7	1	sage	personal	attested		Sefaria topics (CC BY-SA) + text: The Jerusalem Talmud, edition by Heinrich W. Guggenheimer. Berlin, De Gruyter, 1999-2015 (CC BY)	0.9
Seir	Q42532277	Seir, Horite chief	boy	שעיר	Seir	Aramaic	Jewish	Rabbinic	Jerusalem Talmud	Jerusalem Talmud Avodah Zarah	Jerusalem Talmud Avodah Zarah 2:1:8	https://www.sefaria.org/Jerusalem_Talmud_Avodah_Zarah.2.1.8	1	human	personal	attested		Sefaria topics (CC BY-SA) + text: The Jerusalem Talmud, edition by Heinrich W. Guggenheimer. Berlin, De Gruyter, 1999-2015 (CC BY)	0.9
Domitianus	slug:jewish:domitianus-of-tiberias	Domitianus of Tiberias		דֹמִיטִיָנִיס	Domitianus of Tiberias	Aramaic	Jewish	Rabbinic	Jerusalem Talmud	Jerusalem Talmud Avodah Zarah	Jerusalem Talmud Avodah Zarah 2:2:5	https://www.sefaria.org/Jerusalem_Talmud_Avodah_Zarah.2.2.5	1	sage	personal	attested		Sefaria topics (CC BY-SA) + text: The Jerusalem Talmud, edition by Heinrich W. Guggenheimer. Berlin, De Gruyter, 1999-2015 (CC BY)	0.9
Kahana	slug:jewish:rav-kahana-b-tahalifa	Rav Kahana b. Tahalifa		רב כהנא בר תחליפא	Rav Kahana b. Tahalifa	Aramaic	Jewish	Rabbinic	Jerusalem Talmud	Jerusalem Talmud Avodah Zarah	Jerusalem Talmud Avodah Zarah 2:9:3	https://www.sefaria.org/Jerusalem_Talmud_Avodah_Zarah.2.9.3	1	sage	personal	attested		Sefaria topics (CC BY-SA) + text: The Jerusalem Talmud, edition by Heinrich W. Guggenheimer. Berlin, De Gruyter, 1999-2015 (CC BY)	0.9
Levi	slug:jewish:levi-of-sanbar	Levi of Sanbar		לֵוִי צַנְבָּרַייָא	Levi of Sanbar	Aramaic	Jewish	Rabbinic	Jerusalem Talmud	Jerusalem Talmud Avodah Zarah	Jerusalem Talmud Avodah Zarah 2:9:7	https://www.sefaria.org/Jerusalem_Talmud_Avodah_Zarah.2.9.7	1	sage	personal	attested		Sefaria topics (CC BY-SA) + text: The Jerusalem Talmud, edition by Heinrich W. Guggenheimer. Berlin, De Gruyter, 1999-2015 (CC BY)	0.9
Jehudah	slug:jewish:rebbi-jehudah-b-gamliel	Rebbi Jehudah b. Gamliel		רבי יהודה בן גמליאל	Rebbi Jehudah b. Gamliel	Aramaic	Jewish	Rabbinic	Jerusalem Talmud	Jerusalem Talmud Avodah Zarah	Jerusalem Talmud Avodah Zarah 2:9:8	https://www.sefaria.org/Jerusalem_Talmud_Avodah_Zarah.2.9.8	1	sage	personal	attested		Sefaria topics (CC BY-SA) + text: The Jerusalem Talmud, edition by Heinrich W. Guggenheimer. Berlin, De Gruyter, 1999-2015 (CC BY)	0.9
Nahum	slug:jewish:nahum-the-man-of-the-most-holy	Nahum, the Man of the Most Holy		נחום איש קודש קדשים	Nahum, the Man of the Most Holy	Aramaic	Jewish	Rabbinic	Jerusalem Talmud	Jerusalem Talmud Avodah Zarah	Jerusalem Talmud Avodah Zarah 3:1:5	https://www.sefaria.org/Jerusalem_Talmud_Avodah_Zarah.3.1.5	2	sage	personal	attested		Sefaria topics (CC BY-SA) + text: The Jerusalem Talmud, edition by Heinrich W. Guggenheimer. Berlin, De Gruyter, 1999-2015 (CC BY)	0.9
Hanina	slug:jewish:rebbi-hanina-from-hauran	Rebbi Hanina from Hauran		רִבִּי חֲנִינָא דִבְרַת חַווְרָן	Rebbi Hanina from Hauran	Aramaic	Jewish	Rabbinic	Jerusalem Talmud	Jerusalem Talmud Avodah Zarah	Jerusalem Talmud Avodah Zarah 3:1:6	https://www.sefaria.org/Jerusalem_Talmud_Avodah_Zarah.3.1.6	1	sage	personal	attested		Sefaria topics (CC BY-SA) + text: The Jerusalem Talmud, edition by Heinrich W. Guggenheimer. Berlin, De Gruyter, 1999-2015 (CC BY)	0.9
Maacah	slug:jewish:maacah-(daughter-of-bethuel)	Maacah (Daughter of Bethuel)		מעכה	Maacah (Daughter of Bethuel)	Aramaic	Jewish	Rabbinic	Jerusalem Talmud	Jerusalem Talmud Avodah Zarah	Jerusalem Talmud Avodah Zarah 3:3:5	https://www.sefaria.org/Jerusalem_Talmud_Avodah_Zarah.3.3.5	1	human	personal	attested		Sefaria topics (CC BY-SA) + text: The Jerusalem Talmud, edition by Heinrich W. Guggenheimer. Berlin, De Gruyter, 1999-2015 (CC BY)	0.9
Proclos	slug:jewish:proclos-b-ploslos	Proclos b. Ploslos		פְּרִקְלוֹס בֶּן פְּלוֹסְלוֹס	Proclos b. Ploslos	Aramaic	Jewish	Rabbinic	Jerusalem Talmud	Jerusalem Talmud Avodah Zarah	Jerusalem Talmud Avodah Zarah 3:4:1	https://www.sefaria.org/Jerusalem_Talmud_Avodah_Zarah.3.4.1	2	sage	personal	attested		Sefaria topics (CC BY-SA) + text: The Jerusalem Talmud, edition by Heinrich W. Guggenheimer. Berlin, De Gruyter, 1999-2015 (CC BY)	0.9
Isaac	slug:jewish:rebbi-isaac-b-mattanah	Rebbi Isaac b. Mattanah		רִבִּי יִצְחָק בַּר מַתָּנָה	Rebbi Isaac b. Mattanah	Aramaic	Jewish	Rabbinic	Jerusalem Talmud	Jerusalem Talmud Avodah Zarah	Jerusalem Talmud Avodah Zarah 3:11:4	https://www.sefaria.org/Jerusalem_Talmud_Avodah_Zarah.3.11.4	1	sage	personal	attested		Sefaria topics (CC BY-SA) + text: The Jerusalem Talmud, edition by Heinrich W. Guggenheimer. Berlin, De Gruyter, 1999-2015 (CC BY)	0.9
Onias	slug:jewish:onias-b-hakhinai	Onias b. Hakhinai		חוֹנִיָּה בֶּן חֲכִינַאי	Onias b. Hakhinai	Aramaic	Jewish	Rabbinic	Jerusalem Talmud	Jerusalem Talmud Makkot	Jerusalem Talmud Makkot 3:8:1	https://www.sefaria.org/Jerusalem_Talmud_Makkot.3.8.1	1	sage	personal	attested		Sefaria topics (CC BY-SA) + text: The Jerusalem Talmud, edition by Heinrich W. Guggenheimer. Berlin, De Gruyter, 1999-2015 (CC BY)	0.9
Joshua	Q783824	Joshua the High Priest, biblical character (Book of Zechariah)	boy	יהושע כהן גדול	Joshua the High Priest	Aramaic	Jewish	Rabbinic	Jerusalem Talmud	Jerusalem Talmud Horayot	Jerusalem Talmud Horayot 3:5:6	https://www.sefaria.org/Jerusalem_Talmud_Horayot.3.5.6	1	human	personal	attested		Sefaria topics (CC BY-SA) + text: The Jerusalem Talmud, edition by Heinrich W. Guggenheimer. Berlin, De Gruyter, 1999-2015 (CC BY)	0.9
Yishmael	slug:jewish:yishmael-ben-netanyah	Yishmael ben Netanyah		ישמעאל בן נתניה	Yishmael ben Netanyah	Aramaic	Jewish	Rabbinic	Jerusalem Talmud	Jerusalem Talmud Horayot	Jerusalem Talmud Horayot 3:5:7	https://www.sefaria.org/Jerusalem_Talmud_Horayot.3.5.7	1	human	personal	attested		Sefaria topics (CC BY-SA) + text: The Jerusalem Talmud, edition by Heinrich W. Guggenheimer. Berlin, De Gruyter, 1999-2015 (CC BY)	0.85
Ismael	slug:jewish:ismael-b-netaniah-b-elishama	Ismael b. Netaniah b. Elishama		יִשְׁמָעֵ֣אל בֶּן־נְ֠תַנְיָה בֶּן־אֱלִ֨ישָׁמָ֝ע	Ismael b. Netaniah b. Elishama	Aramaic	Jewish	Rabbinic	Jerusalem Talmud	Jerusalem Talmud Horayot	Jerusalem Talmud Horayot 3:5:7	https://www.sefaria.org/Jerusalem_Talmud_Horayot.3.5.7	1	human	personal	attested		Sefaria topics (CC BY-SA) + text: The Jerusalem Talmud, edition by Heinrich W. Guggenheimer. Berlin, De Gruyter, 1999-2015 (CC BY)	0.9
Tobi	slug:jewish:rebbi-tobi	Rebbi Tobi		רִבִּי טוֹבִי	Rebbi Tobi	Aramaic	Jewish	Rabbinic	Jerusalem Talmud	Jerusalem Talmud Niddah	Jerusalem Talmud Niddah 1:1:4	https://www.sefaria.org/Jerusalem_Talmud_Niddah.1.1.4	1	sage	personal	attested		Sefaria topics (CC BY-SA) + text: The Jerusalem Talmud, edition by Heinrich W. Guggenheimer. Berlin, De Gruyter, 1999-2015 (CC BY)	0.9
Isaac	slug:jewish:isaac-b-jonathan	Isaac b. Jonathan		יִצְחָק בַּר יוֹנָתָן	Isaac b. Jonathan	Aramaic	Jewish	Rabbinic	Jerusalem Talmud	Jerusalem Talmud Niddah	Jerusalem Talmud Niddah 2:7:7	https://www.sefaria.org/Jerusalem_Talmud_Niddah.2.7.7	1	sage	personal	attested		Sefaria topics (CC BY-SA) + text: The Jerusalem Talmud, edition by Heinrich W. Guggenheimer. Berlin, De Gruyter, 1999-2015 (CC BY)	0.9
Gamliel	slug:jewish:gamliel-b-rebbi-leani	Gamliel b. Rebbi Leani		גַמְלִיאֵל בֵּירִבִּי לֵיאָנִי	Gamliel b. Rebbi Leani	Aramaic	Jewish	Rabbinic	Jerusalem Talmud	Jerusalem Talmud Niddah	Jerusalem Talmud Niddah 3:5:3	https://www.sefaria.org/Jerusalem_Talmud_Niddah.3.5.3	1	sage	personal	attested		Sefaria topics (CC BY-SA) + text: The Jerusalem Talmud, edition by Heinrich W. Guggenheimer. Berlin, De Gruyter, 1999-2015 (CC BY)	0.9
Haggai	slug:jewish:rabbi-haggai	Rabbi Haggai	boy	רבי חגי	Rabbi Haggai	Hebrew	Jewish	Rabbinic	Midrash Rabbah	Bereshit Rabbah	Bereshit Rabbah 7:2	https://www.sefaria.org/Bereshit_Rabbah.7.2	31	sage	personal	attested		Sefaria topics (CC BY-SA) + text: Daat Bereshit Rabbah (Public Domain)	0.9
Yochanan	Q1397565	Rabbi Yochanan b. Napacha, 3rd-century Judean rabbi	boy	רבי יוחנן	Rabbi Yochanan b. Napacha	Hebrew	Jewish	Rabbinic	Midrash Rabbah	Bereshit Rabbah	Bereshit Rabbah 7:2	https://www.sefaria.org/Bereshit_Rabbah.7.2	423	sage	personal	attested		Sefaria topics (CC BY-SA) + text: Daat Bereshit Rabbah (Public Domain)	0.9
Shimon	Q557405	Rabbi Shimon bar Yochai, Jewish rabbi author of the Zohar	boy	רבי שמעון בר יוחאי	Rabbi Shimon bar Yochai	Hebrew	Jewish	Rabbinic	Midrash Rabbah	Bereshit Rabbah	Bereshit Rabbah 7:2	https://www.sefaria.org/Bereshit_Rabbah.7.2	321	sage	personal	attested		Sefaria topics (CC BY-SA) + text: Daat Bereshit Rabbah (Public Domain)	0.9
Pinchas	slug:jewish:rabbi-pinchas	Rabbi Pinchas		רבי פנחס	Rabbi Pinchas	Hebrew	Jewish	Rabbinic	Midrash Rabbah	Bereshit Rabbah	Bereshit Rabbah 7:4	https://www.sefaria.org/Bereshit_Rabbah.7.4	126	sage	personal	attested		Sefaria topics (CC BY-SA) + text: Daat Bereshit Rabbah (Public Domain)	0.85
Aha	slug:jewish:rav-aha	Rav Aha, amora	boy	רב אחא	Rav Aha	Hebrew	Jewish	Rabbinic	Midrash Rabbah	Bereshit Rabbah	Bereshit Rabbah 7:4	https://www.sefaria.org/Bereshit_Rabbah.7.4	179	sage	personal	attested		Sefaria topics (CC BY-SA) + text: Daat Bereshit Rabbah (Public Domain)	0.85
Shimon	Q1391489	Rabbi Shimon b. Lakish, Jewish rabbi and amora (c. 200 — c. 275)	boy	רבי שמעון בן לקיש	Rabbi Shimon b. Lakish	Hebrew	Jewish	Rabbinic	Midrash Rabbah	Bereshit Rabbah	Bereshit Rabbah 7:4	https://www.sefaria.org/Bereshit_Rabbah.7.4	208	sage	personal	attested		Sefaria topics (CC BY-SA) + text: Daat Bereshit Rabbah (Public Domain)	0.85
Huna	Q1794530	Rav Huna, 3rd century Babylonian Talmudist and Exilarch	boy	רב הונא	Rav Huna	Hebrew	Jewish	Rabbinic	Midrash Rabbah	Bereshit Rabbah	Bereshit Rabbah 7:4	https://www.sefaria.org/Bereshit_Rabbah.7.4	22	sage	personal	attested		Sefaria topics (CC BY-SA) + text: Daat Bereshit Rabbah (Public Domain)	0.85
Matenah	slug:jewish:rav-matenah	Rav Matenah, amora	boy	רב מתנה	Rav Matenah	Hebrew	Jewish	Rabbinic	Midrash Rabbah	Bereshit Rabbah	Bereshit Rabbah 7:4	https://www.sefaria.org/Bereshit_Rabbah.7.4	3	sage	personal	attested		Sefaria topics (CC BY-SA) + text: Daat Bereshit Rabbah (Public Domain)	0.85
Yirmeyah	slug:jewish:rabbi-yirmeyah	Rabbi Yirmeyah	boy	רבי ירמיה	Rabbi Yirmeyah	Hebrew	Jewish	Rabbinic	Midrash Rabbah	Bereshit Rabbah	Bereshit Rabbah 7:4	https://www.sefaria.org/Bereshit_Rabbah.7.4	48	sage	personal	attested		Sefaria topics (CC BY-SA) + text: Daat Bereshit Rabbah (Public Domain)	0.9
Yonah	Q1702866	Rabbi Yonah, 4th-century Palestinian amora and rabbi	boy	רבי יונה	Rabbi Yonah	Hebrew	Jewish	Rabbinic	Midrash Rabbah	Bereshit Rabbah	Bereshit Rabbah 7:4	https://www.sefaria.org/Bereshit_Rabbah.7.4	27	sage	personal	attested		Sefaria topics (CC BY-SA) + text: Daat Bereshit Rabbah (Public Domain)	0.85
Oshaya	Q1630319	Rabbi Oshaya, early 3rd century Judean Jewish Amora	boy	רבי אושעיא	Rabbi Oshaya	Hebrew	Jewish	Rabbinic	Midrash Rabbah	Bereshit Rabbah	Bereshit Rabbah 7:5	https://www.sefaria.org/Bereshit_Rabbah.7.5	51	sage	personal	attested	no open Hebrew text; the open English translation reads 'Rabbi Hoshaya'	Sefaria topics (CC BY-SA) + text: Daat Bereshit Rabbah (Public Domain)	0.9
Hama	slug:jewish:rav-hama-b-gurya	Rav Hama b. Gurya, amora	boy	רב חמא בר גוריא	Rav Hama b. Gurya	Hebrew	Jewish	Rabbinic	Midrash Rabbah	Bereshit Rabbah	Bereshit Rabbah 7:5	https://www.sefaria.org/Bereshit_Rabbah.7.5	86	sage	personal	attested		Sefaria topics (CC BY-SA) + text: Daat Bereshit Rabbah (Public Domain)	0.85
Jeremiah	slug:jewish:rebbi-jeremiah-b-eleazar	Rebbi Jeremiah b. Eleazar		רִבִּי יִרְמְיָה בֶּן אֶלְעָזָר	Rebbi Jeremiah b. Eleazar	Hebrew	Jewish	Rabbinic	Midrash Rabbah	Bereshit Rabbah	Bereshit Rabbah 8:1	https://www.sefaria.org/Bereshit_Rabbah.8.1	11	sage	personal	attested		Sefaria topics (CC BY-SA) + text: Daat Bereshit Rabbah (Public Domain)	0.85
Shmuel	Q2219010	Rabbi Shmuel b. Nahmani, Israeli rabbi	boy	רבי שמואל בן נחמן	Rabbi Shmuel b. Nahmani	Hebrew	Jewish	Rabbinic	Midrash Rabbah	Bereshit Rabbah	Bereshit Rabbah 8:1	https://www.sefaria.org/Bereshit_Rabbah.8.1	252	sage	personal	attested		Sefaria topics (CC BY-SA) + text: Daat Bereshit Rabbah (Public Domain)	0.85
Samuel	slug:jewish:rebbi-samuel	Rebbi Samuel		רבי שמואל	Rebbi Samuel	Hebrew	Jewish	Rabbinic	Midrash Rabbah	Bereshit Rabbah	Bereshit Rabbah 8:1	https://www.sefaria.org/Bereshit_Rabbah.8.1	245	sage	personal	attested		Sefaria topics (CC BY-SA) + text: Daat Bereshit Rabbah (Public Domain)	0.85
Nachman [b. Ya'akov]	Q2124832	Rav Nachman [b. Ya'akov], Babylonian rabbi	boy	רב נחמן	Rav Nachman [b. Ya'akov]	Hebrew	Jewish	Rabbinic	Midrash Rabbah	Bereshit Rabbah	Bereshit Rabbah 8:1	https://www.sefaria.org/Bereshit_Rabbah.8.1	181	sage	personal	attested		Sefaria topics (CC BY-SA) + text: Daat Bereshit Rabbah (Public Domain)	0.85
Tanhuma	Q2392189	Rabbi Tanhuma b. Abba, Jewish amora	boy	רבי תנחומא	Rabbi Tanhuma b. Abba	Hebrew	Jewish	Rabbinic	Midrash Rabbah	Bereshit Rabbah	Bereshit Rabbah 8:1	https://www.sefaria.org/Bereshit_Rabbah.8.1	133	sage	personal	attested		Sefaria topics (CC BY-SA) + text: Daat Bereshit Rabbah (Public Domain)	0.85
Banna'ah	slug:jewish:rabbi-bannaah	Rabbi Banna'ah	boy	רבי בנאה	Rabbi Banna'ah	Hebrew	Jewish	Rabbinic	Midrash Rabbah	Bereshit Rabbah	Bereshit Rabbah 8:1	https://www.sefaria.org/Bereshit_Rabbah.8.1	8	sage	personal	attested		Sefaria topics (CC BY-SA) + text: Daat Bereshit Rabbah (Public Domain)	0.85
Berekhyah	slug:jewish:rabbi-berekhyah	Rabbi Berekhyah, amora	boy	רבי ברכיה	Rabbi Berekhyah	Hebrew	Jewish	Rabbinic	Midrash Rabbah	Bereshit Rabbah	Bereshit Rabbah 8:1	https://www.sefaria.org/Bereshit_Rabbah.8.1	359	sage	personal	attested		Sefaria topics (CC BY-SA) + text: Daat Bereshit Rabbah (Public Domain)	0.85
Yehoshua [b. Hananyah]	Q1686568	Rabbi Yehoshua [b. Hananyah], late 1st/early 2nd century Jewish tanna and sage	boy	ר יהושע	Rabbi Yehoshua [b. Hananyah]	Hebrew	Jewish	Rabbinic	Midrash Rabbah	Bereshit Rabbah	Bereshit Rabbah 8:1	https://www.sefaria.org/Bereshit_Rabbah.8.1	355	sage	personal	attested		Sefaria topics (CC BY-SA) + text: Daat Bereshit Rabbah (Public Domain)	0.9
Bar Nehemiah	slug:jewish:bar-nehemiah	Bar Nehemiah		בַר נְחֶמְיָה	Bar Nehemiah	Hebrew	Jewish	Rabbinic	Midrash Rabbah	Bereshit Rabbah	Bereshit Rabbah 8:1	https://www.sefaria.org/Bereshit_Rabbah.8.1	26	sage	personal	attested		Sefaria topics (CC BY-SA) + text: Daat Bereshit Rabbah (Public Domain)	0.85
Yehudah [b. Il'ai]	Q1391585	Rabbi Yehudah [b. Il'ai], rabbi	boy	רבי יהודה	Rabbi Yehudah [b. Il'ai]	Hebrew	Jewish	Rabbinic	Midrash Rabbah	Bereshit Rabbah	Bereshit Rabbah 8:1	https://www.sefaria.org/Bereshit_Rabbah.8.1	324	sage	personal	attested		Sefaria topics (CC BY-SA) + text: Daat Bereshit Rabbah (Public Domain)	0.9
Yehudah	slug:jewish:rebbi-yehudah-b-rebbi-simon	Rebbi Yehudah b. Rebbi Simon		רב יהודה בר סימון	Rebbi Yehudah b. Rebbi Simon	Hebrew	Jewish	Rabbinic	Midrash Rabbah	Bereshit Rabbah	Bereshit Rabbah 8:1	https://www.sefaria.org/Bereshit_Rabbah.8.1	66	sage	personal	attested		Sefaria topics (CC BY-SA) + text: Daat Bereshit Rabbah (Public Domain)	0.85
Simlai	Q1253140	Rabbi Simlai, amora	boy	רבי שמלאי	Rabbi Simlai	Hebrew	Jewish	Rabbinic	Midrash Rabbah	Bereshit Rabbah	Bereshit Rabbah 8:1	https://www.sefaria.org/Bereshit_Rabbah.8.1	24	sage	personal	attested		Sefaria topics (CC BY-SA) + text: Daat Bereshit Rabbah (Public Domain)	0.85
Hama	slug:jewish:rabbi-hama-b-r-hanina	Rabbi Hama b. R. Hanina, amora	boy	רבי חמא בר רבי חנינא	Rabbi Hama b. R. Hanina	Hebrew	Jewish	Rabbinic	Midrash Rabbah	Bereshit Rabbah	Bereshit Rabbah 8:2	https://www.sefaria.org/Bereshit_Rabbah.8.2	51	sage	personal	attested		Sefaria topics (CC BY-SA) + text: Daat Bereshit Rabbah (Public Domain)	0.85
Levi	Q1242706	Rabbi Levi, 3rd century Jewish scholar	boy	רבי לוי	Rabbi Levi	Hebrew	Jewish	Rabbinic	Midrash Rabbah	Bereshit Rabbah	Bereshit Rabbah 8:3	https://www.sefaria.org/Bereshit_Rabbah.8.3	519	sage	personal	attested		Sefaria topics (CC BY-SA) + text: Daat Bereshit Rabbah (Public Domain)	0.85
Assi	Q741463	Rav Assi (II), Jewish Talmudist and rabbi	boy	רב אסי (2)	Rav Assi (II)	Hebrew	Jewish	Rabbinic	Midrash Rabbah	Bereshit Rabbah	Bereshit Rabbah 8:3	https://www.sefaria.org/Bereshit_Rabbah.8.3	19	sage	personal	attested		Sefaria topics (CC BY-SA) + text: Daat Bereshit Rabbah (Public Domain)	0.85
Shimon	slug:jewish:rabbi-shimon-b-pazzi	Rabbi Shimon b. Pazzi	boy	רבי שמעון בן פזי	Rabbi Shimon b. Pazzi	Hebrew	Jewish	Rabbinic	Midrash Rabbah	Bereshit Rabbah	Bereshit Rabbah 8:5	https://www.sefaria.org/Bereshit_Rabbah.8.5	183	sage	personal	attested		Sefaria topics (CC BY-SA) + text: Daat Bereshit Rabbah (Public Domain)	0.85
Hilqiah	slug:jewish:rebbi-hilqiah	Rebbi Hilqiah		רבי חלקיה	Rebbi Hilqiah	Hebrew	Jewish	Rabbinic	Midrash Rabbah	Bereshit Rabbah	Bereshit Rabbah 8:5	https://www.sefaria.org/Bereshit_Rabbah.8.5	8	sage	personal	attested		Sefaria topics (CC BY-SA) + text: Daat Bereshit Rabbah (Public Domain)	0.85
Huna	slug:jewish:rebbi-huna	Rebbi Huna		רִבִּי חוּנָה	Rebbi Huna	Hebrew	Jewish	Rabbinic	Midrash Rabbah	Bereshit Rabbah	Bereshit Rabbah 8:5	https://www.sefaria.org/Bereshit_Rabbah.8.5	171	sage	personal	attested		Sefaria topics (CC BY-SA) + text: Daat Bereshit Rabbah (Public Domain)	0.85
Yonatan	Q449288	Rabbi Yonatan, tanna	boy	רבי יונתן	Rabbi Yonatan	Hebrew	Jewish	Rabbinic	Midrash Rabbah	Bereshit Rabbah	Bereshit Rabbah 8:8	https://www.sefaria.org/Bereshit_Rabbah.8.8	71	sage	personal	attested		Sefaria topics (CC BY-SA) + text: Daat Bereshit Rabbah (Public Domain)	0.85
Moses	Q9077	Moses, prophet who led the Israelites out of Egypt	boy	משה	Moses	Hebrew	Jewish	Rabbinic	Midrash Rabbah	Bereshit Rabbah	Bereshit Rabbah 8:8	https://www.sefaria.org/Bereshit_Rabbah.8.8	125	human	personal	attested		Sefaria topics (CC BY-SA) + text: Daat Bereshit Rabbah (Public Domain)	0.9
Adam	Q70899	Adam, the first man	boy	אדם הראשון	Adam	Hebrew	Jewish	Rabbinic	Midrash Rabbah	Bereshit Rabbah	Bereshit Rabbah 8:10	https://www.sefaria.org/Bereshit_Rabbah.8.10	42	human	personal	attested		Sefaria topics (CC BY-SA) + text: Daat Bereshit Rabbah (Public Domain)	0.9
Ptolemy	slug:jewish:king-ptolemy	King Ptolemy		תַלְמַי הַמֶּלֶךְ	King Ptolemy	Hebrew	Jewish	Rabbinic	Midrash Rabbah	Bereshit Rabbah	Bereshit Rabbah 8:11	https://www.sefaria.org/Bereshit_Rabbah.8.11	6	sage	personal	attested		Sefaria topics (CC BY-SA) + text: Daat Bereshit Rabbah (Public Domain)	0.85
Ya'akov	slug:jewish:rabbi-yaakov-b-qorshai	Rabbi Ya'akov b. Qorshai, tanna	boy	ר יעקב בן קרשי	Rabbi Ya'akov b. Qorshai	Hebrew	Jewish	Rabbinic	Midrash Rabbah	Bereshit Rabbah	Bereshit Rabbah 8:12	https://www.sefaria.org/Bereshit_Rabbah.8.12	46	sage	personal	attested		Sefaria topics (CC BY-SA) + text: Daat Bereshit Rabbah (Public Domain)	0.85
Jacob	slug:jewish:rebbi-jacob-from-kefar-hanan	Rebbi Jacob from Kefar Hanan		רִבִּי יַעֲקֹב דִּכְפַר חָנָן	Rebbi Jacob from Kefar Hanan	Hebrew	Jewish	Rabbinic	Midrash Rabbah	Bereshit Rabbah	Bereshit Rabbah 8:12	https://www.sefaria.org/Bereshit_Rabbah.8.12	13	sage	personal	attested		Sefaria topics (CC BY-SA) + text: Daat Bereshit Rabbah (Public Domain)	0.85
Bar Kappara	Q449117	Bar Kappara, late 2nd/early 3rd century Jewish rabbi	boy	בר קפרא	Bar Kappara	Hebrew	Jewish	Rabbinic	Midrash Rabbah	Bereshit Rabbah	Bereshit Rabbah 8:12	https://www.sefaria.org/Bereshit_Rabbah.8.12	54	sage	personal	attested	no open Hebrew text; the open English translation reads 'Bar Kappara'	Sefaria topics (CC BY-SA) + text: Daat Bereshit Rabbah (Public Domain)	0.9
Yohanan	slug:jewish:rabbi-yohanan-b-berokah	Rabbi Yohanan b. Berokah, tanna	boy	רבי יוחנן בן ברוקה	Rabbi Yohanan b. Berokah	Hebrew	Jewish	Rabbinic	Midrash Rabbah	Bereshit Rabbah	Bereshit Rabbah 8:12	https://www.sefaria.org/Bereshit_Rabbah.8.12	3	sage	personal	attested		Sefaria topics (CC BY-SA) + text: Daat Bereshit Rabbah (Public Domain)	0.85
Isaac	slug:jewish:rebbi-isaac-b-marion	Rebbi Isaac b. Marion		רִבִּי יִצְחָק בַּר מַרְיוֹן	Rebbi Isaac b. Marion	Hebrew	Jewish	Rabbinic	Midrash Rabbah	Bereshit Rabbah	Bereshit Rabbah 8:12	https://www.sefaria.org/Bereshit_Rabbah.8.12	10	sage	personal	attested		Sefaria topics (CC BY-SA) + text: Daat Bereshit Rabbah (Public Domain)	0.85
Abahu	Q305830	Rabbi Abahu, member of the third generation of Amoraim	boy	רַ' אַבָּהוּ	Rabbi Abahu	Hebrew	Jewish	Rabbinic	Midrash Rabbah	Bereshit Rabbah	Bereshit Rabbah 8:13	https://www.sefaria.org/Bereshit_Rabbah.8.13	101	sage	personal	attested		Sefaria topics (CC BY-SA) + text: Daat Bereshit Rabbah (Public Domain)	0.9
Yitzhak	slug:jewish:rabbi-yitzhak	Rabbi Yitzhak, tanna	boy	רבי יצחק	Rabbi Yitzhak	Hebrew	Jewish	Rabbinic	Midrash Rabbah	Bereshit Rabbah	Bereshit Rabbah 9:3	https://www.sefaria.org/Bereshit_Rabbah.9.3	311	sage	personal	attested		Sefaria topics (CC BY-SA) + text: Daat Bereshit Rabbah (Public Domain)	0.85
Yudan	slug:jewish:rabbi-yudan	Rabbi Yudan		רבי יודן	Rabbi Yudan	Hebrew	Jewish	Rabbinic	Midrash Rabbah	Bereshit Rabbah	Bereshit Rabbah 9:3	https://www.sefaria.org/Bereshit_Rabbah.9.3	242	sage	personal	attested		Sefaria topics (CC BY-SA) + text: Daat Bereshit Rabbah (Public Domain)	0.85
Meir	Q1621623	Rabbi Meir, 2nd century Jewish sage	boy	רבי מאיר	Rabbi Meir	Hebrew	Jewish	Rabbinic	Midrash Rabbah	Bereshit Rabbah	Bereshit Rabbah 9:5	https://www.sefaria.org/Bereshit_Rabbah.9.5	118	sage	personal	attested		Sefaria topics (CC BY-SA) + text: Daat Bereshit Rabbah (Public Domain)	0.9
Chiyya	slug:jewish:rabbi-chiyya	Rabbi Chiyya	boy	רבי חייא	Rabbi Chiyya	Hebrew	Jewish	Rabbinic	Midrash Rabbah	Bereshit Rabbah	Bereshit Rabbah 9:5	https://www.sefaria.org/Bereshit_Rabbah.9.5	77	sage	personal	attested		Sefaria topics (CC BY-SA) + text: Daat Bereshit Rabbah (Public Domain)	0.85
Shimon	slug:jewish:rabbi-shimon-b-elazar	Rabbi Shimon b. Elazar, tanna	boy	רבי שמעון בן אלעזר	Rabbi Shimon b. Elazar	Hebrew	Jewish	Rabbinic	Midrash Rabbah	Bereshit Rabbah	Bereshit Rabbah 9:6	https://www.sefaria.org/Bereshit_Rabbah.9.6	13	sage	personal	attested		Sefaria topics (CC BY-SA) + text: Daat Bereshit Rabbah (Public Domain)	0.85
Nahman	slug:jewish:rav-nahman-b-samuel-b-nahman	Rav Nahman b. Samuel b. Nahman		רַב נַחְמָן בַּר שְׁמוּאֵל בַּר נַחְמָן	Rav Nahman b. Samuel b. Nahman	Hebrew	Jewish	Rabbinic	Midrash Rabbah	Bereshit Rabbah	Bereshit Rabbah 9:7	https://www.sefaria.org/Bereshit_Rabbah.9.7	1	sage	personal	attested		Sefaria topics (CC BY-SA) + text: Daat Bereshit Rabbah (Public Domain)	0.85
Zeira	slug:jewish:rav-zera	Rabbi Zeira, amora	boy	רבי זירא	Rabbi Zeira	Hebrew	Jewish	Rabbinic	Midrash Rabbah	Bereshit Rabbah	Bereshit Rabbah 9:9	https://www.sefaria.org/Bereshit_Rabbah.9.9	50	sage	personal	attested		Sefaria topics (CC BY-SA) + text: Daat Bereshit Rabbah (Public Domain)	0.85
Shmuel	slug:jewish:rabbi-shmuel-b-yitzhak	Rabbi Shmuel b. Yitzhak, amora	boy	רב שמואל בר יצחק	Rabbi Shmuel b. Yitzhak	Hebrew	Jewish	Rabbinic	Midrash Rabbah	Bereshit Rabbah	Bereshit Rabbah 9:10	https://www.sefaria.org/Bereshit_Rabbah.9.10	31	sage	personal	attested		Sefaria topics (CC BY-SA) + text: Daat Bereshit Rabbah (Public Domain)	0.9
Shimon	slug:jewish:rabbi-shimon-b-abba	Rabbi Shimon b. Abba, amora	boy	ר שמעון בר ווא	Rabbi Shimon b. Abba	Hebrew	Jewish	Rabbinic	Midrash Rabbah	Bereshit Rabbah	Bereshit Rabbah 9:11	https://www.sefaria.org/Bereshit_Rabbah.9.11	24	sage	personal	attested		Sefaria topics (CC BY-SA) + text: Daat Bereshit Rabbah (Public Domain)	0.85
Eliezer	slug:jewish:rabbi-eliezer-b-hyrcanus	Rabbi Eliezer b. Hyrcanus, tanna	boy	רבי אליעזר	Rabbi Eliezer b. Hyrcanus	Hebrew	Jewish	Rabbinic	Midrash Rabbah	Bereshit Rabbah	Bereshit Rabbah 10:2	https://www.sefaria.org/Bereshit_Rabbah.10.2	135	sage	personal	attested		Sefaria topics (CC BY-SA) + text: Daat Bereshit Rabbah (Public Domain)	0.9
Aphes	slug:jewish:rabbi-aphes	Rabbi Aphes, amora	boy	ר אפס	Rabbi Aphes	Hebrew	Jewish	Rabbinic	Midrash Rabbah	Bereshit Rabbah	Bereshit Rabbah 10:4	https://www.sefaria.org/Bereshit_Rabbah.10.4	3	sage	personal	attested		Sefaria topics (CC BY-SA) + text: Daat Bereshit Rabbah (Public Domain)	0.85
Hanan	slug:jewish:rebbi-hanan	Rebbi Hanan		רִבִּי חָנָן	Rebbi Hanan	Hebrew	Jewish	Rabbinic	Midrash Rabbah	Bereshit Rabbah	Bereshit Rabbah 10:4	https://www.sefaria.org/Bereshit_Rabbah.10.4	8	sage	personal	attested		Sefaria topics (CC BY-SA) + text: Daat Bereshit Rabbah (Public Domain)	0.85
Yehoshua	Q359782	Rabbi Yehoshua ben Levi, 3rd century Judean scholar of the Talmud	boy	רבי יהושע בן לוי	Rabbi Yehoshua ben Levi	Hebrew	Jewish	Rabbinic	Midrash Rabbah	Bereshit Rabbah	Bereshit Rabbah 10:5	https://www.sefaria.org/Bereshit_Rabbah.10.5	181	sage	personal	attested		Sefaria topics (CC BY-SA) + text: Daat Bereshit Rabbah (Public Domain)	0.9
Hanina	Q1062217	Rabbi Hanina b. Pappa, Jewish scholar	boy	רבי חנינא בר פפא	Rabbi Hanina b. Pappa	Hebrew	Jewish	Rabbinic	Midrash Rabbah	Bereshit Rabbah	Bereshit Rabbah 10:6	https://www.sefaria.org/Bereshit_Rabbah.10.6	33	sage	personal	attested		Sefaria topics (CC BY-SA) + text: Daat Bereshit Rabbah (Public Domain)	0.85
Tanchum	slug:jewish:rabbi-tanchum-b-chiya	Rabbi Tanchum b. Chiya		רבי תנחום בר חייא	Rabbi Tanchum b. Chiya	Hebrew	Jewish	Rabbinic	Midrash Rabbah	Bereshit Rabbah	Bereshit Rabbah 10:6	https://www.sefaria.org/Bereshit_Rabbah.10.6	3	sage	personal	attested		Sefaria topics (CC BY-SA) + text: Daat Bereshit Rabbah (Public Domain)	0.85
Tanchum	slug:jewish:rabbi-tanchum	Rabbi Tanchum		רבי תנחום	Rabbi Tanchum	Hebrew	Jewish	Rabbinic	Midrash Rabbah	Bereshit Rabbah	Bereshit Rabbah 10:6	https://www.sefaria.org/Bereshit_Rabbah.10.6	33	sage	personal	attested		Sefaria topics (CC BY-SA) + text: Daat Bereshit Rabbah (Public Domain)	0.85
Helbo	Q1069053	Rabbi Helbo, important figure in Judaism	boy	רבי חלבו	Rabbi Helbo	Hebrew	Jewish	Rabbinic	Midrash Rabbah	Bereshit Rabbah	Bereshit Rabbah 10:7	https://www.sefaria.org/Bereshit_Rabbah.10.7	45	sage	personal	attested		Sefaria topics (CC BY-SA) + text: Daat Bereshit Rabbah (Public Domain)	0.85
Yannai	slug:jewish:rabbi-yannai	Rabbi Yannai, amora	boy	רבי ינאי	Rabbi Yannai	Hebrew	Jewish	Rabbinic	Midrash Rabbah	Bereshit Rabbah	Bereshit Rabbah 10:7	https://www.sefaria.org/Bereshit_Rabbah.10.7	59	sage	personal	attested		Sefaria topics (CC BY-SA) + text: Daat Bereshit Rabbah (Public Domain)	0.85
Yitzhak	slug:jewish:rabbi-yitzhak-b-elazar	Rabbi Yitzhak b. Elazar, amora	boy	רבי יצחק בן אליעזר	Rabbi Yitzhak b. Elazar	Hebrew	Jewish	Rabbinic	Midrash Rabbah	Bereshit Rabbah	Bereshit Rabbah 10:7	https://www.sefaria.org/Bereshit_Rabbah.10.7	6	sage	personal	attested		Sefaria topics (CC BY-SA) + text: Daat Bereshit Rabbah (Public Domain)	0.85
Titus	slug:jewish:titus	Titus		טיטוס	Titus	Hebrew	Jewish	Rabbinic	Midrash Rabbah	Bereshit Rabbah	Bereshit Rabbah 10:7	https://www.sefaria.org/Bereshit_Rabbah.10.7	3	sage	personal	attested		Sefaria topics (CC BY-SA) + text: Daat Bereshit Rabbah (Public Domain)	0.9
Yishmael	Q1391069	Rabbi Yishmael b. Elisha, 2nd century Mishnah rabbi	boy	רבי ישמעאל	Rabbi Yishmael b. Elisha	Hebrew	Jewish	Rabbinic	Midrash Rabbah	Bereshit Rabbah	Bereshit Rabbah 10:8	https://www.sefaria.org/Bereshit_Rabbah.10.8	76	sage	personal	attested		Sefaria topics (CC BY-SA) + text: Daat Bereshit Rabbah (Public Domain)	0.85
Chanina	Q568935	Rabbi Chanina b. Dosa, Mishnah Rabbi	boy	רבי חנינא בן דוסא	Rabbi Chanina b. Dosa	Hebrew	Jewish	Rabbinic	Midrash Rabbah	Bereshit Rabbah	Bereshit Rabbah 10:8	https://www.sefaria.org/Bereshit_Rabbah.10.8	3	sage	personal	attested		Sefaria topics (CC BY-SA) + text: Daat Bereshit Rabbah (Public Domain)	0.9
Yishmael	Q2902804	Rabbi Yishmael b. Yose, Early 3rd century Judean rabbi	boy	ר ישמעאל בר יוסי	Rabbi Yishmael b. Yose	Hebrew	Jewish	Rabbinic	Midrash Rabbah	Bereshit Rabbah	Bereshit Rabbah 10:8	https://www.sefaria.org/Bereshit_Rabbah.10.8	9	sage	personal	attested		Sefaria topics (CC BY-SA) + text: Daat Bereshit Rabbah (Public Domain)	0.85
Abba	slug:jewish:rabbi-abba	Rabbi Abba, amora	boy	רבי אבא	Rabbi Abba	Hebrew	Jewish	Rabbinic	Midrash Rabbah	Bereshit Rabbah	Bereshit Rabbah 10:8	https://www.sefaria.org/Bereshit_Rabbah.10.8	175	sage	personal	attested		Sefaria topics (CC BY-SA) + text: Daat Bereshit Rabbah (Public Domain)	0.85
Abba Yudan	slug:jewish:abba-yudan	Abba Yudan		אבא יודן	Abba Yudan	Hebrew	Jewish	Rabbinic	Midrash Rabbah	Bereshit Rabbah	Bereshit Rabbah 10:8	https://www.sefaria.org/Bereshit_Rabbah.10.8	2	sage	personal	attested	no open Hebrew text; the open English translation reads 'Abba Yudan'	Sefaria topics (CC BY-SA) + text: Daat Bereshit Rabbah (Public Domain)	0.9
Levi	slug:jewish:rabbi-levi-b-hayyata	Rabbi Levi b. Hayyata		רבי לוי בר חיתא	Rabbi Levi b. Hayyata	Hebrew	Jewish	Rabbinic	Midrash Rabbah	Bereshit Rabbah	Bereshit Rabbah 12:1	https://www.sefaria.org/Bereshit_Rabbah.12.1	6	sage	personal	attested		Sefaria topics (CC BY-SA) + text: Daat Bereshit Rabbah (Public Domain)	0.85
Nehemiyah	Q2902906	Rabbi Nehemiyah, 2nd century CE Jewish scholar and rabbi	boy	רבי נחמיה	Rabbi Nehemiyah	Hebrew	Jewish	Rabbinic	Midrash Rabbah	Bereshit Rabbah	Bereshit Rabbah 12:4	https://www.sefaria.org/Bereshit_Rabbah.12.4	151	sage	personal	attested		Sefaria topics (CC BY-SA) + text: Daat Bereshit Rabbah (Public Domain)	0.85
Azariah	slug:jewish:rebbi-azariah	Rebbi Azariah		רִבִּי עֲזַרְיָה	Rebbi Azariah	Hebrew	Jewish	Rabbinic	Midrash Rabbah	Bereshit Rabbah	Bereshit Rabbah 12:5	https://www.sefaria.org/Bereshit_Rabbah.12.5	86	sage	personal	attested		Sefaria topics (CC BY-SA) + text: Daat Bereshit Rabbah (Public Domain)	0.85
Avin	slug:jewish:rabbi-avin-(ravin)	Rabbi Avin (Son of Ravin), amora	boy	רבי אבין (בן רבין)	Rabbi Avin (Son of Ravin)	Hebrew	Jewish	Rabbinic	Midrash Rabbah	Bereshit Rabbah	Bereshit Rabbah 12:6	https://www.sefaria.org/Bereshit_Rabbah.12.6	90	sage	personal	attested		Sefaria topics (CC BY-SA) + text: Daat Bereshit Rabbah (Public Domain)	0.85
Yehoshua	slug:jewish:rabbi-yehoshua-b-korha	Rabbi Yehoshua b. Korha, tanna	boy	רבי יהושע בן קרחה	Rabbi Yehoshua b. Korha	Hebrew	Jewish	Rabbinic	Midrash Rabbah	Bereshit Rabbah	Bereshit Rabbah 12:9	https://www.sefaria.org/Bereshit_Rabbah.12.9	29	sage	personal	attested		Sefaria topics (CC BY-SA) + text: Daat Bereshit Rabbah (Public Domain)	0.85
Abraham	Q9181	Abraham, patriarch	boy	אברהם	Abraham	Hebrew	Jewish	Rabbinic	Midrash Rabbah	Bereshit Rabbah	Bereshit Rabbah 12:9	https://www.sefaria.org/Bereshit_Rabbah.12.9	103	human	personal	attested		Sefaria topics (CC BY-SA) + text: Daat Bereshit Rabbah (Public Domain)	0.9
Yochanan	slug:jewish:rabbi-yochanan-b-matia	Rabbi Yochanan b. Matia		רבי יוחנן בן מתיא	Rabbi Yochanan b. Matia	Hebrew	Jewish	Rabbinic	Midrash Rabbah	Bereshit Rabbah	Bereshit Rabbah 13:5	https://www.sefaria.org/Bereshit_Rabbah.13.5	2	sage	personal	attested		Sefaria topics (CC BY-SA) + text: Daat Bereshit Rabbah (Public Domain)	0.85
Abba	slug:jewish:rebbi-abba-b-kahana	Rebbi Abba b. Kahana		רבי אבא בר כהנא	Rebbi Abba b. Kahana	Hebrew	Jewish	Rabbinic	Midrash Rabbah	Bereshit Rabbah	Bereshit Rabbah 13:10	https://www.sefaria.org/Bereshit_Rabbah.13.10	157	sage	personal	attested		Sefaria topics (CC BY-SA) + text: Daat Bereshit Rabbah (Public Domain)	0.85
Yose	slug:jewish:rebbi-yose-b-jacob	Rebbi Yose b. Jacob		רִבִּי יוֹסֵה בַּר יַעֲקֹב	Rebbi Yose b. Jacob	Hebrew	Jewish	Rabbinic	Midrash Rabbah	Bereshit Rabbah	Bereshit Rabbah 13:15	https://www.sefaria.org/Bereshit_Rabbah.13.15	1	sage	personal	attested		Sefaria topics (CC BY-SA) + text: Daat Bereshit Rabbah (Public Domain)	0.85
Elazar	slug:jewish:rabbi-elazar-b-shimon	Rabbi Elazar b. Shimon, tanna	boy	רבי אלעזר בן שמעון	Rabbi Elazar b. Shimon	Hebrew	Jewish	Rabbinic	Midrash Rabbah	Bereshit Rabbah	Bereshit Rabbah 13:17	https://www.sefaria.org/Bereshit_Rabbah.13.17	10	sage	personal	attested		Sefaria topics (CC BY-SA) + text: Daat Bereshit Rabbah (Public Domain)	0.9
Ezekiel	Q194064	Ezekiel, Prophet during Babylonian exile	boy	יחזקאל	Ezekiel	Hebrew	Jewish	Rabbinic	Midrash Rabbah	Bereshit Rabbah	Bereshit Rabbah 14:5	https://www.sefaria.org/Bereshit_Rabbah.14.5	10	prophet	personal	attested		Sefaria topics (CC BY-SA) + text: Daat Bereshit Rabbah (Public Domain)	0.9
Hanin	slug:jewish:rebbi-hanin	Rebbi Hanin		רב חנין	Rebbi Hanin	Hebrew	Jewish	Rabbinic	Midrash Rabbah	Bereshit Rabbah	Bereshit Rabbah 15:2	https://www.sefaria.org/Bereshit_Rabbah.15.2	33	sage	personal	attested		Sefaria topics (CC BY-SA) + text: Daat Bereshit Rabbah (Public Domain)	0.85
Samuel	slug:jewish:rebbi-samuel-b-immi	Rebbi Samuel b. Immi		רב שמואל בר אמי	Rebbi Samuel b. Immi	Hebrew	Jewish	Rabbinic	Midrash Rabbah	Bereshit Rabbah	Bereshit Rabbah 15:7	https://www.sefaria.org/Bereshit_Rabbah.15.7	7	sage	personal	attested		Sefaria topics (CC BY-SA) + text: Daat Bereshit Rabbah (Public Domain)	0.85
Yose	slug:jewish:rabbi-yose-b-chanina	Rabbi Yose b. Chanina		ר יוסי בר חנינא	Rabbi Yose b. Chanina	Hebrew	Jewish	Rabbinic	Midrash Rabbah	Bereshit Rabbah	Bereshit Rabbah 16:4	https://www.sefaria.org/Bereshit_Rabbah.16.4	46	sage	personal	attested		Sefaria topics (CC BY-SA) + text: Daat Bereshit Rabbah (Public Domain)	0.85
Abba Halafta	Q2897331	Abba Halafta, Mishnah rabbi	boy	אבא חלפתא	Abba Halafta	Hebrew	Jewish	Rabbinic	Midrash Rabbah	Bereshit Rabbah	Bereshit Rabbah 16:4	https://www.sefaria.org/Bereshit_Rabbah.16.4	9	sage	personal	attested		Sefaria topics (CC BY-SA) + text: Daat Bereshit Rabbah (Public Domain)	0.85
Menahem	slug:jewish:rabbi-menahem-b-r-yose	Rabbi Menahem b. R' Yose, tanna	boy	רבי מנחם ברבי יוסי	Rabbi Menahem b. R' Yose	Hebrew	Jewish	Rabbinic	Midrash Rabbah	Bereshit Rabbah	Bereshit Rabbah 17:1	https://www.sefaria.org/Bereshit_Rabbah.17.1	1	sage	personal	attested		Sefaria topics (CC BY-SA) + text: Daat Bereshit Rabbah (Public Domain)	0.85
Hiyya	slug:jewish:rabbi-hiyya-b-gamda	Rabbi Hiyya b. Gamda		רבי חייא בר גמדא	Rabbi Hiyya b. Gamda	Hebrew	Jewish	Rabbinic	Midrash Rabbah	Bereshit Rabbah	Bereshit Rabbah 17:2	https://www.sefaria.org/Bereshit_Rabbah.17.2	1	sage	personal	attested		Sefaria topics (CC BY-SA) + text: Daat Bereshit Rabbah (Public Domain)	0.85
Yose haGelili	Q982173	Rabbi Yose haGelili, Jewish sage 1st and 2nd centuries CE	boy	ר יוסי הגלילי	Rabbi Yose haGelili	Hebrew	Jewish	Rabbinic	Midrash Rabbah	Bereshit Rabbah	Bereshit Rabbah 17:3	https://www.sefaria.org/Bereshit_Rabbah.17.3	25	sage	personal	attested		Sefaria topics (CC BY-SA) + text: Daat Bereshit Rabbah (Public Domain)	0.9
Elazar	Q1325787	Rabbi Elazar b. Azaryah, 1st-century CE Jewish rabbi and Tannaim sage	boy	רבי אלעזר בן עזריה	Rabbi Elazar b. Azaryah	Hebrew	Jewish	Rabbinic	Midrash Rabbah	Bereshit Rabbah	Bereshit Rabbah 17:3	https://www.sefaria.org/Bereshit_Rabbah.17.3	16	sage	personal	attested		Sefaria topics (CC BY-SA) + text: Daat Bereshit Rabbah (Public Domain)	0.85
Il'ai	slug:jewish:rabbi-ilai-(ii)	Rabbi Il'ai (II), amora	boy	רבי עילאי (2)	Rabbi Il'ai (II)	Hebrew	Jewish	Rabbinic	Midrash Rabbah	Bereshit Rabbah	Bereshit Rabbah 17:3	https://www.sefaria.org/Bereshit_Rabbah.17.3	8	sage	personal	attested		Sefaria topics (CC BY-SA) + text: Daat Bereshit Rabbah (Public Domain)	0.85
Yochanan	Q733660	Rabban Yochanan ben Zakkai, 1st-century rabbi and an important Jewish sage	boy	רבן יוחנן בן זכאי	Rabban Yochanan ben Zakkai	Hebrew	Jewish	Rabbinic	Midrash Rabbah	Bereshit Rabbah	Bereshit Rabbah 17:4	https://www.sefaria.org/Bereshit_Rabbah.17.4	18	sage	personal	attested		Sefaria topics (CC BY-SA) + text: Daat Bereshit Rabbah (Public Domain)	0.9
Yosei	slug:jewish:rabbi-yosei-b-zimra	Rabbi Yosei b. Zimra		רבי יוסי בן זמרא	Rabbi Yosei b. Zimra	Hebrew	Jewish	Rabbinic	Midrash Rabbah	Bereshit Rabbah	Bereshit Rabbah 18:1	https://www.sefaria.org/Bereshit_Rabbah.18.1	6	sage	personal	attested		Sefaria topics (CC BY-SA) + text: Daat Bereshit Rabbah (Public Domain)	0.85
Chisda	Q1391057	Rav Chisda, Babylonian Jewish Talmudist	boy	רב חסדא	Rav Chisda	Hebrew	Jewish	Rabbinic	Midrash Rabbah	Bereshit Rabbah	Bereshit Rabbah 18:2	https://www.sefaria.org/Bereshit_Rabbah.18.2	7	sage	personal	attested		Sefaria topics (CC BY-SA) + text: Daat Bereshit Rabbah (Public Domain)	0.85
Joshua	slug:jewish:rebbi-joshua-from-sikhnin	Rebbi Joshua from Sikhnin		רִבִּי יְהוֹשֻׁעַ דְּסִיכְנִין	Rebbi Joshua from Sikhnin	Hebrew	Jewish	Rabbinic	Midrash Rabbah	Bereshit Rabbah	Bereshit Rabbah 19:4	https://www.sefaria.org/Bereshit_Rabbah.19.4	2	sage	personal	attested		Sefaria topics (CC BY-SA) + text: Daat Bereshit Rabbah (Public Domain)	0.85
Balaam	Q574641	Balaam, A prophet hired to curse Israel but blessed them instead	boy	בלעם	Balaam	Hebrew	Jewish	Rabbinic	Midrash Rabbah	Bereshit Rabbah	Bereshit Rabbah 19:11	https://www.sefaria.org/Bereshit_Rabbah.19.11	23	prophet	personal	attested		Sefaria topics (CC BY-SA) + text: Daat Bereshit Rabbah (Public Domain)	0.9
Cain	Q205365	Cain, Adam and Eve's firstborn son	boy	קין	Cain	Hebrew	Jewish	Rabbinic	Midrash Rabbah	Bereshit Rabbah	Bereshit Rabbah 19:11	https://www.sefaria.org/Bereshit_Rabbah.19.11	15	human	personal	attested		Sefaria topics (CC BY-SA) + text: Daat Bereshit Rabbah (Public Domain)	0.9
Gamliel	Q357157	Rabban Gamliel of Yavneh (II), 3rd century Judean rabbi and nasi	boy	רבן גמליאל דיבנה	Rabban Gamliel of Yavneh (II)	Hebrew	Jewish	Rabbinic	Midrash Rabbah	Bereshit Rabbah	Bereshit Rabbah 20:4	https://www.sefaria.org/Bereshit_Rabbah.20.4	3	sage	personal	attested		Sefaria topics (CC BY-SA) + text: Daat Bereshit Rabbah (Public Domain)	0.9
Yehudah	slug:jewish:yehudah-b-hiyya	Yehudah b. Hiyya, amora	boy	יהודה בר חייה	Yehudah b. Hiyya	Hebrew	Jewish	Rabbinic	Midrash Rabbah	Bereshit Rabbah	Bereshit Rabbah 20:6	https://www.sefaria.org/Bereshit_Rabbah.20.6	65	sage	personal	attested		Sefaria topics (CC BY-SA) + text: Daat Bereshit Rabbah (Public Domain)	0.85
Idi	slug:jewish:rav-idi-b-avin-(i)	Rav Idi b. Avin (I)	boy	רב אידי בר אבין (1)	Rav Idi b. Avin (I)	Hebrew	Jewish	Rabbinic	Midrash Rabbah	Bereshit Rabbah	Bereshit Rabbah 20:6	https://www.sefaria.org/Bereshit_Rabbah.20.6	14	sage	personal	attested		Sefaria topics (CC BY-SA) + text: Daat Bereshit Rabbah (Public Domain)	0.85
Chiya	slug:jewish:rav-chiya-b-adda	Rav Chiya b. Adda		רב חייא בר אדא	Rav Chiya b. Adda	Hebrew	Jewish	Rabbinic	Midrash Rabbah	Bereshit Rabbah	Bereshit Rabbah 20:6	https://www.sefaria.org/Bereshit_Rabbah.20.6	2	sage	personal	attested		Sefaria topics (CC BY-SA) + text: Daat Bereshit Rabbah (Public Domain)	0.85
Eve	Q830183	Eve, First woman	girl	חוה	Eve	Hebrew	Jewish	Rabbinic	Midrash Rabbah	Bereshit Rabbah	Bereshit Rabbah 20:11	https://www.sefaria.org/Bereshit_Rabbah.20.11	1	human	personal	attested		Sefaria topics (CC BY-SA) + text: Daat Bereshit Rabbah (Public Domain)	0.9
Akiva	Q310821	Rabbi Akiva, Jewish scholar and sage (c. 50 – c.135)	boy	רבי עקיבא	Rabbi Akiva	Hebrew	Jewish	Rabbinic	Midrash Rabbah	Bereshit Rabbah	Bereshit Rabbah 21:5	https://www.sefaria.org/Bereshit_Rabbah.21.5	105	sage	personal	attested		Sefaria topics (CC BY-SA) + text: Daat Bereshit Rabbah (Public Domain)	0.9
Ada	slug:jewish:rebbi-ada	Rebbi Ada		רִבִּי אָדָא	Rebbi Ada	Hebrew	Jewish	Rabbinic	Midrash Rabbah	Bereshit Rabbah	Bereshit Rabbah 21:7	https://www.sefaria.org/Bereshit_Rabbah.21.7	9	sage	personal	attested		Sefaria topics (CC BY-SA) + text: Daat Bereshit Rabbah (Public Domain)	0.85
Hamnuna	slug:jewish:rav-hamnuna-(i)	Rav Hamnuna (I), amora	boy	רב המנונא (1)	Rav Hamnuna (I)	Hebrew	Jewish	Rabbinic	Midrash Rabbah	Bereshit Rabbah	Bereshit Rabbah 21:7	https://www.sefaria.org/Bereshit_Rabbah.21.7	2	sage	personal	attested		Sefaria topics (CC BY-SA) + text: Daat Bereshit Rabbah (Public Domain)	0.85
Nahum	Q446664	Nahum of Gamzo, 1st century CE Jewish scholar and sage	boy	נחום איש גמזו	Nahum of Gamzo	Hebrew	Jewish	Rabbinic	Midrash Rabbah	Bereshit Rabbah	Bereshit Rabbah 22:2	https://www.sefaria.org/Bereshit_Rabbah.22.2	2	sage	personal	attested		Sefaria topics (CC BY-SA) + text: Daat Bereshit Rabbah (Public Domain)	0.85
Abel	Q313421	Abel, Adam and Eve's second son	boy	הבל	Abel	Hebrew	Jewish	Rabbinic	Midrash Rabbah	Bereshit Rabbah	Bereshit Rabbah 22:4	https://www.sefaria.org/Bereshit_Rabbah.22.4	3	human	personal	attested		Sefaria topics (CC BY-SA) + text: Daat Bereshit Rabbah (Public Domain)	0.9
"That Man"	slug:jewish:that-man	"That Man"		אותו האיש	"That Man"	Hebrew	Jewish	Rabbinic	Midrash Rabbah	Bereshit Rabbah	Bereshit Rabbah 22:6	https://www.sefaria.org/Bereshit_Rabbah.22.6	26	sage	personal	attested		Sefaria topics (CC BY-SA) + text: Daat Bereshit Rabbah (Public Domain)	0.85
Tanhum	slug:jewish:rebbi-tanhum-b-marion	Rebbi Tanhum b. Marion		רִבִּי תַנְחוּם בַּר מָרִיוֹן	Rebbi Tanhum b. Marion	Hebrew	Jewish	Rabbinic	Midrash Rabbah	Bereshit Rabbah	Bereshit Rabbah 22:6	https://www.sefaria.org/Bereshit_Rabbah.22.6	1	sage	personal	attested		Sefaria topics (CC BY-SA) + text: Daat Bereshit Rabbah (Public Domain)	0.85
The Great Rebbi Yose	slug:jewish:the-great-rebbi-yose	The Great Rebbi Yose		רִבִּי יוֹסֵי בְּרִיבִי	The Great Rebbi Yose	Hebrew	Jewish	Rabbinic	Midrash Rabbah	Bereshit Rabbah	Bereshit Rabbah 22:10	https://www.sefaria.org/Bereshit_Rabbah.22.10	18	sage	personal	attested		Sefaria topics (CC BY-SA) + text: Daat Bereshit Rabbah (Public Domain)	0.85
Zillah	slug:jewish:zillah	Zillah		צלה	Zillah	Hebrew	Jewish	Rabbinic	Midrash Rabbah	Bereshit Rabbah	Bereshit Rabbah 23:2	https://www.sefaria.org/Bereshit_Rabbah.23.2	1	human	personal	attested		Sefaria topics (CC BY-SA) + text: Daat Bereshit Rabbah (Public Domain)	0.9
Lemekh	Q155852	Lamech, Descendant of Cain	boy	למך	Lemekh	Hebrew	Jewish	Rabbinic	Midrash Rabbah	Bereshit Rabbah	Bereshit Rabbah 23:2	https://www.sefaria.org/Bereshit_Rabbah.23.2	1	human	personal	attested		Sefaria topics (CC BY-SA) + text: Daat Bereshit Rabbah (Public Domain)	0.9
Na'amah	Q1542154	Na'amah, Biblical figure (Genesis 4)	girl	נעמה	Na'amah	Hebrew	Jewish	Rabbinic	Midrash Rabbah	Bereshit Rabbah	Bereshit Rabbah 23:3	https://www.sefaria.org/Bereshit_Rabbah.23.3	1	human	personal	attested		Sefaria topics (CC BY-SA) + text: Daat Bereshit Rabbah (Public Domain)	0.9
Ya'akov	slug:jewish:rabbi-yaakov-b-idi	Rabbi Ya'akov b. Idi	boy	רבי יעקב בר אידי	Rabbi Ya'akov b. Idi	Hebrew	Jewish	Rabbinic	Midrash Rabbah	Bereshit Rabbah	Bereshit Rabbah 23:4	https://www.sefaria.org/Bereshit_Rabbah.23.4	3	sage	personal	attested		Sefaria topics (CC BY-SA) + text: Daat Bereshit Rabbah (Public Domain)	0.85
Abba Cohen	slug:jewish:abba-cohen-b-delaiah	Abba Cohen b. Delaiah		אבא כהן ברדלא	Abba Cohen b. Delaiah	Hebrew	Jewish	Rabbinic	Midrash Rabbah	Bereshit Rabbah	Bereshit Rabbah 23:6	https://www.sefaria.org/Bereshit_Rabbah.23.6	3	sage	personal	attested		Sefaria topics (CC BY-SA) + text: Daat Bereshit Rabbah (Public Domain)	0.85
Menahem	slug:jewish:rabbi-menahem	Rabbi Menahem		רבי מנחם	Rabbi Menahem	Hebrew	Jewish	Rabbinic	Midrash Rabbah	Bereshit Rabbah	Bereshit Rabbah 24:7	https://www.sefaria.org/Bereshit_Rabbah.24.7	10	sage	personal	attested		Sefaria topics (CC BY-SA) + text: Daat Bereshit Rabbah (Public Domain)	0.85
[Shimon]	slug:jewish:shimon-b-azzai	[Shimon] b. Azzai, tanna	boy	בן עזאי	[Shimon] b. Azzai	Hebrew	Jewish	Rabbinic	Midrash Rabbah	Bereshit Rabbah	Bereshit Rabbah 24:7	https://www.sefaria.org/Bereshit_Rabbah.24.7	16	sage	personal	attested	no open Hebrew text; the open English translation reads 'Ben Azai'	Sefaria topics (CC BY-SA) + text: Daat Bereshit Rabbah (Public Domain)	0.9
King Saul	Q28730	Saul, first king of Israel	boy	המלך שאול	King Saul	Hebrew	Jewish	Rabbinic	Midrash Rabbah	Bereshit Rabbah	Bereshit Rabbah 25:3	https://www.sefaria.org/Bereshit_Rabbah.25.3	16	royal	personal	attested		Sefaria topics (CC BY-SA) + text: Daat Bereshit Rabbah (Public Domain)	0.9
Yehudah	Q2902564	Rabbi Yehudah b. Betera (I), Mishnah rabbi	boy	רבי יהודה בן בתירא	Rabbi Yehudah b. Betera (I)	Hebrew	Jewish	Rabbinic	Midrash Rabbah	Bereshit Rabbah	Bereshit Rabbah 26:6	https://www.sefaria.org/Bereshit_Rabbah.26.6	2	sage	personal	attested		Sefaria topics (CC BY-SA) + text: Daat Bereshit Rabbah (Public Domain)	0.85
Natan [haBavli]	slug:jewish:rabbi-natan-habavli	Rabbi Natan [haBavli], tanna	boy	רבי נתן	Rabbi Natan [haBavli]	Hebrew	Jewish	Rabbinic	Midrash Rabbah	Bereshit Rabbah	Bereshit Rabbah 26:6	https://www.sefaria.org/Bereshit_Rabbah.26.6	48	sage	personal	attested		Sefaria topics (CC BY-SA) + text: Daat Bereshit Rabbah (Public Domain)	0.85
Bivi	slug:jewish:rav-bivi	Rav Bivi		רב ביבי	Rav Bivi	Hebrew	Jewish	Rabbinic	Midrash Rabbah	Bereshit Rabbah	Bereshit Rabbah 26:6	https://www.sefaria.org/Bereshit_Rabbah.26.6	23	sage	personal	attested		Sefaria topics (CC BY-SA) + text: Daat Bereshit Rabbah (Public Domain)	0.85
Book of Job	Q179962	Job, the righteous sufferer	boy	ספר איוב	Book of Job	Hebrew	Jewish	Rabbinic	Midrash Rabbah	Bereshit Rabbah	Bereshit Rabbah 26:7	https://www.sefaria.org/Bereshit_Rabbah.26.7	22	human	personal	attested		Sefaria topics (CC BY-SA) + text: Daat Bereshit Rabbah (Public Domain)	0.9
Hanina	slug:jewish:rabbi-hanina-b-gamliel	Rabbi Hanina b. Gamliel, tanna	boy	רבי חנינא בן גמליאל	Rabbi Hanina b. Gamliel	Hebrew	Jewish	Rabbinic	Midrash Rabbah	Bereshit Rabbah	Bereshit Rabbah 34:8	https://www.sefaria.org/Bereshit_Rabbah.34.8	2	sage	personal	attested		Sefaria topics (CC BY-SA) + text: Daat Bereshit Rabbah (Public Domain)	0.85
Esau	Q220822	Esau, Isaac's firstborn son	boy	עשיו	Esau	Hebrew	Jewish	Rabbinic	Midrash Rabbah	Bereshit Rabbah	Bereshit Rabbah 34:10	https://www.sefaria.org/Bereshit_Rabbah.34.10	51	human	personal	attested		Sefaria topics (CC BY-SA) + text: Daat Bereshit Rabbah (Public Domain)	0.9
Uzziah	Q313216	Uzziah, King of Judah	boy	עוזיה	Uzziah	Hebrew	Jewish	Rabbinic	Midrash Rabbah	Bereshit Rabbah	Bereshit Rabbah 36:3	https://www.sefaria.org/Bereshit_Rabbah.36.3	2	royal	personal	attested		Sefaria topics (CC BY-SA) + text: Daat Bereshit Rabbah (Public Domain)	0.9
Eliezer	Q921589	Rabbi Eliezer b. R, Yose haGelili, 1st-century CE rabbi	boy	רבי אליעזר בנו של ר יוסי הגלילי	Rabbi Eliezer b. R, Yose haGelili	Hebrew	Jewish	Rabbinic	Midrash Rabbah	Bereshit Rabbah	Bereshit Rabbah 36:4	https://www.sefaria.org/Bereshit_Rabbah.36.4	13	sage	personal	attested		Sefaria topics (CC BY-SA) + text: Daat Bereshit Rabbah (Public Domain)	0.85
Ya'akov	slug:jewish:rabbi-yaakov-b-zavdi	Rabbi Ya'akov b. Zavdi		רבי יעקב בר זבדי	Rabbi Ya'akov b. Zavdi	Hebrew	Jewish	Rabbinic	Midrash Rabbah	Bereshit Rabbah	Bereshit Rabbah 36:5	https://www.sefaria.org/Bereshit_Rabbah.36.5	4	sage	personal	attested		Sefaria topics (CC BY-SA) + text: Daat Bereshit Rabbah (Public Domain)	0.85
Yefet	Q200637	Japheth, Son of Noah	boy	יפת	Yefet	Hebrew	Jewish	Rabbinic	Midrash Rabbah	Bereshit Rabbah	Bereshit Rabbah 36:6	https://www.sefaria.org/Bereshit_Rabbah.36.6	1	human	personal	attested		Sefaria topics (CC BY-SA) + text: Daat Bereshit Rabbah (Public Domain)	0.9
Cyrus	Q8423	Cyrus, Persian Emperor who decreed the rebuilding of the Temple	boy	כורש	Cyrus	Hebrew	Jewish	Rabbinic	Midrash Rabbah	Bereshit Rabbah	Bereshit Rabbah 36:8	https://www.sefaria.org/Bereshit_Rabbah.36.8	6	royal	personal	attested		Sefaria topics (CC BY-SA) + text: Daat Bereshit Rabbah (Public Domain)	0.9
Chanina	Q1062209	Rabbi Chanina b. Chama, Babylonian Jewish Talmudist (died c.250)	boy	רבי חנינא בר חמא	Rabbi Chanina b. Chama	Hebrew	Jewish	Rabbinic	Midrash Rabbah	Bereshit Rabbah	Bereshit Rabbah 37:2	https://www.sefaria.org/Bereshit_Rabbah.37.2	14	sage	personal	attested		Sefaria topics (CC BY-SA) + text: Daat Bereshit Rabbah (Public Domain)	0.9
Kush	Q1138595	Cush, Son of Ham	boy	כוש	Kush	Hebrew	Jewish	Rabbinic	Midrash Rabbah	Bereshit Rabbah	Bereshit Rabbah 37:2	https://www.sefaria.org/Bereshit_Rabbah.37.2	2	human	personal	attested		Sefaria topics (CC BY-SA) + text: Daat Bereshit Rabbah (Public Domain)	0.9
Assyria	slug:jewish:ashur	Assyria		אשור	Assyria	Hebrew	Jewish	Rabbinic	Midrash Rabbah	Bereshit Rabbah	Bereshit Rabbah 37:4	https://www.sefaria.org/Bereshit_Rabbah.37.4	1	human	personal	attested		Sefaria topics (CC BY-SA) + text: Daat Bereshit Rabbah (Public Domain)	0.9
Egypt	Q1369215	Egypt, Descendant of Ham	boy	מצרים	Egypt	Hebrew	Jewish	Rabbinic	Midrash Rabbah	Bereshit Rabbah	Bereshit Rabbah 37:5	https://www.sefaria.org/Bereshit_Rabbah.37.5	15	human	personal	attested		Sefaria topics (CC BY-SA) + text: Daat Bereshit Rabbah (Public Domain)	0.9
Yose	Q982075	Rabbi Yose b. Chalafta, 2nd century Talmud rabbi and tanna	boy	רבי יוסי	Rabbi Yose b. Chalafta	Hebrew	Jewish	Rabbinic	Midrash Rabbah	Bereshit Rabbah	Bereshit Rabbah 37:7	https://www.sefaria.org/Bereshit_Rabbah.37.7	7	sage	personal	attested		Sefaria topics (CC BY-SA) + text: Daat Bereshit Rabbah (Public Domain)	0.85
Eber, the Son of Shem	Q502282	Eber, Ancestor of Abraham	boy	עבר בן שם	Eber, the Son of Shem	Hebrew	Jewish	Rabbinic	Midrash Rabbah	Bereshit Rabbah	Bereshit Rabbah 37:7	https://www.sefaria.org/Bereshit_Rabbah.37.7	1	human	personal	attested		Sefaria topics (CC BY-SA) + text: Daat Bereshit Rabbah (Public Domain)	0.9
Doeg	Q1234538	Doeg, Edomite chief shepherd who betrayed David to Saul	boy	דואג	Doeg	Hebrew	Jewish	Rabbinic	Midrash Rabbah	Bereshit Rabbah	Bereshit Rabbah 38:1	https://www.sefaria.org/Bereshit_Rabbah.38.1	4	human	personal	attested		Sefaria topics (CC BY-SA) + text: Daat Bereshit Rabbah (Public Domain)	0.9
Achitofel	Q400294	Ahithophel, David's counselor who joined Absalom's rebellion	boy	אחיתופל	Achitofel	Hebrew	Jewish	Rabbinic	Midrash Rabbah	Bereshit Rabbah	Bereshit Rabbah 38:1	https://www.sefaria.org/Bereshit_Rabbah.38.1	2	human	personal	attested		Sefaria topics (CC BY-SA) + text: Daat Bereshit Rabbah (Public Domain)	0.9
Alexandri	slug:jewish:rabbi-alexandri	Rabbi Alexandri		רבי אלכסנדרי	Rabbi Alexandri	Hebrew	Jewish	Rabbinic	Midrash Rabbah	Bereshit Rabbah	Bereshit Rabbah 38:3	https://www.sefaria.org/Bereshit_Rabbah.38.3	24	sage	personal	attested		Sefaria topics (CC BY-SA) + text: Daat Bereshit Rabbah (Public Domain)	0.85
Nimrod	Q201861	Nimrod, Mighty hunter	boy	נמרוד	Nimrod	Hebrew	Jewish	Rabbinic	Midrash Rabbah	Bereshit Rabbah	Bereshit Rabbah 38:13	https://www.sefaria.org/Bereshit_Rabbah.38.13	2	human	personal	attested		Sefaria topics (CC BY-SA) + text: Daat Bereshit Rabbah (Public Domain)	0.9
Haran	Q1199156	Haran, Son of Terah	boy	הרן	Haran	Hebrew	Jewish	Rabbinic	Midrash Rabbah	Bereshit Rabbah	Bereshit Rabbah 38:13	https://www.sefaria.org/Bereshit_Rabbah.38.13	1	human	personal	attested		Sefaria topics (CC BY-SA) + text: Daat Bereshit Rabbah (Public Domain)	0.9
Terach	Q586541	Terah, Abraham's father who settled in Haran	boy	תרח	Terach	Hebrew	Jewish	Rabbinic	Midrash Rabbah	Bereshit Rabbah	Bereshit Rabbah 38:13	https://www.sefaria.org/Bereshit_Rabbah.38.13	1	human	personal	attested		Sefaria topics (CC BY-SA) + text: Daat Bereshit Rabbah (Public Domain)	0.9
Sarah	Q194808	Sarah, Wife of Abraham	girl	שרה	Sarah	Hebrew	Jewish	Rabbinic	Midrash Rabbah	Bereshit Rabbah	Bereshit Rabbah 41:2	https://www.sefaria.org/Bereshit_Rabbah.41.2	10	human	personal	attested		Sefaria topics (CC BY-SA) + text: Daat Bereshit Rabbah (Public Domain)	0.9
Eleazar	slug:jewish:rebbi-eleazar-b-rebbi-menahem	Rebbi Eleazar b. Rebbi Menahem		רִבִּי אֶלְעָזָר בְּרִבִּי מְנַחֵם	Rebbi Eleazar b. Rebbi Menahem	Hebrew	Jewish	Rabbinic	Midrash Rabbah	Bereshit Rabbah	Bereshit Rabbah 41:3	https://www.sefaria.org/Bereshit_Rabbah.41.3	1	sage	personal	attested		Sefaria topics (CC BY-SA) + text: Daat Bereshit Rabbah (Public Domain)	0.85
Jeremiah	Q158825	Jeremiah, Son of Hilkiah	boy	ירמיהו	Jeremiah	Hebrew	Jewish	Rabbinic	Midrash Rabbah	Bereshit Rabbah	Bereshit Rabbah 41:3	https://www.sefaria.org/Bereshit_Rabbah.41.3	16	prophet	personal	attested		Sefaria topics (CC BY-SA) + text: Daat Bereshit Rabbah (Public Domain)	0.9
Moab	Q1585141	Moab, Son of Lot	boy	מואב	Moab	Hebrew	Jewish	Rabbinic	Midrash Rabbah	Bereshit Rabbah	Bereshit Rabbah 41:3	https://www.sefaria.org/Bereshit_Rabbah.41.3	9	human	personal	attested		Sefaria topics (CC BY-SA) + text: Daat Bereshit Rabbah (Public Domain)	0.9
King David	Q41370	David, king of Israel	boy	דוד המלך	King David	Hebrew	Jewish	Rabbinic	Midrash Rabbah	Bereshit Rabbah	Bereshit Rabbah 41:4	https://www.sefaria.org/Bereshit_Rabbah.41.4	53	royal	personal	attested		Sefaria topics (CC BY-SA) + text: Daat Bereshit Rabbah (Public Domain)	0.9
Ruth	Q1774982	Ruth, Moabite woman	girl	רות	Ruth	Hebrew	Jewish	Rabbinic	Midrash Rabbah	Bereshit Rabbah	Bereshit Rabbah 41:4	https://www.sefaria.org/Bereshit_Rabbah.41.4	24	human	personal	attested		Sefaria topics (CC BY-SA) + text: Daat Bereshit Rabbah (Public Domain)	0.9
Abba	slug:jewish:rebbi-abba-b-zavida	Rebbi Abba b. Zavida		רבי אבא בר זבדא	Rebbi Abba b. Zavida	Hebrew	Jewish	Rabbinic	Midrash Rabbah	Bereshit Rabbah	Bereshit Rabbah 42:2	https://www.sefaria.org/Bereshit_Rabbah.42.2	4	sage	personal	attested		Sefaria topics (CC BY-SA) + text: Daat Bereshit Rabbah (Public Domain)	0.85
Benjamin	slug:jewish:rebbi-benjamin-bar-jephet	Rebbi Benjamin bar Jephet		רבי בנימין בר יפת	Rebbi Benjamin bar Jephet	Hebrew	Jewish	Rabbinic	Midrash Rabbah	Bereshit Rabbah	Bereshit Rabbah 42:3	https://www.sefaria.org/Bereshit_Rabbah.42.3	1	sage	personal	attested		Sefaria topics (CC BY-SA) + text: Daat Bereshit Rabbah (Public Domain)	0.85
Benjamin	slug:jewish:rebbi-benjamin	Rebbi Benjamin		רִבִּי בִנְיָמִין	Rebbi Benjamin	Hebrew	Jewish	Rabbinic	Midrash Rabbah	Bereshit Rabbah	Bereshit Rabbah 42:3	https://www.sefaria.org/Bereshit_Rabbah.42.3	15	sage	personal	attested		Sefaria topics (CC BY-SA) + text: Daat Bereshit Rabbah (Public Domain)	0.85
Reuben	slug:jewish:rebbi-reuben	Rebbi Reuben		רִבִּי רְאוּבֵן	Rebbi Reuben	Hebrew	Jewish	Rabbinic	Midrash Rabbah	Bereshit Rabbah	Bereshit Rabbah 42:3	https://www.sefaria.org/Bereshit_Rabbah.42.3	17	sage	personal	attested		Sefaria topics (CC BY-SA) + text: Daat Bereshit Rabbah (Public Domain)	0.85
Melchizedek	Q219395	Melchizedek, King of Salem and priest of God Most High	boy	מלכי צדק	Melchizedek	Hebrew	Jewish	Rabbinic	Midrash Rabbah	Bereshit Rabbah	Bereshit Rabbah 43:6	https://www.sefaria.org/Bereshit_Rabbah.43.6	2	human	personal	attested		Sefaria topics (CC BY-SA) + text: Daat Bereshit Rabbah (Public Domain)	0.9
Abba	slug:jewish:rebbi-abba-b-rebbi-mamal	Rebbi Abba b. Rebbi Mamal		רבי אבא בר ממל	Rebbi Abba b. Rebbi Mamal	Hebrew	Jewish	Rabbinic	Midrash Rabbah	Bereshit Rabbah	Bereshit Rabbah 43:9	https://www.sefaria.org/Bereshit_Rabbah.43.9	4	sage	personal	attested		Sefaria topics (CC BY-SA) + text: Daat Bereshit Rabbah (Public Domain)	0.85
Yose	slug:jewish:rebbi-yose-b-zemina	Rebbi Yose b. Zemina		רבי יוסי בן זימרא	Rebbi Yose b. Zemina	Hebrew	Jewish	Rabbinic	Midrash Rabbah	Bereshit Rabbah	Bereshit Rabbah 44:5	https://www.sefaria.org/Bereshit_Rabbah.44.5	2	sage	personal	attested		Sefaria topics (CC BY-SA) + text: Daat Bereshit Rabbah (Public Domain)	0.85
King Solomon	Q37085	Solomon, king of Israel, son of David	boy	שְׁלֹמֹה	King Solomon	Hebrew	Jewish	Rabbinic	Midrash Rabbah	Bereshit Rabbah	Bereshit Rabbah 44:8	https://www.sefaria.org/Bereshit_Rabbah.44.8	40	royal	personal	attested		Sefaria topics (CC BY-SA) + text: Daat Bereshit Rabbah (Public Domain)	0.9
Ahaz	slug:biblical:ahaz@2ki.15.38-mat	Ahaz, King of Judah	boy	אחז	Ahaz	Hebrew	Jewish	Rabbinic	Midrash Rabbah	Bereshit Rabbah	Bereshit Rabbah 44:8	https://www.sefaria.org/Bereshit_Rabbah.44.8	1	royal	personal	attested		Sefaria topics (CC BY-SA) + text: Daat Bereshit Rabbah (Public Domain)	0.9
Eliezer	slug:biblical:eliezer@gen.15.2	Eliezer, Of Damascus	boy	אליעזר	Eliezer	Hebrew	Jewish	Rabbinic	Midrash Rabbah	Bereshit Rabbah	Bereshit Rabbah 44:9	https://www.sefaria.org/Bereshit_Rabbah.44.9	8	human	personal	attested		Sefaria topics (CC BY-SA) + text: Daat Bereshit Rabbah (Public Domain)	0.9
Yosef [b. Chiyya]	slug:jewish:rav-yosef-b-chiyya	Rav Yosef [b. Chiyya], amora	boy	רב יוסף	Rav Yosef [b. Chiyya]	Hebrew	Jewish	Rabbinic	Midrash Rabbah	Bereshit Rabbah	Bereshit Rabbah 44:12	https://www.sefaria.org/Bereshit_Rabbah.44.12	4	sage	personal	attested		Sefaria topics (CC BY-SA) + text: Daat Bereshit Rabbah (Public Domain)	0.85
Ahasuerus	Q1370497	Ahasuerus, Persian Emperor	boy	אחשוורוש	Ahasuerus	Hebrew	Jewish	Rabbinic	Midrash Rabbah	Bereshit Rabbah	Bereshit Rabbah 44:17	https://www.sefaria.org/Bereshit_Rabbah.44.17	2	royal	personal	attested		Sefaria topics (CC BY-SA) + text: Daat Bereshit Rabbah (Public Domain)	0.9
Hagar	Q214617	Hagar, Sarah's Egyptian maidservant	girl	הגר	Hagar	Hebrew	Jewish	Rabbinic	Midrash Rabbah	Bereshit Rabbah	Bereshit Rabbah 45:1	https://www.sefaria.org/Bereshit_Rabbah.45.1	8	human	personal	attested		Sefaria topics (CC BY-SA) + text: Daat Bereshit Rabbah (Public Domain)	0.9
Sheila	slug:jewish:rabbi-sheila	Rabbi Sheila		רבי שילא	Rabbi Sheila	Hebrew	Jewish	Rabbinic	Midrash Rabbah	Bereshit Rabbah	Bereshit Rabbah 45:4	https://www.sefaria.org/Bereshit_Rabbah.45.4	10	sage	personal	attested		Sefaria topics (CC BY-SA) + text: Daat Bereshit Rabbah (Public Domain)	0.85
Shiloh	slug:jewish:rebbi-shiloh-from-kefar-tamarta	Rebbi Shiloh from Kefar-Tamarta		רִבִּי שִׁילֹה דִכְפַר תַּמַּרְתָּה	Rebbi Shiloh from Kefar-Tamarta	Hebrew	Jewish	Rabbinic	Midrash Rabbah	Bereshit Rabbah	Bereshit Rabbah 45:4	https://www.sefaria.org/Bereshit_Rabbah.45.4	1	sage	personal	attested		Sefaria topics (CC BY-SA) + text: Daat Bereshit Rabbah (Public Domain)	0.85
Yehudah	slug:jewish:rabbi-yehudah-b-nechemiah	Rabbi Yehudah b. Nechemiah		רבי יהודה בר נחמיה	Rabbi Yehudah b. Nechemiah	Hebrew	Jewish	Rabbinic	Midrash Rabbah	Bereshit Rabbah	Bereshit Rabbah 45:5	https://www.sefaria.org/Bereshit_Rabbah.45.5	2	sage	personal	attested		Sefaria topics (CC BY-SA) + text: Daat Bereshit Rabbah (Public Domain)	0.85
Ishmael	Q183403	Ishmael, son of Abraham and Hagar	boy	ישמעאל	Ishmael	Hebrew	Jewish	Rabbinic	Midrash Rabbah	Bereshit Rabbah	Bereshit Rabbah 45:8	https://www.sefaria.org/Bereshit_Rabbah.45.8	7	human	personal	attested		Sefaria topics (CC BY-SA) + text: Daat Bereshit Rabbah (Public Domain)	0.9
Kirai	slug:jewish:rebbi-kirai	Rebbi Kirai		רִבִּי כִירַײ	Rebbi Kirai	Hebrew	Jewish	Rabbinic	Midrash Rabbah	Bereshit Rabbah	Bereshit Rabbah 45:10	https://www.sefaria.org/Bereshit_Rabbah.45.10	2	sage	personal	attested		Sefaria topics (CC BY-SA) + text: Daat Bereshit Rabbah (Public Domain)	0.85
Munbaz	slug:jewish:munbaz	Munbaz		מונבז	Munbaz	Hebrew	Jewish	Rabbinic	Midrash Rabbah	Bereshit Rabbah	Bereshit Rabbah 46:10	https://www.sefaria.org/Bereshit_Rabbah.46.10	1	sage	personal	attested		Sefaria topics (CC BY-SA) + text: Daat Bereshit Rabbah (Public Domain)	0.9
Yitzhak	slug:jewish:rabbi-yitzhak-b-nahman	Rabbi Yitzhak b. Nahman, amora	boy	רבי יצחק בן נחמן	Rabbi Yitzhak b. Nahman	Hebrew	Jewish	Rabbinic	Midrash Rabbah	Bereshit Rabbah	Bereshit Rabbah 46:12	https://www.sefaria.org/Bereshit_Rabbah.46.12	1	sage	personal	attested		Sefaria topics (CC BY-SA) + text: Daat Bereshit Rabbah (Public Domain)	0.85
Bar Kokhba	slug:jewish:bar-kokhba	Bar Kokhba		בר כוכבא	Bar Kokhba	Hebrew	Jewish	Rabbinic	Midrash Rabbah	Bereshit Rabbah	Bereshit Rabbah 46:13	https://www.sefaria.org/Bereshit_Rabbah.46.13	3	sage	personal	attested		Sefaria topics (CC BY-SA) + text: Daat Bereshit Rabbah (Public Domain)	0.9
Joshua	Q7734	Joshua, Moses' assistant who led Israel into Canaan	boy	יהושע	Joshua	Hebrew	Jewish	Rabbinic	Midrash Rabbah	Bereshit Rabbah	Bereshit Rabbah 47:1	https://www.sefaria.org/Bereshit_Rabbah.47.1	24	human	personal	attested		Sefaria topics (CC BY-SA) + text: Daat Bereshit Rabbah (Public Domain)	0.9
Lot	Q40574	Lot, nephew of Abraham	boy	לוט	Lot	Hebrew	Jewish	Rabbinic	Midrash Rabbah	Bereshit Rabbah	Bereshit Rabbah 50:4	https://www.sefaria.org/Bereshit_Rabbah.50.4	3	human	personal	attested		Sefaria topics (CC BY-SA) + text: Daat Bereshit Rabbah (Public Domain)	0.9
Pedaiah	slug:jewish:rebbi-pedaiah	Rebbi Pedaiah		רִבִּי פְּדָייָה	Rebbi Pedaiah	Hebrew	Jewish	Rabbinic	Midrash Rabbah	Bereshit Rabbah	Bereshit Rabbah 50:5	https://www.sefaria.org/Bereshit_Rabbah.50.5	1	sage	personal	attested		Sefaria topics (CC BY-SA) + text: Daat Bereshit Rabbah (Public Domain)	0.85
Yose	slug:jewish:rebbi-yose-b-rebbu-abun	Rebbi Yose b. Rebbi Abun		רבי יוסי בר אבין	Rebbi Yose b. Rebbi Abun	Hebrew	Jewish	Rabbinic	Midrash Rabbah	Bereshit Rabbah	Bereshit Rabbah 50:10	https://www.sefaria.org/Bereshit_Rabbah.50.10	3	sage	personal	attested		Sefaria topics (CC BY-SA) + text: Daat Bereshit Rabbah (Public Domain)	0.85
Ben-Ammi	slug:jewish:ben-ammi	Ben-Ammi		בן־עמי	Ben-Ammi	Hebrew	Jewish	Rabbinic	Midrash Rabbah	Bereshit Rabbah	Bereshit Rabbah 51:11	https://www.sefaria.org/Bereshit_Rabbah.51.11	1	human	personal	attested		Sefaria topics (CC BY-SA) + text: Daat Bereshit Rabbah (Public Domain)	0.85
Issachar	slug:jewish:rebbi-issachar-from-kefar-mendi	Rebbi Issachar from Kefar-Mendi		רִבִּי יִשֹשָכָר דִּכְפַר מֶנְדִּי	Rebbi Issachar from Kefar-Mendi	Hebrew	Jewish	Rabbinic	Midrash Rabbah	Bereshit Rabbah	Bereshit Rabbah 52:5	https://www.sefaria.org/Bereshit_Rabbah.52.5	2	sage	personal	attested		Sefaria topics (CC BY-SA) + text: Daat Bereshit Rabbah (Public Domain)	0.85
Il'ai	slug:jewish:rabbi-ilai-(i)	Rabbi Il'ai (I), tanna	boy	רבי עילאי (1)	Rabbi Il'ai (I)	Hebrew	Jewish	Rabbinic	Midrash Rabbah	Bereshit Rabbah	Bereshit Rabbah 52:12	https://www.sefaria.org/Bereshit_Rabbah.52.12	14	sage	personal	attested		Sefaria topics (CC BY-SA) + text: Daat Bereshit Rabbah (Public Domain)	0.85
Hizkiyah	slug:jewish:rabbi-hizkiyah	Rabbi Hizkiyah	boy	רבי חזקיה	Rabbi Hizkiyah	Hebrew	Jewish	Rabbinic	Midrash Rabbah	Bereshit Rabbah	Bereshit Rabbah 53:6	https://www.sefaria.org/Bereshit_Rabbah.53.6	8	sage	personal	attested		Sefaria topics (CC BY-SA) + text: Daat Bereshit Rabbah (Public Domain)	0.85
Isaac	Q671872	Isaac, son of Abraham	boy	יצחק	Isaac	Hebrew	Jewish	Rabbinic	Midrash Rabbah	Bereshit Rabbah	Bereshit Rabbah 53:6	https://www.sefaria.org/Bereshit_Rabbah.53.6	32	human	personal	attested		Sefaria topics (CC BY-SA) + text: Daat Bereshit Rabbah (Public Domain)	0.9
Parnakh	slug:jewish:rebbi-parnakh	Rebbi Parnakh		רבי פרנך	Rebbi Parnakh	Hebrew	Jewish	Rabbinic	Midrash Rabbah	Bereshit Rabbah	Bereshit Rabbah 53:11	https://www.sefaria.org/Bereshit_Rabbah.53.11	1	sage	personal	attested		Sefaria topics (CC BY-SA) + text: Daat Bereshit Rabbah (Public Domain)	0.85
Samuel (Prophet)	Q6577515	Samuel, Prophet and last judge of Israel before the kings	boy	שמואל הנביא	Samuel (Prophet)	Hebrew	Jewish	Rabbinic	Midrash Rabbah	Bereshit Rabbah	Bereshit Rabbah 56:7	https://www.sefaria.org/Bereshit_Rabbah.56.7	11	prophet	personal	attested		Sefaria topics (CC BY-SA) + text: Daat Bereshit Rabbah (Public Domain)	0.9
Yose	slug:jewish:rabbi-yose-b-yehudah	Rabbi Yose b. Yehudah, tanna	boy	רבי יוסי בר ר יהודה	Rabbi Yose b. Yehudah	Hebrew	Jewish	Rabbinic	Midrash Rabbah	Bereshit Rabbah	Bereshit Rabbah 57:4	https://www.sefaria.org/Bereshit_Rabbah.57.4	3	sage	personal	attested		Sefaria topics (CC BY-SA) + text: Daat Bereshit Rabbah (Public Domain)	0.85
Laban	Q840401	Laban, Brother of Rebekah	boy	לבן בן בתואל	Laban	Hebrew	Jewish	Rabbinic	Midrash Rabbah	Bereshit Rabbah	Bereshit Rabbah 57:4	https://www.sefaria.org/Bereshit_Rabbah.57.4	15	human	personal	attested		Sefaria topics (CC BY-SA) + text: Daat Bereshit Rabbah (Public Domain)	0.9
Batsheva	Q272277	Bathsheba, Wife of Uriah	girl	בת שבע	Batsheva	Hebrew	Jewish	Rabbinic	Midrash Rabbah	Bereshit Rabbah	Bereshit Rabbah 58:1	https://www.sefaria.org/Bereshit_Rabbah.58.1	5	human	personal	attested		Sefaria topics (CC BY-SA) + text: Daat Bereshit Rabbah (Public Domain)	0.85
Othniel	Q536485	Othniel, First judge of Israel	boy	עתניאל	Othniel	Hebrew	Jewish	Rabbinic	Midrash Rabbah	Bereshit Rabbah	Bereshit Rabbah 58:2	https://www.sefaria.org/Bereshit_Rabbah.58.2	4	human	personal	attested		Sefaria topics (CC BY-SA) + text: Daat Bereshit Rabbah (Public Domain)	0.85
Abba	slug:jewish:rebbi-abba-b-bizna	Rebbi Abba b. Bizna		רבי אבא בר אבינא	Rebbi Abba b. Bizna	Hebrew	Jewish	Rabbinic	Midrash Rabbah	Bereshit Rabbah	Bereshit Rabbah 58:7	https://www.sefaria.org/Bereshit_Rabbah.58.7	3	sage	personal	attested		Sefaria topics (CC BY-SA) + text: Daat Bereshit Rabbah (Public Domain)	0.85
Efron	slug:biblical:ephron@gen.23.8-	Ephron, A Hittite who sold a burial site to Abraham	boy	עפרון	Efron	Hebrew	Jewish	Rabbinic	Midrash Rabbah	Bereshit Rabbah	Bereshit Rabbah 58:7	https://www.sefaria.org/Bereshit_Rabbah.58.7	3	human	personal	attested		Sefaria topics (CC BY-SA) + text: Daat Bereshit Rabbah (Public Domain)	0.9
Eli	Q362021	Eli, High priest and judge of Israel at Shiloh	boy	עלי	Eli	Hebrew	Jewish	Rabbinic	Midrash Rabbah	Bereshit Rabbah	Bereshit Rabbah 59:1	https://www.sefaria.org/Bereshit_Rabbah.59.1	1	human	personal	attested		Sefaria topics (CC BY-SA) + text: Daat Bereshit Rabbah (Public Domain)	0.9
Avishai	Q1154317	Abishai, David's nephew	boy	אבישי	Avishai	Hebrew	Jewish	Rabbinic	Midrash Rabbah	Bereshit Rabbah	Bereshit Rabbah 59:11	https://www.sefaria.org/Bereshit_Rabbah.59.11	2	human	personal	attested		Sefaria topics (CC BY-SA) + text: Daat Bereshit Rabbah (Public Domain)	0.85
Pinchas	Q128063	Phinehas, Aaron's grandson	boy	פינחס	Pinchas	Hebrew	Jewish	Rabbinic	Midrash Rabbah	Bereshit Rabbah	Bereshit Rabbah 60:3	https://www.sefaria.org/Bereshit_Rabbah.60.3	6	human	personal	attested		Sefaria topics (CC BY-SA) + text: Daat Bereshit Rabbah (Public Domain)	0.9
Yiftach	Q1133523	Jephthah, A judge of Israel	boy	יפתח	Yiftach	Hebrew	Jewish	Rabbinic	Midrash Rabbah	Bereshit Rabbah	Bereshit Rabbah 60:3	https://www.sefaria.org/Bereshit_Rabbah.60.3	2	human	personal	attested		Sefaria topics (CC BY-SA) + text: Daat Bereshit Rabbah (Public Domain)	0.9
Rebecca	Q226664	Rebekah, Wife of Isaac	girl	רבקה	Rebecca	Hebrew	Jewish	Rabbinic	Midrash Rabbah	Bereshit Rabbah	Bereshit Rabbah 60:5	https://www.sefaria.org/Bereshit_Rabbah.60.5	11	human	personal	attested		Sefaria topics (CC BY-SA) + text: Daat Bereshit Rabbah (Public Domain)	0.9
Pinchas	Q448939	Rabbi Pinchas b. Yair, late 2nd century Jewish tanna	boy	רבי פנחס בן יאיר	Rabbi Pinchas b. Yair	Hebrew	Jewish	Rabbinic	Midrash Rabbah	Bereshit Rabbah	Bereshit Rabbah 60:8	https://www.sefaria.org/Bereshit_Rabbah.60.8	8	sage	personal	attested		Sefaria topics (CC BY-SA) + text: Daat Bereshit Rabbah (Public Domain)	0.85
Elazar	slug:jewish:rabbi-elazar-b-yose	Rabbi Elazar b. Yose, amora	boy	רבי אלעזר בר יוסי	Rabbi Elazar b. Yose	Hebrew	Jewish	Rabbinic	Midrash Rabbah	Bereshit Rabbah	Bereshit Rabbah 60:8	https://www.sefaria.org/Bereshit_Rabbah.60.8	3	sage	personal	attested		Sefaria topics (CC BY-SA) + text: Daat Bereshit Rabbah (Public Domain)	0.85
Elazar	Q739520	Rabbi Elazar b. Shamu'a, 2nd century rabbi and tanna	boy	רבי אלעזר בן שמוע	Rabbi Elazar b. Shamu'a	Hebrew	Jewish	Rabbinic	Midrash Rabbah	Bereshit Rabbah	Bereshit Rabbah 61:3	https://www.sefaria.org/Bereshit_Rabbah.61.3	5	sage	personal	attested		Sefaria topics (CC BY-SA) + text: Daat Bereshit Rabbah (Public Domain)	0.85
Yohanan Hasandlar	Q449248	Rabbi Yohanan Hasandlar, fourth generation tanna	boy	ר יוחנן הסנדלר	Rabbi Yohanan Hasandlar	Hebrew	Jewish	Rabbinic	Midrash Rabbah	Bereshit Rabbah	Bereshit Rabbah 61:3	https://www.sefaria.org/Bereshit_Rabbah.61.3	2	sage	personal	attested		Sefaria topics (CC BY-SA) + text: Daat Bereshit Rabbah (Public Domain)	0.85
Hananyah	Q2070205	Rabbi Hananyah b. Hakhinai, 2nd century rabbi and tanna	boy	רבי חנניה בן חכינאי	Rabbi Hananyah b. Hakhinai	Hebrew	Jewish	Rabbinic	Midrash Rabbah	Bereshit Rabbah	Bereshit Rabbah 61:3	https://www.sefaria.org/Bereshit_Rabbah.61.3	1	sage	personal	attested		Sefaria topics (CC BY-SA) + text: Daat Bereshit Rabbah (Public Domain)	0.85
Keturah	Q908531	Keturah, Abraham's concubine after Sarah's death	girl	קטורה	Keturah	Hebrew	Jewish	Rabbinic	Midrash Rabbah	Bereshit Rabbah	Bereshit Rabbah 61:4	https://www.sefaria.org/Bereshit_Rabbah.61.4	1	human	personal	attested		Sefaria topics (CC BY-SA) + text: Daat Bereshit Rabbah (Public Domain)	0.9
Rami	slug:jewish:rami-b-yechezkel	Rami b. Yechezkel		רמי בר יחזקאל	Rami b. Yechezkel	Hebrew	Jewish	Rabbinic	Midrash Rabbah	Bereshit Rabbah	Bereshit Rabbah 61:5	https://www.sefaria.org/Bereshit_Rabbah.61.5	1	sage	personal	attested		Sefaria topics (CC BY-SA) + text: Daat Bereshit Rabbah (Public Domain)	0.85
Hamai	slug:jewish:rebbi-hamai-b-uqba	Rebbi Hamai b. Uqba		רב חמא בר עוקבא	Rebbi Hamai b. Uqba	Hebrew	Jewish	Rabbinic	Midrash Rabbah	Bereshit Rabbah	Bereshit Rabbah 62:4	https://www.sefaria.org/Bereshit_Rabbah.62.4	5	sage	personal	attested		Sefaria topics (CC BY-SA) + text: Daat Bereshit Rabbah (Public Domain)	0.85
Shimon	slug:jewish:rabbi-shimon-b-menasya	Rabbi Shimon b. Menasya, tanna	boy	רבי שמעון בן מנסיא	Rabbi Shimon b. Menasya	Hebrew	Jewish	Rabbinic	Midrash Rabbah	Bereshit Rabbah	Bereshit Rabbah 63:1	https://www.sefaria.org/Bereshit_Rabbah.63.1	6	sage	personal	attested		Sefaria topics (CC BY-SA) + text: Daat Bereshit Rabbah (Public Domain)	0.85
Jacob	Q289957	Jacob (Israel), patriarch, son of Isaac	boy	יעקב	Jacob	Hebrew	Jewish	Rabbinic	Midrash Rabbah	Bereshit Rabbah	Bereshit Rabbah 63:6	https://www.sefaria.org/Bereshit_Rabbah.63.6	47	human	personal	attested		Sefaria topics (CC BY-SA) + text: Daat Bereshit Rabbah (Public Domain)	0.9
Shem	Q200902	Shem, Noah's son	boy	שֵׁם	Shem	Hebrew	Jewish	Rabbinic	Midrash Rabbah	Bereshit Rabbah	Bereshit Rabbah 63:7	https://www.sefaria.org/Bereshit_Rabbah.63.7	3	human	personal	attested	no open Hebrew text; the open English translation reads 'Shem'	Sefaria topics (CC BY-SA) + text: Daat Bereshit Rabbah (Public Domain)	0.9
Marinus	slug:jewish:rebbi-marinus	Rebbi Marinus		רבי מרינוס	Rebbi Marinus	Hebrew	Jewish	Rabbinic	Midrash Rabbah	Bereshit Rabbah	Bereshit Rabbah 64:5	https://www.sefaria.org/Bereshit_Rabbah.64.5	4	sage	personal	attested		Sefaria topics (CC BY-SA) + text: Daat Bereshit Rabbah (Public Domain)	0.85
Hezekiah	Q244912	Hezekiah, A righteous king of Judah	boy	חזקיה	Hezekiah	Hebrew	Jewish	Rabbinic	Midrash Rabbah	Bereshit Rabbah	Bereshit Rabbah 65:9	https://www.sefaria.org/Bereshit_Rabbah.65.9	12	royal	personal	attested		Sefaria topics (CC BY-SA) + text: Daat Bereshit Rabbah (Public Domain)	0.9
Ahijah	Q2590260	Ahijah the Shilonite, biblical prophet in the Old Testament (First Book of Kings)	boy	אחיה השילוני	Ahijah the Shilonite	Hebrew	Jewish	Rabbinic	Midrash Rabbah	Bereshit Rabbah	Bereshit Rabbah 65:10	https://www.sefaria.org/Bereshit_Rabbah.65.10	2	human	personal	attested		Sefaria topics (CC BY-SA) + text: Daat Bereshit Rabbah (Public Domain)	0.9
[Rabbi Shimon]	slug:jewish:rabbi-shimon-b-nannas	[Rabbi Shimon] b. Nannas, tanna	boy	בן ננס	[Rabbi Shimon] b. Nannas	Hebrew	Jewish	Rabbinic	Midrash Rabbah	Bereshit Rabbah	Bereshit Rabbah 65:11	https://www.sefaria.org/Bereshit_Rabbah.65.11	3	sage	personal	attested		Sefaria topics (CC BY-SA) + text: Daat Bereshit Rabbah (Public Domain)	0.85
Abijah (Judah)	Q273517	Abijah, King of Judah	boy	אביה (מלך יהודה)	Abijah (Judah)	Hebrew	Jewish	Rabbinic	Midrash Rabbah	Bereshit Rabbah	Bereshit Rabbah 65:20	https://www.sefaria.org/Bereshit_Rabbah.65.20	1	royal	personal	attested		Sefaria topics (CC BY-SA) + text: Daat Bereshit Rabbah (Public Domain)	0.9
Yokim	slug:jewish:yokim-the-man-of-tsrorot	Yokim, the Man of Tsrorot		יקום איש צרורות	Yokim, the Man of Tsrorot	Hebrew	Jewish	Rabbinic	Midrash Rabbah	Bereshit Rabbah	Bereshit Rabbah 65:22	https://www.sefaria.org/Bereshit_Rabbah.65.22	1	sage	personal	attested		Sefaria topics (CC BY-SA) + text: Daat Bereshit Rabbah (Public Domain)	0.85
Yose	Q2747922	Yose b. Yoezer, Jewish rabbi and sage.	boy	יוסי בן יועזר	Yose b. Yoezer	Hebrew	Jewish	Rabbinic	Midrash Rabbah	Bereshit Rabbah	Bereshit Rabbah 65:22	https://www.sefaria.org/Bereshit_Rabbah.65.22	1	sage	personal	attested		Sefaria topics (CC BY-SA) + text: Daat Bereshit Rabbah (Public Domain)	0.85
Daniel	Q171724	Daniel, Prophet in Babylon	boy	דניאל	Daniel	Hebrew	Jewish	Rabbinic	Midrash Rabbah	Bereshit Rabbah	Bereshit Rabbah 68:13	https://www.sefaria.org/Bereshit_Rabbah.68.13	8	prophet	personal	attested		Sefaria topics (CC BY-SA) + text: Daat Bereshit Rabbah (Public Domain)	0.9
Pinehas	slug:jewish:rabbi-pinehas-b-hama	Rabbi Pinehas b. Hama, amora	boy	רבי פנחס בר חמא	Rabbi Pinehas b. Hama	Hebrew	Jewish	Rabbinic	Midrash Rabbah	Bereshit Rabbah	Bereshit Rabbah 69:8	https://www.sefaria.org/Bereshit_Rabbah.69.8	3	sage	personal	attested		Sefaria topics (CC BY-SA) + text: Daat Bereshit Rabbah (Public Domain)	0.85
Aquilas	slug:jewish:aquilas	Aquilas, tanna	boy	עקילס	Aquilas	Hebrew	Jewish	Rabbinic	Midrash Rabbah	Bereshit Rabbah	Bereshit Rabbah 70:5	https://www.sefaria.org/Bereshit_Rabbah.70.5	1	sage	personal	attested		Sefaria topics (CC BY-SA) + text: Daat Bereshit Rabbah (Public Domain)	0.9
Shimon	slug:jewish:rabbi-shimon-b-yehudah	Rabbi Shimon b. Yehudah, tanna	boy	רבי שמעון בן יהודה	Rabbi Shimon b. Yehudah	Hebrew	Jewish	Rabbinic	Midrash Rabbah	Bereshit Rabbah	Bereshit Rabbah 70:9	https://www.sefaria.org/Bereshit_Rabbah.70.9	1	sage	personal	attested		Sefaria topics (CC BY-SA) + text: Daat Bereshit Rabbah (Public Domain)	0.85
Rachel	Q207389	Rachel, Wife of Jacob	girl	רחל	Rachel	Hebrew	Jewish	Rabbinic	Midrash Rabbah	Bereshit Rabbah	Bereshit Rabbah 70:10	https://www.sefaria.org/Bereshit_Rabbah.70.10	19	human	personal	attested		Sefaria topics (CC BY-SA) + text: Daat Bereshit Rabbah (Public Domain)	0.9
Leah	Q128847	Leah, Wife of Jacob	girl	לאה	Leah	Hebrew	Jewish	Rabbinic	Midrash Rabbah	Bereshit Rabbah	Bereshit Rabbah 70:15	https://www.sefaria.org/Bereshit_Rabbah.70.15	10	human	personal	attested		Sefaria topics (CC BY-SA) + text: Daat Bereshit Rabbah (Public Domain)	0.9
Simeon	Q1773005	Simeon, Son of Jacob and Leah	boy	שמעון	Simeon	Hebrew	Jewish	Rabbinic	Midrash Rabbah	Bereshit Rabbah	Bereshit Rabbah 71:4	https://www.sefaria.org/Bereshit_Rabbah.71.4	8	human	personal	attested		Sefaria topics (CC BY-SA) + text: Daat Bereshit Rabbah (Public Domain)	0.9
Nehorai	slug:jewish:rabbi-nehorai	Rabbi Nehorai, tanna	boy	רבי נהוראי	Rabbi Nehorai	Hebrew	Jewish	Rabbinic	Midrash Rabbah	Bereshit Rabbah	Bereshit Rabbah 71:9	https://www.sefaria.org/Bereshit_Rabbah.71.9	10	sage	personal	attested		Sefaria topics (CC BY-SA) + text: Daat Bereshit Rabbah (Public Domain)	0.85
Elijah	Q133507	Elijah, prophet	boy	אליהו	Elijah	Hebrew	Jewish	Rabbinic	Midrash Rabbah	Bereshit Rabbah	Bereshit Rabbah 71:9	https://www.sefaria.org/Bereshit_Rabbah.71.9	11	prophet	personal	attested		Sefaria topics (CC BY-SA) + text: Daat Bereshit Rabbah (Public Domain)	0.9
Asher	Q1775026	Asher, Son of Jacob and Zilpah	boy	אשר	Asher	Hebrew	Jewish	Rabbinic	Midrash Rabbah	Bereshit Rabbah	Bereshit Rabbah 71:10	https://www.sefaria.org/Bereshit_Rabbah.71.10	5	human	personal	attested		Sefaria topics (CC BY-SA) + text: Daat Bereshit Rabbah (Public Domain)	0.9
Issachar	Q651256	Issachar, Son of Jacob and Leah	boy	יששכר	Issachar	Hebrew	Jewish	Rabbinic	Midrash Rabbah	Bereshit Rabbah	Bereshit Rabbah 72:5	https://www.sefaria.org/Bereshit_Rabbah.72.5	9	human	personal	attested		Sefaria topics (CC BY-SA) + text: Daat Bereshit Rabbah (Public Domain)	0.9
Zevulun	Q614575	Zebulun, Israelite tribe	boy	זבולון	Zevulun	Hebrew	Jewish	Rabbinic	Midrash Rabbah	Bereshit Rabbah	Bereshit Rabbah 72:5	https://www.sefaria.org/Bereshit_Rabbah.72.5	5	human	personal	attested		Sefaria topics (CC BY-SA) + text: Daat Bereshit Rabbah (Public Domain)	0.9
Yehudah	slug:jewish:rabbi-yehudah-b-pazi	Rabbi Yehudah b. Pazi, amora	boy	רבי יהודה בן פזי	Rabbi Yehudah b. Pazi	Hebrew	Jewish	Rabbinic	Midrash Rabbah	Bereshit Rabbah	Bereshit Rabbah 72:6	https://www.sefaria.org/Bereshit_Rabbah.72.6	10	sage	personal	attested		Sefaria topics (CC BY-SA) + text: Daat Bereshit Rabbah (Public Domain)	0.85
Yoav	Q1141064	Joab, Son of Zeruiah	boy	יואב	Yoav	Hebrew	Jewish	Rabbinic	Midrash Rabbah	Bereshit Rabbah	Bereshit Rabbah 74:15	https://www.sefaria.org/Bereshit_Rabbah.74.15	4	human	personal	attested		Sefaria topics (CC BY-SA) + text: Daat Bereshit Rabbah (Public Domain)	0.9
Edom	Q220822	Esau, Isaac's firstborn son	boy	אדום (עם)	Edom	Hebrew	Jewish	Rabbinic	Midrash Rabbah	Bereshit Rabbah	Bereshit Rabbah 75:4	https://www.sefaria.org/Bereshit_Rabbah.75.4	12	human	personal	attested		Sefaria topics (CC BY-SA) + text: Daat Bereshit Rabbah (Public Domain)	0.9
Men Yehudah	slug:jewish:men-yehudah	Men Yehudah		מן יְהוּדָה	Men Yehudah	Hebrew	Jewish	Rabbinic	Midrash Rabbah	Bereshit Rabbah	Bereshit Rabbah 75:5	https://www.sefaria.org/Bereshit_Rabbah.75.5	1	sage	personal	attested		Sefaria topics (CC BY-SA) + text: Daat Bereshit Rabbah (Public Domain)	0.85
Joseph	Q145746	Joseph, son of Jacob	boy	יוסף	Joseph	Hebrew	Jewish	Rabbinic	Midrash Rabbah	Bereshit Rabbah	Bereshit Rabbah 75:12	https://www.sefaria.org/Bereshit_Rabbah.75.12	36	human	personal	attested		Sefaria topics (CC BY-SA) + text: Daat Bereshit Rabbah (Public Domain)	0.9
Beniyahu	Q56391124	Benaiah, Son of Jehoiada	boy	בניהו	Beniyahu	Hebrew	Jewish	Rabbinic	Midrash Rabbah	Bereshit Rabbah	Bereshit Rabbah 76:2	https://www.sefaria.org/Bereshit_Rabbah.76.2	2	human	personal	attested		Sefaria topics (CC BY-SA) + text: Daat Bereshit Rabbah (Public Domain)	0.85
Dinah	Q122035	Dinah, Daughter of Jacob and Leah	girl	דינה	Dinah	Hebrew	Jewish	Rabbinic	Midrash Rabbah	Bereshit Rabbah	Bereshit Rabbah 76:9	https://www.sefaria.org/Bereshit_Rabbah.76.9	5	human	personal	attested		Sefaria topics (CC BY-SA) + text: Daat Bereshit Rabbah (Public Domain)	0.9
Onias	slug:jewish:rebbi-onias	Rebbi Onias		רִבִּי חוֹנִי	Rebbi Onias	Hebrew	Jewish	Rabbinic	Midrash Rabbah	Bereshit Rabbah	Bereshit Rabbah 77:2	https://www.sefaria.org/Bereshit_Rabbah.77.2	31	sage	personal	attested		Sefaria topics (CC BY-SA) + text: Daat Bereshit Rabbah (Public Domain)	0.85
Shimon	slug:jewish:rabbi-shimon-b-rabbi	Rabbi Shimon b. Rabbi	boy	רבי שמעון בן רבי	Rabbi Shimon b. Rabbi	Hebrew	Jewish	Rabbinic	Midrash Rabbah	Bereshit Rabbah	Bereshit Rabbah 77:2	https://www.sefaria.org/Bereshit_Rabbah.77.2	16	sage	personal	attested		Sefaria topics (CC BY-SA) + text: Daat Bereshit Rabbah (Public Domain)	0.85
Benjamin	slug:jewish:rebbi-benjamin-b-levi	Rebbi Benjamin b. Levi		רִבִּי בִּנְיָמִין בַּר לֵוִי	Rebbi Benjamin b. Levi	Hebrew	Jewish	Rabbinic	Midrash Rabbah	Bereshit Rabbah	Bereshit Rabbah 78:10	https://www.sefaria.org/Bereshit_Rabbah.78.10	3	sage	personal	attested		Sefaria topics (CC BY-SA) + text: Daat Bereshit Rabbah (Public Domain)	0.85
Shechem	slug:biblical:shechem@gen.33.19-	Shechem, Founded the city where Dinah was raped	boy	שכם	Shechem	Hebrew	Jewish	Rabbinic	Midrash Rabbah	Bereshit Rabbah	Bereshit Rabbah 80:5	https://www.sefaria.org/Bereshit_Rabbah.80.5	4	human	personal	attested		Sefaria topics (CC BY-SA) + text: Daat Bereshit Rabbah (Public Domain)	0.9
Issi	slug:jewish:issi-b-yehudah	Issi b. Yehudah, tanna	boy	איסי בר יהודה	Issi b. Yehudah	Hebrew	Jewish	Rabbinic	Midrash Rabbah	Bereshit Rabbah	Bereshit Rabbah 80:6	https://www.sefaria.org/Bereshit_Rabbah.80.6	1	sage	personal	attested		Sefaria topics (CC BY-SA) + text: Daat Bereshit Rabbah (Public Domain)	0.85
Levi	Q2897998	Levi b. Sisi, Late 2nd/early 3rd century Jewish scholar	boy	לוי בן סיסי	Levi b. Sisi	Hebrew	Jewish	Rabbinic	Midrash Rabbah	Bereshit Rabbah	Bereshit Rabbah 80:10	https://www.sefaria.org/Bereshit_Rabbah.80.10	8	sage	personal	attested		Sefaria topics (CC BY-SA) + text: Daat Bereshit Rabbah (Public Domain)	0.85
Eleazar	slug:jewish:rebbi-eleazar-from-merom	Rebbi Eleazar from Merom		רִבִּי לָֽעְזָר בַּר מְרוֹם	Rebbi Eleazar from Merom	Hebrew	Jewish	Rabbinic	Midrash Rabbah	Bereshit Rabbah	Bereshit Rabbah 81:4	https://www.sefaria.org/Bereshit_Rabbah.81.4	1	sage	personal	attested		Sefaria topics (CC BY-SA) + text: Daat Bereshit Rabbah (Public Domain)	0.85
Abner	Q1133337	Abner, Saul's cousin and commander of his army	boy	אבנר	Abner	Hebrew	Jewish	Rabbinic	Midrash Rabbah	Bereshit Rabbah	Bereshit Rabbah 82:4	https://www.sefaria.org/Bereshit_Rabbah.82.4	4	human	personal	attested		Sefaria topics (CC BY-SA) + text: Daat Bereshit Rabbah (Public Domain)	0.9
Mikhal	Q1341397	Michal, Daughter of Saul	girl	מיכל	Mikhal	Hebrew	Jewish	Rabbinic	Midrash Rabbah	Bereshit Rabbah	Bereshit Rabbah 82:7	https://www.sefaria.org/Bereshit_Rabbah.82.7	2	human	personal	attested		Sefaria topics (CC BY-SA) + text: Daat Bereshit Rabbah (Public Domain)	0.9
Benjamin	Q460763	Benjamin, Youngest son of Jacob and Rachel	boy	בנימין	Benjamin	Hebrew	Jewish	Rabbinic	Midrash Rabbah	Bereshit Rabbah	Bereshit Rabbah 82:8	https://www.sefaria.org/Bereshit_Rabbah.82.8	1	human	personal	attested		Sefaria topics (CC BY-SA) + text: Daat Bereshit Rabbah (Public Domain)	0.9
Elifaz	Q2899130	Eliphaz, The firstborn son of Esau	boy	אליפז	Elifaz	Hebrew	Jewish	Rabbinic	Midrash Rabbah	Bereshit Rabbah	Bereshit Rabbah 82:14	https://www.sefaria.org/Bereshit_Rabbah.82.14	1	human	personal	attested		Sefaria topics (CC BY-SA) + text: Daat Bereshit Rabbah (Public Domain)	0.85
Timna	Q32979730	Timna, Concubine of Eliphaz	girl	תמנע	Timna	Hebrew	Jewish	Rabbinic	Midrash Rabbah	Bereshit Rabbah	Bereshit Rabbah 82:14	https://www.sefaria.org/Bereshit_Rabbah.82.14	1	human	personal	attested		Sefaria topics (CC BY-SA) + text: Daat Bereshit Rabbah (Public Domain)	0.9
Judah	Q282220	Judah, Israelite tribe	boy	יהודה	Judah	Hebrew	Jewish	Rabbinic	Midrash Rabbah	Bereshit Rabbah	Bereshit Rabbah 84:17	https://www.sefaria.org/Bereshit_Rabbah.84.17	15	human	personal	attested		Sefaria topics (CC BY-SA) + text: Daat Bereshit Rabbah (Public Domain)	0.9
Hosea (the Prophet)	Q665541	Hosea, A prophet to the northern kingdom of Israel	boy	הושע (הנביא)	Hosea (the Prophet)	Hebrew	Jewish	Rabbinic	Midrash Rabbah	Bereshit Rabbah	Bereshit Rabbah 84:19	https://www.sefaria.org/Bereshit_Rabbah.84.19	2	prophet	personal	attested		Sefaria topics (CC BY-SA) + text: Daat Bereshit Rabbah (Public Domain)	0.9
Ahab	Q235901	Ahab, Wicked king of Israel	boy	אחאב	Ahab	Hebrew	Jewish	Rabbinic	Midrash Rabbah	Bereshit Rabbah	Bereshit Rabbah 84:20	https://www.sefaria.org/Bereshit_Rabbah.84.20	5	royal	personal	attested		Sefaria topics (CC BY-SA) + text: Daat Bereshit Rabbah (Public Domain)	0.9
Potiphar	Q1148687	Potiphar, Egyptian official who bought Joseph as a slave	boy	פוטיפר	Potiphar	Hebrew	Jewish	Rabbinic	Midrash Rabbah	Bereshit Rabbah	Bereshit Rabbah 85:2	https://www.sefaria.org/Bereshit_Rabbah.85.2	2	human	personal	attested		Sefaria topics (CC BY-SA) + text: Daat Bereshit Rabbah (Public Domain)	0.9
Hiram	slug:biblical:hiram@2sa.5.11-2ch	Hiram, King of Tyre	boy	חירם	Hiram	Hebrew	Jewish	Rabbinic	Midrash Rabbah	Bereshit Rabbah	Bereshit Rabbah 85:4	https://www.sefaria.org/Bereshit_Rabbah.85.4	3	royal	personal	attested		Sefaria topics (CC BY-SA) + text: Daat Bereshit Rabbah (Public Domain)	0.9
Er (Firstborn Son of Judah)	Q1347943	Er, Judah's firstborn son	boy	ער בכור יהודה	Er (Firstborn Son of Judah)	Hebrew	Jewish	Rabbinic	Midrash Rabbah	Bereshit Rabbah	Bereshit Rabbah 85:4	https://www.sefaria.org/Bereshit_Rabbah.85.4	1	human	personal	attested		Sefaria topics (CC BY-SA) + text: Daat Bereshit Rabbah (Public Domain)	0.9
Onan	Q661074	Onan, Son of Judah	boy	אוֹנָן	Onan	Hebrew	Jewish	Rabbinic	Midrash Rabbah	Bereshit Rabbah	Bereshit Rabbah 85:5	https://www.sefaria.org/Bereshit_Rabbah.85.5	1	human	personal	attested		Sefaria topics (CC BY-SA) + text: Daat Bereshit Rabbah (Public Domain)	0.9
Jehudah	slug:jewish:jehudah-b-nahman	Jehudah b. Nahman		יהוּדָה בַּר נַחְמָן	Jehudah b. Nahman	Hebrew	Jewish	Rabbinic	Midrash Rabbah	Bereshit Rabbah	Bereshit Rabbah 85:9	https://www.sefaria.org/Bereshit_Rabbah.85.9	3	sage	personal	attested		Sefaria topics (CC BY-SA) + text: Daat Bereshit Rabbah (Public Domain)	0.85
Tamar	Q1030008	Tamar, Judah's daughter-in-law who bore Perez and Zerah	girl	תמר (יהודה)	Tamar	Hebrew	Jewish	Rabbinic	Midrash Rabbah	Bereshit Rabbah	Bereshit Rabbah 85:9	https://www.sefaria.org/Bereshit_Rabbah.85.9	3	human	personal	attested		Sefaria topics (CC BY-SA) + text: Daat Bereshit Rabbah (Public Domain)	0.9
Efrayim Miksha'a	slug:jewish:efrayim-mikshaa-a-student-of-rabbi-meir	Efrayim Miksha'a, a student of Rabbi Meir		אפרים מקשאה תלמידו של רבי מאיר	Efrayim Miksha'a, a student of Rabbi Meir	Hebrew	Jewish	Rabbinic	Midrash Rabbah	Bereshit Rabbah	Bereshit Rabbah 85:10	https://www.sefaria.org/Bereshit_Rabbah.85.10	1	sage	personal	attested		Sefaria topics (CC BY-SA) + text: Daat Bereshit Rabbah (Public Domain)	0.85
Mordekhai	Q1136380	Mordecai, Esther's cousin	boy	מרדכי	Mordekhai	Hebrew	Jewish	Rabbinic	Midrash Rabbah	Bereshit Rabbah	Bereshit Rabbah 87:6	https://www.sefaria.org/Bereshit_Rabbah.87.6	21	human	personal	attested		Sefaria topics (CC BY-SA) + text: Daat Bereshit Rabbah (Public Domain)	0.9
Pharaoh	Q659203	Pharaoh, king of Egypt in the Exodus story	boy	פרעה	Pharaoh	Hebrew	Jewish	Rabbinic	Midrash Rabbah	Bereshit Rabbah	Bereshit Rabbah 89:3	https://www.sefaria.org/Bereshit_Rabbah.89.3	26	royal	personal	attested		Sefaria topics (CC BY-SA) + text: Daat Bereshit Rabbah (Public Domain)	0.9
Zaphnath-Paaneah	Q145746	Joseph, son of Jacob	boy	צפנת פענח	Zaphnath-Paaneah	Hebrew	Jewish	Rabbinic	Midrash Rabbah	Bereshit Rabbah	Bereshit Rabbah 90:4	https://www.sefaria.org/Bereshit_Rabbah.90.4	1	human	personal	attested		Sefaria topics (CC BY-SA) + text: Daat Bereshit Rabbah (Public Domain)	0.9
Avina	slug:jewish:rabbi-avina	Rabbi Avina		רבי אבינא	Rabbi Avina	Hebrew	Jewish	Rabbinic	Midrash Rabbah	Bereshit Rabbah	Bereshit Rabbah 91:3	https://www.sefaria.org/Bereshit_Rabbah.91.3	26	sage	personal	attested		Sefaria topics (CC BY-SA) + text: Daat Bereshit Rabbah (Public Domain)	0.85
Shmuel	slug:jewish:rabbi-shmuel-b-shilat	Rabbi Shmuel b. Shilat		רב שמואל בר שילת	Rabbi Shmuel b. Shilat	Hebrew	Jewish	Rabbinic	Midrash Rabbah	Bereshit Rabbah	Bereshit Rabbah 91:3	https://www.sefaria.org/Bereshit_Rabbah.91.3	1	sage	personal	attested		Sefaria topics (CC BY-SA) + text: Daat Bereshit Rabbah (Public Domain)	0.85
Shimon	Q338378	Shimon b. Shetach, Jewish Pharisee scholar (c. 140–60 BCE)	boy	שמעון בן שטח	Shimon b. Shetach	Hebrew	Jewish	Rabbinic	Midrash Rabbah	Bereshit Rabbah	Bereshit Rabbah 91:3	https://www.sefaria.org/Bereshit_Rabbah.91.3	3	sage	personal	attested		Sefaria topics (CC BY-SA) + text: Daat Bereshit Rabbah (Public Domain)	0.9
Tarfon	Q1268142	Rabbi Tarfon, Late 1st/early 2nd century Jewish rabbi and sage	boy	רבי טרפון	Rabbi Tarfon	Hebrew	Jewish	Rabbinic	Midrash Rabbah	Bereshit Rabbah	Bereshit Rabbah 91:9	https://www.sefaria.org/Bereshit_Rabbah.91.9	14	sage	personal	attested		Sefaria topics (CC BY-SA) + text: Daat Bereshit Rabbah (Public Domain)	0.9
Tanchum	slug:jewish:rabbi-tanchum-b-chanilai	Rabbi Tanchum b. Chanilai		רבי תנחום בן חנילאי	Rabbi Tanchum b. Chanilai	Hebrew	Jewish	Rabbinic	Midrash Rabbah	Bereshit Rabbah	Bereshit Rabbah 91:11	https://www.sefaria.org/Bereshit_Rabbah.91.11	2	sage	personal	attested		Sefaria topics (CC BY-SA) + text: Daat Bereshit Rabbah (Public Domain)	0.85
Yoshiah	slug:jewish:rabbi-yoshiah	Rabbi Yoshiah, tanna	boy	רבי יאשיה	Rabbi Yoshiah	Hebrew	Jewish	Rabbinic	Midrash Rabbah	Bereshit Rabbah	Bereshit Rabbah 92:3	https://www.sefaria.org/Bereshit_Rabbah.92.3	8	sage	personal	attested		Sefaria topics (CC BY-SA) + text: Daat Bereshit Rabbah (Public Domain)	0.85
Chushim	slug:jewish:chushim-the-son-of-dan	Chushim, the son of Dan		חושים בן דן	Chushim, the son of Dan	Hebrew	Jewish	Rabbinic	Midrash Rabbah	Bereshit Rabbah	Bereshit Rabbah 93:7	https://www.sefaria.org/Bereshit_Rabbah.93.7	2	human	personal	attested		Sefaria topics (CC BY-SA) + text: Daat Bereshit Rabbah (Public Domain)	0.9
Elazar	Q1325773	Rabbi Elazar b. Pedat, 3rd century Babylonian Jewish talmudist	boy	רבי אלעזר בן פדת	Rabbi Elazar b. Pedat	Hebrew	Jewish	Rabbinic	Midrash Rabbah	Bereshit Rabbah	Bereshit Rabbah 93:12	https://www.sefaria.org/Bereshit_Rabbah.93.12	10	sage	personal	attested		Sefaria topics (CC BY-SA) + text: Daat Bereshit Rabbah (Public Domain)	0.9
Serah the Daughter of Asher	Q2899037	Serah, Daughter of Asher	girl	סרח בת אשר	Serah the Daughter of Asher	Hebrew	Jewish	Rabbinic	Midrash Rabbah	Bereshit Rabbah	Bereshit Rabbah 94:9	https://www.sefaria.org/Bereshit_Rabbah.94.9	4	human	personal	attested		Sefaria topics (CC BY-SA) + text: Daat Bereshit Rabbah (Public Domain)	0.9
Sheva	slug:jewish:sheva-the-son-of-bichri	Sheva, the Son of Bichri		שבע בן בכרי	Sheva, the Son of Bichri	Hebrew	Jewish	Rabbinic	Midrash Rabbah	Bereshit Rabbah	Bereshit Rabbah 94:9	https://www.sefaria.org/Bereshit_Rabbah.94.9	4	human	personal	attested		Sefaria topics (CC BY-SA) + text: Daat Bereshit Rabbah (Public Domain)	0.85
Jehoiakim	Q319034	Jehoiakim, King of Judah	boy	יהויקים	Jehoiakim	Hebrew	Jewish	Rabbinic	Midrash Rabbah	Bereshit Rabbah	Bereshit Rabbah 94:9	https://www.sefaria.org/Bereshit_Rabbah.94.9	2	royal	personal	attested		Sefaria topics (CC BY-SA) + text: Daat Bereshit Rabbah (Public Domain)	0.9
Obed	Q1135791	Obed, Son of Boaz and Ruth	boy	עובד	Obed	Hebrew	Jewish	Rabbinic	Midrash Rabbah	Bereshit Rabbah	Bereshit Rabbah 96:4	https://www.sefaria.org/Bereshit_Rabbah.96.4	1	human	personal	attested		Sefaria topics (CC BY-SA) + text: Daat Bereshit Rabbah (Public Domain)	0.9
Zakkai	slug:jewish:rabbi-zakkai	Rabbi Zakkai		רבי זכאי	Rabbi Zakkai	Hebrew	Jewish	Rabbinic	Midrash Rabbah	Bereshit Rabbah	Bereshit Rabbah 97:3	https://www.sefaria.org/Bereshit_Rabbah.97.3	5	sage	personal	attested		Sefaria topics (CC BY-SA) + text: Daat Bereshit Rabbah (Public Domain)	0.85
Ephraim	Q203251	Ephraim, son of Joseph	boy	אפרים	Ephraim	Hebrew	Jewish	Rabbinic	Midrash Rabbah	Bereshit Rabbah	Bereshit Rabbah 97:5	https://www.sefaria.org/Bereshit_Rabbah.97.5	6	human	personal	attested		Sefaria topics (CC BY-SA) + text: Daat Bereshit Rabbah (Public Domain)	0.9
Eleazar	slug:jewish:rebbi-eleazar-b-rebbi-abuna	Rebbi Eleazar b. Rebbi Abuna		רבי אלעזר בר אבינא	Rebbi Eleazar b. Rebbi Abuna	Hebrew	Jewish	Rabbinic	Midrash Rabbah	Bereshit Rabbah	Bereshit Rabbah 98:2	https://www.sefaria.org/Bereshit_Rabbah.98.2	3	sage	personal	attested		Sefaria topics (CC BY-SA) + text: Daat Bereshit Rabbah (Public Domain)	0.85
Shephatiah	slug:jewish:shephatiah	Shephatiah		שפטיה בן אביטל	Shephatiah	Hebrew	Jewish	Rabbinic	Midrash Rabbah	Bereshit Rabbah	Bereshit Rabbah 98:8	https://www.sefaria.org/Bereshit_Rabbah.98.8	1	human	personal	attested		Sefaria topics (CC BY-SA) + text: Daat Bereshit Rabbah (Public Domain)	0.85
Kalva Savua	slug:jewish:kalva-savua	Kalva Savua		כלבא שבוע	Kalva Savua	Hebrew	Jewish	Rabbinic	Midrash Rabbah	Bereshit Rabbah	Bereshit Rabbah 98:8	https://www.sefaria.org/Bereshit_Rabbah.98.8	3	sage	personal	attested		Sefaria topics (CC BY-SA) + text: Daat Bereshit Rabbah (Public Domain)	0.85
Tsitsit Hakesset	slug:jewish:tsitsit-hakesset	Tsitsit Hakesset		בן ציצית הכסת	Tsitsit Hakesset	Hebrew	Jewish	Rabbinic	Midrash Rabbah	Bereshit Rabbah	Bereshit Rabbah 98:8	https://www.sefaria.org/Bereshit_Rabbah.98.8	2	sage	personal	attested		Sefaria topics (CC BY-SA) + text: Daat Bereshit Rabbah (Public Domain)	0.85
Jonadab, the Son of Rechab	Q6176487	Jehonadab, Son of Rechab	boy	יהונדב בן רכב	Jonadab, the Son of Rechab	Hebrew	Jewish	Rabbinic	Midrash Rabbah	Bereshit Rabbah	Bereshit Rabbah 98:8	https://www.sefaria.org/Bereshit_Rabbah.98.8	1	human	personal	attested		Sefaria topics (CC BY-SA) + text: Daat Bereshit Rabbah (Public Domain)	0.85
Machir	slug:jewish:machir	Machir		מכיר	Machir	Hebrew	Jewish	Rabbinic	Midrash Rabbah	Bereshit Rabbah	Bereshit Rabbah 98:8	https://www.sefaria.org/Bereshit_Rabbah.98.8	2	human	personal	attested		Sefaria topics (CC BY-SA) + text: Daat Bereshit Rabbah (Public Domain)	0.9
Yitzhak	slug:jewish:rav-yitzhak-b-rabbi	Rav Yitzhak b. Rabbi		רב יצחק ברבי	Rav Yitzhak b. Rabbi	Hebrew	Jewish	Rabbinic	Midrash Rabbah	Bereshit Rabbah	Bereshit Rabbah 98:10	https://www.sefaria.org/Bereshit_Rabbah.98.10	9	sage	personal	attested		Sefaria topics (CC BY-SA) + text: Daat Bereshit Rabbah (Public Domain)	0.85
Samson	Q214648	Samson, Israelite judge with great strength from God	boy	שמשון	Samson	Hebrew	Jewish	Rabbinic	Midrash Rabbah	Bereshit Rabbah	Bereshit Rabbah 98:13	https://www.sefaria.org/Bereshit_Rabbah.98.13	10	human	personal	attested		Sefaria topics (CC BY-SA) + text: Daat Bereshit Rabbah (Public Domain)	0.9
Naftali	Q1771963	Naphtali, Son of Jacob	boy	נפתלי	Naftali	Hebrew	Jewish	Rabbinic	Midrash Rabbah	Bereshit Rabbah	Bereshit Rabbah 98:17	https://www.sefaria.org/Bereshit_Rabbah.98.17	4	human	personal	attested		Sefaria topics (CC BY-SA) + text: Daat Bereshit Rabbah (Public Domain)	0.9
Abba	slug:jewish:rabbi-abba-b-zutra	Rabbi Abba b. Zutra		רבי אבא בר זוטרא	Rabbi Abba b. Zutra	Hebrew	Jewish	Rabbinic	Midrash Rabbah	Bereshit Rabbah	Bereshit Rabbah 98:20	https://www.sefaria.org/Bereshit_Rabbah.98.20	1	sage	personal	attested		Sefaria topics (CC BY-SA) + text: Daat Bereshit Rabbah (Public Domain)	0.85
Madai	Q1790796	Madai, Son of Japheth	boy	מדי	Madai	Hebrew	Jewish	Rabbinic	Midrash Rabbah	Bereshit Rabbah	Bereshit Rabbah 99:2	https://www.sefaria.org/Bereshit_Rabbah.99.2	1	human	personal	attested		Sefaria topics (CC BY-SA) + text: Daat Bereshit Rabbah (Public Domain)	0.9
Ehud	Q1300996	Ehud, Second judge of Israel	boy	אהוד	Ehud	Hebrew	Jewish	Rabbinic	Midrash Rabbah	Bereshit Rabbah	Bereshit Rabbah 99:3	https://www.sefaria.org/Bereshit_Rabbah.99.3	1	human	personal	attested		Sefaria topics (CC BY-SA) + text: Daat Bereshit Rabbah (Public Domain)	0.9
Esther	Q732413	Esther, Jewish queen of Persia	girl	אסתר	Esther	Hebrew	Jewish	Rabbinic	Midrash Rabbah	Bereshit Rabbah	Bereshit Rabbah 99:3	https://www.sefaria.org/Bereshit_Rabbah.99.3	15	human	personal	attested		Sefaria topics (CC BY-SA) + text: Daat Bereshit Rabbah (Public Domain)	0.9
Korach	Q1337316	Korah, who rebelled against Moses	boy	קרח	Korach	Hebrew	Jewish	Rabbinic	Midrash Rabbah	Bereshit Rabbah	Bereshit Rabbah 99:7	https://www.sefaria.org/Bereshit_Rabbah.99.7	4	human	personal	attested	no open Hebrew text; the open English translation reads 'Korah'	Sefaria topics (CC BY-SA) + text: Daat Bereshit Rabbah (Public Domain)	0.9
Zimri	Q203956	Zimri, Simeonite prince	boy	זמרי	Zimri	Hebrew	Jewish	Rabbinic	Midrash Rabbah	Bereshit Rabbah	Bereshit Rabbah 99:7	https://www.sefaria.org/Bereshit_Rabbah.99.7	3	human	personal	attested		Sefaria topics (CC BY-SA) + text: Daat Bereshit Rabbah (Public Domain)	0.9
Rabi	Q380427	Rabi, 2nd century rabbi and editor of the Mishnah	boy	רבי	Rabi	Hebrew	Jewish	Rabbinic	Midrash Rabbah	Bereshit Rabbah	Bereshit Rabbah 100:7	https://www.sefaria.org/Bereshit_Rabbah.100.7	7	sage	personal	attested	no open Hebrew text; the open English translation reads 'Rabbi Yehuda HaNasi'	Sefaria topics (CC BY-SA) + text: Daat Bereshit Rabbah (Public Domain)	0.9
Hillel	Q319219	Hillel, Jewish religious leader of the 1st century	boy	הִלֵּל	Hillel	Hebrew	Jewish	Rabbinic	Midrash Rabbah	Bereshit Rabbah	Bereshit Rabbah 100:10	https://www.sefaria.org/Bereshit_Rabbah.100.10	3	sage	personal	attested	no open Hebrew text; the open English translation reads 'Hillel'	Sefaria topics (CC BY-SA) + text: Daat Bereshit Rabbah (Public Domain)	0.9
Absalom	Q205372	Absalom, David's rebellious son who tried to usurp the throne	boy	אבשלום	Absalom	Hebrew	Jewish	Rabbinic	Midrash Rabbah	Shemot Rabbah	Shemot Rabbah 1:1	https://www.sefaria.org/Shemot_Rabbah.1.1	2	human	personal	attested		Sefaria topics (CC BY-SA) + text: Daat Shemot Rabbah (Public Domain)	0.9
Yitro	Q62788	Jethro, Moses' father-in-law	boy	יתרו	Yitro	Hebrew	Jewish	Rabbinic	Midrash Rabbah	Shemot Rabbah	Shemot Rabbah 1:9	https://www.sefaria.org/Shemot_Rabbah.1.9	18	human	personal	attested		Sefaria topics (CC BY-SA) + text: Daat Shemot Rabbah (Public Domain)	0.9
Elisheva	Q2916801	Elisheba, Aaron's wife and Nahshon's daughter	girl	אלישבע	Elisheva	Hebrew	Jewish	Rabbinic	Midrash Rabbah	Shemot Rabbah	Shemot Rabbah 1:13	https://www.sefaria.org/Shemot_Rabbah.1.13	5	human	personal	attested	no open Hebrew text; the open English translation reads 'Elisheva'	Sefaria topics (CC BY-SA) + text: Daat Shemot Rabbah (Public Domain)	0.9
Miriam	Q1938388	Miriam, prophetess, sister of Moses and Aaron	girl	מרים	Miriam	Hebrew	Jewish	Rabbinic	Midrash Rabbah	Shemot Rabbah	Shemot Rabbah 1:13	https://www.sefaria.org/Shemot_Rabbah.1.13	17	prophet	personal	attested		Sefaria topics (CC BY-SA) + text: Daat Shemot Rabbah (Public Domain)	0.9
Amram	Q477527	Amram, Father of Moses	boy	עמרם	Amram	Hebrew	Jewish	Rabbinic	Midrash Rabbah	Shemot Rabbah	Shemot Rabbah 1:13	https://www.sefaria.org/Shemot_Rabbah.1.13	2	human	personal	attested		Sefaria topics (CC BY-SA) + text: Daat Shemot Rabbah (Public Domain)	0.9
Yokheved	Q594805	Jochebed, Mother of Moses	girl	יוכבד	Yokheved	Hebrew	Jewish	Rabbinic	Midrash Rabbah	Shemot Rabbah	Shemot Rabbah 1:13	https://www.sefaria.org/Shemot_Rabbah.1.13	5	human	personal	attested		Sefaria topics (CC BY-SA) + text: Daat Shemot Rabbah (Public Domain)	0.9
Caleb	slug:jewish:caleb-b-hesron	Caleb b. Hesron		כָּלֵב בֶּן חֶצְרוֹן	Caleb b. Hesron	Hebrew	Jewish	Rabbinic	Midrash Rabbah	Shemot Rabbah	Shemot Rabbah 1:17	https://www.sefaria.org/Shemot_Rabbah.1.17	1	human	personal	attested		Sefaria topics (CC BY-SA) + text: Daat Shemot Rabbah (Public Domain)	0.85
Shulamites	slug:jewish:shulamites	Shulamites		שולמית	Shulamites	Hebrew	Jewish	Rabbinic	Midrash Rabbah	Shemot Rabbah	Shemot Rabbah 1:28	https://www.sefaria.org/Shemot_Rabbah.1.28	2	human	personal	attested		Sefaria topics (CC BY-SA) + text: Daat Shemot Rabbah (Public Domain)	0.9
Aviyatar	slug:jewish:rabbi-aviyatar	Rabbi Aviyatar		רבי אביתר	Rabbi Aviyatar	Hebrew	Jewish	Rabbinic	Midrash Rabbah	Shemot Rabbah	Shemot Rabbah 1:29	https://www.sefaria.org/Shemot_Rabbah.1.29	5	sage	personal	attested		Sefaria topics (CC BY-SA) + text: Daat Shemot Rabbah (Public Domain)	0.85
Ben-Hadad I	Q816397	Ben-Hadad I, King of Aram Damascus (First Book of Kings)	boy	בן הדד	Ben-Hadad I	Hebrew	Jewish	Rabbinic	Midrash Rabbah	Shemot Rabbah	Shemot Rabbah 3:8	https://www.sefaria.org/Shemot_Rabbah.3.8	2	human	personal	attested		Sefaria topics (CC BY-SA) + text: Daat Shemot Rabbah (Public Domain)	0.85
Aaron	Q51676	Aaron, brother of Moses	boy	אהרון	Aaron	Hebrew	Jewish	Rabbinic	Midrash Rabbah	Shemot Rabbah	Shemot Rabbah 3:17	https://www.sefaria.org/Shemot_Rabbah.3.17	27	human	personal	attested		Sefaria topics (CC BY-SA) + text: Daat Shemot Rabbah (Public Domain)	0.9
Nachshon Ben Aminadav	Q1784980	Nahshon, Son of Amminadab	boy	נחשון בן עמינדב	Nachshon Ben Aminadav	Hebrew	Jewish	Rabbinic	Midrash Rabbah	Shemot Rabbah	Shemot Rabbah 7:5	https://www.sefaria.org/Shemot_Rabbah.7.5	1	human	personal	attested		Sefaria topics (CC BY-SA) + text: Daat Shemot Rabbah (Public Domain)	0.9
Putiel	Q117865594	Putiel, Father-in-law of Eleazar	boy	פוטיאל	Putiel	Hebrew	Jewish	Rabbinic	Midrash Rabbah	Shemot Rabbah	Shemot Rabbah 7:5	https://www.sefaria.org/Shemot_Rabbah.7.5	1	human	personal	attested		Sefaria topics (CC BY-SA) + text: Daat Shemot Rabbah (Public Domain)	0.9
Sennacherib	slug:biblical:sennacherib@2ki.18.13-isa	Sennacherib, Assyrian Emperor who invaded Judah	boy	סנחריב	Sennacherib	Hebrew	Jewish	Rabbinic	Midrash Rabbah	Shemot Rabbah	Shemot Rabbah 8:2	https://www.sefaria.org/Shemot_Rabbah.8.2	9	royal	personal	attested		Sefaria topics (CC BY-SA) + text: Daat Shemot Rabbah (Public Domain)	0.9
Yoash (King of Judah)	Q313229	Joash, King of Judah	boy	יואש (מלך יהודה)	Yoash (King of Judah)	Hebrew	Jewish	Rabbinic	Midrash Rabbah	Shemot Rabbah	Shemot Rabbah 8:2	https://www.sefaria.org/Shemot_Rabbah.8.2	2	royal	personal	attested		Sefaria topics (CC BY-SA) + text: Daat Shemot Rabbah (Public Domain)	0.9
Nebuchadnezzar	Q12591	Nebuchadnezzar, Emperor of Babylon who conquered Judah	boy	נבוכדנאצר	Nebuchadnezzar	Hebrew	Jewish	Rabbinic	Midrash Rabbah	Shemot Rabbah	Shemot Rabbah 8:2	https://www.sefaria.org/Shemot_Rabbah.8.2	21	royal	personal	attested		Sefaria topics (CC BY-SA) + text: Daat Shemot Rabbah (Public Domain)	0.9
Eudaimon	slug:jewish:rebbi-eudaimon	Rebbi Eudaimon		רִבִּי אֲבוּדַימִי	Rebbi Eudaimon	Hebrew	Jewish	Rabbinic	Midrash Rabbah	Shemot Rabbah	Shemot Rabbah 14:3	https://www.sefaria.org/Shemot_Rabbah.14.3	6	sage	personal	attested		Sefaria topics (CC BY-SA) + text: Daat Shemot Rabbah (Public Domain)	0.85
Yitzhak Nappaha	slug:jewish:rabbi-yitzhak-nappaha	Rabbi Yitzhak Nappaha, amora	boy	רבי יצחק נפחא	Rabbi Yitzhak Nappaha	Hebrew	Jewish	Rabbinic	Midrash Rabbah	Shemot Rabbah	Shemot Rabbah 15:16	https://www.sefaria.org/Shemot_Rabbah.15.16	1	sage	personal	attested		Sefaria topics (CC BY-SA) + text: Daat Shemot Rabbah (Public Domain)	0.85
Shunamites	slug:jewish:shunamites	Shunamites		שונמית	Shunamites	Hebrew	Jewish	Rabbinic	Midrash Rabbah	Shemot Rabbah	Shemot Rabbah 19:1	https://www.sefaria.org/Shemot_Rabbah.19.1	2	human	personal	attested		Sefaria topics (CC BY-SA) + text: Daat Shemot Rabbah (Public Domain)	0.9
Shimon	slug:jewish:shimon-b-chalafta	Shimon b. Chalafta, tanna	boy	רבי שמעון בן חלפתא	Shimon b. Chalafta	Hebrew	Jewish	Rabbinic	Midrash Rabbah	Shemot Rabbah	Shemot Rabbah 19:5	https://www.sefaria.org/Shemot_Rabbah.19.5	23	sage	personal	attested		Sefaria topics (CC BY-SA) + text: Daat Shemot Rabbah (Public Domain)	0.9
Elazar haKappar	slug:jewish:rabbi-elazar-hakappar	Rabbi Elazar haKappar, tanna	boy	ר אלעזר הקפר	Rabbi Elazar haKappar	Hebrew	Jewish	Rabbinic	Midrash Rabbah	Shemot Rabbah	Shemot Rabbah 21:6	https://www.sefaria.org/Shemot_Rabbah.21.6	1	sage	personal	attested		Sefaria topics (CC BY-SA) + text: Daat Shemot Rabbah (Public Domain)	0.85
Justus	slug:jewish:rebbi-justus	Rebbi Justus		רִבִּי יוּסְטָא	Rebbi Justus	Hebrew	Jewish	Rabbinic	Midrash Rabbah	Shemot Rabbah	Shemot Rabbah 23:5	https://www.sefaria.org/Shemot_Rabbah.23.5	2	sage	personal	attested		Sefaria topics (CC BY-SA) + text: Daat Shemot Rabbah (Public Domain)	0.85
Amalek	Q16010675	Amalek, Grandson of Esau	boy	עמלק	Amalek	Hebrew	Jewish	Rabbinic	Midrash Rabbah	Shemot Rabbah	Shemot Rabbah 26:2	https://www.sefaria.org/Shemot_Rabbah.26.2	8	human	personal	attested		Sefaria topics (CC BY-SA) + text: Daat Shemot Rabbah (Public Domain)	0.9
Queen	Q159888	Queen of Sheba, biblical figure	girl	מלכת שבא	Queen of Sheba	Hebrew	Jewish	Rabbinic	Midrash Rabbah	Shemot Rabbah	Shemot Rabbah 27:4	https://www.sefaria.org/Shemot_Rabbah.27.4	1	human	personal	attested		Sefaria topics (CC BY-SA) + text: Daat Shemot Rabbah (Public Domain)	0.9
[Shimon]	Q816598	[Shimon] b. Zoma, Late 1st / early 2nd century tanna	boy	בן זומא	[Shimon] b. Zoma	Hebrew	Jewish	Rabbinic	Midrash Rabbah	Shemot Rabbah	Shemot Rabbah 30:19	https://www.sefaria.org/Shemot_Rabbah.30.19	2	sage	personal	attested		Sefaria topics (CC BY-SA) + text: Daat Shemot Rabbah (Public Domain)	0.85
Obadiah	Q479645	Obadiah, biblical prophet associated with the Book of Obadiah	boy	עובדיה	Obadiah	Hebrew	Jewish	Rabbinic	Midrash Rabbah	Shemot Rabbah	Shemot Rabbah 31:4	https://www.sefaria.org/Shemot_Rabbah.31.4	2	human	personal	attested		Sefaria topics (CC BY-SA) + text: Daat Shemot Rabbah (Public Domain)	0.9
Haman	Q650680	Haman, A Persian official who plotted to destroy the Jews	boy	המן	Haman	Hebrew	Jewish	Rabbinic	Midrash Rabbah	Shemot Rabbah	Shemot Rabbah 33:5	https://www.sefaria.org/Shemot_Rabbah.33.5	12	human	personal	attested		Sefaria topics (CC BY-SA) + text: Daat Shemot Rabbah (Public Domain)	0.9
Tavyome	slug:jewish:rebbi-tavyome	Rebbi Tavyome		רב טביומי	Rebbi Tavyome	Hebrew	Jewish	Rabbinic	Midrash Rabbah	Shemot Rabbah	Shemot Rabbah 33:8	https://www.sefaria.org/Shemot_Rabbah.33.8	6	sage	personal	attested		Sefaria topics (CC BY-SA) + text: Daat Shemot Rabbah (Public Domain)	0.85
Yohanan	slug:jewish:rabbi-yohanan-b-torta	Rabbi Yohanan b. Torta, tanna	boy	רבי יוחנן בן תורתה	Rabbi Yohanan b. Torta	Hebrew	Jewish	Rabbinic	Midrash Rabbah	Shemot Rabbah	Shemot Rabbah 40:1	https://www.sefaria.org/Shemot_Rabbah.40.1	3	sage	personal	attested		Sefaria topics (CC BY-SA) + text: Daat Shemot Rabbah (Public Domain)	0.85
Chur	Q492665	Hur, A companion of Moses and grandfather of Bezalel	boy	חור	Chur	Hebrew	Jewish	Rabbinic	Midrash Rabbah	Shemot Rabbah	Shemot Rabbah 41:7	https://www.sefaria.org/Shemot_Rabbah.41.7	3	human	personal	attested		Sefaria topics (CC BY-SA) + text: Daat Shemot Rabbah (Public Domain)	0.9
Hanan	slug:jewish:rav-hanan	Rav Hanan		רב חנן	Rav Hanan	Hebrew	Jewish	Rabbinic	Midrash Rabbah	Shemot Rabbah	Shemot Rabbah 42:4	https://www.sefaria.org/Shemot_Rabbah.42.4	1	sage	personal	attested		Sefaria topics (CC BY-SA) + text: Daat Shemot Rabbah (Public Domain)	0.85
Rav	Q305760	Rav, Jewish Babylonian scholar (175–247)	boy	רב (שם אמורא)	Rav	Hebrew	Jewish	Rabbinic	Midrash Rabbah	Shemot Rabbah	Shemot Rabbah 42:4	https://www.sefaria.org/Shemot_Rabbah.42.4	1	sage	title	attested		Sefaria topics (CC BY-SA) + text: Daat Shemot Rabbah (Public Domain)	0.85
Huna	slug:jewish:rebbi-huna-b-aha	Rebbi Huna b. Aha		רב הונא בר אחא	Rebbi Huna b. Aha	Hebrew	Jewish	Rabbinic	Midrash Rabbah	Shemot Rabbah	Shemot Rabbah 43:4	https://www.sefaria.org/Shemot_Rabbah.43.4	2	sage	personal	attested		Sefaria topics (CC BY-SA) + text: Daat Shemot Rabbah (Public Domain)	0.85
Shimon	slug:jewish:rabbi-shimon-b-yehotsadak	Rabbi Shimon b. Yehotsadak		רבי שמעון בן יהוצדק	Rabbi Shimon b. Yehotsadak	Hebrew	Jewish	Rabbinic	Midrash Rabbah	Shemot Rabbah	Shemot Rabbah 43:9	https://www.sefaria.org/Shemot_Rabbah.43.9	6	sage	personal	attested		Sefaria topics (CC BY-SA) + text: Daat Shemot Rabbah (Public Domain)	0.85
Zevida	slug:jewish:rebbi-zevida	Rebbi Zevida		רִבִּי זְבִידָה	Rebbi Zevida	Hebrew	Jewish	Rabbinic	Midrash Rabbah	Shemot Rabbah	Shemot Rabbah 44:9	https://www.sefaria.org/Shemot_Rabbah.44.9	1	sage	personal	attested		Sefaria topics (CC BY-SA) + text: Daat Shemot Rabbah (Public Domain)	0.85
Achan	Q1889647	Achan, An Israelite who stole devoted things	boy	עכן	Achan	Hebrew	Jewish	Rabbinic	Midrash Rabbah	Shemot Rabbah	Shemot Rabbah 48:2	https://www.sefaria.org/Shemot_Rabbah.48.2	3	human	personal	attested	no open Hebrew text; the open English translation reads 'Akhan'	Sefaria topics (CC BY-SA) + text: Daat Shemot Rabbah (Public Domain)	0.9
Betzalel	Q853439	Bezalel, Skilled craftsman who built the tabernacle	boy	בצלאל	Betzalel	Hebrew	Jewish	Rabbinic	Midrash Rabbah	Shemot Rabbah	Shemot Rabbah 48:3	https://www.sefaria.org/Shemot_Rabbah.48.3	2	human	personal	attested		Sefaria topics (CC BY-SA) + text: Daat Shemot Rabbah (Public Domain)	0.9
Samuel	slug:jewish:rebbi-samuel-b-martha	Rebbi Samuel b. Martha		שמואל בר מרתא	Rebbi Samuel b. Martha	Hebrew	Jewish	Rabbinic	Midrash Rabbah	Shemot Rabbah	Shemot Rabbah 51:3	https://www.sefaria.org/Shemot_Rabbah.51.3	1	sage	personal	attested		Sefaria topics (CC BY-SA) + text: Daat Shemot Rabbah (Public Domain)	0.85
Itamar	Q1675214	Ithamar, Youngest son of Aaron	boy	איתמר	Itamar	Hebrew	Jewish	Rabbinic	Midrash Rabbah	Shemot Rabbah	Shemot Rabbah 51:6	https://www.sefaria.org/Shemot_Rabbah.51.6	3	human	personal	attested	no open Hebrew text; the open English translation reads 'Itamar'	Sefaria topics (CC BY-SA) + text: Daat Shemot Rabbah (Public Domain)	0.9
Caleb	Q922184	Caleb, Faithful spy	boy	כלב בן יפונה	Caleb	Hebrew	Jewish	Rabbinic	Midrash Rabbah	Vayikra Rabbah	Vayikra Rabbah 1:3	https://www.sefaria.org/Vayikra_Rabbah.1.3	8	human	personal	attested	no open Hebrew text; the open English translation reads 'Caleb'	Sefaria topics (CC BY-SA) + text: The Sefaria Midrash Rabbah, 2022 (CC BY); Hebrew form from the topic page	0.9
Noah	Q81422	Noah, survivor of the Flood	boy	נח	Noah	Hebrew	Jewish	Rabbinic	Midrash Rabbah	Vayikra Rabbah	Vayikra Rabbah 1:9	https://www.sefaria.org/Vayikra_Rabbah.1.9	6	human	personal	attested	no open Hebrew text; the open English translation reads 'Noah'	Sefaria topics (CC BY-SA) + text: The Sefaria Midrash Rabbah, 2022 (CC BY); Hebrew form from the topic page	0.9
Agrippa	slug:jewish:agrippa	Agrippa		אגריפס	Agrippa	Hebrew	Jewish	Rabbinic	Midrash Rabbah	Vayikra Rabbah	Vayikra Rabbah 3:5	https://www.sefaria.org/Vayikra_Rabbah.3.5	2	sage	personal	attested	no open Hebrew text; the open English translation reads 'Agrippa'	Sefaria topics (CC BY-SA) + text: The Sefaria Midrash Rabbah, 2022 (CC BY); Hebrew form from the topic page	0.9
Yehudah [b. Yechezkel]	Q359777	Rav Yehudah [b. Yechezkel], Babylonian rabbi and amora (220–299)	boy	רב יהודה	Rav Yehudah [b. Yechezkel]	Hebrew	Jewish	Rabbinic	Midrash Rabbah	Vayikra Rabbah	Vayikra Rabbah 5:3	https://www.sefaria.org/Vayikra_Rabbah.5.3	7	sage	personal	attested	no open Hebrew text; found in the open English translation	Sefaria topics (CC BY-SA) + text: The Sefaria Midrash Rabbah, 2022 (CC BY); Hebrew form from the topic page	0.85
Shevna	Q7492261	Shebna, Steward of the palace during Hezekiah's reign	boy	שבנא	Shevna	Hebrew	Jewish	Rabbinic	Midrash Rabbah	Vayikra Rabbah	Vayikra Rabbah 5:5	https://www.sefaria.org/Vayikra_Rabbah.5.5	1	human	personal	attested	no open Hebrew text; the open English translation reads 'Shevna'	Sefaria topics (CC BY-SA) + text: The Sefaria Midrash Rabbah, 2022 (CC BY); Hebrew form from the topic page	0.9
Isaiah	Q188794	Isaiah, Prophet during reigns of Uzziah	boy	ישעיהו	Isaiah	Hebrew	Jewish	Rabbinic	Midrash Rabbah	Vayikra Rabbah	Vayikra Rabbah 10:2	https://www.sefaria.org/Vayikra_Rabbah.10.2	4	prophet	personal	attested	no open Hebrew text; the open English translation reads 'Isaiah'	Sefaria topics (CC BY-SA) + text: The Sefaria Midrash Rabbah, 2022 (CC BY); Hebrew form from the topic page	0.9
Goliath	Q192785	Goliath, Philistine warrior	boy	גלית	Goliath	Hebrew	Jewish	Rabbinic	Midrash Rabbah	Vayikra Rabbah	Vayikra Rabbah 10:7	https://www.sefaria.org/Vayikra_Rabbah.10.7	3	human	personal	attested	no open Hebrew text; the open English translation reads 'Goliath'	Sefaria topics (CC BY-SA) + text: The Sefaria Midrash Rabbah, 2022 (CC BY); Hebrew form from the topic page	0.9
Elazar	Q159443	Eleazar, Son of Aaron	boy	אלעזר	Elazar	Hebrew	Jewish	Rabbinic	Midrash Rabbah	Vayikra Rabbah	Vayikra Rabbah 13:1	https://www.sefaria.org/Vayikra_Rabbah.13.1	4	human	personal	attested	no open Hebrew text; the open English translation reads 'Elazar'	Sefaria topics (CC BY-SA) + text: The Sefaria Midrash Rabbah, 2022 (CC BY); Hebrew form from the topic page	0.9
Alexander	slug:jewish:alexander	Alexander the Great		אלכסנדר	Alexander the Great	Hebrew	Jewish	Rabbinic	Midrash Rabbah	Vayikra Rabbah	Vayikra Rabbah 13:5	https://www.sefaria.org/Vayikra_Rabbah.13.5	3	sage	personal	attested	no open Hebrew text; the open English translation reads 'Alexander'	Sefaria topics (CC BY-SA) + text: The Sefaria Midrash Rabbah, 2022 (CC BY); Hebrew form from the topic page	0.9
Pedat	slug:jewish:rabbi-pedat	Rabbi Pedat		רבי פדת	Rabbi Pedat	Hebrew	Jewish	Rabbinic	Midrash Rabbah	Vayikra Rabbah	Vayikra Rabbah 16:1	https://www.sefaria.org/Vayikra_Rabbah.16.1	2	sage	personal	attested	no open Hebrew text; found in the open English translation	Sefaria topics (CC BY-SA) + text: The Sefaria Midrash Rabbah, 2022 (CC BY); Hebrew form from the topic page	0.85
Kohen	slug:jewish:rabbi-kohen	Rabbi Kohen, amora	boy	רבי כהן	Rabbi Kohen	Hebrew	Jewish	Rabbinic	Midrash Rabbah	Vayikra Rabbah	Vayikra Rabbah 19:4	https://www.sefaria.org/Vayikra_Rabbah.19.4	7	sage	personal	attested	no open Hebrew text; found in the open English translation	Sefaria topics (CC BY-SA) + text: The Sefaria Midrash Rabbah, 2022 (CC BY); Hebrew form from the topic page	0.85
Josiah	Q313228	Josiah, King of Judah known for his religious reforms	boy	יאשיהו	Josiah	Hebrew	Jewish	Rabbinic	Midrash Rabbah	Vayikra Rabbah	Vayikra Rabbah 20:1	https://www.sefaria.org/Vayikra_Rabbah.20.1	2	royal	personal	attested	no open Hebrew text; the open English translation reads 'Josiah'	Sefaria topics (CC BY-SA) + text: The Sefaria Midrash Rabbah, 2022 (CC BY); Hebrew form from the topic page	0.9
Yohanan	slug:jewish:rabbi-yohanan-b-nuri	Rabbi Yohanan b. Nuri, tanna	boy	רבי יוחנן בן נורי	Rabbi Yohanan b. Nuri	Hebrew	Jewish	Rabbinic	Midrash Rabbah	Vayikra Rabbah	Vayikra Rabbah 22:4	https://www.sefaria.org/Vayikra_Rabbah.22.4	2	sage	personal	attested	no open Hebrew text; found in the open English translation	Sefaria topics (CC BY-SA) + text: The Sefaria Midrash Rabbah, 2022 (CC BY); Hebrew form from the topic page	0.85
Yael	Q954820	Jael, Wife of Heber	girl	יעל אשת חבר הקיני	Yael	Hebrew	Jewish	Rabbinic	Midrash Rabbah	Vayikra Rabbah	Vayikra Rabbah 23:10	https://www.sefaria.org/Vayikra_Rabbah.23.10	1	human	personal	attested	no open Hebrew text; the open English translation reads 'Yael'	Sefaria topics (CC BY-SA) + text: The Sefaria Midrash Rabbah, 2022 (CC BY); Hebrew form from the topic page	0.9
Palti	slug:jewish:palti-the-son-of-laish	Palti, the Son of Laish		פלטי בן ליש	Palti, the Son of Laish	Hebrew	Jewish	Rabbinic	Midrash Rabbah	Vayikra Rabbah	Vayikra Rabbah 23:10	https://www.sefaria.org/Vayikra_Rabbah.23.10	1	human	personal	attested	no open Hebrew text; the open English translation reads 'Palti'	Sefaria topics (CC BY-SA) + text: The Sefaria Midrash Rabbah, 2022 (CC BY); Hebrew form from the topic page	0.9
Sisera	Q976765	Sisera, Canaanite commander defeated by Deborah and Barak	boy	סיסרא	Sisera	Hebrew	Jewish	Rabbinic	Midrash Rabbah	Vayikra Rabbah	Vayikra Rabbah 23:10	https://www.sefaria.org/Vayikra_Rabbah.23.10	5	human	personal	attested	no open Hebrew text; the open English translation reads 'Sisera'	Sefaria topics (CC BY-SA) + text: The Sefaria Midrash Rabbah, 2022 (CC BY); Hebrew form from the topic page	0.9
Boaz	Q212253	Boaz, Kinsman-redeemer who married Ruth	boy	בועז	Boaz	Hebrew	Jewish	Rabbinic	Midrash Rabbah	Vayikra Rabbah	Vayikra Rabbah 23:11	https://www.sefaria.org/Vayikra_Rabbah.23.11	15	human	personal	attested	no open Hebrew text; the open English translation reads 'Boaz'	Sefaria topics (CC BY-SA) + text: The Sefaria Midrash Rabbah, 2022 (CC BY); Hebrew form from the topic page	0.9
Elisha	Q206238	Elisha, prophet, successor of Elijah	boy	אלישע	Elisha	Hebrew	Jewish	Rabbinic	Midrash Rabbah	Vayikra Rabbah	Vayikra Rabbah 24:6	https://www.sefaria.org/Vayikra_Rabbah.24.6	1	prophet	personal	attested	no open Hebrew text; the open English translation reads 'Elisha'	Sefaria topics (CC BY-SA) + text: The Sefaria Midrash Rabbah, 2022 (CC BY); Hebrew form from the topic page	0.9
Ecclesiastes	slug:jewish:ecclesiastes	Ecclesiastes		קהלת	Ecclesiastes	Hebrew	Jewish	Rabbinic	Midrash Rabbah	Vayikra Rabbah	Vayikra Rabbah 28:1	https://www.sefaria.org/Vayikra_Rabbah.28.1	10	human	personal	attested	no open Hebrew text; the open English translation reads 'Ecclesiastes'	Sefaria topics (CC BY-SA) + text: The Sefaria Midrash Rabbah, 2022 (CC BY); Hebrew form from the topic page	0.9
Gideon	Q176125	Gideon, Judge of Israel	boy	גדעון	Gideon	Hebrew	Jewish	Rabbinic	Midrash Rabbah	Vayikra Rabbah	Vayikra Rabbah 28:6	https://www.sefaria.org/Vayikra_Rabbah.28.6	2	human	personal	attested	no open Hebrew text; the open English translation reads 'Gideon'	Sefaria topics (CC BY-SA) + text: The Sefaria Midrash Rabbah, 2022 (CC BY); Hebrew form from the topic page	0.9
Menashe (King of Judah)	Q156328	Manasseh, King of Judah	boy	המלך מנשה	Menashe (King of Judah)	Hebrew	Jewish	Rabbinic	Midrash Rabbah	Vayikra Rabbah	Vayikra Rabbah 30:3	https://www.sefaria.org/Vayikra_Rabbah.30.3	5	royal	personal	attested	no open Hebrew text; the open English translation reads 'Menashe'	Sefaria topics (CC BY-SA) + text: The Sefaria Midrash Rabbah, 2022 (CC BY); Hebrew form from the topic page	0.9
Tavi	slug:jewish:tavi	Tavi		טבי	Tavi	Hebrew	Jewish	Rabbinic	Midrash Rabbah	Vayikra Rabbah	Vayikra Rabbah 33:1	https://www.sefaria.org/Vayikra_Rabbah.33.1	1	sage	personal	attested	no open Hebrew text; the open English translation reads 'Tavi'	Sefaria topics (CC BY-SA) + text: The Sefaria Midrash Rabbah, 2022 (CC BY); Hebrew form from the topic page	0.9
Ezra	Q191787	Ezra, Priest	boy	עזרא	Ezra	Hebrew	Jewish	Rabbinic	Midrash Rabbah	Bamidbar Rabbah	Bamidbar Rabbah 3:13	https://www.sefaria.org/Bamidbar_Rabbah.3.13	5	human	personal	attested	no open Hebrew text; the open English translation reads 'Ezra'	Sefaria topics (CC BY-SA) + text: The Sefaria Midrash Rabbah, 2022 (CC BY); Hebrew form from the topic page	0.9
Nahman	Q2124834	Rav Nahman b. Yitzhak, Talmud Rabbi	boy	רב נחמן בר יצחק	Rav Nahman b. Yitzhak	Hebrew	Jewish	Rabbinic	Midrash Rabbah	Bamidbar Rabbah	Bamidbar Rabbah 6:10	https://www.sefaria.org/Bamidbar_Rabbah.6.10	3	sage	personal	attested	no open Hebrew text; found in the open English translation	Sefaria topics (CC BY-SA) + text: The Sefaria Midrash Rabbah, 2022 (CC BY); Hebrew form from the topic page	0.85
Derosai	slug:jewish:rebbi-derosai	Rebbi Derosai		רִבִּי דְּרוֹסַי	Rebbi Derosai	Hebrew	Jewish	Rabbinic	Midrash Rabbah	Bamidbar Rabbah	Bamidbar Rabbah 12:4	https://www.sefaria.org/Bamidbar_Rabbah.12.4	4	sage	personal	attested	no open Hebrew text; found in the open English translation	Sefaria topics (CC BY-SA) + text: The Sefaria Midrash Rabbah, 2022 (CC BY); Hebrew form from the topic page	0.85
Shmuel	slug:jewish:rav-shmuel-b-abba	Rav Shmuel b. Abba		רב שמואל בר אבא	Rav Shmuel b. Abba	Hebrew	Jewish	Rabbinic	Midrash Rabbah	Bamidbar Rabbah	Bamidbar Rabbah 13:6	https://www.sefaria.org/Bamidbar_Rabbah.13.6	3	sage	personal	attested	no open Hebrew text; found in the open English translation	Sefaria topics (CC BY-SA) + text: The Sefaria Midrash Rabbah, 2022 (CC BY); Hebrew form from the topic page	0.85
Netanel	slug:jewish:netanel	Netanel		נתנאל	Netanel	Hebrew	Jewish	Rabbinic	Midrash Rabbah	Bamidbar Rabbah	Bamidbar Rabbah 13:17	https://www.sefaria.org/Bamidbar_Rabbah.13.17	1	human	personal	attested	no open Hebrew text; the open English translation reads 'Netanel'	Sefaria topics (CC BY-SA) + text: The Sefaria Midrash Rabbah, 2022 (CC BY); Hebrew form from the topic page	0.9
Gad	Q851749	Gad, Israelite tribe	boy	גד (שבט)	Gad	Hebrew	Jewish	Rabbinic	Midrash Rabbah	Bamidbar Rabbah	Bamidbar Rabbah 13:20	https://www.sefaria.org/Bamidbar_Rabbah.13.20	1	human	personal	attested	no open Hebrew text; the open English translation reads 'Gad'	Sefaria topics (CC BY-SA) + text: The Sefaria Midrash Rabbah, 2022 (CC BY); Hebrew form from the topic page	0.9
Eglon	Q2662239	Eglon, King of Moab who oppressed Israel	boy	עגלון	Eglon	Hebrew	Jewish	Rabbinic	Midrash Rabbah	Bamidbar Rabbah	Bamidbar Rabbah 16:27	https://www.sefaria.org/Bamidbar_Rabbah.16.27	1	royal	personal	attested	no open Hebrew text; the open English translation reads 'Eglon'	Sefaria topics (CC BY-SA) + text: The Sefaria Midrash Rabbah, 2022 (CC BY); Hebrew form from the topic page	0.9
Parashat Balak	Q1411953	Balak, King of Moab who hired Balaam to curse Israel	boy	פרשת בלק	Parashat Balak	Hebrew	Jewish	Rabbinic	Midrash Rabbah	Bamidbar Rabbah	Bamidbar Rabbah 20:2	https://www.sefaria.org/Bamidbar_Rabbah.20.2	4	royal	personal	attested	no open Hebrew text; the open English translation reads 'Balak'	Sefaria topics (CC BY-SA) + text: The Sefaria Midrash Rabbah, 2022 (CC BY); Hebrew form from the topic page	0.9
Midian	Q755316	Midian, Son of Abraham and Keturah	boy	מדין	Midian	Hebrew	Jewish	Rabbinic	Midrash Rabbah	Bamidbar Rabbah	Bamidbar Rabbah 21:3	https://www.sefaria.org/Bamidbar_Rabbah.21.3	1	human	personal	attested	no open Hebrew text; the open English translation reads 'Midian'	Sefaria topics (CC BY-SA) + text: The Sefaria Midrash Rabbah, 2022 (CC BY); Hebrew form from the topic page	0.9
Yehoshafat	Q126689	Jehoshaphat, Son of Asa	boy	יהושפט	Yehoshafat	Hebrew	Jewish	Rabbinic	Midrash Rabbah	Bamidbar Rabbah	Bamidbar Rabbah 21:6	https://www.sefaria.org/Bamidbar_Rabbah.21.6	3	royal	personal	attested	no open Hebrew text; the open English translation reads 'Yehoshafat'	Sefaria topics (CC BY-SA) + text: The Sefaria Midrash Rabbah, 2022 (CC BY); Hebrew form from the topic page	0.9
Shmuel	slug:jewish:shmuel-(amora)	Shmuel (Amora), amora	boy	שמואל (שם אמורא)	Shmuel (Amora)	Hebrew	Jewish	Rabbinic	Midrash Rabbah	Devarim Rabbah	Devarim Rabbah 8:6	https://www.sefaria.org/Devarim_Rabbah.8.6	1	sage	personal	attested	no open Hebrew text; the open English translation reads 'Shmuel'	Sefaria topics (CC BY-SA) + text: The Sefaria Midrash Rabbah, 2022 (CC BY); Hebrew form from the topic page	0.9
Yitzhak	slug:jewish:rav-yitzhak-b-rav-yehudah	Rav Yitzhak b. Rav Yehudah		רב יצחק בריה דרב יהודה	Rav Yitzhak b. Rav Yehudah	Hebrew	Jewish	Rabbinic	Midrash Rabbah	Shir HaShirim Rabbah	Shir HaShirim Rabbah 1:1:5	https://www.sefaria.org/Shir_HaShirim_Rabbah.1.1.5	1	sage	personal	attested		Sefaria topics (CC BY-SA) + text: Midrash Rabbah -- TE (Public Domain)	0.85
Jonathan	slug:jewish:rebbi-jonathan-from-bet-gubrin	Rebbi Jonathan from Bet Gubrin		רִבִּי יוֹנָתָן דְּבֵית גּוּבְרִין	Rebbi Jonathan from Bet Gubrin	Hebrew	Jewish	Rabbinic	Midrash Rabbah	Shir HaShirim Rabbah	Shir HaShirim Rabbah 1:1:6	https://www.sefaria.org/Shir_HaShirim_Rabbah.1.1.6	3	sage	personal	attested		Sefaria topics (CC BY-SA) + text: Midrash Rabbah -- TE (Public Domain)	0.85
Elisha	Q542710	Elisha ben Abuyah, Rabbi of end of Second Temple period	boy	אלישע בן אבויה	Elisha ben Abuyah	Hebrew	Jewish	Rabbinic	Midrash Rabbah	Shir HaShirim Rabbah	Shir HaShirim Rabbah 1:4:5	https://www.sefaria.org/Shir_HaShirim_Rabbah.1.4.5	3	sage	personal	attested		Sefaria topics (CC BY-SA) + text: Midrash Rabbah -- TE (Public Domain)	0.9
Elihu	Q471388	Elihu, A young man who spoke to Job	boy	אליהוא	Elihu	Hebrew	Jewish	Rabbinic	Midrash Rabbah	Shir HaShirim Rabbah	Shir HaShirim Rabbah 1:4:6	https://www.sefaria.org/Shir_HaShirim_Rabbah.1.4.6	1	human	personal	attested		Sefaria topics (CC BY-SA) + text: Midrash Rabbah -- TE (Public Domain)	0.85
Jeroboam (Son of Nebat)	Q313219	Jeroboam, First king of the northern kingdom of Israel	boy	ירבעם בן נבט	Jeroboam (Son of Nebat)	Hebrew	Jewish	Rabbinic	Midrash Rabbah	Shir HaShirim Rabbah	Shir HaShirim Rabbah 1:6:4	https://www.sefaria.org/Shir_HaShirim_Rabbah.1.6.4	5	royal	personal	attested		Sefaria topics (CC BY-SA) + text: Midrash Rabbah -- TE (Public Domain)	0.85
Zedekiah	slug:jewish:zedekiah-the-son-of-chenaanah	Zedekiah, the Son of Chenaanah		צדקיה בן כנענה	Zedekiah, the Son of Chenaanah	Hebrew	Jewish	Rabbinic	Midrash Rabbah	Shir HaShirim Rabbah	Shir HaShirim Rabbah 1:6:4	https://www.sefaria.org/Shir_HaShirim_Rabbah.1.6.4	2	human	personal	attested		Sefaria topics (CC BY-SA) + text: Midrash Rabbah -- TE (Public Domain)	0.85
Pappeyas	slug:jewish:rabbi-pappeyas	Rabbi Pappeyas, tanna	boy	ר פפייס	Rabbi Pappeyas	Hebrew	Jewish	Rabbinic	Midrash Rabbah	Shir HaShirim Rabbah	Shir HaShirim Rabbah 1:9:1	https://www.sefaria.org/Shir_HaShirim_Rabbah.1.9.1	4	sage	personal	attested		Sefaria topics (CC BY-SA) + text: Midrash Rabbah -- TE (Public Domain)	0.85
Elazar haModa'i	slug:jewish:rabbi-elazar-hamodai	Rabbi Elazar haModa'i, tanna	boy	רבי אלעזר המודעי	Rabbi Elazar haModa'i	Hebrew	Jewish	Rabbinic	Midrash Rabbah	Shir HaShirim Rabbah	Shir HaShirim Rabbah 2:1:3	https://www.sefaria.org/Shir_HaShirim_Rabbah.2.1.3	3	sage	personal	attested		Sefaria topics (CC BY-SA) + text: Midrash Rabbah -- TE (Public Domain)	0.85
Elazar Hisma	slug:jewish:rabbi-elazar-hisma	Rabbi Elazar Hisma, tanna	boy	ר אלעזר חסמא	Rabbi Elazar Hisma	Hebrew	Jewish	Rabbinic	Midrash Rabbah	Shir HaShirim Rabbah	Shir HaShirim Rabbah 2:2:4	https://www.sefaria.org/Shir_HaShirim_Rabbah.2.2.4	1	sage	personal	attested		Sefaria topics (CC BY-SA) + text: Midrash Rabbah -- TE (Public Domain)	0.85
ben Mosheh	slug:jewish:ben-mosheh	ben Mosheh		בֶּן מִֹשֶׁה	ben Mosheh	Hebrew	Jewish	Rabbinic	Midrash Rabbah	Shir HaShirim Rabbah	Shir HaShirim Rabbah 2:5:3	https://www.sefaria.org/Shir_HaShirim_Rabbah.2.5.3	1	human	personal	attested		Sefaria topics (CC BY-SA) + text: Midrash Rabbah -- TE (Public Domain)	0.85
Yehonatan ben Gershom	Q6272377	Jonathan, A Levite who served as a priest for Dan	boy	יהונתן בן גרשם	Yehonatan ben Gershom	Hebrew	Jewish	Rabbinic	Midrash Rabbah	Shir HaShirim Rabbah	Shir HaShirim Rabbah 2:5:3	https://www.sefaria.org/Shir_HaShirim_Rabbah.2.5.3	2	human	personal	attested		Sefaria topics (CC BY-SA) + text: Midrash Rabbah -- TE (Public Domain)	0.85
Obed Edom	slug:jewish:obed-edom	Obed Edom		עובד אדום	Obed Edom	Hebrew	Jewish	Rabbinic	Midrash Rabbah	Shir HaShirim Rabbah	Shir HaShirim Rabbah 2:5:3	https://www.sefaria.org/Shir_HaShirim_Rabbah.2.5.3	1	human	personal	attested		Sefaria topics (CC BY-SA) + text: Midrash Rabbah -- TE (Public Domain)	0.9
Belshatzar	Q225198	Belshazzar, The last Emperor of Babylon	boy	בלשאצר	Belshatzar	Hebrew	Jewish	Rabbinic	Midrash Rabbah	Shir HaShirim Rabbah	Shir HaShirim Rabbah 3:4:2	https://www.sefaria.org/Shir_HaShirim_Rabbah.3.4.2	3	royal	personal	attested		Sefaria topics (CC BY-SA) + text: Midrash Rabbah -- TE (Public Domain)	0.9
Simeon	slug:jewish:simeon-b-lagos	Simeon b. Lagos		שִׁמְעוֹן בֶּן לוּגה	Simeon b. Lagos	Hebrew	Jewish	Rabbinic	Midrash Rabbah	Shir HaShirim Rabbah	Shir HaShirim Rabbah 3:6:4	https://www.sefaria.org/Shir_HaShirim_Rabbah.3.6.4	1	sage	personal	attested		Sefaria topics (CC BY-SA) + text: Midrash Rabbah -- TE (Public Domain)	0.85
Jacob	slug:jewish:rebbi-jacob-b-abinna	Rebbi Jacob b. Abinna		רִבִּי יַעֲקֹב בַּר אַבִּינָּא	Rebbi Jacob b. Abinna	Hebrew	Jewish	Rabbinic	Midrash Rabbah	Shir HaShirim Rabbah	Shir HaShirim Rabbah 3:7:3	https://www.sefaria.org/Shir_HaShirim_Rabbah.3.7.3	1	sage	personal	attested		Sefaria topics (CC BY-SA) + text: Midrash Rabbah -- TE (Public Domain)	0.85
Simai	slug:jewish:rebbi-simai	Rebbi Simai		רבי סימאי	Rebbi Simai	Hebrew	Jewish	Rabbinic	Midrash Rabbah	Shir HaShirim Rabbah	Shir HaShirim Rabbah 3:10:3	https://www.sefaria.org/Shir_HaShirim_Rabbah.3.10.3	4	sage	personal	attested		Sefaria topics (CC BY-SA) + text: Midrash Rabbah -- TE (Public Domain)	0.85
Asaph, son of Berachiah	slug:biblical:asaph@1ch.6.39-psa	Asaph, Levite musician	boy	אסף	Asaph, son of Berachiah	Hebrew	Jewish	Rabbinic	Midrash Rabbah	Shir HaShirim Rabbah	Shir HaShirim Rabbah 4:4:1	https://www.sefaria.org/Shir_HaShirim_Rabbah.4.4.1	1	human	personal	attested		Sefaria topics (CC BY-SA) + text: Midrash Rabbah -- TE (Public Domain)	0.9
Sichon	Q887987	Sihon, Amorite king of Heshbon	boy	סיחון	Sichon	Hebrew	Jewish	Rabbinic	Midrash Rabbah	Shir HaShirim Rabbah	Shir HaShirim Rabbah 4:8:3	https://www.sefaria.org/Shir_HaShirim_Rabbah.4.8.3	1	royal	personal	attested		Sefaria topics (CC BY-SA) + text: Midrash Rabbah -- TE (Public Domain)	0.9
Shimon	slug:jewish:rabbi-shimon-b-r-yose-b-laqonya	Rabbi Shimon b. R. Yose b. Laqonya, tanna	boy	רבי שמעון בן איסי בן לקוניא	Rabbi Shimon b. R. Yose b. Laqonya	Hebrew	Jewish	Rabbinic	Midrash Rabbah	Shir HaShirim Rabbah	Shir HaShirim Rabbah 4:11:2	https://www.sefaria.org/Shir_HaShirim_Rabbah.4.11.2	1	sage	personal	attested		Sefaria topics (CC BY-SA) + text: Midrash Rabbah -- TE (Public Domain)	0.85
Barukh ben Neriah	Q599907	Baruch, Jeremiah's scribe who recorded and delivered his prophecies	boy	ברוך בן נריה	Barukh ben Neriah	Hebrew	Jewish	Rabbinic	Midrash Rabbah	Shir HaShirim Rabbah	Shir HaShirim Rabbah 5:5:1	https://www.sefaria.org/Shir_HaShirim_Rabbah.5.5.1	1	human	personal	attested		Sefaria topics (CC BY-SA) + text: Midrash Rabbah -- TE (Public Domain)	0.85
Johanan	slug:jewish:rebbi-johanan-from-sepphoris	Rebbi Johanan from Sepphoris		רִבִּי יוֹחָנָן דְּצִפֹּרִין	Rebbi Johanan from Sepphoris	Hebrew	Jewish	Rabbinic	Midrash Rabbah	Shir HaShirim Rabbah	Shir HaShirim Rabbah 5:11:2	https://www.sefaria.org/Shir_HaShirim_Rabbah.5.11.2	1	sage	personal	attested		Sefaria topics (CC BY-SA) + text: Midrash Rabbah -- TE (Public Domain)	0.85
Simeon	slug:jewish:rebbi-simeon-b-zevida	Rebbi Simeon b. Zevida		רבי סימון בר זביד	Rebbi Simeon b. Zevida	Hebrew	Jewish	Rabbinic	Midrash Rabbah	Shir HaShirim Rabbah	Shir HaShirim Rabbah 6:2:5	https://www.sefaria.org/Shir_HaShirim_Rabbah.6.2.5	3	sage	personal	attested		Sefaria topics (CC BY-SA) + text: Midrash Rabbah -- TE (Public Domain)	0.85
Ulla	slug:jewish:ulla-of-the-city-of-biraa	Ulla of the city of Bira'a		עולא ביראה	Ulla of the city of Bira'a	Hebrew	Jewish	Rabbinic	Midrash Rabbah	Shir HaShirim Rabbah	Shir HaShirim Rabbah 7:1:2	https://www.sefaria.org/Shir_HaShirim_Rabbah.7.1.2	2	sage	personal	attested		Sefaria topics (CC BY-SA) + text: Midrash Rabbah -- TE (Public Domain)	0.85
Pappi	slug:jewish:rav-pappi	Rav Pappi, amora	boy	רב פפי	Rav Pappi	Hebrew	Jewish	Rabbinic	Midrash Rabbah	Shir HaShirim Rabbah	Shir HaShirim Rabbah 7:5:1	https://www.sefaria.org/Shir_HaShirim_Rabbah.7.5.1	2	sage	personal	attested		Sefaria topics (CC BY-SA) + text: Midrash Rabbah -- TE (Public Domain)	0.85
Yose	slug:jewish:rabbi-yose-b-dormasqit	Rabbi Yose b. Dormasqit, tanna	boy	ר יוסי בן דורמסקית	Rabbi Yose b. Dormasqit	Hebrew	Jewish	Rabbinic	Midrash Rabbah	Shir HaShirim Rabbah	Shir HaShirim Rabbah 7:5:3	https://www.sefaria.org/Shir_HaShirim_Rabbah.7.5.3	1	sage	personal	attested		Sefaria topics (CC BY-SA) + text: Midrash Rabbah -- TE (Public Domain)	0.85
Gamliel haZaken	Q310584	Rabban Gamliel haZaken (I), first-century leading authority on Jewish law in the Sanhedrin	boy	רבן גמליאל הזקן	Rabban Gamliel haZaken (I)	Hebrew	Jewish	Rabbinic	Midrash Rabbah	Shir HaShirim Rabbah	Shir HaShirim Rabbah 7:14:1	https://www.sefaria.org/Shir_HaShirim_Rabbah.7.14.1	1	sage	personal	attested		Sefaria topics (CC BY-SA) + text: Midrash Rabbah -- TE (Public Domain)	0.85
Tanhum	slug:jewish:rebbi-tanhum-b-jeremiah	Rebbi Tanhum b. Jeremiah		רִבִּי תַנְחוּם בַּר יִרְמְיָה	Rebbi Tanhum b. Jeremiah	Hebrew	Jewish	Rabbinic	Midrash Rabbah	Shir HaShirim Rabbah	Shir HaShirim Rabbah 8:6:2	https://www.sefaria.org/Shir_HaShirim_Rabbah.8.6.2	3	sage	personal	attested		Sefaria topics (CC BY-SA) + text: Midrash Rabbah -- TE (Public Domain)	0.85
Jehoiachin	Q319049	Jehoiachin, King of Judah	boy	יהויכין	Jehoiachin	Hebrew	Jewish	Rabbinic	Midrash Rabbah	Shir HaShirim Rabbah	Shir HaShirim Rabbah 8:6:2	https://www.sefaria.org/Shir_HaShirim_Rabbah.8.6.2	1	royal	personal	attested		Sefaria topics (CC BY-SA) + text: Midrash Rabbah -- TE (Public Domain)	0.9
Shmuel	Q2219012	Shmuel the Little, 1st century CE Babylonian Jew and religious scholar	boy	שמואל הקטן	Shmuel the Little	Hebrew	Jewish	Rabbinic	Midrash Rabbah	Shir HaShirim Rabbah	Shir HaShirim Rabbah 8:9:3	https://www.sefaria.org/Shir_HaShirim_Rabbah.8.9.3	2	sage	personal	attested		Sefaria topics (CC BY-SA) + text: Midrash Rabbah -- TE (Public Domain)	0.85
Yehudah	slug:jewish:rabbi-yehudah-b-bava	Rabbi Yehudah b. Bava, tanna	boy	רבי יהודה בן בבא	Rabbi Yehudah b. Bava	Hebrew	Jewish	Rabbinic	Midrash Rabbah	Shir HaShirim Rabbah	Shir HaShirim Rabbah 8:9:3	https://www.sefaria.org/Shir_HaShirim_Rabbah.8.9.3	2	sage	personal	attested		Sefaria topics (CC BY-SA) + text: Midrash Rabbah -- TE (Public Domain)	0.85
Yochanan	slug:jewish:yochanan-the-high-priest	Yochanan the High Priest		יוחנן כהן גדול	Yochanan the High Priest	Hebrew	Jewish	Rabbinic	Midrash Rabbah	Shir HaShirim Rabbah	Shir HaShirim Rabbah 8:9:3	https://www.sefaria.org/Shir_HaShirim_Rabbah.8.9.3	1	sage	personal	attested		Sefaria topics (CC BY-SA) + text: Midrash Rabbah -- TE (Public Domain)	0.85
Hillel	slug:jewish:rebbi-hillel	Rebbi Hillel		רִבִּי הִלֵּל	Rebbi Hillel	Hebrew	Jewish	Rabbinic	Midrash Rabbah	Shir HaShirim Rabbah	Shir HaShirim Rabbah 8:11:1	https://www.sefaria.org/Shir_HaShirim_Rabbah.8.11.1	3	sage	personal	attested		Sefaria topics (CC BY-SA) + text: Midrash Rabbah -- TE (Public Domain)	0.85
Elimelekh	Q363660	Elimelech, Naomi's husband from Bethlehem	boy	אלימלך	Elimelekh	Hebrew	Jewish	Rabbinic	Midrash Rabbah	Ruth Rabbah	Ruth Rabbah 1:4	https://www.sefaria.org/Ruth_Rabbah.1.4	3	human	personal	attested		Sefaria topics (CC BY-SA) + text: Midrash Rabbah -- TE (Public Domain)	0.9
Rahab	Q1135632	Rahab, A Canaanite woman who helped the Israelite spies in Jericho	girl	רחב	Rahab	Hebrew	Jewish	Rabbinic	Midrash Rabbah	Ruth Rabbah	Ruth Rabbah 2:1	https://www.sefaria.org/Ruth_Rabbah.2.1	1	human	personal	attested		Sefaria topics (CC BY-SA) + text: Midrash Rabbah -- TE (Public Domain)	0.9
Naomi	Q2596433	Naomi, Israelite woman	girl	נעמי	Naomi	Hebrew	Jewish	Rabbinic	Midrash Rabbah	Ruth Rabbah	Ruth Rabbah 2:5	https://www.sefaria.org/Ruth_Rabbah.2.5	6	human	personal	attested		Sefaria topics (CC BY-SA) + text: Midrash Rabbah -- TE (Public Domain)	0.9
Hananiah	slug:jewish:rebbi-hananiah-b-rebbi-abbahu	Rebbi Hananiah b. Rebbi Abbahu		רבי חנינא בריה דרבי אבהו	Rebbi Hananiah b. Rebbi Abbahu	Hebrew	Jewish	Rabbinic	Midrash Rabbah	Ruth Rabbah	Ruth Rabbah 2:8	https://www.sefaria.org/Ruth_Rabbah.2.8	4	sage	personal	attested		Sefaria topics (CC BY-SA) + text: Midrash Rabbah -- TE (Public Domain)	0.85
Orpah	Q1697019	Orpah, Naomi's daughter-in-law	girl	ערפה	Orpah	Hebrew	Jewish	Rabbinic	Midrash Rabbah	Ruth Rabbah	Ruth Rabbah 2:9	https://www.sefaria.org/Ruth_Rabbah.2.9	2	human	personal	attested		Sefaria topics (CC BY-SA) + text: Midrash Rabbah -- TE (Public Domain)	0.9
Huna	slug:jewish:rav-huna-the-exilarch	Rav Huna the Exilarch		רב הונא ריש גלותא	Rav Huna the Exilarch	Hebrew	Jewish	Rabbinic	Midrash Rabbah	Ruth Rabbah	Ruth Rabbah 3:1	https://www.sefaria.org/Ruth_Rabbah.3.1	2	sage	personal	attested		Sefaria topics (CC BY-SA) + text: Midrash Rabbah -- TE (Public Domain)	0.9
Ibzan	Q645796	Ibzan, A judge of Israel from Bethlehem	boy	אבצן	Ibzan	Hebrew	Jewish	Rabbinic	Midrash Rabbah	Ruth Rabbah	Ruth Rabbah 3:6	https://www.sefaria.org/Ruth_Rabbah.3.6	1	human	personal	attested		Sefaria topics (CC BY-SA) + text: Midrash Rabbah -- TE (Public Domain)	0.9
Hanin	slug:jewish:rebbi-hanin-b-levi	Rebbi Hanin b. Levi		רִבִּי חָנִין בַּר לֵוִי	Rebbi Hanin b. Levi	Hebrew	Jewish	Rabbinic	Midrash Rabbah	Ruth Rabbah	Ruth Rabbah 5:11	https://www.sefaria.org/Ruth_Rabbah.5.11	1	sage	personal	attested		Sefaria topics (CC BY-SA) + text: Midrash Rabbah -- TE (Public Domain)	0.85
Jehudah	slug:jewish:rebbi-jehudah-the-baker	Rebbi Jehudah the baker		רבי יהודה הנחתום	Rebbi Jehudah the baker	Hebrew	Jewish	Rabbinic	Midrash Rabbah	Ruth Rabbah	Ruth Rabbah 6:4	https://www.sefaria.org/Ruth_Rabbah.6.4	3	sage	personal	attested		Sefaria topics (CC BY-SA) + text: Midrash Rabbah -- TE (Public Domain)	0.85
Shisak	Q311811	Shishak, Egyptian Pharaoh who invaded Judah during Rehoboam's reign	boy	שישק	Shisak	Hebrew	Jewish	Rabbinic	Midrash Rabbah	Esther Rabbah	Esther Rabbah 1:12	https://www.sefaria.org/Esther_Rabbah.1.12	1	royal	personal	attested	no open Hebrew text; the open English translation reads 'Shishak'	Sefaria topics (CC BY-SA) + text: The Sefaria Midrash Rabbah, 2022 (CC BY); Hebrew form from the topic page	0.9
Zedekiah	Q184273	Zedekiah, Last king of Judah before the Babylonian exile	boy	צדקיהו	Zedekiah	Hebrew	Jewish	Rabbinic	Midrash Rabbah	Esther Rabbah	Esther Rabbah 3:1	https://www.sefaria.org/Esther_Rabbah.3.1	4	royal	personal	attested	no open Hebrew text; the open English translation reads 'Zedekiah'	Sefaria topics (CC BY-SA) + text: The Sefaria Midrash Rabbah, 2022 (CC BY); Hebrew form from the topic page	0.9
Vashti	Q1889603	Vashti, Queen of Persia	girl	ושתי	Vashti	Hebrew	Jewish	Rabbinic	Midrash Rabbah	Esther Rabbah	Esther Rabbah 3:14	https://www.sefaria.org/Esther_Rabbah.3.14	3	human	personal	attested	no open Hebrew text; the open English translation reads 'Vashti'	Sefaria topics (CC BY-SA) + text: The Sefaria Midrash Rabbah, 2022 (CC BY); Hebrew form from the topic page	0.9
Memuchan	Q10328578	Memucan, One of the seven princes of Persia and Media	boy	ממוכן	Memuchan	Hebrew	Jewish	Rabbinic	Midrash Rabbah	Esther Rabbah	Esther Rabbah 4:2	https://www.sefaria.org/Esther_Rabbah.4.2	2	human	personal	attested	no open Hebrew text; the open English translation reads 'Memukhan'	Sefaria topics (CC BY-SA) + text: The Sefaria Midrash Rabbah, 2022 (CC BY); Hebrew form from the topic page	0.9
Amos	slug:biblical:amos@amo.1.1-	Amos, Prophet from Tekoa who prophesied to Israel	boy	עמוס	Amos	Hebrew	Jewish	Rabbinic	Midrash Rabbah	Kohelet Rabbah	Kohelet Rabbah 1:1:2	https://www.sefaria.org/Kohelet_Rabbah.1.1.2	1	human	personal	attested		Sefaria topics (CC BY-SA) + text: Midrash Rabbah -- TE (Public Domain)	0.9
Simeon	slug:jewish:rebbi-simeon-b-rebbi-yose-b-laqonia	Rebbi Simeon b. Rebbi Yose b. Laqonia		רבי שמעון בן יוסי בן לקוניא	Rebbi Simeon b. Rebbi Yose b. Laqonia	Hebrew	Jewish	Rabbinic	Midrash Rabbah	Kohelet Rabbah	Kohelet Rabbah 1:4:5	https://www.sefaria.org/Kohelet_Rabbah.1.4.5	2	sage	personal	attested		Sefaria topics (CC BY-SA) + text: Midrash Rabbah -- TE (Public Domain)	0.85
Ya'akov	slug:jewish:yaakov-of-the-village-of-sekhanya	Ya'akov of the village of Sekhanya		יעקב איש כפר סכניא	Ya'akov of the village of Sekhanya	Hebrew	Jewish	Rabbinic	Midrash Rabbah	Kohelet Rabbah	Kohelet Rabbah 1:8:3	https://www.sefaria.org/Kohelet_Rabbah.1.8.3	1	sage	personal	attested		Sefaria topics (CC BY-SA) + text: Midrash Rabbah -- TE (Public Domain)	0.85
Jehudah	slug:jewish:rebbi-jehudah-b-laqish	Rebbi Jehudah b. Laqish		רבי יהודה בן לקיש	Rebbi Jehudah b. Laqish	Hebrew	Jewish	Rabbinic	Midrash Rabbah	Kohelet Rabbah	Kohelet Rabbah 1:15:2	https://www.sefaria.org/Kohelet_Rabbah.1.15.2	1	sage	personal	attested		Sefaria topics (CC BY-SA) + text: Midrash Rabbah -- TE (Public Domain)	0.85
Hananyah	slug:jewish:rabbi-hananyah-b-akabia	Rabbi Hananyah b. Akabia, tanna	boy	רבי חנניה בן עקביא	Rabbi Hananyah b. Akabia	Hebrew	Jewish	Rabbinic	Midrash Rabbah	Kohelet Rabbah	Kohelet Rabbah 1:15:2	https://www.sefaria.org/Kohelet_Rabbah.1.15.2	1	sage	personal	attested		Sefaria topics (CC BY-SA) + text: Midrash Rabbah -- TE (Public Domain)	0.85
On	slug:jewish:on-the-son-of-pelet	On, the Son of Pelet		און בן פלת	On, the Son of Pelet	Hebrew	Jewish	Rabbinic	Midrash Rabbah	Kohelet Rabbah	Kohelet Rabbah 2:9:1	https://www.sefaria.org/Kohelet_Rabbah.2.9.1	1	human	personal	attested		Sefaria topics (CC BY-SA) + text: Midrash Rabbah -- TE (Public Domain)	0.85
Nahman	slug:jewish:nahman-b-rebbi-samuel-b-nahmani	Nahman b. Rebbi Samuel b. Nahmani		נַחְמָן בְּרֵיהּ דְּרִבִּי שְׁמוּאֵל בַּר נַחְמָנִי	Nahman b. Rebbi Samuel b. Nahmani	Hebrew	Jewish	Rabbinic	Midrash Rabbah	Kohelet Rabbah	Kohelet Rabbah 2:24:1	https://www.sefaria.org/Kohelet_Rabbah.2.24.1	2	sage	personal	attested		Sefaria topics (CC BY-SA) + text: Midrash Rabbah -- TE (Public Domain)	0.85
Meyasha	slug:jewish:rabbi-meyasha	Rabbi Meyasha		רבי מיישא	Rabbi Meyasha	Hebrew	Jewish	Rabbinic	Midrash Rabbah	Kohelet Rabbah	Kohelet Rabbah 2:24:1	https://www.sefaria.org/Kohelet_Rabbah.2.24.1	1	sage	personal	attested		Sefaria topics (CC BY-SA) + text: Midrash Rabbah -- TE (Public Domain)	0.85
Deborah	slug:biblical:deborah@jdg.4.4-	Deborah, Prophetess and judge who led Israel to victory over Canaanites	girl	דבורה	Deborah	Hebrew	Jewish	Rabbinic	Midrash Rabbah	Kohelet Rabbah	Kohelet Rabbah 3:14:1	https://www.sefaria.org/Kohelet_Rabbah.3.14.1	1	human	personal	attested		Sefaria topics (CC BY-SA) + text: Midrash Rabbah -- TE (Public Domain)	0.9
Mana	slug:jewish:rabbi-mana-(i)	Rabbi Mana (I), amora	boy	רבי מנא (1)	Rabbi Mana (I)	Hebrew	Jewish	Rabbinic	Midrash Rabbah	Kohelet Rabbah	Kohelet Rabbah 5:5:1	https://www.sefaria.org/Kohelet_Rabbah.5.5.1	3	sage	personal	attested		Sefaria topics (CC BY-SA) + text: Midrash Rabbah -- TE (Public Domain)	0.85
Gamliel	Q1492866	Rabban Gamliel b. Rabbi (III), active 80-110	boy	רבן גמליאל ברבי	Rabban Gamliel b. Rabbi (III)	Hebrew	Jewish	Rabbinic	Midrash Rabbah	Kohelet Rabbah	Kohelet Rabbah 5:12:1	https://www.sefaria.org/Kohelet_Rabbah.5.12.1	2	sage	personal	attested		Sefaria topics (CC BY-SA) + text: Midrash Rabbah -- TE (Public Domain)	0.85
Elkanah	Q2424977	Elkanah, The father of the prophet Samuel	boy	אלקנה	Elkanah	Hebrew	Jewish	Rabbinic	Midrash Rabbah	Kohelet Rabbah	Kohelet Rabbah 5:19:1	https://www.sefaria.org/Kohelet_Rabbah.5.19.1	1	human	personal	attested		Sefaria topics (CC BY-SA) + text: Midrash Rabbah -- TE (Public Domain)	0.9
Elazar	Q1325789	Rabbi Elazar b. Arakh, Jewish scholar	boy	רבי אלעזר בן ערך	Rabbi Elazar b. Arakh	Hebrew	Jewish	Rabbinic	Midrash Rabbah	Kohelet Rabbah	Kohelet Rabbah 7:7:2	https://www.sefaria.org/Kohelet_Rabbah.7.7.2	1	sage	personal	attested		Sefaria topics (CC BY-SA) + text: Midrash Rabbah -- TE (Public Domain)	0.9
Hamnuna	slug:jewish:rav-hamnuna-the-scribe	Rav Hamnuna the scribe		רַב הַמְנוּנָא סַפְרָא	Rav Hamnuna the scribe	Hebrew	Jewish	Rabbinic	Midrash Rabbah	Kohelet Rabbah	Kohelet Rabbah 7:7:2	https://www.sefaria.org/Kohelet_Rabbah.7.7.2	1	sage	personal	attested		Sefaria topics (CC BY-SA) + text: Midrash Rabbah -- TE (Public Domain)	0.85
Yehuda	slug:jewish:rabbi-yehuda-b-nekosa	Rabbi Yehuda b. Nekosa		רבי יהודה בן נקוסא	Rabbi Yehuda b. Nekosa	Hebrew	Jewish	Rabbinic	Midrash Rabbah	Kohelet Rabbah	Kohelet Rabbah 7:26:3	https://www.sefaria.org/Kohelet_Rabbah.7.26.3	1	sage	personal	attested		Sefaria topics (CC BY-SA) + text: Midrash Rabbah -- TE (Public Domain)	0.85
Abba Tachanah	slug:jewish:abba-tachanah	Abba Tachanah		אבא תחנה	Abba Tachanah	Hebrew	Jewish	Rabbinic	Midrash Rabbah	Kohelet Rabbah	Kohelet Rabbah 9:7:1	https://www.sefaria.org/Kohelet_Rabbah.9.7.1	1	sage	personal	attested		Sefaria topics (CC BY-SA) + text: Midrash Rabbah -- TE (Public Domain)	0.9
Borqai	slug:jewish:rebbi-borqai	Rebbi Borqai		רִבִּי בּוֹרְקַי	Rebbi Borqai	Hebrew	Jewish	Rabbinic	Midrash Rabbah	Kohelet Rabbah	Kohelet Rabbah 9:9:1	https://www.sefaria.org/Kohelet_Rabbah.9.9.1	1	sage	personal	attested		Sefaria topics (CC BY-SA) + text: Midrash Rabbah -- TE (Public Domain)	0.85
Yonatan	slug:jewish:yonatan-b-amram	Yonatan b. Amram		יונתן בן עמרם	Yonatan b. Amram	Hebrew	Jewish	Rabbinic	Midrash Rabbah	Kohelet Rabbah	Kohelet Rabbah 9:10:2	https://www.sefaria.org/Kohelet_Rabbah.9.10.2	1	sage	personal	attested		Sefaria topics (CC BY-SA) + text: Midrash Rabbah -- TE (Public Domain)	0.85
Nahum	slug:jewish:rebbi-nahum	Rebbi Nahum		רבי נחום	Rebbi Nahum	Hebrew	Jewish	Rabbinic	Midrash Rabbah	Kohelet Rabbah	Kohelet Rabbah 9:10:2	https://www.sefaria.org/Kohelet_Rabbah.9.10.2	1	sage	personal	attested		Sefaria topics (CC BY-SA) + text: Midrash Rabbah -- TE (Public Domain)	0.85
Ashian	slug:jewish:rebbi-ashian	Rebbi Ashian		רִבִּי אַשְׁייָן	Rebbi Ashian	Hebrew	Jewish	Rabbinic	Midrash Rabbah	Kohelet Rabbah	Kohelet Rabbah 9:10:2	https://www.sefaria.org/Kohelet_Rabbah.9.10.2	1	sage	personal	attested		Sefaria topics (CC BY-SA) + text: Midrash Rabbah -- TE (Public Domain)	0.85
Joahe	slug:jewish:joahe-son-of-asaph	Joahe son of Asaph		יואח בן אסף	Joahe son of Asaph	Hebrew	Jewish	Rabbinic	Midrash Rabbah	Kohelet Rabbah	Kohelet Rabbah 9:18:3	https://www.sefaria.org/Kohelet_Rabbah.9.18.3	1	human	personal	attested		Sefaria topics (CC BY-SA) + text: Midrash Rabbah -- TE (Public Domain)	0.85
Akaviah	Q585126	Akaviah ben Mehalalel, Jewish religious teacher active 1st century	boy	עקביא בן מהללאל	Akaviah ben Mehalalel	Hebrew	Jewish	Rabbinic	Midrash Rabbah	Kohelet Rabbah	Kohelet Rabbah 12:1:1	https://www.sefaria.org/Kohelet_Rabbah.12.1.1	1	sage	personal	attested		Sefaria topics (CC BY-SA) + text: Midrash Rabbah -- TE (Public Domain)	0.85
Saul	slug:jewish:rebbi-saul	Rebbi Saul		רִבִּי שָׁאוּל	Rebbi Saul	Hebrew	Jewish	Rabbinic	Midrash Rabbah	Kohelet Rabbah	Kohelet Rabbah 12:10:1	https://www.sefaria.org/Kohelet_Rabbah.12.10.1	1	sage	personal	attested		Sefaria topics (CC BY-SA) + text: Midrash Rabbah -- TE (Public Domain)	0.85
Tebi	slug:jewish:rebbi-tebi	Rebbi Tebi		רבי טבי	Rebbi Tebi	Hebrew	Jewish	Rabbinic	Midrash Rabbah	Eikhah Rabbah	Eikhah Rabbah, Petichta 22	https://www.sefaria.org/Eikhah_Rabbah,_Petichta.22	1	sage	personal	attested		Sefaria topics (CC BY-SA) + text: Midrash Rabbah -- TE (Public Domain)	0.85
Zekhariyah	slug:jewish:zekhariyah-ben-yehoyada	Zekhariyah ben Yehoyada		זכריה בן יהוידע	Zekhariyah ben Yehoyada	Hebrew	Jewish	Rabbinic	Midrash Rabbah	Eikhah Rabbah	Eikhah Rabbah, Petichta 23	https://www.sefaria.org/Eikhah_Rabbah,_Petichta.23	3	human	personal	attested		Sefaria topics (CC BY-SA) + text: Midrash Rabbah -- TE (Public Domain)	0.85
Hosea, the Son of Elah	Q319038	Hoshea, The last king of Israel	boy	הושע בן אלה	Hosea, the Son of Elah	Hebrew	Jewish	Rabbinic	Midrash Rabbah	Eikhah Rabbah	Eikhah Rabbah, Petichta 33	https://www.sefaria.org/Eikhah_Rabbah,_Petichta.33	1	royal	personal	attested		Sefaria topics (CC BY-SA) + text: Midrash Rabbah -- TE (Public Domain)	0.85
Tzadok	slug:jewish:rabbi-tzadok-(i)	Rabbi Tzadok (I), tanna	boy	רבי צדוק (2)	Rabbi Tzadok (I)	Hebrew	Jewish	Rabbinic	Midrash Rabbah	Eikhah Rabbah	Eikhah Rabbah 1:31	https://www.sefaria.org/Eikhah_Rabbah.1.31	1	sage	personal	attested		Sefaria topics (CC BY-SA) + text: Midrash Rabbah -- TE (Public Domain)	0.9
Yehoshua	slug:jewish:yehoshua-b-gamla	Yehoshua b. Gamla		יהושע בן גמלא	Yehoshua b. Gamla	Hebrew	Jewish	Rabbinic	Midrash Rabbah	Eikhah Rabbah	Eikhah Rabbah 1:47	https://www.sefaria.org/Eikhah_Rabbah.1.47	1	sage	personal	attested		Sefaria topics (CC BY-SA) + text: Midrash Rabbah -- TE (Public Domain)	0.85
Yeshevav	slug:jewish:rabbi-yeshevav	Rabbi Yeshevav		רבי ישבב	Rabbi Yeshevav	Hebrew	Jewish	Rabbinic	Midrash Rabbah	Eikhah Rabbah	Eikhah Rabbah 2:4	https://www.sefaria.org/Eikhah_Rabbah.2.4	1	sage	personal	attested		Sefaria topics (CC BY-SA) + text: Midrash Rabbah -- TE (Public Domain)	0.85
Chutspit	slug:jewish:chutspit-the-translator	Chutspit the Translator		חוצפית המתורגמן	Chutspit the Translator	Hebrew	Jewish	Rabbinic	Midrash Rabbah	Eikhah Rabbah	Eikhah Rabbah 2:4	https://www.sefaria.org/Eikhah_Rabbah.2.4	1	sage	personal	attested		Sefaria topics (CC BY-SA) + text: Midrash Rabbah -- TE (Public Domain)	0.85
Hananyah	Q982179	Rabbi Hananyah b. Teradyon, 2nd century Jewish rabbi and teacher	boy	רבי חנינה בן תרדיון	Rabbi Hananyah b. Teradyon	Hebrew	Jewish	Rabbinic	Midrash Rabbah	Eikhah Rabbah	Eikhah Rabbah 2:4	https://www.sefaria.org/Eikhah_Rabbah.2.4	2	sage	personal	attested		Sefaria topics (CC BY-SA) + text: Midrash Rabbah -- TE (Public Domain)	0.9
Elazar	slug:jewish:rabbi-elazar-b-charsum	Rabbi Elazar b. Charsum		רבי אלעזר בן חרסום	Rabbi Elazar b. Charsum	Hebrew	Jewish	Rabbinic	Midrash Rabbah	Eikhah Rabbah	Eikhah Rabbah 2:4	https://www.sefaria.org/Eikhah_Rabbah.2.4	1	sage	personal	attested		Sefaria topics (CC BY-SA) + text: Midrash Rabbah -- TE (Public Domain)	0.85
Zerika	slug:jewish:rabbi-zerika	Rabbi Zerika, amora	boy	רבי זריקא	Rabbi Zerika	Hebrew	Jewish	Rabbinic	Midrash Rabbah	Eikhah Rabbah	Eikhah Rabbah 2:22	https://www.sefaria.org/Eikhah_Rabbah.2.22	1	sage	personal	attested		Sefaria topics (CC BY-SA) + text: Midrash Rabbah -- TE (Public Domain)	0.85
Anan	slug:jewish:rav-anan	Rav Anan		רב ענן	Rav Anan	Hebrew	Jewish	Rabbinic	Midrash Rabbah	Eikhah Rabbah	Eikhah Rabbah 3:15	https://www.sefaria.org/Eikhah_Rabbah.3.15	1	sage	personal	attested		Sefaria topics (CC BY-SA) + text: Midrash Rabbah -- TE (Public Domain)	0.85
Bar Kamtza	slug:jewish:bar-kamtza	Bar Kamtza		בר קמצא	Bar Kamtza	Hebrew	Jewish	Rabbinic	Midrash Rabbah	Eikhah Rabbah	Eikhah Rabbah 4:3	https://www.sefaria.org/Eikhah_Rabbah.4.3	1	sage	personal	attested		Sefaria topics (CC BY-SA) + text: Midrash Rabbah -- TE (Public Domain)	0.9
Zechariah	slug:jewish:rabbi-zechariah-b-avkolas	Rabbi Zechariah b. Avkolas		רבי זכריה בן אבקולס	Rabbi Zechariah b. Avkolas	Hebrew	Jewish	Rabbinic	Midrash Rabbah	Eikhah Rabbah	Eikhah Rabbah 4:3	https://www.sefaria.org/Eikhah_Rabbah.4.3	1	sage	personal	attested		Sefaria topics (CC BY-SA) + text: Midrash Rabbah -- TE (Public Domain)	0.85
Elazar	slug:jewish:rabbi-elazar-b-tzadok-(i)	Rabbi Elazar b. Tzadok (I), tanna	boy	רבי אלעזר בן צדוק (1)	Rabbi Elazar b. Tzadok (I)	Hebrew	Jewish	Rabbinic	Midrash Rabbah	Eikhah Rabbah	Eikhah Rabbah 4:11	https://www.sefaria.org/Eikhah_Rabbah.4.11	1	sage	personal	attested		Sefaria topics (CC BY-SA) + text: Midrash Rabbah -- TE (Public Domain)	0.85
Nebuzaradan	Q6903514	Nebuzaradan, Babylonian captain of the guard during Jerusalem's fall	boy	נבוזראדן	Nebuzaradan	Hebrew	Jewish	Rabbinic	Midrash Rabbah	Eikhah Rabbah	Eikhah Rabbah 4:15	https://www.sefaria.org/Eikhah_Rabbah.4.15	2	human	personal	attested		Sefaria topics (CC BY-SA) + text: Midrash Rabbah -- TE (Public Domain)	0.9
Asa	Q313415	Asa, King of Judah	boy	אסא	Asa	Hebrew	Jewish	Rabbinic	Midrash Rabbah	Eikhah Rabbah	Eikhah Rabbah 4:15	https://www.sefaria.org/Eikhah_Rabbah.4.15	1	royal	personal	attested		Sefaria topics (CC BY-SA) + text: Midrash Rabbah -- TE (Public Domain)	0.9
Jonah	Q2468262	Jonah, prophet	boy	יונה הנביא	Jonah	Hebrew	Jewish	Rabbinic	Mekhilta	Mekhilta DeRabbi Yishmael	Mekhilta DeRabbi Yishmael, Tractate Pischa 1:16	https://www.sefaria.org/Mekhilta_DeRabbi_Yishmael,_Tractate_Pischa.1.16	1	prophet	personal	attested	no open Hebrew text; the open English translation reads 'Jonah'	Sefaria topics (CC BY-SA) + text: Mechilta, translated by Rabbi Shraga Silverstein (CC BY); Hebrew form from the topic page	0.9
Jeremiah	Q158825	Jeremiah, Son of Hilkiah	boy	ירמיהו	Jeremiah	Hebrew	Jewish	Rabbinic	Mekhilta	Mekhilta DeRabbi Yishmael	Mekhilta DeRabbi Yishmael, Tractate Pischa 1:17	https://www.sefaria.org/Mekhilta_DeRabbi_Yishmael,_Tractate_Pischa.1.17	1	prophet	personal	attested	no open Hebrew text; the open English translation reads 'Jeremiah'	Sefaria topics (CC BY-SA) + text: Mechilta, translated by Rabbi Shraga Silverstein (CC BY); Hebrew form from the topic page	0.9
Yochanan	Q1397565	Rabbi Yochanan b. Napacha, 3rd-century Judean rabbi	boy	רבי יוחנן	Rabbi Yochanan b. Napacha	Hebrew	Jewish	Rabbinic	Mekhilta	Mekhilta DeRabbi Yishmael	Mekhilta DeRabbi Yishmael, Tractate Pischa 1:19	https://www.sefaria.org/Mekhilta_DeRabbi_Yishmael,_Tractate_Pischa.1.19	7	sage	personal	attested	no open Hebrew text; found in the open English translation	Sefaria topics (CC BY-SA) + text: Mechilta, translated by Rabbi Shraga Silverstein (CC BY); Hebrew form from the topic page	0.85
Yishmael	Q1391069	Rabbi Yishmael b. Elisha, 2nd century Mishnah rabbi	boy	רבי ישמעאל	Rabbi Yishmael b. Elisha	Hebrew	Jewish	Rabbinic	Mekhilta	Mekhilta DeRabbi Yishmael	Mekhilta DeRabbi Yishmael, Tractate Pischa 1:20	https://www.sefaria.org/Mekhilta_DeRabbi_Yishmael,_Tractate_Pischa.1.20	95	sage	personal	attested	no open Hebrew text; found in the open English translation	Sefaria topics (CC BY-SA) + text: Mechilta, translated by Rabbi Shraga Silverstein (CC BY); Hebrew form from the topic page	0.85
Eliezer	slug:jewish:rabbi-eliezer-b-hyrcanus	Rabbi Eliezer b. Hyrcanus, tanna	boy	רבי אליעזר	Rabbi Eliezer b. Hyrcanus	Hebrew	Jewish	Rabbinic	Mekhilta	Mekhilta DeRabbi Yishmael	Mekhilta DeRabbi Yishmael, Tractate Pischa 1:20	https://www.sefaria.org/Mekhilta_DeRabbi_Yishmael,_Tractate_Pischa.1.20	127	sage	personal	attested	no open Hebrew text; found in the open English translation	Sefaria topics (CC BY-SA) + text: Mechilta, translated by Rabbi Shraga Silverstein (CC BY); Hebrew form from the topic page	0.85
Akiva	Q310821	Rabbi Akiva, Jewish scholar and sage (c. 50 – c.135)	boy	רבי עקיבא	Rabbi Akiva	Hebrew	Jewish	Rabbinic	Mekhilta	Mekhilta DeRabbi Yishmael	Mekhilta DeRabbi Yishmael, Tractate Pischa 1:22	https://www.sefaria.org/Mekhilta_DeRabbi_Yishmael,_Tractate_Pischa.1.22	96	sage	personal	attested	no open Hebrew text; found in the open English translation	Sefaria topics (CC BY-SA) + text: Mechilta, translated by Rabbi Shraga Silverstein (CC BY); Hebrew form from the topic page	0.85
[Shimon]	slug:jewish:shimon-b-azzai	[Shimon] b. Azzai, tanna	boy	בן עזאי	[Shimon] b. Azzai	Hebrew	Jewish	Rabbinic	Mekhilta	Mekhilta DeRabbi Yishmael	Mekhilta DeRabbi Yishmael, Tractate Pischa 1:23	https://www.sefaria.org/Mekhilta_DeRabbi_Yishmael,_Tractate_Pischa.1.23	7	sage	personal	attested	no open Hebrew text; found in the open English translation	Sefaria topics (CC BY-SA) + text: Mechilta, translated by Rabbi Shraga Silverstein (CC BY); Hebrew form from the topic page	0.85
Shimon	Q557405	Rabbi Shimon bar Yochai, Jewish rabbi author of the Zohar	boy	רבי שמעון בר יוחאי	Rabbi Shimon bar Yochai	Hebrew	Jewish	Rabbinic	Mekhilta	Mekhilta DeRabbi Yishmael	Mekhilta DeRabbi Yishmael, Tractate Pischa 2:3	https://www.sefaria.org/Mekhilta_DeRabbi_Yishmael,_Tractate_Pischa.2.3	52	sage	personal	attested	no open Hebrew text; found in the open English translation	Sefaria topics (CC BY-SA) + text: Mechilta, translated by Rabbi Shraga Silverstein (CC BY); Hebrew form from the topic page	0.85
Natan [haBavli]	slug:jewish:rabbi-natan-habavli	Rabbi Natan [haBavli], tanna	boy	רבי נתן	Rabbi Natan [haBavli]	Hebrew	Jewish	Rabbinic	Mekhilta	Mekhilta DeRabbi Yishmael	Mekhilta DeRabbi Yishmael, Tractate Pischa 2:7	https://www.sefaria.org/Mekhilta_DeRabbi_Yishmael,_Tractate_Pischa.2.7	60	sage	personal	attested	no open Hebrew text; found in the open English translation	Sefaria topics (CC BY-SA) + text: Mechilta, translated by Rabbi Shraga Silverstein (CC BY); Hebrew form from the topic page	0.85
Yonatan	Q449288	Rabbi Yonatan, tanna	boy	רבי יונתן	Rabbi Yonatan	Hebrew	Jewish	Rabbinic	Mekhilta	Mekhilta DeRabbi Yishmael	Mekhilta DeRabbi Yishmael, Tractate Pischa 2:11	https://www.sefaria.org/Mekhilta_DeRabbi_Yishmael,_Tractate_Pischa.2.11	27	sage	personal	attested	no open Hebrew text; found in the open English translation	Sefaria topics (CC BY-SA) + text: Mechilta, translated by Rabbi Shraga Silverstein (CC BY); Hebrew form from the topic page	0.85
Yitzhak	slug:jewish:rabbi-yitzhak	Rabbi Yitzhak, tanna	boy	רבי יצחק	Rabbi Yitzhak	Hebrew	Jewish	Rabbinic	Mekhilta	Mekhilta DeRabbi Yishmael	Mekhilta DeRabbi Yishmael, Tractate Pischa 2:14	https://www.sefaria.org/Mekhilta_DeRabbi_Yishmael,_Tractate_Pischa.2.14	26	sage	personal	attested	no open Hebrew text; found in the open English translation	Sefaria topics (CC BY-SA) + text: Mechilta, translated by Rabbi Shraga Silverstein (CC BY); Hebrew form from the topic page	0.85
Elazar	Q1325787	Rabbi Elazar b. Azaryah, 1st-century CE Jewish rabbi and Tannaim sage	boy	רבי אלעזר בן עזריה	Rabbi Elazar b. Azaryah	Hebrew	Jewish	Rabbinic	Mekhilta	Mekhilta DeRabbi Yishmael	Mekhilta DeRabbi Yishmael, Tractate Pischa 6:8	https://www.sefaria.org/Mekhilta_DeRabbi_Yishmael,_Tractate_Pischa.6.8	16	sage	personal	attested	no open Hebrew text; found in the open English translation	Sefaria topics (CC BY-SA) + text: Mechilta, translated by Rabbi Shraga Silverstein (CC BY); Hebrew form from the topic page	0.85
Yehoshua [b. Hananyah]	Q1686568	Rabbi Yehoshua [b. Hananyah], late 1st/early 2nd century Jewish tanna and sage	boy	ר יהושע	Rabbi Yehoshua [b. Hananyah]	Hebrew	Jewish	Rabbinic	Mekhilta	Mekhilta DeRabbi Yishmael	Mekhilta DeRabbi Yishmael, Tractate Pischa 7:3	https://www.sefaria.org/Mekhilta_DeRabbi_Yishmael,_Tractate_Pischa.7.3	118	sage	personal	attested	no open Hebrew text; found in the open English translation	Sefaria topics (CC BY-SA) + text: Mechilta, translated by Rabbi Shraga Silverstein (CC BY); Hebrew form from the topic page	0.85
Nehorai	slug:jewish:rabbi-nehorai	Rabbi Nehorai, tanna	boy	רבי נהוראי	Rabbi Nehorai	Hebrew	Jewish	Rabbinic	Mekhilta	Mekhilta DeRabbi Yishmael	Mekhilta DeRabbi Yishmael, Tractate Pischa 12:32	https://www.sefaria.org/Mekhilta_DeRabbi_Yishmael,_Tractate_Pischa.12.32	3	sage	personal	attested	no open Hebrew text; found in the open English translation	Sefaria topics (CC BY-SA) + text: Mechilta, translated by Rabbi Shraga Silverstein (CC BY); Hebrew form from the topic page	0.85
Nehemiyah	Q2902906	Rabbi Nehemiyah, 2nd century CE Jewish scholar and rabbi	boy	רבי נחמיה	Rabbi Nehemiyah	Hebrew	Jewish	Rabbinic	Mekhilta	Mekhilta DeRabbi Yishmael	Mekhilta DeRabbi Yishmael, Tractate Pischa 14:6	https://www.sefaria.org/Mekhilta_DeRabbi_Yishmael,_Tractate_Pischa.14.6	20	sage	personal	attested	no open Hebrew text; found in the open English translation	Sefaria topics (CC BY-SA) + text: Mechilta, translated by Rabbi Shraga Silverstein (CC BY); Hebrew form from the topic page	0.85
Chanina	Q1062209	Rabbi Chanina b. Chama, Babylonian Jewish Talmudist (died c.250)	boy	רבי חנינא בר חמא	Rabbi Chanina b. Chama	Hebrew	Jewish	Rabbinic	Mekhilta	Mekhilta DeRabbi Yishmael	Mekhilta DeRabbi Yishmael, Tractate Pischa 16:27	https://www.sefaria.org/Mekhilta_DeRabbi_Yishmael,_Tractate_Pischa.16.27	6	sage	personal	attested	no open Hebrew text; found in the open English translation	Sefaria topics (CC BY-SA) + text: Mechilta, translated by Rabbi Shraga Silverstein (CC BY); Hebrew form from the topic page	0.85
Elisha	Q206238	Elisha, prophet, successor of Elijah	boy	אלישע	Elisha	Hebrew	Jewish	Rabbinic	Mekhilta	Mekhilta DeRabbi Yishmael	Mekhilta DeRabbi Yishmael, Tractate Vayehi Beshalach 1:10	https://www.sefaria.org/Mekhilta_DeRabbi_Yishmael,_Tractate_Vayehi_Beshalach.1.10	1	prophet	personal	attested	no open Hebrew text; the open English translation reads 'Elisha'	Sefaria topics (CC BY-SA) + text: Mechilta, translated by Rabbi Shraga Silverstein (CC BY); Hebrew form from the topic page	0.9
Joseph	Q145746	Joseph, son of Jacob	boy	יוסף	Joseph	Hebrew	Jewish	Rabbinic	Mekhilta	Mekhilta DeRabbi Yishmael	Mekhilta DeRabbi Yishmael, Tractate Vayehi Beshalach 1:12	https://www.sefaria.org/Mekhilta_DeRabbi_Yishmael,_Tractate_Vayehi_Beshalach.1.12	2	human	personal	attested	no open Hebrew text; the open English translation reads 'Joseph'	Sefaria topics (CC BY-SA) + text: Mechilta, translated by Rabbi Shraga Silverstein (CC BY); Hebrew form from the topic page	0.9
Meir	Q1621623	Rabbi Meir, 2nd century Jewish sage	boy	רבי מאיר	Rabbi Meir	Hebrew	Jewish	Rabbinic	Mekhilta	Mekhilta DeRabbi Yishmael	Mekhilta DeRabbi Yishmael, Tractate Vayehi Beshalach 3:29	https://www.sefaria.org/Mekhilta_DeRabbi_Yishmael,_Tractate_Vayehi_Beshalach.3.29	26	sage	personal	attested	no open Hebrew text; found in the open English translation	Sefaria topics (CC BY-SA) + text: Mechilta, translated by Rabbi Shraga Silverstein (CC BY); Hebrew form from the topic page	0.85
Banna'ah	slug:jewish:rabbi-bannaah	Rabbi Banna'ah	boy	רבי בנאה	Rabbi Banna'ah	Hebrew	Jewish	Rabbinic	Mekhilta	Mekhilta DeRabbi Yishmael	Mekhilta DeRabbi Yishmael, Tractate Vayehi Beshalach 4:8	https://www.sefaria.org/Mekhilta_DeRabbi_Yishmael,_Tractate_Vayehi_Beshalach.4.8	2	sage	personal	attested	no open Hebrew text; found in the open English translation	Sefaria topics (CC BY-SA) + text: Mechilta, translated by Rabbi Shraga Silverstein (CC BY); Hebrew form from the topic page	0.85
Shimon	slug:jewish:rabbi-shimon-b-yehudah	Rabbi Shimon b. Yehudah, tanna	boy	רבי שמעון בן יהודה	Rabbi Shimon b. Yehudah	Hebrew	Jewish	Rabbinic	Mekhilta	Mekhilta DeRabbi Yishmael	Mekhilta DeRabbi Yishmael, Tractate Vayehi Beshalach 4:22	https://www.sefaria.org/Mekhilta_DeRabbi_Yishmael,_Tractate_Vayehi_Beshalach.4.22	5	sage	personal	attested	no open Hebrew text; found in the open English translation	Sefaria topics (CC BY-SA) + text: Mechilta, translated by Rabbi Shraga Silverstein (CC BY); Hebrew form from the topic page	0.85
Tarfon	Q1268142	Rabbi Tarfon, Late 1st/early 2nd century Jewish rabbi and sage	boy	רבי טרפון	Rabbi Tarfon	Hebrew	Jewish	Rabbinic	Mekhilta	Mekhilta DeRabbi Yishmael	Mekhilta DeRabbi Yishmael, Tractate Vayehi Beshalach 6:5	https://www.sefaria.org/Mekhilta_DeRabbi_Yishmael,_Tractate_Vayehi_Beshalach.6.5	14	sage	personal	attested	no open Hebrew text; found in the open English translation	Sefaria topics (CC BY-SA) + text: Mechilta, translated by Rabbi Shraga Silverstein (CC BY); Hebrew form from the topic page	0.85
Ezekiel	Q194064	Ezekiel, Prophet during Babylonian exile	boy	יחזקאל	Ezekiel	Hebrew	Jewish	Rabbinic	Mekhilta	Mekhilta DeRabbi Yishmael	Mekhilta DeRabbi Yishmael, Tractate Shirah 3:10	https://www.sefaria.org/Mekhilta_DeRabbi_Yishmael,_Tractate_Shirah.3.10	2	prophet	personal	attested	no open Hebrew text; the open English translation reads 'Ezekiel'	Sefaria topics (CC BY-SA) + text: Mechilta, translated by Rabbi Shraga Silverstein (CC BY); Hebrew form from the topic page	0.9
Shimon	slug:jewish:rabbi-shimon-b-elazar	Rabbi Shimon b. Elazar, tanna	boy	רבי שמעון בן אלעזר	Rabbi Shimon b. Elazar	Hebrew	Jewish	Rabbinic	Mekhilta	Mekhilta DeRabbi Yishmael	Mekhilta DeRabbi Yishmael, Tractate Shirah 3:20	https://www.sefaria.org/Mekhilta_DeRabbi_Yishmael,_Tractate_Shirah.3.20	7	sage	personal	attested	no open Hebrew text; found in the open English translation	Sefaria topics (CC BY-SA) + text: Mechilta, translated by Rabbi Shraga Silverstein (CC BY); Hebrew form from the topic page	0.85
Belshatzar	Q225198	Belshazzar, The last Emperor of Babylon	boy	בלשאצר	Belshatzar	Hebrew	Jewish	Rabbinic	Mekhilta	Mekhilta DeRabbi Yishmael	Mekhilta DeRabbi Yishmael, Tractate Shirah 6:9	https://www.sefaria.org/Mekhilta_DeRabbi_Yishmael,_Tractate_Shirah.6.9	1	royal	personal	attested	no open Hebrew text; the open English translation reads 'Belshazzar'	Sefaria topics (CC BY-SA) + text: Mechilta, translated by Rabbi Shraga Silverstein (CC BY); Hebrew form from the topic page	0.9
Edom	Q220822	Esau, Isaac's firstborn son	boy	אדום (עם)	Edom	Hebrew	Jewish	Rabbinic	Mekhilta	Mekhilta DeRabbi Yishmael	Mekhilta DeRabbi Yishmael, Tractate Shirah 9:15	https://www.sefaria.org/Mekhilta_DeRabbi_Yishmael,_Tractate_Shirah.9.15	1	human	personal	attested	no open Hebrew text; the open English translation reads 'Edom'	Sefaria topics (CC BY-SA) + text: Mechilta, translated by Rabbi Shraga Silverstein (CC BY); Hebrew form from the topic page	0.9
Miriam	Q1938388	Miriam, prophetess, sister of Moses and Aaron	girl	מרים	Miriam	Hebrew	Jewish	Rabbinic	Mekhilta	Mekhilta DeRabbi Yishmael	Mekhilta DeRabbi Yishmael, Tractate Shirah 10:17	https://www.sefaria.org/Mekhilta_DeRabbi_Yishmael,_Tractate_Shirah.10.17	1	prophet	personal	attested	no open Hebrew text; the open English translation reads 'Miriam'	Sefaria topics (CC BY-SA) + text: Mechilta, translated by Rabbi Shraga Silverstein (CC BY); Hebrew form from the topic page	0.9
Yehudah [b. Il'ai]	Q1391585	Rabbi Yehudah [b. Il'ai], rabbi	boy	רבי יהודה	Rabbi Yehudah [b. Il'ai]	Hebrew	Jewish	Rabbinic	Mekhilta	Mekhilta DeRabbi Yishmael	Mekhilta DeRabbi Yishmael, Tractate Vayassa 1:5	https://www.sefaria.org/Mekhilta_DeRabbi_Yishmael,_Tractate_Vayassa.1.5	38	sage	personal	attested	no open Hebrew text; found in the open English translation	Sefaria topics (CC BY-SA) + text: Mechilta, translated by Rabbi Shraga Silverstein (CC BY); Hebrew form from the topic page	0.85
Sheila	slug:jewish:rabbi-sheila	Rabbi Sheila		רבי שילא	Rabbi Sheila	Hebrew	Jewish	Rabbinic	Mekhilta	Mekhilta DeRabbi Yishmael	Mekhilta DeRabbi Yishmael, Tractate Vayassa 2:5	https://www.sefaria.org/Mekhilta_DeRabbi_Yishmael,_Tractate_Vayassa.2.5	2	sage	personal	attested	no open Hebrew text; found in the open English translation	Sefaria topics (CC BY-SA) + text: Mechilta, translated by Rabbi Shraga Silverstein (CC BY); Hebrew form from the topic page	0.85
Elijah	Q133507	Elijah, prophet	boy	אליהו	Elijah	Hebrew	Jewish	Rabbinic	Mekhilta	Mekhilta DeRabbi Yishmael	Mekhilta DeRabbi Yishmael, Tractate Vayassa 6:17	https://www.sefaria.org/Mekhilta_DeRabbi_Yishmael,_Tractate_Vayassa.6.17	1	prophet	personal	attested	no open Hebrew text; the open English translation reads 'Eliyahu'	Sefaria topics (CC BY-SA) + text: Mechilta, translated by Rabbi Shraga Silverstein (CC BY); Hebrew form from the topic page	0.9
Yose	Q982075	Rabbi Yose b. Chalafta, 2nd century Talmud rabbi and tanna	boy	רבי יוסי	Rabbi Yose b. Chalafta	Hebrew	Jewish	Rabbinic	Mekhilta	Mekhilta DeRabbi Yishmael	Mekhilta DeRabbi Yishmael, Tractate Amalek 1:4	https://www.sefaria.org/Mekhilta_DeRabbi_Yishmael,_Tractate_Amalek.1.4	2	sage	personal	attested	no open Hebrew text; found in the open English translation	Sefaria topics (CC BY-SA) + text: Mechilta, translated by Rabbi Shraga Silverstein (CC BY); Hebrew form from the topic page	0.85
Yoash (King of Judah)	Q313229	Joash, King of Judah	boy	יואש (מלך יהודה)	Yoash (King of Judah)	Hebrew	Jewish	Rabbinic	Mekhilta	Mekhilta DeRabbi Yishmael	Mekhilta DeRabbi Yishmael, Tractate Amalek 1:7	https://www.sefaria.org/Mekhilta_DeRabbi_Yishmael,_Tractate_Amalek.1.7	1	royal	personal	attested	no open Hebrew text; the open English translation reads 'Yoash'	Sefaria topics (CC BY-SA) + text: Mechilta, translated by Rabbi Shraga Silverstein (CC BY); Hebrew form from the topic page	0.9
Chur	Q492665	Hur, A companion of Moses and grandfather of Bezalel	boy	חור	Chur	Hebrew	Jewish	Rabbinic	Mekhilta	Mekhilta DeRabbi Yishmael	Mekhilta DeRabbi Yishmael, Tractate Amalek 1:31	https://www.sefaria.org/Mekhilta_DeRabbi_Yishmael,_Tractate_Amalek.1.31	1	human	personal	attested	no open Hebrew text; the open English translation reads 'Chur'	Sefaria topics (CC BY-SA) + text: Mechilta, translated by Rabbi Shraga Silverstein (CC BY); Hebrew form from the topic page	0.9
Moses	Q9077	Moses, prophet who led the Israelites out of Egypt	boy	משה	Moses	Hebrew	Jewish	Rabbinic	Mekhilta	Mekhilta DeRabbi Yishmael	Mekhilta DeRabbi Yishmael, Tractate Amalek 3:18	https://www.sefaria.org/Mekhilta_DeRabbi_Yishmael,_Tractate_Amalek.3.18	5	human	personal	attested	no open Hebrew text; the open English translation reads 'Moses'	Sefaria topics (CC BY-SA) + text: Mechilta, translated by Rabbi Shraga Silverstein (CC BY); Hebrew form from the topic page	0.9
Chanina	Q568935	Rabbi Chanina b. Dosa, Mishnah Rabbi	boy	רבי חנינא בן דוסא	Rabbi Chanina b. Dosa	Hebrew	Jewish	Rabbinic	Mekhilta	Mekhilta DeRabbi Yishmael	Mekhilta DeRabbi Yishmael, Tractate Amalek 4:16	https://www.sefaria.org/Mekhilta_DeRabbi_Yishmael,_Tractate_Amalek.4.16	3	sage	personal	attested	no open Hebrew text; found in the open English translation	Sefaria topics (CC BY-SA) + text: Mechilta, translated by Rabbi Shraga Silverstein (CC BY); Hebrew form from the topic page	0.85
Yochanan	Q733660	Rabban Yochanan ben Zakkai, 1st-century rabbi and an important Jewish sage	boy	רבן יוחנן בן זכאי	Rabban Yochanan ben Zakkai	Hebrew	Jewish	Rabbinic	Mekhilta	Mekhilta DeRabbi Yishmael	Mekhilta DeRabbi Yishmael, Tractate Amalek 4:28	https://www.sefaria.org/Mekhilta_DeRabbi_Yishmael,_Tractate_Amalek.4.28	5	sage	personal	attested	no open Hebrew text; found in the open English translation	Sefaria topics (CC BY-SA) + text: Mechilta, translated by Rabbi Shraga Silverstein (CC BY); Hebrew form from the topic page	0.85
Jonadab, the Son of Rechab	Q6176487	Jehonadab, Son of Rechab	boy	יהונדב בן רכב	Jonadab, the Son of Rechab	Hebrew	Jewish	Rabbinic	Mekhilta	Mekhilta DeRabbi Yishmael	Mekhilta DeRabbi Yishmael, Tractate Amalek 4:30	https://www.sefaria.org/Mekhilta_DeRabbi_Yishmael,_Tractate_Amalek.4.30	2	human	personal	attested	no open Hebrew text; the open English translation reads 'Yonadav'	Sefaria topics (CC BY-SA) + text: Mechilta, translated by Rabbi Shraga Silverstein (CC BY); Hebrew form from the topic page	0.9
Jehudah	slug:jewish:rebbi-jehudah-b-laqish	Rebbi Jehudah b. Laqish		רבי יהודה בן לקיש	Rebbi Jehudah b. Laqish	Hebrew	Jewish	Rabbinic	Mekhilta	Mekhilta DeRabbi Yishmael	Mekhilta DeRabbi Yishmael, Tractate Bachodesh 1:15	https://www.sefaria.org/Mekhilta_DeRabbi_Yishmael,_Tractate_Bachodesh.1.15	2	sage	personal	attested	no open Hebrew text; found in the open English translation	Sefaria topics (CC BY-SA) + text: Mechilta, translated by Rabbi Shraga Silverstein (CC BY); Hebrew form from the topic page	0.85
Hosea (the Prophet)	Q665541	Hosea, A prophet to the northern kingdom of Israel	boy	הושע (הנביא)	Hosea (the Prophet)	Hebrew	Jewish	Rabbinic	Mekhilta	Mekhilta DeRabbi Yishmael	Mekhilta DeRabbi Yishmael, Tractate Bachodesh 8:18	https://www.sefaria.org/Mekhilta_DeRabbi_Yishmael,_Tractate_Bachodesh.8.18	1	prophet	personal	attested	no open Hebrew text; the open English translation reads 'Hoshea'	Sefaria topics (CC BY-SA) + text: Mechilta, translated by Rabbi Shraga Silverstein (CC BY); Hebrew form from the topic page	0.9
Shimon	Q338378	Shimon b. Shetach, Jewish Pharisee scholar (c. 140–60 BCE)	boy	שמעון בן שטח	Shimon b. Shetach	Hebrew	Jewish	Rabbinic	Mekhilta	Mekhilta DeRabbi Yishmael	Mekhilta DeRabbi Yishmael, Tractate Kaspa 3:10	https://www.sefaria.org/Mekhilta_DeRabbi_Yishmael,_Tractate_Kaspa.3.10	1	sage	personal	attested	no open Hebrew text; the open English translation reads 'Shimon b. Shetach'	Sefaria topics (CC BY-SA) + text: Mechilta, translated by Rabbi Shraga Silverstein (CC BY); Hebrew form from the topic page	0.9
Shimon	slug:jewish:rabbi-shimon-b-menasya	Rabbi Shimon b. Menasya, tanna	boy	רבי שמעון בן מנסיא	Rabbi Shimon b. Menasya	Hebrew	Jewish	Rabbinic	Mekhilta	Mekhilta DeRabbi Yishmael	Mekhilta DeRabbi Yishmael, Tractate Shabbata 1:8	https://www.sefaria.org/Mekhilta_DeRabbi_Yishmael,_Tractate_Shabbata.1.8	3	sage	personal	attested	no open Hebrew text; found in the open English translation	Sefaria topics (CC BY-SA) + text: Mechilta, translated by Rabbi Shraga Silverstein (CC BY); Hebrew form from the topic page	0.85
Elazar	Q1325789	Rabbi Elazar b. Arakh, Jewish scholar	boy	רבי אלעזר בן ערך	Rabbi Elazar b. Arakh	Hebrew	Jewish	Rabbinic	Mekhilta	Mekhilta DeRabbi Shimon Ben Yochai	Mekhilta DeRabbi Shimon Ben Yochai 3:1	https://www.sefaria.org/Mekhilta_DeRabbi_Shimon_Ben_Yochai.3.1	4	sage	personal	attested		Sefaria topics (CC BY-SA) + text: Mechilta de-Rabbi Simon b. Jochai, Dr. D. Hoffman, Frankfurt 1905 (Public Domain)	0.85
Yose haGelili	Q982173	Rabbi Yose haGelili, Jewish sage 1st and 2nd centuries CE	boy	ר יוסי הגלילי	Rabbi Yose haGelili	Hebrew	Jewish	Rabbinic	Mekhilta	Mekhilta DeRabbi Shimon Ben Yochai	Mekhilta DeRabbi Shimon Ben Yochai 6:1	https://www.sefaria.org/Mekhilta_DeRabbi_Shimon_Ben_Yochai.6.1	24	sage	personal	attested		Sefaria topics (CC BY-SA) + text: Mechilta de-Rabbi Simon b. Jochai, Dr. D. Hoffman, Frankfurt 1905 (Public Domain)	0.85
Yehoshua	slug:jewish:rabbi-yehoshua-b-korha	Rabbi Yehoshua b. Korha, tanna	boy	רבי יהושע בן קרחה	Rabbi Yehoshua b. Korha	Hebrew	Jewish	Rabbinic	Mekhilta	Mekhilta DeRabbi Shimon Ben Yochai	Mekhilta DeRabbi Shimon Ben Yochai 6:1	https://www.sefaria.org/Mekhilta_DeRabbi_Shimon_Ben_Yochai.6.1	7	sage	personal	attested		Sefaria topics (CC BY-SA) + text: Mechilta de-Rabbi Simon b. Jochai, Dr. D. Hoffman, Frankfurt 1905 (Public Domain)	0.85
[Yochanan] Ben Bag Bag	slug:jewish:yochanan-ben-bag-bag	[Yochanan] Ben Bag Bag, tanna	boy	יוחנן בן בג בג	[Yochanan] Ben Bag Bag	Hebrew	Jewish	Rabbinic	Mekhilta	Mekhilta DeRabbi Shimon Ben Yochai	Mekhilta DeRabbi Shimon Ben Yochai 12:4	https://www.sefaria.org/Mekhilta_DeRabbi_Shimon_Ben_Yochai.12.4	1	sage	personal	attested		Sefaria topics (CC BY-SA) + text: Mechilta de-Rabbi Simon b. Jochai, Dr. D. Hoffman, Frankfurt 1905 (Public Domain)	0.85
Hananyah	Q2070205	Rabbi Hananyah b. Hakhinai, 2nd century rabbi and tanna	boy	רבי חנניה בן חכינאי	Rabbi Hananyah b. Hakhinai	Hebrew	Jewish	Rabbinic	Mekhilta	Mekhilta DeRabbi Shimon Ben Yochai	Mekhilta DeRabbi Shimon Ben Yochai 12:6	https://www.sefaria.org/Mekhilta_DeRabbi_Shimon_Ben_Yochai.12.6	1	sage	personal	attested		Sefaria topics (CC BY-SA) + text: Mechilta de-Rabbi Simon b. Jochai, Dr. D. Hoffman, Frankfurt 1905 (Public Domain)	0.85
Hillel	Q319219	Hillel, Jewish religious leader of the 1st century	boy	הִלֵּל	Hillel	Hebrew	Jewish	Rabbinic	Mekhilta	Mekhilta DeRabbi Shimon Ben Yochai	Mekhilta DeRabbi Shimon Ben Yochai 12:8	https://www.sefaria.org/Mekhilta_DeRabbi_Shimon_Ben_Yochai.12.8	2	sage	personal	attested		Sefaria topics (CC BY-SA) + text: Mechilta de-Rabbi Simon b. Jochai, Dr. D. Hoffman, Frankfurt 1905 (Public Domain)	0.85
Yoshiah	slug:jewish:rabbi-yoshiah	Rabbi Yoshiah, tanna	boy	רבי יאשיה	Rabbi Yoshiah	Hebrew	Jewish	Rabbinic	Mekhilta	Mekhilta DeRabbi Shimon Ben Yochai	Mekhilta DeRabbi Shimon Ben Yochai 12:9	https://www.sefaria.org/Mekhilta_DeRabbi_Shimon_Ben_Yochai.12.9	4	sage	personal	attested		Sefaria topics (CC BY-SA) + text: Mechilta de-Rabbi Simon b. Jochai, Dr. D. Hoffman, Frankfurt 1905 (Public Domain)	0.85
Ya'akov	slug:jewish:rabbi-yaakov-b-qorshai	Rabbi Ya'akov b. Qorshai, tanna	boy	ר יעקב בן קרשי	Rabbi Ya'akov b. Qorshai	Hebrew	Jewish	Rabbinic	Mekhilta	Mekhilta DeRabbi Shimon Ben Yochai	Mekhilta DeRabbi Shimon Ben Yochai 12:10	https://www.sefaria.org/Mekhilta_DeRabbi_Shimon_Ben_Yochai.12.10	2	sage	personal	attested		Sefaria topics (CC BY-SA) + text: Mechilta de-Rabbi Simon b. Jochai, Dr. D. Hoffman, Frankfurt 1905 (Public Domain)	0.85
Shimon haTimni	slug:jewish:shimon-hatimni	Shimon haTimni, tanna	boy	שמעון התימני	Shimon haTimni	Hebrew	Jewish	Rabbinic	Mekhilta	Mekhilta DeRabbi Shimon Ben Yochai	Mekhilta DeRabbi Shimon Ben Yochai 12:16	https://www.sefaria.org/Mekhilta_DeRabbi_Shimon_Ben_Yochai.12.16	3	sage	personal	attested		Sefaria topics (CC BY-SA) + text: Mechilta de-Rabbi Simon b. Jochai, Dr. D. Hoffman, Frankfurt 1905 (Public Domain)	0.85
Abba Shaul	slug:jewish:abba-shaul	Abba Shaul	boy	אבא שאול	Abba Shaul	Hebrew	Jewish	Rabbinic	Mekhilta	Mekhilta DeRabbi Shimon Ben Yochai	Mekhilta DeRabbi Shimon Ben Yochai 12:16	https://www.sefaria.org/Mekhilta_DeRabbi_Shimon_Ben_Yochai.12.16	3	sage	personal	attested		Sefaria topics (CC BY-SA) + text: Mechilta de-Rabbi Simon b. Jochai, Dr. D. Hoffman, Frankfurt 1905 (Public Domain)	0.85
Eliezer	Q921589	Rabbi Eliezer b. R, Yose haGelili, 1st-century CE rabbi	boy	רבי אליעזר בנו של ר יוסי הגלילי	Rabbi Eliezer b. R, Yose haGelili	Hebrew	Jewish	Rabbinic	Mekhilta	Mekhilta DeRabbi Shimon Ben Yochai	Mekhilta DeRabbi Shimon Ben Yochai 12:29	https://www.sefaria.org/Mekhilta_DeRabbi_Shimon_Ben_Yochai.12.29	5	sage	personal	attested		Sefaria topics (CC BY-SA) + text: Mechilta de-Rabbi Simon b. Jochai, Dr. D. Hoffman, Frankfurt 1905 (Public Domain)	0.85
Egypt	Q1369215	Egypt, Descendant of Ham	boy	מצרים	Egypt	Hebrew	Jewish	Rabbinic	Mekhilta	Mekhilta DeRabbi Shimon Ben Yochai	Mekhilta DeRabbi Shimon Ben Yochai 13:14	https://www.sefaria.org/Mekhilta_DeRabbi_Shimon_Ben_Yochai.13.14	2	human	personal	attested		Sefaria topics (CC BY-SA) + text: Mechilta de-Rabbi Simon b. Jochai, Dr. D. Hoffman, Frankfurt 1905 (Public Domain)	0.9
Pharaoh	Q659203	Pharaoh, king of Egypt in the Exodus story	boy	פרעה	Pharaoh	Hebrew	Jewish	Rabbinic	Mekhilta	Mekhilta DeRabbi Shimon Ben Yochai	Mekhilta DeRabbi Shimon Ben Yochai 13:14	https://www.sefaria.org/Mekhilta_DeRabbi_Shimon_Ben_Yochai.13.14	2	royal	personal	attested		Sefaria topics (CC BY-SA) + text: Mechilta de-Rabbi Simon b. Jochai, Dr. D. Hoffman, Frankfurt 1905 (Public Domain)	0.9
Serah the Daughter of Asher	Q2899037	Serah, Daughter of Asher	girl	סרח בת אשר	Serah the Daughter of Asher	Hebrew	Jewish	Rabbinic	Mekhilta	Mekhilta DeRabbi Shimon Ben Yochai	Mekhilta DeRabbi Shimon Ben Yochai 13:18	https://www.sefaria.org/Mekhilta_DeRabbi_Shimon_Ben_Yochai.13.18	1	human	personal	attested		Sefaria topics (CC BY-SA) + text: Mechilta de-Rabbi Simon b. Jochai, Dr. D. Hoffman, Frankfurt 1905 (Public Domain)	0.85
Yirmeyah	slug:jewish:rabbi-yirmeyah	Rabbi Yirmeyah	boy	רבי ירמיה	Rabbi Yirmeyah	Hebrew	Jewish	Rabbinic	Mekhilta	Mekhilta DeRabbi Shimon Ben Yochai	Mekhilta DeRabbi Shimon Ben Yochai 14:7	https://www.sefaria.org/Mekhilta_DeRabbi_Shimon_Ben_Yochai.14.7	1	sage	personal	attested		Sefaria topics (CC BY-SA) + text: Mechilta de-Rabbi Simon b. Jochai, Dr. D. Hoffman, Frankfurt 1905 (Public Domain)	0.85
Elazar haModa'i	slug:jewish:rabbi-elazar-hamodai	Rabbi Elazar haModa'i, tanna	boy	רבי אלעזר המודעי	Rabbi Elazar haModa'i	Hebrew	Jewish	Rabbinic	Mekhilta	Mekhilta DeRabbi Shimon Ben Yochai	Mekhilta DeRabbi Shimon Ben Yochai 14:14	https://www.sefaria.org/Mekhilta_DeRabbi_Shimon_Ben_Yochai.14.14	36	sage	personal	attested		Sefaria topics (CC BY-SA) + text: Mechilta de-Rabbi Simon b. Jochai, Dr. D. Hoffman, Frankfurt 1905 (Public Domain)	0.85
Aha	slug:jewish:rav-aha	Rav Aha, amora	boy	רב אחא	Rav Aha	Hebrew	Jewish	Rabbinic	Mekhilta	Mekhilta DeRabbi Shimon Ben Yochai	Mekhilta DeRabbi Shimon Ben Yochai 14:14	https://www.sefaria.org/Mekhilta_DeRabbi_Shimon_Ben_Yochai.14.14	2	sage	personal	attested		Sefaria topics (CC BY-SA) + text: Mechilta de-Rabbi Simon b. Jochai, Dr. D. Hoffman, Frankfurt 1905 (Public Domain)	0.85
Nachshon Ben Aminadav	Q1784980	Nahshon, Son of Amminadab	boy	נחשון בן עמינדב	Nachshon Ben Aminadav	Hebrew	Jewish	Rabbinic	Mekhilta	Mekhilta DeRabbi Shimon Ben Yochai	Mekhilta DeRabbi Shimon Ben Yochai 14:20	https://www.sefaria.org/Mekhilta_DeRabbi_Shimon_Ben_Yochai.14.20	2	human	personal	attested		Sefaria topics (CC BY-SA) + text: Mechilta de-Rabbi Simon b. Jochai, Dr. D. Hoffman, Frankfurt 1905 (Public Domain)	0.85
Yose	slug:jewish:rabbi-yose-b-dormasqit	Rabbi Yose b. Dormasqit, tanna	boy	ר יוסי בן דורמסקית	Rabbi Yose b. Dormasqit	Hebrew	Jewish	Rabbinic	Mekhilta	Mekhilta DeRabbi Shimon Ben Yochai	Mekhilta DeRabbi Shimon Ben Yochai 15:2	https://www.sefaria.org/Mekhilta_DeRabbi_Shimon_Ben_Yochai.15.2	1	sage	personal	attested		Sefaria topics (CC BY-SA) + text: Mechilta de-Rabbi Simon b. Jochai, Dr. D. Hoffman, Frankfurt 1905 (Public Domain)	0.85
Amalek	Q16010675	Amalek, Grandson of Esau	boy	עמלק	Amalek	Hebrew	Jewish	Rabbinic	Mekhilta	Mekhilta DeRabbi Shimon Ben Yochai	Mekhilta DeRabbi Shimon Ben Yochai 15:16	https://www.sefaria.org/Mekhilta_DeRabbi_Shimon_Ben_Yochai.15.16	1	human	personal	attested		Sefaria topics (CC BY-SA) + text: Mechilta de-Rabbi Simon b. Jochai, Dr. D. Hoffman, Frankfurt 1905 (Public Domain)	0.9
Il'ai	slug:jewish:rabbi-ilai-(i)	Rabbi Il'ai (I), tanna	boy	רבי עילאי (1)	Rabbi Il'ai (I)	Hebrew	Jewish	Rabbinic	Mekhilta	Mekhilta DeRabbi Shimon Ben Yochai	Mekhilta DeRabbi Shimon Ben Yochai 15:22	https://www.sefaria.org/Mekhilta_DeRabbi_Shimon_Ben_Yochai.15.22	1	sage	personal	attested		Sefaria topics (CC BY-SA) + text: Mechilta de-Rabbi Simon b. Jochai, Dr. D. Hoffman, Frankfurt 1905 (Public Domain)	0.85
Abba	slug:jewish:rabbi-abba	Rabbi Abba, amora	boy	רבי אבא	Rabbi Abba	Hebrew	Jewish	Rabbinic	Mekhilta	Mekhilta DeRabbi Shimon Ben Yochai	Mekhilta DeRabbi Shimon Ben Yochai 15:22	https://www.sefaria.org/Mekhilta_DeRabbi_Shimon_Ben_Yochai.15.22	1	sage	personal	attested		Sefaria topics (CC BY-SA) + text: Mechilta de-Rabbi Simon b. Jochai, Dr. D. Hoffman, Frankfurt 1905 (Public Domain)	0.85
Yohanan	slug:jewish:rabbi-yohanan-b-berokah	Rabbi Yohanan b. Berokah, tanna	boy	רבי יוחנן בן ברוקה	Rabbi Yohanan b. Berokah	Hebrew	Jewish	Rabbinic	Mekhilta	Mekhilta DeRabbi Shimon Ben Yochai	Mekhilta DeRabbi Shimon Ben Yochai 15:25	https://www.sefaria.org/Mekhilta_DeRabbi_Shimon_Ben_Yochai.15.25	2	sage	personal	attested		Sefaria topics (CC BY-SA) + text: Mechilta de-Rabbi Simon b. Jochai, Dr. D. Hoffman, Frankfurt 1905 (Public Domain)	0.85
Elazar Hisma	slug:jewish:rabbi-elazar-hisma	Rabbi Elazar Hisma, tanna	boy	ר אלעזר חסמא	Rabbi Elazar Hisma	Hebrew	Jewish	Rabbinic	Mekhilta	Mekhilta DeRabbi Shimon Ben Yochai	Mekhilta DeRabbi Shimon Ben Yochai 16:24	https://www.sefaria.org/Mekhilta_DeRabbi_Shimon_Ben_Yochai.16.24	2	sage	personal	attested		Sefaria topics (CC BY-SA) + text: Mechilta de-Rabbi Simon b. Jochai, Dr. D. Hoffman, Frankfurt 1905 (Public Domain)	0.85
Joshua	Q7734	Joshua, Moses' assistant who led Israel into Canaan	boy	יהושע	Joshua	Hebrew	Jewish	Rabbinic	Mekhilta	Mekhilta DeRabbi Shimon Ben Yochai	Mekhilta DeRabbi Shimon Ben Yochai 17:14	https://www.sefaria.org/Mekhilta_DeRabbi_Shimon_Ben_Yochai.17.14	1	human	personal	attested		Sefaria topics (CC BY-SA) + text: Mechilta de-Rabbi Simon b. Jochai, Dr. D. Hoffman, Frankfurt 1905 (Public Domain)	0.9
Yehonatan ben Gershom	Q6272377	Jonathan, A Levite who served as a priest for Dan	boy	יהונתן בן גרשם	Yehonatan ben Gershom	Hebrew	Jewish	Rabbinic	Mekhilta	Mekhilta DeRabbi Shimon Ben Yochai	Mekhilta DeRabbi Shimon Ben Yochai 18:1	https://www.sefaria.org/Mekhilta_DeRabbi_Shimon_Ben_Yochai.18.1	1	human	personal	attested		Sefaria topics (CC BY-SA) + text: Mechilta de-Rabbi Simon b. Jochai, Dr. D. Hoffman, Frankfurt 1905 (Public Domain)	0.85
Pappeyas	slug:jewish:rabbi-pappeyas	Rabbi Pappeyas, tanna	boy	ר פפייס	Rabbi Pappeyas	Hebrew	Jewish	Rabbinic	Mekhilta	Mekhilta DeRabbi Shimon Ben Yochai	Mekhilta DeRabbi Shimon Ben Yochai 18:10	https://www.sefaria.org/Mekhilta_DeRabbi_Shimon_Ben_Yochai.18.10	1	sage	personal	attested		Sefaria topics (CC BY-SA) + text: Mechilta de-Rabbi Simon b. Jochai, Dr. D. Hoffman, Frankfurt 1905 (Public Domain)	0.85
Simai	slug:jewish:rebbi-simai	Rebbi Simai		רבי סימאי	Rebbi Simai	Hebrew	Jewish	Rabbinic	Mekhilta	Mekhilta DeRabbi Shimon Ben Yochai	Mekhilta DeRabbi Shimon Ben Yochai 18:22	https://www.sefaria.org/Mekhilta_DeRabbi_Shimon_Ben_Yochai.18.22	1	sage	personal	attested		Sefaria topics (CC BY-SA) + text: Mechilta de-Rabbi Simon b. Jochai, Dr. D. Hoffman, Frankfurt 1905 (Public Domain)	0.85
Abahu	Q305830	Rabbi Abahu, member of the third generation of Amoraim	boy	רַ' אַבָּהוּ	Rabbi Abahu	Hebrew	Jewish	Rabbinic	Mekhilta	Mekhilta DeRabbi Shimon Ben Yochai	Mekhilta DeRabbi Shimon Ben Yochai 18:26	https://www.sefaria.org/Mekhilta_DeRabbi_Shimon_Ben_Yochai.18.26	1	sage	personal	attested		Sefaria topics (CC BY-SA) + text: Mechilta de-Rabbi Simon b. Jochai, Dr. D. Hoffman, Frankfurt 1905 (Public Domain)	0.85
Rabi	Q380427	Rabi, 2nd century rabbi and editor of the Mishnah	boy	רבי	Rabi	Hebrew	Jewish	Rabbinic	Mekhilta	Mekhilta DeRabbi Shimon Ben Yochai	Mekhilta DeRabbi Shimon Ben Yochai 18:26	https://www.sefaria.org/Mekhilta_DeRabbi_Shimon_Ben_Yochai.18.26	2	sage	personal	attested		Sefaria topics (CC BY-SA) + text: Mechilta de-Rabbi Simon b. Jochai, Dr. D. Hoffman, Frankfurt 1905 (Public Domain)	0.85
Hananiah	slug:jewish:rabbi-hananiah-b-gamaliel	Rabbi Hananiah b. Gamaliel		רבי חנניה בן גמליאל	Rabbi Hananiah b. Gamaliel	Hebrew	Jewish	Rabbinic	Mekhilta	Mekhilta DeRabbi Shimon Ben Yochai	Mekhilta DeRabbi Shimon Ben Yochai 18:26	https://www.sefaria.org/Mekhilta_DeRabbi_Shimon_Ben_Yochai.18.26	1	sage	personal	attested		Sefaria topics (CC BY-SA) + text: Mechilta de-Rabbi Simon b. Jochai, Dr. D. Hoffman, Frankfurt 1905 (Public Domain)	0.85
Abba Halafta	Q2897331	Abba Halafta, Mishnah rabbi	boy	אבא חלפתא	Abba Halafta	Hebrew	Jewish	Rabbinic	Mekhilta	Mekhilta DeRabbi Shimon Ben Yochai	Mekhilta DeRabbi Shimon Ben Yochai 19:14	https://www.sefaria.org/Mekhilta_DeRabbi_Shimon_Ben_Yochai.19.14	2	sage	personal	attested		Sefaria topics (CC BY-SA) + text: Mechilta de-Rabbi Simon b. Jochai, Dr. D. Hoffman, Frankfurt 1905 (Public Domain)	0.85
Balaam	Q574641	Balaam, A prophet hired to curse Israel but blessed them instead	boy	בלעם	Balaam	Hebrew	Jewish	Rabbinic	Mekhilta	Mekhilta DeRabbi Shimon Ben Yochai	Mekhilta DeRabbi Shimon Ben Yochai 19:16	https://www.sefaria.org/Mekhilta_DeRabbi_Shimon_Ben_Yochai.19.16	1	prophet	personal	attested		Sefaria topics (CC BY-SA) + text: Mechilta de-Rabbi Simon b. Jochai, Dr. D. Hoffman, Frankfurt 1905 (Public Domain)	0.85
Yehu	Q313225	Jehu, Son of Jehoshaphat	boy	יהוא	Yehu	Hebrew	Jewish	Rabbinic	Mekhilta	Mekhilta DeRabbi Shimon Ben Yochai	Mekhilta DeRabbi Shimon Ben Yochai 20:5	https://www.sefaria.org/Mekhilta_DeRabbi_Shimon_Ben_Yochai.20.5	1	royal	personal	attested		Sefaria topics (CC BY-SA) + text: Mechilta de-Rabbi Simon b. Jochai, Dr. D. Hoffman, Frankfurt 1905 (Public Domain)	0.85
Shammai	Q467138	Shammai, Jewish scholar and an important figure in Judaism's core work of rabbinic literature, the Mishnah (50 BCE-30 CE)	boy	שמאי	Shammai	Hebrew	Jewish	Rabbinic	Mekhilta	Mekhilta DeRabbi Shimon Ben Yochai	Mekhilta DeRabbi Shimon Ben Yochai 20:8	https://www.sefaria.org/Mekhilta_DeRabbi_Shimon_Ben_Yochai.20.8	1	sage	personal	attested		Sefaria topics (CC BY-SA) + text: Mechilta de-Rabbi Simon b. Jochai, Dr. D. Hoffman, Frankfurt 1905 (Public Domain)	0.85
Hananyah	Q982179	Rabbi Hananyah b. Teradyon, 2nd century Jewish rabbi and teacher	boy	רבי חנינה בן תרדיון	Rabbi Hananyah b. Teradyon	Hebrew	Jewish	Rabbinic	Mekhilta	Mekhilta DeRabbi Shimon Ben Yochai	Mekhilta DeRabbi Shimon Ben Yochai 20:21	https://www.sefaria.org/Mekhilta_DeRabbi_Shimon_Ben_Yochai.20.21	1	sage	personal	attested		Sefaria topics (CC BY-SA) + text: Mechilta de-Rabbi Simon b. Jochai, Dr. D. Hoffman, Frankfurt 1905 (Public Domain)	0.85
Halafta	slug:jewish:rabbi-halafta-of-kefar-hanania	Rabbi Halafta of Kefar Hanania, tanna	boy	רבי חלפתא איש כפר חנניה	Rabbi Halafta of Kefar Hanania	Hebrew	Jewish	Rabbinic	Mekhilta	Mekhilta DeRabbi Shimon Ben Yochai	Mekhilta DeRabbi Shimon Ben Yochai 20:21	https://www.sefaria.org/Mekhilta_DeRabbi_Shimon_Ben_Yochai.20.21	1	sage	personal	attested		Sefaria topics (CC BY-SA) + text: Mechilta de-Rabbi Simon b. Jochai, Dr. D. Hoffman, Frankfurt 1905 (Public Domain)	0.85
Yudan	slug:jewish:rabbi-yudan	Rabbi Yudan		רבי יודן	Rabbi Yudan	Hebrew	Jewish	Rabbinic	Mekhilta	Mekhilta DeRabbi Shimon Ben Yochai	Mekhilta DeRabbi Shimon Ben Yochai 21:6	https://www.sefaria.org/Mekhilta_DeRabbi_Shimon_Ben_Yochai.21.6	2	sage	personal	attested		Sefaria topics (CC BY-SA) + text: Mechilta de-Rabbi Simon b. Jochai, Dr. D. Hoffman, Frankfurt 1905 (Public Domain)	0.85
Issi	slug:jewish:issi-b-yehudah	Issi b. Yehudah, tanna	boy	איסי בר יהודה	Issi b. Yehudah	Hebrew	Jewish	Rabbinic	Mekhilta	Mekhilta DeRabbi Shimon Ben Yochai	Mekhilta DeRabbi Shimon Ben Yochai 22:9	https://www.sefaria.org/Mekhilta_DeRabbi_Shimon_Ben_Yochai.22.9	2	sage	personal	attested		Sefaria topics (CC BY-SA) + text: Mechilta de-Rabbi Simon b. Jochai, Dr. D. Hoffman, Frankfurt 1905 (Public Domain)	0.85
Jeroboam (Son of Nebat)	Q313219	Jeroboam, First king of the northern kingdom of Israel	boy	ירבעם בן נבט	Jeroboam (Son of Nebat)	Hebrew	Jewish	Rabbinic	Mekhilta	Mekhilta DeRabbi Shimon Ben Yochai	Mekhilta DeRabbi Shimon Ben Yochai 22:27	https://www.sefaria.org/Mekhilta_DeRabbi_Shimon_Ben_Yochai.22.27	1	royal	personal	attested		Sefaria topics (CC BY-SA) + text: Mechilta de-Rabbi Simon b. Jochai, Dr. D. Hoffman, Frankfurt 1905 (Public Domain)	0.85
Levi	Q1242706	Rabbi Levi, 3rd century Jewish scholar	boy	רבי לוי	Rabbi Levi	Hebrew	Jewish	Rabbinic	Mekhilta	Mekhilta DeRabbi Shimon Ben Yochai	Mekhilta DeRabbi Shimon Ben Yochai 23:9	https://www.sefaria.org/Mekhilta_DeRabbi_Shimon_Ben_Yochai.23.9	1	sage	personal	attested		Sefaria topics (CC BY-SA) + text: Mechilta de-Rabbi Simon b. Jochai, Dr. D. Hoffman, Frankfurt 1905 (Public Domain)	0.85
Yehudah	Q2902564	Rabbi Yehudah b. Betera (I), Mishnah rabbi	boy	רבי יהודה בן בתירא	Rabbi Yehudah b. Betera (I)	Hebrew	Jewish	Rabbinic	Mekhilta	Mekhilta DeRabbi Shimon Ben Yochai	Mekhilta DeRabbi Shimon Ben Yochai 31:3	https://www.sefaria.org/Mekhilta_DeRabbi_Shimon_Ben_Yochai.31.3	1	sage	personal	attested		Sefaria topics (CC BY-SA) + text: Mechilta de-Rabbi Simon b. Jochai, Dr. D. Hoffman, Frankfurt 1905 (Public Domain)	0.85
Elazar	slug:jewish:rabbi-elazar-b-parta	Rabbi Elazar b. Parta, tanna	boy	ר אלעזר בן פרטא	Rabbi Elazar b. Parta	Hebrew	Jewish	Rabbinic	Mekhilta	Mekhilta DeRabbi Shimon Ben Yochai	Mekhilta DeRabbi Shimon Ben Yochai 31:5	https://www.sefaria.org/Mekhilta_DeRabbi_Shimon_Ben_Yochai.31.5	1	sage	personal	attested		Sefaria topics (CC BY-SA) + text: Mechilta de-Rabbi Simon b. Jochai, Dr. D. Hoffman, Frankfurt 1905 (Public Domain)	0.85
Aaron	Q51676	Aaron, brother of Moses	boy	אהרון	Aaron	Hebrew	Jewish	Rabbinic	Sifra	Sifra	Sifra, Vayikra Dibbura DeNedavah, Chapter 2 1	https://www.sefaria.org/Sifra,_Vayikra_Dibbura_DeNedavah,_Chapter_2.1	24	human	personal	attested	no open Hebrew text; the open English translation reads 'Aaron'	Sefaria topics (CC BY-SA) + text: Sifra by Rabbi Shraga Silverstein (CC BY); Hebrew form from the topic page	0.9
Akiva	Q310821	Rabbi Akiva, Jewish scholar and sage (c. 50 – c.135)	boy	רבי עקיבא	Rabbi Akiva	Hebrew	Jewish	Rabbinic	Sifra	Sifra	Sifra, Vayikra Dibbura DeNedavah, Chapter 2 12	https://www.sefaria.org/Sifra,_Vayikra_Dibbura_DeNedavah,_Chapter_2.12	120	sage	personal	attested	no open Hebrew text; the open English translation reads 'Akiva'	Sefaria topics (CC BY-SA) + text: Sifra by Rabbi Shraga Silverstein (CC BY); Hebrew form from the topic page	0.9
Elazar	Q159443	Eleazar, Son of Aaron	boy	אלעזר	Elazar	Hebrew	Jewish	Rabbinic	Sifra	Sifra	Sifra, Tzav, Mekhilta DeMiluim I 6	https://www.sefaria.org/Sifra,_Tzav,_Mekhilta_DeMiluim_I.6	1	human	personal	attested	no open Hebrew text; the open English translation reads 'Elazar'	Sefaria topics (CC BY-SA) + text: Sifra by Rabbi Shraga Silverstein (CC BY); Hebrew form from the topic page	0.9
Egypt	Q1369215	Egypt, Descendant of Ham	boy	מצרים	Egypt	Hebrew	Jewish	Rabbinic	Sifra	Sifra	Sifra, Acharei Mot, Section 8 3	https://www.sefaria.org/Sifra,_Acharei_Mot,_Section_8.3	1	human	personal	attested	no open Hebrew text; the open English translation reads 'Egypt'	Sefaria topics (CC BY-SA) + text: Sifra by Rabbi Shraga Silverstein (CC BY); Hebrew form from the topic page	0.9
[Yochanan] Ben Bag Bag	slug:jewish:yochanan-ben-bag-bag	[Yochanan] Ben Bag Bag, tanna	boy	יוחנן בן בג בג	[Yochanan] Ben Bag Bag	Hebrew	Jewish	Rabbinic	Sifra	Sifra	Sifra, Kedoshim, Section 2 2	https://www.sefaria.org/Sifra,_Kedoshim,_Section_2.2	1	sage	personal	attested	no open Hebrew text; the open English translation reads 'Ben Bag Bag'	Sefaria topics (CC BY-SA) + text: Sifra by Rabbi Shraga Silverstein (CC BY); Hebrew form from the topic page	0.9
Ham	Q229702	Ham, One of Noah's three sons	boy	חם	Ham	Hebrew	Jewish	Rabbinic	Sifra	Sifra	Sifra, Kedoshim, Chapter 9 7	https://www.sefaria.org/Sifra,_Kedoshim,_Chapter_9.7	1	human	personal	attested	no open Hebrew text; the open English translation reads 'Cham'	Sefaria topics (CC BY-SA) + text: Sifra by Rabbi Shraga Silverstein (CC BY); Hebrew form from the topic page	0.9
Amalek	Q16010675	Amalek, Grandson of Esau	boy	עמלק	Amalek	Hebrew	Jewish	Rabbinic	Sifra	Sifra	Sifra, Bechukotai, Section 1 3	https://www.sefaria.org/Sifra,_Bechukotai,_Section_1.3	1	human	personal	attested	no open Hebrew text; the open English translation reads 'Amalek'	Sefaria topics (CC BY-SA) + text: Sifra by Rabbi Shraga Silverstein (CC BY); Hebrew form from the topic page	0.9
Moses	Q9077	Moses, prophet who led the Israelites out of Egypt	boy	משה	Moses	Hebrew	Jewish	Rabbinic	Sifra	Sifra	Sifra, Bechukotai, Chapter 13 8	https://www.sefaria.org/Sifra,_Bechukotai,_Chapter_13.8	1	human	personal	attested	no open Hebrew text; the open English translation reads 'Moses'	Sefaria topics (CC BY-SA) + text: Sifra by Rabbi Shraga Silverstein (CC BY); Hebrew form from the topic page	0.9
Yishmael	Q1391069	Rabbi Yishmael b. Elisha, 2nd century Mishnah rabbi	boy	רבי ישמעאל	Rabbi Yishmael b. Elisha	Hebrew	Jewish	Rabbinic	Sifrei	Sifrei Bamidbar	Sifrei Bamidbar 1:2	https://www.sefaria.org/Sifrei_Bamidbar.1.2	65	sage	personal	attested		Sefaria topics (CC BY-SA) + text: Wikisource (CC BY-SA)	0.85
Yehudah [b. Il'ai]	Q1391585	Rabbi Yehudah [b. Il'ai], rabbi	boy	רבי יהודה	Rabbi Yehudah [b. Il'ai]	Hebrew	Jewish	Rabbinic	Sifrei	Sifrei Bamidbar	Sifrei Bamidbar 1:2	https://www.sefaria.org/Sifrei_Bamidbar.1.2	126	sage	personal	attested		Sefaria topics (CC BY-SA) + text: Wikisource (CC BY-SA)	0.85
Yehudah	Q2902564	Rabbi Yehudah b. Betera (I), Mishnah rabbi	boy	רבי יהודה בן בתירא	Rabbi Yehudah b. Betera (I)	Hebrew	Jewish	Rabbinic	Sifrei	Sifrei Bamidbar	Sifrei Bamidbar 1:2	https://www.sefaria.org/Sifrei_Bamidbar.1.2	10	sage	personal	attested		Sefaria topics (CC BY-SA) + text: Wikisource (CC BY-SA)	0.85
Shimon	Q557405	Rabbi Shimon bar Yochai, Jewish rabbi author of the Zohar	boy	רבי שמעון בר יוחאי	Rabbi Shimon bar Yochai	Hebrew	Jewish	Rabbinic	Sifrei	Sifrei Bamidbar	Sifrei Bamidbar 1:2	https://www.sefaria.org/Sifrei_Bamidbar.1.2	108	sage	personal	attested		Sefaria topics (CC BY-SA) + text: Wikisource (CC BY-SA)	0.85
Yoshiah	slug:jewish:rabbi-yoshiah	Rabbi Yoshiah, tanna	boy	רבי יאשיה	Rabbi Yoshiah	Hebrew	Jewish	Rabbinic	Sifrei	Sifrei Bamidbar	Sifrei Bamidbar 1:5	https://www.sefaria.org/Sifrei_Bamidbar.1.5	46	sage	personal	attested		Sefaria topics (CC BY-SA) + text: Wikisource (CC BY-SA)	0.85
Yonatan	Q449288	Rabbi Yonatan, tanna	boy	רבי יונתן	Rabbi Yonatan	Hebrew	Jewish	Rabbinic	Sifrei	Sifrei Bamidbar	Sifrei Bamidbar 1:5	https://www.sefaria.org/Sifrei_Bamidbar.1.5	33	sage	personal	attested		Sefaria topics (CC BY-SA) + text: Wikisource (CC BY-SA)	0.85
Akiva	Q310821	Rabbi Akiva, Jewish scholar and sage (c. 50 – c.135)	boy	רבי עקיבא	Rabbi Akiva	Hebrew	Jewish	Rabbinic	Sifrei	Sifrei Bamidbar	Sifrei Bamidbar 1:5	https://www.sefaria.org/Sifrei_Bamidbar.1.5	77	sage	personal	attested		Sefaria topics (CC BY-SA) + text: Wikisource (CC BY-SA)	0.9
Yose haGelili	Q982173	Rabbi Yose haGelili, Jewish sage 1st and 2nd centuries CE	boy	ר יוסי הגלילי	Rabbi Yose haGelili	Hebrew	Jewish	Rabbinic	Sifrei	Sifrei Bamidbar	Sifrei Bamidbar 1:5	https://www.sefaria.org/Sifrei_Bamidbar.1.5	38	sage	personal	attested		Sefaria topics (CC BY-SA) + text: Wikisource (CC BY-SA)	0.9
Natan [haBavli]	slug:jewish:rabbi-natan-habavli	Rabbi Natan [haBavli], tanna	boy	רבי נתן	Rabbi Natan [haBavli]	Hebrew	Jewish	Rabbinic	Sifrei	Sifrei Bamidbar	Sifrei Bamidbar 2:1	https://www.sefaria.org/Sifrei_Bamidbar.2.1	39	sage	personal	attested		Sefaria topics (CC BY-SA) + text: Wikisource (CC BY-SA)	0.85
Abba Hanan	slug:jewish:abba-hanan	Abba Hanan, tanna	boy	אבא חנן	Abba Hanan	Hebrew	Jewish	Rabbinic	Sifrei	Sifrei Bamidbar	Sifrei Bamidbar 4:1	https://www.sefaria.org/Sifrei_Bamidbar.4.1	12	sage	personal	attested		Sefaria topics (CC BY-SA) + text: Wikisource (CC BY-SA)	0.85
Eliezer	slug:jewish:rabbi-eliezer-b-hyrcanus	Rabbi Eliezer b. Hyrcanus, tanna	boy	רבי אליעזר	Rabbi Eliezer b. Hyrcanus	Hebrew	Jewish	Rabbinic	Sifrei	Sifrei Bamidbar	Sifrei Bamidbar 4:1	https://www.sefaria.org/Sifrei_Bamidbar.4.1	90	sage	personal	attested		Sefaria topics (CC BY-SA) + text: Wikisource (CC BY-SA)	0.85
Meir	Q1621623	Rabbi Meir, 2nd century Jewish sage	boy	רבי מאיר	Rabbi Meir	Hebrew	Jewish	Rabbinic	Sifrei	Sifrei Bamidbar	Sifrei Bamidbar 6:1	https://www.sefaria.org/Sifrei_Bamidbar.6.1	26	sage	personal	attested		Sefaria topics (CC BY-SA) + text: Wikisource (CC BY-SA)	0.85
Yehoshua [b. Hananyah]	Q1686568	Rabbi Yehoshua [b. Hananyah], late 1st/early 2nd century Jewish tanna and sage	boy	ר יהושע	Rabbi Yehoshua [b. Hananyah]	Hebrew	Jewish	Rabbinic	Sifrei	Sifrei Bamidbar	Sifrei Bamidbar 6:1	https://www.sefaria.org/Sifrei_Bamidbar.6.1	25	sage	personal	attested		Sefaria topics (CC BY-SA) + text: Wikisource (CC BY-SA)	0.85
Akaviah	Q585126	Akaviah ben Mehalalel, Jewish religious teacher active 1st century	boy	עקביא בן מהללאל	Akaviah ben Mehalalel	Hebrew	Jewish	Rabbinic	Sifrei	Sifrei Bamidbar	Sifrei Bamidbar 7:1	https://www.sefaria.org/Sifrei_Bamidbar.7.1	1	sage	personal	attested		Sefaria topics (CC BY-SA) + text: Wikisource (CC BY-SA)	0.85
[Shimon]	slug:jewish:shimon-b-azzai	[Shimon] b. Azzai, tanna	boy	בן עזאי	[Shimon] b. Azzai	Hebrew	Jewish	Rabbinic	Sifrei	Sifrei Bamidbar	Sifrei Bamidbar 7:3	https://www.sefaria.org/Sifrei_Bamidbar.7.3	9	sage	personal	attested		Sefaria topics (CC BY-SA) + text: Wikisource (CC BY-SA)	0.85
Tarfon	Q1268142	Rabbi Tarfon, Late 1st/early 2nd century Jewish rabbi and sage	boy	רבי טרפון	Rabbi Tarfon	Hebrew	Jewish	Rabbinic	Sifrei	Sifrei Bamidbar	Sifrei Bamidbar 8:1	https://www.sefaria.org/Sifrei_Bamidbar.8.1	11	sage	personal	attested		Sefaria topics (CC BY-SA) + text: Wikisource (CC BY-SA)	0.85
Abba Yosei	slug:jewish:abba-yosei-b-hanan	Abba Yosei b. Hanan		אבא יוסי בן חנן	Abba Yosei b. Hanan	Hebrew	Jewish	Rabbinic	Sifrei	Sifrei Bamidbar	Sifrei Bamidbar 8:1	https://www.sefaria.org/Sifrei_Bamidbar.8.1	1	sage	personal	attested		Sefaria topics (CC BY-SA) + text: Wikisource (CC BY-SA)	0.85
Aha	slug:jewish:rav-aha	Rav Aha, amora	boy	רב אחא	Rav Aha	Hebrew	Jewish	Rabbinic	Sifrei	Sifrei Bamidbar	Sifrei Bamidbar 17:1	https://www.sefaria.org/Sifrei_Bamidbar.17.1	3	sage	personal	attested		Sefaria topics (CC BY-SA) + text: Wikisource (CC BY-SA)	0.85
Yehoshua	slug:jewish:rabbi-yehoshua-b-korha	Rabbi Yehoshua b. Korha, tanna	boy	רבי יהושע בן קרחה	Rabbi Yehoshua b. Korha	Hebrew	Jewish	Rabbinic	Sifrei	Sifrei Bamidbar	Sifrei Bamidbar 22:1	https://www.sefaria.org/Sifrei_Bamidbar.22.1	7	sage	personal	attested		Sefaria topics (CC BY-SA) + text: Wikisource (CC BY-SA)	0.85
Elazar haKappar	slug:jewish:rabbi-elazar-hakappar	Rabbi Elazar haKappar, tanna	boy	ר אלעזר הקפר	Rabbi Elazar haKappar	Hebrew	Jewish	Rabbinic	Sifrei	Sifrei Bamidbar	Sifrei Bamidbar 23:1	https://www.sefaria.org/Sifrei_Bamidbar.23.1	4	sage	personal	attested		Sefaria topics (CC BY-SA) + text: Wikisource (CC BY-SA)	0.85
Elazar	Q1325787	Rabbi Elazar b. Azaryah, 1st-century CE Jewish rabbi and Tannaim sage	boy	רבי אלעזר בן עזריה	Rabbi Elazar b. Azaryah	Hebrew	Jewish	Rabbinic	Sifrei	Sifrei Bamidbar	Sifrei Bamidbar 24:1	https://www.sefaria.org/Sifrei_Bamidbar.24.1	16	sage	personal	attested		Sefaria topics (CC BY-SA) + text: Wikisource (CC BY-SA)	0.85
Yochanan	Q1397565	Rabbi Yochanan b. Napacha, 3rd-century Judean rabbi	boy	רבי יוחנן	Rabbi Yochanan b. Napacha	Hebrew	Jewish	Rabbinic	Sifrei	Sifrei Bamidbar	Sifrei Bamidbar 24:1	https://www.sefaria.org/Sifrei_Bamidbar.24.1	10	sage	personal	attested		Sefaria topics (CC BY-SA) + text: Wikisource (CC BY-SA)	0.85
Yitzhak	slug:jewish:rabbi-yitzhak	Rabbi Yitzhak, tanna	boy	רבי יצחק	Rabbi Yitzhak	Hebrew	Jewish	Rabbinic	Sifrei	Sifrei Bamidbar	Sifrei Bamidbar 35:1	https://www.sefaria.org/Sifrei_Bamidbar.35.1	12	sage	personal	attested		Sefaria topics (CC BY-SA) + text: Wikisource (CC BY-SA)	0.85
Elazar	Q739520	Rabbi Elazar b. Shamu'a, 2nd century rabbi and tanna	boy	רבי אלעזר בן שמוע	Rabbi Elazar b. Shamu'a	Hebrew	Jewish	Rabbinic	Sifrei	Sifrei Bamidbar	Sifrei Bamidbar 38:1	https://www.sefaria.org/Sifrei_Bamidbar.38.1	3	sage	personal	attested		Sefaria topics (CC BY-SA) + text: Wikisource (CC BY-SA)	0.85
Yohanan Hasandlar	Q449248	Rabbi Yohanan Hasandlar, fourth generation tanna	boy	ר יוחנן הסנדלר	Rabbi Yohanan Hasandlar	Hebrew	Jewish	Rabbinic	Sifrei	Sifrei Bamidbar	Sifrei Bamidbar 38:1	https://www.sefaria.org/Sifrei_Bamidbar.38.1	2	sage	personal	attested		Sefaria topics (CC BY-SA) + text: Wikisource (CC BY-SA)	0.85
Hanina Segan haKohanim	slug:jewish:rabbi-hanina-segan-hakohanim	Rabbi Hanina Segan haKohanim, tanna	boy	רבי חנינא סגן הכהנים	Rabbi Hanina Segan haKohanim	Hebrew	Jewish	Rabbinic	Sifrei	Sifrei Bamidbar	Sifrei Bamidbar 42:2	https://www.sefaria.org/Sifrei_Bamidbar.42.2	1	sage	personal	attested		Sefaria topics (CC BY-SA) + text: Wikisource (CC BY-SA)	0.85
Shimon	slug:jewish:shimon-b-chalafta	Shimon b. Chalafta, tanna	boy	רבי שמעון בן חלפתא	Shimon b. Chalafta	Hebrew	Jewish	Rabbinic	Sifrei	Sifrei Bamidbar	Sifrei Bamidbar 42:2	https://www.sefaria.org/Sifrei_Bamidbar.42.2	3	sage	personal	attested		Sefaria topics (CC BY-SA) + text: Wikisource (CC BY-SA)	0.9
Abba Yose	slug:jewish:abba-yose-b-dostai	Abba Yose b. Dostai, tanna	boy	אבא יוסי בן דוסתאי	Abba Yose b. Dostai	Hebrew	Jewish	Rabbinic	Sifrei	Sifrei Bamidbar	Sifrei Bamidbar 42:3	https://www.sefaria.org/Sifrei_Bamidbar.42.3	1	sage	personal	attested		Sefaria topics (CC BY-SA) + text: Wikisource (CC BY-SA)	0.85
King Solomon	Q37085	Solomon, king of Israel, son of David	boy	שְׁלֹמֹה	King Solomon	Hebrew	Jewish	Rabbinic	Sifrei	Sifrei Bamidbar	Sifrei Bamidbar 42:3	https://www.sefaria.org/Sifrei_Bamidbar.42.3	5	royal	personal	attested		Sefaria topics (CC BY-SA) + text: Wikisource (CC BY-SA)	0.9
Yose	slug:jewish:rabbi-yose-b-yehudah	Rabbi Yose b. Yehudah, tanna	boy	רבי יוסי בר ר יהודה	Rabbi Yose b. Yehudah	Hebrew	Jewish	Rabbinic	Sifrei	Sifrei Bamidbar	Sifrei Bamidbar 44:1	https://www.sefaria.org/Sifrei_Bamidbar.44.1	5	sage	personal	attested		Sefaria topics (CC BY-SA) + text: Wikisource (CC BY-SA)	0.85
The Great Rebbi Yose	slug:jewish:the-great-rebbi-yose	The Great Rebbi Yose		רִבִּי יוֹסֵי בְּרִיבִי	The Great Rebbi Yose	Hebrew	Jewish	Rabbinic	Sifrei	Sifrei Bamidbar	Sifrei Bamidbar 44:1	https://www.sefaria.org/Sifrei_Bamidbar.44.1	6	sage	personal	attested		Sefaria topics (CC BY-SA) + text: Wikisource (CC BY-SA)	0.85
Nachshon Ben Aminadav	Q1784980	Nahshon, Son of Amminadab	boy	נחשון בן עמינדב	Nachshon Ben Aminadav	Hebrew	Jewish	Rabbinic	Sifrei	Sifrei Bamidbar	Sifrei Bamidbar 48:1	https://www.sefaria.org/Sifrei_Bamidbar.48.1	1	human	personal	attested		Sefaria topics (CC BY-SA) + text: Wikisource (CC BY-SA)	0.9
Issachar	Q651256	Issachar, Son of Jacob and Leah	boy	יששכר	Issachar	Hebrew	Jewish	Rabbinic	Sifrei	Sifrei Bamidbar	Sifrei Bamidbar 52:1	https://www.sefaria.org/Sifrei_Bamidbar.52.1	2	human	personal	attested		Sefaria topics (CC BY-SA) + text: Wikisource (CC BY-SA)	0.9
Netanel	slug:jewish:netanel	Netanel		נתנאל	Netanel	Hebrew	Jewish	Rabbinic	Sifrei	Sifrei Bamidbar	Sifrei Bamidbar 52:1	https://www.sefaria.org/Sifrei_Bamidbar.52.1	1	human	personal	attested		Sefaria topics (CC BY-SA) + text: Wikisource (CC BY-SA)	0.9
Abba	slug:jewish:rabbi-abba	Rabbi Abba, amora	boy	רבי אבא	Rabbi Abba	Hebrew	Jewish	Rabbinic	Sifrei	Sifrei Bamidbar	Sifrei Bamidbar 68:1	https://www.sefaria.org/Sifrei_Bamidbar.68.1	2	sage	personal	attested		Sefaria topics (CC BY-SA) + text: Wikisource (CC BY-SA)	0.85
Shimon haShiqmoni	slug:jewish:rabbi-shimon-hashiqmoni	Rabbi Shimon haShiqmoni, tanna	boy	רבי שמעון השקמוני	Rabbi Shimon haShiqmoni	Hebrew	Jewish	Rabbinic	Sifrei	Sifrei Bamidbar	Sifrei Bamidbar 68:1	https://www.sefaria.org/Sifrei_Bamidbar.68.1	3	sage	personal	attested		Sefaria topics (CC BY-SA) + text: Wikisource (CC BY-SA)	0.85
Esau	Q220822	Esau, Isaac's firstborn son	boy	עשיו	Esau	Hebrew	Jewish	Rabbinic	Sifrei	Sifrei Bamidbar	Sifrei Bamidbar 69:2	https://www.sefaria.org/Sifrei_Bamidbar.69.2	7	human	personal	attested		Sefaria topics (CC BY-SA) + text: Wikisource (CC BY-SA)	0.9
Shimon	slug:jewish:rabbi-shimon-b-elazar	Rabbi Shimon b. Elazar, tanna	boy	רבי שמעון בן אלעזר	Rabbi Shimon b. Elazar	Hebrew	Jewish	Rabbinic	Sifrei	Sifrei Bamidbar	Sifrei Bamidbar 71:1	https://www.sefaria.org/Sifrei_Bamidbar.71.1	10	sage	personal	attested		Sefaria topics (CC BY-SA) + text: Wikisource (CC BY-SA)	0.85
Yohanan	slug:jewish:rabbi-yohanan-b-berokah	Rabbi Yohanan b. Berokah, tanna	boy	רבי יוחנן בן ברוקה	Rabbi Yohanan b. Berokah	Hebrew	Jewish	Rabbinic	Sifrei	Sifrei Bamidbar	Sifrei Bamidbar 73:2	https://www.sefaria.org/Sifrei_Bamidbar.73.2	2	sage	personal	attested		Sefaria topics (CC BY-SA) + text: Wikisource (CC BY-SA)	0.85
Shmuel	Q2219010	Rabbi Shmuel b. Nahmani, Israeli rabbi	boy	רבי שמואל בן נחמן	Rabbi Shmuel b. Nahmani	Hebrew	Jewish	Rabbinic	Sifrei	Sifrei Bamidbar	Sifrei Bamidbar 73:2	https://www.sefaria.org/Sifrei_Bamidbar.73.2	1	sage	personal	attested		Sefaria topics (CC BY-SA) + text: Wikisource (CC BY-SA)	0.85
Samuel	slug:jewish:rebbi-samuel	Rebbi Samuel		רבי שמואל	Rebbi Samuel	Hebrew	Jewish	Rabbinic	Sifrei	Sifrei Bamidbar	Sifrei Bamidbar 73:2	https://www.sefaria.org/Sifrei_Bamidbar.73.2	3	sage	personal	attested		Sefaria topics (CC BY-SA) + text: Wikisource (CC BY-SA)	0.85
Shimon	slug:jewish:rabbi-shimon-b-menasya	Rabbi Shimon b. Menasya, tanna	boy	רבי שמעון בן מנסיא	Rabbi Shimon b. Menasya	Hebrew	Jewish	Rabbinic	Sifrei	Sifrei Bamidbar	Sifrei Bamidbar 78:1	https://www.sefaria.org/Sifrei_Bamidbar.78.1	5	sage	personal	attested		Sefaria topics (CC BY-SA) + text: Wikisource (CC BY-SA)	0.85
Yishmael	Q2902804	Rabbi Yishmael b. Yose, Early 3rd century Judean rabbi	boy	ר ישמעאל בר יוסי	Rabbi Yishmael b. Yose	Hebrew	Jewish	Rabbinic	Sifrei	Sifrei Bamidbar	Sifrei Bamidbar 78:1	https://www.sefaria.org/Sifrei_Bamidbar.78.1	1	sage	personal	attested		Sefaria topics (CC BY-SA) + text: Wikisource (CC BY-SA)	0.85
Jonadab, the Son of Rechab	Q6176487	Jehonadab, Son of Rechab	boy	יהונדב בן רכב	Jonadab, the Son of Rechab	Hebrew	Jewish	Rabbinic	Sifrei	Sifrei Bamidbar	Sifrei Bamidbar 78:1	https://www.sefaria.org/Sifrei_Bamidbar.78.1	3	human	personal	attested		Sefaria topics (CC BY-SA) + text: Wikisource (CC BY-SA)	0.9
Yitro	Q62788	Jethro, Moses' father-in-law	boy	יתרו	Yitro	Hebrew	Jewish	Rabbinic	Sifrei	Sifrei Bamidbar	Sifrei Bamidbar 78:1	https://www.sefaria.org/Sifrei_Bamidbar.78.1	3	human	personal	attested		Sefaria topics (CC BY-SA) + text: Wikisource (CC BY-SA)	0.9
Miriam	Q1938388	Miriam, prophetess, sister of Moses and Aaron	girl	מרים	Miriam	Hebrew	Jewish	Rabbinic	Sifrei	Sifrei Bamidbar	Sifrei Bamidbar 78:1	https://www.sefaria.org/Sifrei_Bamidbar.78.1	7	prophet	personal	attested		Sefaria topics (CC BY-SA) + text: Wikisource (CC BY-SA)	0.9
Rahab	Q1135632	Rahab, A Canaanite woman who helped the Israelite spies in Jericho	girl	רחב	Rahab	Hebrew	Jewish	Rabbinic	Sifrei	Sifrei Bamidbar	Sifrei Bamidbar 78:1	https://www.sefaria.org/Sifrei_Bamidbar.78.1	1	human	personal	attested		Sefaria topics (CC BY-SA) + text: Wikisource (CC BY-SA)	0.9
Ruth	Q1774982	Ruth, Moabite woman	girl	רות	Ruth	Hebrew	Jewish	Rabbinic	Sifrei	Sifrei Bamidbar	Sifrei Bamidbar 78:1	https://www.sefaria.org/Sifrei_Bamidbar.78.1	1	human	personal	attested		Sefaria topics (CC BY-SA) + text: Wikisource (CC BY-SA)	0.9
King David	Q41370	David, king of Israel	boy	דוד המלך	King David	Hebrew	Jewish	Rabbinic	Sifrei	Sifrei Bamidbar	Sifrei Bamidbar 78:2	https://www.sefaria.org/Sifrei_Bamidbar.78.2	7	royal	personal	attested		Sefaria topics (CC BY-SA) + text: Wikisource (CC BY-SA)	0.9
Yehoram (King of Israel)	slug:biblical:joram@2ki.1.17-2ch	Joram, King of N	boy	יהורם מלך ישראל	Yehoram (King of Israel)	Hebrew	Jewish	Rabbinic	Sifrei	Sifrei Bamidbar	Sifrei Bamidbar 85:1	https://www.sefaria.org/Sifrei_Bamidbar.85.1	1	royal	personal	attested		Sefaria topics (CC BY-SA) + text: Wikisource (CC BY-SA)	0.85
Joshua	Q7734	Joshua, Moses' assistant who led Israel into Canaan	boy	יהושע	Joshua	Hebrew	Jewish	Rabbinic	Sifrei	Sifrei Bamidbar	Sifrei Bamidbar 96:1	https://www.sefaria.org/Sifrei_Bamidbar.96.1	24	human	personal	attested		Sefaria topics (CC BY-SA) + text: Wikisource (CC BY-SA)	0.9
Eliezer	Q921589	Rabbi Eliezer b. R, Yose haGelili, 1st-century CE rabbi	boy	רבי אליעזר בנו של ר יוסי הגלילי	Rabbi Eliezer b. R, Yose haGelili	Hebrew	Jewish	Rabbinic	Sifrei	Sifrei Bamidbar	Sifrei Bamidbar 99:1	https://www.sefaria.org/Sifrei_Bamidbar.99.1	6	sage	personal	attested		Sefaria topics (CC BY-SA) + text: Wikisource (CC BY-SA)	0.85
Barukh ben Neriah	Q599907	Baruch, Jeremiah's scribe who recorded and delivered his prophecies	boy	ברוך בן נריה	Barukh ben Neriah	Hebrew	Jewish	Rabbinic	Sifrei	Sifrei Bamidbar	Sifrei Bamidbar 99:1	https://www.sefaria.org/Sifrei_Bamidbar.99.1	1	human	personal	attested		Sefaria topics (CC BY-SA) + text: Wikisource (CC BY-SA)	0.85
Moses	Q9077	Moses, prophet who led the Israelites out of Egypt	boy	משה	Moses	Hebrew	Jewish	Rabbinic	Sifrei	Sifrei Bamidbar	Sifrei Bamidbar 99:1	https://www.sefaria.org/Sifrei_Bamidbar.99.1	7	human	personal	attested		Sefaria topics (CC BY-SA) + text: Wikisource (CC BY-SA)	0.9
Shimon haTimni	slug:jewish:shimon-hatimni	Shimon haTimni, tanna	boy	שמעון התימני	Shimon haTimni	Hebrew	Jewish	Rabbinic	Sifrei	Sifrei Bamidbar	Sifrei Bamidbar 103:1	https://www.sefaria.org/Sifrei_Bamidbar.103.1	3	sage	personal	attested		Sefaria topics (CC BY-SA) + text: Wikisource (CC BY-SA)	0.85
Yohanan	slug:jewish:rabbi-yohanan-b-nuri	Rabbi Yohanan b. Nuri, tanna	boy	רבי יוחנן בן נורי	Rabbi Yohanan b. Nuri	Hebrew	Jewish	Rabbinic	Sifrei	Sifrei Bamidbar	Sifrei Bamidbar 110:2	https://www.sefaria.org/Sifrei_Bamidbar.110.2	3	sage	personal	attested		Sefaria topics (CC BY-SA) + text: Wikisource (CC BY-SA)	0.85
Issi	slug:jewish:issi-b-yehudah	Issi b. Yehudah, tanna	boy	איסי בר יהודה	Issi b. Yehudah	Hebrew	Jewish	Rabbinic	Sifrei	Sifrei Bamidbar	Sifrei Bamidbar 112:2	https://www.sefaria.org/Sifrei_Bamidbar.112.2	1	sage	personal	attested		Sefaria topics (CC BY-SA) + text: Wikisource (CC BY-SA)	0.85
Elazar haModa'i	slug:jewish:rabbi-elazar-hamodai	Rabbi Elazar haModa'i, tanna	boy	רבי אלעזר המודעי	Rabbi Elazar haModa'i	Hebrew	Jewish	Rabbinic	Sifrei	Sifrei Bamidbar	Sifrei Bamidbar 112:2	https://www.sefaria.org/Sifrei_Bamidbar.112.2	2	sage	personal	attested		Sefaria topics (CC BY-SA) + text: Wikisource (CC BY-SA)	0.85
Nehorai	slug:jewish:rabbi-nehorai	Rabbi Nehorai, tanna	boy	רבי נהוראי	Rabbi Nehorai	Hebrew	Jewish	Rabbinic	Sifrei	Sifrei Bamidbar	Sifrei Bamidbar 112:2	https://www.sefaria.org/Sifrei_Bamidbar.112.2	4	sage	personal	attested		Sefaria topics (CC BY-SA) + text: Wikisource (CC BY-SA)	0.85
Menashe (King of Judah)	Q156328	Manasseh, King of Judah	boy	המלך מנשה	Menashe (King of Judah)	Hebrew	Jewish	Rabbinic	Sifrei	Sifrei Bamidbar	Sifrei Bamidbar 112:2	https://www.sefaria.org/Sifrei_Bamidbar.112.2	2	royal	personal	attested		Sefaria topics (CC BY-SA) + text: Wikisource (CC BY-SA)	0.9
Yehudah	slug:jewish:rabbi-yehudah-b-bava	Rabbi Yehudah b. Bava, tanna	boy	רבי יהודה בן בבא	Rabbi Yehudah b. Bava	Hebrew	Jewish	Rabbinic	Sifrei	Sifrei Bamidbar	Sifrei Bamidbar 115:1	https://www.sefaria.org/Sifrei_Bamidbar.115.1	5	sage	personal	attested		Sefaria topics (CC BY-SA) + text: Wikisource (CC BY-SA)	0.85
Hanina	slug:jewish:rabbi-hanina-b-antigonos	Rabbi Hanina b. Antigonos		רבי חנינא בן אנטיגנוס	Rabbi Hanina b. Antigonos	Hebrew	Jewish	Rabbinic	Sifrei	Sifrei Bamidbar	Sifrei Bamidbar 115:1	https://www.sefaria.org/Sifrei_Bamidbar.115.1	2	sage	personal	attested		Sefaria topics (CC BY-SA) + text: Wikisource (CC BY-SA)	0.85
"That Man"	slug:jewish:that-man	"That Man"		אותו האיש	"That Man"	Hebrew	Jewish	Rabbinic	Sifrei	Sifrei Bamidbar	Sifrei Bamidbar 115:2	https://www.sefaria.org/Sifrei_Bamidbar.115.2	2	sage	personal	attested		Sefaria topics (CC BY-SA) + text: Wikisource (CC BY-SA)	0.85
Chiyya	slug:jewish:rabbi-chiyya	Rabbi Chiyya	boy	רבי חייא	Rabbi Chiyya	Hebrew	Jewish	Rabbinic	Sifrei	Sifrei Bamidbar	Sifrei Bamidbar 115:2	https://www.sefaria.org/Sifrei_Bamidbar.115.2	1	sage	personal	attested		Sefaria topics (CC BY-SA) + text: Wikisource (CC BY-SA)	0.85
Yohanan	slug:jewish:rabbi-yohanan-b-gudgada	Rabbi Yohanan b. Gudgada		רבי יוחנן בן גודגדא	Rabbi Yohanan b. Gudgada	Hebrew	Jewish	Rabbinic	Sifrei	Sifrei Bamidbar	Sifrei Bamidbar 116:1	https://www.sefaria.org/Sifrei_Bamidbar.116.1	1	sage	personal	attested		Sefaria topics (CC BY-SA) + text: Wikisource (CC BY-SA)	0.85
Aaron	Q51676	Aaron, brother of Moses	boy	אהרון	Aaron	Hebrew	Jewish	Rabbinic	Sifrei	Sifrei Bamidbar	Sifrei Bamidbar 117:1	https://www.sefaria.org/Sifrei_Bamidbar.117.1	1	human	personal	attested		Sefaria topics (CC BY-SA) + text: Wikisource (CC BY-SA)	0.9
[Yochanan] Ben Bag Bag	slug:jewish:yochanan-ben-bag-bag	[Yochanan] Ben Bag Bag, tanna	boy	יוחנן בן בג בג	[Yochanan] Ben Bag Bag	Hebrew	Jewish	Rabbinic	Sifrei	Sifrei Bamidbar	Sifrei Bamidbar 117:2	https://www.sefaria.org/Sifrei_Bamidbar.117.2	2	sage	personal	attested		Sefaria topics (CC BY-SA) + text: Wikisource (CC BY-SA)	0.85
Korach	Q1337316	Korah, who rebelled against Moses	boy	קרח	Korach	Hebrew	Jewish	Rabbinic	Sifrei	Sifrei Bamidbar	Sifrei Bamidbar 119:2	https://www.sefaria.org/Sifrei_Bamidbar.119.2	1	human	personal	attested		Sefaria topics (CC BY-SA) + text: Wikisource (CC BY-SA)	0.9
Nehemiyah	Q2902906	Rabbi Nehemiyah, 2nd century CE Jewish scholar and rabbi	boy	רבי נחמיה	Rabbi Nehemiyah	Hebrew	Jewish	Rabbinic	Sifrei	Sifrei Bamidbar	Sifrei Bamidbar 119:5	https://www.sefaria.org/Sifrei_Bamidbar.119.5	10	sage	personal	attested		Sefaria topics (CC BY-SA) + text: Wikisource (CC BY-SA)	0.85
Yochanan	Q733660	Rabban Yochanan ben Zakkai, 1st-century rabbi and an important Jewish sage	boy	רבן יוחנן בן זכאי	Rabban Yochanan ben Zakkai	Hebrew	Jewish	Rabbinic	Sifrei	Sifrei Bamidbar	Sifrei Bamidbar 123:1	https://www.sefaria.org/Sifrei_Bamidbar.123.1	4	sage	personal	attested		Sefaria topics (CC BY-SA) + text: Wikisource (CC BY-SA)	0.9
Hillel	Q319219	Hillel, Jewish religious leader of the 1st century	boy	הִלֵּל	Hillel	Hebrew	Jewish	Rabbinic	Sifrei	Sifrei Bamidbar	Sifrei Bamidbar 123:1	https://www.sefaria.org/Sifrei_Bamidbar.123.1	3	sage	personal	attested		Sefaria topics (CC BY-SA) + text: Wikisource (CC BY-SA)	0.9
Issy	slug:jewish:issy-b-aqiba	Issy b. Aqiba		איסי בן עקיבא	Issy b. Aqiba	Hebrew	Jewish	Rabbinic	Sifrei	Sifrei Bamidbar	Sifrei Bamidbar 126:1	https://www.sefaria.org/Sifrei_Bamidbar.126.1	1	sage	personal	attested		Sefaria topics (CC BY-SA) + text: Wikisource (CC BY-SA)	0.85
Sichon	Q887987	Sihon, Amorite king of Heshbon	boy	סיחון	Sichon	Hebrew	Jewish	Rabbinic	Sifrei	Sifrei Bamidbar	Sifrei Bamidbar 131:2	https://www.sefaria.org/Sifrei_Bamidbar.131.2	3	royal	personal	attested		Sefaria topics (CC BY-SA) + text: Wikisource (CC BY-SA)	0.9
Caleb	Q922184	Caleb, Faithful spy	boy	כלב בן יפונה	Caleb	Hebrew	Jewish	Rabbinic	Sifrei	Sifrei Bamidbar	Sifrei Bamidbar 132:3	https://www.sefaria.org/Sifrei_Bamidbar.132.3	1	human	personal	attested		Sefaria topics (CC BY-SA) + text: Wikisource (CC BY-SA)	0.9
Machir	slug:jewish:machir	Machir		מכיר	Machir	Hebrew	Jewish	Rabbinic	Sifrei	Sifrei Bamidbar	Sifrei Bamidbar 133:1	https://www.sefaria.org/Sifrei_Bamidbar.133.1	1	human	personal	attested		Sefaria topics (CC BY-SA) + text: Wikisource (CC BY-SA)	0.85
Obadiah	Q479645	Obadiah, biblical prophet associated with the Book of Obadiah	boy	עובדיה	Obadiah	Hebrew	Jewish	Rabbinic	Sifrei	Sifrei Bamidbar	Sifrei Bamidbar 133:2	https://www.sefaria.org/Sifrei_Bamidbar.133.2	1	human	personal	attested		Sefaria topics (CC BY-SA) + text: Wikisource (CC BY-SA)	0.9
Tzelofchad	Q2659583	Zelophehad, Israelite whose daughters received his inheritance	boy	צלפחד	Tzelofchad	Hebrew	Jewish	Rabbinic	Sifrei	Sifrei Bamidbar	Sifrei Bamidbar 133:3	https://www.sefaria.org/Sifrei_Bamidbar.133.3	1	human	personal	attested		Sefaria topics (CC BY-SA) + text: Wikisource (CC BY-SA)	0.9
Yoav	Q1141064	Joab, Son of Zeruiah	boy	יואב	Yoav	Hebrew	Jewish	Rabbinic	Sifrei	Sifrei Bamidbar	Sifrei Bamidbar 139:2	https://www.sefaria.org/Sifrei_Bamidbar.139.2	1	human	personal	attested		Sefaria topics (CC BY-SA) + text: Wikisource (CC BY-SA)	0.85
Elazar	Q159443	Eleazar, Son of Aaron	boy	אלעזר	Elazar	Hebrew	Jewish	Rabbinic	Sifrei	Sifrei Bamidbar	Sifrei Bamidbar 141:1	https://www.sefaria.org/Sifrei_Bamidbar.141.1	2	human	personal	attested		Sefaria topics (CC BY-SA) + text: Wikisource (CC BY-SA)	0.9
Midian	Q755316	Midian, Son of Abraham and Keturah	boy	מדין	Midian	Hebrew	Jewish	Rabbinic	Sifrei	Sifrei Bamidbar	Sifrei Bamidbar 157:1	https://www.sefaria.org/Sifrei_Bamidbar.157.1	4	human	personal	attested		Sefaria topics (CC BY-SA) + text: Wikisource (CC BY-SA)	0.9
Moab	Q1585141	Moab, Son of Lot	boy	מואב	Moab	Hebrew	Jewish	Rabbinic	Sifrei	Sifrei Bamidbar	Sifrei Bamidbar 157:1	https://www.sefaria.org/Sifrei_Bamidbar.157.1	1	human	personal	attested		Sefaria topics (CC BY-SA) + text: Wikisource (CC BY-SA)	0.9
Balaam	Q574641	Balaam, A prophet hired to curse Israel but blessed them instead	boy	בלעם	Balaam	Hebrew	Jewish	Rabbinic	Sifrei	Sifrei Bamidbar	Sifrei Bamidbar 157:5	https://www.sefaria.org/Sifrei_Bamidbar.157.5	4	prophet	personal	attested		Sefaria topics (CC BY-SA) + text: Wikisource (CC BY-SA)	0.9
Jeremiah	Q158825	Jeremiah, Son of Hilkiah	boy	ירמיהו	Jeremiah	Hebrew	Jewish	Rabbinic	Sifrei	Sifrei Devarim	Sifrei Devarim 1:3	https://www.sefaria.org/Sifrei_Devarim.1.3	1	prophet	personal	attested		Sefaria topics (CC BY-SA) + text: Sifrei Devarim, Hebrew (Public Domain)	0.9
Banna'ah	slug:jewish:rabbi-bannaah	Rabbi Banna'ah	boy	רבי בנאה	Rabbi Banna'ah	Hebrew	Jewish	Rabbinic	Sifrei	Sifrei Devarim	Sifrei Devarim 1:17	https://www.sefaria.org/Sifrei_Devarim.1.17	5	sage	personal	attested		Sefaria topics (CC BY-SA) + text: Sifrei Devarim, Hebrew (Public Domain)	0.85
Yose	slug:jewish:rabbi-yose-b-chanina	Rabbi Yose b. Chanina		ר יוסי בר חנינא	Rabbi Yose b. Chanina	Hebrew	Jewish	Rabbinic	Sifrei	Sifrei Devarim	Sifrei Devarim 1:17	https://www.sefaria.org/Sifrei_Devarim.1.17	1	sage	personal	attested		Sefaria topics (CC BY-SA) + text: Sifrei Devarim, Hebrew (Public Domain)	0.85
Yose	slug:jewish:rabbi-yose-b-dormasqit	Rabbi Yose b. Dormasqit, tanna	boy	ר יוסי בן דורמסקית	Rabbi Yose b. Dormasqit	Hebrew	Jewish	Rabbinic	Sifrei	Sifrei Devarim	Sifrei Devarim 1:17	https://www.sefaria.org/Sifrei_Devarim.1.17	4	sage	personal	attested		Sefaria topics (CC BY-SA) + text: Sifrei Devarim, Hebrew (Public Domain)	0.9
Yehudah [b. Yechezkel]	Q359777	Rav Yehudah [b. Yechezkel], Babylonian rabbi and amora (220–299)	boy	רב יהודה	Rav Yehudah [b. Yechezkel]	Hebrew	Jewish	Rabbinic	Sifrei	Sifrei Devarim	Sifrei Devarim 1:19	https://www.sefaria.org/Sifrei_Devarim.1.19	1	sage	personal	attested		Sefaria topics (CC BY-SA) + text: Sifrei Devarim, Hebrew (Public Domain)	0.85
Yehudah	slug:jewish:yehudah-b-hiyya	Yehudah b. Hiyya, amora	boy	יהודה בר חייה	Yehudah b. Hiyya	Hebrew	Jewish	Rabbinic	Sifrei	Sifrei Devarim	Sifrei Devarim 1:19	https://www.sefaria.org/Sifrei_Devarim.1.19	1	sage	personal	attested		Sefaria topics (CC BY-SA) + text: Sifrei Devarim, Hebrew (Public Domain)	0.85
Abba Cohen	slug:jewish:abba-cohen-b-delaiah	Abba Cohen b. Delaiah		אבא כהן ברדלא	Abba Cohen b. Delaiah	Hebrew	Jewish	Rabbinic	Sifrei	Sifrei Devarim	Sifrei Devarim 2:2	https://www.sefaria.org/Sifrei_Devarim.2.2	1	sage	personal	attested		Sefaria topics (CC BY-SA) + text: Sifrei Devarim, Hebrew (Public Domain)	0.85
Jacob	Q289957	Jacob (Israel), patriarch, son of Isaac	boy	יעקב	Jacob	Hebrew	Jewish	Rabbinic	Sifrei	Sifrei Devarim	Sifrei Devarim 2:4	https://www.sefaria.org/Sifrei_Devarim.2.4	2	human	personal	attested		Sefaria topics (CC BY-SA) + text: Sifrei Devarim, Hebrew (Public Domain)	0.9
On	slug:jewish:on-the-son-of-pelet	On, the Son of Pelet		און בן פלת	On, the Son of Pelet	Hebrew	Jewish	Rabbinic	Sifrei	Sifrei Devarim	Sifrei Devarim 12:2	https://www.sefaria.org/Sifrei_Devarim.12.2	1	human	personal	attested		Sefaria topics (CC BY-SA) + text: Sifrei Devarim, Hebrew (Public Domain)	0.85
Elazar Hisma	slug:jewish:rabbi-elazar-hisma	Rabbi Elazar Hisma, tanna	boy	ר אלעזר חסמא	Rabbi Elazar Hisma	Hebrew	Jewish	Rabbinic	Sifrei	Sifrei Devarim	Sifrei Devarim 16:3	https://www.sefaria.org/Sifrei_Devarim.16.3	2	sage	personal	attested		Sefaria topics (CC BY-SA) + text: Sifrei Devarim, Hebrew (Public Domain)	0.85
Gamliel	Q357157	Rabban Gamliel of Yavneh (II), 3rd century Judean rabbi and nasi	boy	רבן גמליאל דיבנה	Rabban Gamliel of Yavneh (II)	Hebrew	Jewish	Rabbinic	Sifrei	Sifrei Devarim	Sifrei Devarim 16:3	https://www.sefaria.org/Sifrei_Devarim.16.3	1	sage	personal	attested		Sefaria topics (CC BY-SA) + text: Sifrei Devarim, Hebrew (Public Domain)	0.9
Yehoshafat	Q126689	Jehoshaphat, Son of Asa	boy	יהושפט	Yehoshafat	Hebrew	Jewish	Rabbinic	Sifrei	Sifrei Devarim	Sifrei Devarim 17:6	https://www.sefaria.org/Sifrei_Devarim.17.6	1	royal	personal	attested		Sefaria topics (CC BY-SA) + text: Sifrei Devarim, Hebrew (Public Domain)	0.9
King Saul	Q28730	Saul, first king of Israel	boy	המלך שאול	King Saul	Hebrew	Jewish	Rabbinic	Sifrei	Sifrei Devarim	Sifrei Devarim 17:7	https://www.sefaria.org/Sifrei_Devarim.17.7	1	royal	personal	attested		Sefaria topics (CC BY-SA) + text: Sifrei Devarim, Hebrew (Public Domain)	0.9
Zerubavel	Q320139	Zerubbabel, Leader of the first Jewish exiles from Babylon	boy	זרובבל	Zerubavel	Hebrew	Jewish	Rabbinic	Sifrei	Sifrei Devarim	Sifrei Devarim 27:3	https://www.sefaria.org/Sifrei_Devarim.27.3	1	royal	personal	attested		Sefaria topics (CC BY-SA) + text: Sifrei Devarim, Hebrew (Public Domain)	0.85
Ishmael	Q183403	Ishmael, son of Abraham and Hagar	boy	ישמעאל	Ishmael	Hebrew	Jewish	Rabbinic	Sifrei	Sifrei Devarim	Sifrei Devarim 31:1	https://www.sefaria.org/Sifrei_Devarim.31.1	1	human	personal	attested		Sefaria topics (CC BY-SA) + text: Sifrei Devarim, Hebrew (Public Domain)	0.9
Gedaliah	Q1497453	Gedaliah, Appointed governor of Judah by Babylonians	boy	גדליה	Gedaliah	Hebrew	Jewish	Rabbinic	Sifrei	Sifrei Devarim	Sifrei Devarim 31:4	https://www.sefaria.org/Sifrei_Devarim.31.4	1	royal	personal	attested		Sefaria topics (CC BY-SA) + text: Sifrei Devarim, Hebrew (Public Domain)	0.85
Yishmael	slug:jewish:yishmael-ben-netanyah	Yishmael ben Netanyah		ישמעאל בן נתניה	Yishmael ben Netanyah	Hebrew	Jewish	Rabbinic	Sifrei	Sifrei Devarim	Sifrei Devarim 31:4	https://www.sefaria.org/Sifrei_Devarim.31.4	1	human	personal	attested		Sefaria topics (CC BY-SA) + text: Sifrei Devarim, Hebrew (Public Domain)	0.85
Reuben	Q625661	Reuben, Firstborn son of Jacob and Leah	boy	ראובן	Reuben	Hebrew	Jewish	Rabbinic	Sifrei	Sifrei Devarim	Sifrei Devarim 31:6	https://www.sefaria.org/Sifrei_Devarim.31.6	2	human	personal	attested		Sefaria topics (CC BY-SA) + text: Sifrei Devarim, Hebrew (Public Domain)	0.9
Abraham	Q9181	Abraham, patriarch	boy	אברהם	Abraham	Hebrew	Jewish	Rabbinic	Sifrei	Sifrei Devarim	Sifrei Devarim 32:2	https://www.sefaria.org/Sifrei_Devarim.32.2	3	human	personal	attested		Sefaria topics (CC BY-SA) + text: Sifrei Devarim, Hebrew (Public Domain)	0.9
Ya'akov	slug:jewish:rabbi-yaakov-b-qorshai	Rabbi Ya'akov b. Qorshai, tanna	boy	ר יעקב בן קרשי	Rabbi Ya'akov b. Qorshai	Hebrew	Jewish	Rabbinic	Sifrei	Sifrei Devarim	Sifrei Devarim 32:7	https://www.sefaria.org/Sifrei_Devarim.32.7	3	sage	personal	attested		Sefaria topics (CC BY-SA) + text: Sifrei Devarim, Hebrew (Public Domain)	0.85
Egypt	Q1369215	Egypt, Descendant of Ham	boy	מצרים	Egypt	Hebrew	Jewish	Rabbinic	Sifrei	Sifrei Devarim	Sifrei Devarim 38:1	https://www.sefaria.org/Sifrei_Devarim.38.1	6	human	personal	attested		Sefaria topics (CC BY-SA) + text: Sifrei Devarim, Hebrew (Public Domain)	0.9
Gamliel	Q1492866	Rabban Gamliel b. Rabbi (III), active 80-110	boy	רבן גמליאל ברבי	Rabban Gamliel b. Rabbi (III)	Hebrew	Jewish	Rabbinic	Sifrei	Sifrei Devarim	Sifrei Devarim 38:5	https://www.sefaria.org/Sifrei_Devarim.38.5	2	sage	personal	attested		Sefaria topics (CC BY-SA) + text: Sifrei Devarim, Hebrew (Public Domain)	0.85
Il'ai	slug:jewish:rabbi-ilai-(ii)	Rabbi Il'ai (II), amora	boy	רבי עילאי (2)	Rabbi Il'ai (II)	Hebrew	Jewish	Rabbinic	Sifrei	Sifrei Devarim	Sifrei Devarim 38:5	https://www.sefaria.org/Sifrei_Devarim.38.5	1	sage	personal	attested		Sefaria topics (CC BY-SA) + text: Sifrei Devarim, Hebrew (Public Domain)	0.85
Helena	slug:jewish:queen-helena	Queen Helena		הֵילֶנֵי הַמַּלְכָּה	Queen Helena	Hebrew	Jewish	Rabbinic	Sifrei	Sifrei Devarim	Sifrei Devarim 42:2	https://www.sefaria.org/Sifrei_Devarim.42.2	1	sage	personal	attested		Sefaria topics (CC BY-SA) + text: Sifrei Devarim, Hebrew (Public Domain)	0.85
Lot	Q40574	Lot, nephew of Abraham	boy	לוט	Lot	Hebrew	Jewish	Rabbinic	Sifrei	Sifrei Devarim	Sifrei Devarim 43:11	https://www.sefaria.org/Sifrei_Devarim.43.11	1	human	personal	attested		Sefaria topics (CC BY-SA) + text: Sifrei Devarim, Hebrew (Public Domain)	0.9
Jehoiakim	Q319034	Jehoiakim, King of Judah	boy	יהויקים	Jehoiakim	Hebrew	Jewish	Rabbinic	Sifrei	Sifrei Devarim	Sifrei Devarim 43:29	https://www.sefaria.org/Sifrei_Devarim.43.29	1	royal	personal	attested		Sefaria topics (CC BY-SA) + text: Sifrei Devarim, Hebrew (Public Domain)	0.9
Jehoiachin	Q319049	Jehoiachin, King of Judah	boy	יהויכין	Jehoiachin	Hebrew	Jewish	Rabbinic	Sifrei	Sifrei Devarim	Sifrei Devarim 43:30	https://www.sefaria.org/Sifrei_Devarim.43.30	1	royal	personal	attested		Sefaria topics (CC BY-SA) + text: Sifrei Devarim, Hebrew (Public Domain)	0.9
Hanina	slug:jewish:rabbi-hanina-b-gamliel	Rabbi Hanina b. Gamliel, tanna	boy	רבי חנינא בן גמליאל	Rabbi Hanina b. Gamliel	Hebrew	Jewish	Rabbinic	Sifrei	Sifrei Devarim	Sifrei Devarim 76:6	https://www.sefaria.org/Sifrei_Devarim.76.6	2	sage	personal	attested		Sefaria topics (CC BY-SA) + text: Sifrei Devarim, Hebrew (Public Domain)	0.85
Mattia	Q449241	Rabbi Mattia b. Heresh, Israeli religious and scholar	boy	רבי מתיא	Rabbi Mattia b. Heresh	Hebrew	Jewish	Rabbinic	Sifrei	Sifrei Devarim	Sifrei Devarim 80:4	https://www.sefaria.org/Sifrei_Devarim.80.4	1	sage	personal	attested		Sefaria topics (CC BY-SA) + text: Sifrei Devarim, Hebrew (Public Domain)	0.85
Hanania	slug:jewish:hanania-b-azzur	Hanania b. Azzur		חֲנַנְיָה בֶּן עַזּוּר	Hanania b. Azzur	Hebrew	Jewish	Rabbinic	Sifrei	Sifrei Devarim	Sifrei Devarim 84:2	https://www.sefaria.org/Sifrei_Devarim.84.2	2	human	personal	attested		Sefaria topics (CC BY-SA) + text: Sifrei Devarim, Hebrew (Public Domain)	0.85
Shimon	slug:jewish:rabbi-shimon-b-yehudah	Rabbi Shimon b. Yehudah, tanna	boy	רבי שמעון בן יהודה	Rabbi Shimon b. Yehudah	Hebrew	Jewish	Rabbinic	Sifrei	Sifrei Devarim	Sifrei Devarim 105:4	https://www.sefaria.org/Sifrei_Devarim.105.4	2	sage	personal	attested		Sefaria topics (CC BY-SA) + text: Sifrei Devarim, Hebrew (Public Domain)	0.85
[Shimon]	Q816598	[Shimon] b. Zoma, Late 1st / early 2nd century tanna	boy	בן זומא	[Shimon] b. Zoma	Hebrew	Jewish	Rabbinic	Sifrei	Sifrei Devarim	Sifrei Devarim 106:3	https://www.sefaria.org/Sifrei_Devarim.106.3	2	sage	personal	attested		Sefaria topics (CC BY-SA) + text: Sifrei Devarim, Hebrew (Public Domain)	0.85
Eleazar	slug:jewish:rebbi-eleazar-b-matthias	Rebbi Eleazar b. Matthias		רבי אלעזר בן מתיא	Rebbi Eleazar b. Matthias	Hebrew	Jewish	Rabbinic	Sifrei	Sifrei Devarim	Sifrei Devarim 132:3	https://www.sefaria.org/Sifrei_Devarim.132.3	1	sage	personal	attested		Sefaria topics (CC BY-SA) + text: Sifrei Devarim, Hebrew (Public Domain)	0.85
Yehoshua	slug:jewish:yehoshua-b-gamla	Yehoshua b. Gamla		יהושע בן גמלא	Yehoshua b. Gamla	Hebrew	Jewish	Rabbinic	Sifrei	Sifrei Devarim	Sifrei Devarim 162:5	https://www.sefaria.org/Sifrei_Devarim.162.5	2	sage	personal	attested		Sefaria topics (CC BY-SA) + text: Sifrei Devarim, Hebrew (Public Domain)	0.85
Abba Shaul	slug:jewish:abba-shaul	Abba Shaul	boy	אבא שאול	Abba Shaul	Hebrew	Jewish	Rabbinic	Sifrei	Sifrei Devarim	Sifrei Devarim 182:2	https://www.sefaria.org/Sifrei_Devarim.182.2	2	sage	personal	attested		Sefaria topics (CC BY-SA) + text: Sifrei Devarim, Hebrew (Public Domain)	0.85
Shammai	Q467138	Shammai, Jewish scholar and an important figure in Judaism's core work of rabbinic literature, the Mishnah (50 BCE-30 CE)	boy	שמאי	Shammai	Hebrew	Jewish	Rabbinic	Sifrei	Sifrei Devarim	Sifrei Devarim 203:7	https://www.sefaria.org/Sifrei_Devarim.203.7	1	sage	personal	attested		Sefaria topics (CC BY-SA) + text: Sifrei Devarim, Hebrew (Public Domain)	0.85
Elazar	slug:jewish:rabbi-elazar-b-shimon	Rabbi Elazar b. Shimon, tanna	boy	רבי אלעזר בן שמעון	Rabbi Elazar b. Shimon	Hebrew	Jewish	Rabbinic	Sifrei	Sifrei Devarim	Sifrei Devarim 204:2	https://www.sefaria.org/Sifrei_Devarim.204.2	1	sage	personal	attested		Sefaria topics (CC BY-SA) + text: Sifrei Devarim, Hebrew (Public Domain)	0.85
Eliezer	slug:jewish:eliezer-ben-dinai	Eliezer ben Dinai		אליעזר בן דינאי	Eliezer ben Dinai	Hebrew	Jewish	Rabbinic	Sifrei	Sifrei Devarim	Sifrei Devarim 205:1	https://www.sefaria.org/Sifrei_Devarim.205.1	1	sage	personal	attested		Sefaria topics (CC BY-SA) + text: Sifrei Devarim, Hebrew (Public Domain)	0.85
Mefiboshet	Q851686	Mephibosheth, Son of Jonathan and grandson of King Saul	boy	מפיבושת	Mefiboshet	Hebrew	Jewish	Rabbinic	Sifrei	Sifrei Devarim	Sifrei Devarim 212:4	https://www.sefaria.org/Sifrei_Devarim.212.4	1	human	personal	attested		Sefaria topics (CC BY-SA) + text: Sifrei Devarim, Hebrew (Public Domain)	0.85
Zeira	slug:jewish:rav-zera	Rabbi Zeira, amora	boy	רבי זירא	Rabbi Zeira	Hebrew	Jewish	Rabbinic	Sifrei	Sifrei Devarim	Sifrei Devarim 218:7	https://www.sefaria.org/Sifrei_Devarim.218.7	1	sage	personal	attested		Sefaria topics (CC BY-SA) + text: Sifrei Devarim, Hebrew (Public Domain)	0.85
Shimon	Q338378	Shimon b. Shetach, Jewish Pharisee scholar (c. 140–60 BCE)	boy	שמעון בן שטח	Shimon b. Shetach	Hebrew	Jewish	Rabbinic	Sifrei	Sifrei Devarim	Sifrei Devarim 221:2	https://www.sefaria.org/Sifrei_Devarim.221.2	1	sage	personal	attested		Sefaria topics (CC BY-SA) + text: Sifrei Devarim, Hebrew (Public Domain)	0.85
Yishmael	slug:jewish:rabbi-yishmael-b-yohanan-b-berokah	Rabbi Yishmael b. Yohanan b. Berokah, tanna	boy	רבי ישמעאל בנו של רבי יוחנן בן ברוקה	Rabbi Yishmael b. Yohanan b. Berokah	Hebrew	Jewish	Rabbinic	Sifrei	Sifrei Devarim	Sifrei Devarim 247:3	https://www.sefaria.org/Sifrei_Devarim.247.3	1	sage	personal	attested		Sefaria topics (CC BY-SA) + text: Sifrei Devarim, Hebrew (Public Domain)	0.85
Yose	slug:jewish:rabbi-yose-b-kippar	Rabbi Yose b. Kippar, tanna	boy	רבי יוסי בן כיפר	Rabbi Yose b. Kippar	Hebrew	Jewish	Rabbinic	Sifrei	Sifrei Devarim	Sifrei Devarim 270:10	https://www.sefaria.org/Sifrei_Devarim.270.10	1	sage	personal	attested		Sefaria topics (CC BY-SA) + text: Sifrei Devarim, Hebrew (Public Domain)	0.85
Marta	slug:jewish:marta-the-daughter-of-boethus	Marta, the Daughter of Boethus		מרתא בת בייתוס	Marta, the Daughter of Boethus	Hebrew	Jewish	Rabbinic	Sifrei	Sifrei Devarim	Sifrei Devarim 281:2	https://www.sefaria.org/Sifrei_Devarim.281.2	1	sage	personal	attested		Sefaria topics (CC BY-SA) + text: Sifrei Devarim, Hebrew (Public Domain)	0.85
Chanina	Q1062209	Rabbi Chanina b. Chama, Babylonian Jewish Talmudist (died c.250)	boy	רבי חנינא בר חמא	Rabbi Chanina b. Chama	Hebrew	Jewish	Rabbinic	Sifrei	Sifrei Devarim	Sifrei Devarim 286:14	https://www.sefaria.org/Sifrei_Devarim.286.14	1	sage	personal	attested		Sefaria topics (CC BY-SA) + text: Sifrei Devarim, Hebrew (Public Domain)	0.85
Shimon	slug:jewish:rabbi-shimon-b-rabbi	Rabbi Shimon b. Rabbi	boy	רבי שמעון בן רבי	Rabbi Shimon b. Rabbi	Hebrew	Jewish	Rabbinic	Sifrei	Sifrei Devarim	Sifrei Devarim 286:16	https://www.sefaria.org/Sifrei_Devarim.286.16	2	sage	personal	attested		Sefaria topics (CC BY-SA) + text: Sifrei Devarim, Hebrew (Public Domain)	0.85
Nakdimon	slug:jewish:nakdimon	Nakdimon		נקדימון	Nakdimon	Hebrew	Jewish	Rabbinic	Sifrei	Sifrei Devarim	Sifrei Devarim 305:3	https://www.sefaria.org/Sifrei_Devarim.305.3	1	sage	personal	attested		Sefaria topics (CC BY-SA) + text: Sifrei Devarim, Hebrew (Public Domain)	0.9
Isaiah	Q188794	Isaiah, Prophet during reigns of Uzziah	boy	ישעיהו	Isaiah	Hebrew	Jewish	Rabbinic	Sifrei	Sifrei Devarim	Sifrei Devarim 306:11	https://www.sefaria.org/Sifrei_Devarim.306.11	2	prophet	personal	attested		Sefaria topics (CC BY-SA) + text: Sifrei Devarim, Hebrew (Public Domain)	0.9
Simai	slug:jewish:rebbi-simai	Rebbi Simai		רבי סימאי	Rebbi Simai	Hebrew	Jewish	Rabbinic	Sifrei	Sifrei Devarim	Sifrei Devarim 306:34	https://www.sefaria.org/Sifrei_Devarim.306.34	2	sage	personal	attested		Sefaria topics (CC BY-SA) + text: Sifrei Devarim, Hebrew (Public Domain)	0.85
Dostai	slug:jewish:rabbi-dostai-b-yehuda	Rabbi Dostai b. Yehuda, tanna	boy	רבי דוסתאי בן יהודה	Rabbi Dostai b. Yehuda	Hebrew	Jewish	Rabbinic	Sifrei	Sifrei Devarim	Sifrei Devarim 309:7	https://www.sefaria.org/Sifrei_Devarim.309.7	2	sage	personal	attested		Sefaria topics (CC BY-SA) + text: Sifrei Devarim, Hebrew (Public Domain)	0.85
Asa	Q313415	Asa, King of Judah	boy	אסא	Asa	Hebrew	Jewish	Rabbinic	Sifrei	Sifrei Devarim	Sifrei Devarim 318:11	https://www.sefaria.org/Sifrei_Devarim.318.11	1	royal	personal	attested		Sefaria topics (CC BY-SA) + text: Sifrei Devarim, Hebrew (Public Domain)	0.9
Titus	slug:jewish:titus	Titus		טיטוס	Titus	Hebrew	Jewish	Rabbinic	Sifrei	Sifrei Devarim	Sifrei Devarim 328:2	https://www.sefaria.org/Sifrei_Devarim.328.2	1	sage	personal	attested		Sefaria topics (CC BY-SA) + text: Sifrei Devarim, Hebrew (Public Domain)	0.9
Joseph	Q145746	Joseph, son of Jacob	boy	יוסף	Joseph	Hebrew	Jewish	Rabbinic	Sifrei	Sifrei Devarim	Sifrei Devarim 334:3	https://www.sefaria.org/Sifrei_Devarim.334.3	1	human	personal	attested		Sefaria topics (CC BY-SA) + text: Sifrei Devarim, Hebrew (Public Domain)	0.9
Bilhah	Q794991	Bilhah, Rachel's maidservant and mother of Dan and Naphtali	girl	בלהה	Bilhah	Hebrew	Jewish	Rabbinic	Sifrei	Sifrei Devarim	Sifrei Devarim 347:3	https://www.sefaria.org/Sifrei_Devarim.347.3	1	human	personal	attested		Sefaria topics (CC BY-SA) + text: Sifrei Devarim, Hebrew (Public Domain)	0.9
Simeon	Q1773005	Simeon, Son of Jacob and Leah	boy	שמעון	Simeon	Hebrew	Jewish	Rabbinic	Sifrei	Sifrei Devarim	Sifrei Devarim 348:7	https://www.sefaria.org/Sifrei_Devarim.348.7	2	human	personal	attested		Sefaria topics (CC BY-SA) + text: Sifrei Devarim, Hebrew (Public Domain)	0.9
Judah	Q282220	Judah, Israelite tribe	boy	יהודה	Judah	Hebrew	Jewish	Rabbinic	Sifrei	Sifrei Devarim	Sifrei Devarim 348:8	https://www.sefaria.org/Sifrei_Devarim.348.8	3	human	personal	attested		Sefaria topics (CC BY-SA) + text: Sifrei Devarim, Hebrew (Public Domain)	0.9
Pinchas	Q128063	Phinehas, Aaron's grandson	boy	פינחס	Pinchas	Hebrew	Jewish	Rabbinic	Sifrei	Sifrei Devarim	Sifrei Devarim 349:1	https://www.sefaria.org/Sifrei_Devarim.349.1	1	human	personal	attested		Sefaria topics (CC BY-SA) + text: Sifrei Devarim, Hebrew (Public Domain)	0.85
Zimri	Q203956	Zimri, Simeonite prince	boy	זמרי	Zimri	Hebrew	Jewish	Rabbinic	Sifrei	Sifrei Devarim	Sifrei Devarim 349:1	https://www.sefaria.org/Sifrei_Devarim.349.1	1	human	personal	attested		Sefaria topics (CC BY-SA) + text: Sifrei Devarim, Hebrew (Public Domain)	0.85
Benjamin	Q460763	Benjamin, Youngest son of Jacob and Rachel	boy	בנימין	Benjamin	Hebrew	Jewish	Rabbinic	Sifrei	Sifrei Devarim	Sifrei Devarim 352:5	https://www.sefaria.org/Sifrei_Devarim.352.5	4	human	personal	attested		Sefaria topics (CC BY-SA) + text: Sifrei Devarim, Hebrew (Public Domain)	0.9
Rachel	Q207389	Rachel, Wife of Jacob	girl	רחל	Rachel	Hebrew	Jewish	Rabbinic	Sifrei	Sifrei Devarim	Sifrei Devarim 352:10	https://www.sefaria.org/Sifrei_Devarim.352.10	2	human	personal	attested		Sefaria topics (CC BY-SA) + text: Sifrei Devarim, Hebrew (Public Domain)	0.9
Othniel	Q536485	Othniel, First judge of Israel	boy	עתניאל	Othniel	Hebrew	Jewish	Rabbinic	Sifrei	Sifrei Devarim	Sifrei Devarim 352:13	https://www.sefaria.org/Sifrei_Devarim.352.13	1	human	personal	attested		Sefaria topics (CC BY-SA) + text: Sifrei Devarim, Hebrew (Public Domain)	0.9
Zevulun	Q614575	Zebulun, Israelite tribe	boy	זבולון	Zevulun	Hebrew	Jewish	Rabbinic	Sifrei	Sifrei Devarim	Sifrei Devarim 354:2	https://www.sefaria.org/Sifrei_Devarim.354.2	1	human	personal	attested		Sefaria topics (CC BY-SA) + text: Sifrei Devarim, Hebrew (Public Domain)	0.9
Naftali	Q1771963	Naphtali, Son of Jacob	boy	נפתלי	Naftali	Hebrew	Jewish	Rabbinic	Sifrei	Sifrei Devarim	Sifrei Devarim 355:15	https://www.sefaria.org/Sifrei_Devarim.355.15	1	human	personal	attested		Sefaria topics (CC BY-SA) + text: Sifrei Devarim, Hebrew (Public Domain)	0.9
Asher	Q1775026	Asher, Son of Jacob and Zilpah	boy	אשר	Asher	Hebrew	Jewish	Rabbinic	Sifrei	Sifrei Devarim	Sifrei Devarim 355:23	https://www.sefaria.org/Sifrei_Devarim.355.23	1	human	personal	attested		Sefaria topics (CC BY-SA) + text: Sifrei Devarim, Hebrew (Public Domain)	0.9
Gideon	Q176125	Gideon, Judge of Israel	boy	גדעון	Gideon	Hebrew	Jewish	Rabbinic	Sifrei	Sifrei Devarim	Sifrei Devarim 357:13	https://www.sefaria.org/Sifrei_Devarim.357.13	1	human	personal	attested		Sefaria topics (CC BY-SA) + text: Sifrei Devarim, Hebrew (Public Domain)	0.85
Barukh ben Neriah	Q599907	Baruch, Jeremiah's scribe who recorded and delivered his prophecies	boy	ברוך בן נריה	Barukh ben Neriah	Hebrew	Jewish	Rabbinic	Mishneh Torah	Mishneh Torah, Transmission of the Oral Law	Mishneh Torah, Transmission of the Oral Law 6	https://www.sefaria.org/Mishneh_Torah,_Transmission_of_the_Oral_Law.6	1	human	personal	attested		Sefaria topics (CC BY-SA) + text: Mechon Mamre Mishneh Torah (Public Domain)	0.9
Nehemiah	slug:biblical:nehemiah@neh.1.1-	Nehemiah, Governor of Judah	boy	נחמיה	Nehemiah	Hebrew	Jewish	Rabbinic	Mishneh Torah	Mishneh Torah, Transmission of the Oral Law	Mishneh Torah, Transmission of the Oral Law 7	https://www.sefaria.org/Mishneh_Torah,_Transmission_of_the_Oral_Law.7	1	human	personal	attested		Sefaria topics (CC BY-SA) + text: Mechon Mamre Mishneh Torah (Public Domain)	0.85
Yose	Q2906625	Yose b. Yochanan, Chief Justice of the Sanhedrin in the 2nd century	boy	יוסי בן יוחנן	Yose b. Yochanan	Hebrew	Jewish	Rabbinic	Mishneh Torah	Mishneh Torah, Transmission of the Oral Law	Mishneh Torah, Transmission of the Oral Law 8	https://www.sefaria.org/Mishneh_Torah,_Transmission_of_the_Oral_Law.8	1	sage	personal	attested		Sefaria topics (CC BY-SA) + text: Mechon Mamre Mishneh Torah (Public Domain)	0.85
Nittai haArbeli	Q2778144	Nittai haArbeli, Jewish rabbi, vice president of the Sanhedrin	boy	נתאי הארבלי	Nittai haArbeli	Hebrew	Jewish	Rabbinic	Mishneh Torah	Mishneh Torah, Transmission of the Oral Law	Mishneh Torah, Transmission of the Oral Law 8	https://www.sefaria.org/Mishneh_Torah,_Transmission_of_the_Oral_Law.8	1	sage	personal	attested		Sefaria topics (CC BY-SA) + text: Mechon Mamre Mishneh Torah (Public Domain)	0.85
Yehudah	Q2907372	Yehudah b. Tabbai, Pharisee scholar, Chief Justice of the Sanhedrin	boy	רבי יהודה בן טבאי	Yehudah b. Tabbai	Hebrew	Jewish	Rabbinic	Mishneh Torah	Mishneh Torah, Transmission of the Oral Law	Mishneh Torah, Transmission of the Oral Law 8	https://www.sefaria.org/Mishneh_Torah,_Transmission_of_the_Oral_Law.8	1	sage	personal	attested		Sefaria topics (CC BY-SA) + text: Mechon Mamre Mishneh Torah (Public Domain)	0.85
Shimon	Q338378	Shimon b. Shetach, Jewish Pharisee scholar (c. 140–60 BCE)	boy	שמעון בן שטח	Shimon b. Shetach	Hebrew	Jewish	Rabbinic	Mishneh Torah	Mishneh Torah, Transmission of the Oral Law	Mishneh Torah, Transmission of the Oral Law 8	https://www.sefaria.org/Mishneh_Torah,_Transmission_of_the_Oral_Law.8	2	sage	personal	attested		Sefaria topics (CC BY-SA) + text: Mechon Mamre Mishneh Torah (Public Domain)	0.85
Yochanan	Q733660	Rabban Yochanan ben Zakkai, 1st-century rabbi and an important Jewish sage	boy	רבן יוחנן בן זכאי	Rabban Yochanan ben Zakkai	Hebrew	Jewish	Rabbinic	Mishneh Torah	Mishneh Torah, Transmission of the Oral Law	Mishneh Torah, Transmission of the Oral Law 8	https://www.sefaria.org/Mishneh_Torah,_Transmission_of_the_Oral_Law.8	4	sage	personal	attested		Sefaria topics (CC BY-SA) + text: Mechon Mamre Mishneh Torah (Public Domain)	0.85
Eliezer	slug:jewish:rabbi-eliezer-b-hyrcanus	Rabbi Eliezer b. Hyrcanus, tanna	boy	רבי אליעזר	Rabbi Eliezer b. Hyrcanus	Hebrew	Jewish	Rabbinic	Mishneh Torah	Mishneh Torah, Transmission of the Oral Law	Mishneh Torah, Transmission of the Oral Law 9	https://www.sefaria.org/Mishneh_Torah,_Transmission_of_the_Oral_Law.9	2	sage	personal	attested		Sefaria topics (CC BY-SA) + text: Mechon Mamre Mishneh Torah (Public Domain)	0.85
Shimon	Q557405	Rabbi Shimon bar Yochai, Jewish rabbi author of the Zohar	boy	רבי שמעון בר יוחאי	Rabbi Shimon bar Yochai	Hebrew	Jewish	Rabbinic	Mishneh Torah	Mishneh Torah, Transmission of the Oral Law	Mishneh Torah, Transmission of the Oral Law 9	https://www.sefaria.org/Mishneh_Torah,_Transmission_of_the_Oral_Law.9	3	sage	personal	attested		Sefaria topics (CC BY-SA) + text: Mechon Mamre Mishneh Torah (Public Domain)	0.85
Shimon	slug:jewish:rabbi-shimon-b-netanel	Rabbi Shimon b. Netanel		רבי שמעון בן נתנאל	Rabbi Shimon b. Netanel	Hebrew	Jewish	Rabbinic	Mishneh Torah	Mishneh Torah, Transmission of the Oral Law	Mishneh Torah, Transmission of the Oral Law 9	https://www.sefaria.org/Mishneh_Torah,_Transmission_of_the_Oral_Law.9	1	sage	personal	attested		Sefaria topics (CC BY-SA) + text: Mechon Mamre Mishneh Torah (Public Domain)	0.85
Elazar	Q1325789	Rabbi Elazar b. Arakh, Jewish scholar	boy	רבי אלעזר בן ערך	Rabbi Elazar b. Arakh	Hebrew	Jewish	Rabbinic	Mishneh Torah	Mishneh Torah, Transmission of the Oral Law	Mishneh Torah, Transmission of the Oral Law 9	https://www.sefaria.org/Mishneh_Torah,_Transmission_of_the_Oral_Law.9	1	sage	personal	attested		Sefaria topics (CC BY-SA) + text: Mechon Mamre Mishneh Torah (Public Domain)	0.85
Akiva	Q310821	Rabbi Akiva, Jewish scholar and sage (c. 50 – c.135)	boy	רבי עקיבא	Rabbi Akiva	Hebrew	Jewish	Rabbinic	Mishneh Torah	Mishneh Torah, Transmission of the Oral Law	Mishneh Torah, Transmission of the Oral Law 9	https://www.sefaria.org/Mishneh_Torah,_Transmission_of_the_Oral_Law.9	6	sage	personal	attested		Sefaria topics (CC BY-SA) + text: Mechon Mamre Mishneh Torah (Public Domain)	0.9
Yishmael	Q1391069	Rabbi Yishmael b. Elisha, 2nd century Mishnah rabbi	boy	רבי ישמעאל	Rabbi Yishmael b. Elisha	Hebrew	Jewish	Rabbinic	Mishneh Torah	Mishneh Torah, Transmission of the Oral Law	Mishneh Torah, Transmission of the Oral Law 9	https://www.sefaria.org/Mishneh_Torah,_Transmission_of_the_Oral_Law.9	2	sage	personal	attested		Sefaria topics (CC BY-SA) + text: Mechon Mamre Mishneh Torah (Public Domain)	0.85
Meir	Q1621623	Rabbi Meir, 2nd century Jewish sage	boy	רבי מאיר	Rabbi Meir	Hebrew	Jewish	Rabbinic	Mishneh Torah	Mishneh Torah, Transmission of the Oral Law	Mishneh Torah, Transmission of the Oral Law 9	https://www.sefaria.org/Mishneh_Torah,_Transmission_of_the_Oral_Law.9	2	sage	personal	attested		Sefaria topics (CC BY-SA) + text: Mechon Mamre Mishneh Torah (Public Domain)	0.85
Yehudah [b. Il'ai]	Q1391585	Rabbi Yehudah [b. Il'ai], rabbi	boy	רבי יהודה	Rabbi Yehudah [b. Il'ai]	Hebrew	Jewish	Rabbinic	Mishneh Torah	Mishneh Torah, Transmission of the Oral Law	Mishneh Torah, Transmission of the Oral Law 10	https://www.sefaria.org/Mishneh_Torah,_Transmission_of_the_Oral_Law.10	2	sage	personal	attested		Sefaria topics (CC BY-SA) + text: Mechon Mamre Mishneh Torah (Public Domain)	0.85
Nehemiyah	Q2902906	Rabbi Nehemiyah, 2nd century CE Jewish scholar and rabbi	boy	רבי נחמיה	Rabbi Nehemiyah	Hebrew	Jewish	Rabbinic	Mishneh Torah	Mishneh Torah, Transmission of the Oral Law	Mishneh Torah, Transmission of the Oral Law 10	https://www.sefaria.org/Mishneh_Torah,_Transmission_of_the_Oral_Law.10	1	sage	personal	attested		Sefaria topics (CC BY-SA) + text: Mechon Mamre Mishneh Torah (Public Domain)	0.85
Elazar	Q739520	Rabbi Elazar b. Shamu'a, 2nd century rabbi and tanna	boy	רבי אלעזר בן שמוע	Rabbi Elazar b. Shamu'a	Hebrew	Jewish	Rabbinic	Mishneh Torah	Mishneh Torah, Transmission of the Oral Law	Mishneh Torah, Transmission of the Oral Law 10	https://www.sefaria.org/Mishneh_Torah,_Transmission_of_the_Oral_Law.10	2	sage	personal	attested		Sefaria topics (CC BY-SA) + text: Mechon Mamre Mishneh Torah (Public Domain)	0.85
Yohanan Hasandlar	Q449248	Rabbi Yohanan Hasandlar, fourth generation tanna	boy	ר יוחנן הסנדלר	Rabbi Yohanan Hasandlar	Hebrew	Jewish	Rabbinic	Mishneh Torah	Mishneh Torah, Transmission of the Oral Law	Mishneh Torah, Transmission of the Oral Law 10	https://www.sefaria.org/Mishneh_Torah,_Transmission_of_the_Oral_Law.10	1	sage	personal	attested		Sefaria topics (CC BY-SA) + text: Mechon Mamre Mishneh Torah (Public Domain)	0.85
Yochanan	Q1397565	Rabbi Yochanan b. Napacha, 3rd-century Judean rabbi	boy	רבי יוחנן	Rabbi Yochanan b. Napacha	Hebrew	Jewish	Rabbinic	Mishneh Torah	Mishneh Torah, Transmission of the Oral Law	Mishneh Torah, Transmission of the Oral Law 10	https://www.sefaria.org/Mishneh_Torah,_Transmission_of_the_Oral_Law.10	7	sage	personal	attested		Sefaria topics (CC BY-SA) + text: Mechon Mamre Mishneh Torah (Public Domain)	0.85
[Shimon]	slug:jewish:shimon-b-azzai	[Shimon] b. Azzai, tanna	boy	בן עזאי	[Shimon] b. Azzai	Hebrew	Jewish	Rabbinic	Mishneh Torah	Mishneh Torah, Transmission of the Oral Law	Mishneh Torah, Transmission of the Oral Law 10	https://www.sefaria.org/Mishneh_Torah,_Transmission_of_the_Oral_Law.10	3	sage	personal	attested		Sefaria topics (CC BY-SA) + text: Mechon Mamre Mishneh Torah (Public Domain)	0.85
Hananyah	Q982179	Rabbi Hananyah b. Teradyon, 2nd century Jewish rabbi and teacher	boy	רבי חנינה בן תרדיון	Rabbi Hananyah b. Teradyon	Hebrew	Jewish	Rabbinic	Mishneh Torah	Mishneh Torah, Transmission of the Oral Law	Mishneh Torah, Transmission of the Oral Law 10	https://www.sefaria.org/Mishneh_Torah,_Transmission_of_the_Oral_Law.10	2	sage	personal	attested		Sefaria topics (CC BY-SA) + text: Mechon Mamre Mishneh Torah (Public Domain)	0.85
Chanina	Q1062209	Rabbi Chanina b. Chama, Babylonian Jewish Talmudist (died c.250)	boy	רבי חנינא בר חמא	Rabbi Chanina b. Chama	Hebrew	Jewish	Rabbinic	Mishneh Torah	Mishneh Torah, Transmission of the Oral Law	Mishneh Torah, Transmission of the Oral Law 10	https://www.sefaria.org/Mishneh_Torah,_Transmission_of_the_Oral_Law.10	4	sage	personal	attested		Sefaria topics (CC BY-SA) + text: Mechon Mamre Mishneh Torah (Public Domain)	0.85
Tarfon	Q1268142	Rabbi Tarfon, Late 1st/early 2nd century Jewish rabbi and sage	boy	רבי טרפון	Rabbi Tarfon	Hebrew	Jewish	Rabbinic	Mishneh Torah	Mishneh Torah, Transmission of the Oral Law	Mishneh Torah, Transmission of the Oral Law 10	https://www.sefaria.org/Mishneh_Torah,_Transmission_of_the_Oral_Law.10	1	sage	personal	attested		Sefaria topics (CC BY-SA) + text: Mechon Mamre Mishneh Torah (Public Domain)	0.85
Yose haGelili	Q982173	Rabbi Yose haGelili, Jewish sage 1st and 2nd centuries CE	boy	ר יוסי הגלילי	Rabbi Yose haGelili	Hebrew	Jewish	Rabbinic	Mishneh Torah	Mishneh Torah, Transmission of the Oral Law	Mishneh Torah, Transmission of the Oral Law 10	https://www.sefaria.org/Mishneh_Torah,_Transmission_of_the_Oral_Law.10	1	sage	personal	attested		Sefaria topics (CC BY-SA) + text: Mechon Mamre Mishneh Torah (Public Domain)	0.85
Shimon	slug:jewish:rabbi-shimon-b-elazar	Rabbi Shimon b. Elazar, tanna	boy	רבי שמעון בן אלעזר	Rabbi Shimon b. Elazar	Hebrew	Jewish	Rabbinic	Mishneh Torah	Mishneh Torah, Transmission of the Oral Law	Mishneh Torah, Transmission of the Oral Law 10	https://www.sefaria.org/Mishneh_Torah,_Transmission_of_the_Oral_Law.10	1	sage	personal	attested		Sefaria topics (CC BY-SA) + text: Mechon Mamre Mishneh Torah (Public Domain)	0.85
Yohanan	slug:jewish:rabbi-yohanan-b-nuri	Rabbi Yohanan b. Nuri, tanna	boy	רבי יוחנן בן נורי	Rabbi Yohanan b. Nuri	Hebrew	Jewish	Rabbinic	Mishneh Torah	Mishneh Torah, Transmission of the Oral Law	Mishneh Torah, Transmission of the Oral Law 10	https://www.sefaria.org/Mishneh_Torah,_Transmission_of_the_Oral_Law.10	1	sage	personal	attested		Sefaria topics (CC BY-SA) + text: Mechon Mamre Mishneh Torah (Public Domain)	0.85
Gamliel haZaken	Q310584	Rabban Gamliel haZaken (I), first-century leading authority on Jewish law in the Sanhedrin	boy	רבן גמליאל הזקן	Rabban Gamliel haZaken (I)	Hebrew	Jewish	Rabbinic	Mishneh Torah	Mishneh Torah, Transmission of the Oral Law	Mishneh Torah, Transmission of the Oral Law 11	https://www.sefaria.org/Mishneh_Torah,_Transmission_of_the_Oral_Law.11	2	sage	personal	attested		Sefaria topics (CC BY-SA) + text: Mechon Mamre Mishneh Torah (Public Domain)	0.85
Aphes	slug:jewish:rabbi-aphes	Rabbi Aphes, amora	boy	ר אפס	Rabbi Aphes	Hebrew	Jewish	Rabbinic	Mishneh Torah	Mishneh Torah, Transmission of the Oral Law	Mishneh Torah, Transmission of the Oral Law 16	https://www.sefaria.org/Mishneh_Torah,_Transmission_of_the_Oral_Law.16	1	sage	personal	attested		Sefaria topics (CC BY-SA) + text: Mechon Mamre Mishneh Torah (Public Domain)	0.85
Yannai	slug:jewish:rabbi-yannai	Rabbi Yannai, amora	boy	רבי ינאי	Rabbi Yannai	Hebrew	Jewish	Rabbinic	Mishneh Torah	Mishneh Torah, Transmission of the Oral Law	Mishneh Torah, Transmission of the Oral Law 16	https://www.sefaria.org/Mishneh_Torah,_Transmission_of_the_Oral_Law.16	2	sage	personal	attested		Sefaria topics (CC BY-SA) + text: Mechon Mamre Mishneh Torah (Public Domain)	0.85
Bar Kappara	Q449117	Bar Kappara, late 2nd/early 3rd century Jewish rabbi	boy	בר קפרא	Bar Kappara	Hebrew	Jewish	Rabbinic	Mishneh Torah	Mishneh Torah, Transmission of the Oral Law	Mishneh Torah, Transmission of the Oral Law 16	https://www.sefaria.org/Mishneh_Torah,_Transmission_of_the_Oral_Law.16	2	sage	personal	attested		Sefaria topics (CC BY-SA) + text: Mechon Mamre Mishneh Torah (Public Domain)	0.85
Oshaya	Q1630319	Rabbi Oshaya, early 3rd century Judean Jewish Amora	boy	רבי אושעיא	Rabbi Oshaya	Hebrew	Jewish	Rabbinic	Mishneh Torah	Mishneh Torah, Transmission of the Oral Law	Mishneh Torah, Transmission of the Oral Law 16	https://www.sefaria.org/Mishneh_Torah,_Transmission_of_the_Oral_Law.16	3	sage	personal	attested		Sefaria topics (CC BY-SA) + text: Mechon Mamre Mishneh Torah (Public Domain)	0.85
Shmuel	slug:jewish:shmuel-(amora)	Shmuel (Amora), amora	boy	שמואל (שם אמורא)	Shmuel (Amora)	Hebrew	Jewish	Rabbinic	Mishneh Torah	Mishneh Torah, Transmission of the Oral Law	Mishneh Torah, Transmission of the Oral Law 16	https://www.sefaria.org/Mishneh_Torah,_Transmission_of_the_Oral_Law.16	3	sage	personal	attested		Sefaria topics (CC BY-SA) + text: Mechon Mamre Mishneh Torah (Public Domain)	0.9
Huna	Q1794530	Rav Huna, 3rd century Babylonian Talmudist and Exilarch	boy	רב הונא	Rav Huna	Hebrew	Jewish	Rabbinic	Mishneh Torah	Mishneh Torah, Transmission of the Oral Law	Mishneh Torah, Transmission of the Oral Law 19	https://www.sefaria.org/Mishneh_Torah,_Transmission_of_the_Oral_Law.19	3	sage	personal	attested		Sefaria topics (CC BY-SA) + text: Mechon Mamre Mishneh Torah (Public Domain)	0.9
Yehudah [b. Yechezkel]	Q359777	Rav Yehudah [b. Yechezkel], Babylonian rabbi and amora (220–299)	boy	רב יהודה	Rav Yehudah [b. Yechezkel]	Hebrew	Jewish	Rabbinic	Mishneh Torah	Mishneh Torah, Transmission of the Oral Law	Mishneh Torah, Transmission of the Oral Law 19	https://www.sefaria.org/Mishneh_Torah,_Transmission_of_the_Oral_Law.19	2	sage	personal	attested		Sefaria topics (CC BY-SA) + text: Mechon Mamre Mishneh Torah (Public Domain)	0.9
Nachman [b. Ya'akov]	Q2124832	Rav Nachman [b. Ya'akov], Babylonian rabbi	boy	רב נחמן	Rav Nachman [b. Ya'akov]	Hebrew	Jewish	Rabbinic	Mishneh Torah	Mishneh Torah, Transmission of the Oral Law	Mishneh Torah, Transmission of the Oral Law 19	https://www.sefaria.org/Mishneh_Torah,_Transmission_of_the_Oral_Law.19	2	sage	personal	attested		Sefaria topics (CC BY-SA) + text: Mechon Mamre Mishneh Torah (Public Domain)	0.85
Rabbah Bar Bar Chanah	Q2124892	Rabbah Bar Bar Chanah, Talmud rabbi	boy	רבה בר בר חנה	Rabbah Bar Bar Chanah	Hebrew	Jewish	Rabbinic	Mishneh Torah	Mishneh Torah, Transmission of the Oral Law	Mishneh Torah, Transmission of the Oral Law 19	https://www.sefaria.org/Mishneh_Torah,_Transmission_of_the_Oral_Law.19	1	sage	personal	attested		Sefaria topics (CC BY-SA) + text: Mechon Mamre Mishneh Torah (Public Domain)	0.85
Assi	Q741463	Rav Assi (II), Jewish Talmudist and rabbi	boy	רב אסי (2)	Rav Assi (II)	Hebrew	Jewish	Rabbinic	Mishneh Torah	Mishneh Torah, Transmission of the Oral Law	Mishneh Torah, Transmission of the Oral Law 19	https://www.sefaria.org/Mishneh_Torah,_Transmission_of_the_Oral_Law.19	2	sage	personal	attested		Sefaria topics (CC BY-SA) + text: Mechon Mamre Mishneh Torah (Public Domain)	0.85
Dimi	slug:jewish:rav-dimi	Rav Dimi	boy	רב דימי	Rav Dimi	Hebrew	Jewish	Rabbinic	Mishneh Torah	Mishneh Torah, Transmission of the Oral Law	Mishneh Torah, Transmission of the Oral Law 19	https://www.sefaria.org/Mishneh_Torah,_Transmission_of_the_Oral_Law.19	1	sage	personal	attested		Sefaria topics (CC BY-SA) + text: Mechon Mamre Mishneh Torah (Public Domain)	0.85
Yosef [b. Chiyya]	slug:jewish:rav-yosef-b-chiyya	Rav Yosef [b. Chiyya], amora	boy	רב יוסף	Rav Yosef [b. Chiyya]	Hebrew	Jewish	Rabbinic	Mishneh Torah	Mishneh Torah, Transmission of the Oral Law	Mishneh Torah, Transmission of the Oral Law 20	https://www.sefaria.org/Mishneh_Torah,_Transmission_of_the_Oral_Law.20	1	sage	personal	attested		Sefaria topics (CC BY-SA) + text: Mechon Mamre Mishneh Torah (Public Domain)	0.9
Ashi	Q742620	Rav Ashi, Babylonian rabbi	boy	רב אשי	Rav Ashi	Hebrew	Jewish	Rabbinic	Mishneh Torah	Mishneh Torah, Transmission of the Oral Law	Mishneh Torah, Transmission of the Oral Law 20	https://www.sefaria.org/Mishneh_Torah,_Transmission_of_the_Oral_Law.20	6	sage	personal	attested		Sefaria topics (CC BY-SA) + text: Mechon Mamre Mishneh Torah (Public Domain)	0.9
Mar	slug:jewish:mar-b-rav-ashi	Mar b. Rav Ashi, amora	boy	מר בר רב אשי	Mar b. Rav Ashi	Hebrew	Jewish	Rabbinic	Mishneh Torah	Mishneh Torah, Transmission of the Oral Law	Mishneh Torah, Transmission of the Oral Law 20	https://www.sefaria.org/Mishneh_Torah,_Transmission_of_the_Oral_Law.20	1	sage	title	attested		Sefaria topics (CC BY-SA) + text: Mechon Mamre Mishneh Torah (Public Domain)	0.9
Ravina	slug:jewish:ravina-(i)	Ravina (I), amora	boy	רבינא (1)	Ravina (I)	Hebrew	Jewish	Rabbinic	Mishneh Torah	Mishneh Torah, Transmission of the Oral Law	Mishneh Torah, Transmission of the Oral Law 20	https://www.sefaria.org/Mishneh_Torah,_Transmission_of_the_Oral_Law.20	3	sage	personal	attested		Sefaria topics (CC BY-SA) + text: Mechon Mamre Mishneh Torah (Public Domain)	0.9
Abaye	Q304924	Abaye, rabbi	boy	אביי	Abaye	Hebrew	Jewish	Rabbinic	Mishneh Torah	Mishneh Torah, Transmission of the Oral Law	Mishneh Torah, Transmission of the Oral Law 20	https://www.sefaria.org/Mishneh_Torah,_Transmission_of_the_Oral_Law.20	1	sage	personal	attested		Sefaria topics (CC BY-SA) + text: Mechon Mamre Mishneh Torah (Public Domain)	0.9
Rava	Q1304973	Rava, talmudist	boy	רבא	Rava	Hebrew	Jewish	Rabbinic	Mishneh Torah	Mishneh Torah, Transmission of the Oral Law	Mishneh Torah, Transmission of the Oral Law 20	https://www.sefaria.org/Mishneh_Torah,_Transmission_of_the_Oral_Law.20	1	sage	personal	attested		Sefaria topics (CC BY-SA) + text: Mechon Mamre Mishneh Torah (Public Domain)	0.9
Rabbah [b. Nachmani]	slug:jewish:rabbah-b-nachmani	Rabbah [b. Nachmani], amora	boy	רבה	Rabbah [b. Nachmani]	Hebrew	Jewish	Rabbinic	Mishneh Torah	Mishneh Torah, Transmission of the Oral Law	Mishneh Torah, Transmission of the Oral Law 20	https://www.sefaria.org/Mishneh_Torah,_Transmission_of_the_Oral_Law.20	1	sage	personal	attested		Sefaria topics (CC BY-SA) + text: Mechon Mamre Mishneh Torah (Public Domain)	0.9
"That Man"	slug:jewish:that-man	"That Man"		אותו האיש	"That Man"	Hebrew	Jewish	Rabbinic	Mishneh Torah	Mishneh Torah, Foundations of the Torah	Mishneh Torah, Foundations of the Torah 1:10	https://www.sefaria.org/Mishneh_Torah,_Foundations_of_the_Torah.1.10	9	sage	personal	attested		Sefaria topics (CC BY-SA) + text: Torat Emet 363 (Public Domain)	0.85
Sheva	slug:jewish:sheva-the-son-of-bichri	Sheva, the Son of Bichri		שבע בן בכרי	Sheva, the Son of Bichri	Hebrew	Jewish	Rabbinic	Mishneh Torah	Mishneh Torah, Foundations of the Torah	Mishneh Torah, Foundations of the Torah 5:5	https://www.sefaria.org/Mishneh_Torah,_Foundations_of_the_Torah.5.5	1	human	personal	attested		Sefaria topics (CC BY-SA) + text: Torat Emet 363 (Public Domain)	0.85
Jacob	Q289957	Jacob (Israel), patriarch, son of Isaac	boy	יעקב	Jacob	Hebrew	Jewish	Rabbinic	Mishneh Torah	Mishneh Torah, Foundations of the Torah	Mishneh Torah, Foundations of the Torah 7:3	https://www.sefaria.org/Mishneh_Torah,_Foundations_of_the_Torah.7.3	2	human	personal	attested		Sefaria topics (CC BY-SA) + text: Torat Emet 363 (Public Domain)	0.9
Moses	Q9077	Moses, prophet who led the Israelites out of Egypt	boy	משה	Moses	Hebrew	Jewish	Rabbinic	Mishneh Torah	Mishneh Torah, Foundations of the Torah	Mishneh Torah, Foundations of the Torah 7:6	https://www.sefaria.org/Mishneh_Torah,_Foundations_of_the_Torah.7.6	4	human	personal	attested		Sefaria topics (CC BY-SA) + text: Torat Emet 363 (Public Domain)	0.9
Elijah	Q133507	Elijah, prophet	boy	אליהו	Elijah	Hebrew	Jewish	Rabbinic	Mishneh Torah	Mishneh Torah, Foundations of the Torah	Mishneh Torah, Foundations of the Torah 9:3	https://www.sefaria.org/Mishneh_Torah,_Foundations_of_the_Torah.9.3	1	prophet	personal	attested		Sefaria topics (CC BY-SA) + text: Torat Emet 363 (Public Domain)	0.9
Hanania	slug:jewish:hanania-b-azzur	Hanania b. Azzur		חֲנַנְיָה בֶּן עַזּוּר	Hanania b. Azzur	Hebrew	Jewish	Rabbinic	Mishneh Torah	Mishneh Torah, Foundations of the Torah	Mishneh Torah, Foundations of the Torah 10:4	https://www.sefaria.org/Mishneh_Torah,_Foundations_of_the_Torah.10.4	1	human	personal	attested		Sefaria topics (CC BY-SA) + text: Torat Emet 363 (Public Domain)	0.85
Abba Mari	slug:jewish:rebbi-abba-mari	Rebbi Abba Mari		רִבִּי אַבָּא מָרִי	Rebbi Abba Mari	Hebrew	Jewish	Rabbinic	Mishneh Torah	Mishneh Torah, Torah Study	Mishneh Torah, Torah Study 4:3	https://www.sefaria.org/Mishneh_Torah,_Torah_Study.4.3	4	sage	personal	attested		Sefaria topics (CC BY-SA) + text: Torat Emet 363 (Public Domain)	0.85
Jeroboam (Son of Nebat)	Q313219	Jeroboam, First king of the northern kingdom of Israel	boy	ירבעם בן נבט	Jeroboam (Son of Nebat)	Hebrew	Jewish	Rabbinic	Mishneh Torah	Mishneh Torah, Torah Study	Mishneh Torah, Torah Study 7:1	https://www.sefaria.org/Mishneh_Torah,_Torah_Study.7.1	1	royal	personal	attested		Sefaria topics (CC BY-SA) + text: Torat Emet 363 (Public Domain)	0.85
Abraham	Q9181	Abraham, patriarch	boy	אברהם	Abraham	Hebrew	Jewish	Rabbinic	Mishneh Torah	Mishneh Torah, Foreign Worship and Customs of the Nations	Mishneh Torah, Foreign Worship and Customs of the Nations 1:2	https://www.sefaria.org/Mishneh_Torah,_Foreign_Worship_and_Customs_of_the_Nations.1.2	6	human	personal	attested		Sefaria topics (CC BY-SA) + text: Torat Emet 363 (Public Domain)	0.9
Menashe (King of Judah)	Q156328	Manasseh, King of Judah	boy	המלך מנשה	Menashe (King of Judah)	Hebrew	Jewish	Rabbinic	Mishneh Torah	Mishneh Torah, Repentance	Mishneh Torah, Repentance 3:10	https://www.sefaria.org/Mishneh_Torah,_Repentance.3.10	1	royal	personal	attested		Sefaria topics (CC BY-SA) + text: Torat Emet 363 (Public Domain)	0.9
Pharaoh	Q659203	Pharaoh, king of Egypt in the Exodus story	boy	פרעה	Pharaoh	Hebrew	Jewish	Rabbinic	Mishneh Torah	Mishneh Torah, Repentance	Mishneh Torah, Repentance 6:3	https://www.sefaria.org/Mishneh_Torah,_Repentance.6.3	1	royal	personal	attested		Sefaria topics (CC BY-SA) + text: Torat Emet 363 (Public Domain)	0.9
Ezra	Q191787	Ezra, Priest	boy	עזרא	Ezra	Hebrew	Jewish	Rabbinic	Mishneh Torah	Mishneh Torah, Prayer and the Priestly Blessing	Mishneh Torah, Prayer and the Priestly Blessing 12:1	https://www.sefaria.org/Mishneh_Torah,_Prayer_and_the_Priestly_Blessing.12.1	5	human	personal	attested		Sefaria topics (CC BY-SA) + text: Torat Emet 370 (Public Domain)	0.9
Isaiah	Q188794	Isaiah, Prophet during reigns of Uzziah	boy	ישעיהו	Isaiah	Hebrew	Jewish	Rabbinic	Mishneh Torah	Mishneh Torah, Prayer and the Priestly Blessing	Mishneh Torah, Prayer and the Priestly Blessing 13:19	https://www.sefaria.org/Mishneh_Torah,_Prayer_and_the_Priestly_Blessing.13.19	1	prophet	personal	attested		Sefaria topics (CC BY-SA) + text: Torat Emet 370 (Public Domain)	0.9
Hillel	Q319219	Hillel, Jewish religious leader of the 1st century	boy	הִלֵּל	Hillel	Hebrew	Jewish	Rabbinic	Mishneh Torah	Mishneh Torah, Tefillin, Mezuzah and the Torah Scroll	Mishneh Torah, Tefillin, Mezuzah and the Torah Scroll 2:11	https://www.sefaria.org/Mishneh_Torah,_Tefillin,_Mezuzah_and_the_Torah_Scroll.2.11	3	sage	personal	attested		Sefaria topics (CC BY-SA) + text: Wikisource Mishneh Torah (CC BY-SA)	0.85
Zeira	slug:jewish:rav-zera	Rabbi Zeira, amora	boy	רבי זירא	Rabbi Zeira	Hebrew	Jewish	Rabbinic	Mishneh Torah	Mishneh Torah, The Order of Prayer	Mishneh Torah, The Order of Prayer 1:2	https://www.sefaria.org/Mishneh_Torah,_The_Order_of_Prayer.1.2	1	sage	personal	attested		Sefaria topics (CC BY-SA) + text: Wikisource Mishneh Torah (CC BY-SA)	0.85
Jonadab, the Son of Rechab	Q6176487	Jehonadab, Son of Rechab	boy	יהונדב בן רכב	Jonadab, the Son of Rechab	Hebrew	Jewish	Rabbinic	Mishneh Torah	Mishneh Torah, The Order of Prayer	Mishneh Torah, The Order of Prayer 5:4	https://www.sefaria.org/Mishneh_Torah,_The_Order_of_Prayer.5.4	1	human	personal	attested		Sefaria topics (CC BY-SA) + text: Wikisource Mishneh Torah (CC BY-SA)	0.85
Joshua	Q7734	Joshua, Moses' assistant who led Israel into Canaan	boy	יהושע	Joshua	Hebrew	Jewish	Rabbinic	Mishneh Torah	Mishneh Torah, The Order of Prayer	Mishneh Torah, The Order of Prayer 5:4	https://www.sefaria.org/Mishneh_Torah,_The_Order_of_Prayer.5.4	5	human	personal	attested		Sefaria topics (CC BY-SA) + text: Wikisource Mishneh Torah (CC BY-SA)	0.9
Egypt	Q1369215	Egypt, Descendant of Ham	boy	מצרים	Egypt	Hebrew	Jewish	Rabbinic	Mishneh Torah	Mishneh Torah, Leavened and Unleavened Bread	Mishneh Torah, Leavened and Unleavened Bread 7:6	https://www.sefaria.org/Mishneh_Torah,_Leavened_and_Unleavened_Bread.7.6	2	human	personal	attested		Sefaria topics (CC BY-SA) + text: Torat Emet 363 (Public Domain)	0.9
Gedaliah	Q1497453	Gedaliah, Appointed governor of Judah by Babylonians	boy	גדליה	Gedaliah	Hebrew	Jewish	Rabbinic	Mishneh Torah	Mishneh Torah, Fasts	Mishneh Torah, Fasts 5:2	https://www.sefaria.org/Mishneh_Torah,_Fasts.5.2	1	royal	personal	attested		Sefaria topics (CC BY-SA) + text: Torat Emet 363 (Public Domain)	0.9
Zechariah	slug:biblical:zechariah@ezr.5.1-zec	Zechariah, Post-exilic prophet who wrote the book of Zechariah	boy	זכריה	Zechariah	Hebrew	Jewish	Rabbinic	Mishneh Torah	Mishneh Torah, Fasts	Mishneh Torah, Fasts 5:4	https://www.sefaria.org/Mishneh_Torah,_Fasts.5.4	1	prophet	personal	attested		Sefaria topics (CC BY-SA) + text: Torat Emet 363 (Public Domain)	0.9
Esther	Q732413	Esther, Jewish queen of Persia	girl	אסתר	Esther	Hebrew	Jewish	Rabbinic	Mishneh Torah	Mishneh Torah, Scroll of Esther and Hanukkah	Mishneh Torah, Scroll of Esther and Hanukkah 2:15	https://www.sefaria.org/Mishneh_Torah,_Scroll_of_Esther_and_Hanukkah.2.15	3	human	personal	attested		Sefaria topics (CC BY-SA) + text: Torat Emet 363 (Public Domain)	0.9
[Shimon]	Q816598	[Shimon] b. Zoma, Late 1st / early 2nd century tanna	boy	בן זומא	[Shimon] b. Zoma	Hebrew	Jewish	Rabbinic	Mishneh Torah	Mishneh Torah, Marriage	Mishneh Torah, Marriage 8:5	https://www.sefaria.org/Mishneh_Torah,_Marriage.8.5	1	sage	personal	attested		Sefaria topics (CC BY-SA) + text: Torat Emet 363 (Public Domain)	0.85
Abner	Q1133337	Abner, Saul's cousin and commander of his army	boy	אבנר	Abner	Hebrew	Jewish	Rabbinic	Mishneh Torah	Mishneh Torah, Marriage	Mishneh Torah, Marriage 8:5	https://www.sefaria.org/Mishneh_Torah,_Marriage.8.5	1	human	personal	attested		Sefaria topics (CC BY-SA) + text: Torat Emet 363 (Public Domain)	0.9
Elazar	slug:jewish:rabbi-elazar-b-charsum	Rabbi Elazar b. Charsum		רבי אלעזר בן חרסום	Rabbi Elazar b. Charsum	Hebrew	Jewish	Rabbinic	Mishneh Torah	Mishneh Torah, Marriage	Mishneh Torah, Marriage 8:5	https://www.sefaria.org/Mishneh_Torah,_Marriage.8.5	1	sage	personal	attested		Sefaria topics (CC BY-SA) + text: Torat Emet 363 (Public Domain)	0.85
Elazar	Q1325787	Rabbi Elazar b. Azaryah, 1st-century CE Jewish rabbi and Tannaim sage	boy	רבי אלעזר בן עזריה	Rabbi Elazar b. Azaryah	Hebrew	Jewish	Rabbinic	Mishneh Torah	Mishneh Torah, Marriage	Mishneh Torah, Marriage 8:5	https://www.sefaria.org/Mishneh_Torah,_Marriage.8.5	1	sage	personal	attested		Sefaria topics (CC BY-SA) + text: Torat Emet 363 (Public Domain)	0.85
Alexander	slug:jewish:alexander	Alexander the Great		אלכסנדר	Alexander the Great	Hebrew	Jewish	Rabbinic	Mishneh Torah	Mishneh Torah, Divorce	Mishneh Torah, Divorce 1:27	https://www.sefaria.org/Mishneh_Torah,_Divorce.1.27	1	sage	personal	attested		Sefaria topics (CC BY-SA) + text: Torat Emet 363 (Public Domain)	0.85
Zimri	Q203956	Zimri, Simeonite prince	boy	זמרי	Zimri	Hebrew	Jewish	Rabbinic	Mishneh Torah	Mishneh Torah, Forbidden Intercourse	Mishneh Torah, Forbidden Intercourse 12:5	https://www.sefaria.org/Mishneh_Torah,_Forbidden_Intercourse.12.5	1	human	personal	attested		Sefaria topics (CC BY-SA) + text: Torat Emet 363 (Public Domain)	0.9
Ruth	Q1774982	Ruth, Moabite woman	girl	רות	Ruth	Hebrew	Jewish	Rabbinic	Mishneh Torah	Mishneh Torah, Forbidden Intercourse	Mishneh Torah, Forbidden Intercourse 13:4	https://www.sefaria.org/Mishneh_Torah,_Forbidden_Intercourse.13.4	2	human	personal	attested		Sefaria topics (CC BY-SA) + text: Torat Emet 363 (Public Domain)	0.9
King Solomon	Q37085	Solomon, king of Israel, son of David	boy	שְׁלֹמֹה	King Solomon	Hebrew	Jewish	Rabbinic	Mishneh Torah	Mishneh Torah, Forbidden Intercourse	Mishneh Torah, Forbidden Intercourse 13:16	https://www.sefaria.org/Mishneh_Torah,_Forbidden_Intercourse.13.16	2	royal	personal	attested		Sefaria topics (CC BY-SA) + text: Torat Emet 363 (Public Domain)	0.9
Samson	Q214648	Samson, Israelite judge with great strength from God	boy	שמשון	Samson	Hebrew	Jewish	Rabbinic	Mishneh Torah	Mishneh Torah, Forbidden Intercourse	Mishneh Torah, Forbidden Intercourse 13:16	https://www.sefaria.org/Mishneh_Torah,_Forbidden_Intercourse.13.16	1	human	personal	attested		Sefaria topics (CC BY-SA) + text: Torat Emet 363 (Public Domain)	0.9
King David	Q41370	David, king of Israel	boy	דוד המלך	King David	Hebrew	Jewish	Rabbinic	Mishneh Torah	Mishneh Torah, Heave Offerings	Mishneh Torah, Heave Offerings 1:3	https://www.sefaria.org/Mishneh_Torah,_Heave_Offerings.1.3	2	royal	personal	attested		Sefaria topics (CC BY-SA) + text: Torat Emet 363 (Public Domain)	0.9
Yochanan	slug:jewish:yochanan-the-high-priest	Yochanan the High Priest		יוחנן כהן גדול	Yochanan the High Priest	Hebrew	Jewish	Rabbinic	Mishneh Torah	Mishneh Torah, Tithes	Mishneh Torah, Tithes 9:1	https://www.sefaria.org/Mishneh_Torah,_Tithes.9.1	1	sage	personal	attested		Sefaria topics (CC BY-SA) + text: Torat Emet 363 (Public Domain)	0.9
Yoash (King of Judah)	Q313229	Joash, King of Judah	boy	יואש (מלך יהודה)	Yoash (King of Judah)	Hebrew	Jewish	Rabbinic	Mishneh Torah	Mishneh Torah, Vessels of the Sanctuary and Those Who Serve Therein	Mishneh Torah, Vessels of the Sanctuary and Those Who Serve Therein 1:11	https://www.sefaria.org/Mishneh_Torah,_Vessels_of_the_Sanctuary_and_Those_Who_Serve_Therein.1.11	1	royal	personal	attested		Sefaria topics (CC BY-SA) + text: Torat Emet 363 (Public Domain)	0.9
Navot	Q44203	Naboth, Jezreelite vineyard owner	boy	נבות	Navot	Hebrew	Jewish	Rabbinic	Mishneh Torah	Mishneh Torah, Robbery and Lost Property	Mishneh Torah, Robbery and Lost Property 1:11	https://www.sefaria.org/Mishneh_Torah,_Robbery_and_Lost_Property.1.11	1	human	personal	attested		Sefaria topics (CC BY-SA) + text: Torat Emet 363 (Public Domain)	0.9
Ahab	Q235901	Ahab, Wicked king of Israel	boy	אחאב	Ahab	Hebrew	Jewish	Rabbinic	Mishneh Torah	Mishneh Torah, Murderer and the Preservation of Life	Mishneh Torah, Murderer and the Preservation of Life 4:9	https://www.sefaria.org/Mishneh_Torah,_Murderer_and_the_Preservation_of_Life.4.9	1	royal	personal	attested		Sefaria topics (CC BY-SA) + text: Torat Emet 363 (Public Domain)	0.9
Yoav	Q1141064	Joab, Son of Zeruiah	boy	יואב	Yoav	Hebrew	Jewish	Rabbinic	Mishneh Torah	Mishneh Torah, Murderer and the Preservation of Life	Mishneh Torah, Murderer and the Preservation of Life 7:8	https://www.sefaria.org/Mishneh_Torah,_Murderer_and_the_Preservation_of_Life.7.8	1	human	personal	attested		Sefaria topics (CC BY-SA) + text: Torat Emet 363 (Public Domain)	0.85
Daniel	Q171724	Daniel, Prophet in Babylon	boy	דניאל	Daniel	Hebrew	Jewish	Rabbinic	Mishneh Torah	Mishneh Torah, Murderer and the Preservation of Life	Mishneh Torah, Murderer and the Preservation of Life 12:15	https://www.sefaria.org/Mishneh_Torah,_Murderer_and_the_Preservation_of_Life.12.15	1	prophet	personal	attested		Sefaria topics (CC BY-SA) + text: Torat Emet 363 (Public Domain)	0.9
Ezekiel	Q194064	Ezekiel, Prophet during Babylonian exile	boy	יחזקאל	Ezekiel	Hebrew	Jewish	Rabbinic	Mishneh Torah	Mishneh Torah, Mourning	Mishneh Torah, Mourning 4:9	https://www.sefaria.org/Mishneh_Torah,_Mourning.4.9	1	prophet	personal	attested		Sefaria topics (CC BY-SA) + text: Torat Emet 363 (Public Domain)	0.9
Batsheva	Q272277	Bathsheba, Wife of Uriah	girl	בת שבע	Batsheva	Hebrew	Jewish	Rabbinic	Mishneh Torah	Mishneh Torah, Mourning	Mishneh Torah, Mourning 5:5	https://www.sefaria.org/Mishneh_Torah,_Mourning.5.5	1	human	personal	attested		Sefaria topics (CC BY-SA) + text: Torat Emet 363 (Public Domain)	0.85
Eliakim	Q9252684	Eliakim, Biblical character, son of Hilkiah	boy	אליקים	Eliakim	Hebrew	Jewish	Rabbinic	Mishneh Torah	Mishneh Torah, Mourning	Mishneh Torah, Mourning 9:7	https://www.sefaria.org/Mishneh_Torah,_Mourning.9.7	1	human	personal	attested		Sefaria topics (CC BY-SA) + text: Torat Emet 363 (Public Domain)	0.85
Joahe	slug:jewish:joahe-son-of-asaph	Joahe son of Asaph		יואח בן אסף	Joahe son of Asaph	Hebrew	Jewish	Rabbinic	Mishneh Torah	Mishneh Torah, Mourning	Mishneh Torah, Mourning 9:7	https://www.sefaria.org/Mishneh_Torah,_Mourning.9.7	1	human	personal	attested		Sefaria topics (CC BY-SA) + text: Torat Emet 363 (Public Domain)	0.85
Adoniah	Q360378	Adonijah, Son of David who attempted to seize the throne	boy	אדוניה	Adoniah	Hebrew	Jewish	Rabbinic	Mishneh Torah	Mishneh Torah, Kings and Wars	Mishneh Torah, Kings and Wars 1:12	https://www.sefaria.org/Mishneh_Torah,_Kings_and_Wars.1.12	1	human	personal	attested		Sefaria topics (CC BY-SA) + text: Torat Emet 363 (Public Domain)	0.9
Shimei	slug:biblical:shimei@2sa.16.5-1ki	Shimei, Benjamite who cursed David during Absalom's rebellion	boy	שמעי	Shimei	Hebrew	Jewish	Rabbinic	Mishneh Torah	Mishneh Torah, Kings and Wars	Mishneh Torah, Kings and Wars 3:8	https://www.sefaria.org/Mishneh_Torah,_Kings_and_Wars.3.8	1	human	personal	attested		Sefaria topics (CC BY-SA) + text: Torat Emet 363 (Public Domain)	0.9
Amalek	Q16010675	Amalek, Grandson of Esau	boy	עמלק	Amalek	Hebrew	Jewish	Rabbinic	Mishneh Torah	Mishneh Torah, Kings and Wars	Mishneh Torah, Kings and Wars 5:5	https://www.sefaria.org/Mishneh_Torah,_Kings_and_Wars.5.5	2	human	personal	attested		Sefaria topics (CC BY-SA) + text: Torat Emet 363 (Public Domain)	0.9
Absalom	Q205372	Absalom, David's rebellious son who tried to usurp the throne	boy	אבשלום	Absalom	Hebrew	Jewish	Rabbinic	Mishneh Torah	Mishneh Torah, Kings and Wars	Mishneh Torah, Kings and Wars 8:8	https://www.sefaria.org/Mishneh_Torah,_Kings_and_Wars.8.8	1	human	personal	attested		Sefaria topics (CC BY-SA) + text: Torat Emet 363 (Public Domain)	0.9
Tamar (daughter of David)	slug:biblical:tamar@2sa.13.1-1ch	Tamar, David's daughter	girl	תמר (בת דוד)	Tamar (daughter of David)	Hebrew	Jewish	Rabbinic	Mishneh Torah	Mishneh Torah, Kings and Wars	Mishneh Torah, Kings and Wars 8:8	https://www.sefaria.org/Mishneh_Torah,_Kings_and_Wars.8.8	1	human	personal	attested		Sefaria topics (CC BY-SA) + text: Torat Emet 363 (Public Domain)	0.9
Amram	Q477527	Amram, Father of Moses	boy	עמרם	Amram	Hebrew	Jewish	Rabbinic	Mishneh Torah	Mishneh Torah, Kings and Wars	Mishneh Torah, Kings and Wars 9:1	https://www.sefaria.org/Mishneh_Torah,_Kings_and_Wars.9.1	1	human	personal	attested		Sefaria topics (CC BY-SA) + text: Torat Emet 363 (Public Domain)	0.9
Shechem	slug:biblical:shechem@gen.33.19-	Shechem, Founded the city where Dinah was raped	boy	שכם	Shechem	Hebrew	Jewish	Rabbinic	Mishneh Torah	Mishneh Torah, Kings and Wars	Mishneh Torah, Kings and Wars 9:14	https://www.sefaria.org/Mishneh_Torah,_Kings_and_Wars.9.14	1	human	personal	attested		Sefaria topics (CC BY-SA) + text: Torat Emet 363 (Public Domain)	0.9
Bar Kokhba	slug:jewish:bar-kokhba	Bar Kokhba		בר כוכבא	Bar Kokhba	Hebrew	Jewish	Rabbinic	Mishneh Torah	Mishneh Torah, Kings and Wars	Mishneh Torah, Kings and Wars 11:3	https://www.sefaria.org/Mishneh_Torah,_Kings_and_Wars.11.3	1	sage	personal	attested		Sefaria topics (CC BY-SA) + text: Torat Emet 363 (Public Domain)	0.9
Habakkuk	Q135106	Habakkuk, A prophet who questioned God's justice	boy	חבקוק	Habakkuk	Aramaic	Jewish	Kabbalah	Zohar	Zohar	Zohar, Beshalach 1:20	https://www.sefaria.org/Zohar,_Beshalach.1.20	1	prophet	personal	attested	no open Hebrew text; the open English translation reads 'Habakkuk'	Sefaria topics (CC BY-SA) + text: The Zohar; London, Soncino Press, 1933 (Public Domain); Hebrew form from the topic page	0.9
Yitro	Q62788	Jethro, Moses' father-in-law	boy	יתרו	Yitro	Aramaic	Jewish	Kabbalah	Zohar	Zohar	Zohar, Yitro 1:27	https://www.sefaria.org/Zohar,_Yitro.1.27	1	human	personal	attested	no open Hebrew text; the open English translation reads 'Jethro'	Sefaria topics (CC BY-SA) + text: The Zohar; London, Soncino Press, 1933 (Public Domain); Hebrew form from the topic page	0.9
Balaam	Q574641	Balaam, A prophet hired to curse Israel but blessed them instead	boy	בלעם	Balaam	Aramaic	Jewish	Kabbalah	Zohar	Zohar	Zohar, Yitro 1:43	https://www.sefaria.org/Zohar,_Yitro.1.43	3	prophet	personal	attested	no open Hebrew text; the open English translation reads 'Balaam'	Sefaria topics (CC BY-SA) + text: The Zohar; London, Soncino Press, 1933 (Public Domain); Hebrew form from the topic page	0.9
Korach	Q1337316	Korah, who rebelled against Moses	boy	קרח	Korach	Aramaic	Jewish	Kabbalah	Zohar	Zohar	Zohar, Korach 1:8	https://www.sefaria.org/Zohar,_Korach.1.8	1	human	personal	attested	no open Hebrew text; the open English translation reads 'Korah'	Sefaria topics (CC BY-SA) + text: The Zohar; London, Soncino Press, 1933 (Public Domain); Hebrew form from the topic page	0.9
Nechunya	Q982191	Rabbi Nechunya b. haKanah, Jewish rabbi	boy	רבי נחוניא בן הקנה	Rabbi Nechunya b. haKanah	Hebrew	Jewish	Kabbalah	Sefer HaBahir	Sefer HaBahir	Sefer HaBahir 1	https://www.sefaria.org/Sefer_HaBahir.1	1	sage	personal	attested		Sefaria topics (CC BY-SA) + text: Torat Emet Sefer HaBahir (Public Domain)	0.85
Berekhyah	slug:jewish:rabbi-berekhyah	Rabbi Berekhyah, amora	boy	רבי ברכיה	Rabbi Berekhyah	Hebrew	Jewish	Kabbalah	Sefer HaBahir	Sefer HaBahir	Sefer HaBahir 2	https://www.sefaria.org/Sefer_HaBahir.2	7	sage	personal	attested		Sefaria topics (CC BY-SA) + text: Torat Emet Sefer HaBahir (Public Domain)	0.85
Avin	slug:jewish:rabbi-avin-(ravin)	Rabbi Avin (Son of Ravin), amora	boy	רבי אבין (בן רבין)	Rabbi Avin (Son of Ravin)	Hebrew	Jewish	Kabbalah	Sefer HaBahir	Sefer HaBahir	Sefer HaBahir 10	https://www.sefaria.org/Sefer_HaBahir.10	2	sage	personal	attested		Sefaria topics (CC BY-SA) + text: Torat Emet Sefer HaBahir (Public Domain)	0.85
Akiva	Q310821	Rabbi Akiva, Jewish scholar and sage (c. 50 – c.135)	boy	רבי עקיבא	Rabbi Akiva	Hebrew	Jewish	Kabbalah	Sefer HaBahir	Sefer HaBahir	Sefer HaBahir 19	https://www.sefaria.org/Sefer_HaBahir.19	3	sage	personal	attested		Sefaria topics (CC BY-SA) + text: Torat Emet Sefer HaBahir (Public Domain)	0.85
Yochanan	Q1397565	Rabbi Yochanan b. Napacha, 3rd-century Judean rabbi	boy	רבי יוחנן	Rabbi Yochanan b. Napacha	Hebrew	Jewish	Kabbalah	Sefer HaBahir	Sefer HaBahir	Sefer HaBahir 21	https://www.sefaria.org/Sefer_HaBahir.21	5	sage	personal	attested		Sefaria topics (CC BY-SA) + text: Torat Emet Sefer HaBahir (Public Domain)	0.85
Yannai	slug:jewish:rabbi-yannai	Rabbi Yannai, amora	boy	רבי ינאי	Rabbi Yannai	Hebrew	Jewish	Kabbalah	Sefer HaBahir	Sefer HaBahir	Sefer HaBahir 24	https://www.sefaria.org/Sefer_HaBahir.24	1	sage	personal	attested		Sefaria topics (CC BY-SA) + text: Torat Emet Sefer HaBahir (Public Domain)	0.85
Il'ai	slug:jewish:rabbi-ilai-(ii)	Rabbi Il'ai (II), amora	boy	רבי עילאי (2)	Rabbi Il'ai (II)	Hebrew	Jewish	Kabbalah	Sefer HaBahir	Sefer HaBahir	Sefer HaBahir 26	https://www.sefaria.org/Sefer_HaBahir.26	1	sage	personal	attested		Sefaria topics (CC BY-SA) + text: Torat Emet Sefer HaBahir (Public Domain)	0.85
Yishmael	Q1391069	Rabbi Yishmael b. Elisha, 2nd century Mishnah rabbi	boy	רבי ישמעאל	Rabbi Yishmael b. Elisha	Hebrew	Jewish	Kabbalah	Sefer HaBahir	Sefer HaBahir	Sefer HaBahir 32	https://www.sefaria.org/Sefer_HaBahir.32	1	sage	personal	attested		Sefaria topics (CC BY-SA) + text: Torat Emet Sefer HaBahir (Public Domain)	0.85
Hama	slug:jewish:rav-hama-b-gurya	Rav Hama b. Gurya, amora	boy	רב חמא בר גוריא	Rav Hama b. Gurya	Hebrew	Jewish	Kabbalah	Sefer HaBahir	Sefer HaBahir	Sefer HaBahir 51	https://www.sefaria.org/Sefer_HaBahir.51	1	sage	personal	attested		Sefaria topics (CC BY-SA) + text: Torat Emet Sefer HaBahir (Public Domain)	0.85
[Shimon]	Q816598	[Shimon] b. Zoma, Late 1st / early 2nd century tanna	boy	בן זומא	[Shimon] b. Zoma	Hebrew	Jewish	Kabbalah	Sefer HaBahir	Sefer HaBahir	Sefer HaBahir 63	https://www.sefaria.org/Sefer_HaBahir.63	1	sage	personal	attested		Sefaria topics (CC BY-SA) + text: Torat Emet Sefer HaBahir (Public Domain)	0.85
Meir	Q1621623	Rabbi Meir, 2nd century Jewish sage	boy	רבי מאיר	Rabbi Meir	Hebrew	Jewish	Kabbalah	Sefer HaBahir	Sefer HaBahir	Sefer HaBahir 96	https://www.sefaria.org/Sefer_HaBahir.96	1	sage	personal	attested		Sefaria topics (CC BY-SA) + text: Torat Emet Sefer HaBahir (Public Domain)	0.85
Eliezer	slug:jewish:rabbi-eliezer-b-hyrcanus	Rabbi Eliezer b. Hyrcanus, tanna	boy	רבי אליעזר	Rabbi Eliezer b. Hyrcanus	Hebrew	Jewish	Kabbalah	Sefer HaBahir	Sefer HaBahir	Sefer HaBahir 104	https://www.sefaria.org/Sefer_HaBahir.104	1	sage	personal	attested		Sefaria topics (CC BY-SA) + text: Torat Emet Sefer HaBahir (Public Domain)	0.85
Pappeyas	slug:jewish:rabbi-pappeyas	Rabbi Pappeyas, tanna	boy	ר פפייס	Rabbi Pappeyas	Hebrew	Jewish	Kabbalah	Sefer HaBahir	Sefer HaBahir	Sefer HaBahir 121	https://www.sefaria.org/Sefer_HaBahir.121	1	sage	personal	attested		Sefaria topics (CC BY-SA) + text: Torat Emet Sefer HaBahir (Public Domain)	0.85
Isaac	Q671872	Isaac, son of Abraham	boy	יצחק	Isaac	Hebrew	Jewish	Kabbalah	Sefer HaBahir	Sefer HaBahir	Sefer HaBahir 190	https://www.sefaria.org/Sefer_HaBahir.190	1	human	personal	attested		Sefaria topics (CC BY-SA) + text: Torat Emet Sefer HaBahir (Public Domain)	0.9
Shimon	slug:jewish:rabbi-shimon-b-pazzi	Rabbi Shimon b. Pazzi	boy	רבי שמעון בן פזי	Rabbi Shimon b. Pazzi	Hebrew	Jewish	Kabbalah	Sefer HaBahir	Sefer HaBahir	Sefer HaBahir 195	https://www.sefaria.org/Sefer_HaBahir.195	1	sage	personal	attested		Sefaria topics (CC BY-SA) + text: Torat Emet Sefer HaBahir (Public Domain)	0.85
