name	figure_id	figure	sex	original	translit	language	tradition	subtradition	corpus	text	passage	url	occurrences	entity_type	name_role	status	relation	source	confidence
Aaron	Q51676	Aaron, brother of Moses	boy	Aaron		English	Christian	Catholic and Orthodox	Deuterocanon	Tobit	Tobit 1:6	https://ebible.org/eng-Brenton/TOB01.htm	9	human	personal	attested	same figure as the Bible's Aaron	Brenton's Septuagint, English 1851 + Greek (eBible.org eng-Brenton / grcbrent), Public Domain	0.85
Abraham	Q9181	Abraham, patriarch	boy	Ἁβραὰμ	Habraam	Greek	Christian	Catholic and Orthodox	Deuterocanon	Judith	Judith 8:26	https://ebible.org/eng-Brenton/JDT08.htm	7	human	personal	attested	Wikidata	Brenton's Septuagint, English 1851 + Greek (eBible.org eng-Brenton / grcbrent), Public Domain + Wikidata (CC0)	0.85
Absalom	slug:deuterocanon:absalom	Absalom, named in 1 Maccabees		Ἀβεσσαλώμου	Abessalōmou	Greek	Christian	Catholic and Orthodox	Deuterocanon	1 Maccabees	1 Maccabees 11:70	https://ebible.org/eng-Brenton/1MA11.htm	2	human	personal	attested		Brenton's Septuagint, English 1851 + Greek (eBible.org eng-Brenton / grcbrent), Public Domain	0.85
Abubus	slug:deuterocanon:abubus	Abubus, named in 1 Maccabees		Ἀβούβου	Aboubou	Greek	Christian	Catholic and Orthodox	Deuterocanon	1 Maccabees	1 Maccabees 16:11	https://ebible.org/eng-Brenton/1MA16.htm	2	human	personal	attested		Brenton's Septuagint, English 1851 + Greek (eBible.org eng-Brenton / grcbrent), Public Domain	0.85
Accos	slug:deuterocanon:accos	Accos, named in 1 Maccabees		Accos		English	Christian	Catholic and Orthodox	Deuterocanon	1 Maccabees	1 Maccabees 8:17	https://ebible.org/eng-Brenton/1MA08.htm	1	human	personal	attested		Brenton's Septuagint, English 1851 + Greek (eBible.org eng-Brenton / grcbrent), Public Domain	0.85
Achiacharus	slug:deuterocanon:achiacharus	Achiacharus, named in Tobit		Ἀχιάχαρον	Achiacharon	Greek	Christian	Catholic and Orthodox	Deuterocanon	Tobit	Tobit 1:21	https://ebible.org/eng-Brenton/TOB01.htm	7	human	personal	attested		Brenton's Septuagint, English 1851 + Greek (eBible.org eng-Brenton / grcbrent), Public Domain	0.85
Achior	Q1933173	Achior, human biblical figure (Book of Judith)	boy	Ἀχιὼρ	Achiōr	Greek	Christian	Catholic and Orthodox	Deuterocanon	Judith	Judith 5:5	https://ebible.org/eng-Brenton/JDT05.htm	13	human	personal	attested	Wikidata	Brenton's Septuagint, English 1851 + Greek (eBible.org eng-Brenton / grcbrent), Public Domain + Wikidata (CC0)	0.85
Aduel	slug:deuterocanon:aduel	Aduel, named in Tobit	boy	Ἀδουὴλ	Adouēl	Greek	Christian	Catholic and Orthodox	Deuterocanon	Tobit	Tobit 1:1	https://ebible.org/eng-Brenton/TOB01.htm	1	human	personal	attested		Brenton's Septuagint, English 1851 + Greek (eBible.org eng-Brenton / grcbrent), Public Domain	0.85
Alcimus	slug:deuterocanon:alcimus	Alcimus, named in 1 Maccabees		Ἄλκιμος	Alkimos	Greek	Christian	Catholic and Orthodox	Deuterocanon	1 Maccabees	1 Maccabees 7:5	https://ebible.org/eng-Brenton/1MA07.htm	15	human	personal	attested		Brenton's Septuagint, English 1851 + Greek (eBible.org eng-Brenton / grcbrent), Public Domain	0.85
Alexander	slug:deuterocanon:alexander	Alexander, named in 1 Maccabees	boy	Ἀλέξανδρον	Alexandron	Greek	Christian	Catholic and Orthodox	Deuterocanon	1 Maccabees	1 Maccabees 1:1	https://ebible.org/eng-Brenton/1MA01.htm	27	human	personal	attested		Brenton's Septuagint, English 1851 + Greek (eBible.org eng-Brenton / grcbrent), Public Domain	0.85
Amadathes	slug:deuterocanon:amadathes	Amadathes, named in Esther (Greek)		Ἀμαδαθοῦ	Amadathou	Greek	Christian	Catholic and Orthodox	Deuterocanon	Esther (Greek)	Esther (Greek) 3:1	https://ebible.org/eng-Brenton/ESG03.htm	3	human	personal	attested		Brenton's Septuagint, English 1851 + Greek (eBible.org eng-Brenton / grcbrent), Public Domain	0.85
Aman	slug:deuterocanon:aman	Aman, named in Tobit	boy	Ἀμὰν	Aman	Greek	Christian	Catholic and Orthodox	Deuterocanon	Tobit	Tobit 14:10	https://ebible.org/eng-Brenton/TOB14.htm	48	human	personal	attested		Brenton's Septuagint, English 1851 + Greek (eBible.org eng-Brenton / grcbrent), Public Domain	0.85
Aminadab	slug:deuterocanon:aminadab	Aminadab, named in Esther (Greek)	boy	Ἀμιναδὰβ	Aminadab	Greek	Christian	Catholic and Orthodox	Deuterocanon	Esther (Greek)	Esther (Greek) 2:7	https://ebible.org/eng-Brenton/ESG02.htm	3	human	personal	attested		Brenton's Septuagint, English 1851 + Greek (eBible.org eng-Brenton / grcbrent), Public Domain	0.85
Ammon	slug:deuterocanon:ammon	Ammon, named in Judith		Ἀμμὼν	Ammōn	Greek	Christian	Catholic and Orthodox	Deuterocanon	Judith	Judith 1:12	https://ebible.org/eng-Brenton/JDT01.htm	7	human	personal	attested		Brenton's Septuagint, English 1851 + Greek (eBible.org eng-Brenton / grcbrent), Public Domain	0.85
Amos	slug:deuterocanon:amos	Amos, named in Tobit		Ἀμὼς	Amōs	Greek	Christian	Catholic and Orthodox	Deuterocanon	Tobit	Tobit 2:6	https://ebible.org/eng-Brenton/TOB02.htm	1	human	personal	attested		Brenton's Septuagint, English 1851 + Greek (eBible.org eng-Brenton / grcbrent), Public Domain	0.85
Anael	slug:deuterocanon:anael	Anael, named in Tobit	boy	Ἀναὴλ	Anaēl	Greek	Christian	Catholic and Orthodox	Deuterocanon	Tobit	Tobit 1:21	https://ebible.org/eng-Brenton/TOB01.htm	1	human	personal	attested		Brenton's Septuagint, English 1851 + Greek (eBible.org eng-Brenton / grcbrent), Public Domain	0.85
Ananias	slug:deuterocanon:ananias	Ananias, named in Tobit		Ἀζαρίας	Azarias	Greek	Christian	Catholic and Orthodox	Deuterocanon	Tobit	Tobit 5:12	https://ebible.org/eng-Brenton/TOB05.htm	3	human	personal	attested		Brenton's Septuagint, English 1851 + Greek (eBible.org eng-Brenton / grcbrent), Public Domain	0.85
Ananiel	slug:deuterocanon:ananiel	Ananiel, named in Tobit	boy	Ανανιὴλ	Ananiēl	Greek	Christian	Catholic and Orthodox	Deuterocanon	Tobit	Tobit 1:1	https://ebible.org/eng-Brenton/TOB01.htm	1	human	personal	attested		Brenton's Septuagint, English 1851 + Greek (eBible.org eng-Brenton / grcbrent), Public Domain	0.85
Andronicus	slug:deuterocanon:andronicus	Andronicus, named in 2 Maccabees	boy	Ἀνδρόνικον	Andronikon	Greek	Christian	Catholic and Orthodox	Deuterocanon	2 Maccabees	2 Maccabees 4:31	https://ebible.org/eng-Brenton/2MA04.htm	5	human	personal	attested		Brenton's Septuagint, English 1851 + Greek (eBible.org eng-Brenton / grcbrent), Public Domain	0.85
Anna	slug:deuterocanon:anna	Anna, named in Tobit	girl	Ἄνναν	Annan	Greek	Christian	Catholic and Orthodox	Deuterocanon	Tobit	Tobit 1:9	https://ebible.org/eng-Brenton/TOB01.htm	8	human	personal	attested		Brenton's Septuagint, English 1851 + Greek (eBible.org eng-Brenton / grcbrent), Public Domain	0.85
Antiochis	slug:deuterocanon:antiochis	Antiochis, named in 2 Maccabees		Ἀντιοχίδι	Antiochidi	Greek	Christian	Catholic and Orthodox	Deuterocanon	2 Maccabees	2 Maccabees 4:30	https://ebible.org/eng-Brenton/2MA04.htm	1	human	personal	attested		Brenton's Septuagint, English 1851 + Greek (eBible.org eng-Brenton / grcbrent), Public Domain	0.85
Antiochus	slug:deuterocanon:antiochus	Antiochus, named in 1 Maccabees	boy	Ἀντίοχος	Antiochos	Greek	Christian	Catholic and Orthodox	Deuterocanon	1 Maccabees	1 Maccabees 1:10	https://ebible.org/eng-Brenton/1MA01.htm	55	human	personal	attested		Brenton's Septuagint, English 1851 + Greek (eBible.org eng-Brenton / grcbrent), Public Domain	0.85
Antipater	slug:deuterocanon:antipater	Antipater, named in 1 Maccabees	boy	Ἀντίπατρον	Antipatron	Greek	Christian	Catholic and Orthodox	Deuterocanon	1 Maccabees	1 Maccabees 12:16	https://ebible.org/eng-Brenton/1MA12.htm	2	human	personal	attested		Brenton's Septuagint, English 1851 + Greek (eBible.org eng-Brenton / grcbrent), Public Domain	0.85
Apollonius	slug:deuterocanon:apollonius	Apollonius, named in 1 Maccabees	boy	Ἀπολλώνιος	Apollōnios	Greek	Christian	Catholic and Orthodox	Deuterocanon	1 Maccabees	1 Maccabees 3:10	https://ebible.org/eng-Brenton/1MA03.htm	13	human	personal	attested		Brenton's Septuagint, English 1851 + Greek (eBible.org eng-Brenton / grcbrent), Public Domain	0.85
Aretas	slug:deuterocanon:aretas	Aretas, named in 2 Maccabees	boy	Ἀρέταν	Aretan	Greek	Christian	Catholic and Orthodox	Deuterocanon	2 Maccabees	2 Maccabees 5:8	https://ebible.org/eng-Brenton/2MA05.htm	1	human	personal	attested		Brenton's Septuagint, English 1851 + Greek (eBible.org eng-Brenton / grcbrent), Public Domain	0.85
Arioch	slug:deuterocanon:arioch	Arioch, named in Judith	boy	Εἰριὼχ	Eiriōch	Greek	Christian	Catholic and Orthodox	Deuterocanon	Judith	Judith 1:6	https://ebible.org/eng-Brenton/JDT01.htm	1	human	personal	attested		Brenton's Septuagint, English 1851 + Greek (eBible.org eng-Brenton / grcbrent), Public Domain	0.85
Aristobulus	slug:deuterocanon:aristobulus	Aristobulus, named in 2 Maccabees		Ἀριστοβούλῳ	Aristoboulō	Greek	Christian	Catholic and Orthodox	Deuterocanon	2 Maccabees	2 Maccabees 1:10	https://ebible.org/eng-Brenton/2MA01.htm	1	human	personal	attested		Brenton's Septuagint, English 1851 + Greek (eBible.org eng-Brenton / grcbrent), Public Domain	0.85
Arphaxad	slug:deuterocanon:arphaxad	Arphaxad, named in Judith	boy	Ἀρφαξὰδ	Arphaxad	Greek	Christian	Catholic and Orthodox	Deuterocanon	Judith	Judith 1:1	https://ebible.org/eng-Brenton/JDT01.htm	5	human	personal	attested		Brenton's Septuagint, English 1851 + Greek (eBible.org eng-Brenton / grcbrent), Public Domain	0.85
Arsaces	slug:deuterocanon:arsaces	Arsaces, named in 1 Maccabees	boy	Ἀρσάκης	Arsakēs	Greek	Christian	Catholic and Orthodox	Deuterocanon	1 Maccabees	1 Maccabees 14:2	https://ebible.org/eng-Brenton/1MA14.htm	3	human	personal	attested		Brenton's Septuagint, English 1851 + Greek (eBible.org eng-Brenton / grcbrent), Public Domain	0.85
Artaxerxes	slug:biblical:artaxerxes@ezr.4.7-neh	Artaxerxes, Persian king during Ezra and Nehemiah's time	boy	Ἀρταξέρξης	Artaxerxēs	Greek	Christian	Catholic and Orthodox	Deuterocanon	Esther (Greek)	Esther (Greek) 1:1	https://ebible.org/eng-Brenton/ESG01.htm	16	human	personal	attested	same figure as the Bible's Artaxerxes	Brenton's Septuagint, English 1851 + Greek (eBible.org eng-Brenton / grcbrent), Public Domain	0.85
Asadias	slug:deuterocanon:asadias	Asadias, named in Baruch	boy	Ἀσαδίου	Asadiou	Greek	Christian	Catholic and Orthodox	Deuterocanon	Baruch	Baruch 1:1	https://ebible.org/eng-Brenton/BAR01.htm	1	human	personal	attested		Brenton's Septuagint, English 1851 + Greek (eBible.org eng-Brenton / grcbrent), Public Domain	0.85
Asael	slug:deuterocanon:asael	Asael, named in Tobit		Ἀσιήλ	Asiēl	Greek	Christian	Catholic and Orthodox	Deuterocanon	Tobit	Tobit 1:1	https://ebible.org/eng-Brenton/TOB01.htm	1	human	personal	attested		Brenton's Septuagint, English 1851 + Greek (eBible.org eng-Brenton / grcbrent), Public Domain	0.85
Aser	slug:deuterocanon:aser	Aser, named in Tobit		Ἀσήρ	Asēr	Greek	Christian	Catholic and Orthodox	Deuterocanon	Tobit	Tobit 1:2	https://ebible.org/eng-Brenton/TOB01.htm	1	human	personal	attested		Brenton's Septuagint, English 1851 + Greek (eBible.org eng-Brenton / grcbrent), Public Domain	0.85
Astin	slug:deuterocanon:astin	Astin, named in Esther (Greek)	girl	Ἀστὶν	Astin	Greek	Christian	Catholic and Orthodox	Deuterocanon	Esther (Greek)	Esther (Greek) 1:9	https://ebible.org/eng-Brenton/ESG01.htm	7	human	personal	attested		Brenton's Septuagint, English 1851 + Greek (eBible.org eng-Brenton / grcbrent), Public Domain	0.85
Astyages	slug:deuterocanon:astyages	Astyages, named in Bel and the Dragon	boy	Ἀστυάγης	Astyagēs	Greek	Christian	Catholic and Orthodox	Deuterocanon	Bel and the Dragon	Bel and the Dragon 1:1	https://ebible.org/eng-Brenton/BEL01.htm	1	human	personal	attested		Brenton's Septuagint, English 1851 + Greek (eBible.org eng-Brenton / grcbrent), Public Domain	0.85
Athenobius	slug:deuterocanon:athenobius	Athenobius, named in 1 Maccabees	boy	Ἀθηνόβιον	Athēnobion	Greek	Christian	Catholic and Orthodox	Deuterocanon	1 Maccabees	1 Maccabees 15:28	https://ebible.org/eng-Brenton/1MA15.htm	3	human	personal	attested		Brenton's Septuagint, English 1851 + Greek (eBible.org eng-Brenton / grcbrent), Public Domain	0.85
Avaran	slug:deuterocanon:avaran	Avaran, named in 1 Maccabees		Αὐαρὰν	Auaran	Greek	Christian	Catholic and Orthodox	Deuterocanon	1 Maccabees	1 Maccabees 2:5	https://ebible.org/eng-Brenton/1MA02.htm	1	human	personal	attested		Brenton's Septuagint, English 1851 + Greek (eBible.org eng-Brenton / grcbrent), Public Domain	0.85
Azarias	slug:deuterocanon:azarias	Azarias, named in Tobit	boy	Ἀζαρίας	Azarias	Greek	Christian	Catholic and Orthodox	Deuterocanon	Tobit	Tobit 5:12	https://ebible.org/eng-Brenton/TOB05.htm	9	human	personal	attested		Brenton's Septuagint, English 1851 + Greek (eBible.org eng-Brenton / grcbrent), Public Domain	0.85
Bacchides	slug:deuterocanon:bacchides	Bacchides, named in 1 Maccabees		Βακχίδην	Bakchidēn	Greek	Christian	Catholic and Orthodox	Deuterocanon	1 Maccabees	1 Maccabees 7:8	https://ebible.org/eng-Brenton/1MA07.htm	23	human	personal	attested		Brenton's Septuagint, English 1851 + Greek (eBible.org eng-Brenton / grcbrent), Public Domain	0.85
Balthasar	slug:deuterocanon:balthasar	Balthasar, named in Baruch	boy	Βαλτάσαρ	Baltasar	Greek	Christian	Catholic and Orthodox	Deuterocanon	Baruch	Baruch 1:11	https://ebible.org/eng-Brenton/BAR01.htm	2	human	personal	attested		Brenton's Septuagint, English 1851 + Greek (eBible.org eng-Brenton / grcbrent), Public Domain	0.85
Baruch	slug:deuterocanon:baruch	Baruch, named in Baruch	boy	Βαροὺχ	Barouch	Greek	Christian	Catholic and Orthodox	Deuterocanon	Baruch	Baruch 1:1	https://ebible.org/eng-Brenton/BAR01.htm	2	human	personal	attested		Brenton's Septuagint, English 1851 + Greek (eBible.org eng-Brenton / grcbrent), Public Domain	0.85
Benjamin	Q460763	Benjamin, Youngest son of Jacob and Rachel	boy	Βενιαμίν	Beniamin	Greek	Christian	Catholic and Orthodox	Deuterocanon	Esther (Greek)	Esther (Greek) 2:5	https://ebible.org/eng-Brenton/ESG02.htm	2	human	personal	attested	same figure as the Bible's Benjamin	Brenton's Septuagint, English 1851 + Greek (eBible.org eng-Brenton / grcbrent), Public Domain	0.85
Bethulia	Q4898113	Bethulia, city appearing as the setting of the Book of Judith		Βετυλούα	Betyloua	Greek	Christian	Catholic and Orthodox	Deuterocanon	Judith	Judith 4:6	https://ebible.org/eng-Brenton/JDT04.htm	20	human	personal	attested	Wikidata	Brenton's Septuagint, English 1851 + Greek (eBible.org eng-Brenton / grcbrent), Public Domain + Wikidata (CC0)	0.85
Betomasthem	Q113491427	Betomasthem, unidentified town mentioned in the Book of Judith		Βαιτομασθαῒμ	Baitomasthaim	Greek	Christian	Catholic and Orthodox	Deuterocanon	Judith	Judith 15:4	https://ebible.org/eng-Brenton/JDT15.htm	1	human	personal	attested	Wikidata	Brenton's Septuagint, English 1851 + Greek (eBible.org eng-Brenton / grcbrent), Public Domain + Wikidata (CC0)	0.85
Bosor	slug:deuterocanon:bosor	Bosor, named in 1 Maccabees		Βοσὸρ	Bosor	Greek	Christian	Catholic and Orthodox	Deuterocanon	1 Maccabees	1 Maccabees 5:26	https://ebible.org/eng-Brenton/1MA05.htm	2	human	personal	attested		Brenton's Septuagint, English 1851 + Greek (eBible.org eng-Brenton / grcbrent), Public Domain	0.85
Caddis	slug:deuterocanon:caddis	Caddis, named in 1 Maccabees		Καδδὶς	Kaddis	Greek	Christian	Catholic and Orthodox	Deuterocanon	1 Maccabees	1 Maccabees 2:2	https://ebible.org/eng-Brenton/1MA02.htm	1	human	personal	attested		Brenton's Septuagint, English 1851 + Greek (eBible.org eng-Brenton / grcbrent), Public Domain	0.85
Caleb	slug:deuterocanon:caleb	Caleb, named in Sirach	boy	Χαλὲβ	Chaleb	Greek	Christian	Catholic and Orthodox	Deuterocanon	Sirach	Sirach 46:7	https://ebible.org/eng-Brenton/SIR46.htm	3	human	personal	attested		Brenton's Septuagint, English 1851 + Greek (eBible.org eng-Brenton / grcbrent), Public Domain	0.85
Calphi	slug:deuterocanon:calphi	Calphi, named in 1 Maccabees		Χαλφί	Chalphi	Greek	Christian	Catholic and Orthodox	Deuterocanon	1 Maccabees	1 Maccabees 11:70	https://ebible.org/eng-Brenton/1MA11.htm	1	human	personal	attested		Brenton's Septuagint, English 1851 + Greek (eBible.org eng-Brenton / grcbrent), Public Domain	0.85
Caphenatha	slug:deuterocanon:caphenatha	Caphenatha, named in 1 Maccabees		Χαφεναθά	Chaphenatha	Greek	Christian	Catholic and Orthodox	Deuterocanon	1 Maccabees	1 Maccabees 12:37	https://ebible.org/eng-Brenton/1MA12.htm	1	human	personal	attested		Brenton's Septuagint, English 1851 + Greek (eBible.org eng-Brenton / grcbrent), Public Domain	0.85
Carnion	slug:deuterocanon:carnion	Carnion, named in 2 Maccabees		Καρνίον	Karnion	Greek	Christian	Catholic and Orthodox	Deuterocanon	2 Maccabees	2 Maccabees 12:21	https://ebible.org/eng-Brenton/2MA12.htm	2	human	personal	attested		Brenton's Septuagint, English 1851 + Greek (eBible.org eng-Brenton / grcbrent), Public Domain	0.85
Cendebeus	slug:deuterocanon:cendebeus	Cendebeus, named in 1 Maccabees		Cendebeus		English	Christian	Catholic and Orthodox	Deuterocanon	1 Maccabees	1 Maccabees 15:38	https://ebible.org/eng-Brenton/1MA15.htm	6	human	personal	attested		Brenton's Septuagint, English 1851 + Greek (eBible.org eng-Brenton / grcbrent), Public Domain	0.85
Chabris	slug:deuterocanon:chabris	Chabris, named in Judith	boy	Χαρμὶς	Charmis	Greek	Christian	Catholic and Orthodox	Deuterocanon	Judith	Judith 6:15	https://ebible.org/eng-Brenton/JDT06.htm	3	human	personal	attested		Brenton's Septuagint, English 1851 + Greek (eBible.org eng-Brenton / grcbrent), Public Domain	0.85
Charmis	slug:deuterocanon:charmis	Charmis, named in Judith	boy	Χαρμὶς	Charmis	Greek	Christian	Catholic and Orthodox	Deuterocanon	Judith	Judith 6:15	https://ebible.org/eng-Brenton/JDT06.htm	3	human	personal	attested		Brenton's Septuagint, English 1851 + Greek (eBible.org eng-Brenton / grcbrent), Public Domain	0.85
Chelcias	slug:deuterocanon:chelcias	Chelcias, named in Judith	boy	Ἑλκία	Helkia	Greek	Christian	Catholic and Orthodox	Deuterocanon	Judith	Judith 8:1	https://ebible.org/eng-Brenton/JDT08.htm	6	human	personal	attested		Brenton's Septuagint, English 1851 + Greek (eBible.org eng-Brenton / grcbrent), Public Domain	0.85
Cheleul	slug:deuterocanon:cheleul	Cheleul, named in Judith		Χελεούλ	Cheleoul	Greek	Christian	Catholic and Orthodox	Deuterocanon	Judith	Judith 1:6	https://ebible.org/eng-Brenton/JDT01.htm	1	human	personal	attested		Brenton's Septuagint, English 1851 + Greek (eBible.org eng-Brenton / grcbrent), Public Domain	0.85
Chereas	slug:deuterocanon:chereas	Chereas, named in 2 Maccabees	boy	Chereas		English	Christian	Catholic and Orthodox	Deuterocanon	2 Maccabees	2 Maccabees 10:32	https://ebible.org/eng-Brenton/2MA10.htm	2	human	personal	attested		Brenton's Septuagint, English 1851 + Greek (eBible.org eng-Brenton / grcbrent), Public Domain	0.85
Cleopatra	slug:deuterocanon:cleopatra	Cleopatra, named in Esther (Greek)	girl	Κλεοπάτρας	Kleopatras	Greek	Christian	Catholic and Orthodox	Deuterocanon	Esther (Greek)	Esther (Greek) 10:3	https://ebible.org/eng-Brenton/ESG10.htm	3	human	personal	attested		Brenton's Septuagint, English 1851 + Greek (eBible.org eng-Brenton / grcbrent), Public Domain	0.85
Core	Q1337316	Korah, who rebelled against Moses	boy	Κορὲ	Kore	Greek	Christian	Catholic and Orthodox	Deuterocanon	Sirach	Sirach 45:18	https://ebible.org/eng-Brenton/SIR45.htm	1	human	personal	attested	same figure as the Bible's Core	Brenton's Septuagint, English 1851 + Greek (eBible.org eng-Brenton / grcbrent), Public Domain	0.85
Cyrus	Q8423	Cyrus, Persian Emperor who decreed the rebuilding of the Temple	boy	Cyrus		English	Christian	Catholic and Orthodox	Deuterocanon	Bel and the Dragon	Bel and the Dragon 1:1	https://ebible.org/eng-Brenton/BEL01.htm	1	human	personal	attested	same figure as the Bible's Cyrus	Brenton's Septuagint, English 1851 + Greek (eBible.org eng-Brenton / grcbrent), Public Domain	0.85
Daniel	Q171724	Daniel, Prophet in Babylon	boy	Δανιήλ	Daniēl	Greek	Christian	Catholic and Orthodox	Deuterocanon	Susanna	Susanna 1:45	https://ebible.org/eng-Brenton/SUS01.htm	34	human	personal	attested	same figure as the Bible's Daniel	Brenton's Septuagint, English 1851 + Greek (eBible.org eng-Brenton / grcbrent), Public Domain	0.85
Darius	slug:deuterocanon:darius	Darius, named in 1 Maccabees		Darius		English	Christian	Catholic and Orthodox	Deuterocanon	1 Maccabees	1 Maccabees 1:1	https://ebible.org/eng-Brenton/1MA01.htm	2	human	personal	attested		Brenton's Septuagint, English 1851 + Greek (eBible.org eng-Brenton / grcbrent), Public Domain	0.85
Dathan	Q2238834	Dathan, Reubenite who rebelled against Moses and Aaron	boy	Δαθὰν	Dathan	Greek	Christian	Catholic and Orthodox	Deuterocanon	Sirach	Sirach 45:18	https://ebible.org/eng-Brenton/SIR45.htm	1	human	personal	attested	Wikidata	Brenton's Septuagint, English 1851 + Greek (eBible.org eng-Brenton / grcbrent), Public Domain + Wikidata (CC0)	0.85
David	Q41370	David, king of Israel	boy	Δαυὶδ	Dauid	Greek	Christian	Catholic and Orthodox	Deuterocanon	Sirach	Sirach 45:25	https://ebible.org/eng-Brenton/SIR45.htm	14	human	personal	attested	Wikidata	Brenton's Septuagint, English 1851 + Greek (eBible.org eng-Brenton / grcbrent), Public Domain + Wikidata (CC0)	0.85
Debora	slug:deuterocanon:debora	Debora, named in Tobit		Δεββωρὰ	Debbōra	Greek	Christian	Catholic and Orthodox	Deuterocanon	Tobit	Tobit 1:8	https://ebible.org/eng-Brenton/TOB01.htm	1	human	personal	attested		Brenton's Septuagint, English 1851 + Greek (eBible.org eng-Brenton / grcbrent), Public Domain	0.85
Demetrius	slug:deuterocanon:demetrius	Demetrius, named in 1 Maccabees	boy	Δημήτριος	Dēmētrios	Greek	Christian	Catholic and Orthodox	Deuterocanon	1 Maccabees	1 Maccabees 7:1	https://ebible.org/eng-Brenton/1MA07.htm	47	human	personal	attested		Brenton's Septuagint, English 1851 + Greek (eBible.org eng-Brenton / grcbrent), Public Domain	0.85
Docus	slug:deuterocanon:docus	Docus, named in 1 Maccabees		Docus		English	Christian	Catholic and Orthodox	Deuterocanon	1 Maccabees	1 Maccabees 16:15	https://ebible.org/eng-Brenton/1MA16.htm	1	human	personal	attested		Brenton's Septuagint, English 1851 + Greek (eBible.org eng-Brenton / grcbrent), Public Domain	0.85
Dorymenes	slug:deuterocanon:dorymenes	Dorymenes, named in 1 Maccabees		Δορυμένους	Dorymenous	Greek	Christian	Catholic and Orthodox	Deuterocanon	1 Maccabees	1 Maccabees 3:38	https://ebible.org/eng-Brenton/1MA03.htm	2	human	personal	attested		Brenton's Septuagint, English 1851 + Greek (eBible.org eng-Brenton / grcbrent), Public Domain	0.85
Edna	Q1287210	Edna, mother of Sarah in the Book of Tobit	girl	Ἔδνᾳ	Edna	Greek	Christian	Catholic and Orthodox	Deuterocanon	Tobit	Tobit 7:2	https://ebible.org/eng-Brenton/TOB07.htm	7	human	personal	attested	Wikidata	Brenton's Septuagint, English 1851 + Greek (eBible.org eng-Brenton / grcbrent), Public Domain + Wikidata (CC0)	0.85
Elcia	slug:deuterocanon:elcia	Elcia, named in Judith	boy	Ἐλιὰβ	Eliab	Greek	Christian	Catholic and Orthodox	Deuterocanon	Judith	Judith 8:1	https://ebible.org/eng-Brenton/JDT08.htm	1	human	personal	attested		Brenton's Septuagint, English 1851 + Greek (eBible.org eng-Brenton / grcbrent), Public Domain	0.85
Eleazar	Q2915974	Eleazar, character from 2 Maccabees; described as a martyr	boy	Ἐλεάζαρ	Eleazar	Greek	Christian	Catholic and Orthodox	Deuterocanon	Sirach	Sirach 45:23	https://ebible.org/eng-Brenton/SIR45.htm	7	human	personal	attested	Wikidata	Brenton's Septuagint, English 1851 + Greek (eBible.org eng-Brenton / grcbrent), Public Domain + Wikidata (CC0)	0.85
Eleutherus	slug:deuterocanon:eleutherus	Eleutherus, named in 1 Maccabees		Ἐλευθέρου	Eleutherou	Greek	Christian	Catholic and Orthodox	Deuterocanon	1 Maccabees	1 Maccabees 11:7	https://ebible.org/eng-Brenton/1MA11.htm	2	human	personal	attested		Brenton's Septuagint, English 1851 + Greek (eBible.org eng-Brenton / grcbrent), Public Domain	0.85
Eliab	slug:deuterocanon:eliab	Eliab, named in Judith	boy	Ἐλιὰβ	Eliab	Greek	Christian	Catholic and Orthodox	Deuterocanon	Judith	Judith 8:1	https://ebible.org/eng-Brenton/JDT08.htm	1	human	personal	attested		Brenton's Septuagint, English 1851 + Greek (eBible.org eng-Brenton / grcbrent), Public Domain	0.85
Elias	Q133507	Elijah, prophet	boy	Ἠλίας	Ēlias	Greek	Christian	Catholic and Orthodox	Deuterocanon	Sirach	Sirach 48:1	https://ebible.org/eng-Brenton/SIR48.htm	4	human	personal	attested	same figure as the Bible's Elias	Brenton's Septuagint, English 1851 + Greek (eBible.org eng-Brenton / grcbrent), Public Domain	0.85
Eliseus	slug:deuterocanon:eliseus	Eliseus, named in Sirach		Ἐλισαιὲ	Elisaie	Greek	Christian	Catholic and Orthodox	Deuterocanon	Sirach	Sirach 48:12	https://ebible.org/eng-Brenton/SIR48.htm	1	human	personal	attested		Brenton's Septuagint, English 1851 + Greek (eBible.org eng-Brenton / grcbrent), Public Domain	0.85
Eliu	slug:deuterocanon:eliu	Eliu, named in Judith	boy	Ἠλιοὺ	Ēliou	Greek	Christian	Catholic and Orthodox	Deuterocanon	Judith	Judith 8:1	https://ebible.org/eng-Brenton/JDT08.htm	1	human	personal	attested		Brenton's Septuagint, English 1851 + Greek (eBible.org eng-Brenton / grcbrent), Public Domain	0.85
Enemessar	slug:deuterocanon:enemessar	Enemessar, named in Tobit		Ἐνεμεσσάρου	Enemessarou	Greek	Christian	Catholic and Orthodox	Deuterocanon	Tobit	Tobit 1:2	https://ebible.org/eng-Brenton/TOB01.htm	4	human	personal	attested		Brenton's Septuagint, English 1851 + Greek (eBible.org eng-Brenton / grcbrent), Public Domain	0.85
Enoch	Q213027	Enoch, biblical figure, son of Jared	boy	Ἐνὼχ	Enōch	Greek	Christian	Catholic and Orthodox	Deuterocanon	Sirach	Sirach 44:16	https://ebible.org/eng-Brenton/SIR44.htm	2	human	personal	attested	Wikidata	Brenton's Septuagint, English 1851 + Greek (eBible.org eng-Brenton / grcbrent), Public Domain + Wikidata (CC0)	0.85
Epiphanes	slug:deuterocanon:epiphanes	Epiphanes, named in 1 Maccabees		Ἐπιφανὴς	Epiphanēs	Greek	Christian	Catholic and Orthodox	Deuterocanon	1 Maccabees	1 Maccabees 1:10	https://ebible.org/eng-Brenton/1MA01.htm	6	human	personal	attested		Brenton's Septuagint, English 1851 + Greek (eBible.org eng-Brenton / grcbrent), Public Domain	0.85
Esau	slug:deuterocanon:esau	Esau, named in Judith		Ἡσαῦ	Hēsau	Greek	Christian	Catholic and Orthodox	Deuterocanon	Judith	Judith 7:8	https://ebible.org/eng-Brenton/JDT07.htm	4	human	personal	attested		Brenton's Septuagint, English 1851 + Greek (eBible.org eng-Brenton / grcbrent), Public Domain	0.85
Esay	slug:deuterocanon:esay	Esay, named in Sirach	boy	Esay		English	Christian	Catholic and Orthodox	Deuterocanon	Sirach	Sirach 48:20	https://ebible.org/eng-Brenton/SIR48.htm	2	human	personal	attested		Brenton's Septuagint, English 1851 + Greek (eBible.org eng-Brenton / grcbrent), Public Domain	0.85
Esther	Q732413	Esther, Jewish queen of Persia	girl	Ἐσθήρ	Esthēr	Greek	Christian	Catholic and Orthodox	Deuterocanon	Esther (Greek)	Esther (Greek) 2:7	https://ebible.org/eng-Brenton/ESG02.htm	41	human	personal	attested	Wikidata	Brenton's Septuagint, English 1851 + Greek (eBible.org eng-Brenton / grcbrent), Public Domain + Wikidata (CC0)	0.85
Eumenes	slug:deuterocanon:eumenes	Eumenes, named in 1 Maccabees	boy	Εὐμένει	Eumenei	Greek	Christian	Catholic and Orthodox	Deuterocanon	1 Maccabees	1 Maccabees 8:8	https://ebible.org/eng-Brenton/1MA08.htm	1	human	personal	attested		Brenton's Septuagint, English 1851 + Greek (eBible.org eng-Brenton / grcbrent), Public Domain	0.85
Eupator	slug:deuterocanon:eupator	Eupator, named in 1 Maccabees	boy	Εὐπάτορα	Eupatora	Greek	Christian	Catholic and Orthodox	Deuterocanon	1 Maccabees	1 Maccabees 6:17	https://ebible.org/eng-Brenton/1MA06.htm	5	human	personal	attested		Brenton's Septuagint, English 1851 + Greek (eBible.org eng-Brenton / grcbrent), Public Domain	0.85
Eupolemus	slug:deuterocanon:eupolemus	Eupolemus, named in 1 Maccabees	boy	Εὐπόλεμον	Eupolemon	Greek	Christian	Catholic and Orthodox	Deuterocanon	1 Maccabees	1 Maccabees 8:17	https://ebible.org/eng-Brenton/1MA08.htm	2	human	personal	attested		Brenton's Septuagint, English 1851 + Greek (eBible.org eng-Brenton / grcbrent), Public Domain	0.85
Eve	slug:deuterocanon:eve	Eve, named in Tobit	girl	Eve		English	Christian	Catholic and Orthodox	Deuterocanon	Tobit	Tobit 8:6	https://ebible.org/eng-Brenton/TOB08.htm	1	human	personal	attested		Brenton's Septuagint, English 1851 + Greek (eBible.org eng-Brenton / grcbrent), Public Domain	0.85
Ezekias	Q244912	Hezekiah, A righteous king of Judah	boy	Ἐζεκίας	Ezekias	Greek	Christian	Catholic and Orthodox	Deuterocanon	Sirach	Sirach 48:17	https://ebible.org/eng-Brenton/SIR48.htm	4	human	personal	attested	same figure as the Bible's Ezekias	Brenton's Septuagint, English 1851 + Greek (eBible.org eng-Brenton / grcbrent), Public Domain	0.85
Ezekiel	slug:deuterocanon:ezekiel	Ezekiel, named in Sirach		Ἰεζεκιὴλ	Iezekiēl	Greek	Christian	Catholic and Orthodox	Deuterocanon	Sirach	Sirach 49:8	https://ebible.org/eng-Brenton/SIR49.htm	1	human	personal	attested		Brenton's Septuagint, English 1851 + Greek (eBible.org eng-Brenton / grcbrent), Public Domain	0.85
Gabael	slug:deuterocanon:gabael	Gabael, named in Tobit	boy	Γαβαήλ	Gabaēl	Greek	Christian	Catholic and Orthodox	Deuterocanon	Tobit	Tobit 1:1	https://ebible.org/eng-Brenton/TOB01.htm	8	human	personal	attested		Brenton's Septuagint, English 1851 + Greek (eBible.org eng-Brenton / grcbrent), Public Domain	0.85
Gabrias	slug:deuterocanon:gabrias	Gabrias, named in Tobit		Γαβρία	Gabria	Greek	Christian	Catholic and Orthodox	Deuterocanon	Tobit	Tobit 1:14	https://ebible.org/eng-Brenton/TOB01.htm	2	human	personal	attested		Brenton's Septuagint, English 1851 + Greek (eBible.org eng-Brenton / grcbrent), Public Domain	0.85
Gai	slug:deuterocanon:gai	Gai, named in Esther (Greek)	boy	Γαῒ	Gai	Greek	Christian	Catholic and Orthodox	Deuterocanon	Esther (Greek)	Esther (Greek) 2:8	https://ebible.org/eng-Brenton/ESG02.htm	3	human	personal	attested		Brenton's Septuagint, English 1851 + Greek (eBible.org eng-Brenton / grcbrent), Public Domain	0.85
Gazara	Q5529019	Gazara, Fort mentioned in the Bible		Γάζαρα	Gazara	Greek	Christian	Catholic and Orthodox	Deuterocanon	1 Maccabees	1 Maccabees 9:52	https://ebible.org/eng-Brenton/1MA09.htm	10	human	personal	attested	Wikidata	Brenton's Septuagint, English 1851 + Greek (eBible.org eng-Brenton / grcbrent), Public Domain + Wikidata (CC0)	0.85
Genneus	slug:deuterocanon:genneus	Genneus, named in 2 Maccabees		Genneus		English	Christian	Catholic and Orthodox	Deuterocanon	2 Maccabees	2 Maccabees 12:2	https://ebible.org/eng-Brenton/2MA12.htm	1	human	personal	attested		Brenton's Septuagint, English 1851 + Greek (eBible.org eng-Brenton / grcbrent), Public Domain	0.85
Goliath	slug:deuterocanon:goliath	Goliath, named in Sirach		Γολιάθ	Goliath	Greek	Christian	Catholic and Orthodox	Deuterocanon	Sirach	Sirach 47:4	https://ebible.org/eng-Brenton/SIR47.htm	1	human	personal	attested		Brenton's Septuagint, English 1851 + Greek (eBible.org eng-Brenton / grcbrent), Public Domain	0.85
Gorgias	slug:deuterocanon:gorgias	Gorgias, named in 1 Maccabees	boy	Γοργίαν	Gorgian	Greek	Christian	Catholic and Orthodox	Deuterocanon	1 Maccabees	1 Maccabees 3:38	https://ebible.org/eng-Brenton/1MA03.htm	12	human	personal	attested		Brenton's Septuagint, English 1851 + Greek (eBible.org eng-Brenton / grcbrent), Public Domain	0.85
Gothoniel	slug:deuterocanon:gothoniel	Gothoniel, named in Judith		Γοθονιὴλ	Gothoniēl	Greek	Christian	Catholic and Orthodox	Deuterocanon	Judith	Judith 6:15	https://ebible.org/eng-Brenton/JDT06.htm	1	human	personal	attested		Brenton's Septuagint, English 1851 + Greek (eBible.org eng-Brenton / grcbrent), Public Domain	0.85
Habbacuc	slug:deuterocanon:habbacuc	Habbacuc, named in Bel and the Dragon		Habbacuc		English	Christian	Catholic and Orthodox	Deuterocanon	Bel and the Dragon	Bel and the Dragon 1:33	https://ebible.org/eng-Brenton/BEL01.htm	5	human	personal	attested		Brenton's Septuagint, English 1851 + Greek (eBible.org eng-Brenton / grcbrent), Public Domain	0.85
Heliodorus	Q1397528	Heliodorus, Seleucid official	boy	Ἡλιόδωρον	Hēliodōron	Greek	Christian	Catholic and Orthodox	Deuterocanon	2 Maccabees	2 Maccabees 3:7	https://ebible.org/eng-Brenton/2MA03.htm	14	human	personal	attested	Wikidata	Brenton's Septuagint, English 1851 + Greek (eBible.org eng-Brenton / grcbrent), Public Domain + Wikidata (CC0)	0.85
Hircanus	slug:deuterocanon:hircanus	Hircanus, named in 2 Maccabees		Hircanus		English	Christian	Catholic and Orthodox	Deuterocanon	2 Maccabees	2 Maccabees 3:11	https://ebible.org/eng-Brenton/2MA03.htm	1	human	personal	attested		Brenton's Septuagint, English 1851 + Greek (eBible.org eng-Brenton / grcbrent), Public Domain	0.85
Holofernes	Q625748	Holofernes, figure in the Book of Judith; invading general of Nebuchadnezzar, beheaded by Judith	boy	Ὀλοφέρνην	Olophernēn	Greek	Christian	Catholic and Orthodox	Deuterocanon	Judith	Judith 2:4	https://ebible.org/eng-Brenton/JDT02.htm	44	human	personal	attested	Wikidata	Brenton's Septuagint, English 1851 + Greek (eBible.org eng-Brenton / grcbrent), Public Domain + Wikidata (CC0)	0.85
Isaac	Q671872	Isaac, son of Abraham	boy	Ἰσαὰκ	Isaak	Greek	Christian	Catholic and Orthodox	Deuterocanon	Judith	Judith 8:26	https://ebible.org/eng-Brenton/JDT08.htm	4	human	personal	attested	same figure as the Bible's Isaac	Brenton's Septuagint, English 1851 + Greek (eBible.org eng-Brenton / grcbrent), Public Domain	0.85
Ismael	slug:deuterocanon:ismael	Ismael, named in Judith		Ἰσμαὴλ	Ismaēl	Greek	Christian	Catholic and Orthodox	Deuterocanon	Judith	Judith 2:23	https://ebible.org/eng-Brenton/JDT02.htm	1	human	personal	attested		Brenton's Septuagint, English 1851 + Greek (eBible.org eng-Brenton / grcbrent), Public Domain	0.85
Israel	Q289957	Jacob (Israel), patriarch, son of Isaac	boy	Ἰσραὴλ	Israēl	Greek	Christian	Catholic and Orthodox	Deuterocanon	Tobit	Tobit 1:4	https://ebible.org/eng-Brenton/TOB01.htm	154	human	personal	attested	same figure as the Bible's Israel	Brenton's Septuagint, English 1851 + Greek (eBible.org eng-Brenton / grcbrent), Public Domain	0.85
Jacob	Q289957	Jacob (Israel), patriarch, son of Isaac	boy	Jacob		English	Christian	Catholic and Orthodox	Deuterocanon	Judith	Judith 8:26	https://ebible.org/eng-Brenton/JDT08.htm	20	human	personal	attested	same figure as the Bible's Jacob	Brenton's Septuagint, English 1851 + Greek (eBible.org eng-Brenton / grcbrent), Public Domain	0.85
Jairus	slug:deuterocanon:jairus	Jairus, named in Esther (Greek)	boy	Jairus		English	Christian	Catholic and Orthodox	Deuterocanon	Esther (Greek)	Esther (Greek) 2:5	https://ebible.org/eng-Brenton/ESG02.htm	1	human	personal	attested		Brenton's Septuagint, English 1851 + Greek (eBible.org eng-Brenton / grcbrent), Public Domain	0.85
Jambri	slug:deuterocanon:jambri	Jambri, named in 1 Maccabees		Ἰαμβρὶ	Iambri	Greek	Christian	Catholic and Orthodox	Deuterocanon	1 Maccabees	1 Maccabees 9:36	https://ebible.org/eng-Brenton/1MA09.htm	2	human	personal	attested		Brenton's Septuagint, English 1851 + Greek (eBible.org eng-Brenton / grcbrent), Public Domain	0.85
Japheth	slug:deuterocanon:japheth	Japheth, named in Judith		Ἰάφεθ	Iapheth	Greek	Christian	Catholic and Orthodox	Deuterocanon	Judith	Judith 2:25	https://ebible.org/eng-Brenton/JDT02.htm	1	human	personal	attested		Brenton's Septuagint, English 1851 + Greek (eBible.org eng-Brenton / grcbrent), Public Domain	0.85
Jarib	slug:deuterocanon:jarib	Jarib, named in 1 Maccabees		Ἰαρὶβ	Iarib	Greek	Christian	Catholic and Orthodox	Deuterocanon	1 Maccabees	1 Maccabees 14:29	https://ebible.org/eng-Brenton/1MA14.htm	1	human	personal	attested		Brenton's Septuagint, English 1851 + Greek (eBible.org eng-Brenton / grcbrent), Public Domain	0.85
Jason	slug:deuterocanon:jason	Jason, named in 1 Maccabees	boy	Ἰάσονα	Iasona	Greek	Christian	Catholic and Orthodox	Deuterocanon	1 Maccabees	1 Maccabees 8:17	https://ebible.org/eng-Brenton/1MA08.htm	14	human	personal	attested		Brenton's Septuagint, English 1851 + Greek (eBible.org eng-Brenton / grcbrent), Public Domain	0.85
Jechonias	slug:deuterocanon:jechonias	Jechonias, named in Baruch	boy	Jechonias		English	Christian	Catholic and Orthodox	Deuterocanon	Baruch	Baruch 1:3	https://ebible.org/eng-Brenton/BAR01.htm	2	human	personal	attested		Brenton's Septuagint, English 1851 + Greek (eBible.org eng-Brenton / grcbrent), Public Domain	0.85
Jephunne	slug:deuterocanon:jephunne	Jephunne, named in Sirach		Ἰεφοννῆ	Iephonnē	Greek	Christian	Catholic and Orthodox	Deuterocanon	Sirach	Sirach 46:7	https://ebible.org/eng-Brenton/SIR46.htm	1	human	personal	attested		Brenton's Septuagint, English 1851 + Greek (eBible.org eng-Brenton / grcbrent), Public Domain	0.85
Jeremias	slug:deuterocanon:jeremias	Jeremias, named in Sirach	boy	Jeremias		English	Christian	Catholic and Orthodox	Deuterocanon	Sirach	Sirach 49:6	https://ebible.org/eng-Brenton/SIR49.htm	3	human	personal	attested		Brenton's Septuagint, English 1851 + Greek (eBible.org eng-Brenton / grcbrent), Public Domain	0.85
Jeremy	slug:deuterocanon:jeremy	Jeremy, named in Letter of Jeremiah	boy	Jeremy		English	Christian	Catholic and Orthodox	Deuterocanon	Letter of Jeremiah	Letter of Jeremiah 1:1	https://ebible.org/eng-Brenton/LJE01.htm	4	human	personal	attested		Brenton's Septuagint, English 1851 + Greek (eBible.org eng-Brenton / grcbrent), Public Domain	0.85
Jeroboam	slug:deuterocanon:jeroboam	Jeroboam, named in Sirach	boy	Ἱεροβοὰμ	Hieroboam	Greek	Christian	Catholic and Orthodox	Deuterocanon	Sirach	Sirach 47:23	https://ebible.org/eng-Brenton/SIR47.htm	1	human	personal	attested		Brenton's Septuagint, English 1851 + Greek (eBible.org eng-Brenton / grcbrent), Public Domain	0.85
Jesse	slug:deuterocanon:jesse	Jesse, named in Sirach		Jesse		English	Christian	Catholic and Orthodox	Deuterocanon	Sirach	Sirach 45:25	https://ebible.org/eng-Brenton/SIR45.htm	1	human	personal	attested		Brenton's Septuagint, English 1851 + Greek (eBible.org eng-Brenton / grcbrent), Public Domain	0.85
Jewry	slug:deuterocanon:jewry	Jewry, named in Bel and the Dragon	boy	Jewry		English	Christian	Catholic and Orthodox	Deuterocanon	Bel and the Dragon	Bel and the Dragon 1:33	https://ebible.org/eng-Brenton/BEL01.htm	2	human	personal	attested		Brenton's Septuagint, English 1851 + Greek (eBible.org eng-Brenton / grcbrent), Public Domain	0.85
Joachim	slug:deuterocanon:joachim	Joachim, named in Baruch	boy	Joachim		English	Christian	Catholic and Orthodox	Deuterocanon	Baruch	Baruch 1:3	https://ebible.org/eng-Brenton/BAR01.htm	2	human	personal	attested		Brenton's Septuagint, English 1851 + Greek (eBible.org eng-Brenton / grcbrent), Public Domain	0.85
Joacim	slug:deuterocanon:joacim	Joacim, named in Judith	boy	Joacim		English	Christian	Catholic and Orthodox	Deuterocanon	Judith	Judith 4:6	https://ebible.org/eng-Brenton/JDT04.htm	10	human	personal	attested		Brenton's Septuagint, English 1851 + Greek (eBible.org eng-Brenton / grcbrent), Public Domain	0.85
Joarib	slug:deuterocanon:joarib	Joarib, named in 1 Maccabees		Ἰωαρὶβ	Iōarib	Greek	Christian	Catholic and Orthodox	Deuterocanon	1 Maccabees	1 Maccabees 2:1	https://ebible.org/eng-Brenton/1MA02.htm	1	human	personal	attested		Brenton's Septuagint, English 1851 + Greek (eBible.org eng-Brenton / grcbrent), Public Domain	0.85
John	slug:deuterocanon:john	John, named in 1 Maccabees	boy	John		English	Christian	Catholic and Orthodox	Deuterocanon	1 Maccabees	1 Maccabees 2:1	https://ebible.org/eng-Brenton/1MA02.htm	15	human	personal	attested		Brenton's Septuagint, English 1851 + Greek (eBible.org eng-Brenton / grcbrent), Public Domain	0.85
Jonas	Q2468262	Jonah, prophet	boy	Ἰωνὰς	Iōnas	Greek	Christian	Catholic and Orthodox	Deuterocanon	Tobit	Tobit 14:4	https://ebible.org/eng-Brenton/TOB14.htm	2	human	personal	attested	same figure as the Bible's Jonas	Brenton's Septuagint, English 1851 + Greek (eBible.org eng-Brenton / grcbrent), Public Domain	0.85
Jonathan	slug:deuterocanon:jonathan	Jonathan, named in 1 Maccabees	boy	Ἰωνάθαν	Iōnathan	Greek	Christian	Catholic and Orthodox	Deuterocanon	1 Maccabees	1 Maccabees 2:5	https://ebible.org/eng-Brenton/1MA02.htm	100	human	personal	attested		Brenton's Septuagint, English 1851 + Greek (eBible.org eng-Brenton / grcbrent), Public Domain	0.85
Jonathas	slug:deuterocanon:jonathas	Jonathas, named in Tobit		Ἰωνάθαν	Iōnathan	Greek	Christian	Catholic and Orthodox	Deuterocanon	Tobit	Tobit 5:13	https://ebible.org/eng-Brenton/TOB05.htm	1	human	personal	attested		Brenton's Septuagint, English 1851 + Greek (eBible.org eng-Brenton / grcbrent), Public Domain	0.85
Josedec	slug:deuterocanon:josedec	Josedec, named in Sirach		Ἰωσεδέκ	Iōsedek	Greek	Christian	Catholic and Orthodox	Deuterocanon	Sirach	Sirach 49:12	https://ebible.org/eng-Brenton/SIR49.htm	1	human	personal	attested		Brenton's Septuagint, English 1851 + Greek (eBible.org eng-Brenton / grcbrent), Public Domain	0.85
Joseph	slug:deuterocanon:joseph	Joseph, named in Judith	boy	Ἰωσὴφ	Iōsēph	Greek	Christian	Catholic and Orthodox	Deuterocanon	Judith	Judith 8:1	https://ebible.org/eng-Brenton/JDT08.htm	8	human	personal	attested		Brenton's Septuagint, English 1851 + Greek (eBible.org eng-Brenton / grcbrent), Public Domain	0.85
Joshua	slug:deuterocanon:joshua	Joshua, named in 2 Maccabees		Joshua		English	Christian	Catholic and Orthodox	Deuterocanon	2 Maccabees	2 Maccabees 12:15	https://ebible.org/eng-Brenton/2MA12.htm	1	human	personal	attested		Brenton's Septuagint, English 1851 + Greek (eBible.org eng-Brenton / grcbrent), Public Domain	0.85
Josias	Q313228	Josiah, King of Judah known for his religious reforms	boy	Josias		English	Christian	Catholic and Orthodox	Deuterocanon	Sirach	Sirach 49:1	https://ebible.org/eng-Brenton/SIR49.htm	3	human	personal	attested	same figure as the Bible's Josias	Brenton's Septuagint, English 1851 + Greek (eBible.org eng-Brenton / grcbrent), Public Domain	0.85
Juda	Q282220	Judah, Israelite tribe	boy	Juda		English	Christian	Catholic and Orthodox	Deuterocanon	Judith	Judith 14:7	https://ebible.org/eng-Brenton/JDT14.htm	27	human	personal	attested	same figure as the Bible's Juda	Brenton's Septuagint, English 1851 + Greek (eBible.org eng-Brenton / grcbrent), Public Domain	0.85
Judas	slug:deuterocanon:judas	Judas, named in 1 Maccabees	boy	Ἰούδας	Ioudas	Greek	Christian	Catholic and Orthodox	Deuterocanon	1 Maccabees	1 Maccabees 2:4	https://ebible.org/eng-Brenton/1MA02.htm	135	human	personal	attested		Brenton's Septuagint, English 1851 + Greek (eBible.org eng-Brenton / grcbrent), Public Domain	0.85
Judith	Q26454627	Judith, A Hittite woman who married Esau	girl	Ἰουδὶθ	Ioudith	Greek	Christian	Catholic and Orthodox	Deuterocanon	Judith	Judith 8:1	https://ebible.org/eng-Brenton/JDT08.htm	32	human	personal	attested	Wikidata	Brenton's Septuagint, English 1851 + Greek (eBible.org eng-Brenton / grcbrent), Public Domain + Wikidata (CC0)	0.85
Lasthenes	slug:deuterocanon:lasthenes	Lasthenes, named in 1 Maccabees	boy	Λασθένει	Lasthenei	Greek	Christian	Catholic and Orthodox	Deuterocanon	1 Maccabees	1 Maccabees 11:31	https://ebible.org/eng-Brenton/1MA11.htm	2	human	personal	attested		Brenton's Septuagint, English 1851 + Greek (eBible.org eng-Brenton / grcbrent), Public Domain	0.85
Levi	slug:deuterocanon:levi	Levi, named in Sirach		Λευΐ	Leui	Greek	Christian	Catholic and Orthodox	Deuterocanon	Sirach	Sirach 45:6	https://ebible.org/eng-Brenton/SIR45.htm	1	human	personal	attested		Brenton's Septuagint, English 1851 + Greek (eBible.org eng-Brenton / grcbrent), Public Domain	0.85
Levite	slug:deuterocanon:levite	Levite, named in Esther (Greek)		Λευίτης	Leuitēs	Greek	Christian	Catholic and Orthodox	Deuterocanon	Esther (Greek)	Esther (Greek) 10:3	https://ebible.org/eng-Brenton/ESG10.htm	1	human	personal	attested		Brenton's Septuagint, English 1851 + Greek (eBible.org eng-Brenton / grcbrent), Public Domain	0.85
Lud	slug:deuterocanon:lud	Lud, named in Judith		Λοὺδ	Loud	Greek	Christian	Catholic and Orthodox	Deuterocanon	Judith	Judith 2:23	https://ebible.org/eng-Brenton/JDT02.htm	1	human	personal	attested		Brenton's Septuagint, English 1851 + Greek (eBible.org eng-Brenton / grcbrent), Public Domain	0.85
Lydia	slug:deuterocanon:lydia	Lydia, named in 1 Maccabees		Lydia		English	Christian	Catholic and Orthodox	Deuterocanon	1 Maccabees	1 Maccabees 8:8	https://ebible.org/eng-Brenton/1MA08.htm	1	human	personal	attested		Brenton's Septuagint, English 1851 + Greek (eBible.org eng-Brenton / grcbrent), Public Domain	0.85
Lysias	slug:deuterocanon:lysias	Lysias, named in 1 Maccabees	boy	Lysias		English	Christian	Catholic and Orthodox	Deuterocanon	1 Maccabees	1 Maccabees 3:32	https://ebible.org/eng-Brenton/1MA03.htm	25	human	personal	attested		Brenton's Septuagint, English 1851 + Greek (eBible.org eng-Brenton / grcbrent), Public Domain	0.85
Lysimachus	slug:deuterocanon:lysimachus	Lysimachus, named in Esther (Greek)	boy	Λυσίμαχον	Lysimachon	Greek	Christian	Catholic and Orthodox	Deuterocanon	Esther (Greek)	Esther (Greek) 10:3	https://ebible.org/eng-Brenton/ESG10.htm	7	human	personal	attested		Brenton's Septuagint, English 1851 + Greek (eBible.org eng-Brenton / grcbrent), Public Domain	0.85
Maasias	slug:deuterocanon:maasias	Maasias, named in Baruch	boy	Maasias		English	Christian	Catholic and Orthodox	Deuterocanon	Baruch	Baruch 1:1	https://ebible.org/eng-Brenton/BAR01.htm	1	human	personal	attested		Brenton's Septuagint, English 1851 + Greek (eBible.org eng-Brenton / grcbrent), Public Domain	0.85
Maccabeus	slug:deuterocanon:maccabeus	Maccabeus, named in 1 Maccabees		Maccabeus		English	Christian	Catholic and Orthodox	Deuterocanon	1 Maccabees	1 Maccabees 2:4	https://ebible.org/eng-Brenton/1MA02.htm	32	human	personal	attested		Brenton's Septuagint, English 1851 + Greek (eBible.org eng-Brenton / grcbrent), Public Domain	0.85
Macron	slug:deuterocanon:macron	Macron, named in 2 Maccabees		Μάκρων	Makrōn	Greek	Christian	Catholic and Orthodox	Deuterocanon	2 Maccabees	2 Maccabees 10:12	https://ebible.org/eng-Brenton/2MA10.htm	1	human	personal	attested		Brenton's Septuagint, English 1851 + Greek (eBible.org eng-Brenton / grcbrent), Public Domain	0.85
Manasses	Q156328	Manasseh, King of Judah	boy	Μανασσῆς	Manassēs	Greek	Christian	Catholic and Orthodox	Deuterocanon	Tobit	Tobit 14:10	https://ebible.org/eng-Brenton/TOB14.htm	7	human	personal	attested	same figure as the Bible's Manasses	Brenton's Septuagint, English 1851 + Greek (eBible.org eng-Brenton / grcbrent), Public Domain	0.85
Mattathias	slug:deuterocanon:mattathias	Mattathias, named in 1 Maccabees	boy	Ματταθίας	Mattathias	Greek	Christian	Catholic and Orthodox	Deuterocanon	1 Maccabees	1 Maccabees 2:1	https://ebible.org/eng-Brenton/1MA02.htm	14	human	personal	attested		Brenton's Septuagint, English 1851 + Greek (eBible.org eng-Brenton / grcbrent), Public Domain	0.85
Melchiel	slug:deuterocanon:melchiel	Melchiel, named in Judith		Μελχιήλ	Melchiēl	Greek	Christian	Catholic and Orthodox	Deuterocanon	Judith	Judith 6:15	https://ebible.org/eng-Brenton/JDT06.htm	1	human	personal	attested		Brenton's Septuagint, English 1851 + Greek (eBible.org eng-Brenton / grcbrent), Public Domain	0.85
Menestheus	slug:deuterocanon:menestheus	Menestheus, named in 2 Maccabees		Μενεσθέως	Menestheōs	Greek	Christian	Catholic and Orthodox	Deuterocanon	2 Maccabees	2 Maccabees 4:21	https://ebible.org/eng-Brenton/2MA04.htm	1	human	personal	attested		Brenton's Septuagint, English 1851 + Greek (eBible.org eng-Brenton / grcbrent), Public Domain	0.85
Merari	slug:deuterocanon:merari	Merari, named in Judith	boy	Μεραρὶ	Merari	Greek	Christian	Catholic and Orthodox	Deuterocanon	Judith	Judith 8:1	https://ebible.org/eng-Brenton/JDT08.htm	2	human	personal	attested		Brenton's Septuagint, English 1851 + Greek (eBible.org eng-Brenton / grcbrent), Public Domain	0.85
Micha	slug:deuterocanon:micha	Micha, named in Judith		Μιχὰ	Micha	Greek	Christian	Catholic and Orthodox	Deuterocanon	Judith	Judith 6:15	https://ebible.org/eng-Brenton/JDT06.htm	1	human	personal	attested		Brenton's Septuagint, English 1851 + Greek (eBible.org eng-Brenton / grcbrent), Public Domain	0.85
Moses	Q9077	Moses, prophet who led the Israelites out of Egypt	boy	Μωυσῇ	Mōysē	Greek	Christian	Catholic and Orthodox	Deuterocanon	Tobit	Tobit 6:12	https://ebible.org/eng-Brenton/TOB06.htm	19	human	personal	attested	same figure as the Bible's Moses	Brenton's Septuagint, English 1851 + Greek (eBible.org eng-Brenton / grcbrent), Public Domain	0.85
Nabuchodonosor	slug:deuterocanon:nabuchodonosor	Nabuchodonosor, named in Tobit	boy	Ναβουχοδονόσορ	Nabouchodonosor	Greek	Christian	Catholic and Orthodox	Deuterocanon	Tobit	Tobit 14:15	https://ebible.org/eng-Brenton/TOB14.htm	26	human	personal	attested		Brenton's Septuagint, English 1851 + Greek (eBible.org eng-Brenton / grcbrent), Public Domain	0.85
Nasbas	slug:deuterocanon:nasbas	Nasbas, named in Tobit	boy	Νασβὰς	Nasbas	Greek	Christian	Catholic and Orthodox	Deuterocanon	Tobit	Tobit 11:18	https://ebible.org/eng-Brenton/TOB11.htm	1	human	personal	attested		Brenton's Septuagint, English 1851 + Greek (eBible.org eng-Brenton / grcbrent), Public Domain	0.85
Nathan	slug:deuterocanon:nathan	Nathan, named in Sirach		Νάθαν	Nathan	Greek	Christian	Catholic and Orthodox	Deuterocanon	Sirach	Sirach 47:1	https://ebible.org/eng-Brenton/SIR47.htm	1	human	personal	attested		Brenton's Septuagint, English 1851 + Greek (eBible.org eng-Brenton / grcbrent), Public Domain	0.85
Nathanael	slug:deuterocanon:nathanael	Nathanael, named in Judith	boy	Ναθαναὴλ	Nathanaēl	Greek	Christian	Catholic and Orthodox	Deuterocanon	Judith	Judith 8:1	https://ebible.org/eng-Brenton/JDT08.htm	1	human	personal	attested		Brenton's Septuagint, English 1851 + Greek (eBible.org eng-Brenton / grcbrent), Public Domain	0.85
Nave	slug:deuterocanon:nave	Nave, named in Sirach		Ναυῆ	Nauē	Greek	Christian	Catholic and Orthodox	Deuterocanon	Sirach	Sirach 46:1	https://ebible.org/eng-Brenton/SIR46.htm	1	human	personal	attested		Brenton's Septuagint, English 1851 + Greek (eBible.org eng-Brenton / grcbrent), Public Domain	0.85
Nebat	slug:deuterocanon:nebat	Nebat, named in Sirach		Ναβὰτ	Nabat	Greek	Christian	Catholic and Orthodox	Deuterocanon	Sirach	Sirach 47:23	https://ebible.org/eng-Brenton/SIR47.htm	1	human	personal	attested		Brenton's Septuagint, English 1851 + Greek (eBible.org eng-Brenton / grcbrent), Public Domain	0.85
Neemias	slug:deuterocanon:neemias	Neemias, named in Sirach		Νεεμίου	Neemiou	Greek	Christian	Catholic and Orthodox	Deuterocanon	Sirach	Sirach 49:13	https://ebible.org/eng-Brenton/SIR49.htm	9	human	personal	attested		Brenton's Septuagint, English 1851 + Greek (eBible.org eng-Brenton / grcbrent), Public Domain	0.85
Nephthali	slug:deuterocanon:nephthali	Nephthali, named in Tobit	boy	Νεφθαλί	Nephthali	Greek	Christian	Catholic and Orthodox	Deuterocanon	Tobit	Tobit 1:1	https://ebible.org/eng-Brenton/TOB01.htm	5	human	personal	attested		Brenton's Septuagint, English 1851 + Greek (eBible.org eng-Brenton / grcbrent), Public Domain	0.85
Nerias	slug:deuterocanon:nerias	Nerias, named in Baruch	boy	Nerias		English	Christian	Catholic and Orthodox	Deuterocanon	Baruch	Baruch 1:1	https://ebible.org/eng-Brenton/BAR01.htm	1	human	personal	attested		Brenton's Septuagint, English 1851 + Greek (eBible.org eng-Brenton / grcbrent), Public Domain	0.85
Nicanor	slug:deuterocanon:nicanor	Nicanor, named in 1 Maccabees	boy	Νικάνορα	Nikanora	Greek	Christian	Catholic and Orthodox	Deuterocanon	1 Maccabees	1 Maccabees 3:38	https://ebible.org/eng-Brenton/1MA03.htm	42	human	personal	attested		Brenton's Septuagint, English 1851 + Greek (eBible.org eng-Brenton / grcbrent), Public Domain	0.85
Numenius	slug:deuterocanon:numenius	Numenius, named in 1 Maccabees	boy	Νουμήνιον	Noumēnion	Greek	Christian	Catholic and Orthodox	Deuterocanon	1 Maccabees	1 Maccabees 12:16	https://ebible.org/eng-Brenton/1MA12.htm	4	human	personal	attested		Brenton's Septuagint, English 1851 + Greek (eBible.org eng-Brenton / grcbrent), Public Domain	0.85
Onias	slug:deuterocanon:onias	Onias, named in Sirach	boy	Onias		English	Christian	Catholic and Orthodox	Deuterocanon	Sirach	Sirach 50:1	https://ebible.org/eng-Brenton/SIR50.htm	19	human	personal	attested		Brenton's Septuagint, English 1851 + Greek (eBible.org eng-Brenton / grcbrent), Public Domain	0.85
Ozias	slug:deuterocanon:ozias	Ozias, named in Judith	boy	Ὀζίας	Ozias	Greek	Christian	Catholic and Orthodox	Deuterocanon	Judith	Judith 6:15	https://ebible.org/eng-Brenton/JDT06.htm	13	human	personal	attested		Brenton's Septuagint, English 1851 + Greek (eBible.org eng-Brenton / grcbrent), Public Domain	0.85
Oziel	slug:deuterocanon:oziel	Oziel, named in Judith	boy	Ὀζιὴλ	Oziēl	Greek	Christian	Catholic and Orthodox	Deuterocanon	Judith	Judith 8:1	https://ebible.org/eng-Brenton/JDT08.htm	1	human	personal	attested		Brenton's Septuagint, English 1851 + Greek (eBible.org eng-Brenton / grcbrent), Public Domain	0.85
Patroclus	slug:deuterocanon:patroclus	Patroclus, named in 2 Maccabees		Πατρόκλου	Patroklou	Greek	Christian	Catholic and Orthodox	Deuterocanon	2 Maccabees	2 Maccabees 8:9	https://ebible.org/eng-Brenton/2MA08.htm	1	human	personal	attested		Brenton's Septuagint, English 1851 + Greek (eBible.org eng-Brenton / grcbrent), Public Domain	0.85
Pentecost	slug:deuterocanon:pentecost	Pentecost, named in Tobit		Pentecost		English	Christian	Catholic and Orthodox	Deuterocanon	Tobit	Tobit 2:1	https://ebible.org/eng-Brenton/TOB02.htm	2	human	personal	attested		Brenton's Septuagint, English 1851 + Greek (eBible.org eng-Brenton / grcbrent), Public Domain	0.85
Persepolis	slug:deuterocanon:persepolis	Persepolis, named in 2 Maccabees		Περσέπολιν	Persepolin	Greek	Christian	Catholic and Orthodox	Deuterocanon	2 Maccabees	2 Maccabees 9:2	https://ebible.org/eng-Brenton/2MA09.htm	1	human	personal	attested		Brenton's Septuagint, English 1851 + Greek (eBible.org eng-Brenton / grcbrent), Public Domain	0.85
Perseus	slug:deuterocanon:perseus	Perseus, named in 1 Maccabees		Περσέα	Persea	Greek	Christian	Catholic and Orthodox	Deuterocanon	1 Maccabees	1 Maccabees 8:5	https://ebible.org/eng-Brenton/1MA08.htm	1	human	personal	attested		Brenton's Septuagint, English 1851 + Greek (eBible.org eng-Brenton / grcbrent), Public Domain	0.85
Pharaoh	slug:deuterocanon:pharaoh	Pharaoh, named in 1 Maccabees		Φαραὼ	Pharaō	Greek	Christian	Catholic and Orthodox	Deuterocanon	1 Maccabees	1 Maccabees 4:9	https://ebible.org/eng-Brenton/1MA04.htm	1	human	personal	attested		Brenton's Septuagint, English 1851 + Greek (eBible.org eng-Brenton / grcbrent), Public Domain	0.85
Phasiron	slug:deuterocanon:phasiron	Phasiron, named in 1 Maccabees		Φασιρὼν	Phasirōn	Greek	Christian	Catholic and Orthodox	Deuterocanon	1 Maccabees	1 Maccabees 9:66	https://ebible.org/eng-Brenton/1MA09.htm	1	human	personal	attested		Brenton's Septuagint, English 1851 + Greek (eBible.org eng-Brenton / grcbrent), Public Domain	0.85
Philip	slug:deuterocanon:philip	Philip, named in 1 Maccabees		Φιλίππου	Philippou	Greek	Christian	Catholic and Orthodox	Deuterocanon	1 Maccabees	1 Maccabees 1:1	https://ebible.org/eng-Brenton/1MA01.htm	11	human	personal	attested		Brenton's Septuagint, English 1851 + Greek (eBible.org eng-Brenton / grcbrent), Public Domain	0.85
Phinees	slug:deuterocanon:phinees	Phinees, named in Sirach	boy	Φινεὲς	Phinees	Greek	Christian	Catholic and Orthodox	Deuterocanon	Sirach	Sirach 45:23	https://ebible.org/eng-Brenton/SIR45.htm	3	human	personal	attested		Brenton's Septuagint, English 1851 + Greek (eBible.org eng-Brenton / grcbrent), Public Domain	0.85
Ptolemee	slug:deuterocanon:ptolemee	Ptolemee, named in 1 Maccabees	boy	Ptolemee		English	Christian	Catholic and Orthodox	Deuterocanon	1 Maccabees	1 Maccabees 1:18	https://ebible.org/eng-Brenton/1MA01.htm	20	human	personal	attested		Brenton's Septuagint, English 1851 + Greek (eBible.org eng-Brenton / grcbrent), Public Domain	0.85
Ptolemeus	slug:deuterocanon:ptolemeus	Ptolemeus, named in 1 Maccabees	boy	Πτολεμαῖος	Ptolemaios	Greek	Christian	Catholic and Orthodox	Deuterocanon	1 Maccabees	1 Maccabees 16:11	https://ebible.org/eng-Brenton/1MA16.htm	6	human	personal	attested		Brenton's Septuagint, English 1851 + Greek (eBible.org eng-Brenton / grcbrent), Public Domain	0.85
Ptolemy	slug:deuterocanon:ptolemy	Ptolemy, named in Esther (Greek)	boy	Πτολεμαίου	Ptolemaiou	Greek	Christian	Catholic and Orthodox	Deuterocanon	Esther (Greek)	Esther (Greek) 10:3	https://ebible.org/eng-Brenton/ESG10.htm	3	human	personal	attested		Brenton's Septuagint, English 1851 + Greek (eBible.org eng-Brenton / grcbrent), Public Domain	0.85
Ragau	slug:deuterocanon:ragau	Ragau, named in Judith		Ῥαγαῦ	Hragau	Greek	Christian	Catholic and Orthodox	Deuterocanon	Judith	Judith 1:5	https://ebible.org/eng-Brenton/JDT01.htm	2	human	personal	attested		Brenton's Septuagint, English 1851 + Greek (eBible.org eng-Brenton / grcbrent), Public Domain	0.85
Raguel	Q2127356	Raguel, father of Sarah in the Book of Tobit	boy	Ῥαγουὴλ	Hragouēl	Greek	Christian	Catholic and Orthodox	Deuterocanon	Tobit	Tobit 3:7	https://ebible.org/eng-Brenton/TOB03.htm	24	human	personal	attested	Wikidata	Brenton's Septuagint, English 1851 + Greek (eBible.org eng-Brenton / grcbrent), Public Domain + Wikidata (CC0)	0.85
Raphael	Q56951	Raphael, Raphael (archangel)		Ῥαφαήλ	Hraphaēl	Greek	Christian	Catholic and Orthodox	Deuterocanon	Tobit	Tobit 3:17	https://ebible.org/eng-Brenton/TOB03.htm	9	angel	personal	attested	identified by this text's own context	Brenton's Septuagint, English 1851 + Greek (eBible.org eng-Brenton / grcbrent), Public Domain	0.85
Rasses	slug:deuterocanon:rasses	Rasses, named in Judith		Ῥασσὶς	Hrassis	Greek	Christian	Catholic and Orthodox	Deuterocanon	Judith	Judith 2:23	https://ebible.org/eng-Brenton/JDT02.htm	1	human	personal	attested		Brenton's Septuagint, English 1851 + Greek (eBible.org eng-Brenton / grcbrent), Public Domain	0.85
Roboam	slug:deuterocanon:roboam	Roboam, named in Sirach		Ῥοβοὰμ	Hroboam	Greek	Christian	Catholic and Orthodox	Deuterocanon	Sirach	Sirach 47:23	https://ebible.org/eng-Brenton/SIR47.htm	1	human	personal	attested		Brenton's Septuagint, English 1851 + Greek (eBible.org eng-Brenton / grcbrent), Public Domain	0.85
Sabat	slug:deuterocanon:sabat	Sabat, named in 1 Maccabees		Σαβάτ	Sabat	Greek	Christian	Catholic and Orthodox	Deuterocanon	1 Maccabees	1 Maccabees 16:14	https://ebible.org/eng-Brenton/1MA16.htm	1	human	personal	attested		Brenton's Septuagint, English 1851 + Greek (eBible.org eng-Brenton / grcbrent), Public Domain	0.85
Salamiel	slug:deuterocanon:salamiel	Salamiel, named in Judith	boy	Σαλαμιὴλ	Salamiēl	Greek	Christian	Catholic and Orthodox	Deuterocanon	Judith	Judith 8:1	https://ebible.org/eng-Brenton/JDT08.htm	1	human	personal	attested		Brenton's Septuagint, English 1851 + Greek (eBible.org eng-Brenton / grcbrent), Public Domain	0.85
Salom	slug:deuterocanon:salom	Salom, named in Baruch		Σαλὼμ	Salōm	Greek	Christian	Catholic and Orthodox	Deuterocanon	Baruch	Baruch 1:7	https://ebible.org/eng-Brenton/BAR01.htm	2	human	personal	attested		Brenton's Septuagint, English 1851 + Greek (eBible.org eng-Brenton / grcbrent), Public Domain	0.85
Sara	Q2224149	Sara, wife of Tobias and daughter of Raguel in the Book of Tobit	girl	Σάῤῥᾳ	Sarra	Greek	Christian	Catholic and Orthodox	Deuterocanon	Tobit	Tobit 3:7	https://ebible.org/eng-Brenton/TOB03.htm	12	human	personal	attested	Wikidata	Brenton's Septuagint, English 1851 + Greek (eBible.org eng-Brenton / grcbrent), Public Domain + Wikidata (CC0)	0.85
Sarasadai	slug:deuterocanon:sarasadai	Sarasadai, named in Judith	boy	Σαρασαδαΐ	Sarasadai	Greek	Christian	Catholic and Orthodox	Deuterocanon	Judith	Judith 8:1	https://ebible.org/eng-Brenton/JDT08.htm	1	human	personal	attested		Brenton's Septuagint, English 1851 + Greek (eBible.org eng-Brenton / grcbrent), Public Domain	0.85
Sarchedonus	slug:deuterocanon:sarchedonus	Sarchedonus, named in Tobit	boy	Σαχερδονὸς	Sacherdonos	Greek	Christian	Catholic and Orthodox	Deuterocanon	Tobit	Tobit 1:21	https://ebible.org/eng-Brenton/TOB01.htm	2	human	personal	attested		Brenton's Septuagint, English 1851 + Greek (eBible.org eng-Brenton / grcbrent), Public Domain	0.85
Saul	slug:deuterocanon:saul	Saul, named in 1 Maccabees		Σαοὺλ	Saoul	Greek	Christian	Catholic and Orthodox	Deuterocanon	1 Maccabees	1 Maccabees 4:30	https://ebible.org/eng-Brenton/1MA04.htm	1	human	personal	attested		Brenton's Septuagint, English 1851 + Greek (eBible.org eng-Brenton / grcbrent), Public Domain	0.85
Sedecias	slug:deuterocanon:sedecias	Sedecias, named in Baruch	boy	Sedecias		English	Christian	Catholic and Orthodox	Deuterocanon	Baruch	Baruch 1:1	https://ebible.org/eng-Brenton/BAR01.htm	2	human	personal	attested		Brenton's Septuagint, English 1851 + Greek (eBible.org eng-Brenton / grcbrent), Public Domain	0.85
Seleucus	slug:deuterocanon:seleucus	Seleucus, named in 1 Maccabees	boy	Σελεύκου	Seleukou	Greek	Christian	Catholic and Orthodox	Deuterocanon	1 Maccabees	1 Maccabees 7:1	https://ebible.org/eng-Brenton/1MA07.htm	5	human	personal	attested		Brenton's Septuagint, English 1851 + Greek (eBible.org eng-Brenton / grcbrent), Public Domain	0.85
Semeias	slug:deuterocanon:semeias	Semeias, named in Esther (Greek)	boy	Σεμείου	Semeiou	Greek	Christian	Catholic and Orthodox	Deuterocanon	Esther (Greek)	Esther (Greek) 2:5	https://ebible.org/eng-Brenton/ESG02.htm	1	human	personal	attested		Brenton's Septuagint, English 1851 + Greek (eBible.org eng-Brenton / grcbrent), Public Domain	0.85
Sennacherib	slug:deuterocanon:sennacherib	Sennacherib, named in Tobit	boy	Σενναχηρὶμ	Sennachērim	Greek	Christian	Catholic and Orthodox	Deuterocanon	Tobit	Tobit 1:15	https://ebible.org/eng-Brenton/TOB01.htm	5	human	personal	attested		Brenton's Septuagint, English 1851 + Greek (eBible.org eng-Brenton / grcbrent), Public Domain	0.85
Seron	slug:deuterocanon:seron	Seron, named in 1 Maccabees	boy	Σήρων	Sērōn	Greek	Christian	Catholic and Orthodox	Deuterocanon	1 Maccabees	1 Maccabees 3:13	https://ebible.org/eng-Brenton/1MA03.htm	2	human	personal	attested		Brenton's Septuagint, English 1851 + Greek (eBible.org eng-Brenton / grcbrent), Public Domain	0.85
Seth	slug:deuterocanon:seth	Seth, named in Sirach		Σὴθ	Sēth	Greek	Christian	Catholic and Orthodox	Deuterocanon	Sirach	Sirach 49:16	https://ebible.org/eng-Brenton/SIR49.htm	1	human	personal	attested		Brenton's Septuagint, English 1851 + Greek (eBible.org eng-Brenton / grcbrent), Public Domain	0.85
Simeon	slug:deuterocanon:simeon	Simeon, named in Judith	boy	Συμεὼν	Symeōn	Greek	Christian	Catholic and Orthodox	Deuterocanon	Judith	Judith 6:15	https://ebible.org/eng-Brenton/JDT06.htm	3	human	personal	attested		Brenton's Septuagint, English 1851 + Greek (eBible.org eng-Brenton / grcbrent), Public Domain	0.85
Simon	slug:deuterocanon:simon	Simon, named in Sirach	boy	Σίμων	Simōn	Greek	Christian	Catholic and Orthodox	Deuterocanon	Sirach	Sirach 50:1	https://ebible.org/eng-Brenton/SIR50.htm	77	human	personal	attested		Brenton's Septuagint, English 1851 + Greek (eBible.org eng-Brenton / grcbrent), Public Domain	0.85
Sirach	slug:deuterocanon:sirach	Sirach, named in Sirach		Σειρὰχ	Seirach	Greek	Christian	Catholic and Orthodox	Deuterocanon	Sirach	Sirach 50:27	https://ebible.org/eng-Brenton/SIR50.htm	1	human	personal	attested		Brenton's Septuagint, English 1851 + Greek (eBible.org eng-Brenton / grcbrent), Public Domain	0.85
Solomon	Q37085	Solomon, king of Israel, son of David	boy	Σαλωμὼν	Salōmōn	Greek	Christian	Catholic and Orthodox	Deuterocanon	Sirach	Sirach 47:13	https://ebible.org/eng-Brenton/SIR47.htm	5	human	personal	attested	Wikidata	Brenton's Septuagint, English 1851 + Greek (eBible.org eng-Brenton / grcbrent), Public Domain + Wikidata (CC0)	0.85
Sosipater	slug:deuterocanon:sosipater	Sosipater, named in 2 Maccabees		Σωσίπατρος	Sōsipatros	Greek	Christian	Catholic and Orthodox	Deuterocanon	2 Maccabees	2 Maccabees 12:19	https://ebible.org/eng-Brenton/2MA12.htm	2	human	personal	attested		Brenton's Septuagint, English 1851 + Greek (eBible.org eng-Brenton / grcbrent), Public Domain	0.85
Susanna	Q756861	Susanna, character in the deuterocanonical additions to the Book of Daniel (for the section of the additions to Daniel, use Q35555488)	girl	Σωσάννα	Sōsanna	Greek	Christian	Catholic and Orthodox	Deuterocanon	Susanna	Susanna 1:2	https://ebible.org/eng-Brenton/SUS01.htm	10	human	personal	attested	Wikidata	Brenton's Septuagint, English 1851 + Greek (eBible.org eng-Brenton / grcbrent), Public Domain + Wikidata (CC0)	0.85
Thassi	slug:deuterocanon:thassi	Thassi, named in 1 Maccabees		Θασσι	Thassi	Greek	Christian	Catholic and Orthodox	Deuterocanon	1 Maccabees	1 Maccabees 2:3	https://ebible.org/eng-Brenton/1MA02.htm	1	human	personal	attested		Brenton's Septuagint, English 1851 + Greek (eBible.org eng-Brenton / grcbrent), Public Domain	0.85
Thraseas	slug:deuterocanon:thraseas	Thraseas, named in 2 Maccabees		Θρασαίου	Thrasaiou	Greek	Christian	Catholic and Orthodox	Deuterocanon	2 Maccabees	2 Maccabees 3:5	https://ebible.org/eng-Brenton/2MA03.htm	1	human	personal	attested		Brenton's Septuagint, English 1851 + Greek (eBible.org eng-Brenton / grcbrent), Public Domain	0.85
Timotheus	slug:deuterocanon:timotheus	Timotheus, named in 1 Maccabees		Τιμόθεον	Timotheon	Greek	Christian	Catholic and Orthodox	Deuterocanon	1 Maccabees	1 Maccabees 5:6	https://ebible.org/eng-Brenton/1MA05.htm	18	human	personal	attested		Brenton's Septuagint, English 1851 + Greek (eBible.org eng-Brenton / grcbrent), Public Domain	0.85
Titus	slug:deuterocanon:titus	Titus, named in 2 Maccabees		Τίτος	Titos	Greek	Christian	Catholic and Orthodox	Deuterocanon	2 Maccabees	2 Maccabees 11:34	https://ebible.org/eng-Brenton/2MA11.htm	1	human	personal	attested		Brenton's Septuagint, English 1851 + Greek (eBible.org eng-Brenton / grcbrent), Public Domain	0.85
Tobias	Q1412773	Tobias, son of Tobit and husband of Sarah in the Book of Tobit	boy	Τωβίαν	Tōbian	Greek	Christian	Catholic and Orthodox	Deuterocanon	Tobit	Tobit 1:9	https://ebible.org/eng-Brenton/TOB01.htm	33	human	personal	attested	Wikidata	Brenton's Septuagint, English 1851 + Greek (eBible.org eng-Brenton / grcbrent), Public Domain + Wikidata (CC0)	0.85
Tobiel	slug:deuterocanon:tobiel	Tobiel, named in Tobit	boy	Τωβιὴλ	Tōbiēl	Greek	Christian	Catholic and Orthodox	Deuterocanon	Tobit	Tobit 1:1	https://ebible.org/eng-Brenton/TOB01.htm	1	human	personal	attested		Brenton's Septuagint, English 1851 + Greek (eBible.org eng-Brenton / grcbrent), Public Domain	0.85
Tobit	Q12060123	Tobit, Biblical character (Book of Tobit)	boy	Τωβὶτ	Tōbit	Greek	Christian	Catholic and Orthodox	Deuterocanon	Tobit	Tobit 1:1	https://ebible.org/eng-Brenton/TOB01.htm	24	human	personal	attested	Wikidata	Brenton's Septuagint, English 1851 + Greek (eBible.org eng-Brenton / grcbrent), Public Domain + Wikidata (CC0)	0.85
Tryphon	slug:deuterocanon:tryphon	Tryphon, named in 1 Maccabees		Τρύφων	Tryphōn	Greek	Christian	Catholic and Orthodox	Deuterocanon	1 Maccabees	1 Maccabees 11:39	https://ebible.org/eng-Brenton/1MA11.htm	21	human	personal	attested		Brenton's Septuagint, English 1851 + Greek (eBible.org eng-Brenton / grcbrent), Public Domain	0.85
Tubieni	slug:deuterocanon:tubieni	Tubieni, named in 2 Maccabees		Τουβιήνους	Toubiēnous	Greek	Christian	Catholic and Orthodox	Deuterocanon	2 Maccabees	2 Maccabees 12:17	https://ebible.org/eng-Brenton/2MA12.htm	1	human	personal	attested		Brenton's Septuagint, English 1851 + Greek (eBible.org eng-Brenton / grcbrent), Public Domain	0.85
Zabdiel	slug:deuterocanon:zabdiel	Zabdiel, named in 1 Maccabees		Ζαβδιὴλ	Zabdiēl	Greek	Christian	Catholic and Orthodox	Deuterocanon	1 Maccabees	1 Maccabees 11:17	https://ebible.org/eng-Brenton/1MA11.htm	1	human	personal	attested		Brenton's Septuagint, English 1851 + Greek (eBible.org eng-Brenton / grcbrent), Public Domain	0.85
Zaccheus	slug:deuterocanon:zaccheus	Zaccheus, named in 2 Maccabees		Zaccheus		English	Christian	Catholic and Orthodox	Deuterocanon	2 Maccabees	2 Maccabees 10:19	https://ebible.org/eng-Brenton/2MA10.htm	1	human	personal	attested		Brenton's Septuagint, English 1851 + Greek (eBible.org eng-Brenton / grcbrent), Public Domain	0.85
Zacharias	slug:deuterocanon:zacharias	Zacharias, named in 1 Maccabees		Ζαχαρίου	Zachariou	Greek	Christian	Catholic and Orthodox	Deuterocanon	1 Maccabees	1 Maccabees 5:18	https://ebible.org/eng-Brenton/1MA05.htm	2	human	personal	attested		Brenton's Septuagint, English 1851 + Greek (eBible.org eng-Brenton / grcbrent), Public Domain	0.85
Zambri	slug:deuterocanon:zambri	Zambri, named in 1 Maccabees	boy	Ζαμβρὶ	Zambri	Greek	Christian	Catholic and Orthodox	Deuterocanon	1 Maccabees	1 Maccabees 2:26	https://ebible.org/eng-Brenton/1MA02.htm	1	human	personal	attested		Brenton's Septuagint, English 1851 + Greek (eBible.org eng-Brenton / grcbrent), Public Domain	0.85
Zorobabel	Q320139	Zerubbabel, Leader of the first Jewish exiles from Babylon	boy	Ζοροβάβελ	Zorobabel	Greek	Christian	Catholic and Orthodox	Deuterocanon	Sirach	Sirach 49:11	https://ebible.org/eng-Brenton/SIR49.htm	1	human	personal	attested	same figure as the Bible's Zorobabel	Brenton's Septuagint, English 1851 + Greek (eBible.org eng-Brenton / grcbrent), Public Domain	0.85
Zosara	slug:deuterocanon:zosara	Zosara, named in Esther (Greek)	girl	Ζωσάραν	Zōsaran	Greek	Christian	Catholic and Orthodox	Deuterocanon	Esther (Greek)	Esther (Greek) 5:10	https://ebible.org/eng-Brenton/ESG05.htm	3	human	personal	attested		Brenton's Septuagint, English 1851 + Greek (eBible.org eng-Brenton / grcbrent), Public Domain	0.85
Aaron	Q51676	Aaron, brother of Moses	boy	Ἀαρών	Aarōn	Greek	Christian	Eastern Orthodox	Orthodox Old Testament	1 Esdras	1 Esdras 1:13	https://ebible.org/eng-Brenton/1ES01.htm	4	human	personal	attested	same figure as the Bible's Aaron	Brenton's Septuagint, English 1851 + Greek (eBible.org eng-Brenton / grcbrent), Public Domain	0.85
Abadias	slug:deuterocanon:abadias	Abadias, named in 1 Esdras		Ἀβαδίας	Abadias	Greek	Christian	Eastern Orthodox	Orthodox Old Testament	1 Esdras	1 Esdras 8:35	https://ebible.org/eng-Brenton/1ES08.htm	1	human	personal	attested		Brenton's Septuagint, English 1851 + Greek (eBible.org eng-Brenton / grcbrent), Public Domain	0.85
Abisai	slug:deuterocanon:abisai	Abisai, named in 1 Esdras	boy	Ἀβισαῒ	Abisai	Greek	Christian	Eastern Orthodox	Orthodox Old Testament	1 Esdras	1 Esdras 8:2	https://ebible.org/eng-Brenton/1ES08.htm	1	human	personal	attested		Brenton's Septuagint, English 1851 + Greek (eBible.org eng-Brenton / grcbrent), Public Domain	0.85
Abraham	Q9181	Abraham, patriarch	boy	Ἀβραὰμ	Abraam	Greek	Christian	Eastern Orthodox	Orthodox Old Testament	3 Maccabees	3 Maccabees 6:3	https://ebible.org/eng-Brenton/3MA06.htm	3	human	personal	attested	Wikidata	Brenton's Septuagint, English 1851 + Greek (eBible.org eng-Brenton / grcbrent), Public Domain + Wikidata (CC0)	0.85
Acatan	slug:deuterocanon:acatan	Acatan, named in 1 Esdras		Ἀκατὰν	Akatan	Greek	Christian	Eastern Orthodox	Orthodox Old Testament	1 Esdras	1 Esdras 8:38	https://ebible.org/eng-Brenton/1ES08.htm	1	human	personal	attested		Brenton's Septuagint, English 1851 + Greek (eBible.org eng-Brenton / grcbrent), Public Domain	0.85
Acbos	slug:deuterocanon:acbos	Acbos, named in 1 Esdras		Ἁκβὼς	Hakbōs	Greek	Christian	Eastern Orthodox	Orthodox Old Testament	1 Esdras	1 Esdras 5:38	https://ebible.org/eng-Brenton/1ES05.htm	1	human	personal	attested		Brenton's Septuagint, English 1851 + Greek (eBible.org eng-Brenton / grcbrent), Public Domain	0.85
Achiba	slug:deuterocanon:achiba	Achiba, named in 1 Esdras		Ἀχιβὰ	Achiba	Greek	Christian	Eastern Orthodox	Orthodox Old Testament	1 Esdras	1 Esdras 5:31	https://ebible.org/eng-Brenton/1ES05.htm	1	human	personal	attested		Brenton's Septuagint, English 1851 + Greek (eBible.org eng-Brenton / grcbrent), Public Domain	0.85
Achitob	slug:deuterocanon:achitob	Achitob, named in 1 Esdras	boy	Ἀχιτὼβ	Achitōb	Greek	Christian	Eastern Orthodox	Orthodox Old Testament	1 Esdras	1 Esdras 8:2	https://ebible.org/eng-Brenton/1ES08.htm	1	human	personal	attested		Brenton's Septuagint, English 1851 + Greek (eBible.org eng-Brenton / grcbrent), Public Domain	0.85
Acud	slug:deuterocanon:acud	Acud, named in 1 Esdras		Acud		English	Christian	Eastern Orthodox	Orthodox Old Testament	1 Esdras	1 Esdras 5:30	https://ebible.org/eng-Brenton/1ES05.htm	1	human	personal	attested		Brenton's Septuagint, English 1851 + Greek (eBible.org eng-Brenton / grcbrent), Public Domain	0.85
Acuph	slug:deuterocanon:acuph	Acuph, named in 1 Esdras		Ἀκοὺφ	Akouph	Greek	Christian	Eastern Orthodox	Orthodox Old Testament	1 Esdras	1 Esdras 5:31	https://ebible.org/eng-Brenton/1ES05.htm	1	human	personal	attested		Brenton's Septuagint, English 1851 + Greek (eBible.org eng-Brenton / grcbrent), Public Domain	0.85
Addi	slug:deuterocanon:addi	Addi, named in 1 Esdras		Ἀδδὶ	Addi	Greek	Christian	Eastern Orthodox	Orthodox Old Testament	1 Esdras	1 Esdras 9:31	https://ebible.org/eng-Brenton/1ES09.htm	1	human	personal	attested		Brenton's Septuagint, English 1851 + Greek (eBible.org eng-Brenton / grcbrent), Public Domain	0.85
Addo	slug:deuterocanon:addo	Addo, named in 1 Esdras		Ἀδδὼ	Addō	Greek	Christian	Eastern Orthodox	Orthodox Old Testament	1 Esdras	1 Esdras 6:1	https://ebible.org/eng-Brenton/1ES06.htm	1	human	personal	attested		Brenton's Septuagint, English 1851 + Greek (eBible.org eng-Brenton / grcbrent), Public Domain	0.85
Addus	slug:deuterocanon:addus	Addus, named in 1 Esdras		Ἀδδοὺς	Addous	Greek	Christian	Eastern Orthodox	Orthodox Old Testament	1 Esdras	1 Esdras 5:34	https://ebible.org/eng-Brenton/1ES05.htm	1	human	personal	attested		Brenton's Septuagint, English 1851 + Greek (eBible.org eng-Brenton / grcbrent), Public Domain	0.85
Adin	slug:deuterocanon:adin	Adin, named in 1 Esdras		Ἀδινοὺ	Adinou	Greek	Christian	Eastern Orthodox	Orthodox Old Testament	1 Esdras	1 Esdras 5:14	https://ebible.org/eng-Brenton/1ES05.htm	2	human	personal	attested		Brenton's Septuagint, English 1851 + Greek (eBible.org eng-Brenton / grcbrent), Public Domain	0.85
Adonikam	slug:deuterocanon:adonikam	Adonikam, named in 1 Esdras		Ἀδωνικὰμ	Adōnikam	Greek	Christian	Eastern Orthodox	Orthodox Old Testament	1 Esdras	1 Esdras 8:39	https://ebible.org/eng-Brenton/1ES08.htm	1	human	personal	attested		Brenton's Septuagint, English 1851 + Greek (eBible.org eng-Brenton / grcbrent), Public Domain	0.85
Adonikan	slug:deuterocanon:adonikan	Adonikan, named in 1 Esdras		Ἀδωνικὰν	Adōnikan	Greek	Christian	Eastern Orthodox	Orthodox Old Testament	1 Esdras	1 Esdras 5:14	https://ebible.org/eng-Brenton/1ES05.htm	1	human	personal	attested		Brenton's Septuagint, English 1851 + Greek (eBible.org eng-Brenton / grcbrent), Public Domain	0.85
Agaba	slug:deuterocanon:agaba	Agaba, named in 1 Esdras		Ἀκκαβὰ	Akkaba	Greek	Christian	Eastern Orthodox	Orthodox Old Testament	1 Esdras	1 Esdras 5:30	https://ebible.org/eng-Brenton/1ES05.htm	1	human	personal	attested		Brenton's Septuagint, English 1851 + Greek (eBible.org eng-Brenton / grcbrent), Public Domain	0.85
Agraba	slug:deuterocanon:agraba	Agraba, named in 1 Esdras		Ἀγραβὰ	Agraba	Greek	Christian	Eastern Orthodox	Orthodox Old Testament	1 Esdras	1 Esdras 5:29	https://ebible.org/eng-Brenton/1ES05.htm	1	human	personal	attested		Brenton's Septuagint, English 1851 + Greek (eBible.org eng-Brenton / grcbrent), Public Domain	0.85
Allom	slug:deuterocanon:allom	Allom, named in 1 Esdras		Ἀλλώμ	Allōm	Greek	Christian	Eastern Orthodox	Orthodox Old Testament	1 Esdras	1 Esdras 5:34	https://ebible.org/eng-Brenton/1ES05.htm	1	human	personal	attested		Brenton's Septuagint, English 1851 + Greek (eBible.org eng-Brenton / grcbrent), Public Domain	0.85
Amarias	slug:deuterocanon:amarias	Amarias, named in 1 Esdras	boy	Ἀμαρίου	Amariou	Greek	Christian	Eastern Orthodox	Orthodox Old Testament	1 Esdras	1 Esdras 8:2	https://ebible.org/eng-Brenton/1ES08.htm	1	human	personal	attested		Brenton's Septuagint, English 1851 + Greek (eBible.org eng-Brenton / grcbrent), Public Domain	0.85
Anan	slug:deuterocanon:anan	Anan, named in 1 Esdras		Ἀνὰν	Anan	Greek	Christian	Eastern Orthodox	Orthodox Old Testament	1 Esdras	1 Esdras 5:30	https://ebible.org/eng-Brenton/1ES05.htm	1	human	personal	attested		Brenton's Septuagint, English 1851 + Greek (eBible.org eng-Brenton / grcbrent), Public Domain	0.85
Ananias	slug:deuterocanon:ananias	Ananias, named in 1 Esdras		Ἀνανίας	Ananias	Greek	Christian	Eastern Orthodox	Orthodox Old Testament	1 Esdras	1 Esdras 9:21	https://ebible.org/eng-Brenton/1ES09.htm	4	human	personal	attested		Brenton's Septuagint, English 1851 + Greek (eBible.org eng-Brenton / grcbrent), Public Domain	0.85
Annas	slug:deuterocanon:annas	Annas, named in 1 Esdras		Annas		English	Christian	Eastern Orthodox	Orthodox Old Testament	1 Esdras	1 Esdras 9:32	https://ebible.org/eng-Brenton/1ES09.htm	1	human	personal	attested		Brenton's Septuagint, English 1851 + Greek (eBible.org eng-Brenton / grcbrent), Public Domain	0.85
Annis	slug:deuterocanon:annis	Annis, named in 1 Esdras		Ἁννὶς	Hannis	Greek	Christian	Eastern Orthodox	Orthodox Old Testament	1 Esdras	1 Esdras 5:16	https://ebible.org/eng-Brenton/1ES05.htm	1	human	personal	attested		Brenton's Septuagint, English 1851 + Greek (eBible.org eng-Brenton / grcbrent), Public Domain	0.85
Apame	slug:deuterocanon:apame	Apame, named in 1 Esdras	boy	Ἀπάμην	Apamēn	Greek	Christian	Eastern Orthodox	Orthodox Old Testament	1 Esdras	1 Esdras 4:29	https://ebible.org/eng-Brenton/1ES04.htm	1	human	personal	attested		Brenton's Septuagint, English 1851 + Greek (eBible.org eng-Brenton / grcbrent), Public Domain	0.85
Apherra	slug:deuterocanon:apherra	Apherra, named in 1 Esdras		Ἀφεῤῥὰ	Apherra	Greek	Christian	Eastern Orthodox	Orthodox Old Testament	1 Esdras	1 Esdras 5:34	https://ebible.org/eng-Brenton/1ES05.htm	1	human	personal	attested		Brenton's Septuagint, English 1851 + Greek (eBible.org eng-Brenton / grcbrent), Public Domain	0.85
Ares	slug:deuterocanon:ares	Ares, named in 1 Esdras		Ἀρὲς	Ares	Greek	Christian	Eastern Orthodox	Orthodox Old Testament	1 Esdras	1 Esdras 5:10	https://ebible.org/eng-Brenton/1ES05.htm	1	human	personal	attested		Brenton's Septuagint, English 1851 + Greek (eBible.org eng-Brenton / grcbrent), Public Domain	0.85
Argai	slug:deuterocanon:argai	Argai, named in 1 Esdras		Ἀργαὶ	Argai	Greek	Christian	Eastern Orthodox	Orthodox Old Testament	1 Esdras	1 Esdras 5:13	https://ebible.org/eng-Brenton/1ES05.htm	1	human	personal	attested		Brenton's Septuagint, English 1851 + Greek (eBible.org eng-Brenton / grcbrent), Public Domain	0.85
Arom	slug:deuterocanon:arom	Arom, named in 1 Esdras		Ἀρὸμ	Arom	Greek	Christian	Eastern Orthodox	Orthodox Old Testament	1 Esdras	1 Esdras 5:16	https://ebible.org/eng-Brenton/1ES05.htm	1	human	personal	attested		Brenton's Septuagint, English 1851 + Greek (eBible.org eng-Brenton / grcbrent), Public Domain	0.85
Arsinoe	slug:deuterocanon:arsinoe	Arsinoe, named in 3 Maccabees	girl	Ἀρσινόην	Arsinoēn	Greek	Christian	Eastern Orthodox	Orthodox Old Testament	3 Maccabees	3 Maccabees 1:1	https://ebible.org/eng-Brenton/3MA01.htm	2	human	personal	attested		Brenton's Septuagint, English 1851 + Greek (eBible.org eng-Brenton / grcbrent), Public Domain	0.85
Arsiphurith	slug:deuterocanon:arsiphurith	Arsiphurith, named in 1 Esdras		Ἀρσιφουρὶθ	Arsiphourith	Greek	Christian	Eastern Orthodox	Orthodox Old Testament	1 Esdras	1 Esdras 5:16	https://ebible.org/eng-Brenton/1ES05.htm	1	human	personal	attested		Brenton's Septuagint, English 1851 + Greek (eBible.org eng-Brenton / grcbrent), Public Domain	0.85
Artaxerxes	slug:biblical:artaxerxes@ezr.4.7-neh	Artaxerxes, Persian king during Ezra and Nehemiah's time	boy	Ἀρταξέρξου	Artaxerxou	Greek	Christian	Eastern Orthodox	Orthodox Old Testament	1 Esdras	1 Esdras 2:16	https://ebible.org/eng-Brenton/1ES02.htm	10	human	personal	attested	same figure as the Bible's Artaxerxes	Brenton's Septuagint, English 1851 + Greek (eBible.org eng-Brenton / grcbrent), Public Domain	0.85
Asaph	slug:deuterocanon:asaph	Asaph, named in 1 Esdras		Ἀσὰφ	Asaph	Greek	Christian	Eastern Orthodox	Orthodox Old Testament	1 Esdras	1 Esdras 1:15	https://ebible.org/eng-Brenton/1ES01.htm	4	human	personal	attested		Brenton's Septuagint, English 1851 + Greek (eBible.org eng-Brenton / grcbrent), Public Domain	0.85
Asipha	slug:deuterocanon:asipha	Asipha, named in 1 Esdras		Ἀσιφὰ	Asipha	Greek	Christian	Eastern Orthodox	Orthodox Old Testament	1 Esdras	1 Esdras 5:29	https://ebible.org/eng-Brenton/1ES05.htm	1	human	personal	attested		Brenton's Septuagint, English 1851 + Greek (eBible.org eng-Brenton / grcbrent), Public Domain	0.85
Asom	slug:deuterocanon:asom	Asom, named in 1 Esdras		Ἀσὸμ	Asom	Greek	Christian	Eastern Orthodox	Orthodox Old Testament	1 Esdras	1 Esdras 9:33	https://ebible.org/eng-Brenton/1ES09.htm	1	human	personal	attested		Brenton's Septuagint, English 1851 + Greek (eBible.org eng-Brenton / grcbrent), Public Domain	0.85
Assana	slug:deuterocanon:assana	Assana, named in 1 Esdras		Ἀσσανὰ	Assana	Greek	Christian	Eastern Orthodox	Orthodox Old Testament	1 Esdras	1 Esdras 5:31	https://ebible.org/eng-Brenton/1ES05.htm	1	human	personal	attested		Brenton's Septuagint, English 1851 + Greek (eBible.org eng-Brenton / grcbrent), Public Domain	0.85
Astath	slug:deuterocanon:astath	Astath, named in 1 Esdras		Ἀστὰθ	Astath	Greek	Christian	Eastern Orthodox	Orthodox Old Testament	1 Esdras	1 Esdras 8:38	https://ebible.org/eng-Brenton/1ES08.htm	1	human	personal	attested		Brenton's Septuagint, English 1851 + Greek (eBible.org eng-Brenton / grcbrent), Public Domain	0.85
Asub	slug:deuterocanon:asub	Asub, named in 1 Esdras		Ἀσοὺβ	Asoub	Greek	Christian	Eastern Orthodox	Orthodox Old Testament	1 Esdras	1 Esdras 5:31	https://ebible.org/eng-Brenton/1ES05.htm	1	human	personal	attested		Brenton's Septuagint, English 1851 + Greek (eBible.org eng-Brenton / grcbrent), Public Domain	0.85
Atar	slug:deuterocanon:atar	Atar, named in 1 Esdras		Ἀτὰρ	Atar	Greek	Christian	Eastern Orthodox	Orthodox Old Testament	1 Esdras	1 Esdras 5:28	https://ebible.org/eng-Brenton/1ES05.htm	1	human	personal	attested		Brenton's Septuagint, English 1851 + Greek (eBible.org eng-Brenton / grcbrent), Public Domain	0.85
Ater	slug:deuterocanon:ater	Ater, named in 1 Esdras		Ἀτὴρ	Atēr	Greek	Christian	Eastern Orthodox	Orthodox Old Testament	1 Esdras	1 Esdras 5:15	https://ebible.org/eng-Brenton/1ES05.htm	1	human	personal	attested		Brenton's Septuagint, English 1851 + Greek (eBible.org eng-Brenton / grcbrent), Public Domain	0.85
Ateta	slug:deuterocanon:ateta	Ateta, named in 1 Esdras		Ἀτητὰ	Atēta	Greek	Christian	Eastern Orthodox	Orthodox Old Testament	1 Esdras	1 Esdras 5:28	https://ebible.org/eng-Brenton/1ES05.htm	1	human	personal	attested		Brenton's Septuagint, English 1851 + Greek (eBible.org eng-Brenton / grcbrent), Public Domain	0.85
Atipha	slug:deuterocanon:atipha	Atipha, named in 1 Esdras		Ἀτεφά	Atepha	Greek	Christian	Eastern Orthodox	Orthodox Old Testament	1 Esdras	1 Esdras 5:32	https://ebible.org/eng-Brenton/1ES05.htm	1	human	personal	attested		Brenton's Septuagint, English 1851 + Greek (eBible.org eng-Brenton / grcbrent), Public Domain	0.85
Azael	slug:deuterocanon:azael	Azael, named in 1 Esdras		Ἀζαήλου	Azaēlou	Greek	Christian	Eastern Orthodox	Orthodox Old Testament	1 Esdras	1 Esdras 9:14	https://ebible.org/eng-Brenton/1ES09.htm	1	human	personal	attested		Brenton's Septuagint, English 1851 + Greek (eBible.org eng-Brenton / grcbrent), Public Domain	0.85
Azaphioth	slug:deuterocanon:azaphioth	Azaphioth, named in 1 Esdras		Ἀσσαπφιὼθ	Assapphiōth	Greek	Christian	Eastern Orthodox	Orthodox Old Testament	1 Esdras	1 Esdras 5:33	https://ebible.org/eng-Brenton/1ES05.htm	1	human	personal	attested		Brenton's Septuagint, English 1851 + Greek (eBible.org eng-Brenton / grcbrent), Public Domain	0.85
Azara	slug:deuterocanon:azara	Azara, named in 1 Esdras		Ἀσαρὰ	Asara	Greek	Christian	Eastern Orthodox	Orthodox Old Testament	1 Esdras	1 Esdras 5:31	https://ebible.org/eng-Brenton/1ES05.htm	1	human	personal	attested		Brenton's Septuagint, English 1851 + Greek (eBible.org eng-Brenton / grcbrent), Public Domain	0.85
Azaraias	slug:deuterocanon:azaraias	Azaraias, named in 1 Esdras	boy	Ἀζαραίου	Azaraiou	Greek	Christian	Eastern Orthodox	Orthodox Old Testament	1 Esdras	1 Esdras 8:1	https://ebible.org/eng-Brenton/1ES08.htm	1	human	personal	attested		Brenton's Septuagint, English 1851 + Greek (eBible.org eng-Brenton / grcbrent), Public Domain	0.85
Azarus	slug:deuterocanon:azarus	Azarus, named in 1 Esdras		Ἀζαροὺ	Azarou	Greek	Christian	Eastern Orthodox	Orthodox Old Testament	1 Esdras	1 Esdras 5:15	https://ebible.org/eng-Brenton/1ES05.htm	1	human	personal	attested		Brenton's Septuagint, English 1851 + Greek (eBible.org eng-Brenton / grcbrent), Public Domain	0.85
Azbazareth	slug:deuterocanon:azbazareth	Azbazareth, named in 1 Esdras	boy	Azbazareth		English	Christian	Eastern Orthodox	Orthodox Old Testament	1 Esdras	1 Esdras 5:69	https://ebible.org/eng-Brenton/1ES05.htm	1	human	personal	attested		Brenton's Septuagint, English 1851 + Greek (eBible.org eng-Brenton / grcbrent), Public Domain	0.85
Baana	slug:deuterocanon:baana	Baana, named in 1 Esdras		Βαανὰ	Baana	Greek	Christian	Eastern Orthodox	Orthodox Old Testament	1 Esdras	1 Esdras 5:8	https://ebible.org/eng-Brenton/1ES05.htm	1	human	personal	attested		Brenton's Septuagint, English 1851 + Greek (eBible.org eng-Brenton / grcbrent), Public Domain	0.85
Baani	slug:deuterocanon:baani	Baani, named in 1 Esdras		Βαανὶ	Baani	Greek	Christian	Eastern Orthodox	Orthodox Old Testament	1 Esdras	1 Esdras 9:34	https://ebible.org/eng-Brenton/1ES09.htm	1	human	personal	attested		Brenton's Septuagint, English 1851 + Greek (eBible.org eng-Brenton / grcbrent), Public Domain	0.85
Babi	slug:deuterocanon:babi	Babi, named in 1 Esdras		Βαβὶ	Babi	Greek	Christian	Eastern Orthodox	Orthodox Old Testament	1 Esdras	1 Esdras 8:37	https://ebible.org/eng-Brenton/1ES08.htm	1	human	personal	attested		Brenton's Septuagint, English 1851 + Greek (eBible.org eng-Brenton / grcbrent), Public Domain	0.85
Baenan	slug:deuterocanon:baenan	Baenan, named in 1 Esdras		Βαενὰν	Baenan	Greek	Christian	Eastern Orthodox	Orthodox Old Testament	1 Esdras	1 Esdras 5:37	https://ebible.org/eng-Brenton/1ES05.htm	1	human	personal	attested		Brenton's Septuagint, English 1851 + Greek (eBible.org eng-Brenton / grcbrent), Public Domain	0.85
Bago	slug:deuterocanon:bago	Bago, named in 1 Esdras		Βαγὼ	Bagō	Greek	Christian	Eastern Orthodox	Orthodox Old Testament	1 Esdras	1 Esdras 8:40	https://ebible.org/eng-Brenton/1ES08.htm	1	human	personal	attested		Brenton's Septuagint, English 1851 + Greek (eBible.org eng-Brenton / grcbrent), Public Domain	0.85
Bagoi	slug:deuterocanon:bagoi	Bagoi, named in 1 Esdras		Βαγοῒ	Bagoi	Greek	Christian	Eastern Orthodox	Orthodox Old Testament	1 Esdras	1 Esdras 5:14	https://ebible.org/eng-Brenton/1ES05.htm	1	human	personal	attested		Brenton's Septuagint, English 1851 + Greek (eBible.org eng-Brenton / grcbrent), Public Domain	0.85
Bani	slug:deuterocanon:bani	Bani, named in 1 Esdras		Βανί	Bani	Greek	Christian	Eastern Orthodox	Orthodox Old Testament	1 Esdras	1 Esdras 5:12	https://ebible.org/eng-Brenton/1ES05.htm	1	human	personal	attested		Brenton's Septuagint, English 1851 + Greek (eBible.org eng-Brenton / grcbrent), Public Domain	0.85
Bania	slug:deuterocanon:bania	Bania, named in 1 Esdras		Βανίας	Banias	Greek	Christian	Eastern Orthodox	Orthodox Old Testament	1 Esdras	1 Esdras 8:36	https://ebible.org/eng-Brenton/1ES08.htm	1	human	personal	attested		Brenton's Septuagint, English 1851 + Greek (eBible.org eng-Brenton / grcbrent), Public Domain	0.85
Barcue	slug:deuterocanon:barcue	Barcue, named in 1 Esdras		Βαρχουὲ	Barchoue	Greek	Christian	Eastern Orthodox	Orthodox Old Testament	1 Esdras	1 Esdras 5:32	https://ebible.org/eng-Brenton/1ES05.htm	1	human	personal	attested		Brenton's Septuagint, English 1851 + Greek (eBible.org eng-Brenton / grcbrent), Public Domain	0.85
Barodis	slug:deuterocanon:barodis	Barodis, named in 1 Esdras		Βαρωδὶς	Barōdis	Greek	Christian	Eastern Orthodox	Orthodox Old Testament	1 Esdras	1 Esdras 5:34	https://ebible.org/eng-Brenton/1ES05.htm	1	human	personal	attested		Brenton's Septuagint, English 1851 + Greek (eBible.org eng-Brenton / grcbrent), Public Domain	0.85
Basalem	slug:deuterocanon:basalem	Basalem, named in 1 Esdras		Βασαλὲμ	Basalem	Greek	Christian	Eastern Orthodox	Orthodox Old Testament	1 Esdras	1 Esdras 5:31	https://ebible.org/eng-Brenton/1ES05.htm	1	human	personal	attested		Brenton's Septuagint, English 1851 + Greek (eBible.org eng-Brenton / grcbrent), Public Domain	0.85
Bassai	slug:deuterocanon:bassai	Bassai, named in 1 Esdras		Βασσαὶ	Bassai	Greek	Christian	Eastern Orthodox	Orthodox Old Testament	1 Esdras	1 Esdras 5:16	https://ebible.org/eng-Brenton/1ES05.htm	1	human	personal	attested		Brenton's Septuagint, English 1851 + Greek (eBible.org eng-Brenton / grcbrent), Public Domain	0.85
Bastai	slug:deuterocanon:bastai	Bastai, named in 1 Esdras		Βασθαῒ	Basthai	Greek	Christian	Eastern Orthodox	Orthodox Old Testament	1 Esdras	1 Esdras 5:31	https://ebible.org/eng-Brenton/1ES05.htm	1	human	personal	attested		Brenton's Septuagint, English 1851 + Greek (eBible.org eng-Brenton / grcbrent), Public Domain	0.85
Bebai	slug:deuterocanon:bebai	Bebai, named in 1 Esdras		Βηβαὶ	Bēbai	Greek	Christian	Eastern Orthodox	Orthodox Old Testament	1 Esdras	1 Esdras 5:13	https://ebible.org/eng-Brenton/1ES05.htm	3	human	personal	attested		Brenton's Septuagint, English 1851 + Greek (eBible.org eng-Brenton / grcbrent), Public Domain	0.85
Benjamin	Q460763	Benjamin, Youngest son of Jacob and Rachel	boy	Βενιαμὶν	Beniamin	Greek	Christian	Eastern Orthodox	Orthodox Old Testament	1 Esdras	1 Esdras 2:8	https://ebible.org/eng-Brenton/1ES02.htm	3	human	personal	attested	same figure as the Bible's Benjamin	Brenton's Septuagint, English 1851 + Greek (eBible.org eng-Brenton / grcbrent), Public Domain	0.85
Beterus	slug:deuterocanon:beterus	Beterus, named in 1 Esdras		Βαιτηροὺς	Baitērous	Greek	Christian	Eastern Orthodox	Orthodox Old Testament	1 Esdras	1 Esdras 5:17	https://ebible.org/eng-Brenton/1ES05.htm	1	human	personal	attested		Brenton's Septuagint, English 1851 + Greek (eBible.org eng-Brenton / grcbrent), Public Domain	0.85
Bethlomon	slug:deuterocanon:bethlomon	Bethlomon, named in 1 Esdras		Βαιθλωμῶν	Baithlōmōn	Greek	Christian	Eastern Orthodox	Orthodox Old Testament	1 Esdras	1 Esdras 5:17	https://ebible.org/eng-Brenton/1ES05.htm	1	human	personal	attested		Brenton's Septuagint, English 1851 + Greek (eBible.org eng-Brenton / grcbrent), Public Domain	0.85
Boccas	slug:deuterocanon:boccas	Boccas, named in 1 Esdras	boy	Boccas		English	Christian	Eastern Orthodox	Orthodox Old Testament	1 Esdras	1 Esdras 8:2	https://ebible.org/eng-Brenton/1ES08.htm	1	human	personal	attested		Brenton's Septuagint, English 1851 + Greek (eBible.org eng-Brenton / grcbrent), Public Domain	0.85
Cadmiel	slug:deuterocanon:cadmiel	Cadmiel, named in 1 Esdras	boy	Cadmiel		English	Christian	Eastern Orthodox	Orthodox Old Testament	1 Esdras	1 Esdras 5:26	https://ebible.org/eng-Brenton/1ES05.htm	2	human	personal	attested		Brenton's Septuagint, English 1851 + Greek (eBible.org eng-Brenton / grcbrent), Public Domain	0.85
Calamolalus	slug:deuterocanon:calamolalus	Calamolalus, named in 1 Esdras		Καλαμωλάλου	Kalamōlalou	Greek	Christian	Eastern Orthodox	Orthodox Old Testament	1 Esdras	1 Esdras 5:22	https://ebible.org/eng-Brenton/1ES05.htm	1	human	personal	attested		Brenton's Septuagint, English 1851 + Greek (eBible.org eng-Brenton / grcbrent), Public Domain	0.85
Calitas	slug:deuterocanon:calitas	Calitas, named in 1 Esdras		Καλιτὰς	Kalitas	Greek	Christian	Eastern Orthodox	Orthodox Old Testament	1 Esdras	1 Esdras 9:23	https://ebible.org/eng-Brenton/1ES09.htm	2	human	personal	attested		Brenton's Septuagint, English 1851 + Greek (eBible.org eng-Brenton / grcbrent), Public Domain	0.85
Carme	slug:deuterocanon:carme	Carme, named in 1 Esdras		Χαρμι	Charmi	Greek	Christian	Eastern Orthodox	Orthodox Old Testament	1 Esdras	1 Esdras 5:25	https://ebible.org/eng-Brenton/1ES05.htm	1	human	personal	attested		Brenton's Septuagint, English 1851 + Greek (eBible.org eng-Brenton / grcbrent), Public Domain	0.85
Cathua	slug:deuterocanon:cathua	Cathua, named in 1 Esdras		Καθουὰ	Kathoua	Greek	Christian	Eastern Orthodox	Orthodox Old Testament	1 Esdras	1 Esdras 5:30	https://ebible.org/eng-Brenton/1ES05.htm	1	human	personal	attested		Brenton's Septuagint, English 1851 + Greek (eBible.org eng-Brenton / grcbrent), Public Domain	0.85
Cazera	slug:deuterocanon:cazera	Cazera, named in 1 Esdras		Καζηρὰ	Kazēra	Greek	Christian	Eastern Orthodox	Orthodox Old Testament	1 Esdras	1 Esdras 5:31	https://ebible.org/eng-Brenton/1ES05.htm	1	human	personal	attested		Brenton's Septuagint, English 1851 + Greek (eBible.org eng-Brenton / grcbrent), Public Domain	0.85
Ceras	slug:deuterocanon:ceras	Ceras, named in 1 Esdras		Κηρὰς	Kēras	Greek	Christian	Eastern Orthodox	Orthodox Old Testament	1 Esdras	1 Esdras 5:29	https://ebible.org/eng-Brenton/1ES05.htm	1	human	personal	attested		Brenton's Septuagint, English 1851 + Greek (eBible.org eng-Brenton / grcbrent), Public Domain	0.85
Cetab	slug:deuterocanon:cetab	Cetab, named in 1 Esdras		Κητὰβ	Kētab	Greek	Christian	Eastern Orthodox	Orthodox Old Testament	1 Esdras	1 Esdras 5:30	https://ebible.org/eng-Brenton/1ES05.htm	1	human	personal	attested		Brenton's Septuagint, English 1851 + Greek (eBible.org eng-Brenton / grcbrent), Public Domain	0.85
Chanuneus	slug:deuterocanon:chanuneus	Chanuneus, named in 1 Esdras		Χανουναίου	Chanounaiou	Greek	Christian	Eastern Orthodox	Orthodox Old Testament	1 Esdras	1 Esdras 8:48	https://ebible.org/eng-Brenton/1ES08.htm	1	human	personal	attested		Brenton's Septuagint, English 1851 + Greek (eBible.org eng-Brenton / grcbrent), Public Domain	0.85
Charea	slug:deuterocanon:charea	Charea, named in 1 Esdras		Χαρέα	Charea	Greek	Christian	Eastern Orthodox	Orthodox Old Testament	1 Esdras	1 Esdras 5:32	https://ebible.org/eng-Brenton/1ES05.htm	1	human	personal	attested		Brenton's Septuagint, English 1851 + Greek (eBible.org eng-Brenton / grcbrent), Public Domain	0.85
Chaseba	slug:deuterocanon:chaseba	Chaseba, named in 1 Esdras		Χασεβά	Chaseba	Greek	Christian	Eastern Orthodox	Orthodox Old Testament	1 Esdras	1 Esdras 5:31	https://ebible.org/eng-Brenton/1ES05.htm	1	human	personal	attested		Brenton's Septuagint, English 1851 + Greek (eBible.org eng-Brenton / grcbrent), Public Domain	0.85
Cilan	slug:deuterocanon:cilan	Cilan, named in 1 Esdras		Κιλὰν	Kilan	Greek	Christian	Eastern Orthodox	Orthodox Old Testament	1 Esdras	1 Esdras 5:15	https://ebible.org/eng-Brenton/1ES05.htm	1	human	personal	attested		Brenton's Septuagint, English 1851 + Greek (eBible.org eng-Brenton / grcbrent), Public Domain	0.85
Corbe	slug:deuterocanon:corbe	Corbe, named in 1 Esdras		Χορβὲ	Chorbe	Greek	Christian	Eastern Orthodox	Orthodox Old Testament	1 Esdras	1 Esdras 5:12	https://ebible.org/eng-Brenton/1ES05.htm	1	human	personal	attested		Brenton's Septuagint, English 1851 + Greek (eBible.org eng-Brenton / grcbrent), Public Domain	0.85
Coutha	slug:deuterocanon:coutha	Coutha, named in 1 Esdras		Κουθὰ	Koutha	Greek	Christian	Eastern Orthodox	Orthodox Old Testament	1 Esdras	1 Esdras 5:32	https://ebible.org/eng-Brenton/1ES05.htm	1	human	personal	attested		Brenton's Septuagint, English 1851 + Greek (eBible.org eng-Brenton / grcbrent), Public Domain	0.85
Cyrus	Q8423	Cyrus, Persian Emperor who decreed the rebuilding of the Temple	boy	Cyrus		English	Christian	Eastern Orthodox	Orthodox Old Testament	1 Esdras	1 Esdras 2:1	https://ebible.org/eng-Brenton/1ES02.htm	20	human	personal	attested	same figure as the Bible's Cyrus	Brenton's Septuagint, English 1851 + Greek (eBible.org eng-Brenton / grcbrent), Public Domain	0.85
Dacobi	slug:deuterocanon:dacobi	Dacobi, named in 1 Esdras		Dacobi		English	Christian	Eastern Orthodox	Orthodox Old Testament	1 Esdras	1 Esdras 5:28	https://ebible.org/eng-Brenton/1ES05.htm	1	human	personal	attested		Brenton's Septuagint, English 1851 + Greek (eBible.org eng-Brenton / grcbrent), Public Domain	0.85
Daisan	slug:deuterocanon:daisan	Daisan, named in 1 Esdras		Δαισὰν	Daisan	Greek	Christian	Eastern Orthodox	Orthodox Old Testament	1 Esdras	1 Esdras 5:31	https://ebible.org/eng-Brenton/1ES05.htm	1	human	personal	attested		Brenton's Septuagint, English 1851 + Greek (eBible.org eng-Brenton / grcbrent), Public Domain	0.85
Dalan	slug:deuterocanon:dalan	Dalan, named in 1 Esdras	boy	Δαλὰν	Dalan	Greek	Christian	Eastern Orthodox	Orthodox Old Testament	1 Esdras	1 Esdras 5:37	https://ebible.org/eng-Brenton/1ES05.htm	1	human	personal	attested		Brenton's Septuagint, English 1851 + Greek (eBible.org eng-Brenton / grcbrent), Public Domain	0.85
Daniel	Q171724	Daniel, Prophet in Babylon	boy	Δανιὴλ	Daniēl	Greek	Christian	Eastern Orthodox	Orthodox Old Testament	3 Maccabees	3 Maccabees 6:7	https://ebible.org/eng-Brenton/3MA06.htm	1	human	personal	attested	same figure as the Bible's Daniel	Brenton's Septuagint, English 1851 + Greek (eBible.org eng-Brenton / grcbrent), Public Domain	0.85
Darius	slug:deuterocanon:darius	Darius, named in 1 Esdras	boy	Δαρείου	Dareiou	Greek	Christian	Eastern Orthodox	Orthodox Old Testament	1 Esdras	1 Esdras 2:30	https://ebible.org/eng-Brenton/1ES02.htm	20	human	personal	attested		Brenton's Septuagint, English 1851 + Greek (eBible.org eng-Brenton / grcbrent), Public Domain	0.85
David	Q41370	David, king of Israel	boy	Δαυὶδ	Dauid	Greek	Christian	Eastern Orthodox	Orthodox Old Testament	1 Esdras	1 Esdras 1:3	https://ebible.org/eng-Brenton/1ES01.htm	8	human	personal	attested	Wikidata	Brenton's Septuagint, English 1851 + Greek (eBible.org eng-Brenton / grcbrent), Public Domain + Wikidata (CC0)	0.85
Drimulus	slug:deuterocanon:drimulus	Drimulus, named in 3 Maccabees		Δριμύλου	Drimylou	Greek	Christian	Eastern Orthodox	Orthodox Old Testament	3 Maccabees	3 Maccabees 1:3	https://ebible.org/eng-Brenton/3MA01.htm	1	human	personal	attested		Brenton's Septuagint, English 1851 + Greek (eBible.org eng-Brenton / grcbrent), Public Domain	0.85
Ela	slug:deuterocanon:ela	Ela, named in 1 Esdras		Ἠλὰ	Ēla	Greek	Christian	Eastern Orthodox	Orthodox Old Testament	1 Esdras	1 Esdras 9:27	https://ebible.org/eng-Brenton/1ES09.htm	1	human	personal	attested		Brenton's Septuagint, English 1851 + Greek (eBible.org eng-Brenton / grcbrent), Public Domain	0.85
Eleazar	Q2915974	Eleazar, character from 2 Maccabees; described as a martyr	boy	Ἐλεάζαρ	Eleazar	Greek	Christian	Eastern Orthodox	Orthodox Old Testament	1 Esdras	1 Esdras 8:2	https://ebible.org/eng-Brenton/1ES08.htm	7	human	personal	attested	Wikidata	Brenton's Septuagint, English 1851 + Greek (eBible.org eng-Brenton / grcbrent), Public Domain + Wikidata (CC0)	0.85
Eliadud	slug:deuterocanon:eliadud	Eliadud, named in 1 Esdras		Ἡλιαδοὺδ	Hēliadoud	Greek	Christian	Eastern Orthodox	Orthodox Old Testament	1 Esdras	1 Esdras 5:58	https://ebible.org/eng-Brenton/1ES05.htm	1	human	personal	attested		Brenton's Septuagint, English 1851 + Greek (eBible.org eng-Brenton / grcbrent), Public Domain	0.85
Eliaonias	slug:deuterocanon:eliaonias	Eliaonias, named in 1 Esdras	boy	Ἐλιαωνίας	Eliaōnias	Greek	Christian	Eastern Orthodox	Orthodox Old Testament	1 Esdras	1 Esdras 8:31	https://ebible.org/eng-Brenton/1ES08.htm	1	human	personal	attested		Brenton's Septuagint, English 1851 + Greek (eBible.org eng-Brenton / grcbrent), Public Domain	0.85
Eliasib	slug:deuterocanon:eliasib	Eliasib, named in 1 Esdras		Ἐλιασίβου	Eliasibou	Greek	Christian	Eastern Orthodox	Orthodox Old Testament	1 Esdras	1 Esdras 9:1	https://ebible.org/eng-Brenton/1ES09.htm	1	human	personal	attested		Brenton's Septuagint, English 1851 + Greek (eBible.org eng-Brenton / grcbrent), Public Domain	0.85
Eliphalet	slug:deuterocanon:eliphalet	Eliphalet, named in 1 Esdras		Ἐλιφαλὰ	Eliphala	Greek	Christian	Eastern Orthodox	Orthodox Old Testament	1 Esdras	1 Esdras 8:39	https://ebible.org/eng-Brenton/1ES08.htm	1	human	personal	attested		Brenton's Septuagint, English 1851 + Greek (eBible.org eng-Brenton / grcbrent), Public Domain	0.85
Emadabun	slug:deuterocanon:emadabun	Emadabun, named in 1 Esdras		Ἠμαδαβοὺν	Ēmadaboun	Greek	Christian	Eastern Orthodox	Orthodox Old Testament	1 Esdras	1 Esdras 5:58	https://ebible.org/eng-Brenton/1ES05.htm	1	human	personal	attested		Brenton's Septuagint, English 1851 + Greek (eBible.org eng-Brenton / grcbrent), Public Domain	0.85
Emmer	slug:deuterocanon:emmer	Emmer, named in 1 Esdras		Ἐμμὴρ	Emmēr	Greek	Christian	Eastern Orthodox	Orthodox Old Testament	1 Esdras	1 Esdras 9:21	https://ebible.org/eng-Brenton/1ES09.htm	1	human	personal	attested		Brenton's Septuagint, English 1851 + Greek (eBible.org eng-Brenton / grcbrent), Public Domain	0.85
Emmeruth	slug:deuterocanon:emmeruth	Emmeruth, named in 1 Esdras		Ἐμμηροὺθ	Emmērouth	Greek	Christian	Eastern Orthodox	Orthodox Old Testament	1 Esdras	1 Esdras 5:24	https://ebible.org/eng-Brenton/1ES05.htm	1	human	personal	attested		Brenton's Septuagint, English 1851 + Greek (eBible.org eng-Brenton / grcbrent), Public Domain	0.85
Esau	slug:deuterocanon:esau	Esau, named in 1 Esdras		Ἡσαὺ	Hēsau	Greek	Christian	Eastern Orthodox	Orthodox Old Testament	1 Esdras	1 Esdras 5:29	https://ebible.org/eng-Brenton/1ES05.htm	1	human	personal	attested		Brenton's Septuagint, English 1851 + Greek (eBible.org eng-Brenton / grcbrent), Public Domain	0.85
Esdras	slug:deuterocanon:esdras	Esdras, named in 1 Esdras	boy	Ἔσδρας	Esdras	Greek	Christian	Eastern Orthodox	Orthodox Old Testament	1 Esdras	1 Esdras 8:1	https://ebible.org/eng-Brenton/1ES08.htm	20	human	personal	attested		Brenton's Septuagint, English 1851 + Greek (eBible.org eng-Brenton / grcbrent), Public Domain	0.85
Ethma	slug:deuterocanon:ethma	Ethma, named in 1 Esdras		Ἐθμὰ	Ethma	Greek	Christian	Eastern Orthodox	Orthodox Old Testament	1 Esdras	1 Esdras 9:35	https://ebible.org/eng-Brenton/1ES09.htm	1	human	personal	attested		Brenton's Septuagint, English 1851 + Greek (eBible.org eng-Brenton / grcbrent), Public Domain	0.85
Ezechias	slug:deuterocanon:ezechias	Ezechias, named in 1 Esdras	boy	Ἐζεκίας	Ezekias	Greek	Christian	Eastern Orthodox	Orthodox Old Testament	1 Esdras	1 Esdras 9:14	https://ebible.org/eng-Brenton/1ES09.htm	1	human	personal	attested		Brenton's Septuagint, English 1851 + Greek (eBible.org eng-Brenton / grcbrent), Public Domain	0.85
Ezekias	Q244912	Hezekiah, A righteous king of Judah	boy	Ἐζεκίου	Ezekiou	Greek	Christian	Eastern Orthodox	Orthodox Old Testament	1 Esdras	1 Esdras 5:15	https://ebible.org/eng-Brenton/1ES05.htm	1	human	personal	attested	same figure as the Bible's Ezekias	Brenton's Septuagint, English 1851 + Greek (eBible.org eng-Brenton / grcbrent), Public Domain	0.85
Ezora	slug:deuterocanon:ezora	Ezora, named in 1 Esdras		Ἐζωρὰ	Ezōra	Greek	Christian	Eastern Orthodox	Orthodox Old Testament	1 Esdras	1 Esdras 9:34	https://ebible.org/eng-Brenton/1ES09.htm	1	human	personal	attested		Brenton's Septuagint, English 1851 + Greek (eBible.org eng-Brenton / grcbrent), Public Domain	0.85
Gamaliel	slug:deuterocanon:gamaliel	Gamaliel, named in 1 Esdras		Γαμαλιήλ	Gamaliēl	Greek	Christian	Eastern Orthodox	Orthodox Old Testament	1 Esdras	1 Esdras 8:29	https://ebible.org/eng-Brenton/1ES08.htm	1	human	personal	attested		Brenton's Septuagint, English 1851 + Greek (eBible.org eng-Brenton / grcbrent), Public Domain	0.85
Gas	slug:deuterocanon:gas	Gas, named in 1 Esdras		Γὰς	Gas	Greek	Christian	Eastern Orthodox	Orthodox Old Testament	1 Esdras	1 Esdras 5:34	https://ebible.org/eng-Brenton/1ES05.htm	1	human	personal	attested		Brenton's Septuagint, English 1851 + Greek (eBible.org eng-Brenton / grcbrent), Public Domain	0.85
Geddur	slug:deuterocanon:geddur	Geddur, named in 1 Esdras		Γεδδοὺρ	Geddour	Greek	Christian	Eastern Orthodox	Orthodox Old Testament	1 Esdras	1 Esdras 5:30	https://ebible.org/eng-Brenton/1ES05.htm	1	human	personal	attested		Brenton's Septuagint, English 1851 + Greek (eBible.org eng-Brenton / grcbrent), Public Domain	0.85
Geuel	slug:deuterocanon:geuel	Geuel, named in 1 Esdras		Γεουὴλ	Geouēl	Greek	Christian	Eastern Orthodox	Orthodox Old Testament	1 Esdras	1 Esdras 8:39	https://ebible.org/eng-Brenton/1ES08.htm	1	human	personal	attested		Brenton's Septuagint, English 1851 + Greek (eBible.org eng-Brenton / grcbrent), Public Domain	0.85
Gotholias	slug:deuterocanon:gotholias	Gotholias, named in 1 Esdras		Γοθολίου	Gotholiou	Greek	Christian	Eastern Orthodox	Orthodox Old Testament	1 Esdras	1 Esdras 8:33	https://ebible.org/eng-Brenton/1ES08.htm	1	human	personal	attested		Brenton's Septuagint, English 1851 + Greek (eBible.org eng-Brenton / grcbrent), Public Domain	0.85
Hagia	slug:deuterocanon:hagia	Hagia, named in 1 Esdras		Ἁγιὰ	Hagia	Greek	Christian	Eastern Orthodox	Orthodox Old Testament	1 Esdras	1 Esdras 5:34	https://ebible.org/eng-Brenton/1ES05.htm	1	human	personal	attested		Brenton's Septuagint, English 1851 + Greek (eBible.org eng-Brenton / grcbrent), Public Domain	0.85
Helchias	slug:deuterocanon:helchias	Helchias, named in 1 Esdras	boy	Helchias		English	Christian	Eastern Orthodox	Orthodox Old Testament	1 Esdras	1 Esdras 8:1	https://ebible.org/eng-Brenton/1ES08.htm	1	human	personal	attested		Brenton's Septuagint, English 1851 + Greek (eBible.org eng-Brenton / grcbrent), Public Domain	0.85
Isaac	Q671872	Isaac, son of Abraham	boy	Ἰσαὰκ	Isaak	Greek	Christian	Eastern Orthodox	Orthodox Old Testament	Prayer of Manasseh	Prayer of Manasseh 1:1	https://ebible.org/eng-Brenton/MAN01.htm	2	human	personal	attested	same figure as the Bible's Isaac	Brenton's Septuagint, English 1851 + Greek (eBible.org eng-Brenton / grcbrent), Public Domain	0.85
Isdael	slug:deuterocanon:isdael	Isdael, named in 1 Esdras		Ἰσδαὴλ	Isdaēl	Greek	Christian	Eastern Orthodox	Orthodox Old Testament	1 Esdras	1 Esdras 5:33	https://ebible.org/eng-Brenton/1ES05.htm	1	human	personal	attested		Brenton's Septuagint, English 1851 + Greek (eBible.org eng-Brenton / grcbrent), Public Domain	0.85
Israel	Q289957	Jacob (Israel), patriarch, son of Isaac	boy	Ἰσραὴλ	Israēl	Greek	Christian	Eastern Orthodox	Orthodox Old Testament	1 Esdras	1 Esdras 1:3	https://ebible.org/eng-Brenton/1ES01.htm	63	human	personal	attested	same figure as the Bible's Israel	Brenton's Septuagint, English 1851 + Greek (eBible.org eng-Brenton / grcbrent), Public Domain	0.85
Istalcurus	slug:deuterocanon:istalcurus	Istalcurus, named in 1 Esdras		Ἱσταλκούρου	Histalkourou	Greek	Christian	Eastern Orthodox	Orthodox Old Testament	1 Esdras	1 Esdras 8:40	https://ebible.org/eng-Brenton/1ES08.htm	1	human	personal	attested		Brenton's Septuagint, English 1851 + Greek (eBible.org eng-Brenton / grcbrent), Public Domain	0.85
Ithamar	slug:deuterocanon:ithamar	Ithamar, named in 1 Esdras		Ἰαθαμάρου	Iathamarou	Greek	Christian	Eastern Orthodox	Orthodox Old Testament	1 Esdras	1 Esdras 8:29	https://ebible.org/eng-Brenton/1ES08.htm	1	human	personal	attested		Brenton's Septuagint, English 1851 + Greek (eBible.org eng-Brenton / grcbrent), Public Domain	0.85
Jacob	Q289957	Jacob (Israel), patriarch, son of Isaac	boy	Jacob		English	Christian	Eastern Orthodox	Orthodox Old Testament	3 Maccabees	3 Maccabees 6:3	https://ebible.org/eng-Brenton/3MA06.htm	4	human	personal	attested	same figure as the Bible's Jacob	Brenton's Septuagint, English 1851 + Greek (eBible.org eng-Brenton / grcbrent), Public Domain	0.85
Jaddus	slug:deuterocanon:jaddus	Jaddus, named in 1 Esdras		Jaddus		English	Christian	Eastern Orthodox	Orthodox Old Testament	1 Esdras	1 Esdras 5:38	https://ebible.org/eng-Brenton/1ES05.htm	1	human	personal	attested		Brenton's Septuagint, English 1851 + Greek (eBible.org eng-Brenton / grcbrent), Public Domain	0.85
Jairus	slug:deuterocanon:jairus	Jairus, named in 1 Esdras		Jairus		English	Christian	Eastern Orthodox	Orthodox Old Testament	1 Esdras	1 Esdras 5:31	https://ebible.org/eng-Brenton/1ES05.htm	1	human	personal	attested		Brenton's Septuagint, English 1851 + Greek (eBible.org eng-Brenton / grcbrent), Public Domain	0.85
Jechonias	slug:deuterocanon:jechonias	Jechonias, named in 1 Esdras	boy	Ἰεχονίας	Iechonias	Greek	Christian	Eastern Orthodox	Orthodox Old Testament	1 Esdras	1 Esdras 8:92	https://ebible.org/eng-Brenton/1ES08.htm	1	human	personal	attested		Brenton's Septuagint, English 1851 + Greek (eBible.org eng-Brenton / grcbrent), Public Domain	0.85
Jeddu	slug:deuterocanon:jeddu	Jeddu, named in 1 Esdras	boy	Ἰεδδοὺ	Ieddou	Greek	Christian	Eastern Orthodox	Orthodox Old Testament	1 Esdras	1 Esdras 5:24	https://ebible.org/eng-Brenton/1ES05.htm	1	human	personal	attested		Brenton's Septuagint, English 1851 + Greek (eBible.org eng-Brenton / grcbrent), Public Domain	0.85
Jeduthun	slug:deuterocanon:jeduthun	Jeduthun, named in 1 Esdras		Jeduthun		English	Christian	Eastern Orthodox	Orthodox Old Testament	1 Esdras	1 Esdras 1:15	https://ebible.org/eng-Brenton/1ES01.htm	1	human	personal	attested		Brenton's Septuagint, English 1851 + Greek (eBible.org eng-Brenton / grcbrent), Public Domain	0.85
Jeelus	slug:deuterocanon:jeelus	Jeelus, named in 1 Esdras		Jeelus		English	Christian	Eastern Orthodox	Orthodox Old Testament	1 Esdras	1 Esdras 8:92	https://ebible.org/eng-Brenton/1ES08.htm	1	human	personal	attested		Brenton's Septuagint, English 1851 + Greek (eBible.org eng-Brenton / grcbrent), Public Domain	0.85
Jeieli	slug:deuterocanon:jeieli	Jeieli, named in 1 Esdras		Ἰειηλὶ	Ieiēli	Greek	Christian	Eastern Orthodox	Orthodox Old Testament	1 Esdras	1 Esdras 5:33	https://ebible.org/eng-Brenton/1ES05.htm	1	human	personal	attested		Brenton's Septuagint, English 1851 + Greek (eBible.org eng-Brenton / grcbrent), Public Domain	0.85
Jerechus	slug:deuterocanon:jerechus	Jerechus, named in 1 Esdras		Ἱερεχοὺ	Hierechou	Greek	Christian	Eastern Orthodox	Orthodox Old Testament	1 Esdras	1 Esdras 5:22	https://ebible.org/eng-Brenton/1ES05.htm	1	human	personal	attested		Brenton's Septuagint, English 1851 + Greek (eBible.org eng-Brenton / grcbrent), Public Domain	0.85
Jeremy	slug:deuterocanon:jeremy	Jeremy, named in 1 Esdras	boy	Jeremy		English	Christian	Eastern Orthodox	Orthodox Old Testament	1 Esdras	1 Esdras 1:28	https://ebible.org/eng-Brenton/1ES01.htm	5	human	personal	attested		Brenton's Septuagint, English 1851 + Greek (eBible.org eng-Brenton / grcbrent), Public Domain	0.85
Jessue	slug:deuterocanon:jessue	Jessue, named in 1 Esdras		Jessue		English	Christian	Eastern Orthodox	Orthodox Old Testament	1 Esdras	1 Esdras 5:26	https://ebible.org/eng-Brenton/1ES05.htm	1	human	personal	attested		Brenton's Septuagint, English 1851 + Greek (eBible.org eng-Brenton / grcbrent), Public Domain	0.85
Jesu	slug:deuterocanon:jesu	Jesu, named in 1 Esdras		Jesu		English	Christian	Eastern Orthodox	Orthodox Old Testament	1 Esdras	1 Esdras 8:63	https://ebible.org/eng-Brenton/1ES08.htm	1	human	personal	attested		Brenton's Septuagint, English 1851 + Greek (eBible.org eng-Brenton / grcbrent), Public Domain	0.85
Jew	slug:deuterocanon:jew	Jew, named in 3 Maccabees		Jew		English	Christian	Eastern Orthodox	Orthodox Old Testament	3 Maccabees	3 Maccabees 1:3	https://ebible.org/eng-Brenton/3MA01.htm	4	human	personal	attested		Brenton's Septuagint, English 1851 + Greek (eBible.org eng-Brenton / grcbrent), Public Domain	0.85
Jezelus	slug:deuterocanon:jezelus	Jezelus, named in 1 Esdras		Ἰεζήλου	Iezēlou	Greek	Christian	Eastern Orthodox	Orthodox Old Testament	1 Esdras	1 Esdras 8:32	https://ebible.org/eng-Brenton/1ES08.htm	2	human	personal	attested		Brenton's Septuagint, English 1851 + Greek (eBible.org eng-Brenton / grcbrent), Public Domain	0.85
Joab	slug:deuterocanon:joab	Joab, named in 1 Esdras		Μωὰβ	Mōab	Greek	Christian	Eastern Orthodox	Orthodox Old Testament	1 Esdras	1 Esdras 5:11	https://ebible.org/eng-Brenton/1ES05.htm	2	human	personal	attested		Brenton's Septuagint, English 1851 + Greek (eBible.org eng-Brenton / grcbrent), Public Domain	0.85
Joachaz	slug:deuterocanon:joachaz	Joachaz, named in 1 Esdras	boy	Joachaz		English	Christian	Eastern Orthodox	Orthodox Old Testament	1 Esdras	1 Esdras 1:34	https://ebible.org/eng-Brenton/1ES01.htm	1	human	personal	attested		Brenton's Septuagint, English 1851 + Greek (eBible.org eng-Brenton / grcbrent), Public Domain	0.85
Joacim	slug:deuterocanon:joacim	Joacim, named in 1 Esdras	boy	Joacim		English	Christian	Eastern Orthodox	Orthodox Old Testament	1 Esdras	1 Esdras 1:37	https://ebible.org/eng-Brenton/1ES01.htm	5	human	personal	attested		Brenton's Septuagint, English 1851 + Greek (eBible.org eng-Brenton / grcbrent), Public Domain	0.85
Joanan	slug:deuterocanon:joanan	Joanan, named in 1 Esdras	boy	Ἰωνὰν	Iōnan	Greek	Christian	Eastern Orthodox	Orthodox Old Testament	1 Esdras	1 Esdras 9:1	https://ebible.org/eng-Brenton/1ES09.htm	1	human	personal	attested		Brenton's Septuagint, English 1851 + Greek (eBible.org eng-Brenton / grcbrent), Public Domain	0.85
Joda	slug:deuterocanon:joda	Joda, named in 1 Esdras	boy	Ἰωδὰ	Iōda	Greek	Christian	Eastern Orthodox	Orthodox Old Testament	1 Esdras	1 Esdras 5:58	https://ebible.org/eng-Brenton/1ES05.htm	1	human	personal	attested		Brenton's Septuagint, English 1851 + Greek (eBible.org eng-Brenton / grcbrent), Public Domain	0.85
Johannes	slug:deuterocanon:johannes	Johannes, named in 1 Esdras		Ἰωάννης	Iōannēs	Greek	Christian	Eastern Orthodox	Orthodox Old Testament	1 Esdras	1 Esdras 8:38	https://ebible.org/eng-Brenton/1ES08.htm	1	human	personal	attested		Brenton's Septuagint, English 1851 + Greek (eBible.org eng-Brenton / grcbrent), Public Domain	0.85
Jonah	Q2468262	Jonah, prophet	boy	Jonah		English	Christian	Eastern Orthodox	Orthodox Old Testament	3 Maccabees	3 Maccabees 6:8	https://ebible.org/eng-Brenton/3MA06.htm	1	human	personal	attested	same figure as the Bible's Jonah	Brenton's Septuagint, English 1851 + Greek (eBible.org eng-Brenton / grcbrent), Public Domain	0.85
Jonas	Q2468262	Jonah, prophet	boy	Ἰωνάς	Iōnas	Greek	Christian	Eastern Orthodox	Orthodox Old Testament	1 Esdras	1 Esdras 9:23	https://ebible.org/eng-Brenton/1ES09.htm	1	human	personal	attested	same figure as the Bible's Jonas	Brenton's Septuagint, English 1851 + Greek (eBible.org eng-Brenton / grcbrent), Public Domain	0.85
Jonathan	slug:deuterocanon:jonathan	Jonathan, named in 1 Esdras	boy	Jonathan		English	Christian	Eastern Orthodox	Orthodox Old Testament	1 Esdras	1 Esdras 8:32	https://ebible.org/eng-Brenton/1ES08.htm	2	human	personal	attested		Brenton's Septuagint, English 1851 + Greek (eBible.org eng-Brenton / grcbrent), Public Domain	0.85
Joram	slug:deuterocanon:joram	Joram, named in 1 Esdras		Ἰωρὰμ	Iōram	Greek	Christian	Eastern Orthodox	Orthodox Old Testament	1 Esdras	1 Esdras 1:9	https://ebible.org/eng-Brenton/1ES01.htm	1	human	personal	attested		Brenton's Septuagint, English 1851 + Greek (eBible.org eng-Brenton / grcbrent), Public Domain	0.85
Josabad	slug:deuterocanon:josabad	Josabad, named in 1 Esdras	boy	Josabad		English	Christian	Eastern Orthodox	Orthodox Old Testament	1 Esdras	1 Esdras 8:63	https://ebible.org/eng-Brenton/1ES08.htm	2	human	personal	attested		Brenton's Septuagint, English 1851 + Greek (eBible.org eng-Brenton / grcbrent), Public Domain	0.85
Josaphias	slug:deuterocanon:josaphias	Josaphias, named in 1 Esdras		Josaphias		English	Christian	Eastern Orthodox	Orthodox Old Testament	1 Esdras	1 Esdras 8:36	https://ebible.org/eng-Brenton/1ES08.htm	1	human	personal	attested		Brenton's Septuagint, English 1851 + Greek (eBible.org eng-Brenton / grcbrent), Public Domain	0.85
Josedec	slug:deuterocanon:josedec	Josedec, named in 1 Esdras	boy	Ἰωσεδὲκ	Iōsedek	Greek	Christian	Eastern Orthodox	Orthodox Old Testament	1 Esdras	1 Esdras 5:5	https://ebible.org/eng-Brenton/1ES05.htm	5	human	personal	attested		Brenton's Septuagint, English 1851 + Greek (eBible.org eng-Brenton / grcbrent), Public Domain	0.85
Josias	Q313228	Josiah, King of Judah known for his religious reforms	boy	Ἰωσίας	Iōsias	Greek	Christian	Eastern Orthodox	Orthodox Old Testament	1 Esdras	1 Esdras 1:1	https://ebible.org/eng-Brenton/1ES01.htm	16	human	personal	attested	same figure as the Bible's Josias	Brenton's Septuagint, English 1851 + Greek (eBible.org eng-Brenton / grcbrent), Public Domain	0.85
Juda	Q282220	Judah, Israelite tribe	boy	Juda		English	Christian	Eastern Orthodox	Orthodox Old Testament	1 Esdras	1 Esdras 5:66	https://ebible.org/eng-Brenton/1ES05.htm	2	human	personal	attested	same figure as the Bible's Juda	Brenton's Septuagint, English 1851 + Greek (eBible.org eng-Brenton / grcbrent), Public Domain	0.85
Judas	slug:deuterocanon:judas	Judas, named in 1 Esdras		Ἰούδας	Ioudas	Greek	Christian	Eastern Orthodox	Orthodox Old Testament	1 Esdras	1 Esdras 9:23	https://ebible.org/eng-Brenton/1ES09.htm	1	human	personal	attested		Brenton's Septuagint, English 1851 + Greek (eBible.org eng-Brenton / grcbrent), Public Domain	0.85
Labana	slug:deuterocanon:labana	Labana, named in 1 Esdras		Λαβανὰ	Labana	Greek	Christian	Eastern Orthodox	Orthodox Old Testament	1 Esdras	1 Esdras 5:29	https://ebible.org/eng-Brenton/1ES05.htm	1	human	personal	attested		Brenton's Septuagint, English 1851 + Greek (eBible.org eng-Brenton / grcbrent), Public Domain	0.85
Lettus	slug:deuterocanon:lettus	Lettus, named in 1 Esdras	boy	Λαττοὺς	Lattous	Greek	Christian	Eastern Orthodox	Orthodox Old Testament	1 Esdras	1 Esdras 8:29	https://ebible.org/eng-Brenton/1ES08.htm	1	human	personal	attested		Brenton's Septuagint, English 1851 + Greek (eBible.org eng-Brenton / grcbrent), Public Domain	0.85
Levi	slug:deuterocanon:levi	Levi, named in 1 Esdras	boy	Λευὶ	Leui	Greek	Christian	Eastern Orthodox	Orthodox Old Testament	1 Esdras	1 Esdras 8:47	https://ebible.org/eng-Brenton/1ES08.htm	1	human	personal	attested		Brenton's Septuagint, English 1851 + Greek (eBible.org eng-Brenton / grcbrent), Public Domain	0.85
Loddeus	slug:deuterocanon:loddeus	Loddeus, named in 1 Esdras	boy	Loddeus		English	Christian	Eastern Orthodox	Orthodox Old Testament	1 Esdras	1 Esdras 8:45	https://ebible.org/eng-Brenton/1ES08.htm	2	human	personal	attested		Brenton's Septuagint, English 1851 + Greek (eBible.org eng-Brenton / grcbrent), Public Domain	0.85
Lozon	slug:deuterocanon:lozon	Lozon, named in 1 Esdras		Λοζὼν	Lozōn	Greek	Christian	Eastern Orthodox	Orthodox Old Testament	1 Esdras	1 Esdras 5:33	https://ebible.org/eng-Brenton/1ES05.htm	1	human	personal	attested		Brenton's Septuagint, English 1851 + Greek (eBible.org eng-Brenton / grcbrent), Public Domain	0.85
Manasses	Q156328	Manasseh, King of Judah	boy	Μανασσῆς	Manassēs	Greek	Christian	Eastern Orthodox	Orthodox Old Testament	1 Esdras	1 Esdras 9:33	https://ebible.org/eng-Brenton/1ES09.htm	1	human	personal	attested	same figure as the Bible's Manasses	Brenton's Septuagint, English 1851 + Greek (eBible.org eng-Brenton / grcbrent), Public Domain	0.85
Mani	slug:deuterocanon:mani	Mani, named in 1 Esdras		Μανὶ	Mani	Greek	Christian	Eastern Orthodox	Orthodox Old Testament	1 Esdras	1 Esdras 5:31	https://ebible.org/eng-Brenton/1ES05.htm	2	human	personal	attested		Brenton's Septuagint, English 1851 + Greek (eBible.org eng-Brenton / grcbrent), Public Domain	0.85
Marmothi	slug:deuterocanon:marmothi	Marmothi, named in 1 Esdras	boy	Μαρμωθὶ	Marmōthi	Greek	Christian	Eastern Orthodox	Orthodox Old Testament	1 Esdras	1 Esdras 8:62	https://ebible.org/eng-Brenton/1ES08.htm	1	human	personal	attested		Brenton's Septuagint, English 1851 + Greek (eBible.org eng-Brenton / grcbrent), Public Domain	0.85
Mattathias	slug:deuterocanon:mattathias	Mattathias, named in 1 Esdras		Ματταθίας	Mattathias	Greek	Christian	Eastern Orthodox	Orthodox Old Testament	1 Esdras	1 Esdras 9:33	https://ebible.org/eng-Brenton/1ES09.htm	2	human	personal	attested		Brenton's Septuagint, English 1851 + Greek (eBible.org eng-Brenton / grcbrent), Public Domain	0.85
Meedda	slug:deuterocanon:meedda	Meedda, named in 1 Esdras		Μεεδδὰ	Meedda	Greek	Christian	Eastern Orthodox	Orthodox Old Testament	1 Esdras	1 Esdras 5:32	https://ebible.org/eng-Brenton/1ES05.htm	1	human	personal	attested		Brenton's Septuagint, English 1851 + Greek (eBible.org eng-Brenton / grcbrent), Public Domain	0.85
Michael	Q45581	Michael, archangel		Μιχαήλου	Michaēlou	Greek	Christian	Eastern Orthodox	Orthodox Old Testament	1 Esdras	1 Esdras 8:34	https://ebible.org/eng-Brenton/1ES08.htm	1	angel	personal	attested	identified by this text's own context	Brenton's Septuagint, English 1851 + Greek (eBible.org eng-Brenton / grcbrent), Public Domain	0.85
Misaias	slug:deuterocanon:misaias	Misaias, named in 1 Esdras		Μισαίας	Misaias	Greek	Christian	Eastern Orthodox	Orthodox Old Testament	1 Esdras	1 Esdras 5:34	https://ebible.org/eng-Brenton/1ES05.htm	1	human	personal	attested		Brenton's Septuagint, English 1851 + Greek (eBible.org eng-Brenton / grcbrent), Public Domain	0.85
Moeth	slug:deuterocanon:moeth	Moeth, named in 1 Esdras	boy	Μωὲθ	Mōeth	Greek	Christian	Eastern Orthodox	Orthodox Old Testament	1 Esdras	1 Esdras 8:63	https://ebible.org/eng-Brenton/1ES08.htm	1	human	personal	attested		Brenton's Septuagint, English 1851 + Greek (eBible.org eng-Brenton / grcbrent), Public Domain	0.85
Mooli	slug:deuterocanon:mooli	Mooli, named in 1 Esdras	boy	Μοολὶ	Mooli	Greek	Christian	Eastern Orthodox	Orthodox Old Testament	1 Esdras	1 Esdras 8:47	https://ebible.org/eng-Brenton/1ES08.htm	1	human	personal	attested		Brenton's Septuagint, English 1851 + Greek (eBible.org eng-Brenton / grcbrent), Public Domain	0.85
Moses	Q9077	Moses, prophet who led the Israelites out of Egypt	boy	Μωυσῇ	Mōysē	Greek	Christian	Eastern Orthodox	Orthodox Old Testament	1 Esdras	1 Esdras 1:6	https://ebible.org/eng-Brenton/1ES01.htm	7	human	personal	attested	same figure as the Bible's Moses	Brenton's Septuagint, English 1851 + Greek (eBible.org eng-Brenton / grcbrent), Public Domain	0.85
Nabuchodonosor	slug:deuterocanon:nabuchodonosor	Nabuchodonosor, named in 1 Esdras	boy	Ναβουχοδονόσορ	Nabouchodonosor	Greek	Christian	Eastern Orthodox	Orthodox Old Testament	1 Esdras	1 Esdras 1:40	https://ebible.org/eng-Brenton/1ES01.htm	9	human	personal	attested		Brenton's Septuagint, English 1851 + Greek (eBible.org eng-Brenton / grcbrent), Public Domain	0.85
Naphisi	slug:deuterocanon:naphisi	Naphisi, named in 1 Esdras		Ναφισὶ	Naphisi	Greek	Christian	Eastern Orthodox	Orthodox Old Testament	1 Esdras	1 Esdras 5:31	https://ebible.org/eng-Brenton/1ES05.htm	1	human	personal	attested		Brenton's Septuagint, English 1851 + Greek (eBible.org eng-Brenton / grcbrent), Public Domain	0.85
Nasith	slug:deuterocanon:nasith	Nasith, named in 1 Esdras		Νασί	Nasi	Greek	Christian	Eastern Orthodox	Orthodox Old Testament	1 Esdras	1 Esdras 5:32	https://ebible.org/eng-Brenton/1ES05.htm	1	human	personal	attested		Brenton's Septuagint, English 1851 + Greek (eBible.org eng-Brenton / grcbrent), Public Domain	0.85
Nathan	slug:deuterocanon:nathan	Nathan, named in 1 Esdras		Ἐννατὰν	Ennatan	Greek	Christian	Eastern Orthodox	Orthodox Old Testament	1 Esdras	1 Esdras 8:44	https://ebible.org/eng-Brenton/1ES08.htm	1	human	personal	attested		Brenton's Septuagint, English 1851 + Greek (eBible.org eng-Brenton / grcbrent), Public Domain	0.85
Nathanael	slug:deuterocanon:nathanael	Nathanael, named in 1 Esdras	boy	Ναθαναὴλ	Nathanaēl	Greek	Christian	Eastern Orthodox	Orthodox Old Testament	1 Esdras	1 Esdras 1:9	https://ebible.org/eng-Brenton/1ES01.htm	2	human	personal	attested		Brenton's Septuagint, English 1851 + Greek (eBible.org eng-Brenton / grcbrent), Public Domain	0.85
Necodan	slug:deuterocanon:necodan	Necodan, named in 1 Esdras		Νεκωδὰν	Nekōdan	Greek	Christian	Eastern Orthodox	Orthodox Old Testament	1 Esdras	1 Esdras 5:37	https://ebible.org/eng-Brenton/1ES05.htm	1	human	personal	attested		Brenton's Septuagint, English 1851 + Greek (eBible.org eng-Brenton / grcbrent), Public Domain	0.85
Nephis	slug:deuterocanon:nephis	Nephis, named in 1 Esdras		Νιφὶς	Niphis	Greek	Christian	Eastern Orthodox	Orthodox Old Testament	1 Esdras	1 Esdras 5:21	https://ebible.org/eng-Brenton/1ES05.htm	1	human	personal	attested		Brenton's Septuagint, English 1851 + Greek (eBible.org eng-Brenton / grcbrent), Public Domain	0.85
Noeba	slug:deuterocanon:noeba	Noeba, named in 1 Esdras		Νοεβὰ	Noeba	Greek	Christian	Eastern Orthodox	Orthodox Old Testament	1 Esdras	1 Esdras 5:31	https://ebible.org/eng-Brenton/1ES05.htm	1	human	personal	attested		Brenton's Septuagint, English 1851 + Greek (eBible.org eng-Brenton / grcbrent), Public Domain	0.85
Obdia	slug:deuterocanon:obdia	Obdia, named in 1 Esdras		Ὀβδία	Obdia	Greek	Christian	Eastern Orthodox	Orthodox Old Testament	1 Esdras	1 Esdras 5:38	https://ebible.org/eng-Brenton/1ES05.htm	1	human	personal	attested		Brenton's Septuagint, English 1851 + Greek (eBible.org eng-Brenton / grcbrent), Public Domain	0.85
Obeth	slug:deuterocanon:obeth	Obeth, named in 1 Esdras	boy	Ὠβὴθ	Ōbēth	Greek	Christian	Eastern Orthodox	Orthodox Old Testament	1 Esdras	1 Esdras 8:32	https://ebible.org/eng-Brenton/1ES08.htm	1	human	personal	attested		Brenton's Septuagint, English 1851 + Greek (eBible.org eng-Brenton / grcbrent), Public Domain	0.85
Osaias	slug:deuterocanon:osaias	Osaias, named in 1 Esdras	boy	Ὠσαίαν	Ōsaian	Greek	Christian	Eastern Orthodox	Orthodox Old Testament	1 Esdras	1 Esdras 8:48	https://ebible.org/eng-Brenton/1ES08.htm	1	human	personal	attested		Brenton's Septuagint, English 1851 + Greek (eBible.org eng-Brenton / grcbrent), Public Domain	0.85
Ozia	slug:deuterocanon:ozia	Ozia, named in 1 Esdras		Ozia		English	Christian	Eastern Orthodox	Orthodox Old Testament	1 Esdras	1 Esdras 5:31	https://ebible.org/eng-Brenton/1ES05.htm	1	human	personal	attested		Brenton's Septuagint, English 1851 + Greek (eBible.org eng-Brenton / grcbrent), Public Domain	0.85
Ozias	slug:deuterocanon:ozias	Ozias, named in 1 Esdras	boy	Ozias		English	Christian	Eastern Orthodox	Orthodox Old Testament	1 Esdras	1 Esdras 8:2	https://ebible.org/eng-Brenton/1ES08.htm	1	human	personal	attested		Brenton's Septuagint, English 1851 + Greek (eBible.org eng-Brenton / grcbrent), Public Domain	0.85
Pahath	slug:deuterocanon:pahath	Pahath, named in 1 Esdras		Φαὰθ	Phaath	Greek	Christian	Eastern Orthodox	Orthodox Old Testament	1 Esdras	1 Esdras 8:31	https://ebible.org/eng-Brenton/1ES08.htm	1	human	personal	attested		Brenton's Septuagint, English 1851 + Greek (eBible.org eng-Brenton / grcbrent), Public Domain	0.85
Phaath	slug:deuterocanon:phaath	Phaath, named in 1 Esdras		Φαὰθ	Phaath	Greek	Christian	Eastern Orthodox	Orthodox Old Testament	1 Esdras	1 Esdras 5:11	https://ebible.org/eng-Brenton/1ES05.htm	1	human	personal	attested		Brenton's Septuagint, English 1851 + Greek (eBible.org eng-Brenton / grcbrent), Public Domain	0.85
Phacareth	slug:deuterocanon:phacareth	Phacareth, named in 1 Esdras		Φακαρὲθ	Phakareth	Greek	Christian	Eastern Orthodox	Orthodox Old Testament	1 Esdras	1 Esdras 5:34	https://ebible.org/eng-Brenton/1ES05.htm	1	human	personal	attested		Brenton's Septuagint, English 1851 + Greek (eBible.org eng-Brenton / grcbrent), Public Domain	0.85
Phaisur	slug:deuterocanon:phaisur	Phaisur, named in 1 Esdras		Φαισοὺρ	Phaisour	Greek	Christian	Eastern Orthodox	Orthodox Old Testament	1 Esdras	1 Esdras 9:22	https://ebible.org/eng-Brenton/1ES09.htm	1	human	personal	attested		Brenton's Septuagint, English 1851 + Greek (eBible.org eng-Brenton / grcbrent), Public Domain	0.85
Phaleas	slug:deuterocanon:phaleas	Phaleas, named in 1 Esdras		Phaleas		English	Christian	Eastern Orthodox	Orthodox Old Testament	1 Esdras	1 Esdras 5:29	https://ebible.org/eng-Brenton/1ES05.htm	1	human	personal	attested		Brenton's Septuagint, English 1851 + Greek (eBible.org eng-Brenton / grcbrent), Public Domain	0.85
Pharacim	slug:deuterocanon:pharacim	Pharacim, named in 1 Esdras		Φαρακὲμ	Pharakem	Greek	Christian	Eastern Orthodox	Orthodox Old Testament	1 Esdras	1 Esdras 5:31	https://ebible.org/eng-Brenton/1ES05.htm	1	human	personal	attested		Brenton's Septuagint, English 1851 + Greek (eBible.org eng-Brenton / grcbrent), Public Domain	0.85
Pharaoh	slug:deuterocanon:pharaoh	Pharaoh, named in 1 Esdras	boy	Φαραὼ	Pharaō	Greek	Christian	Eastern Orthodox	Orthodox Old Testament	1 Esdras	1 Esdras 1:25	https://ebible.org/eng-Brenton/1ES01.htm	3	human	personal	attested		Brenton's Septuagint, English 1851 + Greek (eBible.org eng-Brenton / grcbrent), Public Domain	0.85
Phares	slug:deuterocanon:phares	Phares, named in 1 Esdras		Φαρὲς	Phares	Greek	Christian	Eastern Orthodox	Orthodox Old Testament	1 Esdras	1 Esdras 5:5	https://ebible.org/eng-Brenton/1ES05.htm	1	human	personal	attested		Brenton's Septuagint, English 1851 + Greek (eBible.org eng-Brenton / grcbrent), Public Domain	0.85
Pharez	slug:deuterocanon:pharez	Pharez, named in 1 Esdras		Pharez		English	Christian	Eastern Orthodox	Orthodox Old Testament	1 Esdras	1 Esdras 8:30	https://ebible.org/eng-Brenton/1ES08.htm	1	human	personal	attested		Brenton's Septuagint, English 1851 + Greek (eBible.org eng-Brenton / grcbrent), Public Domain	0.85
Pharira	slug:deuterocanon:pharira	Pharira, named in 1 Esdras		Φαριρὰ	Pharira	Greek	Christian	Eastern Orthodox	Orthodox Old Testament	1 Esdras	1 Esdras 5:33	https://ebible.org/eng-Brenton/1ES05.htm	1	human	personal	attested		Brenton's Septuagint, English 1851 + Greek (eBible.org eng-Brenton / grcbrent), Public Domain	0.85
Phassaron	slug:deuterocanon:phassaron	Phassaron, named in 1 Esdras		Φασσούρου	Phassourou	Greek	Christian	Eastern Orthodox	Orthodox Old Testament	1 Esdras	1 Esdras 5:25	https://ebible.org/eng-Brenton/1ES05.htm	1	human	personal	attested		Brenton's Septuagint, English 1851 + Greek (eBible.org eng-Brenton / grcbrent), Public Domain	0.85
Philistine	slug:deuterocanon:philistine	Philistine, named in Psalm 151		Philistine		English	Christian	Eastern Orthodox	Orthodox Old Testament	Psalm 151	Psalm 151:6	https://ebible.org/eng-Brenton/PSA151.htm	1	human	personal	attested		Brenton's Septuagint, English 1851 + Greek (eBible.org eng-Brenton / grcbrent), Public Domain	0.85
Phinees	slug:deuterocanon:phinees	Phinees, named in 1 Esdras	boy	Φινεὲς	Phinees	Greek	Christian	Eastern Orthodox	Orthodox Old Testament	1 Esdras	1 Esdras 5:5	https://ebible.org/eng-Brenton/1ES05.htm	5	human	personal	attested		Brenton's Septuagint, English 1851 + Greek (eBible.org eng-Brenton / grcbrent), Public Domain	0.85
Phoros	slug:deuterocanon:phoros	Phoros, named in 1 Esdras		Φόρος	Phoros	Greek	Christian	Eastern Orthodox	Orthodox Old Testament	1 Esdras	1 Esdras 5:9	https://ebible.org/eng-Brenton/1ES05.htm	2	human	personal	attested		Brenton's Septuagint, English 1851 + Greek (eBible.org eng-Brenton / grcbrent), Public Domain	0.85
Sabban	slug:deuterocanon:sabban	Sabban, named in 1 Esdras		Σαβάννου	Sabannou	Greek	Christian	Eastern Orthodox	Orthodox Old Testament	1 Esdras	1 Esdras 8:63	https://ebible.org/eng-Brenton/1ES08.htm	1	human	personal	attested		Brenton's Septuagint, English 1851 + Greek (eBible.org eng-Brenton / grcbrent), Public Domain	0.85
Sabi	slug:deuterocanon:sabi	Sabi, named in 1 Esdras		Σαβιὴ	Sabiē	Greek	Christian	Eastern Orthodox	Orthodox Old Testament	1 Esdras	1 Esdras 5:34	https://ebible.org/eng-Brenton/1ES05.htm	1	human	personal	attested		Brenton's Septuagint, English 1851 + Greek (eBible.org eng-Brenton / grcbrent), Public Domain	0.85
Sadduc	slug:deuterocanon:sadduc	Sadduc, named in 1 Esdras	boy	Sadduc		English	Christian	Eastern Orthodox	Orthodox Old Testament	1 Esdras	1 Esdras 8:2	https://ebible.org/eng-Brenton/1ES08.htm	1	human	personal	attested		Brenton's Septuagint, English 1851 + Greek (eBible.org eng-Brenton / grcbrent), Public Domain	0.85
Salathiel	slug:deuterocanon:salathiel	Salathiel, named in 1 Esdras		Σαλαθιὴλ	Salathiēl	Greek	Christian	Eastern Orthodox	Orthodox Old Testament	1 Esdras	1 Esdras 5:5	https://ebible.org/eng-Brenton/1ES05.htm	4	human	personal	attested		Brenton's Septuagint, English 1851 + Greek (eBible.org eng-Brenton / grcbrent), Public Domain	0.85
Salimoth	slug:deuterocanon:salimoth	Salimoth, named in 1 Esdras		Σαλιμὼθ	Salimōth	Greek	Christian	Eastern Orthodox	Orthodox Old Testament	1 Esdras	1 Esdras 8:36	https://ebible.org/eng-Brenton/1ES08.htm	1	human	personal	attested		Brenton's Septuagint, English 1851 + Greek (eBible.org eng-Brenton / grcbrent), Public Domain	0.85
Salum	slug:deuterocanon:salum	Salum, named in 1 Esdras		Σαλοὺμ	Saloum	Greek	Christian	Eastern Orthodox	Orthodox Old Testament	1 Esdras	1 Esdras 5:28	https://ebible.org/eng-Brenton/1ES05.htm	2	human	personal	attested		Brenton's Septuagint, English 1851 + Greek (eBible.org eng-Brenton / grcbrent), Public Domain	0.85
Samellius	slug:deuterocanon:samellius	Samellius, named in 1 Esdras		Σαμέλλιος	Samellios	Greek	Christian	Eastern Orthodox	Orthodox Old Testament	1 Esdras	1 Esdras 2:16	https://ebible.org/eng-Brenton/1ES02.htm	2	human	personal	attested		Brenton's Septuagint, English 1851 + Greek (eBible.org eng-Brenton / grcbrent), Public Domain	0.85
Samuel	Q6577515	Samuel, Prophet and last judge of Israel before the kings	boy	Σαμουὴλ	Samouēl	Greek	Christian	Eastern Orthodox	Orthodox Old Testament	1 Esdras	1 Esdras 1:20	https://ebible.org/eng-Brenton/1ES01.htm	1	human	personal	attested	Wikidata	Brenton's Septuagint, English 1851 + Greek (eBible.org eng-Brenton / grcbrent), Public Domain + Wikidata (CC0)	0.85
Sanaas	slug:deuterocanon:sanaas	Sanaas, named in 1 Esdras		Σανάας	Sanaas	Greek	Christian	Eastern Orthodox	Orthodox Old Testament	1 Esdras	1 Esdras 5:23	https://ebible.org/eng-Brenton/1ES05.htm	1	human	personal	attested		Brenton's Septuagint, English 1851 + Greek (eBible.org eng-Brenton / grcbrent), Public Domain	0.85
Sanabassar	slug:deuterocanon:sanabassar	Sanabassar, named in 1 Esdras		Σαμανασσάρῳ	Samanassarō	Greek	Christian	Eastern Orthodox	Orthodox Old Testament	1 Esdras	1 Esdras 2:12	https://ebible.org/eng-Brenton/1ES02.htm	2	human	personal	attested		Brenton's Septuagint, English 1851 + Greek (eBible.org eng-Brenton / grcbrent), Public Domain	0.85
Sanasib	slug:deuterocanon:sanasib	Sanasib, named in 1 Esdras		Σανασὶβ	Sanasib	Greek	Christian	Eastern Orthodox	Orthodox Old Testament	1 Esdras	1 Esdras 5:24	https://ebible.org/eng-Brenton/1ES05.htm	1	human	personal	attested		Brenton's Septuagint, English 1851 + Greek (eBible.org eng-Brenton / grcbrent), Public Domain	0.85
Saphag	slug:deuterocanon:saphag	Saphag, named in 1 Esdras		Σαφὰγ	Saphag	Greek	Christian	Eastern Orthodox	Orthodox Old Testament	1 Esdras	1 Esdras 5:34	https://ebible.org/eng-Brenton/1ES05.htm	1	human	personal	attested		Brenton's Septuagint, English 1851 + Greek (eBible.org eng-Brenton / grcbrent), Public Domain	0.85
Saphat	slug:deuterocanon:saphat	Saphat, named in 1 Esdras		Σαφὰτ	Saphat	Greek	Christian	Eastern Orthodox	Orthodox Old Testament	1 Esdras	1 Esdras 5:9	https://ebible.org/eng-Brenton/1ES05.htm	1	human	personal	attested		Brenton's Septuagint, English 1851 + Greek (eBible.org eng-Brenton / grcbrent), Public Domain	0.85
Saphatias	slug:deuterocanon:saphatias	Saphatias, named in 1 Esdras		Σαφατίου	Saphatiou	Greek	Christian	Eastern Orthodox	Orthodox Old Testament	1 Esdras	1 Esdras 8:34	https://ebible.org/eng-Brenton/1ES08.htm	1	human	personal	attested		Brenton's Septuagint, English 1851 + Greek (eBible.org eng-Brenton / grcbrent), Public Domain	0.85
Saphui	slug:deuterocanon:saphui	Saphui, named in 1 Esdras		Σαφυῒ	Saphyi	Greek	Christian	Eastern Orthodox	Orthodox Old Testament	1 Esdras	1 Esdras 5:33	https://ebible.org/eng-Brenton/1ES05.htm	1	human	personal	attested		Brenton's Septuagint, English 1851 + Greek (eBible.org eng-Brenton / grcbrent), Public Domain	0.85
Saraias	slug:deuterocanon:saraias	Saraias, named in 1 Esdras		Σαραίου	Saraiou	Greek	Christian	Eastern Orthodox	Orthodox Old Testament	1 Esdras	1 Esdras 5:5	https://ebible.org/eng-Brenton/1ES05.htm	1	human	personal	attested		Brenton's Septuagint, English 1851 + Greek (eBible.org eng-Brenton / grcbrent), Public Domain	0.85
Sarothi	slug:deuterocanon:sarothi	Sarothi, named in 1 Esdras		Σαρωθὶ	Sarōthi	Greek	Christian	Eastern Orthodox	Orthodox Old Testament	1 Esdras	1 Esdras 5:34	https://ebible.org/eng-Brenton/1ES05.htm	1	human	personal	attested		Brenton's Septuagint, English 1851 + Greek (eBible.org eng-Brenton / grcbrent), Public Domain	0.85
Sechenias	slug:deuterocanon:sechenias	Sechenias, named in 1 Esdras	boy	Σεχενίου	Secheniou	Greek	Christian	Eastern Orthodox	Orthodox Old Testament	1 Esdras	1 Esdras 8:29	https://ebible.org/eng-Brenton/1ES08.htm	2	human	personal	attested		Brenton's Septuagint, English 1851 + Greek (eBible.org eng-Brenton / grcbrent), Public Domain	0.85
Sedecias	slug:deuterocanon:sedecias	Sedecias, named in 1 Esdras		Σεδεκίαν	Sedekian	Greek	Christian	Eastern Orthodox	Orthodox Old Testament	1 Esdras	1 Esdras 1:46	https://ebible.org/eng-Brenton/1ES01.htm	1	human	personal	attested		Brenton's Septuagint, English 1851 + Greek (eBible.org eng-Brenton / grcbrent), Public Domain	0.85
Semei	slug:deuterocanon:semei	Semei, named in 1 Esdras		Σεμεΐ	Semei	Greek	Christian	Eastern Orthodox	Orthodox Old Testament	1 Esdras	1 Esdras 9:33	https://ebible.org/eng-Brenton/1ES09.htm	1	human	personal	attested		Brenton's Septuagint, English 1851 + Greek (eBible.org eng-Brenton / grcbrent), Public Domain	0.85
Semellius	slug:deuterocanon:semellius	Semellius, named in 1 Esdras		Σαμελλίῳ	Samelliō	Greek	Christian	Eastern Orthodox	Orthodox Old Testament	1 Esdras	1 Esdras 2:25	https://ebible.org/eng-Brenton/1ES02.htm	2	human	personal	attested		Brenton's Septuagint, English 1851 + Greek (eBible.org eng-Brenton / grcbrent), Public Domain	0.85
Serar	slug:deuterocanon:serar	Serar, named in 1 Esdras		Σερὰρ	Serar	Greek	Christian	Eastern Orthodox	Orthodox Old Testament	1 Esdras	1 Esdras 5:32	https://ebible.org/eng-Brenton/1ES05.htm	1	human	personal	attested		Brenton's Septuagint, English 1851 + Greek (eBible.org eng-Brenton / grcbrent), Public Domain	0.85
Simon	slug:deuterocanon:simon	Simon, named in 1 Esdras		Σίμων	Simōn	Greek	Christian	Eastern Orthodox	Orthodox Old Testament	1 Esdras	1 Esdras 9:32	https://ebible.org/eng-Brenton/1ES09.htm	2	human	personal	attested		Brenton's Septuagint, English 1851 + Greek (eBible.org eng-Brenton / grcbrent), Public Domain	0.85
Sisinnes	slug:deuterocanon:sisinnes	Sisinnes, named in 1 Esdras		Σισίννης	Sisinnēs	Greek	Christian	Eastern Orthodox	Orthodox Old Testament	1 Esdras	1 Esdras 6:3	https://ebible.org/eng-Brenton/1ES06.htm	4	human	personal	attested		Brenton's Septuagint, English 1851 + Greek (eBible.org eng-Brenton / grcbrent), Public Domain	0.85
Solomon	Q37085	Solomon, king of Israel, son of David	boy	Σαλωμὼν	Salōmōn	Greek	Christian	Eastern Orthodox	Orthodox Old Testament	1 Esdras	1 Esdras 1:3	https://ebible.org/eng-Brenton/1ES01.htm	4	human	personal	attested	Wikidata	Brenton's Septuagint, English 1851 + Greek (eBible.org eng-Brenton / grcbrent), Public Domain + Wikidata (CC0)	0.85
Suba	slug:deuterocanon:suba	Suba, named in 1 Esdras		Σουβὰ	Souba	Greek	Christian	Eastern Orthodox	Orthodox Old Testament	1 Esdras	1 Esdras 5:34	https://ebible.org/eng-Brenton/1ES05.htm	1	human	personal	attested		Brenton's Septuagint, English 1851 + Greek (eBible.org eng-Brenton / grcbrent), Public Domain	0.85
Subai	slug:deuterocanon:subai	Subai, named in 1 Esdras		Συβαῒ	Sybai	Greek	Christian	Eastern Orthodox	Orthodox Old Testament	1 Esdras	1 Esdras 5:30	https://ebible.org/eng-Brenton/1ES05.htm	1	human	personal	attested		Brenton's Septuagint, English 1851 + Greek (eBible.org eng-Brenton / grcbrent), Public Domain	0.85
Sud	slug:deuterocanon:sud	Sud, named in 1 Esdras		Σουδὰ	Souda	Greek	Christian	Eastern Orthodox	Orthodox Old Testament	1 Esdras	1 Esdras 5:29	https://ebible.org/eng-Brenton/1ES05.htm	1	human	personal	attested		Brenton's Septuagint, English 1851 + Greek (eBible.org eng-Brenton / grcbrent), Public Domain	0.85
Tabaoth	slug:deuterocanon:tabaoth	Tabaoth, named in 1 Esdras		Ταβαὼθ	Tabaōth	Greek	Christian	Eastern Orthodox	Orthodox Old Testament	1 Esdras	1 Esdras 5:29	https://ebible.org/eng-Brenton/1ES05.htm	1	human	personal	attested		Brenton's Septuagint, English 1851 + Greek (eBible.org eng-Brenton / grcbrent), Public Domain	0.85
Theocanus	slug:deuterocanon:theocanus	Theocanus, named in 1 Esdras		Θεωκανοῦ	Theōkanou	Greek	Christian	Eastern Orthodox	Orthodox Old Testament	1 Esdras	1 Esdras 9:14	https://ebible.org/eng-Brenton/1ES09.htm	1	human	personal	attested		Brenton's Septuagint, English 1851 + Greek (eBible.org eng-Brenton / grcbrent), Public Domain	0.85
Theras	slug:deuterocanon:theras	Theras, named in 1 Esdras		Θερὰν	Theran	Greek	Christian	Eastern Orthodox	Orthodox Old Testament	1 Esdras	1 Esdras 8:41	https://ebible.org/eng-Brenton/1ES08.htm	2	human	personal	attested		Brenton's Septuagint, English 1851 + Greek (eBible.org eng-Brenton / grcbrent), Public Domain	0.85
Thomoi	slug:deuterocanon:thomoi	Thomoi, named in 1 Esdras		Θομοῒ	Thomoi	Greek	Christian	Eastern Orthodox	Orthodox Old Testament	1 Esdras	1 Esdras 5:32	https://ebible.org/eng-Brenton/1ES05.htm	1	human	personal	attested		Brenton's Septuagint, English 1851 + Greek (eBible.org eng-Brenton / grcbrent), Public Domain	0.85
Tobis	slug:deuterocanon:tobis	Tobis, named in 1 Esdras		Τωβὶς	Tōbis	Greek	Christian	Eastern Orthodox	Orthodox Old Testament	1 Esdras	1 Esdras 5:28	https://ebible.org/eng-Brenton/1ES05.htm	1	human	personal	attested		Brenton's Septuagint, English 1851 + Greek (eBible.org eng-Brenton / grcbrent), Public Domain	0.85
Tolman	slug:deuterocanon:tolman	Tolman, named in 1 Esdras		Τολμὰν	Tolman	Greek	Christian	Eastern Orthodox	Orthodox Old Testament	1 Esdras	1 Esdras 5:28	https://ebible.org/eng-Brenton/1ES05.htm	1	human	personal	attested		Brenton's Septuagint, English 1851 + Greek (eBible.org eng-Brenton / grcbrent), Public Domain	0.85
Uria	slug:deuterocanon:uria	Uria, named in 1 Esdras		Οὐρία	Ouria	Greek	Christian	Eastern Orthodox	Orthodox Old Testament	1 Esdras	1 Esdras 8:62	https://ebible.org/eng-Brenton/1ES08.htm	1	human	personal	attested		Brenton's Septuagint, English 1851 + Greek (eBible.org eng-Brenton / grcbrent), Public Domain	0.85
Urias	slug:deuterocanon:urias	Urias, named in 1 Esdras		Οὐρίας	Ourias	Greek	Christian	Eastern Orthodox	Orthodox Old Testament	1 Esdras	1 Esdras 9:43	https://ebible.org/eng-Brenton/1ES09.htm	1	human	personal	attested		Brenton's Septuagint, English 1851 + Greek (eBible.org eng-Brenton / grcbrent), Public Domain	0.85
Uta	slug:deuterocanon:uta	Uta, named in 1 Esdras		Οὐτὰ	Outa	Greek	Christian	Eastern Orthodox	Orthodox Old Testament	1 Esdras	1 Esdras 5:30	https://ebible.org/eng-Brenton/1ES05.htm	1	human	personal	attested		Brenton's Septuagint, English 1851 + Greek (eBible.org eng-Brenton / grcbrent), Public Domain	0.85
Uthi	slug:deuterocanon:uthi	Uthi, named in 1 Esdras	boy	Οὐθὶ	Outhi	Greek	Christian	Eastern Orthodox	Orthodox Old Testament	1 Esdras	1 Esdras 8:40	https://ebible.org/eng-Brenton/1ES08.htm	1	human	personal	attested		Brenton's Septuagint, English 1851 + Greek (eBible.org eng-Brenton / grcbrent), Public Domain	0.85
Zacharias	slug:deuterocanon:zacharias	Zacharias, named in 1 Esdras	boy	Ζαχαρίας	Zacharias	Greek	Christian	Eastern Orthodox	Orthodox Old Testament	1 Esdras	1 Esdras 1:8	https://ebible.org/eng-Brenton/1ES01.htm	9	human	personal	attested		Brenton's Septuagint, English 1851 + Greek (eBible.org eng-Brenton / grcbrent), Public Domain	0.85
Zamoth	slug:deuterocanon:zamoth	Zamoth, named in 1 Esdras		Ζαμὼθ	Zamōth	Greek	Christian	Eastern Orthodox	Orthodox Old Testament	1 Esdras	1 Esdras 9:28	https://ebible.org/eng-Brenton/1ES09.htm	1	human	personal	attested		Brenton's Septuagint, English 1851 + Greek (eBible.org eng-Brenton / grcbrent), Public Domain	0.85
Zaraces	slug:deuterocanon:zaraces	Zaraces, named in 1 Esdras	boy	Ζαράκην	Zarakēn	Greek	Christian	Eastern Orthodox	Orthodox Old Testament	1 Esdras	1 Esdras 1:38	https://ebible.org/eng-Brenton/1ES01.htm	1	human	personal	attested		Brenton's Septuagint, English 1851 + Greek (eBible.org eng-Brenton / grcbrent), Public Domain	0.85
Zaraias	slug:deuterocanon:zaraias	Zaraias, named in 1 Esdras		Ζαραίου	Zaraiou	Greek	Christian	Eastern Orthodox	Orthodox Old Testament	1 Esdras	1 Esdras 5:8	https://ebible.org/eng-Brenton/1ES05.htm	3	human	personal	attested		Brenton's Septuagint, English 1851 + Greek (eBible.org eng-Brenton / grcbrent), Public Domain	0.85
Zathoe	slug:deuterocanon:zathoe	Zathoe, named in 1 Esdras		Ζαθόης	Zathoēs	Greek	Christian	Eastern Orthodox	Orthodox Old Testament	1 Esdras	1 Esdras 8:32	https://ebible.org/eng-Brenton/1ES08.htm	1	human	personal	attested		Brenton's Septuagint, English 1851 + Greek (eBible.org eng-Brenton / grcbrent), Public Domain	0.85
Zathui	slug:deuterocanon:zathui	Zathui, named in 1 Esdras		Ζαθουῒ	Zathoui	Greek	Christian	Eastern Orthodox	Orthodox Old Testament	1 Esdras	1 Esdras 5:12	https://ebible.org/eng-Brenton/1ES05.htm	1	human	personal	attested		Brenton's Septuagint, English 1851 + Greek (eBible.org eng-Brenton / grcbrent), Public Domain	0.85
Zechrias	slug:deuterocanon:zechrias	Zechrias, named in 1 Esdras	boy	Ζεχρίου	Zechriou	Greek	Christian	Eastern Orthodox	Orthodox Old Testament	1 Esdras	1 Esdras 8:1	https://ebible.org/eng-Brenton/1ES08.htm	1	human	personal	attested		Brenton's Septuagint, English 1851 + Greek (eBible.org eng-Brenton / grcbrent), Public Domain	0.85
Zorobabel	Q320139	Zerubbabel, Leader of the first Jewish exiles from Babylon	boy	Ζοροβάβελ	Zorobabel	Greek	Christian	Eastern Orthodox	Orthodox Old Testament	1 Esdras	1 Esdras 4:13	https://ebible.org/eng-Brenton/1ES04.htm	11	human	personal	attested	same figure as the Bible's Zorobabel	Brenton's Septuagint, English 1851 + Greek (eBible.org eng-Brenton / grcbrent), Public Domain	0.85
Alexander	slug:enoch:alexander	Alexander, named in 1 Enoch		Alexander		English	Christian	Ethiopian Orthodox Tewahedo	1 Enoch	1 Enoch	1 Enoch 89:71	https://en.wikisource.org/wiki/The_Book_of_Enoch_(Charles)/Chapter_89	2	human	personal	attested		1 Enoch, tr. R.H. Charles 1917 (Project Gutenberg #77935), Public Domain	0.85
Cainan	slug:enoch:cainan	Cainan, named in 1 Enoch	boy	Cainan		English	Christian	Ethiopian Orthodox Tewahedo	1 Enoch	1 Enoch	1 Enoch 37:1	https://en.wikisource.org/wiki/The_Book_of_Enoch_(Charles)/Chapter_37	1	human	personal	attested		1 Enoch, tr. R.H. Charles 1917 (Project Gutenberg #77935), Public Domain	0.85
Cyrus	Q8423	Cyrus, Persian Emperor who decreed the rebuilding of the Temple	boy	Cyrus		English	Christian	Ethiopian Orthodox Tewahedo	1 Enoch	1 Enoch	1 Enoch 89:71	https://en.wikisource.org/wiki/The_Book_of_Enoch_(Charles)/Chapter_89	1	human	personal	attested	same figure as the Bible's Cyrus	1 Enoch, tr. R.H. Charles 1917 (Project Gutenberg #77935), Public Domain	0.85
Edna	slug:enoch:edna	Edna, named in 1 Enoch	girl	Edna		English	Christian	Ethiopian Orthodox Tewahedo	1 Enoch	1 Enoch	1 Enoch 85:3	https://en.wikisource.org/wiki/The_Book_of_Enoch_(Charles)/Chapter_85	1	human	personal	attested		1 Enoch, tr. R.H. Charles 1917 (Project Gutenberg #77935), Public Domain	0.85
Enoch	Q213027	Enoch, biblical figure, son of Jared	boy	Enoch		English	Christian	Ethiopian Orthodox Tewahedo	1 Enoch	1 Enoch	1 Enoch 1:1	https://en.wikisource.org/wiki/The_Book_of_Enoch_(Charles)/Chapter_1	45	human	personal	attested	Wikidata	1 Enoch, tr. R.H. Charles 1917 (Project Gutenberg #77935), Public Domain + Wikidata (CC0)	0.85
Enos	slug:enoch:enos	Enos, named in 1 Enoch	boy	Enos		English	Christian	Ethiopian Orthodox Tewahedo	1 Enoch	1 Enoch	1 Enoch 37:1	https://en.wikisource.org/wiki/The_Book_of_Enoch_(Charles)/Chapter_37	1	human	personal	attested		1 Enoch, tr. R.H. Charles 1917 (Project Gutenberg #77935), Public Domain	0.85
Eve	Q830183	Eve, First woman	girl	Eve		English	Christian	Ethiopian Orthodox Tewahedo	1 Enoch	1 Enoch	1 Enoch 69:6	https://en.wikisource.org/wiki/The_Book_of_Enoch_(Charles)/Chapter_69	1	human	personal	attested	Wikidata	1 Enoch, tr. R.H. Charles 1917 (Project Gutenberg #77935), Public Domain + Wikidata (CC0)	0.85
Gabriel	Q81989	Gabriel, archangel		Gabriel		English	Christian	Ethiopian Orthodox Tewahedo	1 Enoch	1 Enoch	1 Enoch 9:1	https://en.wikisource.org/wiki/The_Book_of_Enoch_(Charles)/Chapter_9	8	angel	personal	attested	identified by this text's own context	1 Enoch, tr. R.H. Charles 1917 (Project Gutenberg #77935), Public Domain	0.85
Israel	Q289957	Jacob (Israel), patriarch, son of Isaac	boy	Israel		English	Christian	Ethiopian Orthodox Tewahedo	1 Enoch	1 Enoch	1 Enoch 56:4	https://en.wikisource.org/wiki/The_Book_of_Enoch_(Charles)/Chapter_56	2	human	personal	attested	same figure as the Bible's Israel	1 Enoch, tr. R.H. Charles 1917 (Project Gutenberg #77935), Public Domain	0.85
Jared	slug:enoch:jared	Jared, named in 1 Enoch	boy	Jared		English	Christian	Ethiopian Orthodox Tewahedo	1 Enoch	1 Enoch	1 Enoch 6:6	https://en.wikisource.org/wiki/The_Book_of_Enoch_(Charles)/Chapter_6	3	human	personal	attested		1 Enoch, tr. R.H. Charles 1917 (Project Gutenberg #77935), Public Domain	0.85
Lamech	slug:enoch:lamech	Lamech, named in 1 Enoch	boy	Lamech		English	Christian	Ethiopian Orthodox Tewahedo	1 Enoch	1 Enoch	1 Enoch 10:1	https://en.wikisource.org/wiki/The_Book_of_Enoch_(Charles)/Chapter_10	7	human	personal	attested		1 Enoch, tr. R.H. Charles 1917 (Project Gutenberg #77935), Public Domain	0.85
Mahalalel	Q10297002	Mahalalel, Son of Kenan, Grandson of Enos, Great Grandson of Seth, Great Great Grandson of Adam and Eve	boy	Mahalalel		English	Christian	Ethiopian Orthodox Tewahedo	1 Enoch	1 Enoch	1 Enoch 37:1	https://en.wikisource.org/wiki/The_Book_of_Enoch_(Charles)/Chapter_37	3	human	personal	attested	Wikidata	1 Enoch, tr. R.H. Charles 1917 (Project Gutenberg #77935), Public Domain + Wikidata (CC0)	0.85
Methuselah	Q156290	Methuselah, The oldest person mentioned in the Bible	boy	Methuselah		English	Christian	Ethiopian Orthodox Tewahedo	1 Enoch	1 Enoch	1 Enoch 76:14	https://en.wikisource.org/wiki/The_Book_of_Enoch_(Charles)/Chapter_76	14	human	personal	attested	Wikidata	1 Enoch, tr. R.H. Charles 1917 (Project Gutenberg #77935), Public Domain + Wikidata (CC0)	0.85
Michael	Q45581	Michael, archangel		Michael		English	Christian	Ethiopian Orthodox Tewahedo	1 Enoch	1 Enoch	1 Enoch 9:1	https://en.wikisource.org/wiki/The_Book_of_Enoch_(Charles)/Chapter_9	18	angel	personal	attested	identified by this text's own context	1 Enoch, tr. R.H. Charles 1917 (Project Gutenberg #77935), Public Domain	0.85
Noah	Q81422	Noah, survivor of the Flood	boy	Noah		English	Christian	Ethiopian Orthodox Tewahedo	1 Enoch	1 Enoch	1 Enoch 5:9	https://en.wikisource.org/wiki/The_Book_of_Enoch_(Charles)/Chapter_5	12	human	personal	attested	same figure as the Bible's Noah	1 Enoch, tr. R.H. Charles 1917 (Project Gutenberg #77935), Public Domain	0.85
Phanuel	Q7180638	Phanuel, Phanuel (angel)		Phanuel		English	Christian	Ethiopian Orthodox Tewahedo	1 Enoch	1 Enoch	1 Enoch 40:9	https://en.wikisource.org/wiki/The_Book_of_Enoch_(Charles)/Chapter_40	5	angel	personal	attested	identified by this text's own context	1 Enoch, tr. R.H. Charles 1917 (Project Gutenberg #77935), Public Domain	0.85
Raguel	Q1194685	Raguel, Raguel (angel)		Raguel		English	Christian	Ethiopian Orthodox Tewahedo	1 Enoch	1 Enoch	1 Enoch 20:4	https://en.wikisource.org/wiki/The_Book_of_Enoch_(Charles)/Chapter_20	2	angel	personal	attested	identified by this text's own context	1 Enoch, tr. R.H. Charles 1917 (Project Gutenberg #77935), Public Domain	0.85
Raphael	Q56951	Raphael, Raphael (archangel)		Raphael		English	Christian	Ethiopian Orthodox Tewahedo	1 Enoch	1 Enoch	1 Enoch 9:1	https://en.wikisource.org/wiki/The_Book_of_Enoch_(Charles)/Chapter_9	16	angel	personal	attested	identified by this text's own context	1 Enoch, tr. R.H. Charles 1917 (Project Gutenberg #77935), Public Domain	0.85
Seth	Q107626	Seth, Third son of Adam and Eve	boy	Seth		English	Christian	Ethiopian Orthodox Tewahedo	1 Enoch	1 Enoch	1 Enoch 37:1	https://en.wikisource.org/wiki/The_Book_of_Enoch_(Charles)/Chapter_37	1	human	personal	attested	Wikidata	1 Enoch, tr. R.H. Charles 1917 (Project Gutenberg #77935), Public Domain + Wikidata (CC0)	0.85
Tam	slug:enoch:tam	Tam, named in 1 Enoch		Tam		English	Christian	Ethiopian Orthodox Tewahedo	1 Enoch	1 Enoch	1 Enoch 82:15	https://en.wikisource.org/wiki/The_Book_of_Enoch_(Charles)/Chapter_82	1	human	personal	attested		1 Enoch, tr. R.H. Charles 1917 (Project Gutenberg #77935), Public Domain	0.85
Uriel	Q209378	Uriel		Uriel		English	Christian	Ethiopian Orthodox Tewahedo	1 Enoch	1 Enoch	1 Enoch 9:1	https://en.wikisource.org/wiki/The_Book_of_Enoch_(Charles)/Chapter_9	16	angel	personal	attested	identified by this text's own context	1 Enoch, tr. R.H. Charles 1917 (Project Gutenberg #77935), Public Domain	0.85
Abimelech	slug:jubilees:abimelech	Abimelech, named in Jubilees		Abimelech		English	Christian	Ethiopian Orthodox Tewahedo	Jubilees	Jubilees	Jubilees 24:7	https://archive.org/details/bookofjubileesor01char	6	human	personal	attested		Jubilees, tr. R.H. Charles 1917 (archive.org bookofjubileesor01char, OCR), Public Domain	0.85
Abraham	Q9181	Abraham, patriarch	boy	Abraham		English	Christian	Ethiopian Orthodox Tewahedo	Jubilees	Jubilees	Jubilees 1:7	https://archive.org/details/bookofjubileesor01char	153	human	personal	attested	same figure as the Bible's Abraham	Jubilees, tr. R.H. Charles 1917 (archive.org bookofjubileesor01char, OCR), Public Domain	0.85
Abram	slug:jubilees:abram	Abram, named in Jubilees	boy	Abram		English	Christian	Ethiopian Orthodox Tewahedo	Jubilees	Jubilees	Jubilees 9–11	https://archive.org/details/bookofjubileesor01char	63	human	personal	attested		Jubilees, tr. R.H. Charles 1917 (archive.org bookofjubileesor01char, OCR), Public Domain	0.85
Achbor	slug:jubilees:achbor	Achbor, named in Jubilees		Achbor		English	Christian	Ethiopian Orthodox Tewahedo	Jubilees	Jubilees	Jubilees 38:22	https://archive.org/details/bookofjubileesor01char	2	human	personal	attested		Jubilees, tr. R.H. Charles 1917 (archive.org bookofjubileesor01char, OCR), Public Domain	0.85
Ahuzzath	slug:jubilees:ahuzzath	Ahuzzath, named in Jubilees		Ahuzzath		English	Christian	Ethiopian Orthodox Tewahedo	Jubilees	Jubilees	Jubilees 24:26	https://archive.org/details/bookofjubileesor01char	2	human	personal	attested		Jubilees, tr. R.H. Charles 1917 (archive.org bookofjubileesor01char, OCR), Public Domain	0.85
Amnion	slug:jubilees:amnion	Amnion, named in Jubilees		Amnion		English	Christian	Ethiopian Orthodox Tewahedo	Jubilees	Jubilees	Jubilees 29:10	https://archive.org/details/bookofjubileesor01char	2	human	personal	attested		Jubilees, tr. R.H. Charles 1917 (archive.org bookofjubileesor01char, OCR), Public Domain	0.85
Amos	slug:jubilees:amos	Amos, named in Jubilees		Amos		English	Christian	Ethiopian Orthodox Tewahedo	Jubilees	Jubilees	Jubilees 24:32	https://archive.org/details/bookofjubileesor01char	2	human	personal	attested		Jubilees, tr. R.H. Charles 1917 (archive.org bookofjubileesor01char, OCR), Public Domain	0.85
Amram	slug:jubilees:amram	Amram, named in Jubilees		Amram		English	Christian	Ethiopian Orthodox Tewahedo	Jubilees	Jubilees	Jubilees 46:10	https://archive.org/details/bookofjubileesor01char	4	human	personal	attested		Jubilees, tr. R.H. Charles 1917 (archive.org bookofjubileesor01char, OCR), Public Domain	0.85
Amraphel	slug:jubilees:amraphel	Amraphel, named in Jubilees		Amraphel		English	Christian	Ethiopian Orthodox Tewahedo	Jubilees	Jubilees	Jubilees 13–14	https://archive.org/details/bookofjubileesor01char	2	human	personal	attested		Jubilees, tr. R.H. Charles 1917 (archive.org bookofjubileesor01char, OCR), Public Domain	0.85
Amthelai	slug:jubilees:amthelai	Amthelai, named in Jubilees		Amthelai		English	Christian	Ethiopian Orthodox Tewahedo	Jubilees	Jubilees	Jubilees 9–11	https://archive.org/details/bookofjubileesor01char	1	human	personal	attested		Jubilees, tr. R.H. Charles 1917 (archive.org bookofjubileesor01char, OCR), Public Domain	0.85
Arabs	slug:jubilees:arabs	Arabs, named in Jubilees		Arabs		English	Christian	Ethiopian Orthodox Tewahedo	Jubilees	Jubilees	Jubilees 20–21	https://archive.org/details/bookofjubileesor01char	2	human	personal	attested		Jubilees, tr. R.H. Charles 1917 (archive.org bookofjubileesor01char, OCR), Public Domain	0.85
Ard	slug:jubilees:ard	Ard, named in Jubilees		Ard		English	Christian	Ethiopian Orthodox Tewahedo	Jubilees	Jubilees	Jubilees 44:25	https://archive.org/details/bookofjubileesor01char	2	human	personal	attested		Jubilees, tr. R.H. Charles 1917 (archive.org bookofjubileesor01char, OCR), Public Domain	0.85
Arioch	slug:jubilees:arioch	Arioch, named in Jubilees		Arioch		English	Christian	Ethiopian Orthodox Tewahedo	Jubilees	Jubilees	Jubilees 13–14	https://archive.org/details/bookofjubileesor01char	2	human	personal	attested		Jubilees, tr. R.H. Charles 1917 (archive.org bookofjubileesor01char, OCR), Public Domain	0.85
Arodi	slug:jubilees:arodi	Arodi, named in Jubilees		Arodi		English	Christian	Ethiopian Orthodox Tewahedo	Jubilees	Jubilees	Jubilees 44:20	https://archive.org/details/bookofjubileesor01char	1	human	personal	attested		Jubilees, tr. R.H. Charles 1917 (archive.org bookofjubileesor01char, OCR), Public Domain	0.85
Arpachsad	slug:jubilees:arpachsad	Arpachsad, named in Jubilees		Arpachsad		English	Christian	Ethiopian Orthodox Tewahedo	Jubilees	Jubilees	Jubilees 9–11	https://archive.org/details/bookofjubileesor01char	3	human	personal	attested		Jubilees, tr. R.H. Charles 1917 (archive.org bookofjubileesor01char, OCR), Public Domain	0.85
Arpachshad	slug:jubilees:arpachshad	Arpachshad, named in Jubilees		Arpachshad		English	Christian	Ethiopian Orthodox Tewahedo	Jubilees	Jubilees	Jubilees 6–7	https://archive.org/details/bookofjubileesor01char	8	human	personal	attested		Jubilees, tr. R.H. Charles 1917 (archive.org bookofjubileesor01char, OCR), Public Domain	0.85
Asenath	slug:jubilees:asenath	Asenath, named in Jubilees		Asenath		English	Christian	Ethiopian Orthodox Tewahedo	Jubilees	Jubilees	Jubilees 34–37	https://archive.org/details/bookofjubileesor01char	4	human	personal	attested		Jubilees, tr. R.H. Charles 1917 (archive.org bookofjubileesor01char, OCR), Public Domain	0.85
Ashbel	slug:jubilees:ashbel	Ashbel, named in Jubilees		Ashbel		English	Christian	Ethiopian Orthodox Tewahedo	Jubilees	Jubilees	Jubilees 44:25	https://archive.org/details/bookofjubileesor01char	2	human	personal	attested		Jubilees, tr. R.H. Charles 1917 (archive.org bookofjubileesor01char, OCR), Public Domain	0.85
Asher	slug:jubilees:asher	Asher, named in Jubilees		Asher		English	Christian	Ethiopian Orthodox Tewahedo	Jubilees	Jubilees	Jubilees 28:14	https://archive.org/details/bookofjubileesor01char	8	human	personal	attested		Jubilees, tr. R.H. Charles 1917 (archive.org bookofjubileesor01char, OCR), Public Domain	0.85
Awan	Q9639242	Awan, sister-wife of Cain and the daughter of Adam and Eve	girl	Awan		English	Christian	Ethiopian Orthodox Tewahedo	Jubilees	Jubilees	Jubilees 4:1	https://archive.org/details/bookofjubileesor01char	1	human	personal	attested	Wikidata	Jubilees, tr. R.H. Charles 1917 (archive.org bookofjubileesor01char, OCR), Public Domain + Wikidata (CC0)	0.85
Ba'elunan	slug:jubilees:baelunan	Ba'elunan, named in Jubilees	boy	Ba'elunan		English	Christian	Ethiopian Orthodox Tewahedo	Jubilees	Jubilees	Jubilees 38:22	https://archive.org/details/bookofjubileesor01char	2	human	personal	attested		Jubilees, tr. R.H. Charles 1917 (archive.org bookofjubileesor01char, OCR), Public Domain	0.85
Babel	slug:jubilees:babel	Babel, named in Jubilees		Babel		English	Christian	Ethiopian Orthodox Tewahedo	Jubilees	Jubilees	Jubilees 3:34	https://archive.org/details/bookofjubileesor01char	10	human	personal	attested		Jubilees, tr. R.H. Charles 1917 (archive.org bookofjubileesor01char, OCR), Public Domain	0.85
Barad	slug:jubilees:barad	Barad, named in Jubilees		Barad		English	Christian	Ethiopian Orthodox Tewahedo	Jubilees	Jubilees	Jubilees 38:19	https://archive.org/details/bookofjubileesor01char	1	human	personal	attested		Jubilees, tr. R.H. Charles 1917 (archive.org bookofjubileesor01char, OCR), Public Domain	0.85
Baraka	slug:jubilees:baraka	Baraka, named in Jubilees	girl	Baraka		English	Christian	Ethiopian Orthodox Tewahedo	Jubilees	Jubilees	Jubilees 4:17	https://archive.org/details/bookofjubileesor01char	2	human	personal	attested		Jubilees, tr. R.H. Charles 1917 (archive.org bookofjubileesor01char, OCR), Public Domain	0.85
Baraki	slug:jubilees:baraki	Baraki, named in Jubilees		Baraki		English	Christian	Ethiopian Orthodox Tewahedo	Jubilees	Jubilees	Jubilees 4:15	https://archive.org/details/bookofjubileesor01char	1	human	personal	attested		Jubilees, tr. R.H. Charles 1917 (archive.org bookofjubileesor01char, OCR), Public Domain	0.85
Baraki'el	slug:jubilees:barakiel	Baraki'el, named in Jubilees		Baraki'el		English	Christian	Ethiopian Orthodox Tewahedo	Jubilees	Jubilees	Jubilees 50:13	https://archive.org/details/bookofjubileesor01char	1	human	personal	attested		Jubilees, tr. R.H. Charles 1917 (archive.org bookofjubileesor01char, OCR), Public Domain	0.85
Baraki'il	slug:jubilees:barakiil	Baraki'il, named in Jubilees	girl	Baraki'il		English	Christian	Ethiopian Orthodox Tewahedo	Jubilees	Jubilees	Jubilees 4:28	https://archive.org/details/bookofjubileesor01char	2	human	personal	attested		Jubilees, tr. R.H. Charles 1917 (archive.org bookofjubileesor01char, OCR), Public Domain	0.85
Baruch	slug:jubilees:baruch	Baruch, named in Jubilees		Baruch		English	Christian	Ethiopian Orthodox Tewahedo	Jubilees	Jubilees	Jubilees 50:14	https://archive.org/details/bookofjubileesor01char	1	human	personal	attested		Jubilees, tr. R.H. Charles 1917 (archive.org bookofjubileesor01char, OCR), Public Domain	0.85
Becher	slug:jubilees:becher	Becher, named in Jubilees		Becher		English	Christian	Ethiopian Orthodox Tewahedo	Jubilees	Jubilees	Jubilees 44:25	https://archive.org/details/bookofjubileesor01char	2	human	personal	attested		Jubilees, tr. R.H. Charles 1917 (archive.org bookofjubileesor01char, OCR), Public Domain	0.85
Bedad	slug:jubilees:bedad	Bedad, named in Jubilees		Bedad		English	Christian	Ethiopian Orthodox Tewahedo	Jubilees	Jubilees	Jubilees 39:2	https://archive.org/details/bookofjubileesor01char	1	human	personal	attested		Jubilees, tr. R.H. Charles 1917 (archive.org bookofjubileesor01char, OCR), Public Domain	0.85
Bedsu'el	slug:jubilees:bedsuel	Bedsu'el, named in Jubilees	girl	Bedsu'el		English	Christian	Ethiopian Orthodox Tewahedo	Jubilees	Jubilees	Jubilees 40–41	https://archive.org/details/bookofjubileesor01char	2	human	personal	attested		Jubilees, tr. R.H. Charles 1917 (archive.org bookofjubileesor01char, OCR), Public Domain	0.85
Beliar	slug:jubilees:beliar	Beliar, named in Jubilees		Beliar		English	Christian	Ethiopian Orthodox Tewahedo	Jubilees	Jubilees	Jubilees 1:20	https://archive.org/details/bookofjubileesor01char	5	human	personal	attested		Jubilees, tr. R.H. Charles 1917 (archive.org bookofjubileesor01char, OCR), Public Domain	0.85
Benjamin	Q460763	Benjamin, Youngest son of Jacob and Rachel	boy	Benjamin		English	Christian	Ethiopian Orthodox Tewahedo	Jubilees	Jubilees	Jubilees 28:14	https://archive.org/details/bookofjubileesor01char	20	human	personal	attested	same figure as the Bible's Benjamin	Jubilees, tr. R.H. Charles 1917 (archive.org bookofjubileesor01char, OCR), Public Domain	0.85
Beor	slug:jubilees:beor	Beor, named in Jubilees		Beor		English	Christian	Ethiopian Orthodox Tewahedo	Jubilees	Jubilees	Jubilees 38:16	https://archive.org/details/bookofjubileesor01char	1	human	personal	attested		Jubilees, tr. R.H. Charles 1917 (archive.org bookofjubileesor01char, OCR), Public Domain	0.85
Beriah	slug:jubilees:beriah	Beriah, named in Jubilees		Beriah		English	Christian	Ethiopian Orthodox Tewahedo	Jubilees	Jubilees	Jubilees 44:21	https://archive.org/details/bookofjubileesor01char	2	human	personal	attested		Jubilees, tr. R.H. Charles 1917 (archive.org bookofjubileesor01char, OCR), Public Domain	0.85
Bethuel	slug:jubilees:bethuel	Bethuel, named in Jubilees	boy	Bethuel		English	Christian	Ethiopian Orthodox Tewahedo	Jubilees	Jubilees	Jubilees 19:10	https://archive.org/details/bookofjubileesor01char	6	human	personal	attested		Jubilees, tr. R.H. Charles 1917 (archive.org bookofjubileesor01char, OCR), Public Domain	0.85
Bilhah	slug:jubilees:bilhah	Bilhah, named in Jubilees	girl	Bilhah		English	Christian	Ethiopian Orthodox Tewahedo	Jubilees	Jubilees	Jubilees 28:9	https://archive.org/details/bookofjubileesor01char	17	human	personal	attested		Jubilees, tr. R.H. Charles 1917 (archive.org bookofjubileesor01char, OCR), Public Domain	0.85
Canaan	slug:jubilees:canaan	Canaan, named in Jubilees		Canaan		English	Christian	Ethiopian Orthodox Tewahedo	Jubilees	Jubilees	Jubilees 6–7	https://archive.org/details/bookofjubileesor01char	61	human	personal	attested		Jubilees, tr. R.H. Charles 1917 (archive.org bookofjubileesor01char, OCR), Public Domain	0.85
Carmi	slug:jubilees:carmi	Carmi, named in Jubilees		Carmi		English	Christian	Ethiopian Orthodox Tewahedo	Jubilees	Jubilees	Jubilees 44:12	https://archive.org/details/bookofjubileesor01char	2	human	personal	attested		Jubilees, tr. R.H. Charles 1917 (archive.org bookofjubileesor01char, OCR), Public Domain	0.85
Chedorlaomer	slug:jubilees:chedorlaomer	Chedorlaomer, named in Jubilees		Chedorlaomer		English	Christian	Ethiopian Orthodox Tewahedo	Jubilees	Jubilees	Jubilees 13–14	https://archive.org/details/bookofjubileesor01char	3	human	personal	attested		Jubilees, tr. R.H. Charles 1917 (archive.org bookofjubileesor01char, OCR), Public Domain	0.85
Chushim	slug:jubilees:chushim	Chushim, named in Jubilees		Chushim		English	Christian	Ethiopian Orthodox Tewahedo	Jubilees	Jubilees	Jubilees 38:5	https://archive.org/details/bookofjubileesor01char	1	human	personal	attested		Jubilees, tr. R.H. Charles 1917 (archive.org bookofjubileesor01char, OCR), Public Domain	0.85
Cush	slug:jubilees:cush	Cush, named in Jubilees		Cush		English	Christian	Ethiopian Orthodox Tewahedo	Jubilees	Jubilees	Jubilees 6–7	https://archive.org/details/bookofjubileesor01char	6	human	personal	attested		Jubilees, tr. R.H. Charles 1917 (archive.org bookofjubileesor01char, OCR), Public Domain	0.85
Daniel	Q171724	Daniel, Prophet in Babylon	boy	Daniel		English	Christian	Ethiopian Orthodox Tewahedo	Jubilees	Jubilees	Jubilees 9–11	https://archive.org/details/bookofjubileesor01char	2	human	personal	attested	same figure as the Bible's Daniel	Jubilees, tr. R.H. Charles 1917 (archive.org bookofjubileesor01char, OCR), Public Domain	0.85
David	slug:jubilees:david	David, named in Jubilees		David		English	Christian	Ethiopian Orthodox Tewahedo	Jubilees	Jubilees	Jubilees 4:30	https://archive.org/details/bookofjubileesor01char	2	human	personal	attested		Jubilees, tr. R.H. Charles 1917 (archive.org bookofjubileesor01char, OCR), Public Domain	0.85
Deborah	Q213633	Deborah, fourth judge of Israel	girl	Deborah		English	Christian	Ethiopian Orthodox Tewahedo	Jubilees	Jubilees	Jubilees 31:30	https://archive.org/details/bookofjubileesor01char	5	human	personal	attested	Wikidata	Jubilees, tr. R.H. Charles 1917 (archive.org bookofjubileesor01char, OCR), Public Domain + Wikidata (CC0)	0.85
Dinah	slug:jubilees:dinah	Dinah, named in Jubilees	girl	Dinah		English	Christian	Ethiopian Orthodox Tewahedo	Jubilees	Jubilees	Jubilees 4:15	https://archive.org/details/bookofjubileesor01char	16	human	personal	attested		Jubilees, tr. R.H. Charles 1917 (archive.org bookofjubileesor01char, OCR), Public Domain	0.85
Eber	slug:jubilees:eber	Eber, named in Jubilees		Eber		English	Christian	Ethiopian Orthodox Tewahedo	Jubilees	Jubilees	Jubilees 8:7	https://archive.org/details/bookofjubileesor01char	1	human	personal	attested		Jubilees, tr. R.H. Charles 1917 (archive.org bookofjubileesor01char, OCR), Public Domain	0.85
Edna	slug:jubilees:edna	Edna, named in Jubilees	girl	Edna		English	Christian	Ethiopian Orthodox Tewahedo	Jubilees	Jubilees	Jubilees 4:24	https://archive.org/details/bookofjubileesor01char	2	human	personal	attested		Jubilees, tr. R.H. Charles 1917 (archive.org bookofjubileesor01char, OCR), Public Domain	0.85
Egypt	slug:jubilees:egypt	Egypt, named in Jubilees		Egypt		English	Christian	Ethiopian Orthodox Tewahedo	Jubilees	Jubilees	Jubilees 1:1	https://archive.org/details/bookofjubileesor01char	104	human	personal	attested		Jubilees, tr. R.H. Charles 1917 (archive.org bookofjubileesor01char, OCR), Public Domain	0.85
Ehi	slug:jubilees:ehi	Ehi, named in Jubilees		Ehi		English	Christian	Ethiopian Orthodox Tewahedo	Jubilees	Jubilees	Jubilees 44:25	https://archive.org/details/bookofjubileesor01char	2	human	personal	attested		Jubilees, tr. R.H. Charles 1917 (archive.org bookofjubileesor01char, OCR), Public Domain	0.85
Ela	slug:jubilees:ela	Ela, named in Jubilees		Ela		English	Christian	Ethiopian Orthodox Tewahedo	Jubilees	Jubilees	Jubilees 50:13	https://archive.org/details/bookofjubileesor01char	1	human	personal	attested		Jubilees, tr. R.H. Charles 1917 (archive.org bookofjubileesor01char, OCR), Public Domain	0.85
Eliezer	slug:jubilees:eliezer	Eliezer, named in Jubilees		Eliezer		English	Christian	Ethiopian Orthodox Tewahedo	Jubilees	Jubilees	Jubilees 2:3	https://archive.org/details/bookofjubileesor01char	14	human	personal	attested		Jubilees, tr. R.H. Charles 1917 (archive.org bookofjubileesor01char, OCR), Public Domain	0.85
Enoch	Q213027	Enoch, biblical figure, son of Jared	boy	Enoch		English	Christian	Ethiopian Orthodox Tewahedo	Jubilees	Jubilees	Jubilees 2:3	https://archive.org/details/bookofjubileesor01char	76	human	personal	attested	Wikidata	Jubilees, tr. R.H. Charles 1917 (archive.org bookofjubileesor01char, OCR), Public Domain + Wikidata (CC0)	0.85
Enos	slug:jubilees:enos	Enos, named in Jubilees		Enos		English	Christian	Ethiopian Orthodox Tewahedo	Jubilees	Jubilees	Jubilees 4:12	https://archive.org/details/bookofjubileesor01char	5	human	personal	attested		Jubilees, tr. R.H. Charles 1917 (archive.org bookofjubileesor01char, OCR), Public Domain	0.85
Eri	slug:jubilees:eri	Eri, named in Jubilees		Eri		English	Christian	Ethiopian Orthodox Tewahedo	Jubilees	Jubilees	Jubilees 44:20	https://archive.org/details/bookofjubileesor01char	2	human	personal	attested		Jubilees, tr. R.H. Charles 1917 (archive.org bookofjubileesor01char, OCR), Public Domain	0.85
Esau	slug:jubilees:esau	Esau, named in Jubilees	boy	Esau		English	Christian	Ethiopian Orthodox Tewahedo	Jubilees	Jubilees	Jubilees 15:30	https://archive.org/details/bookofjubileesor01char	79	human	personal	attested		Jubilees, tr. R.H. Charles 1917 (archive.org bookofjubileesor01char, OCR), Public Domain	0.85
Ezbon	slug:jubilees:ezbon	Ezbon, named in Jubilees		Ezbon		English	Christian	Ethiopian Orthodox Tewahedo	Jubilees	Jubilees	Jubilees 44:20	https://archive.org/details/bookofjubileesor01char	2	human	personal	attested		Jubilees, tr. R.H. Charles 1917 (archive.org bookofjubileesor01char, OCR), Public Domain	0.85
Ezra	Q191787	Ezra, Priest	boy	Ezra		English	Christian	Ethiopian Orthodox Tewahedo	Jubilees	Jubilees	Jubilees 2:10	https://archive.org/details/bookofjubileesor01char	16	human	personal	attested	same figure as the Bible's Ezra	Jubilees, tr. R.H. Charles 1917 (archive.org bookofjubileesor01char, OCR), Public Domain	0.85
Gera	slug:jubilees:gera	Gera, named in Jubilees		Gera		English	Christian	Ethiopian Orthodox Tewahedo	Jubilees	Jubilees	Jubilees 44:25	https://archive.org/details/bookofjubileesor01char	2	human	personal	attested		Jubilees, tr. R.H. Charles 1917 (archive.org bookofjubileesor01char, OCR), Public Domain	0.85
Gershon	slug:jubilees:gershon	Gershon, named in Jubilees		Gershon		English	Christian	Ethiopian Orthodox Tewahedo	Jubilees	Jubilees	Jubilees 44:14	https://archive.org/details/bookofjubileesor01char	2	human	personal	attested		Jubilees, tr. R.H. Charles 1917 (archive.org bookofjubileesor01char, OCR), Public Domain	0.85
Gomer	slug:jubilees:gomer	Gomer, named in Jubilees		Gomer		English	Christian	Ethiopian Orthodox Tewahedo	Jubilees	Jubilees	Jubilees 6–7	https://archive.org/details/bookofjubileesor01char	3	human	personal	attested		Jubilees, tr. R.H. Charles 1917 (archive.org bookofjubileesor01char, OCR), Public Domain	0.85
Guni	slug:jubilees:guni	Guni, named in Jubilees		Guni		English	Christian	Ethiopian Orthodox Tewahedo	Jubilees	Jubilees	Jubilees 44:30	https://archive.org/details/bookofjubileesor01char	2	human	personal	attested		Jubilees, tr. R.H. Charles 1917 (archive.org bookofjubileesor01char, OCR), Public Domain	0.85
Hadar	slug:jubilees:hadar	Hadar, named in Jubilees		Hadar		English	Christian	Ethiopian Orthodox Tewahedo	Jubilees	Jubilees	Jubilees 39:2	https://archive.org/details/bookofjubileesor01char	1	human	personal	attested		Jubilees, tr. R.H. Charles 1917 (archive.org bookofjubileesor01char, OCR), Public Domain	0.85
Hagar	slug:jubilees:hagar	Hagar, named in Jubilees	girl	Hagar		English	Christian	Ethiopian Orthodox Tewahedo	Jubilees	Jubilees	Jubilees 13–14	https://archive.org/details/bookofjubileesor01char	13	human	personal	attested		Jubilees, tr. R.H. Charles 1917 (archive.org bookofjubileesor01char, OCR), Public Domain	0.85
Hamor	slug:jubilees:hamor	Hamor, named in Jubilees		Hamor		English	Christian	Ethiopian Orthodox Tewahedo	Jubilees	Jubilees	Jubilees 30:2	https://archive.org/details/bookofjubileesor01char	3	human	personal	attested		Jubilees, tr. R.H. Charles 1917 (archive.org bookofjubileesor01char, OCR), Public Domain	0.85
Harass	slug:jubilees:harass	Harass, named in Jubilees	boy	Harass		English	Christian	Ethiopian Orthodox Tewahedo	Jubilees	Jubilees	Jubilees 13–14	https://archive.org/details/bookofjubileesor01char	1	human	personal	attested		Jubilees, tr. R.H. Charles 1917 (archive.org bookofjubileesor01char, OCR), Public Domain	0.85
Heber	slug:jubilees:heber	Heber, named in Jubilees		Heber		English	Christian	Ethiopian Orthodox Tewahedo	Jubilees	Jubilees	Jubilees 12:29	https://archive.org/details/bookofjubileesor01char	2	human	personal	attested		Jubilees, tr. R.H. Charles 1917 (archive.org bookofjubileesor01char, OCR), Public Domain	0.85
Heth	slug:jubilees:heth	Heth, named in Jubilees		Heth		English	Christian	Ethiopian Orthodox Tewahedo	Jubilees	Jubilees	Jubilees 19:4	https://archive.org/details/bookofjubileesor01char	4	human	personal	attested		Jubilees, tr. R.H. Charles 1917 (archive.org bookofjubileesor01char, OCR), Public Domain	0.85
Huppim	slug:jubilees:huppim	Huppim, named in Jubilees		Huppim		English	Christian	Ethiopian Orthodox Tewahedo	Jubilees	Jubilees	Jubilees 44:25	https://archive.org/details/bookofjubileesor01char	2	human	personal	attested		Jubilees, tr. R.H. Charles 1917 (archive.org bookofjubileesor01char, OCR), Public Domain	0.85
Husham	slug:jubilees:husham	Husham, named in Jubilees		Husham		English	Christian	Ethiopian Orthodox Tewahedo	Jubilees	Jubilees	Jubilees 39:2	https://archive.org/details/bookofjubileesor01char	1	human	personal	attested		Jubilees, tr. R.H. Charles 1917 (archive.org bookofjubileesor01char, OCR), Public Domain	0.85
Hushim	slug:jubilees:hushim	Hushim, named in Jubilees		Hushim		English	Christian	Ethiopian Orthodox Tewahedo	Jubilees	Jubilees	Jubilees 44:28	https://archive.org/details/bookofjubileesor01char	4	human	personal	attested		Jubilees, tr. R.H. Charles 1917 (archive.org bookofjubileesor01char, OCR), Public Domain	0.85
Imnah	slug:jubilees:imnah	Imnah, named in Jubilees		Imnah		English	Christian	Ethiopian Orthodox Tewahedo	Jubilees	Jubilees	Jubilees 44:21	https://archive.org/details/bookofjubileesor01char	2	human	personal	attested		Jubilees, tr. R.H. Charles 1917 (archive.org bookofjubileesor01char, OCR), Public Domain	0.85
Ins	slug:jubilees:ins	Ins, named in Jubilees		Ins		English	Christian	Ethiopian Orthodox Tewahedo	Jubilees	Jubilees	Jubilees 44:14	https://archive.org/details/bookofjubileesor01char	1	human	personal	attested		Jubilees, tr. R.H. Charles 1917 (archive.org bookofjubileesor01char, OCR), Public Domain	0.85
Isaac	Q671872	Isaac, son of Abraham	boy	Isaac		English	Christian	Ethiopian Orthodox Tewahedo	Jubilees	Jubilees	Jubilees 1:7	https://archive.org/details/bookofjubileesor01char	141	human	personal	attested	same figure as the Bible's Isaac	Jubilees, tr. R.H. Charles 1917 (archive.org bookofjubileesor01char, OCR), Public Domain	0.85
Isaiah	Q188794	Isaiah, Prophet during reigns of Uzziah	boy	Isaiah		English	Christian	Ethiopian Orthodox Tewahedo	Jubilees	Jubilees	Jubilees 1:22	https://archive.org/details/bookofjubileesor01char	2	human	personal	attested	same figure as the Bible's Isaiah	Jubilees, tr. R.H. Charles 1917 (archive.org bookofjubileesor01char, OCR), Public Domain	0.85
Iscah	slug:jubilees:iscah	Iscah, named in Jubilees		Iscah		English	Christian	Ethiopian Orthodox Tewahedo	Jubilees	Jubilees	Jubilees 9–11	https://archive.org/details/bookofjubileesor01char	1	human	personal	attested		Jubilees, tr. R.H. Charles 1917 (archive.org bookofjubileesor01char, OCR), Public Domain	0.85
Ishbak	slug:jubilees:ishbak	Ishbak, named in Jubilees		Ishbak		English	Christian	Ethiopian Orthodox Tewahedo	Jubilees	Jubilees	Jubilees 19:12	https://archive.org/details/bookofjubileesor01char	2	human	personal	attested		Jubilees, tr. R.H. Charles 1917 (archive.org bookofjubileesor01char, OCR), Public Domain	0.85
Ishmael	slug:jubilees:ishmael	Ishmael, named in Jubilees	boy	Ishmael		English	Christian	Ethiopian Orthodox Tewahedo	Jubilees	Jubilees	Jubilees 13–14	https://archive.org/details/bookofjubileesor01char	24	human	personal	attested		Jubilees, tr. R.H. Charles 1917 (archive.org bookofjubileesor01char, OCR), Public Domain	0.85
Ishvah	slug:jubilees:ishvah	Ishvah, named in Jubilees		Ishvah		English	Christian	Ethiopian Orthodox Tewahedo	Jubilees	Jubilees	Jubilees 44:21	https://archive.org/details/bookofjubileesor01char	2	human	personal	attested		Jubilees, tr. R.H. Charles 1917 (archive.org bookofjubileesor01char, OCR), Public Domain	0.85
Ishvi	slug:jubilees:ishvi	Ishvi, named in Jubilees		Ishvi		English	Christian	Ethiopian Orthodox Tewahedo	Jubilees	Jubilees	Jubilees 44:21	https://archive.org/details/bookofjubileesor01char	2	human	personal	attested		Jubilees, tr. R.H. Charles 1917 (archive.org bookofjubileesor01char, OCR), Public Domain	0.85
Israel	Q289957	Jacob (Israel), patriarch, son of Isaac	boy	Israel		English	Christian	Ethiopian Orthodox Tewahedo	Jubilees	Jubilees	Jubilees 1:1	https://archive.org/details/bookofjubileesor01char	135	human	personal	attested	same figure as the Bible's Israel	Jubilees, tr. R.H. Charles 1917 (archive.org bookofjubileesor01char, OCR), Public Domain	0.85
Issachar	slug:jubilees:issachar	Issachar, named in Jubilees		Issachar		English	Christian	Ethiopian Orthodox Tewahedo	Jubilees	Jubilees	Jubilees 28:14	https://archive.org/details/bookofjubileesor01char	7	human	personal	attested		Jubilees, tr. R.H. Charles 1917 (archive.org bookofjubileesor01char, OCR), Public Domain	0.85
Jachin	slug:jubilees:jachin	Jachin, named in Jubilees		Jachin		English	Christian	Ethiopian Orthodox Tewahedo	Jubilees	Jubilees	Jubilees 44:14	https://archive.org/details/bookofjubileesor01char	2	human	personal	attested		Jubilees, tr. R.H. Charles 1917 (archive.org bookofjubileesor01char, OCR), Public Domain	0.85
Jacob	Q289957	Jacob (Israel), patriarch, son of Isaac	boy	Jacob		English	Christian	Ethiopian Orthodox Tewahedo	Jubilees	Jubilees	Jubilees 1:7	https://archive.org/details/bookofjubileesor01char	317	human	personal	attested	same figure as the Bible's Jacob	Jubilees, tr. R.H. Charles 1917 (archive.org bookofjubileesor01char, OCR), Public Domain	0.85
Jahleel	slug:jubilees:jahleel	Jahleel, named in Jubilees		Jahleel		English	Christian	Ethiopian Orthodox Tewahedo	Jubilees	Jubilees	Jubilees 44:17	https://archive.org/details/bookofjubileesor01char	2	human	personal	attested		Jubilees, tr. R.H. Charles 1917 (archive.org bookofjubileesor01char, OCR), Public Domain	0.85
Jahziel	slug:jubilees:jahziel	Jahziel, named in Jubilees		Jahziel		English	Christian	Ethiopian Orthodox Tewahedo	Jubilees	Jubilees	Jubilees 44:30	https://archive.org/details/bookofjubileesor01char	2	human	personal	attested		Jubilees, tr. R.H. Charles 1917 (archive.org bookofjubileesor01char, OCR), Public Domain	0.85
Jamin	slug:jubilees:jamin	Jamin, named in Jubilees		Jamin		English	Christian	Ethiopian Orthodox Tewahedo	Jubilees	Jubilees	Jubilees 44:13	https://archive.org/details/bookofjubileesor01char	2	human	personal	attested		Jubilees, tr. R.H. Charles 1917 (archive.org bookofjubileesor01char, OCR), Public Domain	0.85
Japheth	slug:jubilees:japheth	Japheth, named in Jubilees		Japheth		English	Christian	Ethiopian Orthodox Tewahedo	Jubilees	Jubilees	Jubilees 4:33	https://archive.org/details/bookofjubileesor01char	15	human	personal	attested		Jubilees, tr. R.H. Charles 1917 (archive.org bookofjubileesor01char, OCR), Public Domain	0.85
Jared	slug:jubilees:jared	Jared, named in Jubilees		Jared		English	Christian	Ethiopian Orthodox Tewahedo	Jubilees	Jubilees	Jubilees 4:15	https://archive.org/details/bookofjubileesor01char	7	human	personal	attested		Jubilees, tr. R.H. Charles 1917 (archive.org bookofjubileesor01char, OCR), Public Domain	0.85
Jemuel	slug:jubilees:jemuel	Jemuel, named in Jubilees		Jemuel		English	Christian	Ethiopian Orthodox Tewahedo	Jubilees	Jubilees	Jubilees 44:13	https://archive.org/details/bookofjubileesor01char	2	human	personal	attested		Jubilees, tr. R.H. Charles 1917 (archive.org bookofjubileesor01char, OCR), Public Domain	0.85
Jewess	slug:jubilees:jewess	Jewess, named in Jubilees		Jewess		English	Christian	Ethiopian Orthodox Tewahedo	Jubilees	Jubilees	Jubilees 40–41	https://archive.org/details/bookofjubileesor01char	1	human	personal	attested		Jubilees, tr. R.H. Charles 1917 (archive.org bookofjubileesor01char, OCR), Public Domain	0.85
Jezer	slug:jubilees:jezer	Jezer, named in Jubilees		Jezer		English	Christian	Ethiopian Orthodox Tewahedo	Jubilees	Jubilees	Jubilees 44:30	https://archive.org/details/bookofjubileesor01char	2	human	personal	attested		Jubilees, tr. R.H. Charles 1917 (archive.org bookofjubileesor01char, OCR), Public Domain	0.85
Jobab	slug:jubilees:jobab	Jobab, named in Jubilees	boy	Jobab		English	Christian	Ethiopian Orthodox Tewahedo	Jubilees	Jubilees	Jubilees 38:17	https://archive.org/details/bookofjubileesor01char	2	human	personal	attested		Jubilees, tr. R.H. Charles 1917 (archive.org bookofjubileesor01char, OCR), Public Domain	0.85
Jochebed	slug:jubilees:jochebed	Jochebed, named in Jubilees	girl	Jochebed		English	Christian	Ethiopian Orthodox Tewahedo	Jubilees	Jubilees	Jubilees 47:8	https://archive.org/details/bookofjubileesor01char	2	human	personal	attested		Jubilees, tr. R.H. Charles 1917 (archive.org bookofjubileesor01char, OCR), Public Domain	0.85
John	slug:jubilees:john	John, named in Jubilees		John		English	Christian	Ethiopian Orthodox Tewahedo	Jubilees	Jubilees	Jubilees 2:30	https://archive.org/details/bookofjubileesor01char	9	human	personal	attested		Jubilees, tr. R.H. Charles 1917 (archive.org bookofjubileesor01char, OCR), Public Domain	0.85
Jokshan	slug:jubilees:jokshan	Jokshan, named in Jubilees		Jokshan		English	Christian	Ethiopian Orthodox Tewahedo	Jubilees	Jubilees	Jubilees 19:12	https://archive.org/details/bookofjubileesor01char	2	human	personal	attested		Jubilees, tr. R.H. Charles 1917 (archive.org bookofjubileesor01char, OCR), Public Domain	0.85
Jonathan	slug:jubilees:jonathan	Jonathan, named in Jubilees		Jonathan		English	Christian	Ethiopian Orthodox Tewahedo	Jubilees	Jubilees	Jubilees 34–37	https://archive.org/details/bookofjubileesor01char	1	human	personal	attested		Jubilees, tr. R.H. Charles 1917 (archive.org bookofjubileesor01char, OCR), Public Domain	0.85
Joseph	slug:jubilees:joseph	Joseph, named in Jubilees	boy	Joseph		English	Christian	Ethiopian Orthodox Tewahedo	Jubilees	Jubilees	Jubilees 28:14	https://archive.org/details/bookofjubileesor01char	100	human	personal	attested		Jubilees, tr. R.H. Charles 1917 (archive.org bookofjubileesor01char, OCR), Public Domain	0.85
Judas	slug:jubilees:judas	Judas, named in Jubilees		Judas		English	Christian	Ethiopian Orthodox Tewahedo	Jubilees	Jubilees	Jubilees 29:16	https://archive.org/details/bookofjubileesor01char	5	human	personal	attested		Jubilees, tr. R.H. Charles 1917 (archive.org bookofjubileesor01char, OCR), Public Domain	0.85
Karnebo	slug:jubilees:karnebo	Karnebo, named in Jubilees		Karnebo		English	Christian	Ethiopian Orthodox Tewahedo	Jubilees	Jubilees	Jubilees 9–11	https://archive.org/details/bookofjubileesor01char	1	human	personal	attested		Jubilees, tr. R.H. Charles 1917 (archive.org bookofjubileesor01char, OCR), Public Domain	0.85
Kcuben	slug:jubilees:kcuben	Kcuben, named in Jubilees		Kcuben		English	Christian	Ethiopian Orthodox Tewahedo	Jubilees	Jubilees	Jubilees 50:13	https://archive.org/details/bookofjubileesor01char	1	human	personal	attested		Jubilees, tr. R.H. Charles 1917 (archive.org bookofjubileesor01char, OCR), Public Domain	0.85
Kenan	Q844433	Kenan, Son of Enosh	boy	Kenan		English	Christian	Ethiopian Orthodox Tewahedo	Jubilees	Jubilees	Jubilees 4:13	https://archive.org/details/bookofjubileesor01char	5	human	personal	attested	Wikidata	Jubilees, tr. R.H. Charles 1917 (archive.org bookofjubileesor01char, OCR), Public Domain + Wikidata (CC0)	0.85
Ketu	slug:jubilees:ketu	Ketu, named in Jubilees		Ketu		English	Christian	Ethiopian Orthodox Tewahedo	Jubilees	Jubilees	Jubilees 23:7	https://archive.org/details/bookofjubileesor01char	1	human	personal	attested		Jubilees, tr. R.H. Charles 1917 (archive.org bookofjubileesor01char, OCR), Public Domain	0.85
Keturah	slug:jubilees:keturah	Keturah, named in Jubilees		Keturah		English	Christian	Ethiopian Orthodox Tewahedo	Jubilees	Jubilees	Jubilees 16:17	https://archive.org/details/bookofjubileesor01char	9	human	personal	attested		Jubilees, tr. R.H. Charles 1917 (archive.org bookofjubileesor01char, OCR), Public Domain	0.85
Kohath	slug:jubilees:kohath	Kohath, named in Jubilees		Kohath		English	Christian	Ethiopian Orthodox Tewahedo	Jubilees	Jubilees	Jubilees 44:14	https://archive.org/details/bookofjubileesor01char	2	human	personal	attested		Jubilees, tr. R.H. Charles 1917 (archive.org bookofjubileesor01char, OCR), Public Domain	0.85
Laban	slug:jubilees:laban	Laban, named in Jubilees	boy	Laban		English	Christian	Ethiopian Orthodox Tewahedo	Jubilees	Jubilees	Jubilees 19:10	https://archive.org/details/bookofjubileesor01char	30	human	personal	attested		Jubilees, tr. R.H. Charles 1917 (archive.org bookofjubileesor01char, OCR), Public Domain	0.85
Lamech	slug:jubilees:lamech	Lamech, named in Jubilees	boy	Lamech		English	Christian	Ethiopian Orthodox Tewahedo	Jubilees	Jubilees	Jubilees 4:27	https://archive.org/details/bookofjubileesor01char	7	human	personal	attested		Jubilees, tr. R.H. Charles 1917 (archive.org bookofjubileesor01char, OCR), Public Domain	0.85
Leah	Q128847	Leah, Wife of Jacob	girl	Leah		English	Christian	Ethiopian Orthodox Tewahedo	Jubilees	Jubilees	Jubilees 27:27	https://archive.org/details/bookofjubileesor01char	31	human	personal	attested	same figure as the Bible's Leah	Jubilees, tr. R.H. Charles 1917 (archive.org bookofjubileesor01char, OCR), Public Domain	0.85
Levi	slug:jubilees:levi	Levi, named in Jubilees	boy	Levi		English	Christian	Ethiopian Orthodox Tewahedo	Jubilees	Jubilees	Jubilees 20–21	https://archive.org/details/bookofjubileesor01char	55	human	personal	attested		Jubilees, tr. R.H. Charles 1917 (archive.org bookofjubileesor01char, OCR), Public Domain	0.85
Lomna	slug:jubilees:lomna	Lomna, named in Jubilees		Lomna		English	Christian	Ethiopian Orthodox Tewahedo	Jubilees	Jubilees	Jubilees 50:14	https://archive.org/details/bookofjubileesor01char	1	human	personal	attested		Jubilees, tr. R.H. Charles 1917 (archive.org bookofjubileesor01char, OCR), Public Domain	0.85
Lubar	slug:jubilees:lubar	Lubar, named in Jubilees		Lubar		English	Christian	Ethiopian Orthodox Tewahedo	Jubilees	Jubilees	Jubilees 4:30	https://archive.org/details/bookofjubileesor01char	7	human	personal	attested		Jubilees, tr. R.H. Charles 1917 (archive.org bookofjubileesor01char, OCR), Public Domain	0.85
Lud	slug:jubilees:lud	Lud, named in Jubilees		Lud		English	Christian	Ethiopian Orthodox Tewahedo	Jubilees	Jubilees	Jubilees 6–7	https://archive.org/details/bookofjubileesor01char	5	human	personal	attested		Jubilees, tr. R.H. Charles 1917 (archive.org bookofjubileesor01char, OCR), Public Domain	0.85
Luke	slug:jubilees:luke	Luke, named in Jubilees		Luke		English	Christian	Ethiopian Orthodox Tewahedo	Jubilees	Jubilees	Jubilees 8:2	https://archive.org/details/bookofjubileesor01char	2	human	personal	attested		Jubilees, tr. R.H. Charles 1917 (archive.org bookofjubileesor01char, OCR), Public Domain	0.85
Madai	slug:jubilees:madai	Madai, named in Jubilees	boy	Madai		English	Christian	Ethiopian Orthodox Tewahedo	Jubilees	Jubilees	Jubilees 6–7	https://archive.org/details/bookofjubileesor01char	6	human	personal	attested		Jubilees, tr. R.H. Charles 1917 (archive.org bookofjubileesor01char, OCR), Public Domain	0.85
Mahalalel	Q10297002	Mahalalel, Son of Kenan, Grandson of Enos, Great Grandson of Seth, Great Great Grandson of Adam and Eve	boy	Mahalalel		English	Christian	Ethiopian Orthodox Tewahedo	Jubilees	Jubilees	Jubilees 4:14	https://archive.org/details/bookofjubileesor01char	5	human	personal	attested	Wikidata	Jubilees, tr. R.H. Charles 1917 (archive.org bookofjubileesor01char, OCR), Public Domain + Wikidata (CC0)	0.85
Mahalath	slug:jubilees:mahalath	Mahalath, named in Jubilees	girl	Mahalath		English	Christian	Ethiopian Orthodox Tewahedo	Jubilees	Jubilees	Jubilees 29:18	https://archive.org/details/bookofjubileesor01char	2	human	personal	attested		Jubilees, tr. R.H. Charles 1917 (archive.org bookofjubileesor01char, OCR), Public Domain	0.85
Manasseh	slug:jubilees:manasseh	Manasseh, named in Jubilees		Manasseh		English	Christian	Ethiopian Orthodox Tewahedo	Jubilees	Jubilees	Jubilees 44:24	https://archive.org/details/bookofjubileesor01char	2	human	personal	attested		Jubilees, tr. R.H. Charles 1917 (archive.org bookofjubileesor01char, OCR), Public Domain	0.85
Mas	slug:jubilees:mas	Mas, named in Jubilees		Mas		English	Christian	Ethiopian Orthodox Tewahedo	Jubilees	Jubilees	Jubilees 13–14	https://archive.org/details/bookofjubileesor01char	1	human	personal	attested		Jubilees, tr. R.H. Charles 1917 (archive.org bookofjubileesor01char, OCR), Public Domain	0.85
Maste'ma	slug:jubilees:mastema	Maste'ma, named in Jubilees		Maste'ma		English	Christian	Ethiopian Orthodox Tewahedo	Jubilees	Jubilees	Jubilees 9–11	https://archive.org/details/bookofjubileesor01char	2	human	personal	attested		Jubilees, tr. R.H. Charles 1917 (archive.org bookofjubileesor01char, OCR), Public Domain	0.85
Mastema	Q2737169	Mastema, angel who persecutes evil in the Book of Jubilees		Mastema		English	Christian	Ethiopian Orthodox Tewahedo	Jubilees	Jubilees	Jubilees 9–11	https://archive.org/details/bookofjubileesor01char	11	angel	personal	attested	Wikidata	Jubilees, tr. R.H. Charles 1917 (archive.org bookofjubileesor01char, OCR), Public Domain + Wikidata (CC0)	0.85
Matarat	slug:jubilees:matarat	Matarat, named in Jubilees		Matarat		English	Christian	Ethiopian Orthodox Tewahedo	Jubilees	Jubilees	Jubilees 38:23	https://archive.org/details/bookofjubileesor01char	1	human	personal	attested		Jubilees, tr. R.H. Charles 1917 (archive.org bookofjubileesor01char, OCR), Public Domain	0.85
Medan	slug:jubilees:medan	Medan, named in Jubilees		Medan		English	Christian	Ethiopian Orthodox Tewahedo	Jubilees	Jubilees	Jubilees 19:12	https://archive.org/details/bookofjubileesor01char	2	human	personal	attested		Jubilees, tr. R.H. Charles 1917 (archive.org bookofjubileesor01char, OCR), Public Domain	0.85
Mehetabel	slug:jubilees:mehetabel	Mehetabel, named in Jubilees		Mehetabel		English	Christian	Ethiopian Orthodox Tewahedo	Jubilees	Jubilees	Jubilees 39:2	https://archive.org/details/bookofjubileesor01char	1	human	personal	attested		Jubilees, tr. R.H. Charles 1917 (archive.org bookofjubileesor01char, OCR), Public Domain	0.85
Melchizedek	slug:jubilees:melchizedek	Melchizedek, named in Jubilees		Melchizedek		English	Christian	Ethiopian Orthodox Tewahedo	Jubilees	Jubilees	Jubilees 13–14	https://archive.org/details/bookofjubileesor01char	3	human	personal	attested		Jubilees, tr. R.H. Charles 1917 (archive.org bookofjubileesor01char, OCR), Public Domain	0.85
Melka	slug:jubilees:melka	Melka, named in Jubilees		Melka		English	Christian	Ethiopian Orthodox Tewahedo	Jubilees	Jubilees	Jubilees 34–37	https://archive.org/details/bookofjubileesor01char	3	human	personal	attested		Jubilees, tr. R.H. Charles 1917 (archive.org bookofjubileesor01char, OCR), Public Domain	0.85
Metab	slug:jubilees:metab	Metab, named in Jubilees		Metab		English	Christian	Ethiopian Orthodox Tewahedo	Jubilees	Jubilees	Jubilees 38:23	https://archive.org/details/bookofjubileesor01char	1	human	personal	attested		Jubilees, tr. R.H. Charles 1917 (archive.org bookofjubileesor01char, OCR), Public Domain	0.85
Methuselah	Q156290	Methuselah, The oldest person mentioned in the Bible	boy	Methuselah		English	Christian	Ethiopian Orthodox Tewahedo	Jubilees	Jubilees	Jubilees 4:20	https://archive.org/details/bookofjubileesor01char	7	human	personal	attested	Wikidata	Jubilees, tr. R.H. Charles 1917 (archive.org bookofjubileesor01char, OCR), Public Domain + Wikidata (CC0)	0.85
Mglka	slug:jubilees:mglka	Mglka, named in Jubilees		Mglka		English	Christian	Ethiopian Orthodox Tewahedo	Jubilees	Jubilees	Jubilees 9–11	https://archive.org/details/bookofjubileesor01char	1	human	personal	attested		Jubilees, tr. R.H. Charles 1917 (archive.org bookofjubileesor01char, OCR), Public Domain	0.85
Michael	Q45581	Michael, archangel		Michael		English	Christian	Ethiopian Orthodox Tewahedo	Jubilees	Jubilees	Jubilees 1:28	https://archive.org/details/bookofjubileesor01char	2	angel	personal	attested	identified by this text's own context	Jubilees, tr. R.H. Charles 1917 (archive.org bookofjubileesor01char, OCR), Public Domain	0.85
Milcah	slug:jubilees:milcah	Milcah, named in Jubilees		Milcah		English	Christian	Ethiopian Orthodox Tewahedo	Jubilees	Jubilees	Jubilees 9–11	https://archive.org/details/bookofjubileesor01char	2	human	personal	attested		Jubilees, tr. R.H. Charles 1917 (archive.org bookofjubileesor01char, OCR), Public Domain	0.85
Miriam	slug:jubilees:miriam	Miriam, named in Jubilees		Miriam		English	Christian	Ethiopian Orthodox Tewahedo	Jubilees	Jubilees	Jubilees 47:4	https://archive.org/details/bookofjubileesor01char	1	human	personal	attested		Jubilees, tr. R.H. Charles 1917 (archive.org bookofjubileesor01char, OCR), Public Domain	0.85
Moses	Q9077	Moses, prophet who led the Israelites out of Egypt	boy	Moses		English	Christian	Ethiopian Orthodox Tewahedo	Jubilees	Jubilees	Jubilees 1:2	https://archive.org/details/bookofjubileesor01char	30	human	personal	attested	same figure as the Bible's Moses	Jubilees, tr. R.H. Charles 1917 (archive.org bookofjubileesor01char, OCR), Public Domain	0.85
Mu'ak	slug:jubilees:muak	Mu'ak, named in Jubilees		Mu'ak		English	Christian	Ethiopian Orthodox Tewahedo	Jubilees	Jubilees	Jubilees 8:6	https://archive.org/details/bookofjubileesor01char	2	human	personal	attested		Jubilees, tr. R.H. Charles 1917 (archive.org bookofjubileesor01char, OCR), Public Domain	0.85
Mualeleth	slug:jubilees:mualeleth	Mualeleth, named in Jubilees		Mualeleth		English	Christian	Ethiopian Orthodox Tewahedo	Jubilees	Jubilees	Jubilees 50:14	https://archive.org/details/bookofjubileesor01char	1	human	personal	attested		Jubilees, tr. R.H. Charles 1917 (archive.org bookofjubileesor01char, OCR), Public Domain	0.85
Muppim	slug:jubilees:muppim	Muppim, named in Jubilees		Muppim		English	Christian	Ethiopian Orthodox Tewahedo	Jubilees	Jubilees	Jubilees 44:25	https://archive.org/details/bookofjubileesor01char	2	human	personal	attested		Jubilees, tr. R.H. Charles 1917 (archive.org bookofjubileesor01char, OCR), Public Domain	0.85
Naaman	slug:jubilees:naaman	Naaman, named in Jubilees		Naaman		English	Christian	Ethiopian Orthodox Tewahedo	Jubilees	Jubilees	Jubilees 44:25	https://archive.org/details/bookofjubileesor01char	2	human	personal	attested		Jubilees, tr. R.H. Charles 1917 (archive.org bookofjubileesor01char, OCR), Public Domain	0.85
Nahor	slug:jubilees:nahor	Nahor, named in Jubilees	boy	Nahor		English	Christian	Ethiopian Orthodox Tewahedo	Jubilees	Jubilees	Jubilees 9–11	https://archive.org/details/bookofjubileesor01char	8	human	personal	attested		Jubilees, tr. R.H. Charles 1917 (archive.org bookofjubileesor01char, OCR), Public Domain	0.85
Ne'stag	slug:jubilees:nestag	Ne'stag, named in Jubilees		Ne'stag		English	Christian	Ethiopian Orthodox Tewahedo	Jubilees	Jubilees	Jubilees 9–11	https://archive.org/details/bookofjubileesor01char	1	human	personal	attested		Jubilees, tr. R.H. Charles 1917 (archive.org bookofjubileesor01char, OCR), Public Domain	0.85
Nebaioth	slug:jubilees:nebaioth	Nebaioth, named in Jubilees		Nebaioth		English	Christian	Ethiopian Orthodox Tewahedo	Jubilees	Jubilees	Jubilees 17:14	https://archive.org/details/bookofjubileesor01char	1	human	personal	attested		Jubilees, tr. R.H. Charles 1917 (archive.org bookofjubileesor01char, OCR), Public Domain	0.85
Nehemiah	slug:jubilees:nehemiah	Nehemiah, named in Jubilees		Nehemiah		English	Christian	Ethiopian Orthodox Tewahedo	Jubilees	Jubilees	Jubilees 50:12	https://archive.org/details/bookofjubileesor01char	1	human	personal	attested		Jubilees, tr. R.H. Charles 1917 (archive.org bookofjubileesor01char, OCR), Public Domain	0.85
Nimrod	slug:jubilees:nimrod	Nimrod, named in Jubilees		Nimrod		English	Christian	Ethiopian Orthodox Tewahedo	Jubilees	Jubilees	Jubilees 12:7	https://archive.org/details/bookofjubileesor01char	1	human	personal	attested		Jubilees, tr. R.H. Charles 1917 (archive.org bookofjubileesor01char, OCR), Public Domain	0.85
Noah	Q81422	Noah, survivor of the Flood	boy	Noah		English	Christian	Ethiopian Orthodox Tewahedo	Jubilees	Jubilees	Jubilees 4:12	https://archive.org/details/bookofjubileesor01char	76	human	personal	attested	same figure as the Bible's Noah	Jubilees, tr. R.H. Charles 1917 (archive.org bookofjubileesor01char, OCR), Public Domain	0.85
Noam	slug:jubilees:noam	Noam, named in Jubilees		Noam		English	Christian	Ethiopian Orthodox Tewahedo	Jubilees	Jubilees	Jubilees 50:14	https://archive.org/details/bookofjubileesor01char	1	human	personal	attested		Jubilees, tr. R.H. Charles 1917 (archive.org bookofjubileesor01char, OCR), Public Domain	0.85
Ohad	slug:jubilees:ohad	Ohad, named in Jubilees		Ohad		English	Christian	Ethiopian Orthodox Tewahedo	Jubilees	Jubilees	Jubilees 44:13	https://archive.org/details/bookofjubileesor01char	2	human	personal	attested		Jubilees, tr. R.H. Charles 1917 (archive.org bookofjubileesor01char, OCR), Public Domain	0.85
Onan	slug:jubilees:onan	Onan, named in Jubilees	boy	Onan		English	Christian	Ethiopian Orthodox Tewahedo	Jubilees	Jubilees	Jubilees 40–41	https://archive.org/details/bookofjubileesor01char	4	human	personal	attested		Jubilees, tr. R.H. Charles 1917 (archive.org bookofjubileesor01char, OCR), Public Domain	0.85
Pallu	slug:jubilees:pallu	Pallu, named in Jubilees		Pallu		English	Christian	Ethiopian Orthodox Tewahedo	Jubilees	Jubilees	Jubilees 44:12	https://archive.org/details/bookofjubileesor01char	2	human	personal	attested		Jubilees, tr. R.H. Charles 1917 (archive.org bookofjubileesor01char, OCR), Public Domain	0.85
Pcicg	slug:jubilees:pcicg	Pcicg, named in Jubilees		Pcicg		English	Christian	Ethiopian Orthodox Tewahedo	Jubilees	Jubilees	Jubilees 50:14	https://archive.org/details/bookofjubileesor01char	1	human	personal	attested		Jubilees, tr. R.H. Charles 1917 (archive.org bookofjubileesor01char, OCR), Public Domain	0.85
Peleg	slug:jubilees:peleg	Peleg, named in Jubilees		Peleg		English	Christian	Ethiopian Orthodox Tewahedo	Jubilees	Jubilees	Jubilees 8:8	https://archive.org/details/bookofjubileesor01char	5	human	personal	attested		Jubilees, tr. R.H. Charles 1917 (archive.org bookofjubileesor01char, OCR), Public Domain	0.85
Perez	slug:jubilees:perez	Perez, named in Jubilees		Perez		English	Christian	Ethiopian Orthodox Tewahedo	Jubilees	Jubilees	Jubilees 40–41	https://archive.org/details/bookofjubileesor01char	3	human	personal	attested		Jubilees, tr. R.H. Charles 1917 (archive.org bookofjubileesor01char, OCR), Public Domain	0.85
Pharaoh	slug:jubilees:pharaoh	Pharaoh, named in Jubilees		Pharaoh		English	Christian	Ethiopian Orthodox Tewahedo	Jubilees	Jubilees	Jubilees 13–14	https://archive.org/details/bookofjubileesor01char	35	human	personal	attested		Jubilees, tr. R.H. Charles 1917 (archive.org bookofjubileesor01char, OCR), Public Domain	0.85
Phicol	slug:jubilees:phicol	Phicol, named in Jubilees		Phicol		English	Christian	Ethiopian Orthodox Tewahedo	Jubilees	Jubilees	Jubilees 24:26	https://archive.org/details/bookofjubileesor01char	2	human	personal	attested		Jubilees, tr. R.H. Charles 1917 (archive.org bookofjubileesor01char, OCR), Public Domain	0.85
Philistine	slug:jubilees:philistine	Philistine, named in Jubilees		Philistine		English	Christian	Ethiopian Orthodox Tewahedo	Jubilees	Jubilees	Jubilees 24:32	https://archive.org/details/bookofjubileesor01char	1	human	personal	attested		Jubilees, tr. R.H. Charles 1917 (archive.org bookofjubileesor01char, OCR), Public Domain	0.85
Potiphar	slug:jubilees:potiphar	Potiphar, named in Jubilees	girl	Potiphar		English	Christian	Ethiopian Orthodox Tewahedo	Jubilees	Jubilees	Jubilees 34–37	https://archive.org/details/bookofjubileesor01char	7	human	personal	attested		Jubilees, tr. R.H. Charles 1917 (archive.org bookofjubileesor01char, OCR), Public Domain	0.85
Potiphera	slug:jubilees:potiphera	Potiphera, named in Jubilees		Potiphera		English	Christian	Ethiopian Orthodox Tewahedo	Jubilees	Jubilees	Jubilees 40–41	https://archive.org/details/bookofjubileesor01char	2	human	personal	attested		Jubilees, tr. R.H. Charles 1917 (archive.org bookofjubileesor01char, OCR), Public Domain	0.85
Puvah	slug:jubilees:puvah	Puvah, named in Jubilees		Puvah		English	Christian	Ethiopian Orthodox Tewahedo	Jubilees	Jubilees	Jubilees 44:27	https://archive.org/details/bookofjubileesor01char	1	human	personal	attested		Jubilees, tr. R.H. Charles 1917 (archive.org bookofjubileesor01char, OCR), Public Domain	0.85
Rachel	Q207389	Rachel, Wife of Jacob	girl	Rachel		English	Christian	Ethiopian Orthodox Tewahedo	Jubilees	Jubilees	Jubilees 27:27	https://archive.org/details/bookofjubileesor01char	33	human	personal	attested	same figure as the Bible's Rachel	Jubilees, tr. R.H. Charles 1917 (archive.org bookofjubileesor01char, OCR), Public Domain	0.85
Rafa	slug:jubilees:rafa	Rafa, named in Jubilees		Rafa		English	Christian	Ethiopian Orthodox Tewahedo	Jubilees	Jubilees	Jubilees 8:12	https://archive.org/details/bookofjubileesor01char	4	human	personal	attested		Jubilees, tr. R.H. Charles 1917 (archive.org bookofjubileesor01char, OCR), Public Domain	0.85
Rake'el	slug:jubilees:rakeel	Rake'el, named in Jubilees		Rake'el		English	Christian	Ethiopian Orthodox Tewahedo	Jubilees	Jubilees	Jubilees 50:14	https://archive.org/details/bookofjubileesor01char	1	human	personal	attested		Jubilees, tr. R.H. Charles 1917 (archive.org bookofjubileesor01char, OCR), Public Domain	0.85
Raphael	Q56951	Raphael, Raphael (archangel)		Raphael		English	Christian	Ethiopian Orthodox Tewahedo	Jubilees	Jubilees	Jubilees 9–11	https://archive.org/details/bookofjubileesor01char	2	angel	personal	attested	identified by this text's own context	Jubilees, tr. R.H. Charles 1917 (archive.org bookofjubileesor01char, OCR), Public Domain	0.85
Rasu'eja	slug:jubilees:rasueja	Rasu'eja, named in Jubilees		Rasu'eja		English	Christian	Ethiopian Orthodox Tewahedo	Jubilees	Jubilees	Jubilees 50:14	https://archive.org/details/bookofjubileesor01char	1	human	personal	attested		Jubilees, tr. R.H. Charles 1917 (archive.org bookofjubileesor01char, OCR), Public Domain	0.85
Rasuial	slug:jubilees:rasuial	Rasuial, named in Jubilees		Rasuial		English	Christian	Ethiopian Orthodox Tewahedo	Jubilees	Jubilees	Jubilees 4:17	https://archive.org/details/bookofjubileesor01char	1	human	personal	attested		Jubilees, tr. R.H. Charles 1917 (archive.org bookofjubileesor01char, OCR), Public Domain	0.85
Rebecca	Q226664	Rebekah, Wife of Isaac	girl	Rebecca		English	Christian	Ethiopian Orthodox Tewahedo	Jubilees	Jubilees	Jubilees 19:10	https://archive.org/details/bookofjubileesor01char	47	human	personal	attested	same figure as the Bible's Rebecca	Jubilees, tr. R.H. Charles 1917 (archive.org bookofjubileesor01char, OCR), Public Domain	0.85
Reu	Q2040793	Reu, Son of Peleg	boy	Reu		English	Christian	Ethiopian Orthodox Tewahedo	Jubilees	Jubilees	Jubilees 9–11	https://archive.org/details/bookofjubileesor01char	9	human	personal	attested	Wikidata	Jubilees, tr. R.H. Charles 1917 (archive.org bookofjubileesor01char, OCR), Public Domain + Wikidata (CC0)	0.85
Reuben	Q625661	Reuben, Firstborn son of Jacob and Leah	boy	Reuben		English	Christian	Ethiopian Orthodox Tewahedo	Jubilees	Jubilees	Jubilees 28:11	https://archive.org/details/bookofjubileesor01char	21	human	personal	attested	same figure as the Bible's Reuben	Jubilees, tr. R.H. Charles 1917 (archive.org bookofjubileesor01char, OCR), Public Domain	0.85
Sadducean	slug:jubilees:sadducean	Sadducean, named in Jubilees		Sadducean		English	Christian	Ethiopian Orthodox Tewahedo	Jubilees	Jubilees	Jubilees 6–7	https://archive.org/details/bookofjubileesor01char	2	human	personal	attested		Jubilees, tr. R.H. Charles 1917 (archive.org bookofjubileesor01char, OCR), Public Domain	0.85
Samlah	slug:jubilees:samlah	Samlah, named in Jubilees		Samlah		English	Christian	Ethiopian Orthodox Tewahedo	Jubilees	Jubilees	Jubilees 39:2	https://archive.org/details/bookofjubileesor01char	1	human	personal	attested		Jubilees, tr. R.H. Charles 1917 (archive.org bookofjubileesor01char, OCR), Public Domain	0.85
Sarah	Q194808	Sarah, Wife of Abraham	girl	Sarah		English	Christian	Ethiopian Orthodox Tewahedo	Jubilees	Jubilees	Jubilees 12:15	https://archive.org/details/bookofjubileesor01char	27	human	personal	attested	same figure as the Bible's Sarah	Jubilees, tr. R.H. Charles 1917 (archive.org bookofjubileesor01char, OCR), Public Domain	0.85
Sarai	slug:jubilees:sarai	Sarai, named in Jubilees	girl	Sarai		English	Christian	Ethiopian Orthodox Tewahedo	Jubilees	Jubilees	Jubilees 12:9	https://archive.org/details/bookofjubileesor01char	12	human	personal	attested		Jubilees, tr. R.H. Charles 1917 (archive.org bookofjubileesor01char, OCR), Public Domain	0.85
Saul	slug:jubilees:saul	Saul, named in Jubilees		Saul		English	Christian	Ethiopian Orthodox Tewahedo	Jubilees	Jubilees	Jubilees 38:21	https://archive.org/details/bookofjubileesor01char	2	human	personal	attested		Jubilees, tr. R.H. Charles 1917 (archive.org bookofjubileesor01char, OCR), Public Domain	0.85
Scth	slug:jubilees:scth	Scth, named in Jubilees		Scth		English	Christian	Ethiopian Orthodox Tewahedo	Jubilees	Jubilees	Jubilees 50:13	https://archive.org/details/bookofjubileesor01char	1	human	personal	attested		Jubilees, tr. R.H. Charles 1917 (archive.org bookofjubileesor01char, OCR), Public Domain	0.85
Sered	slug:jubilees:sered	Sered, named in Jubilees		Sered		English	Christian	Ethiopian Orthodox Tewahedo	Jubilees	Jubilees	Jubilees 44:17	https://archive.org/details/bookofjubileesor01char	2	human	personal	attested		Jubilees, tr. R.H. Charles 1917 (archive.org bookofjubileesor01char, OCR), Public Domain	0.85
Serug	slug:jubilees:serug	Serug, named in Jubilees		Serug		English	Christian	Ethiopian Orthodox Tewahedo	Jubilees	Jubilees	Jubilees 9–11	https://archive.org/details/bookofjubileesor01char	4	human	personal	attested		Jubilees, tr. R.H. Charles 1917 (archive.org bookofjubileesor01char, OCR), Public Domain	0.85
Seth	Q107626	Seth, Third son of Adam and Eve	boy	Seth		English	Christian	Ethiopian Orthodox Tewahedo	Jubilees	Jubilees	Jubilees 4:7	https://archive.org/details/bookofjubileesor01char	8	human	personal	attested	Wikidata	Jubilees, tr. R.H. Charles 1917 (archive.org bookofjubileesor01char, OCR), Public Domain + Wikidata (CC0)	0.85
Shallum	slug:jubilees:shallum	Shallum, named in Jubilees		Shallum		English	Christian	Ethiopian Orthodox Tewahedo	Jubilees	Jubilees	Jubilees 44:30	https://archive.org/details/bookofjubileesor01char	2	human	personal	attested		Jubilees, tr. R.H. Charles 1917 (archive.org bookofjubileesor01char, OCR), Public Domain	0.85
Shaul	slug:jubilees:shaul	Shaul, named in Jubilees	boy	Shaul		English	Christian	Ethiopian Orthodox Tewahedo	Jubilees	Jubilees	Jubilees 44:14	https://archive.org/details/bookofjubileesor01char	2	human	personal	attested		Jubilees, tr. R.H. Charles 1917 (archive.org bookofjubileesor01char, OCR), Public Domain	0.85
Shcm	slug:jubilees:shcm	Shcm, named in Jubilees		Shcm		English	Christian	Ethiopian Orthodox Tewahedo	Jubilees	Jubilees	Jubilees 50:13	https://archive.org/details/bookofjubileesor01char	1	human	personal	attested		Jubilees, tr. R.H. Charles 1917 (archive.org bookofjubileesor01char, OCR), Public Domain	0.85
Shechem	slug:jubilees:shechem	Shechem, named in Jubilees	boy	Shechem		English	Christian	Ethiopian Orthodox Tewahedo	Jubilees	Jubilees	Jubilees 13–14	https://archive.org/details/bookofjubileesor01char	19	human	personal	attested		Jubilees, tr. R.H. Charles 1917 (archive.org bookofjubileesor01char, OCR), Public Domain	0.85
Shelah	slug:jubilees:shelah	Shelah, named in Jubilees	boy	Shelah		English	Christian	Ethiopian Orthodox Tewahedo	Jubilees	Jubilees	Jubilees 8:5	https://archive.org/details/bookofjubileesor01char	7	human	personal	attested		Jubilees, tr. R.H. Charles 1917 (archive.org bookofjubileesor01char, OCR), Public Domain	0.85
Shem	slug:jubilees:shem	Shem, named in Jubilees		Shem		English	Christian	Ethiopian Orthodox Tewahedo	Jubilees	Jubilees	Jubilees 4:33	https://archive.org/details/bookofjubileesor01char	30	human	personal	attested		Jubilees, tr. R.H. Charles 1917 (archive.org bookofjubileesor01char, OCR), Public Domain	0.85
Shuni	slug:jubilees:shuni	Shuni, named in Jubilees		Shuni		English	Christian	Ethiopian Orthodox Tewahedo	Jubilees	Jubilees	Jubilees 44:20	https://archive.org/details/bookofjubileesor01char	2	human	personal	attested		Jubilees, tr. R.H. Charles 1917 (archive.org bookofjubileesor01char, OCR), Public Domain	0.85
Simeon	slug:jubilees:simeon	Simeon, named in Jubilees		Simeon		English	Christian	Ethiopian Orthodox Tewahedo	Jubilees	Jubilees	Jubilees 28:13	https://archive.org/details/bookofjubileesor01char	19	human	personal	attested		Jubilees, tr. R.H. Charles 1917 (archive.org bookofjubileesor01char, OCR), Public Domain	0.85
Simon	slug:jubilees:simon	Simon, named in Jubilees		Simon		English	Christian	Ethiopian Orthodox Tewahedo	Jubilees	Jubilees	Jubilees 23:27	https://archive.org/details/bookofjubileesor01char	1	human	personal	attested		Jubilees, tr. R.H. Charles 1917 (archive.org bookofjubileesor01char, OCR), Public Domain	0.85
Sina'ar	slug:jubilees:sinaar	Sina'ar, named in Jubilees		Sina'ar		English	Christian	Ethiopian Orthodox Tewahedo	Jubilees	Jubilees	Jubilees 50:14	https://archive.org/details/bookofjubileesor01char	1	human	personal	attested		Jubilees, tr. R.H. Charles 1917 (archive.org bookofjubileesor01char, OCR), Public Domain	0.85
Solomon	Q37085	Solomon, king of Israel, son of David	boy	Solomon		English	Christian	Ethiopian Orthodox Tewahedo	Jubilees	Jubilees	Jubilees 50:14	https://archive.org/details/bookofjubileesor01char	2	human	personal	attested	Wikidata	Jubilees, tr. R.H. Charles 1917 (archive.org bookofjubileesor01char, OCR), Public Domain + Wikidata (CC0)	0.85
Susan	slug:jubilees:susan	Susan, named in Jubilees		Susan		English	Christian	Ethiopian Orthodox Tewahedo	Jubilees	Jubilees	Jubilees 8:1	https://archive.org/details/bookofjubileesor01char	2	human	personal	attested		Jubilees, tr. R.H. Charles 1917 (archive.org bookofjubileesor01char, OCR), Public Domain	0.85
Tcrah	slug:jubilees:tcrah	Tcrah, named in Jubilees		Tcrah		English	Christian	Ethiopian Orthodox Tewahedo	Jubilees	Jubilees	Jubilees 50:13	https://archive.org/details/bookofjubileesor01char	1	human	personal	attested		Jubilees, tr. R.H. Charles 1917 (archive.org bookofjubileesor01char, OCR), Public Domain	0.85
Tidal	slug:jubilees:tidal	Tidal, named in Jubilees		Tidal		English	Christian	Ethiopian Orthodox Tewahedo	Jubilees	Jubilees	Jubilees 13–14	https://archive.org/details/bookofjubileesor01char	1	human	personal	attested		Jubilees, tr. R.H. Charles 1917 (archive.org bookofjubileesor01char, OCR), Public Domain	0.85
Tiras	Q1481751	Tiras, Son of Japheth	boy	Tiras		English	Christian	Ethiopian Orthodox Tewahedo	Jubilees	Jubilees	Jubilees 6–7	https://archive.org/details/bookofjubileesor01char	4	human	personal	attested	Wikidata	Jubilees, tr. R.H. Charles 1917 (archive.org bookofjubileesor01char, OCR), Public Domain + Wikidata (CC0)	0.85
Tohu	slug:jubilees:tohu	Tohu, named in Jubilees		Tohu		English	Christian	Ethiopian Orthodox Tewahedo	Jubilees	Jubilees	Jubilees 2:3	https://archive.org/details/bookofjubileesor01char	2	human	personal	attested		Jubilees, tr. R.H. Charles 1917 (archive.org bookofjubileesor01char, OCR), Public Domain	0.85
Tola	slug:jubilees:tola	Tola, named in Jubilees		Tola		English	Christian	Ethiopian Orthodox Tewahedo	Jubilees	Jubilees	Jubilees 44:16	https://archive.org/details/bookofjubileesor01char	2	human	personal	attested		Jubilees, tr. R.H. Charles 1917 (archive.org bookofjubileesor01char, OCR), Public Domain	0.85
Zabulon	slug:jubilees:zabulon	Zabulon, named in Jubilees		Zabulon		English	Christian	Ethiopian Orthodox Tewahedo	Jubilees	Jubilees	Jubilees 50:14	https://archive.org/details/bookofjubileesor01char	2	human	personal	attested		Jubilees, tr. R.H. Charles 1917 (archive.org bookofjubileesor01char, OCR), Public Domain	0.85
Zara	slug:jubilees:zara	Zara, named in Jubilees		Zara		English	Christian	Ethiopian Orthodox Tewahedo	Jubilees	Jubilees	Jubilees 38:17	https://archive.org/details/bookofjubileesor01char	2	human	personal	attested		Jubilees, tr. R.H. Charles 1917 (archive.org bookofjubileesor01char, OCR), Public Domain	0.85
Zebulon	slug:jubilees:zebulon	Zebulon, named in Jubilees	boy	Zebulon		English	Christian	Ethiopian Orthodox Tewahedo	Jubilees	Jubilees	Jubilees 28:14	https://archive.org/details/bookofjubileesor01char	6	human	personal	attested		Jubilees, tr. R.H. Charles 1917 (archive.org bookofjubileesor01char, OCR), Public Domain	0.85
Zerah	slug:jubilees:zerah	Zerah, named in Jubilees		Zerah		English	Christian	Ethiopian Orthodox Tewahedo	Jubilees	Jubilees	Jubilees 40–41	https://archive.org/details/bookofjubileesor01char	3	human	personal	attested		Jubilees, tr. R.H. Charles 1917 (archive.org bookofjubileesor01char, OCR), Public Domain	0.85
Zilpah	slug:jubilees:zilpah	Zilpah, named in Jubilees	girl	Zilpah		English	Christian	Ethiopian Orthodox Tewahedo	Jubilees	Jubilees	Jubilees 28:3	https://archive.org/details/bookofjubileesor01char	6	human	personal	attested		Jubilees, tr. R.H. Charles 1917 (archive.org bookofjubileesor01char, OCR), Public Domain	0.85
Zilpali	slug:jubilees:zilpali	Zilpali, named in Jubilees		Zilpali		English	Christian	Ethiopian Orthodox Tewahedo	Jubilees	Jubilees	Jubilees 33:22	https://archive.org/details/bookofjubileesor01char	1	human	personal	attested		Jubilees, tr. R.H. Charles 1917 (archive.org bookofjubileesor01char, OCR), Public Domain	0.85
Ziphion	slug:jubilees:ziphion	Ziphion, named in Jubilees		Ziphion		English	Christian	Ethiopian Orthodox Tewahedo	Jubilees	Jubilees	Jubilees 44:20	https://archive.org/details/bookofjubileesor01char	2	human	personal	attested		Jubilees, tr. R.H. Charles 1917 (archive.org bookofjubileesor01char, OCR), Public Domain	0.85
Zohar	slug:jubilees:zohar	Zohar, named in Jubilees		Zohar		English	Christian	Ethiopian Orthodox Tewahedo	Jubilees	Jubilees	Jubilees 44:14	https://archive.org/details/bookofjubileesor01char	1	human	personal	attested		Jubilees, tr. R.H. Charles 1917 (archive.org bookofjubileesor01char, OCR), Public Domain	0.85
Aaron	Q51676	Aaron, brother of Moses	boy	Aaron		English	Christian	Ethiopian Orthodox Tewahedo	Kebra Nagast	Kebra Nagast	Kebra Nagast 17	https://archive.org/details/budge-1922-kebra-nagast	32	human	personal	attested	same figure as the Bible's Aaron	Kebra Nagast, tr. E.A.W. Budge 1922 (archive.org, OCR), Public Domain	0.85
Abiram	slug:kebra-nagast:abiram	Abiram, named in Kebra Nagast		Abiram		English	Christian	Ethiopian Orthodox Tewahedo	Kebra Nagast	Kebra Nagast	Kebra Nagast 97	https://archive.org/details/budge-1922-kebra-nagast	2	human	personal	attested		Kebra Nagast, tr. E.A.W. Budge 1922 (archive.org, OCR), Public Domain	0.85
Abishag	slug:kebra-nagast:abishag	Abishag, named in Kebra Nagast		Abishag		English	Christian	Ethiopian Orthodox Tewahedo	Kebra Nagast	Kebra Nagast	Kebra Nagast 65	https://archive.org/details/budge-1922-kebra-nagast	2	human	personal	attested		Kebra Nagast, tr. E.A.W. Budge 1922 (archive.org, OCR), Public Domain	0.85
Abner	slug:kebra-nagast:abner	Abner, named in Kebra Nagast		Abner		English	Christian	Ethiopian Orthodox Tewahedo	Kebra Nagast	Kebra Nagast	Kebra Nagast 65	https://archive.org/details/budge-1922-kebra-nagast	2	human	personal	attested		Kebra Nagast, tr. E.A.W. Budge 1922 (archive.org, OCR), Public Domain	0.85
Abraham	Q9181	Abraham, patriarch	boy	Abraham		English	Christian	Ethiopian Orthodox Tewahedo	Kebra Nagast	Kebra Nagast	Kebra Nagast 12	https://archive.org/details/budge-1922-kebra-nagast	62	human	personal	attested	same figure as the Bible's Abraham	Kebra Nagast, tr. E.A.W. Budge 1922 (archive.org, OCR), Public Domain	0.85
Abram	slug:kebra-nagast:abram	Abram, named in Kebra Nagast		Abram		English	Christian	Ethiopian Orthodox Tewahedo	Kebra Nagast	Kebra Nagast	Kebra Nagast 13	https://archive.org/details/budge-1922-kebra-nagast	3	human	personal	attested		Kebra Nagast, tr. E.A.W. Budge 1922 (archive.org, OCR), Public Domain	0.85
Adam	Q70899	Adam, the first man	boy	Adam		English	Christian	Ethiopian Orthodox Tewahedo	Kebra Nagast	Kebra Nagast	Kebra Nagast 1	https://archive.org/details/budge-1922-kebra-nagast	72	human	personal	attested	same figure as the Bible's Adam	Kebra Nagast, tr. E.A.W. Budge 1922 (archive.org, OCR), Public Domain	0.85
Adrami	slug:kebra-nagast:adrami	Adrami, named in Kebra Nagast		Adrami		English	Christian	Ethiopian Orthodox Tewahedo	Kebra Nagast	Kebra Nagast	Kebra Nagast 72	https://archive.org/details/budge-1922-kebra-nagast	2	human	personal	attested		Kebra Nagast, tr. E.A.W. Budge 1922 (archive.org, OCR), Public Domain	0.85
Ahab	Q235901	Ahab, Wicked king of Israel	boy	Ahab		English	Christian	Ethiopian Orthodox Tewahedo	Kebra Nagast	Kebra Nagast	Kebra Nagast 44–45	https://archive.org/details/budge-1922-kebra-nagast	2	human	personal	attested	same figure as the Bible's Ahab	Kebra Nagast, tr. E.A.W. Budge 1922 (archive.org, OCR), Public Domain	0.85
Alexander	slug:kebra-nagast:alexander	Alexander, named in Kebra Nagast		Alexander		English	Christian	Ethiopian Orthodox Tewahedo	Kebra Nagast	Kebra Nagast	Kebra Nagast 117	https://archive.org/details/budge-1922-kebra-nagast	1	human	personal	attested		Kebra Nagast, tr. E.A.W. Budge 1922 (archive.org, OCR), Public Domain	0.85
Amalek	slug:kebra-nagast:amalek	Amalek, named in Kebra Nagast		Amalek		English	Christian	Ethiopian Orthodox Tewahedo	Kebra Nagast	Kebra Nagast	Kebra Nagast 79	https://archive.org/details/budge-1922-kebra-nagast	11	human	personal	attested		Kebra Nagast, tr. E.A.W. Budge 1922 (archive.org, OCR), Public Domain	0.85
Amnon	slug:kebra-nagast:amnon	Amnon, named in Kebra Nagast		Amnon		English	Christian	Ethiopian Orthodox Tewahedo	Kebra Nagast	Kebra Nagast	Kebra Nagast 117	https://archive.org/details/budge-1922-kebra-nagast	1	human	personal	attested		Kebra Nagast, tr. E.A.W. Budge 1922 (archive.org, OCR), Public Domain	0.85
Amos	slug:kebra-nagast:amos	Amos, named in Kebra Nagast		Amos		English	Christian	Ethiopian Orthodox Tewahedo	Kebra Nagast	Kebra Nagast	Kebra Nagast 110–111	https://archive.org/details/budge-1922-kebra-nagast	3	human	personal	attested		Kebra Nagast, tr. E.A.W. Budge 1922 (archive.org, OCR), Public Domain	0.85
Andrew	slug:kebra-nagast:andrew	Andrew, named in Kebra Nagast		Andrew		English	Christian	Ethiopian Orthodox Tewahedo	Kebra Nagast	Kebra Nagast	Kebra Nagast 117	https://archive.org/details/budge-1922-kebra-nagast	1	human	personal	attested		Kebra Nagast, tr. E.A.W. Budge 1922 (archive.org, OCR), Public Domain	0.85
Arphaxad	slug:kebra-nagast:arphaxad	Arphaxad, named in Kebra Nagast		Arphaxad		English	Christian	Ethiopian Orthodox Tewahedo	Kebra Nagast	Kebra Nagast	Kebra Nagast 12	https://archive.org/details/budge-1922-kebra-nagast	3	human	personal	attested		Kebra Nagast, tr. E.A.W. Budge 1922 (archive.org, OCR), Public Domain	0.85
Azariah	slug:kebra-nagast:azariah	Azariah, named in Kebra Nagast		Azariah		English	Christian	Ethiopian Orthodox Tewahedo	Kebra Nagast	Kebra Nagast	Kebra Nagast 43	https://archive.org/details/budge-1922-kebra-nagast	13	human	personal	attested		Kebra Nagast, tr. E.A.W. Budge 1922 (archive.org, OCR), Public Domain	0.85
Azaryas	slug:kebra-nagast:azaryas	Azaryas, named in Kebra Nagast		Azaryas		English	Christian	Ethiopian Orthodox Tewahedo	Kebra Nagast	Kebra Nagast	Kebra Nagast 48	https://archive.org/details/budge-1922-kebra-nagast	3	human	personal	attested		Kebra Nagast, tr. E.A.W. Budge 1922 (archive.org, OCR), Public Domain	0.85
Bala	slug:kebra-nagast:bala	Bala, named in Kebra Nagast		Bala		English	Christian	Ethiopian Orthodox Tewahedo	Kebra Nagast	Kebra Nagast	Kebra Nagast 32	https://archive.org/details/budge-1922-kebra-nagast	4	human	personal	attested		Kebra Nagast, tr. E.A.W. Budge 1922 (archive.org, OCR), Public Domain	0.85
Baltasar	slug:kebra-nagast:baltasar	Baltasar, named in Kebra Nagast		Baltasar		English	Christian	Ethiopian Orthodox Tewahedo	Kebra Nagast	Kebra Nagast	Kebra Nagast 72	https://archive.org/details/budge-1922-kebra-nagast	6	human	personal	attested		Kebra Nagast, tr. E.A.W. Budge 1922 (archive.org, OCR), Public Domain	0.85
Barnabas	slug:kebra-nagast:barnabas	Barnabas, named in Kebra Nagast		Barnabas		English	Christian	Ethiopian Orthodox Tewahedo	Kebra Nagast	Kebra Nagast	Kebra Nagast 102	https://archive.org/details/budge-1922-kebra-nagast	2	human	personal	attested		Kebra Nagast, tr. E.A.W. Budge 1922 (archive.org, OCR), Public Domain	0.85
Bathsheba	slug:kebra-nagast:bathsheba	Bathsheba, named in Kebra Nagast		Bathsheba		English	Christian	Ethiopian Orthodox Tewahedo	Kebra Nagast	Kebra Nagast	Kebra Nagast 65	https://archive.org/details/budge-1922-kebra-nagast	3	human	personal	attested		Kebra Nagast, tr. E.A.W. Budge 1922 (archive.org, OCR), Public Domain	0.85
Benaiah	slug:kebra-nagast:benaiah	Benaiah, named in Kebra Nagast	boy	Benaiah		English	Christian	Ethiopian Orthodox Tewahedo	Kebra Nagast	Kebra Nagast	Kebra Nagast 35	https://archive.org/details/budge-1922-kebra-nagast	15	human	personal	attested		Kebra Nagast, tr. E.A.W. Budge 1922 (archive.org, OCR), Public Domain	0.85
Benjamin	Q460763	Benjamin, Youngest son of Jacob and Rachel	boy	Benjamin		English	Christian	Ethiopian Orthodox Tewahedo	Kebra Nagast	Kebra Nagast	Kebra Nagast 61	https://archive.org/details/budge-1922-kebra-nagast	5	human	personal	attested	same figure as the Bible's Benjamin	Kebra Nagast, tr. E.A.W. Budge 1922 (archive.org, OCR), Public Domain	0.85
Boaz	slug:kebra-nagast:boaz	Boaz, named in Kebra Nagast		Boaz		English	Christian	Ethiopian Orthodox Tewahedo	Kebra Nagast	Kebra Nagast	Kebra Nagast 16	https://archive.org/details/budge-1922-kebra-nagast	2	human	personal	attested		Kebra Nagast, tr. E.A.W. Budge 1922 (archive.org, OCR), Public Domain	0.85
Canaan	slug:kebra-nagast:canaan	Canaan, named in Kebra Nagast	boy	Canaan		English	Christian	Ethiopian Orthodox Tewahedo	Kebra Nagast	Kebra Nagast	Kebra Nagast 9–11	https://archive.org/details/budge-1922-kebra-nagast	12	human	personal	attested		Kebra Nagast, tr. E.A.W. Budge 1922 (archive.org, OCR), Public Domain	0.85
Clement	slug:kebra-nagast:clement	Clement, named in Kebra Nagast		Clement		English	Christian	Ethiopian Orthodox Tewahedo	Kebra Nagast	Kebra Nagast	Kebra Nagast 117	https://archive.org/details/budge-1922-kebra-nagast	1	human	personal	attested		Kebra Nagast, tr. E.A.W. Budge 1922 (archive.org, OCR), Public Domain	0.85
Daniel	Q171724	Daniel, Prophet in Babylon	boy	Daniel		English	Christian	Ethiopian Orthodox Tewahedo	Kebra Nagast	Kebra Nagast	Kebra Nagast 100–101	https://archive.org/details/budge-1922-kebra-nagast	6	human	personal	attested	same figure as the Bible's Daniel	Kebra Nagast, tr. E.A.W. Budge 1922 (archive.org, OCR), Public Domain	0.85
Darius	slug:kebra-nagast:darius	Darius, named in Kebra Nagast		Darius		English	Christian	Ethiopian Orthodox Tewahedo	Kebra Nagast	Kebra Nagast	Kebra Nagast 72	https://archive.org/details/budge-1922-kebra-nagast	4	human	personal	attested		Kebra Nagast, tr. E.A.W. Budge 1922 (archive.org, OCR), Public Domain	0.85
Dathan	slug:kebra-nagast:dathan	Dathan, named in Kebra Nagast		Dathan		English	Christian	Ethiopian Orthodox Tewahedo	Kebra Nagast	Kebra Nagast	Kebra Nagast 97	https://archive.org/details/budge-1922-kebra-nagast	2	human	personal	attested		Kebra Nagast, tr. E.A.W. Budge 1922 (archive.org, OCR), Public Domain	0.85
David	slug:kebra-nagast:david	David, named in Kebra Nagast	boy	David		English	Christian	Ethiopian Orthodox Tewahedo	Kebra Nagast	Kebra Nagast	Kebra Nagast 1	https://archive.org/details/budge-1922-kebra-nagast	159	human	personal	attested		Kebra Nagast, tr. E.A.W. Budge 1922 (archive.org, OCR), Public Domain	0.85
Delilah	slug:kebra-nagast:delilah	Delilah, named in Kebra Nagast	girl	Delilah		English	Christian	Ethiopian Orthodox Tewahedo	Kebra Nagast	Kebra Nagast	Kebra Nagast 80	https://archive.org/details/budge-1922-kebra-nagast	10	human	personal	attested		Kebra Nagast, tr. E.A.W. Budge 1922 (archive.org, OCR), Public Domain	0.85
Eber	slug:kebra-nagast:eber	Eber, named in Kebra Nagast		Eber		English	Christian	Ethiopian Orthodox Tewahedo	Kebra Nagast	Kebra Nagast	Kebra Nagast 12	https://archive.org/details/budge-1922-kebra-nagast	2	human	personal	attested		Kebra Nagast, tr. E.A.W. Budge 1922 (archive.org, OCR), Public Domain	0.85
Elf	slug:kebra-nagast:elf	Elf, named in Kebra Nagast		Elf		English	Christian	Ethiopian Orthodox Tewahedo	Kebra Nagast	Kebra Nagast	Kebra Nagast 70	https://archive.org/details/budge-1922-kebra-nagast	1	human	personal	attested		Kebra Nagast, tr. E.A.W. Budge 1922 (archive.org, OCR), Public Domain	0.85
Elias	Q133507	Elijah, prophet	boy	Elias		English	Christian	Ethiopian Orthodox Tewahedo	Kebra Nagast	Kebra Nagast	Kebra Nagast 84	https://archive.org/details/budge-1922-kebra-nagast	2	human	personal	attested	same figure as the Bible's Elias	Kebra Nagast, tr. E.A.W. Budge 1922 (archive.org, OCR), Public Domain	0.85
Elijah	Q133507	Elijah, prophet	boy	Elijah		English	Christian	Ethiopian Orthodox Tewahedo	Kebra Nagast	Kebra Nagast	Kebra Nagast 44–45	https://archive.org/details/budge-1922-kebra-nagast	5	human	personal	attested	Wikidata	Kebra Nagast, tr. E.A.W. Budge 1922 (archive.org, OCR), Public Domain + Wikidata (CC0)	0.85
Elisha	Q206238	Elisha, prophet, successor of Elijah	boy	Elisha		English	Christian	Ethiopian Orthodox Tewahedo	Kebra Nagast	Kebra Nagast	Kebra Nagast 66	https://archive.org/details/budge-1922-kebra-nagast	2	human	personal	attested	same figure as the Bible's Elisha	Kebra Nagast, tr. E.A.W. Budge 1922 (archive.org, OCR), Public Domain	0.85
Emmanuel	slug:kebra-nagast:emmanuel	Emmanuel, named in Kebra Nagast		Emmanuel		English	Christian	Ethiopian Orthodox Tewahedo	Kebra Nagast	Kebra Nagast	Kebra Nagast 103	https://archive.org/details/budge-1922-kebra-nagast	5	human	personal	attested		Kebra Nagast, tr. E.A.W. Budge 1922 (archive.org, OCR), Public Domain	0.85
Enoch	Q213027	Enoch, biblical figure, son of Jared	boy	Enoch		English	Christian	Ethiopian Orthodox Tewahedo	Kebra Nagast	Kebra Nagast	Kebra Nagast 5	https://archive.org/details/budge-1922-kebra-nagast	5	human	personal	attested	Wikidata	Kebra Nagast, tr. E.A.W. Budge 1922 (archive.org, OCR), Public Domain + Wikidata (CC0)	0.85
Enos	slug:kebra-nagast:enos	Enos, named in Kebra Nagast		Enos		English	Christian	Ethiopian Orthodox Tewahedo	Kebra Nagast	Kebra Nagast	Kebra Nagast 5	https://archive.org/details/budge-1922-kebra-nagast	4	human	personal	attested		Kebra Nagast, tr. E.A.W. Budge 1922 (archive.org, OCR), Public Domain	0.85
Esau	slug:kebra-nagast:esau	Esau, named in Kebra Nagast		Esau		English	Christian	Ethiopian Orthodox Tewahedo	Kebra Nagast	Kebra Nagast	Kebra Nagast 68	https://archive.org/details/budge-1922-kebra-nagast	6	human	personal	attested		Kebra Nagast, tr. E.A.W. Budge 1922 (archive.org, OCR), Public Domain	0.85
Esther	Q732413	Esther, Jewish queen of Persia	girl	Esther		English	Christian	Ethiopian Orthodox Tewahedo	Kebra Nagast	Kebra Nagast	Kebra Nagast 117	https://archive.org/details/budge-1922-kebra-nagast	1	human	personal	attested	same figure as the Bible's Esther	Kebra Nagast, tr. E.A.W. Budge 1922 (archive.org, OCR), Public Domain	0.85
Ethiopia	slug:kebra-nagast:ethiopia	Ethiopia, named in Kebra Nagast	boy	Ethiopia		English	Christian	Ethiopian Orthodox Tewahedo	Kebra Nagast	Kebra Nagast	Kebra Nagast 19	https://archive.org/details/budge-1922-kebra-nagast	138	human	personal	attested		Kebra Nagast, tr. E.A.W. Budge 1922 (archive.org, OCR), Public Domain	0.85
Eve	Q830183	Eve, First woman	girl	Eve		English	Christian	Ethiopian Orthodox Tewahedo	Kebra Nagast	Kebra Nagast	Kebra Nagast 36	https://archive.org/details/budge-1922-kebra-nagast	12	human	personal	attested	Wikidata	Kebra Nagast, tr. E.A.W. Budge 1922 (archive.org, OCR), Public Domain + Wikidata (CC0)	0.85
Ezekiel	slug:kebra-nagast:ezekiel	Ezekiel, named in Kebra Nagast		Ezekiel		English	Christian	Ethiopian Orthodox Tewahedo	Kebra Nagast	Kebra Nagast	Kebra Nagast 96	https://archive.org/details/budge-1922-kebra-nagast	8	human	personal	attested		Kebra Nagast, tr. E.A.W. Budge 1922 (archive.org, OCR), Public Domain	0.85
Ezra	Q191787	Ezra, Priest	boy	Ezra		English	Christian	Ethiopian Orthodox Tewahedo	Kebra Nagast	Kebra Nagast	Kebra Nagast 107	https://archive.org/details/budge-1922-kebra-nagast	1	human	personal	attested	same figure as the Bible's Ezra	Kebra Nagast, tr. E.A.W. Budge 1922 (archive.org, OCR), Public Domain	0.85
Gabriel	Q81989	Gabriel, archangel		Gabriel		English	Christian	Ethiopian Orthodox Tewahedo	Kebra Nagast	Kebra Nagast	Kebra Nagast 29	https://archive.org/details/budge-1922-kebra-nagast	6	angel	personal	attested	identified by this text's own context	Kebra Nagast, tr. E.A.W. Budge 1922 (archive.org, OCR), Public Domain	0.85
Gideon	Q176125	Gideon, Judge of Israel	boy	Gideon		English	Christian	Ethiopian Orthodox Tewahedo	Kebra Nagast	Kebra Nagast	Kebra Nagast 106	https://archive.org/details/budge-1922-kebra-nagast	1	human	personal	attested	same figure as the Bible's Gideon	Kebra Nagast, tr. E.A.W. Budge 1922 (archive.org, OCR), Public Domain	0.85
Gregory	slug:kebra-nagast:gregory	Gregory, named in Kebra Nagast		Gregory		English	Christian	Ethiopian Orthodox Tewahedo	Kebra Nagast	Kebra Nagast	Kebra Nagast 2	https://archive.org/details/budge-1922-kebra-nagast	12	human	personal	attested		Kebra Nagast, tr. E.A.W. Budge 1922 (archive.org, OCR), Public Domain	0.85
Habakkuk	slug:kebra-nagast:habakkuk	Habakkuk, named in Kebra Nagast		Habakkuk		English	Christian	Ethiopian Orthodox Tewahedo	Kebra Nagast	Kebra Nagast	Kebra Nagast 106	https://archive.org/details/budge-1922-kebra-nagast	7	human	personal	attested		Kebra Nagast, tr. E.A.W. Budge 1922 (archive.org, OCR), Public Domain	0.85
Hagar	slug:kebra-nagast:hagar	Hagar, named in Kebra Nagast		Hagar		English	Christian	Ethiopian Orthodox Tewahedo	Kebra Nagast	Kebra Nagast	Kebra Nagast 82	https://archive.org/details/budge-1922-kebra-nagast	2	human	personal	attested		Kebra Nagast, tr. E.A.W. Budge 1922 (archive.org, OCR), Public Domain	0.85
Hanna	slug:kebra-nagast:hanna	Hanna, named in Kebra Nagast	girl	Hanna		English	Christian	Ethiopian Orthodox Tewahedo	Kebra Nagast	Kebra Nagast	Kebra Nagast 33	https://archive.org/details/budge-1922-kebra-nagast	4	human	personal	attested		Kebra Nagast, tr. E.A.W. Budge 1922 (archive.org, OCR), Public Domain	0.85
Hosea	slug:kebra-nagast:hosea	Hosea, named in Kebra Nagast		Hosea		English	Christian	Ethiopian Orthodox Tewahedo	Kebra Nagast	Kebra Nagast	Kebra Nagast 106	https://archive.org/details/budge-1922-kebra-nagast	6	human	personal	attested		Kebra Nagast, tr. E.A.W. Budge 1922 (archive.org, OCR), Public Domain	0.85
Isaac	Q671872	Isaac, son of Abraham	boy	Isaac		English	Christian	Ethiopian Orthodox Tewahedo	Kebra Nagast	Kebra Nagast	Kebra Nagast 14–15	https://archive.org/details/budge-1922-kebra-nagast	34	human	personal	attested	same figure as the Bible's Isaac	Kebra Nagast, tr. E.A.W. Budge 1922 (archive.org, OCR), Public Domain	0.85
Isaiah	Q188794	Isaiah, Prophet during reigns of Uzziah	boy	Isaiah		English	Christian	Ethiopian Orthodox Tewahedo	Kebra Nagast	Kebra Nagast	Kebra Nagast 44–45	https://archive.org/details/budge-1922-kebra-nagast	52	human	personal	attested	same figure as the Bible's Isaiah	Kebra Nagast, tr. E.A.W. Budge 1922 (archive.org, OCR), Public Domain	0.85
Ishmael	slug:kebra-nagast:ishmael	Ishmael, named in Kebra Nagast	boy	Ishmael		English	Christian	Ethiopian Orthodox Tewahedo	Kebra Nagast	Kebra Nagast	Kebra Nagast 68	https://archive.org/details/budge-1922-kebra-nagast	8	human	personal	attested		Kebra Nagast, tr. E.A.W. Budge 1922 (archive.org, OCR), Public Domain	0.85
Israel	Q289957	Jacob (Israel), patriarch, son of Isaac	boy	Israel		English	Christian	Ethiopian Orthodox Tewahedo	Kebra Nagast	Kebra Nagast	Kebra Nagast 16	https://archive.org/details/budge-1922-kebra-nagast	193	human	personal	attested	same figure as the Bible's Israel	Kebra Nagast, tr. E.A.W. Budge 1922 (archive.org, OCR), Public Domain	0.85
Jacob	Q289957	Jacob (Israel), patriarch, son of Isaac	boy	Jacob		English	Christian	Ethiopian Orthodox Tewahedo	Kebra Nagast	Kebra Nagast	Kebra Nagast 14–15	https://archive.org/details/budge-1922-kebra-nagast	44	human	personal	attested	same figure as the Bible's Jacob	Kebra Nagast, tr. E.A.W. Budge 1922 (archive.org, OCR), Public Domain	0.85
James	slug:kebra-nagast:james	James, named in Kebra Nagast		James		English	Christian	Ethiopian Orthodox Tewahedo	Kebra Nagast	Kebra Nagast	Kebra Nagast 117	https://archive.org/details/budge-1922-kebra-nagast	1	human	personal	attested		Kebra Nagast, tr. E.A.W. Budge 1922 (archive.org, OCR), Public Domain	0.85
Japhet	slug:kebra-nagast:japhet	Japhet, named in Kebra Nagast	boy	Japhet		English	Christian	Ethiopian Orthodox Tewahedo	Kebra Nagast	Kebra Nagast	Kebra Nagast 9–11	https://archive.org/details/budge-1922-kebra-nagast	6	human	personal	attested		Kebra Nagast, tr. E.A.W. Budge 1922 (archive.org, OCR), Public Domain	0.85
Jared	slug:kebra-nagast:jared	Jared, named in Kebra Nagast		Jared		English	Christian	Ethiopian Orthodox Tewahedo	Kebra Nagast	Kebra Nagast	Kebra Nagast 5	https://archive.org/details/budge-1922-kebra-nagast	2	human	personal	attested		Kebra Nagast, tr. E.A.W. Budge 1922 (archive.org, OCR), Public Domain	0.85
Jehoiada	slug:kebra-nagast:jehoiada	Jehoiada, named in Kebra Nagast		Jehoiada		English	Christian	Ethiopian Orthodox Tewahedo	Kebra Nagast	Kebra Nagast	Kebra Nagast 35	https://archive.org/details/budge-1922-kebra-nagast	1	human	personal	attested		Kebra Nagast, tr. E.A.W. Budge 1922 (archive.org, OCR), Public Domain	0.85
Jeremiah	Q158825	Jeremiah, Son of Hilkiah	boy	Jeremiah		English	Christian	Ethiopian Orthodox Tewahedo	Kebra Nagast	Kebra Nagast	Kebra Nagast 100–101	https://archive.org/details/budge-1922-kebra-nagast	12	human	personal	attested	same figure as the Bible's Jeremiah	Kebra Nagast, tr. E.A.W. Budge 1922 (archive.org, OCR), Public Domain	0.85
Jeroboam	slug:kebra-nagast:jeroboam	Jeroboam, named in Kebra Nagast		Jeroboam		English	Christian	Ethiopian Orthodox Tewahedo	Kebra Nagast	Kebra Nagast	Kebra Nagast 70	https://archive.org/details/budge-1922-kebra-nagast	2	human	personal	attested		Kebra Nagast, tr. E.A.W. Budge 1922 (archive.org, OCR), Public Domain	0.85
Jesse	slug:kebra-nagast:jesse	Jesse, named in Kebra Nagast	boy	Jesse		English	Christian	Ethiopian Orthodox Tewahedo	Kebra Nagast	Kebra Nagast	Kebra Nagast 16	https://archive.org/details/budge-1922-kebra-nagast	8	human	personal	attested		Kebra Nagast, tr. E.A.W. Budge 1922 (archive.org, OCR), Public Domain	0.85
Jew	slug:kebra-nagast:jew	Jew, named in Kebra Nagast		Jew		English	Christian	Ethiopian Orthodox Tewahedo	Kebra Nagast	Kebra Nagast	Kebra Nagast 66	https://archive.org/details/budge-1922-kebra-nagast	3	human	personal	attested		Kebra Nagast, tr. E.A.W. Budge 1922 (archive.org, OCR), Public Domain	0.85
Joab	slug:kebra-nagast:joab	Joab, named in Kebra Nagast	boy	Joab		English	Christian	Ethiopian Orthodox Tewahedo	Kebra Nagast	Kebra Nagast	Kebra Nagast 35	https://archive.org/details/budge-1922-kebra-nagast	4	human	personal	attested		Kebra Nagast, tr. E.A.W. Budge 1922 (archive.org, OCR), Public Domain	0.85
Joachim	slug:kebra-nagast:joachim	Joachim, named in Kebra Nagast		Joachim		English	Christian	Ethiopian Orthodox Tewahedo	Kebra Nagast	Kebra Nagast	Kebra Nagast 33	https://archive.org/details/budge-1922-kebra-nagast	8	human	personal	attested		Kebra Nagast, tr. E.A.W. Budge 1922 (archive.org, OCR), Public Domain	0.85
Job	Q179962	Job, the righteous sufferer	boy	Job		English	Christian	Ethiopian Orthodox Tewahedo	Kebra Nagast	Kebra Nagast	Kebra Nagast 106	https://archive.org/details/budge-1922-kebra-nagast	7	human	personal	attested	same figure as the Bible's Job	Kebra Nagast, tr. E.A.W. Budge 1922 (archive.org, OCR), Public Domain	0.85
Joel	slug:kebra-nagast:joel	Joel, named in Kebra Nagast		Joel		English	Christian	Ethiopian Orthodox Tewahedo	Kebra Nagast	Kebra Nagast	Kebra Nagast 106	https://archive.org/details/budge-1922-kebra-nagast	1	human	personal	attested		Kebra Nagast, tr. E.A.W. Budge 1922 (archive.org, OCR), Public Domain	0.85
John	slug:kebra-nagast:john	John, named in Kebra Nagast		John		English	Christian	Ethiopian Orthodox Tewahedo	Kebra Nagast	Kebra Nagast	Kebra Nagast 54	https://archive.org/details/budge-1922-kebra-nagast	23	human	personal	attested		Kebra Nagast, tr. E.A.W. Budge 1922 (archive.org, OCR), Public Domain	0.85
Jonah	Q2468262	Jonah, prophet	boy	Jonah		English	Christian	Ethiopian Orthodox Tewahedo	Kebra Nagast	Kebra Nagast	Kebra Nagast 100–101	https://archive.org/details/budge-1922-kebra-nagast	3	human	personal	attested	same figure as the Bible's Jonah	Kebra Nagast, tr. E.A.W. Budge 1922 (archive.org, OCR), Public Domain	0.85
Joseph	slug:kebra-nagast:joseph	Joseph, named in Kebra Nagast	boy	Joseph		English	Christian	Ethiopian Orthodox Tewahedo	Kebra Nagast	Kebra Nagast	Kebra Nagast 61	https://archive.org/details/budge-1922-kebra-nagast	19	human	personal	attested		Kebra Nagast, tr. E.A.W. Budge 1922 (archive.org, OCR), Public Domain	0.85
Judas	slug:kebra-nagast:judas	Judas, named in Kebra Nagast		Judas		English	Christian	Ethiopian Orthodox Tewahedo	Kebra Nagast	Kebra Nagast	Kebra Nagast 117	https://archive.org/details/budge-1922-kebra-nagast	1	human	personal	attested		Kebra Nagast, tr. E.A.W. Budge 1922 (archive.org, OCR), Public Domain	0.85
Judith	slug:kebra-nagast:judith	Judith, named in Kebra Nagast		Judith		English	Christian	Ethiopian Orthodox Tewahedo	Kebra Nagast	Kebra Nagast	Kebra Nagast 117	https://archive.org/details/budge-1922-kebra-nagast	2	human	personal	attested		Kebra Nagast, tr. E.A.W. Budge 1922 (archive.org, OCR), Public Domain	0.85
Karmin	slug:kebra-nagast:karmin	Karmin, named in Kebra Nagast		Karmin		English	Christian	Ethiopian Orthodox Tewahedo	Kebra Nagast	Kebra Nagast	Kebra Nagast 76	https://archive.org/details/budge-1922-kebra-nagast	18	human	personal	attested		Kebra Nagast, tr. E.A.W. Budge 1922 (archive.org, OCR), Public Domain	0.85
Korah	Q1337316	Korah, who rebelled against Moses	boy	Korah		English	Christian	Ethiopian Orthodox Tewahedo	Kebra Nagast	Kebra Nagast	Kebra Nagast 97	https://archive.org/details/budge-1922-kebra-nagast	2	human	personal	attested	same figure as the Bible's Korah	Kebra Nagast, tr. E.A.W. Budge 1922 (archive.org, OCR), Public Domain	0.85
Lalibala	slug:kebra-nagast:lalibala	Lalibala, named in Kebra Nagast		Lalibala		English	Christian	Ethiopian Orthodox Tewahedo	Kebra Nagast	Kebra Nagast	Kebra Nagast 117	https://archive.org/details/budge-1922-kebra-nagast	1	human	personal	attested		Kebra Nagast, tr. E.A.W. Budge 1922 (archive.org, OCR), Public Domain	0.85
Lamech	slug:kebra-nagast:lamech	Lamech, named in Kebra Nagast		Lamech		English	Christian	Ethiopian Orthodox Tewahedo	Kebra Nagast	Kebra Nagast	Kebra Nagast 5	https://archive.org/details/budge-1922-kebra-nagast	2	human	personal	attested		Kebra Nagast, tr. E.A.W. Budge 1922 (archive.org, OCR), Public Domain	0.85
Levi	slug:kebra-nagast:levi	Levi, named in Kebra Nagast		Levi		English	Christian	Ethiopian Orthodox Tewahedo	Kebra Nagast	Kebra Nagast	Kebra Nagast 70	https://archive.org/details/budge-1922-kebra-nagast	3	human	personal	attested		Kebra Nagast, tr. E.A.W. Budge 1922 (archive.org, OCR), Public Domain	0.85
Luke	slug:kebra-nagast:luke	Luke, named in Kebra Nagast		Luke		English	Christian	Ethiopian Orthodox Tewahedo	Kebra Nagast	Kebra Nagast	Kebra Nagast 16	https://archive.org/details/budge-1922-kebra-nagast	13	human	personal	attested		Kebra Nagast, tr. E.A.W. Budge 1922 (archive.org, OCR), Public Domain	0.85
Mahalaleel	slug:kebra-nagast:mahalaleel	Mahalaleel, named in Kebra Nagast		Mahalaleel		English	Christian	Ethiopian Orthodox Tewahedo	Kebra Nagast	Kebra Nagast	Kebra Nagast 5	https://archive.org/details/budge-1922-kebra-nagast	3	human	personal	attested		Kebra Nagast, tr. E.A.W. Budge 1922 (archive.org, OCR), Public Domain	0.85
Maksaba	slug:kebra-nagast:maksaba	Maksaba, named in Kebra Nagast	girl	Maksaba		English	Christian	Ethiopian Orthodox Tewahedo	Kebra Nagast	Kebra Nagast	Kebra Nagast 80	https://archive.org/details/budge-1922-kebra-nagast	6	human	personal	attested		Kebra Nagast, tr. E.A.W. Budge 1922 (archive.org, OCR), Public Domain	0.85
Makshara	slug:kebra-nagast:makshara	Makshara, named in Kebra Nagast	girl	Makshara		English	Christian	Ethiopian Orthodox Tewahedo	Kebra Nagast	Kebra Nagast	Kebra Nagast 63	https://archive.org/details/budge-1922-kebra-nagast	1	human	personal	attested		Kebra Nagast, tr. E.A.W. Budge 1922 (archive.org, OCR), Public Domain	0.85
Malachi	slug:kebra-nagast:malachi	Malachi, named in Kebra Nagast		Malachi		English	Christian	Ethiopian Orthodox Tewahedo	Kebra Nagast	Kebra Nagast	Kebra Nagast 106	https://archive.org/details/budge-1922-kebra-nagast	5	human	personal	attested		Kebra Nagast, tr. E.A.W. Budge 1922 (archive.org, OCR), Public Domain	0.85
Manasseh	slug:kebra-nagast:manasseh	Manasseh, named in Kebra Nagast		Manasseh		English	Christian	Ethiopian Orthodox Tewahedo	Kebra Nagast	Kebra Nagast	Kebra Nagast 75	https://archive.org/details/budge-1922-kebra-nagast	7	human	personal	attested		Kebra Nagast, tr. E.A.W. Budge 1922 (archive.org, OCR), Public Domain	0.85
Mara	slug:kebra-nagast:mara	Mara, named in Kebra Nagast		Mara		English	Christian	Ethiopian Orthodox Tewahedo	Kebra Nagast	Kebra Nagast	Kebra Nagast 117	https://archive.org/details/budge-1922-kebra-nagast	1	human	personal	attested		Kebra Nagast, tr. E.A.W. Budge 1922 (archive.org, OCR), Public Domain	0.85
Mary	slug:kebra-nagast:mary	Mary, named in Kebra Nagast	girl	Mary		English	Christian	Ethiopian Orthodox Tewahedo	Kebra Nagast	Kebra Nagast	Kebra Nagast 2	https://archive.org/details/budge-1922-kebra-nagast	47	human	personal	attested		Kebra Nagast, tr. E.A.W. Budge 1922 (archive.org, OCR), Public Domain	0.85
Maskal	slug:kebra-nagast:maskal	Maskal, named in Kebra Nagast	boy	Maskal		English	Christian	Ethiopian Orthodox Tewahedo	Kebra Nagast	Kebra Nagast	Kebra Nagast 117	https://archive.org/details/budge-1922-kebra-nagast	5	human	personal	attested		Kebra Nagast, tr. E.A.W. Budge 1922 (archive.org, OCR), Public Domain	0.85
Matan	slug:kebra-nagast:matan	Matan, named in Kebra Nagast	boy	Matan		English	Christian	Ethiopian Orthodox Tewahedo	Kebra Nagast	Kebra Nagast	Kebra Nagast 43	https://archive.org/details/budge-1922-kebra-nagast	2	human	personal	attested		Kebra Nagast, tr. E.A.W. Budge 1922 (archive.org, OCR), Public Domain	0.85
Mati	slug:kebra-nagast:mati	Mati, named in Kebra Nagast		Mati		English	Christian	Ethiopian Orthodox Tewahedo	Kebra Nagast	Kebra Nagast	Kebra Nagast 70	https://archive.org/details/budge-1922-kebra-nagast	4	human	personal	attested		Kebra Nagast, tr. E.A.W. Budge 1922 (archive.org, OCR), Public Domain	0.85
Matthew	slug:kebra-nagast:matthew	Matthew, named in Kebra Nagast		Matthew		English	Christian	Ethiopian Orthodox Tewahedo	Kebra Nagast	Kebra Nagast	Kebra Nagast 9–11	https://archive.org/details/budge-1922-kebra-nagast	17	human	personal	attested		Kebra Nagast, tr. E.A.W. Budge 1922 (archive.org, OCR), Public Domain	0.85
Melchizedek	slug:kebra-nagast:melchizedek	Melchizedek, named in Kebra Nagast		Melchizedek		English	Christian	Ethiopian Orthodox Tewahedo	Kebra Nagast	Kebra Nagast	Kebra Nagast 66	https://archive.org/details/budge-1922-kebra-nagast	4	human	personal	attested		Kebra Nagast, tr. E.A.W. Budge 1922 (archive.org, OCR), Public Domain	0.85
Menahem	slug:kebra-nagast:menahem	Menahem, named in Kebra Nagast		Menahem		English	Christian	Ethiopian Orthodox Tewahedo	Kebra Nagast	Kebra Nagast	Kebra Nagast 80	https://archive.org/details/budge-1922-kebra-nagast	2	human	personal	attested		Kebra Nagast, tr. E.A.W. Budge 1922 (archive.org, OCR), Public Domain	0.85
Menyelek	slug:kebra-nagast:menyelek	Menyelek, named in Kebra Nagast		Menyelek		English	Christian	Ethiopian Orthodox Tewahedo	Kebra Nagast	Kebra Nagast	Kebra Nagast 1	https://archive.org/details/budge-1922-kebra-nagast	119	angel	personal	attested		Kebra Nagast, tr. E.A.W. Budge 1922 (archive.org, OCR), Public Domain	0.85
Methuselah	Q156290	Methuselah, The oldest person mentioned in the Bible	boy	Methuselah		English	Christian	Ethiopian Orthodox Tewahedo	Kebra Nagast	Kebra Nagast	Kebra Nagast 5	https://archive.org/details/budge-1922-kebra-nagast	2	human	personal	attested	Wikidata	Kebra Nagast, tr. E.A.W. Budge 1922 (archive.org, OCR), Public Domain + Wikidata (CC0)	0.85
Micah	slug:kebra-nagast:micah	Micah, named in Kebra Nagast		Micah		English	Christian	Ethiopian Orthodox Tewahedo	Kebra Nagast	Kebra Nagast	Kebra Nagast 106	https://archive.org/details/budge-1922-kebra-nagast	8	human	personal	attested		Kebra Nagast, tr. E.A.W. Budge 1922 (archive.org, OCR), Public Domain	0.85
Michael	Q45581	Michael, archangel		Michael		English	Christian	Ethiopian Orthodox Tewahedo	Kebra Nagast	Kebra Nagast	Kebra Nagast 36	https://archive.org/details/budge-1922-kebra-nagast	10	angel	personal	attested	identified by this text's own context	Kebra Nagast, tr. E.A.W. Budge 1922 (archive.org, OCR), Public Domain	0.85
Moses	Q9077	Moses, prophet who led the Israelites out of Egypt	boy	Moses		English	Christian	Ethiopian Orthodox Tewahedo	Kebra Nagast	Kebra Nagast	Kebra Nagast 12	https://archive.org/details/budge-1922-kebra-nagast	105	human	personal	attested	same figure as the Bible's Moses	Kebra Nagast, tr. E.A.W. Budge 1922 (archive.org, OCR), Public Domain	0.85
Naasson	slug:kebra-nagast:naasson	Naasson, named in Kebra Nagast		Naasson		English	Christian	Ethiopian Orthodox Tewahedo	Kebra Nagast	Kebra Nagast	Kebra Nagast 16	https://archive.org/details/budge-1922-kebra-nagast	2	human	personal	attested		Kebra Nagast, tr. E.A.W. Budge 1922 (archive.org, OCR), Public Domain	0.85
Nahor	slug:kebra-nagast:nahor	Nahor, named in Kebra Nagast		Nahor		English	Christian	Ethiopian Orthodox Tewahedo	Kebra Nagast	Kebra Nagast	Kebra Nagast 12	https://archive.org/details/budge-1922-kebra-nagast	2	human	personal	attested		Kebra Nagast, tr. E.A.W. Budge 1922 (archive.org, OCR), Public Domain	0.85
Nathan	slug:kebra-nagast:nathan	Nathan, named in Kebra Nagast	boy	Nathan		English	Christian	Ethiopian Orthodox Tewahedo	Kebra Nagast	Kebra Nagast	Kebra Nagast 43	https://archive.org/details/budge-1922-kebra-nagast	2	human	personal	attested		Kebra Nagast, tr. E.A.W. Budge 1922 (archive.org, OCR), Public Domain	0.85
Nebuchadnezzar	Q12591	Nebuchadnezzar, Emperor of Babylon who conquered Judah	boy	Nebuchadnezzar		English	Christian	Ethiopian Orthodox Tewahedo	Kebra Nagast	Kebra Nagast	Kebra Nagast 117	https://archive.org/details/budge-1922-kebra-nagast	1	human	personal	attested	same figure as the Bible's Nebuchadnezzar	Kebra Nagast, tr. E.A.W. Budge 1922 (archive.org, OCR), Public Domain	0.85
Noah	Q81422	Noah, survivor of the Flood	boy	Noah		English	Christian	Ethiopian Orthodox Tewahedo	Kebra Nagast	Kebra Nagast	Kebra Nagast 5	https://archive.org/details/budge-1922-kebra-nagast	29	human	personal	attested	same figure as the Bible's Noah	Kebra Nagast, tr. E.A.W. Budge 1922 (archive.org, OCR), Public Domain	0.85
Obed	slug:kebra-nagast:obed	Obed, named in Kebra Nagast		Obed		English	Christian	Ethiopian Orthodox Tewahedo	Kebra Nagast	Kebra Nagast	Kebra Nagast 16	https://archive.org/details/budge-1922-kebra-nagast	2	human	personal	attested		Kebra Nagast, tr. E.A.W. Budge 1922 (archive.org, OCR), Public Domain	0.85
Oren	slug:kebra-nagast:oren	Oren, named in Kebra Nagast		Oren		English	Christian	Ethiopian Orthodox Tewahedo	Kebra Nagast	Kebra Nagast	Kebra Nagast 16	https://archive.org/details/budge-1922-kebra-nagast	2	human	personal	attested		Kebra Nagast, tr. E.A.W. Budge 1922 (archive.org, OCR), Public Domain	0.85
Parmenas	slug:kebra-nagast:parmenas	Parmenas, named in Kebra Nagast		Parmenas		English	Christian	Ethiopian Orthodox Tewahedo	Kebra Nagast	Kebra Nagast	Kebra Nagast 117	https://archive.org/details/budge-1922-kebra-nagast	1	human	personal	attested		Kebra Nagast, tr. E.A.W. Budge 1922 (archive.org, OCR), Public Domain	0.85
Paul	slug:kebra-nagast:paul	Paul, named in Kebra Nagast		Paul		English	Christian	Ethiopian Orthodox Tewahedo	Kebra Nagast	Kebra Nagast	Kebra Nagast 28	https://archive.org/details/budge-1922-kebra-nagast	7	human	personal	attested		Kebra Nagast, tr. E.A.W. Budge 1922 (archive.org, OCR), Public Domain	0.85
Peleg	slug:kebra-nagast:peleg	Peleg, named in Kebra Nagast		Peleg		English	Christian	Ethiopian Orthodox Tewahedo	Kebra Nagast	Kebra Nagast	Kebra Nagast 12	https://archive.org/details/budge-1922-kebra-nagast	2	human	personal	attested		Kebra Nagast, tr. E.A.W. Budge 1922 (archive.org, OCR), Public Domain	0.85
Perez	slug:kebra-nagast:perez	Perez, named in Kebra Nagast		Perez		English	Christian	Ethiopian Orthodox Tewahedo	Kebra Nagast	Kebra Nagast	Kebra Nagast 68	https://archive.org/details/budge-1922-kebra-nagast	3	human	personal	attested		Kebra Nagast, tr. E.A.W. Budge 1922 (archive.org, OCR), Public Domain	0.85
Peter	slug:kebra-nagast:peter	Peter, named in Kebra Nagast		Peter		English	Christian	Ethiopian Orthodox Tewahedo	Kebra Nagast	Kebra Nagast	Kebra Nagast 54	https://archive.org/details/budge-1922-kebra-nagast	9	human	personal	attested		Kebra Nagast, tr. E.A.W. Budge 1922 (archive.org, OCR), Public Domain	0.85
Pharaoh	slug:kebra-nagast:pharaoh	Pharaoh, named in Kebra Nagast	boy	Pharaoh		English	Christian	Ethiopian Orthodox Tewahedo	Kebra Nagast	Kebra Nagast	Kebra Nagast 59	https://archive.org/details/budge-1922-kebra-nagast	27	human	personal	attested		Kebra Nagast, tr. E.A.W. Budge 1922 (archive.org, OCR), Public Domain	0.85
Pharez	slug:kebra-nagast:pharez	Pharez, named in Kebra Nagast		Pharez		English	Christian	Ethiopian Orthodox Tewahedo	Kebra Nagast	Kebra Nagast	Kebra Nagast 16	https://archive.org/details/budge-1922-kebra-nagast	2	human	personal	attested		Kebra Nagast, tr. E.A.W. Budge 1922 (archive.org, OCR), Public Domain	0.85
Philip	slug:kebra-nagast:philip	Philip, named in Kebra Nagast		Philip		English	Christian	Ethiopian Orthodox Tewahedo	Kebra Nagast	Kebra Nagast	Kebra Nagast 117	https://archive.org/details/budge-1922-kebra-nagast	3	human	personal	attested		Kebra Nagast, tr. E.A.W. Budge 1922 (archive.org, OCR), Public Domain	0.85
Phinehas	slug:kebra-nagast:phinehas	Phinehas, named in Kebra Nagast		Phinehas		English	Christian	Ethiopian Orthodox Tewahedo	Kebra Nagast	Kebra Nagast	Kebra Nagast 61	https://archive.org/details/budge-1922-kebra-nagast	3	human	personal	attested		Kebra Nagast, tr. E.A.W. Budge 1922 (archive.org, OCR), Public Domain	0.85
Rebecca	Q226664	Rebekah, Wife of Isaac	girl	Rebecca		English	Christian	Ethiopian Orthodox Tewahedo	Kebra Nagast	Kebra Nagast	Kebra Nagast 68	https://archive.org/details/budge-1922-kebra-nagast	2	human	personal	attested	same figure as the Bible's Rebecca	Kebra Nagast, tr. E.A.W. Budge 1922 (archive.org, OCR), Public Domain	0.85
Rebekah	Q226664	Rebekah, Wife of Isaac	girl	Rebekah		English	Christian	Ethiopian Orthodox Tewahedo	Kebra Nagast	Kebra Nagast	Kebra Nagast 112	https://archive.org/details/budge-1922-kebra-nagast	1	human	personal	attested	same figure as the Bible's Rebekah	Kebra Nagast, tr. E.A.W. Budge 1922 (archive.org, OCR), Public Domain	0.85
Rehoboam	Q211663	Rehoboam, Son of Solomon	boy	Rehoboam		English	Christian	Ethiopian Orthodox Tewahedo	Kebra Nagast	Kebra Nagast	Kebra Nagast 34	https://archive.org/details/budge-1922-kebra-nagast	31	human	personal	attested	same figure as the Bible's Rehoboam	Kebra Nagast, tr. E.A.W. Budge 1922 (archive.org, OCR), Public Domain	0.85
Reu	Q2040793	Reu, Son of Peleg	boy	Reu		English	Christian	Ethiopian Orthodox Tewahedo	Kebra Nagast	Kebra Nagast	Kebra Nagast 12	https://archive.org/details/budge-1922-kebra-nagast	2	human	personal	attested	Wikidata	Kebra Nagast, tr. E.A.W. Budge 1922 (archive.org, OCR), Public Domain + Wikidata (CC0)	0.85
Reuben	Q625661	Reuben, Firstborn son of Jacob and Leah	boy	Reuben		English	Christian	Ethiopian Orthodox Tewahedo	Kebra Nagast	Kebra Nagast	Kebra Nagast 68	https://archive.org/details/budge-1922-kebra-nagast	3	human	personal	attested	same figure as the Bible's Reuben	Kebra Nagast, tr. E.A.W. Budge 1922 (archive.org, OCR), Public Domain	0.85
Sala	slug:kebra-nagast:sala	Sala, named in Kebra Nagast		Sala		English	Christian	Ethiopian Orthodox Tewahedo	Kebra Nagast	Kebra Nagast	Kebra Nagast 12	https://archive.org/details/budge-1922-kebra-nagast	2	human	personal	attested		Kebra Nagast, tr. E.A.W. Budge 1922 (archive.org, OCR), Public Domain	0.85
Salah	slug:kebra-nagast:salah	Salah, named in Kebra Nagast		Salah		English	Christian	Ethiopian Orthodox Tewahedo	Kebra Nagast	Kebra Nagast	Kebra Nagast 12	https://archive.org/details/budge-1922-kebra-nagast	2	human	personal	attested		Kebra Nagast, tr. E.A.W. Budge 1922 (archive.org, OCR), Public Domain	0.85
Samson	Q214648	Samson, Israelite judge with great strength from God	boy	Samson		English	Christian	Ethiopian Orthodox Tewahedo	Kebra Nagast	Kebra Nagast	Kebra Nagast 64	https://archive.org/details/budge-1922-kebra-nagast	14	human	personal	attested	same figure as the Bible's Samson	Kebra Nagast, tr. E.A.W. Budge 1922 (archive.org, OCR), Public Domain	0.85
Samuel	Q6577515	Samuel, Prophet and last judge of Israel before the kings	boy	Samuel		English	Christian	Ethiopian Orthodox Tewahedo	Kebra Nagast	Kebra Nagast	Kebra Nagast 34	https://archive.org/details/budge-1922-kebra-nagast	15	human	personal	attested	same figure as the Bible's Samuel	Kebra Nagast, tr. E.A.W. Budge 1922 (archive.org, OCR), Public Domain	0.85
Sara	Q194808	Sarah, Wife of Abraham	girl	Sara		English	Christian	Ethiopian Orthodox Tewahedo	Kebra Nagast	Kebra Nagast	Kebra Nagast 68	https://archive.org/details/budge-1922-kebra-nagast	2	human	personal	attested	same figure as the Bible's Sara	Kebra Nagast, tr. E.A.W. Budge 1922 (archive.org, OCR), Public Domain	0.85
Sarah	Q194808	Sarah, Wife of Abraham	girl	Sarah		English	Christian	Ethiopian Orthodox Tewahedo	Kebra Nagast	Kebra Nagast	Kebra Nagast 14–15	https://archive.org/details/budge-1922-kebra-nagast	11	human	personal	attested	same figure as the Bible's Sarah	Kebra Nagast, tr. E.A.W. Budge 1922 (archive.org, OCR), Public Domain	0.85
Saul	slug:kebra-nagast:saul	Saul, named in Kebra Nagast		Saul		English	Christian	Ethiopian Orthodox Tewahedo	Kebra Nagast	Kebra Nagast	Kebra Nagast 44–45	https://archive.org/details/budge-1922-kebra-nagast	5	human	personal	attested		Kebra Nagast, tr. E.A.W. Budge 1922 (archive.org, OCR), Public Domain	0.85
Serug	slug:kebra-nagast:serug	Serug, named in Kebra Nagast		Serug		English	Christian	Ethiopian Orthodox Tewahedo	Kebra Nagast	Kebra Nagast	Kebra Nagast 12	https://archive.org/details/budge-1922-kebra-nagast	2	human	personal	attested		Kebra Nagast, tr. E.A.W. Budge 1922 (archive.org, OCR), Public Domain	0.85
Seth	Q107626	Seth, Third son of Adam and Eve	boy	Seth		English	Christian	Ethiopian Orthodox Tewahedo	Kebra Nagast	Kebra Nagast	Kebra Nagast 4	https://archive.org/details/budge-1922-kebra-nagast	5	human	personal	attested	Wikidata	Kebra Nagast, tr. E.A.W. Budge 1922 (archive.org, OCR), Public Domain + Wikidata (CC0)	0.85
Shem	slug:kebra-nagast:shem	Shem, named in Kebra Nagast	boy	Shem		English	Christian	Ethiopian Orthodox Tewahedo	Kebra Nagast	Kebra Nagast	Kebra Nagast 9–11	https://archive.org/details/budge-1922-kebra-nagast	32	human	personal	attested		Kebra Nagast, tr. E.A.W. Budge 1922 (archive.org, OCR), Public Domain	0.85
Shimei	slug:kebra-nagast:shimei	Shimei, named in Kebra Nagast		Shimei		English	Christian	Ethiopian Orthodox Tewahedo	Kebra Nagast	Kebra Nagast	Kebra Nagast 65	https://archive.org/details/budge-1922-kebra-nagast	2	human	personal	attested		Kebra Nagast, tr. E.A.W. Budge 1922 (archive.org, OCR), Public Domain	0.85
Silas	slug:kebra-nagast:silas	Silas, named in Kebra Nagast		Silas		English	Christian	Ethiopian Orthodox Tewahedo	Kebra Nagast	Kebra Nagast	Kebra Nagast 102	https://archive.org/details/budge-1922-kebra-nagast	2	human	personal	attested		Kebra Nagast, tr. E.A.W. Budge 1922 (archive.org, OCR), Public Domain	0.85
Simeon	slug:kebra-nagast:simeon	Simeon, named in Kebra Nagast		Simeon		English	Christian	Ethiopian Orthodox Tewahedo	Kebra Nagast	Kebra Nagast	Kebra Nagast 54	https://archive.org/details/budge-1922-kebra-nagast	1	human	personal	attested		Kebra Nagast, tr. E.A.W. Budge 1922 (archive.org, OCR), Public Domain	0.85
Sinai	slug:kebra-nagast:sinai	Sinai, named in Kebra Nagast		Sinai		English	Christian	Ethiopian Orthodox Tewahedo	Kebra Nagast	Kebra Nagast	Kebra Nagast 12	https://archive.org/details/budge-1922-kebra-nagast	10	human	personal	attested		Kebra Nagast, tr. E.A.W. Budge 1922 (archive.org, OCR), Public Domain	0.85
Solomon	Q37085	Solomon, king of Israel, son of David	boy	Solomon		English	Christian	Ethiopian Orthodox Tewahedo	Kebra Nagast	Kebra Nagast	Kebra Nagast 20	https://archive.org/details/budge-1922-kebra-nagast	225	human	personal	attested	Wikidata	Kebra Nagast, tr. E.A.W. Budge 1922 (archive.org, OCR), Public Domain + Wikidata (CC0)	0.85
Stephen	slug:kebra-nagast:stephen	Stephen, named in Kebra Nagast		Stephen		English	Christian	Ethiopian Orthodox Tewahedo	Kebra Nagast	Kebra Nagast	Kebra Nagast 102	https://archive.org/details/budge-1922-kebra-nagast	3	human	personal	attested		Kebra Nagast, tr. E.A.W. Budge 1922 (archive.org, OCR), Public Domain	0.85
Tamrin	slug:kebra-nagast:tamrin	Tamrin, named in Kebra Nagast		Tamrin		English	Christian	Ethiopian Orthodox Tewahedo	Kebra Nagast	Kebra Nagast	Kebra Nagast 21–22	https://archive.org/details/budge-1922-kebra-nagast	12	human	personal	attested		Kebra Nagast, tr. E.A.W. Budge 1922 (archive.org, OCR), Public Domain	0.85
Tarbana	slug:kebra-nagast:tarbana	Tarbana, named in Kebra Nagast		Tarbana		English	Christian	Ethiopian Orthodox Tewahedo	Kebra Nagast	Kebra Nagast	Kebra Nagast 68	https://archive.org/details/budge-1922-kebra-nagast	1	human	personal	attested		Kebra Nagast, tr. E.A.W. Budge 1922 (archive.org, OCR), Public Domain	0.85
Tarmiza	slug:kebra-nagast:tarmiza	Tarmiza, named in Kebra Nagast	girl	Tarmiza		English	Christian	Ethiopian Orthodox Tewahedo	Kebra Nagast	Kebra Nagast	Kebra Nagast 68	https://archive.org/details/budge-1922-kebra-nagast	2	human	personal	attested		Kebra Nagast, tr. E.A.W. Budge 1922 (archive.org, OCR), Public Domain	0.85
Uriah	slug:kebra-nagast:uriah	Uriah, named in Kebra Nagast		Uriah		English	Christian	Ethiopian Orthodox Tewahedo	Kebra Nagast	Kebra Nagast	Kebra Nagast 65	https://archive.org/details/budge-1922-kebra-nagast	2	human	personal	attested		Kebra Nagast, tr. E.A.W. Budge 1922 (archive.org, OCR), Public Domain	0.85
Uriel	Q209378	Uriel		Uriel		English	Christian	Ethiopian Orthodox Tewahedo	Kebra Nagast	Kebra Nagast	Kebra Nagast 68	https://archive.org/details/budge-1922-kebra-nagast	3	angel	personal	attested	identified by this text's own context	Kebra Nagast, tr. E.A.W. Budge 1922 (archive.org, OCR), Public Domain	0.85
Uzziah	slug:kebra-nagast:uzziah	Uzziah, named in Kebra Nagast		Uzziah		English	Christian	Ethiopian Orthodox Tewahedo	Kebra Nagast	Kebra Nagast	Kebra Nagast 44–45	https://archive.org/details/budge-1922-kebra-nagast	2	human	personal	attested		Kebra Nagast, tr. E.A.W. Budge 1922 (archive.org, OCR), Public Domain	0.85
Yodad	slug:kebra-nagast:yodad	Yodad, named in Kebra Nagast		Yodad		English	Christian	Ethiopian Orthodox Tewahedo	Kebra Nagast	Kebra Nagast	Kebra Nagast 72	https://archive.org/details/budge-1922-kebra-nagast	1	human	personal	attested		Kebra Nagast, tr. E.A.W. Budge 1922 (archive.org, OCR), Public Domain	0.85
Zacharias	slug:kebra-nagast:zacharias	Zacharias, named in Kebra Nagast		Zacharias		English	Christian	Ethiopian Orthodox Tewahedo	Kebra Nagast	Kebra Nagast	Kebra Nagast 29	https://archive.org/details/budge-1922-kebra-nagast	1	human	personal	attested		Kebra Nagast, tr. E.A.W. Budge 1922 (archive.org, OCR), Public Domain	0.85
Zadok	slug:kebra-nagast:zadok	Zadok, named in Kebra Nagast	boy	Zadok		English	Christian	Ethiopian Orthodox Tewahedo	Kebra Nagast	Kebra Nagast	Kebra Nagast 39	https://archive.org/details/budge-1922-kebra-nagast	28	human	personal	attested		Kebra Nagast, tr. E.A.W. Budge 1922 (archive.org, OCR), Public Domain	0.85
Zara	slug:kebra-nagast:zara	Zara, named in Kebra Nagast		Zara		English	Christian	Ethiopian Orthodox Tewahedo	Kebra Nagast	Kebra Nagast	Kebra Nagast 77	https://archive.org/details/budge-1922-kebra-nagast	2	human	personal	attested		Kebra Nagast, tr. E.A.W. Budge 1922 (archive.org, OCR), Public Domain	0.85
Zebedee	slug:kebra-nagast:zebedee	Zebedee, named in Kebra Nagast		Zebedee		English	Christian	Ethiopian Orthodox Tewahedo	Kebra Nagast	Kebra Nagast	Kebra Nagast 95	https://archive.org/details/budge-1922-kebra-nagast	4	human	personal	attested		Kebra Nagast, tr. E.A.W. Budge 1922 (archive.org, OCR), Public Domain	0.85
Zechariah	slug:kebra-nagast:zechariah	Zechariah, named in Kebra Nagast		Zechariah		English	Christian	Ethiopian Orthodox Tewahedo	Kebra Nagast	Kebra Nagast	Kebra Nagast 44–45	https://archive.org/details/budge-1922-kebra-nagast	20	human	personal	attested		Kebra Nagast, tr. E.A.W. Budge 1922 (archive.org, OCR), Public Domain	0.85
Zion	slug:kebra-nagast:zion	Zion, named in Kebra Nagast		Zion		English	Christian	Ethiopian Orthodox Tewahedo	Kebra Nagast	Kebra Nagast	Kebra Nagast 1	https://archive.org/details/budge-1922-kebra-nagast	213	human	personal	attested		Kebra Nagast, tr. E.A.W. Budge 1922 (archive.org, OCR), Public Domain	0.85
Aaron	Q51676	Aaron, brother of Moses	boy	Aaron		English	Christian		Apostolic Fathers	1 Clement	1 Clement 4:11	https://www.earlychristianwritings.com/text/1clement-lightfoot.html	2	human	personal	attested	same figure as the Bible's Aaron	Apostolic Fathers, tr. J.B. Lightfoot & J.R. Harmer 1891 (earlychristianwritings.com), Public Domain	0.85
Abiram	slug:apostolic-fathers:abiram	Abiram, named in 1 Clement		Abiram		English	Christian		Apostolic Fathers	1 Clement	1 Clement 4:12	https://www.earlychristianwritings.com/text/1clement-lightfoot.html	1	human	personal	attested		Apostolic Fathers, tr. J.B. Lightfoot & J.R. Harmer 1891 (earlychristianwritings.com), Public Domain	0.85
Abraham	Q9181	Abraham, patriarch	boy	Abraham		English	Christian		Apostolic Fathers	1 Clement	1 Clement 10:1	https://www.earlychristianwritings.com/text/1clement-lightfoot.html	12	human	personal	attested	same figure as the Bible's Abraham	Apostolic Fathers, tr. J.B. Lightfoot & J.R. Harmer 1891 (earlychristianwritings.com), Public Domain	0.85
Amalek	slug:apostolic-fathers:amalek	Amalek, named in Epistle of Barnabas		Amalek		English	Christian		Apostolic Fathers	Epistle of Barnabas	Epistle of Barnabas 12:9	https://www.earlychristianwritings.com/text/barnabas-lightfoot.html	1	human	personal	attested		Apostolic Fathers, tr. J.B. Lightfoot & J.R. Harmer 1891 (earlychristianwritings.com), Public Domain	0.85
Ananias	slug:apostolic-fathers:ananias	Ananias, named in 1 Clement		Ananias		English	Christian		Apostolic Fathers	1 Clement	1 Clement 45:7	https://www.earlychristianwritings.com/text/1clement-lightfoot.html	1	human	personal	attested		Apostolic Fathers, tr. J.B. Lightfoot & J.R. Harmer 1891 (earlychristianwritings.com), Public Domain	0.85
Apollos	slug:apostolic-fathers:apollos	Apollos, named in 1 Clement		Apollos		English	Christian		Apostolic Fathers	1 Clement	1 Clement 47:3	https://www.earlychristianwritings.com/text/1clement-lightfoot.html	1	human	personal	attested		Apostolic Fathers, tr. J.B. Lightfoot & J.R. Harmer 1891 (earlychristianwritings.com), Public Domain	0.85
Cephas	slug:biblical:peter@mat.4.18-2pe	Peter, Apostle of Jesus	boy	Cephas		English	Christian		Apostolic Fathers	1 Clement	1 Clement 47:3	https://www.earlychristianwritings.com/text/1clement-lightfoot.html	1	human	personal	attested	same figure as the Bible's Cephas	Apostolic Fathers, tr. J.B. Lightfoot & J.R. Harmer 1891 (earlychristianwritings.com), Public Domain	0.85
Claudius	slug:apostolic-fathers:claudius	Claudius, named in 1 Clement		Claudius		English	Christian		Apostolic Fathers	1 Clement	1 Clement 65:1	https://www.earlychristianwritings.com/text/1clement-lightfoot.html	1	human	personal	attested		Apostolic Fathers, tr. J.B. Lightfoot & J.R. Harmer 1891 (earlychristianwritings.com), Public Domain	0.85
Clement	slug:apostolic-fathers:clement	Clement, named in Shepherd of Hermas		Clement		English	Christian		Apostolic Fathers	Shepherd of Hermas	Shepherd of Hermas 8:3	https://www.earlychristianwritings.com/text/shepherd-lightfoot.html	2	human	personal	attested		Apostolic Fathers, tr. J.B. Lightfoot & J.R. Harmer 1891 (earlychristianwritings.com), Public Domain	0.85
Daniel	Q171724	Daniel, Prophet in Babylon	boy	Daniel		English	Christian		Apostolic Fathers	1 Clement	1 Clement 45:6	https://www.earlychristianwritings.com/text/1clement-lightfoot.html	2	human	personal	attested	same figure as the Bible's Daniel	Apostolic Fathers, tr. J.B. Lightfoot & J.R. Harmer 1891 (earlychristianwritings.com), Public Domain	0.85
Dathan	slug:apostolic-fathers:dathan	Dathan, named in 1 Clement		Dathan		English	Christian		Apostolic Fathers	1 Clement	1 Clement 4:12	https://www.earlychristianwritings.com/text/1clement-lightfoot.html	1	human	personal	attested		Apostolic Fathers, tr. J.B. Lightfoot & J.R. Harmer 1891 (earlychristianwritings.com), Public Domain	0.85
David	slug:apostolic-fathers:david	David, named in Didache	boy	David		English	Christian		Apostolic Fathers	Didache	Didache 9:3	https://www.earlychristianwritings.com/text/didache-lightfoot.html	10	human	personal	attested		Apostolic Fathers, tr. J.B. Lightfoot & J.R. Harmer 1891 (earlychristianwritings.com), Public Domain	0.85
Eldad	slug:apostolic-fathers:eldad	Eldad, named in Shepherd of Hermas		Eldad		English	Christian		Apostolic Fathers	Shepherd of Hermas	Shepherd of Hermas 7:4	https://www.earlychristianwritings.com/text/shepherd-lightfoot.html	1	human	personal	attested		Apostolic Fathers, tr. J.B. Lightfoot & J.R. Harmer 1891 (earlychristianwritings.com), Public Domain	0.85
Elijah	Q133507	Elijah, prophet	boy	Elijah		English	Christian		Apostolic Fathers	1 Clement	1 Clement 17:1	https://www.earlychristianwritings.com/text/1clement-lightfoot.html	1	human	personal	attested	same figure as the Bible's Elijah	Apostolic Fathers, tr. J.B. Lightfoot & J.R. Harmer 1891 (earlychristianwritings.com), Public Domain	0.85
Elisha	Q206238	Elisha, prophet, successor of Elijah	boy	Elisha		English	Christian		Apostolic Fathers	1 Clement	1 Clement 17:1	https://www.earlychristianwritings.com/text/1clement-lightfoot.html	1	human	personal	attested	same figure as the Bible's Elisha	Apostolic Fathers, tr. J.B. Lightfoot & J.R. Harmer 1891 (earlychristianwritings.com), Public Domain	0.85
Enoch	slug:apostolic-fathers:enoch	Enoch, named in 1 Clement		Enoch		English	Christian		Apostolic Fathers	1 Clement	1 Clement 9:3	https://www.earlychristianwritings.com/text/1clement-lightfoot.html	2	human	personal	attested		Apostolic Fathers, tr. J.B. Lightfoot & J.R. Harmer 1891 (earlychristianwritings.com), Public Domain	0.85
Esau	slug:apostolic-fathers:esau	Esau, named in 1 Clement	boy	Esau		English	Christian		Apostolic Fathers	1 Clement	1 Clement 4:8	https://www.earlychristianwritings.com/text/1clement-lightfoot.html	1	human	personal	attested		Apostolic Fathers, tr. J.B. Lightfoot & J.R. Harmer 1891 (earlychristianwritings.com), Public Domain	0.85
Esther	Q732413	Esther, Jewish queen of Persia	girl	Esther		English	Christian		Apostolic Fathers	1 Clement	1 Clement 55:6	https://www.earlychristianwritings.com/text/1clement-lightfoot.html	1	human	personal	attested	same figure as the Bible's Esther	Apostolic Fathers, tr. J.B. Lightfoot & J.R. Harmer 1891 (earlychristianwritings.com), Public Domain	0.85
Eve	slug:apostolic-fathers:eve	Eve, named in Epistle of Barnabas		Eve		English	Christian		Apostolic Fathers	Epistle of Barnabas	Epistle of Barnabas 12:5	https://www.earlychristianwritings.com/text/barnabas-lightfoot.html	1	human	personal	attested		Apostolic Fathers, tr. J.B. Lightfoot & J.R. Harmer 1891 (earlychristianwritings.com), Public Domain	0.85
Ezekiel	slug:apostolic-fathers:ezekiel	Ezekiel, named in 1 Clement		Ezekiel		English	Christian		Apostolic Fathers	1 Clement	1 Clement 17:1	https://www.earlychristianwritings.com/text/1clement-lightfoot.html	1	human	personal	attested		Apostolic Fathers, tr. J.B. Lightfoot & J.R. Harmer 1891 (earlychristianwritings.com), Public Domain	0.85
Fortunatus	slug:apostolic-fathers:fortunatus	Fortunatus, named in 1 Clement		Fortunatus		English	Christian		Apostolic Fathers	1 Clement	1 Clement 65:1	https://www.earlychristianwritings.com/text/1clement-lightfoot.html	1	human	personal	attested		Apostolic Fathers, tr. J.B. Lightfoot & J.R. Harmer 1891 (earlychristianwritings.com), Public Domain	0.85
Hermas	slug:apostolic-fathers:hermas	Hermas, named in Shepherd of Hermas		Hermas		English	Christian		Apostolic Fathers	Shepherd of Hermas	Shepherd of Hermas 6:2	https://www.earlychristianwritings.com/text/shepherd-lightfoot.html	9	human	personal	attested		Apostolic Fathers, tr. J.B. Lightfoot & J.R. Harmer 1891 (earlychristianwritings.com), Public Domain	0.85
Isaac	Q671872	Isaac, son of Abraham	boy	Isaac		English	Christian		Apostolic Fathers	1 Clement	1 Clement 31:3	https://www.earlychristianwritings.com/text/1clement-lightfoot.html	6	human	personal	attested	same figure as the Bible's Isaac	Apostolic Fathers, tr. J.B. Lightfoot & J.R. Harmer 1891 (earlychristianwritings.com), Public Domain	0.85
Isaiah	Q188794	Isaiah, Prophet during reigns of Uzziah	boy	Isaiah		English	Christian		Apostolic Fathers	Epistle of Barnabas	Epistle of Barnabas 12:11	https://www.earlychristianwritings.com/text/barnabas-lightfoot.html	1	human	personal	attested	same figure as the Bible's Isaiah	Apostolic Fathers, tr. J.B. Lightfoot & J.R. Harmer 1891 (earlychristianwritings.com), Public Domain	0.85
Israel	Q289957	Jacob (Israel), patriarch, son of Isaac	boy	Israel		English	Christian		Apostolic Fathers	1 Clement	1 Clement 4:13	https://www.earlychristianwritings.com/text/1clement-lightfoot.html	19	human	personal	attested	same figure as the Bible's Israel	Apostolic Fathers, tr. J.B. Lightfoot & J.R. Harmer 1891 (earlychristianwritings.com), Public Domain	0.85
Jacob	Q289957	Jacob (Israel), patriarch, son of Isaac	boy	Jacob		English	Christian		Apostolic Fathers	1 Clement	1 Clement 4:8	https://www.earlychristianwritings.com/text/1clement-lightfoot.html	13	human	personal	attested	same figure as the Bible's Jacob	Apostolic Fathers, tr. J.B. Lightfoot & J.R. Harmer 1891 (earlychristianwritings.com), Public Domain	0.85
Jesse	slug:apostolic-fathers:jesse	Jesse, named in 1 Clement		Jesse		English	Christian		Apostolic Fathers	1 Clement	1 Clement 18:1	https://www.earlychristianwritings.com/text/1clement-lightfoot.html	1	human	personal	attested		Apostolic Fathers, tr. J.B. Lightfoot & J.R. Harmer 1891 (earlychristianwritings.com), Public Domain	0.85
Job	Q179962	Job, the righteous sufferer	boy	Job		English	Christian		Apostolic Fathers	1 Clement	1 Clement 17:3	https://www.earlychristianwritings.com/text/1clement-lightfoot.html	3	human	personal	attested	same figure as the Bible's Job	Apostolic Fathers, tr. J.B. Lightfoot & J.R. Harmer 1891 (earlychristianwritings.com), Public Domain	0.85
Jonah	Q2468262	Jonah, prophet	boy	Jonah		English	Christian		Apostolic Fathers	1 Clement	1 Clement 7:7	https://www.earlychristianwritings.com/text/1clement-lightfoot.html	1	human	personal	attested	same figure as the Bible's Jonah	Apostolic Fathers, tr. J.B. Lightfoot & J.R. Harmer 1891 (earlychristianwritings.com), Public Domain	0.85
Joseph	slug:apostolic-fathers:joseph	Joseph, named in 1 Clement	boy	Joseph		English	Christian		Apostolic Fathers	1 Clement	1 Clement 4:9	https://www.earlychristianwritings.com/text/1clement-lightfoot.html	5	human	personal	attested		Apostolic Fathers, tr. J.B. Lightfoot & J.R. Harmer 1891 (earlychristianwritings.com), Public Domain	0.85
Joshua	slug:apostolic-fathers:joshua	Joshua, named in 1 Clement	boy	Joshua		English	Christian		Apostolic Fathers	1 Clement	1 Clement 12:2	https://www.earlychristianwritings.com/text/1clement-lightfoot.html	2	human	personal	attested		Apostolic Fathers, tr. J.B. Lightfoot & J.R. Harmer 1891 (earlychristianwritings.com), Public Domain	0.85
Judith	slug:apostolic-fathers:judith	Judith, named in 1 Clement		Judith		English	Christian		Apostolic Fathers	1 Clement	1 Clement 55:4	https://www.earlychristianwritings.com/text/1clement-lightfoot.html	1	human	personal	attested		Apostolic Fathers, tr. J.B. Lightfoot & J.R. Harmer 1891 (earlychristianwritings.com), Public Domain	0.85
Manasseh	slug:apostolic-fathers:manasseh	Manasseh, named in Epistle of Barnabas		Manasseh		English	Christian		Apostolic Fathers	Epistle of Barnabas	Epistle of Barnabas 13:5	https://www.earlychristianwritings.com/text/barnabas-lightfoot.html	3	human	personal	attested		Apostolic Fathers, tr. J.B. Lightfoot & J.R. Harmer 1891 (earlychristianwritings.com), Public Domain	0.85
Michael	Q45581	Michael, archangel		Michael		English	Christian		Apostolic Fathers	Shepherd of Hermas	Shepherd of Hermas 69:3	https://www.earlychristianwritings.com/text/shepherd-lightfoot.html	1	angel	personal	attested	identified by this text's own context	Apostolic Fathers, tr. J.B. Lightfoot & J.R. Harmer 1891 (earlychristianwritings.com), Public Domain	0.85
Miriam	slug:apostolic-fathers:miriam	Miriam, named in 1 Clement		Miriam		English	Christian		Apostolic Fathers	1 Clement	1 Clement 4:11	https://www.earlychristianwritings.com/text/1clement-lightfoot.html	1	human	personal	attested		Apostolic Fathers, tr. J.B. Lightfoot & J.R. Harmer 1891 (earlychristianwritings.com), Public Domain	0.85
Moses	Q9077	Moses, prophet who led the Israelites out of Egypt	boy	Moses		English	Christian		Apostolic Fathers	1 Clement	1 Clement 4:10	https://www.earlychristianwritings.com/text/1clement-lightfoot.html	42	human	personal	attested	same figure as the Bible's Moses	Apostolic Fathers, tr. J.B. Lightfoot & J.R. Harmer 1891 (earlychristianwritings.com), Public Domain	0.85
Noah	Q81422	Noah, survivor of the Flood	boy	Noah		English	Christian		Apostolic Fathers	1 Clement	1 Clement 7:6	https://www.earlychristianwritings.com/text/1clement-lightfoot.html	2	human	personal	attested	same figure as the Bible's Noah	Apostolic Fathers, tr. J.B. Lightfoot & J.R. Harmer 1891 (earlychristianwritings.com), Public Domain	0.85
Nun	slug:apostolic-fathers:nun	Nun, named in 1 Clement	boy	Nun		English	Christian		Apostolic Fathers	1 Clement	1 Clement 12:2	https://www.earlychristianwritings.com/text/1clement-lightfoot.html	3	human	personal	attested		Apostolic Fathers, tr. J.B. Lightfoot & J.R. Harmer 1891 (earlychristianwritings.com), Public Domain	0.85
Paul	slug:biblical:paul@act.7.58-2pe	Paul, Apostle to the Gentiles	boy	Paul		English	Christian		Apostolic Fathers	1 Clement	1 Clement 5:5	https://www.earlychristianwritings.com/text/1clement-lightfoot.html	2	human	personal	attested	same figure as the Bible's Paul	Apostolic Fathers, tr. J.B. Lightfoot & J.R. Harmer 1891 (earlychristianwritings.com), Public Domain	0.85
Peter	slug:biblical:peter@mat.4.18-2pe	Peter, Apostle of Jesus	boy	Peter		English	Christian		Apostolic Fathers	1 Clement	1 Clement 5:4	https://www.earlychristianwritings.com/text/1clement-lightfoot.html	1	human	personal	attested	same figure as the Bible's Peter	Apostolic Fathers, tr. J.B. Lightfoot & J.R. Harmer 1891 (earlychristianwritings.com), Public Domain	0.85
Pharaoh	slug:apostolic-fathers:pharaoh	Pharaoh, named in 1 Clement		Pharaoh		English	Christian		Apostolic Fathers	1 Clement	1 Clement 4:10	https://www.earlychristianwritings.com/text/1clement-lightfoot.html	2	human	personal	attested		Apostolic Fathers, tr. J.B. Lightfoot & J.R. Harmer 1891 (earlychristianwritings.com), Public Domain	0.85
Rachia	slug:apostolic-fathers:rachia	Rachia, named in Epistle of Barnabas		Rachia		English	Christian		Apostolic Fathers	Epistle of Barnabas	Epistle of Barnabas 7:8	https://www.earlychristianwritings.com/text/barnabas-lightfoot.html	1	human	personal	attested		Apostolic Fathers, tr. J.B. Lightfoot & J.R. Harmer 1891 (earlychristianwritings.com), Public Domain	0.85
Rebecca	Q226664	Rebekah, Wife of Isaac	girl	Rebecca		English	Christian		Apostolic Fathers	Epistle of Barnabas	Epistle of Barnabas 13:2	https://www.earlychristianwritings.com/text/barnabas-lightfoot.html	3	human	personal	attested	same figure as the Bible's Rebecca	Apostolic Fathers, tr. J.B. Lightfoot & J.R. Harmer 1891 (earlychristianwritings.com), Public Domain	0.85
Saul	slug:apostolic-fathers:saul	Saul, named in 1 Clement		Saul		English	Christian		Apostolic Fathers	1 Clement	1 Clement 4:13	https://www.earlychristianwritings.com/text/1clement-lightfoot.html	1	human	personal	attested		Apostolic Fathers, tr. J.B. Lightfoot & J.R. Harmer 1891 (earlychristianwritings.com), Public Domain	0.85
Abiram	slug:nt-apocrypha:abiram	Abiram, named in Protoevangelium of James		Abiram		English	Christian		New Testament apocrypha	Protoevangelium of James	Protoevangelium of James 9	https://www.earlychristianwritings.com/text/infancyjames-roberts.html	1	human	personal	attested		Protoevangelium of James (tr. A. Walker, ANF 8) and Gospel of Peter (tr. J.A. Robinson, ANF 9), earlychristianwritings.com, Public Domain; Gospel of Thomas, tr. M.M. Mattison (gospels.net), dedicated to the Public Domain	0.85
Abraham	Q9181	Abraham, patriarch	boy	Abraham		English	Christian		New Testament apocrypha	Protoevangelium of James	Protoevangelium of James 1	https://www.earlychristianwritings.com/text/infancyjames-roberts.html	2	human	personal	attested	same figure as the Bible's Abraham	Protoevangelium of James (tr. A. Walker, ANF 8) and Gospel of Peter (tr. J.A. Robinson, ANF 9), earlychristianwritings.com, Public Domain; Gospel of Thomas, tr. M.M. Mattison (gospels.net), dedicated to the Public Domain	0.85
Alexander	slug:nt-apocrypha:alexander	Alexander, named in Gospel of Peter		Alexander		English	Christian		New Testament apocrypha	Gospel of Peter	Gospel of Peter 21	https://www.earlychristianwritings.com/text/gospelpeter.html	1	human	personal	attested		Protoevangelium of James (tr. A. Walker, ANF 8) and Gospel of Peter (tr. J.A. Robinson, ANF 9), earlychristianwritings.com, Public Domain; Gospel of Thomas, tr. M.M. Mattison (gospels.net), dedicated to the Public Domain	0.85
Alphaeus	slug:biblical:alphaeus@mat.10.3-act	Alphaeus, Father of apostles James and Matthew	boy	Alphaeus		English	Christian		New Testament apocrypha	Gospel of Peter	Gospel of Peter 14	https://www.earlychristianwritings.com/text/gospelpeter.html	1	human	personal	attested	identified by this text's own context	Protoevangelium of James (tr. A. Walker, ANF 8) and Gospel of Peter (tr. J.A. Robinson, ANF 9), earlychristianwritings.com, Public Domain; Gospel of Thomas, tr. M.M. Mattison (gospels.net), dedicated to the Public Domain	0.85
Andrew	slug:biblical:andrew@mat.4.18-act	Andrew, Apostle	boy	Andrew		English	Christian		New Testament apocrypha	Gospel of Peter	Gospel of Peter 14	https://www.earlychristianwritings.com/text/gospelpeter.html	1	human	personal	attested	identified by this text's own context	Protoevangelium of James (tr. A. Walker, ANF 8) and Gospel of Peter (tr. J.A. Robinson, ANF 9), earlychristianwritings.com, Public Domain; Gospel of Thomas, tr. M.M. Mattison (gospels.net), dedicated to the Public Domain	0.85
Anna	Q164294	Saint Anne, mother of Virgin Mary in Christian and Islamic traditions; unnamed in the New Testament or Quran	girl	Anna		English	Christian		New Testament apocrypha	Protoevangelium of James	Protoevangelium of James 2	https://www.earlychristianwritings.com/text/infancyjames-roberts.html	15	saint	personal	attested	mother of Mary in this text	Protoevangelium of James (tr. A. Walker, ANF 8) and Gospel of Peter (tr. J.A. Robinson, ANF 9), earlychristianwritings.com, Public Domain + Wikidata (CC0)	0.95
Annas	slug:nt-apocrypha:annas	Annas, named in Protoevangelium of James		Annas		English	Christian		New Testament apocrypha	Protoevangelium of James	Protoevangelium of James 15	https://www.earlychristianwritings.com/text/infancyjames-roberts.html	2	human	personal	attested		Protoevangelium of James (tr. A. Walker, ANF 8) and Gospel of Peter (tr. J.A. Robinson, ANF 9), earlychristianwritings.com, Public Domain; Gospel of Thomas, tr. M.M. Mattison (gospels.net), dedicated to the Public Domain	0.85
Augustus	slug:nt-apocrypha:augustus	Augustus, named in Protoevangelium of James		Augustus		English	Christian		New Testament apocrypha	Protoevangelium of James	Protoevangelium of James 17	https://www.earlychristianwritings.com/text/infancyjames-roberts.html	1	human	personal	attested		Protoevangelium of James (tr. A. Walker, ANF 8) and Gospel of Peter (tr. J.A. Robinson, ANF 9), earlychristianwritings.com, Public Domain; Gospel of Thomas, tr. M.M. Mattison (gospels.net), dedicated to the Public Domain	0.85
Barabbas	slug:nt-apocrypha:barabbas	Barabbas, named in Gospel of Peter		Barabbas		English	Christian		New Testament apocrypha	Gospel of Peter	Gospel of Peter 25	https://www.earlychristianwritings.com/text/gospelpeter.html	2	human	personal	attested		Protoevangelium of James (tr. A. Walker, ANF 8) and Gospel of Peter (tr. J.A. Robinson, ANF 9), earlychristianwritings.com, Public Domain; Gospel of Thomas, tr. M.M. Mattison (gospels.net), dedicated to the Public Domain	0.85
Caesar	slug:nt-apocrypha:caesar	Caesar, named in Gospel of Thomas		Caesar		English	Christian		New Testament apocrypha	Gospel of Thomas	Gospel of Thomas 100	https://www.gospels.net/thomas	3	human	personal	attested		Protoevangelium of James (tr. A. Walker, ANF 8) and Gospel of Peter (tr. J.A. Robinson, ANF 9), earlychristianwritings.com, Public Domain; Gospel of Thomas, tr. M.M. Mattison (gospels.net), dedicated to the Public Domain	0.85
Dathan	slug:nt-apocrypha:dathan	Dathan, named in Protoevangelium of James		Dathan		English	Christian		New Testament apocrypha	Protoevangelium of James	Protoevangelium of James 9	https://www.earlychristianwritings.com/text/infancyjames-roberts.html	1	human	personal	attested		Protoevangelium of James (tr. A. Walker, ANF 8) and Gospel of Peter (tr. J.A. Robinson, ANF 9), earlychristianwritings.com, Public Domain; Gospel of Thomas, tr. M.M. Mattison (gospels.net), dedicated to the Public Domain	0.85
David	slug:nt-apocrypha:david	David, named in Protoevangelium of James		David		English	Christian		New Testament apocrypha	Protoevangelium of James	Protoevangelium of James 10	https://www.earlychristianwritings.com/text/infancyjames-roberts.html	2	human	personal	attested		Protoevangelium of James (tr. A. Walker, ANF 8) and Gospel of Peter (tr. J.A. Robinson, ANF 9), earlychristianwritings.com, Public Domain; Gospel of Thomas, tr. M.M. Mattison (gospels.net), dedicated to the Public Domain	0.85
Elizabeth	Q235849	Elizabeth, The wife of Zechariah and mother of John the Baptist	girl	Elizabeth		English	Christian		New Testament apocrypha	Protoevangelium of James	Protoevangelium of James 12	https://www.earlychristianwritings.com/text/infancyjames-roberts.html	5	human	personal	attested	identified by this text's own context	Protoevangelium of James (tr. A. Walker, ANF 8) and Gospel of Peter (tr. J.A. Robinson, ANF 9), earlychristianwritings.com, Public Domain; Gospel of Thomas, tr. M.M. Mattison (gospels.net), dedicated to the Public Domain	0.85
Eve	slug:nt-apocrypha:eve	Eve, named in Protoevangelium of James		Eve		English	Christian		New Testament apocrypha	Protoevangelium of James	Protoevangelium of James 13	https://www.earlychristianwritings.com/text/infancyjames-roberts.html	1	human	personal	attested		Protoevangelium of James (tr. A. Walker, ANF 8) and Gospel of Peter (tr. J.A. Robinson, ANF 9), earlychristianwritings.com, Public Domain; Gospel of Thomas, tr. M.M. Mattison (gospels.net), dedicated to the Public Domain	0.85
Gabriel	Q81989	Gabriel, archangel		Gabriel		English	Christian		New Testament apocrypha	Protoevangelium of James	Protoevangelium of James 12	https://www.earlychristianwritings.com/text/infancyjames-roberts.html	1	angel	personal	attested	identified by this text's own context	Protoevangelium of James (tr. A. Walker, ANF 8) and Gospel of Peter (tr. J.A. Robinson, ANF 9), earlychristianwritings.com, Public Domain; Gospel of Thomas, tr. M.M. Mattison (gospels.net), dedicated to the Public Domain	0.85
Herod	slug:nt-apocrypha:herod	Herod, named in Protoevangelium of James		Herod		English	Christian		New Testament apocrypha	Protoevangelium of James	Protoevangelium of James 21	https://www.earlychristianwritings.com/text/infancyjames-roberts.html	15	human	personal	attested		Protoevangelium of James (tr. A. Walker, ANF 8) and Gospel of Peter (tr. J.A. Robinson, ANF 9), earlychristianwritings.com, Public Domain; Gospel of Thomas, tr. M.M. Mattison (gospels.net), dedicated to the Public Domain	0.85
Isaac	Q671872	Isaac, son of Abraham	boy	Isaac		English	Christian		New Testament apocrypha	Protoevangelium of James	Protoevangelium of James 1	https://www.earlychristianwritings.com/text/infancyjames-roberts.html	3	human	personal	attested	same figure as the Bible's Isaac	Protoevangelium of James (tr. A. Walker, ANF 8) and Gospel of Peter (tr. J.A. Robinson, ANF 9), earlychristianwritings.com, Public Domain; Gospel of Thomas, tr. M.M. Mattison (gospels.net), dedicated to the Public Domain	0.85
Israel	Q289957	Jacob (Israel), patriarch, son of Isaac	boy	Israel		English	Christian		New Testament apocrypha	Protoevangelium of James	Protoevangelium of James 1	https://www.earlychristianwritings.com/text/infancyjames-roberts.html	31	human	personal	attested	same figure as the Bible's Israel	Protoevangelium of James (tr. A. Walker, ANF 8) and Gospel of Peter (tr. J.A. Robinson, ANF 9), earlychristianwritings.com, Public Domain; Gospel of Thomas, tr. M.M. Mattison (gospels.net), dedicated to the Public Domain	0.85
Jacob	Q289957	Jacob (Israel), patriarch, son of Isaac	boy	Jacob		English	Christian		New Testament apocrypha	Protoevangelium of James	Protoevangelium of James 20	https://www.earlychristianwritings.com/text/infancyjames-roberts.html	1	human	personal	attested	same figure as the Bible's Jacob	Protoevangelium of James (tr. A. Walker, ANF 8) and Gospel of Peter (tr. J.A. Robinson, ANF 9), earlychristianwritings.com, Public Domain; Gospel of Thomas, tr. M.M. Mattison (gospels.net), dedicated to the Public Domain	0.85
James	slug:nt-apocrypha:james	James, named in Protoevangelium of James		James		English	Christian		New Testament apocrypha	Protoevangelium of James	Protoevangelium of James 24	https://www.earlychristianwritings.com/text/infancyjames-roberts.html	2	human	personal	attested		Protoevangelium of James (tr. A. Walker, ANF 8) and Gospel of Peter (tr. J.A. Robinson, ANF 9), earlychristianwritings.com, Public Domain; Gospel of Thomas, tr. M.M. Mattison (gospels.net), dedicated to the Public Domain	0.85
Joachim	Q314700	Joachim, traditional father of the Virgin Mary	boy	Joachim		English	Christian		New Testament apocrypha	Protoevangelium of James	Protoevangelium of James 1	https://www.earlychristianwritings.com/text/infancyjames-roberts.html	17	saint	personal	attested	father of Mary in this text	Protoevangelium of James (tr. A. Walker, ANF 8) and Gospel of Peter (tr. J.A. Robinson, ANF 9), earlychristianwritings.com, Public Domain + Wikidata (CC0)	0.95
John	slug:nt-apocrypha:john	John, named in Protoevangelium of James		John		English	Christian		New Testament apocrypha	Protoevangelium of James	Protoevangelium of James 22	https://www.earlychristianwritings.com/text/infancyjames-roberts.html	6	human	personal	attested		Protoevangelium of James (tr. A. Walker, ANF 8) and Gospel of Peter (tr. J.A. Robinson, ANF 9), earlychristianwritings.com, Public Domain; Gospel of Thomas, tr. M.M. Mattison (gospels.net), dedicated to the Public Domain	0.85
Joseph	slug:biblical:joseph@mat.1.16-jhn	Joseph, Husband of Mary and earthly father of Jesus	boy	Joseph		English	Christian		New Testament apocrypha	Protoevangelium of James	Protoevangelium of James 9	https://www.earlychristianwritings.com/text/infancyjames-roberts.html	37	human	personal	attested	identified by this text's own context	Protoevangelium of James (tr. A. Walker, ANF 8) and Gospel of Peter (tr. J.A. Robinson, ANF 9), earlychristianwritings.com, Public Domain; Gospel of Thomas, tr. M.M. Mattison (gospels.net), dedicated to the Public Domain	0.85
Judas	slug:nt-apocrypha:judas	Judas, named in Gospel of Thomas		Judas		English	Christian		New Testament apocrypha	Gospel of Thomas	Gospel of Thomas prologue	https://www.gospels.net/thomas	1	human	personal	attested		Protoevangelium of James (tr. A. Walker, ANF 8) and Gospel of Peter (tr. J.A. Robinson, ANF 9), earlychristianwritings.com, Public Domain; Gospel of Thomas, tr. M.M. Mattison (gospels.net), dedicated to the Public Domain	0.85
Judith	slug:nt-apocrypha:judith	Judith, named in Protoevangelium of James		Judith		English	Christian		New Testament apocrypha	Protoevangelium of James	Protoevangelium of James 2	https://www.earlychristianwritings.com/text/infancyjames-roberts.html	2	human	personal	attested		Protoevangelium of James (tr. A. Walker, ANF 8) and Gospel of Peter (tr. J.A. Robinson, ANF 9), earlychristianwritings.com, Public Domain; Gospel of Thomas, tr. M.M. Mattison (gospels.net), dedicated to the Public Domain	0.85
Korah	Q1337316	Korah, who rebelled against Moses	boy	Korah		English	Christian		New Testament apocrypha	Protoevangelium of James	Protoevangelium of James 9	https://www.earlychristianwritings.com/text/infancyjames-roberts.html	1	human	personal	attested	same figure as the Bible's Korah	Protoevangelium of James (tr. A. Walker, ANF 8) and Gospel of Peter (tr. J.A. Robinson, ANF 9), earlychristianwritings.com, Public Domain; Gospel of Thomas, tr. M.M. Mattison (gospels.net), dedicated to the Public Domain	0.85
Levi	slug:nt-apocrypha:levi	Levi, named in Gospel of Peter	boy	Levi		English	Christian		New Testament apocrypha	Gospel of Peter	Gospel of Peter 14	https://www.earlychristianwritings.com/text/gospelpeter.html	1	human	personal	attested		Protoevangelium of James (tr. A. Walker, ANF 8) and Gospel of Peter (tr. J.A. Robinson, ANF 9), earlychristianwritings.com, Public Domain; Gospel of Thomas, tr. M.M. Mattison (gospels.net), dedicated to the Public Domain	0.85
Magdalen	slug:nt-apocrypha:magdalen	Magdalen, named in Gospel of Peter		Magdalen		English	Christian		New Testament apocrypha	Gospel of Peter	Gospel of Peter 12	https://www.earlychristianwritings.com/text/gospelpeter.html	1	human	personal	attested		Protoevangelium of James (tr. A. Walker, ANF 8) and Gospel of Peter (tr. J.A. Robinson, ANF 9), earlychristianwritings.com, Public Domain; Gospel of Thomas, tr. M.M. Mattison (gospels.net), dedicated to the Public Domain	0.85
Mary	Q345	Mary, mother of Jesus	girl	Mary		English	Christian		New Testament apocrypha	Protoevangelium of James	Protoevangelium of James 5	https://www.earlychristianwritings.com/text/infancyjames-roberts.html	31	human	personal	attested	identified by this text's own context	Protoevangelium of James (tr. A. Walker, ANF 8) and Gospel of Peter (tr. J.A. Robinson, ANF 9), earlychristianwritings.com, Public Domain; Gospel of Thomas, tr. M.M. Mattison (gospels.net), dedicated to the Public Domain	0.85
Paul	slug:biblical:paul@act.7.58-2pe	Paul, Apostle to the Gentiles	boy	Paul		English	Christian		New Testament apocrypha	Gospel of Thomas	Gospel of Thomas 114	https://www.gospels.net/thomas	1	human	personal	attested	same figure as the Bible's Paul	Protoevangelium of James (tr. A. Walker, ANF 8) and Gospel of Peter (tr. J.A. Robinson, ANF 9), earlychristianwritings.com, Public Domain; Gospel of Thomas, tr. M.M. Mattison (gospels.net), dedicated to the Public Domain	0.85
Peter	slug:biblical:peter@mat.4.18-2pe	Peter, Apostle of Jesus	boy	Peter		English	Christian		New Testament apocrypha	Gospel of Peter	Gospel of Peter 14	https://www.earlychristianwritings.com/text/gospelpeter.html	3	human	personal	attested	identified by this text's own context	Protoevangelium of James (tr. A. Walker, ANF 8) and Gospel of Peter (tr. J.A. Robinson, ANF 9), earlychristianwritings.com, Public Domain; Gospel of Thomas, tr. M.M. Mattison (gospels.net), dedicated to the Public Domain	0.85
Pilate	slug:biblical:pilate@mat.27.2-1ti	Pilate, Roman governor who presided over Jesus' trial	boy	Pilate		English	Christian		New Testament apocrypha	Gospel of Peter	Gospel of Peter 1	https://www.earlychristianwritings.com/text/gospelpeter.html	19	human	personal	attested	identified by this text's own context	Protoevangelium of James (tr. A. Walker, ANF 8) and Gospel of Peter (tr. J.A. Robinson, ANF 9), earlychristianwritings.com, Public Domain; Gospel of Thomas, tr. M.M. Mattison (gospels.net), dedicated to the Public Domain	0.85
Praetorium	slug:nt-apocrypha:praetorium	Praetorium, named in Gospel of Peter		Praetorium		English	Christian		New Testament apocrypha	Gospel of Peter	Gospel of Peter 16	https://www.earlychristianwritings.com/text/gospelpeter.html	1	human	personal	attested		Protoevangelium of James (tr. A. Walker, ANF 8) and Gospel of Peter (tr. J.A. Robinson, ANF 9), earlychristianwritings.com, Public Domain; Gospel of Thomas, tr. M.M. Mattison (gospels.net), dedicated to the Public Domain	0.85
Rufus	slug:nt-apocrypha:rufus	Rufus, named in Gospel of Peter		Rufus		English	Christian		New Testament apocrypha	Gospel of Peter	Gospel of Peter 21	https://www.earlychristianwritings.com/text/gospelpeter.html	1	human	personal	attested		Protoevangelium of James (tr. A. Walker, ANF 8) and Gospel of Peter (tr. J.A. Robinson, ANF 9), earlychristianwritings.com, Public Domain; Gospel of Thomas, tr. M.M. Mattison (gospels.net), dedicated to the Public Domain	0.85
Salome	slug:nt-apocrypha:salome	Salome, named in Protoevangelium of James		Salome		English	Christian		New Testament apocrypha	Protoevangelium of James	Protoevangelium of James 19	https://www.earlychristianwritings.com/text/infancyjames-roberts.html	12	human	personal	attested		Protoevangelium of James (tr. A. Walker, ANF 8) and Gospel of Peter (tr. J.A. Robinson, ANF 9), earlychristianwritings.com, Public Domain; Gospel of Thomas, tr. M.M. Mattison (gospels.net), dedicated to the Public Domain	0.85
Samuel	Q6577515	Samuel, Prophet and last judge of Israel before the kings	boy	Samuel		English	Christian		New Testament apocrypha	Protoevangelium of James	Protoevangelium of James 10	https://www.earlychristianwritings.com/text/infancyjames-roberts.html	2	human	personal	attested	same figure as the Bible's Samuel	Protoevangelium of James (tr. A. Walker, ANF 8) and Gospel of Peter (tr. J.A. Robinson, ANF 9), earlychristianwritings.com, Public Domain; Gospel of Thomas, tr. M.M. Mattison (gospels.net), dedicated to the Public Domain	0.85
Sarah	Q194808	Sarah, Wife of Abraham	girl	Sarah		English	Christian		New Testament apocrypha	Protoevangelium of James	Protoevangelium of James 2	https://www.earlychristianwritings.com/text/infancyjames-roberts.html	1	human	personal	attested	same figure as the Bible's Sarah	Protoevangelium of James (tr. A. Walker, ANF 8) and Gospel of Peter (tr. J.A. Robinson, ANF 9), earlychristianwritings.com, Public Domain; Gospel of Thomas, tr. M.M. Mattison (gospels.net), dedicated to the Public Domain	0.85
Simeon	slug:nt-apocrypha:simeon	Simeon, named in Protoevangelium of James		Simeon		English	Christian		New Testament apocrypha	Protoevangelium of James	Protoevangelium of James 24	https://www.earlychristianwritings.com/text/infancyjames-roberts.html	1	human	personal	attested		Protoevangelium of James (tr. A. Walker, ANF 8) and Gospel of Peter (tr. J.A. Robinson, ANF 9), earlychristianwritings.com, Public Domain; Gospel of Thomas, tr. M.M. Mattison (gospels.net), dedicated to the Public Domain	0.85
Simon	slug:nt-apocrypha:simon	Simon, named in Gospel of Peter		Simon		English	Christian		New Testament apocrypha	Gospel of Peter	Gospel of Peter 14	https://www.earlychristianwritings.com/text/gospelpeter.html	6	human	personal	attested		Protoevangelium of James (tr. A. Walker, ANF 8) and Gospel of Peter (tr. J.A. Robinson, ANF 9), earlychristianwritings.com, Public Domain; Gospel of Thomas, tr. M.M. Mattison (gospels.net), dedicated to the Public Domain	0.85
Zacharias	Q139464	Zechariah, priest, father of John the Baptist	boy	Zacharias		English	Christian		New Testament apocrypha	Protoevangelium of James	Protoevangelium of James 8	https://www.earlychristianwritings.com/text/infancyjames-roberts.html	11	human	personal	attested	identified by this text's own context	Protoevangelium of James (tr. A. Walker, ANF 8) and Gospel of Peter (tr. J.A. Robinson, ANF 9), earlychristianwritings.com, Public Domain; Gospel of Thomas, tr. M.M. Mattison (gospels.net), dedicated to the Public Domain	0.85
Anne	Q164294	Saint Anne, mother of Virgin Mary in Christian and Islamic traditions; unnamed in the New Testament or Quran	girl			English	Christian		New Testament apocrypha	Protoevangelium of James	Protoevangelium of James 2	https://www.earlychristianwritings.com/text/infancyjames-roberts.html		saint	personal	related	later form of Anna (Greek Ἄννα, Hebrew Hannah), the name under which the Church venerates Mary's mother	Wikidata (CC0) label of Q164294	0.9
