name	figure_id	figure	sex	original	translit	language	tradition	subtradition	corpus	text	passage	url	occurrences	entity_type	name_role	status	relation	source	confidence
Bodhisatta	Q9441	Gotama, the Buddha		Bodhisatta	Bodhisatta	Pali	Buddhist	Theravada	Jataka	Jataka No. 1	Jātaka No. 1 (Cowell ed., vol. 1)	https://archive.org/details/jatakaorstorieso01cowe	1917	title	title	attested	the Buddha in a former birth	Jātaka, tr. E.B. Cowell, R. Chalmers, W.H.D. Rouse, H.T. Francis, R.A. Neil (1895-1907, public domain), archive.org OCR; Wikidata (CC0)	0.80
Brahmadatta	slug:buddhist:brahmadatta-1	Brahmadatta, king of Benares (Kasi)		Brahmadatta	Brahmadatta	Pali	Buddhist	Theravada	Jataka	Jataka No. 1	Jātaka No. 1 (Cowell ed., vol. 1)	https://archive.org/details/jatakaorstorieso01cowe	422	royal	personal	attested	the king of Benares in most Jataka frames	Jātaka, tr. E.B. Cowell, R. Chalmers, W.H.D. Rouse, H.T. Francis, R.A. Neil (1895-1907, public domain), archive.org OCR	0.80
Devadatta	Q451043	Devadatta, the Buddha's cousin	boy	Devadatta	Devadatta	Pali	Buddhist	Theravada	Jataka	Jataka No. 1	Jātaka No. 1 (Cowell ed., vol. 1)	https://archive.org/details/jatakaorstorieso01cowe	306	disciple	personal	attested		Jātaka, tr. E.B. Cowell, R. Chalmers, W.H.D. Rouse, H.T. Francis, R.A. Neil (1895-1907, public domain), archive.org OCR; Wikidata (CC0)	0.80
Ananda	Q28988	Ānanda, the Buddha's attendant	boy	Ānanda	Ānanda	Pali	Buddhist	Theravada	Jataka	Jataka No. 5	Jātaka No. 5 (Cowell ed., vol. 1)	https://archive.org/details/jatakaorstorieso01cowe	268	disciple	personal	attested		Jātaka, tr. E.B. Cowell, R. Chalmers, W.H.D. Rouse, H.T. Francis, R.A. Neil (1895-1907, public domain), archive.org OCR; Wikidata (CC0)	0.80
Sariputta	Q320142	Sāriputta, chief disciple	boy	Sāriputta	Sāriputta	Pali	Buddhist	Theravada	Jataka	Jataka No. 11	Jātaka No. 11 (Cowell ed., vol. 1)	https://archive.org/details/jatakaorstorieso01cowe	193	disciple	personal	attested		Jātaka, tr. E.B. Cowell, R. Chalmers, W.H.D. Rouse, H.T. Francis, R.A. Neil (1895-1907, public domain), archive.org OCR; Wikidata (CC0)	0.80
Moggallana	Q379814	Mahāmoggallāna, chief disciple	boy	Moggallāna	Moggallāna	Pali	Buddhist	Theravada	Jataka	Jataka No. 11	Jātaka No. 11 (Cowell ed., vol. 1)	https://archive.org/details/jatakaorstorieso01cowe	56	disciple	personal	attested		Jātaka, tr. E.B. Cowell, R. Chalmers, W.H.D. Rouse, H.T. Francis, R.A. Neil (1895-1907, public domain), archive.org OCR; Wikidata (CC0)	0.80
Rahula	Q218969	Rāhula, the Buddha's son	boy	Rāhula	Rāhula	Pali	Buddhist	Theravada	Jataka	Jataka No. 9	Jātaka No. 9 (Cowell ed., vol. 1)	https://archive.org/details/jatakaorstorieso01cowe	71	disciple	personal	attested		Jātaka, tr. E.B. Cowell, R. Chalmers, W.H.D. Rouse, H.T. Francis, R.A. Neil (1895-1907, public domain), archive.org OCR; Wikidata (CC0)	0.80
Suddhodana	Q226488	Suddhodana, the Buddha's father	boy	Suddhodana	Suddhodana	Pali	Buddhist	Theravada	Jataka	Jataka No. 8	Jātaka No. 8 (Cowell ed., vol. 1)	https://archive.org/details/jatakaorstorieso01cowe	11	royal	personal	attested		Jātaka, tr. E.B. Cowell, R. Chalmers, W.H.D. Rouse, H.T. Francis, R.A. Neil (1895-1907, public domain), archive.org OCR; Wikidata (CC0)	0.80
Anathapindika	Q550218	Anāthapiṇḍika, lay disciple		Anāthapiṇḍika	Anāthapiṇḍika	Pali	Buddhist	Theravada	Jataka	Jataka No. 45	Jātaka No. 45 (Cowell ed., vol. 1)	https://archive.org/details/jatakaorstorieso01cowe	31	human	personal	attested		Jātaka, tr. E.B. Cowell, R. Chalmers, W.H.D. Rouse, H.T. Francis, R.A. Neil (1895-1907, public domain), archive.org OCR; Wikidata (CC0)	0.80
Ajatasattu	Q379242	Ajātasattu, king of Magadha	boy	Ajātasattu	Ajātasattu	Pali	Buddhist	Theravada	Jataka	Jataka No. 150	Jātaka No. 150 (Cowell ed., vol. 1)	https://archive.org/details/jatakaorstorieso01cowe	33	royal	personal	attested		Jātaka, tr. E.B. Cowell, R. Chalmers, W.H.D. Rouse, H.T. Francis, R.A. Neil (1895-1907, public domain), archive.org OCR; Wikidata (CC0)	0.80
Bimbisara	Q317765	Bimbisāra, king of Magadha	boy	Bimbisāra	Bimbisāra	Pali	Buddhist	Theravada	Jataka	Jataka No. 4	Jātaka No. 4 (Cowell ed., vol. 1)	https://archive.org/details/jatakaorstorieso01cowe	7	royal	personal	attested		Jātaka, tr. E.B. Cowell, R. Chalmers, W.H.D. Rouse, H.T. Francis, R.A. Neil (1895-1907, public domain), archive.org OCR; Wikidata (CC0)	0.80
Uppalavanna	Q3175198	Uppalavaṇṇā, chief nun	girl	Uppalavaṇṇā	Uppalavaṇṇā	Pali	Buddhist	Theravada	Jataka	Jataka No. 66	Jātaka No. 66 (Cowell ed., vol. 1)	https://archive.org/details/jatakaorstorieso01cowe	22	disciple	personal	attested		Jātaka, tr. E.B. Cowell, R. Chalmers, W.H.D. Rouse, H.T. Francis, R.A. Neil (1895-1907, public domain), archive.org OCR; Wikidata (CC0)	0.80
Angulimala	Q263512	Aṅgulimāla, robber turned monk	boy	Aṅgulimāla	Aṅgulimāla	Pali	Buddhist	Theravada	Jataka	Jataka No. 469	Jātaka No. 469 (Cowell ed., vol. 4)	https://archive.org/details/dli.ernet.18111	7	disciple	personal	attested		Jātaka, tr. E.B. Cowell, R. Chalmers, W.H.D. Rouse, H.T. Francis, R.A. Neil (1895-1907, public domain), archive.org OCR; Wikidata (CC0)	0.80
Sakka	Q1444745	Sakka, king of the devas		Sakka	Sakka	Pali	Buddhist	Theravada	Jataka	Jataka No. 6	Jātaka No. 6 (Cowell ed., vol. 1)	https://archive.org/details/jatakaorstorieso01cowe	682	deity	divine	attested		Jātaka, tr. E.B. Cowell, R. Chalmers, W.H.D. Rouse, H.T. Francis, R.A. Neil (1895-1907, public domain), archive.org OCR; Wikidata (CC0)	0.80
Matali	Q115671813	Mātali, Sakka's charioteer		Mātali	Mātali	Pali	Buddhist	Theravada	Jataka	Jataka No. 31	Jātaka No. 31 (Cowell ed., vol. 1)	https://archive.org/details/jatakaorstorieso01cowe	137	deity	personal	attested		Jātaka, tr. E.B. Cowell, R. Chalmers, W.H.D. Rouse, H.T. Francis, R.A. Neil (1895-1907, public domain), archive.org OCR; Wikidata (CC0)	0.80
Vessantara	Q4929932	Vessantara, the Bodhisatta's last human birth before Gotama		Vessantara	Vessantara	Pali	Buddhist	Theravada	Jataka	Jataka No. 521	Jātaka No. 521 (Cowell ed., vol. 5)	https://archive.org/details/cup-jataka-vol-5-francis-cowell-1905	100	royal	personal	attested		Jātaka, tr. E.B. Cowell, R. Chalmers, W.H.D. Rouse, H.T. Francis, R.A. Neil (1895-1907, public domain), archive.org OCR; Wikidata (CC0)	0.80
Maddi	slug:buddhist:jataka-maddi	Maddī, wife of Vessantara		Maddī	Maddī	Pali	Buddhist	Theravada	Jataka	Jataka No. 547	Jātaka No. 547 (Cowell ed., vol. 6)	https://archive.org/details/jatakaorstorieso06cowe	57	royal	personal	attested		Jātaka, tr. E.B. Cowell, R. Chalmers, W.H.D. Rouse, H.T. Francis, R.A. Neil (1895-1907, public domain), archive.org OCR	0.80
Jali	slug:buddhist:jataka-jali	Jāli, son of Vessantara		Jāli	Jāli	Pali	Buddhist	Theravada	Jataka	Jataka No. 547	Jātaka No. 547 (Cowell ed., vol. 6)	https://archive.org/details/jatakaorstorieso06cowe	36	royal	personal	attested		Jātaka, tr. E.B. Cowell, R. Chalmers, W.H.D. Rouse, H.T. Francis, R.A. Neil (1895-1907, public domain), archive.org OCR	0.80
Kanhajina	slug:buddhist:jataka-kanhajina	Kaṇhājinā, daughter of Vessantara		Kaṇhājinā	Kaṇhājinā	Pali	Buddhist	Theravada	Jataka	Jataka No. 547	Jātaka No. 547 (Cowell ed., vol. 6)	https://archive.org/details/jatakaorstorieso06cowe	26	royal	personal	attested		Jātaka, tr. E.B. Cowell, R. Chalmers, W.H.D. Rouse, H.T. Francis, R.A. Neil (1895-1907, public domain), archive.org OCR	0.80
Jujaka	slug:buddhist:jataka-jujaka	Jūjaka, the brahmin who begged Vessantara's children		Jūjaka	Jūjaka	Pali	Buddhist	Theravada	Jataka	Jataka No. 547	Jātaka No. 547 (Cowell ed., vol. 6)	https://archive.org/details/jatakaorstorieso06cowe	25	human	personal	attested		Jātaka, tr. E.B. Cowell, R. Chalmers, W.H.D. Rouse, H.T. Francis, R.A. Neil (1895-1907, public domain), archive.org OCR	0.80
Phusati	slug:buddhist:jataka-phusati	Phusatī, mother of Vessantara		Phusatī	Phusatī	Pali	Buddhist	Theravada	Jataka	Jataka No. 547	Jātaka No. 547 (Cowell ed., vol. 6)	https://archive.org/details/jatakaorstorieso06cowe	16	royal	personal	attested		Jātaka, tr. E.B. Cowell, R. Chalmers, W.H.D. Rouse, H.T. Francis, R.A. Neil (1895-1907, public domain), archive.org OCR	0.80
Mahajanaka	slug:buddhist:jataka-mahajanaka	Mahājanaka, king of Mithilā (Jātaka 539)		Mahājanaka	Mahājanaka	Pali	Buddhist	Theravada	Jataka	Jataka No. 539	Jātaka No. 539 (Cowell ed., vol. 6)	https://archive.org/details/jatakaorstorieso06cowe	9	royal	personal	attested		Jātaka, tr. E.B. Cowell, R. Chalmers, W.H.D. Rouse, H.T. Francis, R.A. Neil (1895-1907, public domain), archive.org OCR	0.80
Sivali	slug:buddhist:jataka-sivali	Sīvalī, queen of Mahājanaka		Sīvalī	Sīvalī	Pali	Buddhist	Theravada	Jataka	Jataka No. 539	Jātaka No. 539 (Cowell ed., vol. 6)	https://archive.org/details/jatakaorstorieso06cowe	14	royal	personal	attested		Jātaka, tr. E.B. Cowell, R. Chalmers, W.H.D. Rouse, H.T. Francis, R.A. Neil (1895-1907, public domain), archive.org OCR	0.80
Temiya	slug:buddhist:jataka-temiya	Temiya, the 'dumb cripple' prince (Jātaka 538)		Temiya	Temiya	Pali	Buddhist	Theravada	Jataka	Jataka No. 538	Jātaka No. 538 (Cowell ed., vol. 6)	https://archive.org/details/jatakaorstorieso06cowe	13	royal	personal	attested		Jātaka, tr. E.B. Cowell, R. Chalmers, W.H.D. Rouse, H.T. Francis, R.A. Neil (1895-1907, public domain), archive.org OCR	0.80
Nimi	slug:buddhist:jataka-nimi	Nimi, king of Mithilā (Jātaka 541)		Nimi	Nimi	Pali	Buddhist	Theravada	Jataka	Jataka No. 9	Jātaka No. 9 (Cowell ed., vol. 1)	https://archive.org/details/jatakaorstorieso01cowe	18	royal	personal	attested		Jātaka, tr. E.B. Cowell, R. Chalmers, W.H.D. Rouse, H.T. Francis, R.A. Neil (1895-1907, public domain), archive.org OCR	0.80
Mahosadha	slug:buddhist:jataka-mahosadha	Mahosadha, the wise minister (Jātaka 546)		Mahosadha	Mahosadha	Pali	Buddhist	Theravada	Jataka	Jataka No. 112	Jātaka No. 112 (Cowell ed., vol. 1)	https://archive.org/details/jatakaorstorieso01cowe	96	human	personal	attested		Jātaka, tr. E.B. Cowell, R. Chalmers, W.H.D. Rouse, H.T. Francis, R.A. Neil (1895-1907, public domain), archive.org OCR	0.80
Amara	slug:buddhist:jataka-amara	Amarā, wife of Mahosadha		Amarā	Amarā	Pali	Buddhist	Theravada	Jataka	Jataka No. 112	Jātaka No. 112 (Cowell ed., vol. 1)	https://archive.org/details/jatakaorstorieso01cowe	16	human	personal	attested		Jātaka, tr. E.B. Cowell, R. Chalmers, W.H.D. Rouse, H.T. Francis, R.A. Neil (1895-1907, public domain), archive.org OCR	0.80
Vidhura	slug:buddhist:jataka-vidhura	Vidhura, the wise minister (Jātaka 545)		Vidhura	Vidhura	Pali	Buddhist	Theravada	Jataka	Jataka No. 495	Jātaka No. 495 (Cowell ed., vol. 4)	https://archive.org/details/dli.ernet.18111	50	human	personal	attested		Jātaka, tr. E.B. Cowell, R. Chalmers, W.H.D. Rouse, H.T. Francis, R.A. Neil (1895-1907, public domain), archive.org OCR	0.80
Bhuridatta	slug:buddhist:jataka-bhuridatta	Bhūridatta, nāga prince (Jātaka 543)		Bhūridatta	Bhūridatta	Pali	Buddhist	Theravada	Jataka	Jataka No. 469	Jātaka No. 469 (Cowell ed., vol. 4)	https://archive.org/details/dli.ernet.18111	27	mythological_being	personal	attested		Jātaka, tr. E.B. Cowell, R. Chalmers, W.H.D. Rouse, H.T. Francis, R.A. Neil (1895-1907, public domain), archive.org OCR	0.80
Sama	slug:buddhist:jataka-sama	Sāma (Suvaṇṇasāma), devoted son (Jātaka 540)		Sāma	Sāma	Pali	Buddhist	Theravada	Jataka	Jataka No. 540	Jātaka No. 540 (Cowell ed., vol. 6)	https://archive.org/details/jatakaorstorieso06cowe	38	human	personal	attested		Jātaka, tr. E.B. Cowell, R. Chalmers, W.H.D. Rouse, H.T. Francis, R.A. Neil (1895-1907, public domain), archive.org OCR	0.80
Dukulaka	slug:buddhist:jataka-dukulaka	Dukūlaka, father of Sāma		Dukūlaka	Dukūlaka	Pali	Buddhist	Theravada	Jataka	Jataka No. 540	Jātaka No. 540 (Cowell ed., vol. 6)	https://archive.org/details/jatakaorstorieso06cowe	2	human	personal	attested		Jātaka, tr. E.B. Cowell, R. Chalmers, W.H.D. Rouse, H.T. Francis, R.A. Neil (1895-1907, public domain), archive.org OCR	0.80
Parika	slug:buddhist:jataka-parika	Pārikā, mother of Sāma		Pārikā	Pārikā	Pali	Buddhist	Theravada	Jataka	Jataka No. 540	Jātaka No. 540 (Cowell ed., vol. 6)	https://archive.org/details/jatakaorstorieso06cowe	5	human	personal	attested		Jātaka, tr. E.B. Cowell, R. Chalmers, W.H.D. Rouse, H.T. Francis, R.A. Neil (1895-1907, public domain), archive.org OCR	0.80
Candakumara	slug:buddhist:jataka-candakumara	Candakumāra, prince (Jātaka 542)		Candakumāra	Candakumāra	Pali	Buddhist	Theravada	Jataka	Jataka No. 542	Jātaka No. 542 (Cowell ed., vol. 6)	https://archive.org/details/jatakaorstorieso06cowe	7	royal	personal	attested		Jātaka, tr. E.B. Cowell, R. Chalmers, W.H.D. Rouse, H.T. Francis, R.A. Neil (1895-1907, public domain), archive.org OCR	0.80
Kusa	slug:buddhist:jataka-kusa	Kusa, the ugly prince (Jātaka 531)		Kusa	Kusa	Pali	Buddhist	Theravada	Jataka	Jataka No. 531	Jātaka No. 531 (Cowell ed., vol. 5)	https://archive.org/details/cup-jataka-vol-5-francis-cowell-1905	51	royal	personal	attested		Jātaka, tr. E.B. Cowell, R. Chalmers, W.H.D. Rouse, H.T. Francis, R.A. Neil (1895-1907, public domain), archive.org OCR	0.80
Pabhavati	slug:buddhist:jataka-pabhavati	Pabhāvatī, wife of Kusa		Pabhāvatī	Pabhāvatī	Pali	Buddhist	Theravada	Jataka	Jataka No. 531	Jātaka No. 531 (Cowell ed., vol. 5)	https://archive.org/details/cup-jataka-vol-5-francis-cowell-1905	83	royal	personal	attested		Jātaka, tr. E.B. Cowell, R. Chalmers, W.H.D. Rouse, H.T. Francis, R.A. Neil (1895-1907, public domain), archive.org OCR	0.80
Sutasoma	slug:buddhist:jataka-sutasoma	Sutasoma, prince (Jātaka 537)		Sutasoma	Sutasoma	Pali	Buddhist	Theravada	Jataka	Jataka No. 516	Jātaka No. 516 (Cowell ed., vol. 5)	https://archive.org/details/cup-jataka-vol-5-francis-cowell-1905	74	royal	personal	attested		Jātaka, tr. E.B. Cowell, R. Chalmers, W.H.D. Rouse, H.T. Francis, R.A. Neil (1895-1907, public domain), archive.org OCR	0.80
Ummadanti	slug:buddhist:jataka-ummadanti	Ummadantī, the maddening beauty (Jātaka 527)		Ummadantī	Ummadantī	Pali	Buddhist	Theravada	Jataka	Jataka No. 527	Jātaka No. 527 (Cowell ed., vol. 5)	https://archive.org/details/cup-jataka-vol-5-francis-cowell-1905	25	human	personal	attested		Jātaka, tr. E.B. Cowell, R. Chalmers, W.H.D. Rouse, H.T. Francis, R.A. Neil (1895-1907, public domain), archive.org OCR	0.80
Sivi	slug:buddhist:jataka-sivi	Sivi, king who gave his eyes (Jātaka 499)		Sivi	Sivi	Pali	Buddhist	Theravada	Jataka	Jataka No. 499	Jātaka No. 499 (Cowell ed., vol. 4)	https://archive.org/details/dli.ernet.18111	15	royal	personal	attested		Jātaka, tr. E.B. Cowell, R. Chalmers, W.H.D. Rouse, H.T. Francis, R.A. Neil (1895-1907, public domain), archive.org OCR	0.80
Kunala	slug:buddhist:jataka-kunala	Kuṇāla, the cuckoo (Jātaka 536)		Kuṇāla	Kuṇāla	Pali	Buddhist	Theravada	Jataka	Jataka No. 536	Jātaka No. 536 (Cowell ed., vol. 5)	https://archive.org/details/cup-jataka-vol-5-francis-cowell-1905	40	mythological_being	personal	attested		Jātaka, tr. E.B. Cowell, R. Chalmers, W.H.D. Rouse, H.T. Francis, R.A. Neil (1895-1907, public domain), archive.org OCR	0.80
Isisinga	slug:buddhist:jataka-isisinga	Isisiṅga (Ṛṣyaśṛṅga), horned ascetic		Isisiṅga	Isisiṅga	Pali	Buddhist	Theravada	Jataka	Jataka No. 523	Jātaka No. 523 (Cowell ed., vol. 5)	https://archive.org/details/cup-jataka-vol-5-francis-cowell-1905	15	sage	personal	attested		Jātaka, tr. E.B. Cowell, R. Chalmers, W.H.D. Rouse, H.T. Francis, R.A. Neil (1895-1907, public domain), archive.org OCR	0.80
Nalinika	slug:buddhist:jataka-nalinika	Nalinikā, princess who seduced Isisiṅga		Nalinikā	Nalinikā	Pali	Buddhist	Theravada	Jataka	Jataka No. 526	Jātaka No. 526 (Cowell ed., vol. 5)	https://archive.org/details/cup-jataka-vol-5-francis-cowell-1905	8	royal	personal	attested		Jātaka, tr. E.B. Cowell, R. Chalmers, W.H.D. Rouse, H.T. Francis, R.A. Neil (1895-1907, public domain), archive.org OCR	0.80
Alambusa	slug:buddhist:jataka-alambusa	Alambusā, celestial nymph		Alambusā	Alambusā	Pali	Buddhist	Theravada	Jataka	Jataka No. 523	Jātaka No. 523 (Cowell ed., vol. 5)	https://archive.org/details/cup-jataka-vol-5-francis-cowell-1905	10	mythological_being	personal	attested		Jātaka, tr. E.B. Cowell, R. Chalmers, W.H.D. Rouse, H.T. Francis, R.A. Neil (1895-1907, public domain), archive.org OCR	0.80
Losaka	slug:buddhist:jataka-losaka	Losaka Tissa, the unlucky monk (Jātaka 41)		Losaka	Losaka	Pali	Buddhist	Theravada	Jataka	Jataka No. 41	Jātaka No. 41 (Cowell ed., vol. 1)	https://archive.org/details/jatakaorstorieso01cowe	16	disciple	personal	attested		Jātaka, tr. E.B. Cowell, R. Chalmers, W.H.D. Rouse, H.T. Francis, R.A. Neil (1895-1907, public domain), archive.org OCR	0.80
Mittavindaka	slug:buddhist:jataka-mittavindaka	Mittavindaka, the greedy sailor		Mittavindaka	Mittavindaka	Pali	Buddhist	Theravada	Jataka	Jataka No. 82	Jātaka No. 82 (Cowell ed., vol. 1)	https://archive.org/details/jatakaorstorieso01cowe	14	human	personal	attested		Jātaka, tr. E.B. Cowell, R. Chalmers, W.H.D. Rouse, H.T. Francis, R.A. Neil (1895-1907, public domain), archive.org OCR	0.80
Sambula	slug:buddhist:jataka-sambula	Sambulā, faithful wife (Jātaka 519)		Sambulā	Sambulā	Pali	Buddhist	Theravada	Jataka	Jataka No. 519	Jātaka No. 519 (Cowell ed., vol. 5)	https://archive.org/details/cup-jataka-vol-5-francis-cowell-1905	11	royal	personal	attested		Jātaka, tr. E.B. Cowell, R. Chalmers, W.H.D. Rouse, H.T. Francis, R.A. Neil (1895-1907, public domain), archive.org OCR	0.80
Sotthisena	slug:buddhist:jataka-sotthisena	Sotthisena, husband of Sambulā		Sotthisena	Sotthisena	Pali	Buddhist	Theravada	Jataka	Jataka No. 519	Jātaka No. 519 (Cowell ed., vol. 5)	https://archive.org/details/cup-jataka-vol-5-francis-cowell-1905	12	royal	personal	attested		Jātaka, tr. E.B. Cowell, R. Chalmers, W.H.D. Rouse, H.T. Francis, R.A. Neil (1895-1907, public domain), archive.org OCR	0.80
Chaddanta	slug:buddhist:jataka-chaddanta	Chaddanta, the six-tusked elephant king (Jātaka 514)		Chaddanta	Chaddanta	Pali	Buddhist	Theravada	Jataka	Jataka No. 516	Jātaka No. 516 (Cowell ed., vol. 5)	https://archive.org/details/cup-jataka-vol-5-francis-cowell-1905	11	mythological_being	personal	attested		Jātaka, tr. E.B. Cowell, R. Chalmers, W.H.D. Rouse, H.T. Francis, R.A. Neil (1895-1907, public domain), archive.org OCR	0.80
Sita	Q191114	Sita, Hindu goddess	girl	Sītā	Sītā	Pali	Buddhist	Theravada	Jataka	Jataka No. 461	Jātaka No. 461 (Cowell ed., vol. 4)	https://archive.org/details/dli.ernet.18111	10	royal	personal	attested	Pali form; sister-wife of Rāma in the Dasaratha Jātaka	Jātaka, tr. E.B. Cowell, R. Chalmers, W.H.D. Rouse, H.T. Francis, R.A. Neil (1895-1907, public domain), archive.org OCR; Wikidata (CC0)	0.80
Lakkhana	Q917687	Lakshmana, brother of Rama	boy	Lakkhaṇa	Lakkhaṇa	Pali	Buddhist	Theravada	Jataka	Jataka No. 461	Jātaka No. 461 (Cowell ed., vol. 4)	https://archive.org/details/dli.ernet.18111	7	royal	personal	attested	Pali form of Lakṣmaṇa	Jātaka, tr. E.B. Cowell, R. Chalmers, W.H.D. Rouse, H.T. Francis, R.A. Neil (1895-1907, public domain), archive.org OCR; Wikidata (CC0)	0.80
Dasaratha	Q1996692	Dasharatha, father of Rama	boy	Dasaratha	Dasaratha	Pali	Buddhist	Theravada	Jataka	Jataka No. 461	Jātaka No. 461 (Cowell ed., vol. 4)	https://archive.org/details/dli.ernet.18111	5	royal	personal	attested	Pali form of Daśaratha	Jātaka, tr. E.B. Cowell, R. Chalmers, W.H.D. Rouse, H.T. Francis, R.A. Neil (1895-1907, public domain), archive.org OCR; Wikidata (CC0)	0.80
Baladeva	Q1061606	Balarama, brother of Krishna	boy	Baladeva	Baladeva	Pali	Buddhist	Theravada	Jataka	Jataka No. 454	Jātaka No. 454 (Cowell ed., vol. 4)	https://archive.org/details/dli.ernet.18111	7	royal	personal	attested	Pali form	Jātaka, tr. E.B. Cowell, R. Chalmers, W.H.D. Rouse, H.T. Francis, R.A. Neil (1895-1907, public domain), archive.org OCR; Wikidata (CC0)	0.80
Vissakamma	Q61078183	Vissakamma (Viśvakarman), divine craftsman	boy	Vissakamma	Vissakamma	Pali	Buddhist	Theravada	Jataka	Jataka No. 70	Jātaka No. 70 (Cowell ed., vol. 1)	https://archive.org/details/jatakaorstorieso01cowe	30	deity	personal	attested	Pali form	Jātaka, tr. E.B. Cowell, R. Chalmers, W.H.D. Rouse, H.T. Francis, R.A. Neil (1895-1907, public domain), archive.org OCR; Wikidata (CC0)	0.80
Pancasikha	slug:buddhist:jataka-pancasikha	Pañcasikha, gandhabba musician		Pañcasikha	Pañcasikha	Pali	Buddhist	Theravada	Jataka	Jataka No. 374	Jātaka No. 374 (Cowell ed., vol. 3)	https://archive.org/details/jatakaorstorieso03cowe	8	mythological_being	personal	attested		Jātaka, tr. E.B. Cowell, R. Chalmers, W.H.D. Rouse, H.T. Francis, R.A. Neil (1895-1907, public domain), archive.org OCR	0.80
Sujampati	Q1444745	Sakka, king of the devas	boy	Sujampati	Sujampati	Pali	Buddhist	Theravada	Jataka	Jataka No. 499	Jātaka No. 499 (Cowell ed., vol. 4)	https://archive.org/details/dli.ernet.18111	5	deity	epithet	attested	epithet of Sakka (husband of Sujā)	Jātaka, tr. E.B. Cowell, R. Chalmers, W.H.D. Rouse, H.T. Francis, R.A. Neil (1895-1907, public domain), archive.org OCR; Wikidata (CC0)	0.80
Setaketu	slug:buddhist:jataka-setaketu	Setaketu, proud young brahmin (Jātaka 377)		Setaketu	Setaketu	Pali	Buddhist	Theravada	Jataka	Jataka No. 377	Jātaka No. 377 (Cowell ed., vol. 3)	https://archive.org/details/jatakaorstorieso03cowe	6	human	personal	attested		Jātaka, tr. E.B. Cowell, R. Chalmers, W.H.D. Rouse, H.T. Francis, R.A. Neil (1895-1907, public domain), archive.org OCR	0.80
Uddalaka	slug:buddhist:jataka-uddalaka	Uddālaka, brahmin (Jātaka 487)		Uddālaka	Uddālaka	Pali	Buddhist	Theravada	Jataka	Jataka No. 487	Jātaka No. 487 (Cowell ed., vol. 4)	https://archive.org/details/dli.ernet.18111	10	human	personal	attested		Jātaka, tr. E.B. Cowell, R. Chalmers, W.H.D. Rouse, H.T. Francis, R.A. Neil (1895-1907, public domain), archive.org OCR	0.80
Subhuti	Q1144771	Subhūti, disciple	boy	सुभूति	Subhūti	Sanskrit	Buddhist	Mahayana	Astasahasrika Prajnaparamita	Chapter 1	Aṣṭasāhasrikā ch. 1 (Vaidya p. 2)	https://gretil.sub.uni-goettingen.de/gretil/corpustei/transformations/html/sa_aSTasAhasrikA-prajJApAramitA.htm	1701	disciple	personal	attested		GRETIL, Aṣṭasāhasrikā Prajñāpāramitā, ed. P.L. Vaidya 1960 (CC BY-NC-SA 4.0); Wikidata (CC0)	0.90
Shariputra	Q320142	Sāriputta, chief disciple	boy	शारिपुत्र	Śāriputra	Sanskrit	Buddhist	Mahayana	Astasahasrika Prajnaparamita	Chapter 1	Aṣṭasāhasrikā ch. 1 (Vaidya p. 2)	https://gretil.sub.uni-goettingen.de/gretil/corpustei/transformations/html/sa_aSTasAhasrikA-prajJApAramitA.htm	343	disciple	personal	attested	Sanskrit form of Pali Sāriputta	GRETIL, Aṣṭasāhasrikā Prajñāpāramitā, ed. P.L. Vaidya 1960 (CC BY-NC-SA 4.0); Wikidata (CC0)	0.90
Shakra	Q1444745	Sakka, king of the devas		शक्र	Śakra	Sanskrit	Buddhist	Mahayana	Astasahasrika Prajnaparamita	Chapter 2	Aṣṭasāhasrikā ch. 2 (Vaidya p. 16)	https://gretil.sub.uni-goettingen.de/gretil/corpustei/transformations/html/sa_aSTasAhasrikA-prajJApAramitA.htm	121	deity	divine	attested	Sanskrit form of Pali Sakka	GRETIL, Aṣṭasāhasrikā Prajñāpāramitā, ed. P.L. Vaidya 1960 (CC BY-NC-SA 4.0); Wikidata (CC0)	0.90
Kaushika	Q1444745	Sakka, king of the devas	boy	कौशिक	Kauśika	Sanskrit	Buddhist	Mahayana	Astasahasrika Prajnaparamita	Chapter 2	Aṣṭasāhasrikā ch. 2 (Vaidya p. 16)	https://gretil.sub.uni-goettingen.de/gretil/corpustei/transformations/html/sa_aSTasAhasrikA-prajJApAramitA.htm	453	deity	epithet	attested	epithet of Śakra	GRETIL, Aṣṭasāhasrikā Prajñāpāramitā, ed. P.L. Vaidya 1960 (CC BY-NC-SA 4.0); Wikidata (CC0)	0.90
Maitreya	Q193461	Maitreya, the future Buddha	boy	मैत्रेय	Maitreya	Sanskrit	Buddhist	Mahayana	Astasahasrika Prajnaparamita	Chapter 6	Aṣṭasāhasrikā ch. 6 (Vaidya p. 68)	https://gretil.sub.uni-goettingen.de/gretil/corpustei/transformations/html/sa_aSTasAhasrikA-prajJApAramitA.htm	31	bodhisattva	personal	attested		GRETIL, Aṣṭasāhasrikā Prajñāpāramitā, ed. P.L. Vaidya 1960 (CC BY-NC-SA 4.0); Wikidata (CC0)	0.90
Purna Maitrayaniputra	slug:buddhist:punna-4	Puṇṇa Mantāniputta, disciple		पूर्ण मैत्रायणीपुत्र	Pūrṇa Maitrāyaṇīputra	Sanskrit	Buddhist	Mahayana	Astasahasrika Prajnaparamita	Chapter 1	Aṣṭasāhasrikā ch. 1 (Vaidya p. 10)	https://gretil.sub.uni-goettingen.de/gretil/corpustei/transformations/html/sa_aSTasAhasrikA-prajJApAramitA.htm	7	disciple	personal	attested		GRETIL, Aṣṭasāhasrikā Prajñāpāramitā, ed. P.L. Vaidya 1960 (CC BY-NC-SA 4.0)	0.90
Ananda	Q28988	Ānanda, the Buddha's attendant	boy	आनन्द	Ānanda	Sanskrit	Buddhist	Mahayana	Astasahasrika Prajnaparamita	Chapter 3	Aṣṭasāhasrikā ch. 3 (Vaidya p. 41)	https://gretil.sub.uni-goettingen.de/gretil/corpustei/transformations/html/sa_aSTasAhasrikA-prajJApAramitA.htm	97	disciple	personal	attested		GRETIL, Aṣṭasāhasrikā Prajñāpāramitā, ed. P.L. Vaidya 1960 (CC BY-NC-SA 4.0); Wikidata (CC0)	0.90
Sadaprarudita	slug:buddhist:sadaprarudita	Sadāprarudita, bodhisattva		सदाप्ररुदित	Sadāprarudita	Sanskrit	Buddhist	Mahayana	Astasahasrika Prajnaparamita	Chapter 30	Aṣṭasāhasrikā ch. 30 (Vaidya p. 236)	https://gretil.sub.uni-goettingen.de/gretil/corpustei/transformations/html/sa_aSTasAhasrikA-prajJApAramitA.htm	90	bodhisattva	personal	attested		GRETIL, Aṣṭasāhasrikā Prajñāpāramitā, ed. P.L. Vaidya 1960 (CC BY-NC-SA 4.0)	0.90
Dharmodgata	slug:buddhist:dharmodgata	Dharmodgata, bodhisattva		धर्मोद्गत	Dharmodgata	Sanskrit	Buddhist	Mahayana	Astasahasrika Prajnaparamita	Chapter 30	Aṣṭasāhasrikā ch. 30 (Vaidya p. 241)	https://gretil.sub.uni-goettingen.de/gretil/corpustei/transformations/html/sa_aSTasAhasrikA-prajJApAramitA.htm	84	bodhisattva	personal	attested		GRETIL, Aṣṭasāhasrikā Prajñāpāramitā, ed. P.L. Vaidya 1960 (CC BY-NC-SA 4.0)	0.90
Akshobhya	Q756612	Akṣobhya Buddha		अक्षोभ्य	Akṣobhya	Sanskrit	Buddhist	Mahayana	Astasahasrika Prajnaparamita	Chapter 19	Aṣṭasāhasrikā ch. 19 (Vaidya p. 181)	https://gretil.sub.uni-goettingen.de/gretil/corpustei/transformations/html/sa_aSTasAhasrikA-prajJApAramitA.htm	5	sage	personal	attested		GRETIL, Aṣṭasāhasrikā Prajñāpāramitā, ed. P.L. Vaidya 1960 (CC BY-NC-SA 4.0); Wikidata (CC0)	0.90
Dipankara	Q1227131	Dīpaṅkara, Buddha of the past		दीपंकर	Dīpaṃkara	Sanskrit	Buddhist	Mahayana	Astasahasrika Prajnaparamita	Chapter 2	Aṣṭasāhasrikā ch. 2 (Vaidya p. 24)	https://gretil.sub.uni-goettingen.de/gretil/corpustei/transformations/html/sa_aSTasAhasrikA-prajJApAramitA.htm	6	sage	personal	attested		GRETIL, Aṣṭasāhasrikā Prajñāpāramitā, ed. P.L. Vaidya 1960 (CC BY-NC-SA 4.0); Wikidata (CC0)	0.90
Gangadeva	slug:buddhist:gangadeva	Gaṅgadevā		गङ्गदेवा	Gaṅgadevā	Sanskrit	Buddhist	Mahayana	Astasahasrika Prajnaparamita	Chapter 19	Aṣṭasāhasrikā ch. 19 (Vaidya p. 174)	https://gretil.sub.uni-goettingen.de/gretil/corpustei/transformations/html/sa_aSTasAhasrikA-prajJApAramitA.htm	9	human	personal	attested	the laywoman Gaṅgadevā, foretold to become a Buddha	GRETIL, Aṣṭasāhasrikā Prajñāpāramitā, ed. P.L. Vaidya 1960 (CC BY-NC-SA 4.0)	0.90
Sudhana	slug:buddhist:sudhana	Sudhana, bodhisattva		सुधन	Sudhana	Sanskrit	Buddhist	Mahayana	Gandavyuha	Chapter 3	Gaṇḍavyūha ch. 3	https://gretil.sub.uni-goettingen.de/gretil/corpustei/transformations/html/sa_gaNDavyUhasUtra.htm	345	bodhisattva	personal	attested	the pilgrim youth of the Gaṇḍavyūha	GRETIL, Gaṇḍavyūhasūtra, ed. P.L. Vaidya 1960 (CC BY-NC-SA 4.0)	0.90
Manjushri	Q471696	Mañjuśrī, bodhisattva		मञ्जुश्री	Mañjuśrī	Sanskrit	Buddhist	Mahayana	Gandavyuha	Chapter 2	Gaṇḍavyūha ch. 2	https://gretil.sub.uni-goettingen.de/gretil/corpustei/transformations/html/sa_gaNDavyUhasUtra.htm	81	bodhisattva	personal	attested		GRETIL, Gaṇḍavyūhasūtra, ed. P.L. Vaidya 1960 (CC BY-NC-SA 4.0); Wikidata (CC0)	0.90
Samantabhadra	Q868306	Samantabhadra, bodhisattva		समन्तभद्र	Samantabhadra	Sanskrit	Buddhist	Mahayana	Gandavyuha	Chapter 1	Gaṇḍavyūha ch. 1	https://gretil.sub.uni-goettingen.de/gretil/corpustei/transformations/html/sa_gaNDavyUhasUtra.htm	150	bodhisattva	personal	attested		GRETIL, Gaṇḍavyūhasūtra, ed. P.L. Vaidya 1960 (CC BY-NC-SA 4.0); Wikidata (CC0)	0.90
Maitreya	Q193461	Maitreya, the future Buddha	boy	मैत्रेय	Maitreya	Sanskrit	Buddhist	Mahayana	Gandavyuha	Chapter 29	Gaṇḍavyūha ch. 29	https://gretil.sub.uni-goettingen.de/gretil/corpustei/transformations/html/sa_gaNDavyUhasUtra.htm	50	bodhisattva	personal	attested		GRETIL, Gaṇḍavyūhasūtra, ed. P.L. Vaidya 1960 (CC BY-NC-SA 4.0); Wikidata (CC0)	0.90
Avalokiteshvara	Q193849	Avalokiteśvara, bodhisattva		अवलोकितेश्वर	Avalokiteśvara	Sanskrit	Buddhist	Mahayana	Gandavyuha	Chapter 29	Gaṇḍavyūha ch. 29	https://gretil.sub.uni-goettingen.de/gretil/corpustei/transformations/html/sa_gaNDavyUhasUtra.htm	15	bodhisattva	personal	attested		GRETIL, Gaṇḍavyūhasūtra, ed. P.L. Vaidya 1960 (CC BY-NC-SA 4.0); Wikidata (CC0)	0.90
Shariputra	Q320142	Sāriputta, chief disciple	boy	शारिपुत्र	Śāriputra	Sanskrit	Buddhist	Mahayana	Gandavyuha	Chapter 1	Gaṇḍavyūha ch. 1	https://gretil.sub.uni-goettingen.de/gretil/corpustei/transformations/html/sa_gaNDavyUhasUtra.htm	6	disciple	personal	attested	Sanskrit form of Pali Sāriputta	GRETIL, Gaṇḍavyūhasūtra, ed. P.L. Vaidya 1960 (CC BY-NC-SA 4.0); Wikidata (CC0)	0.90
Vairochana	Q239847	Vairocana	boy	वैरोचन	Vairocana	Sanskrit	Buddhist	Mahayana	Gandavyuha	Chapter 1	Gaṇḍavyūha ch. 1	https://gretil.sub.uni-goettingen.de/gretil/corpustei/transformations/html/sa_gaNDavyUhasUtra.htm	118	sage	personal	attested		GRETIL, Gaṇḍavyūhasūtra, ed. P.L. Vaidya 1960 (CC BY-NC-SA 4.0); Wikidata (CC0)	0.90
Meghashri	slug:buddhist:gv4-meghasri	Meghaśrī, teacher of Sudhana (Gaṇḍavyūha ch. 4)		मेघश्री	meghaśrī	Sanskrit	Buddhist	Mahayana	Gandavyuha	Chapter 4	Gaṇḍavyūha ch. 4	https://gretil.sub.uni-goettingen.de/gretil/corpustei/transformations/html/sa_gaNDavyUhasUtra.htm	10	human	personal	attested	kalyāṇamitra of Sudhana (ch. 4)	GRETIL, Gaṇḍavyūhasūtra, ed. P.L. Vaidya 1960 (CC BY-NC-SA 4.0)	0.80
Sagaramegha	slug:buddhist:gv5-sagaramegha	Sāgaramegha, teacher of Sudhana (Gaṇḍavyūha ch. 5)		सागरमेघ	sāgaramegha	Sanskrit	Buddhist	Mahayana	Gandavyuha	Chapter 5	Gaṇḍavyūha ch. 5	https://gretil.sub.uni-goettingen.de/gretil/corpustei/transformations/html/sa_gaNDavyUhasUtra.htm	9	human	personal	attested	kalyāṇamitra of Sudhana (ch. 5)	GRETIL, Gaṇḍavyūhasūtra, ed. P.L. Vaidya 1960 (CC BY-NC-SA 4.0)	0.80
Supratishthita	slug:buddhist:gv6-supratisthita	Supratiṣṭhita, teacher of Sudhana (Gaṇḍavyūha ch. 6)		सुप्रतिष्ठित	supratiṣṭhita	Sanskrit	Buddhist	Mahayana	Gandavyuha	Chapter 6	Gaṇḍavyūha ch. 6	https://gretil.sub.uni-goettingen.de/gretil/corpustei/transformations/html/sa_gaNDavyUhasUtra.htm	14	human	personal	attested	kalyāṇamitra of Sudhana (ch. 6)	GRETIL, Gaṇḍavyūhasūtra, ed. P.L. Vaidya 1960 (CC BY-NC-SA 4.0)	0.80
Muktaka	slug:buddhist:gv8-muktaka	Muktaka, teacher of Sudhana (Gaṇḍavyūha ch. 8)		मुक्तक	muktaka	Sanskrit	Buddhist	Mahayana	Gandavyuha	Chapter 8	Gaṇḍavyūha ch. 8	https://gretil.sub.uni-goettingen.de/gretil/corpustei/transformations/html/sa_gaNDavyUhasUtra.htm	9	human	personal	attested	kalyāṇamitra of Sudhana (ch. 8)	GRETIL, Gaṇḍavyūhasūtra, ed. P.L. Vaidya 1960 (CC BY-NC-SA 4.0)	0.80
Saradhvaja	slug:buddhist:gv9-saradhvaja	Sāradhvaja, teacher of Sudhana (Gaṇḍavyūha ch. 9)		सारध्वज	sāradhvaja	Sanskrit	Buddhist	Mahayana	Gandavyuha	Chapter 9	Gaṇḍavyūha ch. 9	https://gretil.sub.uni-goettingen.de/gretil/corpustei/transformations/html/sa_gaNDavyUhasUtra.htm	10	human	personal	attested	kalyāṇamitra of Sudhana (ch. 9)	GRETIL, Gaṇḍavyūhasūtra, ed. P.L. Vaidya 1960 (CC BY-NC-SA 4.0)	0.80
Bhishmottaranirghosha	slug:buddhist:gv11-bhismottaranirghosa	Bhīṣmottaranirghoṣa, teacher of Sudhana (Gaṇḍavyūha ch. 11)		भीष्मोत्तरनिर्घोष	bhīṣmottaranirghoṣa	Sanskrit	Buddhist	Mahayana	Gandavyuha	Chapter 11	Gaṇḍavyūha ch. 11	https://gretil.sub.uni-goettingen.de/gretil/corpustei/transformations/html/sa_gaNDavyUhasUtra.htm	16	human	personal	attested	kalyāṇamitra of Sudhana (ch. 11)	GRETIL, Gaṇḍavyūhasūtra, ed. P.L. Vaidya 1960 (CC BY-NC-SA 4.0)	0.80
Jayoshmayatana	slug:buddhist:gv12-jayosmayatana	Jayoṣmāyatana, teacher of Sudhana (Gaṇḍavyūha ch. 12)		जयोष्मायतन	jayoṣmāyatana	Sanskrit	Buddhist	Mahayana	Gandavyuha	Chapter 12	Gaṇḍavyūha ch. 12	https://gretil.sub.uni-goettingen.de/gretil/corpustei/transformations/html/sa_gaNDavyUhasUtra.htm	10	human	personal	attested	kalyāṇamitra of Sudhana (ch. 12)	GRETIL, Gaṇḍavyūhasūtra, ed. P.L. Vaidya 1960 (CC BY-NC-SA 4.0)	0.80
Maitrayani	slug:buddhist:gv13-maitrayani	Maitrāyaṇī, teacher of Sudhana (Gaṇḍavyūha ch. 13)		मैत्रायणी	maitrāyaṇī	Sanskrit	Buddhist	Mahayana	Gandavyuha	Chapter 13	Gaṇḍavyūha ch. 13	https://gretil.sub.uni-goettingen.de/gretil/corpustei/transformations/html/sa_gaNDavyUhasUtra.htm	10	human	personal	attested	kalyāṇamitra of Sudhana (ch. 13)	GRETIL, Gaṇḍavyūhasūtra, ed. P.L. Vaidya 1960 (CC BY-NC-SA 4.0)	0.80
Sudarshana	slug:buddhist:gv14-sudarsana	Sudarśana, teacher of Sudhana (Gaṇḍavyūha ch. 14)		सुदर्शन	sudarśana	Sanskrit	Buddhist	Mahayana	Gandavyuha	Chapter 14	Gaṇḍavyūha ch. 14	https://gretil.sub.uni-goettingen.de/gretil/corpustei/transformations/html/sa_gaNDavyUhasUtra.htm	10	human	personal	attested	kalyāṇamitra of Sudhana (ch. 14)	GRETIL, Gaṇḍavyūhasūtra, ed. P.L. Vaidya 1960 (CC BY-NC-SA 4.0)	0.80
Indriyeshvara	slug:buddhist:gv15-indriyesvara	Indriyeśvara, teacher of Sudhana (Gaṇḍavyūha ch. 15)		इन्द्रियेश्वर	indriyeśvara	Sanskrit	Buddhist	Mahayana	Gandavyuha	Chapter 15	Gaṇḍavyūha ch. 15	https://gretil.sub.uni-goettingen.de/gretil/corpustei/transformations/html/sa_gaNDavyUhasUtra.htm	10	human	personal	attested	kalyāṇamitra of Sudhana (ch. 15)	GRETIL, Gaṇḍavyūhasūtra, ed. P.L. Vaidya 1960 (CC BY-NC-SA 4.0)	0.80
Ratnachuda	slug:buddhist:gv18-ratnacuda	Ratnacūḍa, teacher of Sudhana (Gaṇḍavyūha ch. 18)		रत्नचूड	ratnacūḍa	Sanskrit	Buddhist	Mahayana	Gandavyuha	Chapter 18	Gaṇḍavyūha ch. 18	https://gretil.sub.uni-goettingen.de/gretil/corpustei/transformations/html/sa_gaNDavyUhasUtra.htm	7	human	personal	attested	kalyāṇamitra of Sudhana (ch. 18)	GRETIL, Gaṇḍavyūhasūtra, ed. P.L. Vaidya 1960 (CC BY-NC-SA 4.0)	0.80
Samantanetra	slug:buddhist:gv19-samantanetra	Samantanetra, teacher of Sudhana (Gaṇḍavyūha ch. 19)		समन्तनेत्र	samantanetra	Sanskrit	Buddhist	Mahayana	Gandavyuha	Chapter 19	Gaṇḍavyūha ch. 19	https://gretil.sub.uni-goettingen.de/gretil/corpustei/transformations/html/sa_gaNDavyUhasUtra.htm	7	human	personal	attested	kalyāṇamitra of Sudhana (ch. 19)	GRETIL, Gaṇḍavyūhasūtra, ed. P.L. Vaidya 1960 (CC BY-NC-SA 4.0)	0.80
Mahaprabha	slug:buddhist:gv21-mahaprabha	Mahāprabha, teacher of Sudhana (Gaṇḍavyūha ch. 21)		महाप्रभ	mahāprabha	Sanskrit	Buddhist	Mahayana	Gandavyuha	Chapter 21	Gaṇḍavyūha ch. 21	https://gretil.sub.uni-goettingen.de/gretil/corpustei/transformations/html/sa_gaNDavyUhasUtra.htm	24	human	personal	attested	kalyāṇamitra of Sudhana (ch. 21)	GRETIL, Gaṇḍavyūhasūtra, ed. P.L. Vaidya 1960 (CC BY-NC-SA 4.0)	0.80
Sarvagami	slug:buddhist:gv23-sarvagami	Sarvagāmī, teacher of Sudhana (Gaṇḍavyūha ch. 23)		सर्वगामी	sarvagāmī	Sanskrit	Buddhist	Mahayana	Gandavyuha	Chapter 23	Gaṇḍavyūha ch. 23	https://gretil.sub.uni-goettingen.de/gretil/corpustei/transformations/html/sa_gaNDavyUhasUtra.htm	8	human	personal	attested	kalyāṇamitra of Sudhana (ch. 23)	GRETIL, Gaṇḍavyūhasūtra, ed. P.L. Vaidya 1960 (CC BY-NC-SA 4.0)	0.80
Utpalabhuti	slug:buddhist:gv24-utpalabhuti	Utpalabhūti, teacher of Sudhana (Gaṇḍavyūha ch. 24)		उत्पलभूति	utpalabhūti	Sanskrit	Buddhist	Mahayana	Gandavyuha	Chapter 24	Gaṇḍavyūha ch. 24	https://gretil.sub.uni-goettingen.de/gretil/corpustei/transformations/html/sa_gaNDavyUhasUtra.htm	8	human	personal	attested	kalyāṇamitra of Sudhana (ch. 24)	GRETIL, Gaṇḍavyūhasūtra, ed. P.L. Vaidya 1960 (CC BY-NC-SA 4.0)	0.80
Jayottama	slug:buddhist:gv26-jayottama	Jayottama, teacher of Sudhana (Gaṇḍavyūha ch. 26)		जयोत्तम	jayottama	Sanskrit	Buddhist	Mahayana	Gandavyuha	Chapter 26	Gaṇḍavyūha ch. 26	https://gretil.sub.uni-goettingen.de/gretil/corpustei/transformations/html/sa_gaNDavyUhasUtra.htm	7	human	personal	attested	kalyāṇamitra of Sudhana (ch. 26)	GRETIL, Gaṇḍavyūhasūtra, ed. P.L. Vaidya 1960 (CC BY-NC-SA 4.0)	0.80
Sinhavijrimbhita	slug:buddhist:gv27-simhavijrmbhita	Siṃhavijṛmbhitā, teacher of Sudhana (Gaṇḍavyūha ch. 27)		सिंहविजृम्भिता	siṃhavijṛmbhitā	Sanskrit	Buddhist	Mahayana	Gandavyuha	Chapter 27	Gaṇḍavyūha ch. 27	https://gretil.sub.uni-goettingen.de/gretil/corpustei/transformations/html/sa_gaNDavyUhasUtra.htm	46	human	personal	attested	kalyāṇamitra of Sudhana (ch. 27)	GRETIL, Gaṇḍavyūhasūtra, ed. P.L. Vaidya 1960 (CC BY-NC-SA 4.0)	0.80
Vasumitra	slug:buddhist:gv28-vasumitra	Vasumitrā, teacher of Sudhana (Gaṇḍavyūha ch. 28)		वसुमित्रा	vasumitrā	Sanskrit	Buddhist	Mahayana	Gandavyuha	Chapter 28	Gaṇḍavyūha ch. 28	https://gretil.sub.uni-goettingen.de/gretil/corpustei/transformations/html/sa_gaNDavyUhasUtra.htm	11	human	personal	attested	kalyāṇamitra of Sudhana (ch. 28)	GRETIL, Gaṇḍavyūhasūtra, ed. P.L. Vaidya 1960 (CC BY-NC-SA 4.0)	0.80
Veshthila	slug:buddhist:gv29-vesthila	Veṣṭhila, teacher of Sudhana (Gaṇḍavyūha ch. 29)		वेष्ठिल	veṣṭhila	Sanskrit	Buddhist	Mahayana	Gandavyuha	Chapter 29	Gaṇḍavyūha ch. 29	https://gretil.sub.uni-goettingen.de/gretil/corpustei/transformations/html/sa_gaNDavyUhasUtra.htm	6	human	personal	attested	kalyāṇamitra of Sudhana (ch. 29)	GRETIL, Gaṇḍavyūhasūtra, ed. P.L. Vaidya 1960 (CC BY-NC-SA 4.0)	0.80
Ananyagami	slug:buddhist:gv31-ananyagami	Ananyagāmī, teacher of Sudhana (Gaṇḍavyūha ch. 31)		अनन्यगामी	ananyagāmī	Sanskrit	Buddhist	Mahayana	Gandavyuha	Chapter 31	Gaṇḍavyūha ch. 31	https://gretil.sub.uni-goettingen.de/gretil/corpustei/transformations/html/sa_gaNDavyUhasUtra.htm	5	bodhisattva	personal	attested	kalyāṇamitra of Sudhana (ch. 31)	GRETIL, Gaṇḍavyūhasūtra, ed. P.L. Vaidya 1960 (CC BY-NC-SA 4.0)	0.80
Sutejomandalaratishri	slug:buddhist:gv42-sutejomandalaratisri	Sutejomaṇḍalaratiśrī, teacher of Sudhana (Gaṇḍavyūha ch. 42)		सुतेजोमण्डलरतिश्री	sutejomaṇḍalaratiśrī	Sanskrit	Buddhist	Mahayana	Gandavyuha	Chapter 42	Gaṇḍavyūha ch. 42	https://gretil.sub.uni-goettingen.de/gretil/corpustei/transformations/html/sa_gaNDavyUhasUtra.htm	11	deity	personal	attested	kalyāṇamitra of Sudhana (ch. 42)	GRETIL, Gaṇḍavyūhasūtra, ed. P.L. Vaidya 1960 (CC BY-NC-SA 4.0)	0.80
Gopa	Q466572	Yasodharā (Rāhulamātā), the Buddha's wife	girl	गोपा	gopā	Sanskrit	Buddhist	Mahayana	Gandavyuha	Chapter 43	Gaṇḍavyūha ch. 43	https://gretil.sub.uni-goettingen.de/gretil/corpustei/transformations/html/sa_gaNDavyUhasUtra.htm	12	human	personal	attested	Gopā, name of the Buddha's wife (Pali Yasodharā) in Mahāyāna texts	GRETIL, Gaṇḍavyūhasūtra, ed. P.L. Vaidya 1960 (CC BY-NC-SA 4.0); Wikidata (CC0)	0.80
Surendrabha	slug:buddhist:gv45-surendrabha	Surendrābhā, teacher of Sudhana (Gaṇḍavyūha ch. 45)		सुरेन्द्राभा	surendrābhā	Sanskrit	Buddhist	Mahayana	Gandavyuha	Chapter 45	Gaṇḍavyūha ch. 45	https://gretil.sub.uni-goettingen.de/gretil/corpustei/transformations/html/sa_gaNDavyUhasUtra.htm	9	deity	personal	attested	kalyāṇamitra of Sudhana (ch. 45)	GRETIL, Gaṇḍavyūhasūtra, ed. P.L. Vaidya 1960 (CC BY-NC-SA 4.0)	0.80
Vishvamitra	slug:buddhist:gv46-visvamitra	Viśvāmitra, teacher of Sudhana (Gaṇḍavyūha ch. 46)		विश्वामित्र	viśvāmitra	Sanskrit	Buddhist	Mahayana	Gandavyuha	Chapter 46	Gaṇḍavyūha ch. 46	https://gretil.sub.uni-goettingen.de/gretil/corpustei/transformations/html/sa_gaNDavyUhasUtra.htm	6	human	personal	attested	kalyāṇamitra of Sudhana (ch. 46)	GRETIL, Gaṇḍavyūhasūtra, ed. P.L. Vaidya 1960 (CC BY-NC-SA 4.0)	0.80
Shilpabhijna	slug:buddhist:gv47-silpabhijna	Śilpābhijña, teacher of Sudhana (Gaṇḍavyūha ch. 47)		शिल्पाभिज्ञ	śilpābhijña	Sanskrit	Buddhist	Mahayana	Gandavyuha	Chapter 47	Gaṇḍavyūha ch. 47	https://gretil.sub.uni-goettingen.de/gretil/corpustei/transformations/html/sa_gaNDavyUhasUtra.htm	9	human	personal	attested	kalyāṇamitra of Sudhana (ch. 47)	GRETIL, Gaṇḍavyūhasūtra, ed. P.L. Vaidya 1960 (CC BY-NC-SA 4.0)	0.80
Bhadrottama	slug:buddhist:gv48-bhadrottama	Bhadrottamā, teacher of Sudhana (Gaṇḍavyūha ch. 48)		भद्रोत्तमा	bhadrottamā	Sanskrit	Buddhist	Mahayana	Gandavyuha	Chapter 48	Gaṇḍavyūha ch. 48	https://gretil.sub.uni-goettingen.de/gretil/corpustei/transformations/html/sa_gaNDavyUhasUtra.htm	8	human	personal	attested	kalyāṇamitra of Sudhana (ch. 48)	GRETIL, Gaṇḍavyūhasūtra, ed. P.L. Vaidya 1960 (CC BY-NC-SA 4.0)	0.80
Muktasara	slug:buddhist:gv49-muktasara	Muktāsāra, teacher of Sudhana (Gaṇḍavyūha ch. 49)		मुक्तासार	muktāsāra	Sanskrit	Buddhist	Mahayana	Gandavyuha	Chapter 49	Gaṇḍavyūha ch. 49	https://gretil.sub.uni-goettingen.de/gretil/corpustei/transformations/html/sa_gaNDavyUhasUtra.htm	6	human	personal	attested	kalyāṇamitra of Sudhana (ch. 49)	GRETIL, Gaṇḍavyūhasūtra, ed. P.L. Vaidya 1960 (CC BY-NC-SA 4.0)	0.80
Ajitasena	slug:buddhist:gv51-ajitasena	Ajitasena, teacher of Sudhana (Gaṇḍavyūha ch. 51)		अजितसेन	ajitasena	Sanskrit	Buddhist	Mahayana	Gandavyuha	Chapter 51	Gaṇḍavyūha ch. 51	https://gretil.sub.uni-goettingen.de/gretil/corpustei/transformations/html/sa_gaNDavyUhasUtra.htm	5	human	personal	attested	kalyāṇamitra of Sudhana (ch. 51)	GRETIL, Gaṇḍavyūhasūtra, ed. P.L. Vaidya 1960 (CC BY-NC-SA 4.0)	0.80
Shivaragra	slug:buddhist:gv52-sivaragra	Śivarāgra, teacher of Sudhana (Gaṇḍavyūha ch. 52)		शिवराग्र	śivarāgra	Sanskrit	Buddhist	Mahayana	Gandavyuha	Chapter 52	Gaṇḍavyūha ch. 52	https://gretil.sub.uni-goettingen.de/gretil/corpustei/transformations/html/sa_gaNDavyUhasUtra.htm	6	human	personal	attested	kalyāṇamitra of Sudhana (ch. 52)	GRETIL, Gaṇḍavyūhasūtra, ed. P.L. Vaidya 1960 (CC BY-NC-SA 4.0)	0.80
Vajragarbha	slug:buddhist:vajragarbha	Vajragarbha, bodhisattva		वज्रगर्भ	Vajragarbha	Sanskrit	Buddhist	Mahayana	Dasabhumika Sutra		Daśabhūmika, bhūmi 1	https://gretil.sub.uni-goettingen.de/gretil/corpustei/transformations/html/sa_dazabhUmikasUtra.htm	49	bodhisattva	personal	attested		GRETIL, Daśabhūmikasūtra, ed. P.L. Vaidya 1967 (CC BY-NC-SA 4.0)	0.90
Vimuktichandra	slug:buddhist:vimukticandra	Vimukticandra, bodhisattva		विमुक्तिचन्द्र	Vimukticandra	Sanskrit	Buddhist	Mahayana	Dasabhumika Sutra		Daśabhūmika, bhūmi 1	https://gretil.sub.uni-goettingen.de/gretil/corpustei/transformations/html/sa_dazabhUmikasUtra.htm	22	bodhisattva	personal	attested		GRETIL, Daśabhūmikasūtra, ed. P.L. Vaidya 1967 (CC BY-NC-SA 4.0)	0.90
Mahamati	slug:buddhist:mahamati	Mahāmati, bodhisattva		महामति	Mahāmati	Sanskrit	Buddhist	Mahayana	Lankavatara Sutra	Chapter 1	Laṅkāvatāra ch. 1	https://gretil.sub.uni-goettingen.de/gretil/corpustei/transformations/html/sa_saddharmalaGkAvatArasUtra.htm	854	bodhisattva	personal	attested		GRETIL, Saddharmalaṅkāvatārasūtra, ed. P.L. Vaidya 1963 (CC BY-NC-SA 4.0)	0.90
Ravana	Q235102	Rāvaṇa, King of Lankā	boy	रावण	Rāvaṇa	Sanskrit	Buddhist	Mahayana	Lankavatara Sutra	Chapter 1	Laṅkāvatāra ch. 1	https://gretil.sub.uni-goettingen.de/gretil/corpustei/transformations/html/sa_saddharmalaGkAvatArasUtra.htm	17	royal	personal	attested	Rāvaṇa, lord of Laṅkā, who requests the teaching	GRETIL, Saddharmalaṅkāvatārasūtra, ed. P.L. Vaidya 1963 (CC BY-NC-SA 4.0); Wikidata (CC0)	0.90
Manjushri	Q471696	Mañjuśrī, bodhisattva		मञ्जुश्री	Mañjuśrī	Sanskrit	Buddhist	Mahayana	Bodhicaryavatara		Bodhicaryāvatāra 2.22	https://gretil.sub.uni-goettingen.de/gretil/corpustei/transformations/html/sa_zAntideva-bodhicaryAvatAra.htm	2	bodhisattva	personal	attested		GRETIL, Śāntideva, Bodhicaryāvatāra (CC BY-NC-SA 4.0); Wikidata (CC0)	0.90
Samantabhadra	Q868306	Samantabhadra, bodhisattva		समन्तभद्र	Samantabhadra	Sanskrit	Buddhist	Mahayana	Bodhicaryavatara		Bodhicaryāvatāra 10.15	https://gretil.sub.uni-goettingen.de/gretil/corpustei/transformations/html/sa_zAntideva-bodhicaryAvatAra.htm	1	bodhisattva	personal	attested		GRETIL, Śāntideva, Bodhicaryāvatāra (CC BY-NC-SA 4.0); Wikidata (CC0)	0.90
Akashagarbha	Q416174	Ākāśagarbha, bodhisattva		आकाशगर्भ	Ākāśagarbha	Sanskrit	Buddhist	Mahayana	Bodhicaryavatara		Bodhicaryāvatāra 2.52	https://gretil.sub.uni-goettingen.de/gretil/corpustei/transformations/html/sa_zAntideva-bodhicaryAvatAra.htm	1	bodhisattva	personal	attested		GRETIL, Śāntideva, Bodhicaryāvatāra (CC BY-NC-SA 4.0); Wikidata (CC0)	0.90
Kshitigarbha	Q604687	Kṣitigarbha, bodhisattva	boy	क्षितिगर्भ	Kṣitigarbha	Sanskrit	Buddhist	Mahayana	Bodhicaryavatara		Bodhicaryāvatāra 2.52	https://gretil.sub.uni-goettingen.de/gretil/corpustei/transformations/html/sa_zAntideva-bodhicaryAvatAra.htm	1	bodhisattva	personal	attested		GRETIL, Śāntideva, Bodhicaryāvatāra (CC BY-NC-SA 4.0); Wikidata (CC0)	0.90
Shrisambhava	slug:buddhist:srisambhava	Śrīsaṃbhava		श्रीसंभव	Śrīsaṃbhava	Sanskrit	Buddhist	Mahayana	Bodhicaryavatara		Bodhicaryāvatāra 5.103	https://gretil.sub.uni-goettingen.de/gretil/corpustei/transformations/html/sa_zAntideva-bodhicaryAvatAra.htm	1	human	personal	attested	the merchant's son of the Gaṇḍavyūha, cited by Śāntideva	GRETIL, Śāntideva, Bodhicaryāvatāra (CC BY-NC-SA 4.0)	0.90
Tara	Q746709	Tārā, bodhisattva	girl	तारा	Tārā	Sanskrit	Buddhist	Mahayana	Tara Namashtottarashataka		Tārānāmāṣṭottaraśataka v. 1	https://gretil.sub.uni-goettingen.de/gretil/corpustei/transformations/html/sa_tArAbhaTTArikAnAmASTottarazatakastotra.htm	2	bodhisattva	personal	attested		GRETIL, Āryatārābhaṭṭārikānāmāṣṭottaraśatakastotra, ed. G. de Blonay 1895 (CC BY-NC-SA 4.0); Wikidata (CC0)	0.90
Huineng	Q345012	Huineng, Sixth Patriarch of Chan	boy	惠能	Huìnéng	Chinese	Buddhist	Chan	Platform Sutra	1 行由	T48 no. 2008, p. 348a1	https://cbetaonline.dila.edu.tw/zh/T48n2008_p0348a01	62	sage	personal	attested		Liuzu Dashi Fabao Tanjing (T2008, Zongbao ed.), CBETA XML P5 (non-commercial use with header); Wikidata (CC0)	0.90
Hongren	Q1364567	Hongren, Fifth Patriarch of Chan	boy	弘忍	Hóngrěn	Chinese	Buddhist	Chan	Platform Sutra	10 付囑	T48 no. 2008, p. 361c18	https://cbetaonline.dila.edu.tw/zh/T48n2008_p0361c18	1	sage	personal	attested		Liuzu Dashi Fabao Tanjing (T2008, Zongbao ed.), CBETA XML P5 (non-commercial use with header); Wikidata (CC0)	0.90
Shenxiu	Q704016	Shenxiu, Chan master	boy	神秀	Shénxiù	Chinese	Buddhist	Chan	Platform Sutra	1 行由	T48 no. 2008, p. 348b10	https://cbetaonline.dila.edu.tw/zh/T48n2008_p0348b10	5	sage	personal	attested		Liuzu Dashi Fabao Tanjing (T2008, Zongbao ed.), CBETA XML P5 (non-commercial use with header); Wikidata (CC0)	0.90
Bodhidharma	Q187172	Bodhidharma, first Chan patriarch	boy	達磨	Dámó	Chinese	Buddhist	Chan	Platform Sutra	六祖大師法寶壇經序	T48 no. 2008, p. 345c10	https://cbetaonline.dila.edu.tw/zh/T48n2008_p0345c10	17	sage	personal	attested		Liuzu Dashi Fabao Tanjing (T2008, Zongbao ed.), CBETA XML P5 (non-commercial use with header); Wikidata (CC0)	0.90
Fahai	slug:buddhist:chan-fahai	Fahai, disciple of Huineng and compiler of the sutra		法海	Fǎhǎi	Chinese	Buddhist	Chan	Platform Sutra	7 機緣	T48 no. 2008, p. 355a27	https://cbetaonline.dila.edu.tw/zh/T48n2008_p0355a27	8	sage	personal	attested		Liuzu Dashi Fabao Tanjing (T2008, Zongbao ed.), CBETA XML P5 (non-commercial use with header)	0.90
Huiming	slug:buddhist:chan-huiming	Huiming, monk who pursued Huineng		惠明	Huìmíng	Chinese	Buddhist	Chan	Platform Sutra	1 行由	T48 no. 2008, p. 349b17	https://cbetaonline.dila.edu.tw/zh/T48n2008_p0349b17	8	sage	personal	attested		Liuzu Dashi Fabao Tanjing (T2008, Zongbao ed.), CBETA XML P5 (non-commercial use with header)	0.90
Fada	slug:buddhist:chan-fada	Fada, disciple of Huineng		法達	Fǎdá	Chinese	Buddhist	Chan	Platform Sutra	7 機緣	T48 no. 2008, p. 355b8	https://cbetaonline.dila.edu.tw/zh/T48n2008_p0355b08	8	sage	personal	attested		Liuzu Dashi Fabao Tanjing (T2008, Zongbao ed.), CBETA XML P5 (non-commercial use with header)	0.90
Zhitong	slug:buddhist:chan-zhitong	Zhitong, disciple of Huineng		智通	Zhìtōng	Chinese	Buddhist	Chan	Platform Sutra	7 機緣	T48 no. 2008, p. 356a26	https://cbetaonline.dila.edu.tw/zh/T48n2008_p0356a26	2	sage	personal	attested		Liuzu Dashi Fabao Tanjing (T2008, Zongbao ed.), CBETA XML P5 (non-commercial use with header)	0.90
Zhidao	slug:buddhist:chan-zhidao	Zhidao, disciple of Huineng		志道	Zhìdào	Chinese	Buddhist	Chan	Platform Sutra	7 機緣	T48 no. 2008, p. 356c26	https://cbetaonline.dila.edu.tw/zh/T48n2008_p0356c26	3	sage	personal	attested		Liuzu Dashi Fabao Tanjing (T2008, Zongbao ed.), CBETA XML P5 (non-commercial use with header)	0.90
Xingsi	Q3117623	Qingyuan Xingsi, disciple of Huineng	boy	行思	Xíngsī	Chinese	Buddhist	Chan	Platform Sutra	7 機緣	T48 no. 2008, p. 357b12	https://cbetaonline.dila.edu.tw/zh/T48n2008_p0357b12	1	sage	personal	attested		Liuzu Dashi Fabao Tanjing (T2008, Zongbao ed.), CBETA XML P5 (non-commercial use with header); Wikidata (CC0)	0.90
Huairang	Q712577	Nanyue Huairang, disciple of Huineng	boy	懷讓	Huáiràng	Chinese	Buddhist	Chan	Platform Sutra	7 機緣	T48 no. 2008, p. 357b19	https://cbetaonline.dila.edu.tw/zh/T48n2008_p0357b19	1	sage	personal	attested		Liuzu Dashi Fabao Tanjing (T2008, Zongbao ed.), CBETA XML P5 (non-commercial use with header); Wikidata (CC0)	0.90
Xuanjue	Q1073110	Yongjia Xuanjue, disciple of Huineng	boy	玄覺	Xuánjué	Chinese	Buddhist	Chan	Platform Sutra	7 機緣	T48 no. 2008, p. 357b29	https://cbetaonline.dila.edu.tw/zh/T48n2008_p0357b29	2	sage	personal	attested		Liuzu Dashi Fabao Tanjing (T2008, Zongbao ed.), CBETA XML P5 (non-commercial use with header); Wikidata (CC0)	0.90
Zhihuang	slug:buddhist:chan-zhihuang	Zhihuang, meditator converted by Huineng		智隍	Zhìhuáng	Chinese	Buddhist	Chan	Platform Sutra	7 機緣	T48 no. 2008, p. 357c19	https://cbetaonline.dila.edu.tw/zh/T48n2008_p0357c19	1	sage	personal	attested		Liuzu Dashi Fabao Tanjing (T2008, Zongbao ed.), CBETA XML P5 (non-commercial use with header)	0.90
Zhicheng	slug:buddhist:chan-zhicheng	Zhicheng, disciple sent by Shenxiu		志誠	Zhìchéng	Chinese	Buddhist	Chan	Platform Sutra	8 頓漸	T48 no. 2008, p. 358b14	https://cbetaonline.dila.edu.tw/zh/T48n2008_p0358b14	8	sage	personal	attested		Liuzu Dashi Fabao Tanjing (T2008, Zongbao ed.), CBETA XML P5 (non-commercial use with header)	0.90
Shenhui	Q712218	Heze Shenhui, disciple of Huineng	boy	神會	Shénhuì	Chinese	Buddhist	Chan	Platform Sutra	8 頓漸	T48 no. 2008, p. 359b12	https://cbetaonline.dila.edu.tw/zh/T48n2008_p0359b12	10	sage	personal	attested		Liuzu Dashi Fabao Tanjing (T2008, Zongbao ed.), CBETA XML P5 (non-commercial use with header); Wikidata (CC0)	0.90
Yinzong	slug:buddhist:chan-yinzong	Yinzong, dharma master who ordained Huineng		印宗	Yìnzōng	Chinese	Buddhist	Chan	Platform Sutra	六祖大師法寶壇經序	T48 no. 2008, p. 345c15	https://cbetaonline.dila.edu.tw/zh/T48n2008_p0345c15	8	sage	personal	attested		Liuzu Dashi Fabao Tanjing (T2008, Zongbao ed.), CBETA XML P5 (non-commercial use with header)	0.90
Wei Qu	slug:buddhist:chan-weiqu	Wei Qu, prefect of Shaozhou		韋璩	Wéi Qú	Chinese	Buddhist	Chan	Platform Sutra	1 行由	T48 no. 2008, p. 347c24	https://cbetaonline.dila.edu.tw/zh/T48n2008_p0347c24	2	human	personal	attested		Liuzu Dashi Fabao Tanjing (T2008, Zongbao ed.), CBETA XML P5 (non-commercial use with header)	0.90
Xue Jian	slug:buddhist:chan-xuejian	Xue Jian, imperial envoy		薛簡	Xuē Jiǎn	Chinese	Buddhist	Chan	Platform Sutra	9 宣詔	T48 no. 2008, p. 359c16	https://cbetaonline.dila.edu.tw/zh/T48n2008_p0359c16	3	human	personal	attested		Liuzu Dashi Fabao Tanjing (T2008, Zongbao ed.), CBETA XML P5 (non-commercial use with header)	0.90
Shengman	Q1046397	Śrīmālā, queen of Ayodhyā		勝鬘	Shèngmán	Chinese	Buddhist	Mahayana	Srimaladevi Sutra		T12 no. 353, p. 217a3	https://cbetaonline.dila.edu.tw/zh/T12n0353_p0217a03	39	royal	personal	attested	Chinese rendering of Sanskrit Śrīmālā	Śrīmālādevī Siṃhanāda sūtra (T353, tr. Guṇabhadra), CBETA XML P5 (Taishō text; non-commercial use with header); Wikidata (CC0)	0.85
Bosini	Q3055324	Pasenadi, king of Kosala	boy	波斯匿	Bōsīnì	Chinese	Buddhist	Mahayana	Srimaladevi Sutra	1 如來真實義功德章	T12 no. 353, p. 217a8	https://cbetaonline.dila.edu.tw/zh/T12n0353_p0217a08	1	royal	personal	attested	Chinese rendering of Sanskrit Prasenajit	Śrīmālādevī Siṃhanāda sūtra (T353, tr. Guṇabhadra), CBETA XML P5 (Taishō text; non-commercial use with header); Wikidata (CC0)	0.85
Dishi	Q1444745	Sakka, king of the devas	boy	帝釋	Dìshì	Chinese	Buddhist	Mahayana	Srimaladevi Sutra	15 勝鬘章	T12 no. 353, p. 223a14	https://cbetaonline.dila.edu.tw/zh/T12n0353_p0223a14	8	deity	personal	attested	Chinese rendering of Sanskrit Śakra	Śrīmālādevī Siṃhanāda sūtra (T353, tr. Guṇabhadra), CBETA XML P5 (Taishō text; non-commercial use with header); Wikidata (CC0)	0.85
Anan	Q28988	Ānanda, the Buddha's attendant	boy	阿難	Ānán	Chinese	Buddhist	Mahayana	Srimaladevi Sutra	15 勝鬘章	T12 no. 353, p. 223a13	https://cbetaonline.dila.edu.tw/zh/T12n0353_p0223a13	5	disciple	personal	attested	Chinese rendering of Sanskrit Ānanda	Śrīmālādevī Siṃhanāda sūtra (T353, tr. Guṇabhadra), CBETA XML P5 (Taishō text; non-commercial use with header); Wikidata (CC0)	0.85
Anan	Q28988	Ānanda, the Buddha's attendant	boy	阿難	Ānán	Chinese	Buddhist	Mahayana	Surangama Sutra	新印大佛頂首楞嚴經序	T19 no. 945, p. 105c10	https://cbetaonline.dila.edu.tw/zh/T19n0945_p0105c10	443	disciple	personal	attested	Chinese rendering of Sanskrit Ānanda	Śūraṅgama sūtra (T945), CBETA XML P5 (Taishō text; non-commercial use with header); Wikidata (CC0)	0.85
Modengqie	slug:buddhist:cb-matangi	Mātaṅgī (Prakṛti), the woman who enchanted Ānanda		摩登伽	Módēngqié	Chinese	Buddhist	Mahayana	Surangama Sutra	新印大佛頂首楞嚴經序	T19 no. 945, p. 105c9	https://cbetaonline.dila.edu.tw/zh/T19n0945_p0105c09	8	human	personal	attested	Chinese rendering of Sanskrit Mātaṅgī	Śūraṅgama sūtra (T945), CBETA XML P5 (Taishō text; non-commercial use with header)	0.85
Xing Biqiuni	slug:buddhist:cb-prakriti	Prakṛti, the nun (formerly Mātaṅgī's daughter)		性比丘尼	Xìng Bǐqiūní	Chinese	Buddhist	Mahayana	Surangama Sutra	大佛頂如來萬行首楞嚴經序	T19 no. 945, p. 122a7	https://cbetaonline.dila.edu.tw/zh/T19n0945_p0122a07	2	disciple	personal	attested	Chinese rendering of Sanskrit Prakṛti	Śūraṅgama sūtra (T945), CBETA XML P5 (Taishō text; non-commercial use with header)	0.85
Bosini	Q3055324	Pasenadi, king of Kosala	boy	波斯匿	Bōsīnì	Chinese	Buddhist	Mahayana	Surangama Sutra	大佛頂如來萬行首楞嚴經序	T19 no. 945, p. 106a5	https://cbetaonline.dila.edu.tw/zh/T19n0945_p0106a05	4	royal	personal	attested	Chinese rendering of Sanskrit Prasenajit	Śūraṅgama sūtra (T945), CBETA XML P5 (Taishō text; non-commercial use with header); Wikidata (CC0)	0.85
Wenshushili	Q471696	Mañjuśrī, bodhisattva		文殊師利	Wénshūshīlì	Chinese	Buddhist	Mahayana	Surangama Sutra	大佛頂如來萬行首楞嚴經序	T19 no. 945, p. 106a13	https://cbetaonline.dila.edu.tw/zh/T19n0945_p0106a13	23	bodhisattva	personal	attested	Chinese rendering of Sanskrit Mañjuśrī	Śūraṅgama sūtra (T945), CBETA XML P5 (Taishō text; non-commercial use with header); Wikidata (CC0)	0.85
Guanshiyin	Q193849	Avalokiteśvara, bodhisattva		觀世音	Guānshìyīn	Chinese	Buddhist	Mahayana	Surangama Sutra	大佛頂如來萬行首楞嚴經序	T19 no. 945, p. 128b15	https://cbetaonline.dila.edu.tw/zh/T19n0945_p0128b15	7	bodhisattva	personal	attested	Chinese rendering of Sanskrit Avalokiteśvara	Śūraṅgama sūtra (T945), CBETA XML P5 (Taishō text; non-commercial use with header); Wikidata (CC0)	0.85
Puxian	Q868306	Samantabhadra, bodhisattva		普賢	Pǔxián	Chinese	Buddhist	Mahayana	Surangama Sutra	大佛頂如來萬行首楞嚴經序	T19 no. 945, p. 126c13	https://cbetaonline.dila.edu.tw/zh/T19n0945_p0126c13	3	bodhisattva	personal	attested	Chinese rendering of Sanskrit Samantabhadra	Śūraṅgama sūtra (T945), CBETA XML P5 (Taishō text; non-commercial use with header); Wikidata (CC0)	0.85
Dashizhi	Q1465683	Mahāsthāmaprāpta, bodhisattva		大勢至	Dàshìzhì	Chinese	Buddhist	Mahayana	Surangama Sutra	大佛頂如來萬行首楞嚴經序	T19 no. 945, p. 128a21	https://cbetaonline.dila.edu.tw/zh/T19n0945_p0128a21	1	bodhisattva	personal	attested	Chinese rendering of Sanskrit Mahāsthāmaprāpta	Śūraṅgama sūtra (T945), CBETA XML P5 (Taishō text; non-commercial use with header); Wikidata (CC0)	0.85
Fulouna	slug:buddhist:punna-4	Puṇṇa Mantāniputta, disciple		富樓那	Fùlóunà	Chinese	Buddhist	Mahayana	Surangama Sutra	大佛頂如來萬行首楞嚴經序	T19 no. 945, p. 106a4	https://cbetaonline.dila.edu.tw/zh/T19n0945_p0106a04	28	disciple	personal	attested	Chinese rendering of Sanskrit Pūrṇa	Śūraṅgama sūtra (T945), CBETA XML P5 (Taishō text; non-commercial use with header)	0.85
Jiaochenna	Q2708070	Aññāsi Koṇḍañña, first disciple	boy	憍陳那	Jiāochénnà	Chinese	Buddhist	Mahayana	Surangama Sutra	大佛頂如來萬行首楞嚴經序	T19 no. 945, p. 109c7	https://cbetaonline.dila.edu.tw/zh/T19n0945_p0109c07	2	disciple	personal	attested	Chinese rendering of Sanskrit Kauṇḍinya	Śūraṅgama sūtra (T945), CBETA XML P5 (Taishō text; non-commercial use with header); Wikidata (CC0)	0.85
Shelifu	Q320142	Sāriputta, chief disciple	boy	舍利弗	Shèlìfú	Chinese	Buddhist	Mahayana	Surangama Sutra	大佛頂如來萬行首楞嚴經序	T19 no. 945, p. 106b17	https://cbetaonline.dila.edu.tw/zh/T19n0945_p0106b17	7	disciple	personal	attested	Chinese rendering of Sanskrit Śāriputra	Śūraṅgama sūtra (T945), CBETA XML P5 (Taishō text; non-commercial use with header); Wikidata (CC0)	0.85
Mujianlian	Q379814	Mahāmoggallāna, chief disciple	boy	目犍連	Mùjiànlián	Chinese	Buddhist	Mahayana	Surangama Sutra	大佛頂如來萬行首楞嚴經序	T19 no. 945, p. 106b17	https://cbetaonline.dila.edu.tw/zh/T19n0945_p0106b17	6	disciple	personal	attested	Chinese rendering of Sanskrit Maudgalyāyana	Śūraṅgama sūtra (T945), CBETA XML P5 (Taishō text; non-commercial use with header); Wikidata (CC0)	0.85
Xuputi	Q1144771	Subhūti, disciple	boy	須菩提	Xūpútí	Chinese	Buddhist	Mahayana	Surangama Sutra	大佛頂如來萬行首楞嚴經序	T19 no. 945, p. 106b18	https://cbetaonline.dila.edu.tw/zh/T19n0945_p0106b18	5	disciple	personal	attested	Chinese rendering of Sanskrit Subhūti	Śūraṅgama sūtra (T945), CBETA XML P5 (Taishō text; non-commercial use with header); Wikidata (CC0)	0.85
Youboli	Q984630	Upāli, disciple	boy	優波離	Yōubōlí	Chinese	Buddhist	Mahayana	Surangama Sutra	大佛頂如來萬行首楞嚴經序	T19 no. 945, p. 127a10	https://cbetaonline.dila.edu.tw/zh/T19n0945_p0127a10	1	disciple	personal	attested	Chinese rendering of Sanskrit Upāli	Śūraṅgama sūtra (T945), CBETA XML P5 (Taishō text; non-commercial use with header); Wikidata (CC0)	0.85
Analütuo	Q3306373	Anuruddha, disciple	boy	阿那律陀	Ānàlǜtuó	Chinese	Buddhist	Mahayana	Surangama Sutra	大佛頂如來萬行首楞嚴經序	T19 no. 945, p. 111b16	https://cbetaonline.dila.edu.tw/zh/T19n0945_p0111b16	3	disciple	personal	attested	Chinese rendering of Sanskrit Aniruddha	Śūraṅgama sūtra (T945), CBETA XML P5 (Taishō text; non-commercial use with header); Wikidata (CC0)	0.85
Mohe Jiashe	Q335304	Mahākassapa, disciple	boy	摩訶迦葉	Móhē Jiāshè	Chinese	Buddhist	Mahayana	Surangama Sutra	大佛頂如來萬行首楞嚴經序	T19 no. 945, p. 126a17	https://cbetaonline.dila.edu.tw/zh/T19n0945_p0126a17	1	disciple	personal	attested	Chinese rendering of Sanskrit Mahākāśyapa	Śūraṅgama sūtra (T945), CBETA XML P5 (Taishō text; non-commercial use with header); Wikidata (CC0)	0.85
Luohouluo	Q218969	Rāhula, the Buddha's son	boy	羅睺羅	Luóhóuluó	Chinese	Buddhist	Mahayana	Surangama Sutra	大佛頂如來萬行首楞嚴經序	T19 no. 945, p. 122a7	https://cbetaonline.dila.edu.tw/zh/T19n0945_p0122a07	3	disciple	personal	attested	Chinese rendering of Sanskrit Rāhula	Śūraṅgama sūtra (T945), CBETA XML P5 (Taishō text; non-commercial use with header); Wikidata (CC0)	0.85
Yeshutuoluo	Q466572	Yasodharā (Rāhulamātā), the Buddha's wife	girl	耶輸陀羅	Yēshūtuóluó	Chinese	Buddhist	Mahayana	Surangama Sutra	大佛頂如來萬行首楞嚴經序	T19 no. 945, p. 122a7	https://cbetaonline.dila.edu.tw/zh/T19n0945_p0122a07	1	human	personal	attested	Chinese rendering of Sanskrit Yaśodharā	Śūraṅgama sūtra (T945), CBETA XML P5 (Taishō text; non-commercial use with header); Wikidata (CC0)	0.85
Yueguang	slug:buddhist:cb-yuexi	Candraprabha, the youth Moonlight		月光童子	Yuèguāng	Chinese	Buddhist	Mahayana	Surangama Sutra	大佛頂如來萬行首楞嚴經序	T19 no. 945, p. 127b24	https://cbetaonline.dila.edu.tw/zh/T19n0945_p0127b24	1	bodhisattva	personal	attested	Chinese rendering of Sanskrit Candraprabha	Śūraṅgama sūtra (T945), CBETA XML P5 (Taishō text; non-commercial use with header)	0.85
Chuntuo	Q5194211	Cunda, the smith who gave the last meal	boy	純陀	Chúntuó	Chinese	Buddhist	Mahayana	Mahayana Mahaparinirvana Sutra	1 壽命品	T12 no. 374, p. 371c15 (fasc. 2)	https://cbetaonline.dila.edu.tw/zh/T12n0374_p0371c15	90	human	personal	attested	Chinese rendering of Sanskrit Cunda	Mahāyāna Mahāparinirvāṇa sūtra (T374, tr. Dharmakṣema), CBETA XML P5 (Taishō text; non-commercial use with header); Wikidata (CC0)	0.85
Jiashe Pusa	slug:buddhist:cb-kashyapabodhi	Kāśyapa, bodhisattva of the Mahāparinirvāṇa sūtra		迦葉菩薩	Jiāshè Púsà	Chinese	Buddhist	Mahayana	Mahayana Mahaparinirvana Sutra	1 壽命品	T12 no. 374, p. 379c4 (fasc. 3)	https://cbetaonline.dila.edu.tw/zh/T12n0374_p0379c04	189	bodhisattva	personal	attested	Chinese rendering of Sanskrit Kāśyapa	Mahāyāna Mahāparinirvāṇa sūtra (T374, tr. Dharmakṣema), CBETA XML P5 (Taishō text; non-commercial use with header)	0.85
Wenshushili	Q471696	Mañjuśrī, bodhisattva		文殊師利	Wénshūshīlì	Chinese	Buddhist	Mahayana	Mahayana Mahaparinirvana Sutra	1 壽命品	T12 no. 374, p. 370c20 (fasc. 1)	https://cbetaonline.dila.edu.tw/zh/T12n0374_p0370c20	101	bodhisattva	personal	attested	Chinese rendering of Sanskrit Mañjuśrī	Mahāyāna Mahāparinirvāṇa sūtra (T374, tr. Dharmakṣema), CBETA XML P5 (Taishō text; non-commercial use with header); Wikidata (CC0)	0.85
Anan	Q28988	Ānanda, the Buddha's attendant	boy	阿難	Ānán	Chinese	Buddhist	Mahayana	Mahayana Mahaparinirvana Sutra	1 壽命品	T12 no. 374, p. 369b6 (fasc. 1)	https://cbetaonline.dila.edu.tw/zh/T12n0374_p0369b06	88	disciple	personal	attested	Chinese rendering of Sanskrit Ānanda	Mahāyāna Mahāparinirvāṇa sūtra (T374, tr. Dharmakṣema), CBETA XML P5 (Taishō text; non-commercial use with header); Wikidata (CC0)	0.85
Xubatuo	Q411930	Subhadra, the last disciple	boy	須跋陀	Xūbátuó	Chinese	Buddhist	Mahayana	Mahayana Mahaparinirvana Sutra	8 梵行品	T12 no. 374, p. 478b5 (fasc. 19)	https://cbetaonline.dila.edu.tw/zh/T12n0374_p0478b05	11	disciple	personal	attested	Chinese rendering of Sanskrit Subhadra	Mahāyāna Mahāparinirvāṇa sūtra (T374, tr. Dharmakṣema), CBETA XML P5 (Taishō text; non-commercial use with header); Wikidata (CC0)	0.85
Asheshi	Q379242	Ajātasattu, king of Magadha	boy	阿闍世	Āshéshì	Chinese	Buddhist	Mahayana	Mahayana Mahaparinirvana Sutra	1 壽命品	T12 no. 374, p. 368a6 (fasc. 1)	https://cbetaonline.dila.edu.tw/zh/T12n0374_p0368a06	44	royal	personal	attested	Chinese rendering of Sanskrit Ajātaśatru	Mahāyāna Mahāparinirvāṇa sūtra (T374, tr. Dharmakṣema), CBETA XML P5 (Taishō text; non-commercial use with header); Wikidata (CC0)	0.85
Qipo	Q1689712	Jīvaka, the physician	boy	耆婆	Qípó	Chinese	Buddhist	Mahayana	Mahayana Mahaparinirvana Sutra	1 壽命品	T12 no. 374, p. 369a22 (fasc. 1)	https://cbetaonline.dila.edu.tw/zh/T12n0374_p0369a22	33	human	personal	attested	Chinese rendering of Sanskrit Jīvaka	Mahāyāna Mahāparinirvāṇa sūtra (T374, tr. Dharmakṣema), CBETA XML P5 (Taishō text; non-commercial use with header); Wikidata (CC0)	0.85
Jiaochenna	Q2708070	Aññāsi Koṇḍañña, first disciple	boy	憍陳那	Jiāochénnà	Chinese	Buddhist	Mahayana	Mahayana Mahaparinirvana Sutra	7 聖行品	T12 no. 374, p. 447b12 (fasc. 14)	https://cbetaonline.dila.edu.tw/zh/T12n0374_p0447b12	53	disciple	personal	attested	Chinese rendering of Sanskrit Kauṇḍinya	Mahāyāna Mahāparinirvāṇa sūtra (T374, tr. Dharmakṣema), CBETA XML P5 (Taishō text; non-commercial use with header); Wikidata (CC0)	0.85
Tipodaduo	Q451043	Devadatta, the Buddha's cousin	boy	提婆達多	Típódáduō	Chinese	Buddhist	Mahayana	Mahayana Mahaparinirvana Sutra	8 梵行品	T12 no. 374, p. 459a25 (fasc. 16)	https://cbetaonline.dila.edu.tw/zh/T12n0374_p0459a25	22	disciple	personal	attested	Chinese rendering of Sanskrit Devadatta	Mahāyāna Mahāparinirvāṇa sūtra (T374, tr. Dharmakṣema), CBETA XML P5 (Taishō text; non-commercial use with header); Wikidata (CC0)	0.85
Shanxing	slug:buddhist:cb-sunakshatra	Sunakṣatra, the monk who lost faith		善星	Shànxīng	Chinese	Buddhist	Mahayana	Mahayana Mahaparinirvana Sutra	12 迦葉菩薩品	T12 no. 374, p. 560b13 (fasc. 33)	https://cbetaonline.dila.edu.tw/zh/T12n0374_p0560b13	48	disciple	personal	attested	Chinese rendering of Sanskrit Sunakṣatra	Mahāyāna Mahāparinirvāṇa sūtra (T374, tr. Dharmakṣema), CBETA XML P5 (Taishō text; non-commercial use with header)	0.85
Shelifu	Q320142	Sāriputta, chief disciple	boy	舍利弗	Shèlìfú	Chinese	Buddhist	Mahayana	Mahayana Mahaparinirvana Sutra	4 如來性品	T12 no. 374, p. 423b9 (fasc. 10)	https://cbetaonline.dila.edu.tw/zh/T12n0374_p0423b09	40	disciple	personal	attested	Chinese rendering of Sanskrit Śāriputra	Mahāyāna Mahāparinirvāṇa sūtra (T374, tr. Dharmakṣema), CBETA XML P5 (Taishō text; non-commercial use with header); Wikidata (CC0)	0.85
Mujianlian	Q379814	Mahāmoggallāna, chief disciple	boy	目犍連	Mùjiànlián	Chinese	Buddhist	Mahayana	Mahayana Mahaparinirvana Sutra	8 梵行品	T12 no. 374, p. 464a7 (fasc. 17)	https://cbetaonline.dila.edu.tw/zh/T12n0374_p0464a07	34	disciple	personal	attested	Chinese rendering of Sanskrit Maudgalyāyana	Mahāyāna Mahāparinirvāṇa sūtra (T374, tr. Dharmakṣema), CBETA XML P5 (Taishō text; non-commercial use with header); Wikidata (CC0)	0.85
Luohouluo	Q218969	Rāhula, the Buddha's son	boy	羅睺羅	Luóhóuluó	Chinese	Buddhist	Mahayana	Mahayana Mahaparinirvana Sutra	1 壽命品	T12 no. 374, p. 372a2 (fasc. 2)	https://cbetaonline.dila.edu.tw/zh/T12n0374_p0372a02	28	disciple	personal	attested	Chinese rendering of Sanskrit Rāhula	Mahāyāna Mahāparinirvāṇa sūtra (T374, tr. Dharmakṣema), CBETA XML P5 (Taishō text; non-commercial use with header); Wikidata (CC0)	0.85
Mohe Jiashe	Q335304	Mahākassapa, disciple	boy	摩訶迦葉	Móhē Jiāshè	Chinese	Buddhist	Mahayana	Mahayana Mahaparinirvana Sutra	1 壽命品	T12 no. 374, p. 369b6 (fasc. 1)	https://cbetaonline.dila.edu.tw/zh/T12n0374_p0369b06	4	disciple	personal	attested	Chinese rendering of Sanskrit Mahākāśyapa	Mahāyāna Mahāparinirvāṇa sūtra (T374, tr. Dharmakṣema), CBETA XML P5 (Taishō text; non-commercial use with header); Wikidata (CC0)	0.85
Padmasambhava	Q231582	Padmasambhava, Guru Rinpoche	boy		Padma Sambhava	Tibetan	Buddhist	Vajrayana	Bardo Thodol	Bardo Thödol	Bardo Thödol, Evans-Wentz ed. p. 85	https://archive.org/details/the-tibetan-book-of-the-dead_202401	5	sage	personal	attested		Bardo Thödol, tr. Kazi Dawa-Samdup, ed. W.Y. Evans-Wentz (1927, US public domain), archive.org OCR; Wikidata (CC0)	0.80
Chenrezig	Q193849	Avalokiteśvara, bodhisattva			Chenrazee (Spyan-ras-gzigs)	Tibetan	Buddhist	Vajrayana	Bardo Thodol	Bardo Thödol	Bardo Thödol, Evans-Wentz ed. p. 93	https://archive.org/details/the-tibetan-book-of-the-dead_202401	10	bodhisattva	personal	attested	Tibetan name of Avalokiteśvara	Bardo Thödol, tr. Kazi Dawa-Samdup, ed. W.Y. Evans-Wentz (1927, US public domain), archive.org OCR; Wikidata (CC0)	0.80
Avalokiteshvara	Q193849	Avalokiteśvara, bodhisattva			Avalokiteshvara	Tibetan	Buddhist	Vajrayana	Bardo Thodol	Bardo Thödol	Bardo Thödol, Evans-Wentz ed. p. 93	https://archive.org/details/the-tibetan-book-of-the-dead_202401	6	bodhisattva	personal	attested		Bardo Thödol, tr. Kazi Dawa-Samdup, ed. W.Y. Evans-Wentz (1927, US public domain), archive.org OCR; Wikidata (CC0)	0.80
Vairochana	Q239847	Vairocana Buddha	boy		Vairochana	Tibetan	Buddhist	Vajrayana	Bardo Thodol	Bardo Thödol	Bardo Thödol, Evans-Wentz ed. p. 105	https://archive.org/details/the-tibetan-book-of-the-dead_202401	20	sage	personal	attested		Bardo Thödol, tr. Kazi Dawa-Samdup, ed. W.Y. Evans-Wentz (1927, US public domain), archive.org OCR; Wikidata (CC0)	0.80
Vajrasattva	Q2380086	Vajrasattva	boy		Vajra-Sattva	Tibetan	Buddhist	Vajrayana	Bardo Thodol	Bardo Thödol	Bardo Thödol, Evans-Wentz ed. p. 105	https://archive.org/details/the-tibetan-book-of-the-dead_202401	24	bodhisattva	personal	attested		Bardo Thödol, tr. Kazi Dawa-Samdup, ed. W.Y. Evans-Wentz (1927, US public domain), archive.org OCR; Wikidata (CC0)	0.80
Ratnasambhava	Q855742	Ratnasambhava Buddha			Ratna-Sambhava	Tibetan	Buddhist	Vajrayana	Bardo Thodol	Bardo Thödol	Bardo Thödol, Evans-Wentz ed. p. 107	https://archive.org/details/the-tibetan-book-of-the-dead_202401	17	sage	personal	attested		Bardo Thödol, tr. Kazi Dawa-Samdup, ed. W.Y. Evans-Wentz (1927, US public domain), archive.org OCR; Wikidata (CC0)	0.80
Amoghasiddhi	Q597586	Amoghasiddhi Buddha			Amogha-Siddhi	Tibetan	Buddhist	Vajrayana	Bardo Thodol	Bardo Thödol	Bardo Thödol, Evans-Wentz ed. p. 115	https://archive.org/details/the-tibetan-book-of-the-dead_202401	14	sage	personal	attested		Bardo Thödol, tr. Kazi Dawa-Samdup, ed. W.Y. Evans-Wentz (1927, US public domain), archive.org OCR; Wikidata (CC0)	0.80
Amitabha	Q236242	Amitābha Buddha	boy		Amitabha	Tibetan	Buddhist	Vajrayana	Bardo Thodol	Bardo Thödol	Bardo Thödol, Evans-Wentz ed. p. 93	https://archive.org/details/the-tibetan-book-of-the-dead_202401	22	sage	personal	attested		Bardo Thödol, tr. Kazi Dawa-Samdup, ed. W.Y. Evans-Wentz (1927, US public domain), archive.org OCR; Wikidata (CC0)	0.80
Akshobhya	Q756612	Akṣobhya Buddha			Akshobhya	Tibetan	Buddhist	Vajrayana	Bardo Thodol	Bardo Thödol	Bardo Thödol, Evans-Wentz ed. p. 107	https://archive.org/details/the-tibetan-book-of-the-dead_202401	6	sage	personal	attested		Bardo Thödol, tr. Kazi Dawa-Samdup, ed. W.Y. Evans-Wentz (1927, US public domain), archive.org OCR; Wikidata (CC0)	0.80
Samantabhadra	Q868306	Samantabhadra			Samanta-Bhadra	Tibetan	Buddhist	Vajrayana	Bardo Thodol	Bardo Thödol	Bardo Thödol, Evans-Wentz ed. p. 93	https://archive.org/details/the-tibetan-book-of-the-dead_202401	9	bodhisattva	personal	attested		Bardo Thödol, tr. Kazi Dawa-Samdup, ed. W.Y. Evans-Wentz (1927, US public domain), archive.org OCR; Wikidata (CC0)	0.80
Mamaki	slug:buddhist:bardo-mamaki	Māmakī, consort of Vajrasattva			Mamaki	Tibetan	Buddhist	Vajrayana	Bardo Thodol	Bardo Thödol	Bardo Thödol, Evans-Wentz ed. p. 107	https://archive.org/details/the-tibetan-book-of-the-dead_202401	5	deity	personal	attested		Bardo Thödol, tr. Kazi Dawa-Samdup, ed. W.Y. Evans-Wentz (1927, US public domain), archive.org OCR	0.80
Hayagriva	Q1483349	Hayagrīva	boy		Hayagriva	Tibetan	Buddhist	Vajrayana	Bardo Thodol	Bardo Thödol	Bardo Thödol, Evans-Wentz ed. p. 119	https://archive.org/details/the-tibetan-book-of-the-dead_202401	4	deity	personal	attested		Bardo Thödol, tr. Kazi Dawa-Samdup, ed. W.Y. Evans-Wentz (1927, US public domain), archive.org OCR; Wikidata (CC0)	0.80
Vajrapani	Q1366849	Vajrapāṇi	boy		Vajra-Pani	Tibetan	Buddhist	Vajrayana	Bardo Thodol	Bardo Thödol	Bardo Thödol, Evans-Wentz ed. p. 115	https://archive.org/details/the-tibetan-book-of-the-dead_202401	4	bodhisattva	personal	attested		Bardo Thödol, tr. Kazi Dawa-Samdup, ed. W.Y. Evans-Wentz (1927, US public domain), archive.org OCR; Wikidata (CC0)	0.80
Milarepa	Q58431	Milarepa, Tibetan yogi	boy		Milarepa	Tibetan	Buddhist	Vajrayana	Life of Milarepa	Chapter 1	Jetsün Kahbum, Evans-Wentz ed., ch. 1	https://archive.org/details/tibetsgreatyogim0000wyev	102	saint	personal	attested		Jetsün Kahbum (Life of Milarepa), tr. Kazi Dawa-Samdup, ed. W.Y. Evans-Wentz (1928, US public domain; scan of the 2nd ed.), archive.org OCR; Wikidata (CC0)	0.80
Marpa	Q379577	Marpa the Translator, Milarepa's guru	boy		Marpa	Tibetan	Buddhist	Vajrayana	Life of Milarepa	Chapter 1	Jetsün Kahbum, Evans-Wentz ed., ch. 1	https://archive.org/details/tibetsgreatyogim0000wyev	137	saint	personal	attested		Jetsün Kahbum (Life of Milarepa), tr. Kazi Dawa-Samdup, ed. W.Y. Evans-Wentz (1928, US public domain; scan of the 2nd ed.), archive.org OCR; Wikidata (CC0)	0.80
Damema	slug:buddhist:mila-damema	Damema, wife of Marpa			Damema	Tibetan	Buddhist	Vajrayana	Life of Milarepa	Chapter 5	Jetsün Kahbum, Evans-Wentz ed., ch. 5	https://archive.org/details/tibetsgreatyogim0000wyev	23	human	personal	attested		Jetsün Kahbum (Life of Milarepa), tr. Kazi Dawa-Samdup, ed. W.Y. Evans-Wentz (1928, US public domain; scan of the 2nd ed.), archive.org OCR	0.80
Rechungpa	Q1739824	Rechungpa, disciple of Milarepa	boy		Rechung	Tibetan	Buddhist	Vajrayana	Life of Milarepa	Chapter 1	Jetsün Kahbum, Evans-Wentz ed., ch. 1	https://archive.org/details/tibetsgreatyogim0000wyev	92	disciple	personal	attested		Jetsün Kahbum (Life of Milarepa), tr. Kazi Dawa-Samdup, ed. W.Y. Evans-Wentz (1928, US public domain; scan of the 2nd ed.), archive.org OCR; Wikidata (CC0)	0.80
Gampopa	Q453191	Gampopa, disciple of Milarepa	boy		Gampopa	Tibetan	Buddhist	Vajrayana	Life of Milarepa	Chapter 11	Jetsün Kahbum, Evans-Wentz ed., ch. 11	https://archive.org/details/tibetsgreatyogim0000wyev	6	disciple	personal	attested		Jetsün Kahbum (Life of Milarepa), tr. Kazi Dawa-Samdup, ed. W.Y. Evans-Wentz (1928, US public domain; scan of the 2nd ed.), archive.org OCR; Wikidata (CC0)	0.80
Naropa	Q203060	Naropa, Indian master	boy		Naropa	Tibetan	Buddhist	Vajrayana	Life of Milarepa	Chapter 1	Jetsün Kahbum, Evans-Wentz ed., ch. 1	https://archive.org/details/tibetsgreatyogim0000wyev	51	saint	personal	attested		Jetsün Kahbum (Life of Milarepa), tr. Kazi Dawa-Samdup, ed. W.Y. Evans-Wentz (1928, US public domain; scan of the 2nd ed.), archive.org OCR; Wikidata (CC0)	0.80
Tilopa	slug:buddhist:mila-tilopa	Tilopa, Indian master			Tilopa	Tibetan	Buddhist	Vajrayana	Life of Milarepa	Chapter 1	Jetsün Kahbum, Evans-Wentz ed., ch. 1	https://archive.org/details/tibetsgreatyogim0000wyev	3	saint	personal	attested		Jetsün Kahbum (Life of Milarepa), tr. Kazi Dawa-Samdup, ed. W.Y. Evans-Wentz (1928, US public domain; scan of the 2nd ed.), archive.org OCR	0.80
Zesay	slug:buddhist:mila-zesay	Zesay, Milarepa's betrothed			Zesay	Tibetan	Buddhist	Vajrayana	Life of Milarepa	Chapter 2	Jetsün Kahbum, Evans-Wentz ed., ch. 2	https://archive.org/details/tibetsgreatyogim0000wyev	20	human	personal	attested		Jetsün Kahbum (Life of Milarepa), tr. Kazi Dawa-Samdup, ed. W.Y. Evans-Wentz (1928, US public domain; scan of the 2nd ed.), archive.org OCR	0.80
Ngogpa	slug:buddhist:mila-ngogpa	Ngogdun Chudor, disciple of Marpa			Ngogpa	Tibetan	Buddhist	Vajrayana	Life of Milarepa	Chapter 5	Jetsün Kahbum, Evans-Wentz ed., ch. 5	https://archive.org/details/tibetsgreatyogim0000wyev	60	saint	personal	attested		Jetsün Kahbum (Life of Milarepa), tr. Kazi Dawa-Samdup, ed. W.Y. Evans-Wentz (1928, US public domain; scan of the 2nd ed.), archive.org OCR	0.80
Mila Sherab Gyaltsen	slug:buddhist:mila-milasherabgyaltsen	Mila-Sherab-Gyaltsen, Milarepa's father			Mila-Sherab-Gyaltsen	Tibetan	Buddhist	Vajrayana	Life of Milarepa	Chapter 1	Jetsün Kahbum, Evans-Wentz ed., ch. 1	https://archive.org/details/tibetsgreatyogim0000wyev	12	human	personal	attested		Jetsün Kahbum (Life of Milarepa), tr. Kazi Dawa-Samdup, ed. W.Y. Evans-Wentz (1928, US public domain; scan of the 2nd ed.), archive.org OCR	0.80
Padmasambhava	Q231582	Padmasambhava, Guru Rinpoche	boy		Padma Sambhava	Tibetan	Buddhist	Vajrayana	Life of Milarepa	Chapter 10	Jetsün Kahbum, Evans-Wentz ed., ch. 10	https://archive.org/details/tibetsgreatyogim0000wyev	1	sage	personal	attested		Jetsün Kahbum (Life of Milarepa), tr. Kazi Dawa-Samdup, ed. W.Y. Evans-Wentz (1928, US public domain; scan of the 2nd ed.), archive.org OCR; Wikidata (CC0)	0.80
Tseringma	slug:buddhist:mila-tseringma	Tseringma, mountain goddess			Tseringma	Tibetan	Buddhist	Vajrayana	Life of Milarepa	Chapter 11	Jetsün Kahbum, Evans-Wentz ed., ch. 11	https://archive.org/details/tibetsgreatyogim0000wyev	4	deity	personal	attested		Jetsün Kahbum (Life of Milarepa), tr. Kazi Dawa-Samdup, ed. W.Y. Evans-Wentz (1928, US public domain; scan of the 2nd ed.), archive.org OCR	0.80
Mahavira	Q9422	Mahavira (Vardhamana), 24th Tirthankara	boy		Mahāvīra	Prakrit	Jain	Shvetambara	Acaranga Sutra	Book I, Lecture 1	Ācārāṅga I.1	https://archive.org/details/sbe22jainasutraspart1_202002	39	saint	personal	attested		Ācārāṅga Sūtra, tr. H. Jacobi, Sacred Books of the East 22 (1884, public domain), archive.org OCR; Wikidata (CC0)	0.85
Siddhartha	Q7508053	Siddhartha, father of Mahavira	boy		Siddhārtha	Prakrit	Jain	Shvetambara	Acaranga Sutra	Book II, Lecture 15	Ācārāṅga II.15	https://archive.org/details/sbe22jainasutraspart1_202002	3	royal	personal	attested		Ācārāṅga Sūtra, tr. H. Jacobi, Sacred Books of the East 22 (1884, public domain), archive.org OCR; Wikidata (CC0)	0.85
Trishala	Q7844032	Trishala, mother of Mahavira	girl		Triśalā	Prakrit	Jain	Shvetambara	Acaranga Sutra	Book II, Lecture 15	Ācārāṅga II.15	https://archive.org/details/sbe22jainasutraspart1_202002	1	human	personal	attested		Ācārāṅga Sūtra, tr. H. Jacobi, Sacred Books of the East 22 (1884, public domain), archive.org OCR; Wikidata (CC0)	0.85
Videhadatta	Q7844032	Trishala, mother of Mahavira	girl		Videhadattā	Prakrit	Jain	Shvetambara	Acaranga Sutra	Book II, Lecture 15	Ācārāṅga II.15	https://archive.org/details/sbe22jainasutraspart1_202002	1	human	epithet	attested	another name of Trishala	Ācārāṅga Sūtra, tr. H. Jacobi, Sacred Books of the East 22 (1884, public domain), archive.org OCR; Wikidata (CC0)	0.85
Priyakarini	Q7844032	Trishala, mother of Mahavira	girl		Priyakāriṇī	Prakrit	Jain	Shvetambara	Acaranga Sutra	Book II, Lecture 15	Ācārāṅga II.15	https://archive.org/details/sbe22jainasutraspart1_202002	1	human	epithet	attested	another name of Trishala	Ācārāṅga Sūtra, tr. H. Jacobi, Sacred Books of the East 22 (1884, public domain), archive.org OCR; Wikidata (CC0)	0.85
Suparshva	slug:jain:suparshva-uncle	Suparshva, paternal uncle of Mahavira			Supārśva	Prakrit	Jain	Shvetambara	Acaranga Sutra	Book II, Lecture 15	Ācārāṅga II.15	https://archive.org/details/sbe22jainasutraspart1_202002	1	human	personal	attested		Ācārāṅga Sūtra, tr. H. Jacobi, Sacred Books of the East 22 (1884, public domain), archive.org OCR	0.85
Nandivardhana	slug:jain:nandivardhana	Nandivardhana, elder brother of Mahavira			Nandivardhana	Prakrit	Jain	Shvetambara	Acaranga Sutra	Book II, Lecture 15	Ācārāṅga II.15	https://archive.org/details/sbe22jainasutraspart1_202002	1	royal	personal	attested		Ācārāṅga Sūtra, tr. H. Jacobi, Sacred Books of the East 22 (1884, public domain), archive.org OCR	0.85
Sudarshana	slug:jain:sudarshana	Sudarshana, sister of Mahavira			Sudarśanā	Prakrit	Jain	Shvetambara	Acaranga Sutra	Book II, Lecture 15	Ācārāṅga II.15	https://archive.org/details/sbe22jainasutraspart1_202002	1	human	personal	attested		Ācārāṅga Sūtra, tr. H. Jacobi, Sacred Books of the East 22 (1884, public domain), archive.org OCR	0.85
Yashoda	slug:jain:yashoda-jain	Yashoda, wife of Mahavira			Yaśodā	Prakrit	Jain	Shvetambara	Acaranga Sutra	Book II, Lecture 15	Ācārāṅga II.15	https://archive.org/details/sbe22jainasutraspart1_202002	1	human	personal	attested		Ācārāṅga Sūtra, tr. H. Jacobi, Sacred Books of the East 22 (1884, public domain), archive.org OCR	0.85
Anojja	slug:jain:anojja	Anojja (Priyadarshana), daughter of Mahavira			Aṇojjā	Prakrit	Jain	Shvetambara	Acaranga Sutra	Book II, Lecture 15	Ācārāṅga II.15	https://archive.org/details/sbe22jainasutraspart1_202002	1	human	personal	attested		Ācārāṅga Sūtra, tr. H. Jacobi, Sacred Books of the East 22 (1884, public domain), archive.org OCR	0.85
Priyadarshana	slug:jain:anojja	Anojja (Priyadarshana), daughter of Mahavira			Priyadarśanā	Prakrit	Jain	Shvetambara	Acaranga Sutra	Book II, Lecture 15	Ācārāṅga II.15	https://archive.org/details/sbe22jainasutraspart1_202002	1	human	epithet	attested	other name of Anojja	Ācārāṅga Sūtra, tr. H. Jacobi, Sacred Books of the East 22 (1884, public domain), archive.org OCR	0.85
Chandana	Q97299682	Chandana (Chandanbala), head of Mahavira's nuns	girl		Candanā	Prakrit	Jain	Shvetambara	Kalpa Sutra	Lives of the Jinas	Kalpa Sutra, Lives of the Jinas §135	https://archive.org/details/jainasutrasparti029233mbp	1	disciple	personal	attested		Kalpa Sutra, tr. H. Jacobi, Sacred Books of the East 22 (1884, public domain), archive.org OCR; Wikidata (CC0)	0.80
Mahavira	Q9422	Mahavira (Vardhamana), 24th Tirthankara	boy		Mahāvīra	Prakrit	Jain	Shvetambara	Uttaradhyayana Sutra	Lecture 2	Uttarādhyayana, Lecture 2	https://archive.org/details/mlbd.gainasutraspart20000vol-45.unse	24	saint	personal	attested		Uttarādhyayana Sūtra, tr. H. Jacobi, Sacred Books of the East 45 (1895, public domain), archive.org OCR; Wikidata (CC0)	0.85
Gautama	Q15304493	Indrabhuti Gautama, first ganadhara of Mahavira	boy		Gautama	Prakrit	Jain	Shvetambara	Uttaradhyayana Sutra	Lecture 9	Uttarādhyayana, Lecture 9	https://archive.org/details/mlbd.gainasutraspart20000vol-45.unse	91	disciple	personal	attested	clan name of Indrabhuti	Uttarādhyayana Sūtra, tr. H. Jacobi, Sacred Books of the East 45 (1895, public domain), archive.org OCR; Wikidata (CC0)	0.85
Keshi	slug:jain:keshi	Keshi, follower of Parshva			Keśi	Prakrit	Jain	Shvetambara	Uttaradhyayana Sutra	Lecture 23	Uttarādhyayana, Lecture 23	https://archive.org/details/mlbd.gainasutraspart20000vol-45.unse	34	saint	personal	attested		Uttarādhyayana Sūtra, tr. H. Jacobi, Sacred Books of the East 45 (1895, public domain), archive.org OCR	0.85
Parshva	Q1400271	Parshvanatha, 23rd Tirthankara	boy		Pārśva	Prakrit	Jain	Shvetambara	Uttaradhyayana Sutra	Lecture 23	Uttarādhyayana, Lecture 23	https://archive.org/details/mlbd.gainasutraspart20000vol-45.unse	13	saint	personal	attested		Uttarādhyayana Sūtra, tr. H. Jacobi, Sacred Books of the East 45 (1895, public domain), archive.org OCR; Wikidata (CC0)	0.85
Rathanemi	slug:jain:rathanemi	Rathanemi, brother of Arishtanemi			Rathanemi	Prakrit	Jain	Shvetambara	Uttaradhyayana Sutra	Lecture 22	Uttarādhyayana, Lecture 22	https://archive.org/details/mlbd.gainasutraspart20000vol-45.unse	6	saint	personal	attested		Uttarādhyayana Sūtra, tr. H. Jacobi, Sacred Books of the East 45 (1895, public domain), archive.org OCR	0.85
Rajimati	slug:jain:rajimati	Rajimati, betrothed of Arishtanemi			Rājīmatī	Prakrit	Jain	Shvetambara	Uttaradhyayana Sutra	Lecture 22	Uttarādhyayana, Lecture 22	https://archive.org/details/mlbd.gainasutraspart20000vol-45.unse	8	saint	personal	attested		Uttarādhyayana Sūtra, tr. H. Jacobi, Sacred Books of the East 45 (1895, public domain), archive.org OCR	0.85
Keshava	Q42891	Krishna, Hindu deity	boy		Keśava	Prakrit	Jain	Shvetambara	Uttaradhyayana Sutra	Lecture 22	Uttarādhyayana, Lecture 22	https://archive.org/details/mlbd.gainasutraspart20000vol-45.unse	3	deity	epithet	attested	epithet of Krishna (Vasudeva)	Uttarādhyayana Sūtra, tr. H. Jacobi, Sacred Books of the East 45 (1895, public domain), archive.org OCR; Wikidata (CC0)	0.85
Samudravijaya	slug:jain:samudravijaya	Samudravijaya, father of Arishtanemi			Samudravijaya	Prakrit	Jain	Shvetambara	Uttaradhyayana Sutra	Lecture 18	Uttarādhyayana, Lecture 18	https://archive.org/details/mlbd.gainasutraspart20000vol-45.unse	4	royal	personal	attested		Uttarādhyayana Sūtra, tr. H. Jacobi, Sacred Books of the East 45 (1895, public domain), archive.org OCR	0.85
Ugrasena	slug:jain:ugrasena	Ugrasena, king, father of Rajimati			Ugrasena	Prakrit	Jain	Shvetambara	Uttaradhyayana Sutra	Lecture 22	Uttarādhyayana, Lecture 22	https://archive.org/details/mlbd.gainasutraspart20000vol-45.unse	4	royal	personal	attested		Uttarādhyayana Sūtra, tr. H. Jacobi, Sacred Books of the East 45 (1895, public domain), archive.org OCR	0.85
Nami	slug:jain:nami-videha	Nami, king of Videha (Uttaradhyayana 9)			Nami	Prakrit	Jain	Shvetambara	Uttaradhyayana Sutra	Lecture 9	Uttarādhyayana, Lecture 9	https://archive.org/details/mlbd.gainasutraspart20000vol-45.unse	23	royal	personal	attested	the pratyekabuddha king, not the 21st Tirthankara	Uttarādhyayana Sūtra, tr. H. Jacobi, Sacred Books of the East 45 (1895, public domain), archive.org OCR	0.85
Harikesha	slug:jain:harikesha	Harikesha Bala, Chandala monk			Harikeśa	Prakrit	Jain	Shvetambara	Uttaradhyayana Sutra	Lecture 12	Uttarādhyayana, Lecture 12	https://archive.org/details/mlbd.gainasutraspart20000vol-45.unse	4	saint	personal	attested		Uttarādhyayana Sūtra, tr. H. Jacobi, Sacred Books of the East 45 (1895, public domain), archive.org OCR	0.85
Chitra	slug:jain:chitra-jain	Chitra, brother of Sambhuta			Citra	Prakrit	Jain	Shvetambara	Uttaradhyayana Sutra	Lecture 13	Uttarādhyayana, Lecture 13	https://archive.org/details/mlbd.gainasutraspart20000vol-45.unse	9	saint	personal	attested		Uttarādhyayana Sūtra, tr. H. Jacobi, Sacred Books of the East 45 (1895, public domain), archive.org OCR	0.85
Sambhuta	slug:jain:sambhuta	Sambhuta (Brahmadatta in his former birth)			Sambhūta	Prakrit	Jain	Shvetambara	Uttaradhyayana Sutra	Lecture 13	Uttarādhyayana, Lecture 13	https://archive.org/details/mlbd.gainasutraspart20000vol-45.unse	2	human	personal	attested		Uttarādhyayana Sūtra, tr. H. Jacobi, Sacred Books of the East 45 (1895, public domain), archive.org OCR	0.85
Brahmadatta	slug:jain:brahmadatta-cakravartin	Brahmadatta, universal monarch			Brahmadatta	Prakrit	Jain	Shvetambara	Uttaradhyayana Sutra	Lecture 13	Uttarādhyayana, Lecture 13	https://archive.org/details/mlbd.gainasutraspart20000vol-45.unse	3	royal	personal	attested		Uttarādhyayana Sūtra, tr. H. Jacobi, Sacred Books of the East 45 (1895, public domain), archive.org OCR	0.85
Samudrapala	slug:jain:samudrapala	Samudrapala, merchant's son turned monk			Samudrapāla	Prakrit	Jain	Shvetambara	Uttaradhyayana Sutra	Lecture 20	Uttarādhyayana, Lecture 20	https://archive.org/details/mlbd.gainasutraspart20000vol-45.unse	5	saint	personal	attested		Uttarādhyayana Sūtra, tr. H. Jacobi, Sacred Books of the East 45 (1895, public domain), archive.org OCR	0.85
Jayaghosha	slug:jain:jayaghosha	Jayaghosha, Brahmin turned monk			Jayaghoṣa	Prakrit	Jain	Shvetambara	Uttaradhyayana Sutra	Lecture 24	Uttarādhyayana, Lecture 24	https://archive.org/details/mlbd.gainasutraspart20000vol-45.unse	3	saint	personal	attested		Uttarādhyayana Sūtra, tr. H. Jacobi, Sacred Books of the East 45 (1895, public domain), archive.org OCR	0.85
Vijayaghosha	slug:jain:vijayaghosha	Vijayaghosha, Brahmin sacrificer			Vijayaghoṣa	Prakrit	Jain	Shvetambara	Uttaradhyayana Sutra	Lecture 24	Uttarādhyayana, Lecture 24	https://archive.org/details/mlbd.gainasutraspart20000vol-45.unse	5	human	personal	attested		Uttarādhyayana Sūtra, tr. H. Jacobi, Sacred Books of the East 45 (1895, public domain), archive.org OCR	0.85
Kapila	slug:jain:kapila-jain	Kapila, Brahmin monk (Uttaradhyayana 8)			Kapila	Prakrit	Jain	Shvetambara	Uttaradhyayana Sutra	Lecture 8	Uttarādhyayana, Lecture 8	https://archive.org/details/mlbd.gainasutraspart20000vol-45.unse	7	saint	personal	attested		Uttarādhyayana Sūtra, tr. H. Jacobi, Sacred Books of the East 45 (1895, public domain), archive.org OCR	0.85
Ishukara	slug:jain:ishukara	Ishukara, king (Uttaradhyayana 14)			Iṣukāra	Prakrit	Jain	Shvetambara	Uttaradhyayana Sutra	Lecture 14	Uttarādhyayana, Lecture 14	https://archive.org/details/mlbd.gainasutraspart20000vol-45.unse	3	royal	personal	attested		Uttarādhyayana Sūtra, tr. H. Jacobi, Sacred Books of the East 45 (1895, public domain), archive.org OCR	0.85
Kunthu	Q2790221	Kunthu, 17th Tirthankara	boy		Kunthu	Prakrit	Jain	Shvetambara	Uttaradhyayana Sutra	Lecture 3	Uttarādhyayana, Lecture 3	https://archive.org/details/mlbd.gainasutraspart20000vol-45.unse	7	saint	personal	attested		Uttarādhyayana Sūtra, tr. H. Jacobi, Sacred Books of the East 45 (1895, public domain), archive.org OCR; Wikidata (CC0)	0.85
Mahavira	Q9422	Mahavira (Vardhamana), 24th Tirthankara	boy		Mahāvīra	Prakrit	Jain	Shvetambara	Sutrakrtanga	Book 1	Sūtrakṛtāṅga I.1	https://archive.org/details/mlbd.gainasutraspart20000vol-45.unse	29	saint	personal	attested		Sūtrakṛtāṅga, tr. H. Jacobi, Sacred Books of the East 45 (1895, public domain), archive.org OCR; Wikidata (CC0)	0.85
Sudharman	Q7633775	Arya Sudharman, ganadhara	boy		Sudharman	Prakrit	Jain	Shvetambara	Sutrakrtanga	Book 1	Sūtrakṛtāṅga I.1	https://archive.org/details/mlbd.gainasutraspart20000vol-45.unse	8	disciple	personal	attested		Sūtrakṛtāṅga, tr. H. Jacobi, Sacred Books of the East 45 (1895, public domain), archive.org OCR; Wikidata (CC0)	0.85
Jambu	Q25543325	Jambu (Jambusvamin), disciple of Sudharman	boy		Jambū	Prakrit	Jain	Shvetambara	Sutrakrtanga	Book 1	Sūtrakṛtāṅga I.1	https://archive.org/details/mlbd.gainasutraspart20000vol-45.unse	7	disciple	personal	attested		Sūtrakṛtāṅga, tr. H. Jacobi, Sacred Books of the East 45 (1895, public domain), archive.org OCR; Wikidata (CC0)	0.85
Gautama	Q15304493	Indrabhuti Gautama, first ganadhara of Mahavira	boy		Gautama	Prakrit	Jain	Shvetambara	Sutrakrtanga	Book 2	Sūtrakṛtāṅga II.7	https://archive.org/details/mlbd.gainasutraspart20000vol-45.unse	18	disciple	personal	attested	clan name of Indrabhuti	Sūtrakṛtāṅga, tr. H. Jacobi, Sacred Books of the East 45 (1895, public domain), archive.org OCR; Wikidata (CC0)	0.85
Ardraka	slug:jain:ardraka	Ardraka, prince who debated Goshala			Ārdraka	Prakrit	Jain	Shvetambara	Sutrakrtanga	Book 2	Sūtrakṛtāṅga II.6	https://archive.org/details/mlbd.gainasutraspart20000vol-45.unse	15	saint	personal	attested		Sūtrakṛtāṅga, tr. H. Jacobi, Sacred Books of the East 45 (1895, public domain), archive.org OCR	0.85
Goshala	slug:jain:goshala	Goshala Mankhaliputta, Ajivika teacher			Gośāla	Prakrit	Jain	Shvetambara	Sutrakrtanga	Book 2	Sūtrakṛtāṅga II.6	https://archive.org/details/mlbd.gainasutraspart20000vol-45.unse	2	human	personal	attested		Sūtrakṛtāṅga, tr. H. Jacobi, Sacred Books of the East 45 (1895, public domain), archive.org OCR	0.85
Parshva	Q1400271	Parshvanatha, 23rd Tirthankara	boy		Pārśva	Prakrit	Jain	Shvetambara	Sutrakrtanga	Book 2	Sūtrakṛtāṅga II.7	https://archive.org/details/mlbd.gainasutraspart20000vol-45.unse	2	saint	personal	attested		Sūtrakṛtāṅga, tr. H. Jacobi, Sacred Books of the East 45 (1895, public domain), archive.org OCR; Wikidata (CC0)	0.85
Ananda	slug:jain:ananda-jain-householder	Ananda, householder of Vaniyagama, lay disciple of Mahavira			Āṇanda	Prakrit	Jain	Shvetambara	Upasakadasha	Lecture 1	Uvāsagadasāo 1 §1	https://archive.org/details/hoernle-the-uvasagadasao-v.-2-1888	69	human	personal	attested	the householder Ananda, not the Buddha's attendant	Uvāsagadasāo, tr. A.F.R. Hoernle (1888, public domain), archive.org OCR	0.85
Sivananda	slug:jain:sivananda	Sivananda, wife of the householder Ananda			Sivanandā	Prakrit	Jain	Shvetambara	Upasakadasha	Lecture 1	Uvāsagadasāo 1 §18	https://archive.org/details/hoernle-the-uvasagadasao-v.-2-1888	7	human	personal	attested		Uvāsagadasāo, tr. A.F.R. Hoernle (1888, public domain), archive.org OCR	0.85
Kamadeva	slug:jain:kamadeva-jain	Kamadeva, householder of Champa, lay disciple			Kāmadeva	Prakrit	Jain	Shvetambara	Upasakadasha	Lecture 1	Uvāsagadasāo 1 §1	https://archive.org/details/hoernle-the-uvasagadasao-v.-2-1888	64	human	personal	attested		Uvāsagadasāo, tr. A.F.R. Hoernle (1888, public domain), archive.org OCR	0.85
Chulanipiya	slug:jain:chulanipiya	Chulanipiya, householder of Benares, lay disciple			Culaṇīpiyā	Prakrit	Jain	Shvetambara	Upasakadasha	Lecture 3	Uvāsagadasāo 3	https://archive.org/details/hoernle-the-uvasagadasao-v.-2-1888	43	human	personal	attested		Uvāsagadasāo, tr. A.F.R. Hoernle (1888, public domain), archive.org OCR	0.85
Suradeva	slug:jain:suradeva	Suradeva, householder of Benares, lay disciple			Surādeva	Prakrit	Jain	Shvetambara	Upasakadasha	Lecture 1	Uvāsagadasāo 1 §1	https://archive.org/details/hoernle-the-uvasagadasao-v.-2-1888	15	human	personal	attested		Uvāsagadasāo, tr. A.F.R. Hoernle (1888, public domain), archive.org OCR	0.85
Chullasayaga	slug:jain:chullasayaga	Chullasayaga, householder of Alabhiya, lay disciple			Cullasayaga	Prakrit	Jain	Shvetambara	Upasakadasha	Lecture 1	Uvāsagadasāo 1 §1	https://archive.org/details/hoernle-the-uvasagadasao-v.-2-1888	11	human	personal	attested		Uvāsagadasāo, tr. A.F.R. Hoernle (1888, public domain), archive.org OCR	0.85
Kundakoliya	slug:jain:kundakoliya	Kundakoliya, householder of Kampillapura, lay disciple			Kuṇḍakoliya	Prakrit	Jain	Shvetambara	Upasakadasha	Lecture 1	Uvāsagadasāo 1 §1	https://archive.org/details/hoernle-the-uvasagadasao-v.-2-1888	22	human	personal	attested		Uvāsagadasāo, tr. A.F.R. Hoernle (1888, public domain), archive.org OCR	0.85
Saddalaputta	slug:jain:saddalaputta	Saddalaputta, potter of Polasapura, lay disciple			Saddālaputta	Prakrit	Jain	Shvetambara	Upasakadasha	Lecture 1	Uvāsagadasāo 1 §1	https://archive.org/details/hoernle-the-uvasagadasao-v.-2-1888	79	human	personal	attested		Uvāsagadasāo, tr. A.F.R. Hoernle (1888, public domain), archive.org OCR	0.85
Aggimitta	slug:jain:aggimitta	Aggimitta, wife of Saddalaputta			Aggimittā	Prakrit	Jain	Shvetambara	Upasakadasha	Lecture 7	Uvāsagadasāo 7	https://archive.org/details/hoernle-the-uvasagadasao-v.-2-1888	14	human	personal	attested		Uvāsagadasāo, tr. A.F.R. Hoernle (1888, public domain), archive.org OCR	0.85
Mahasayaga	slug:jain:mahasayaga	Mahasayaga, householder of Rayagiha, lay disciple			Mahāsayaga	Prakrit	Jain	Shvetambara	Upasakadasha	Lecture 1	Uvāsagadasāo 1 §1	https://archive.org/details/hoernle-the-uvasagadasao-v.-2-1888	35	human	personal	attested		Uvāsagadasāo, tr. A.F.R. Hoernle (1888, public domain), archive.org OCR	0.85
Revai	slug:jain:revai	Revai (Revati), wife of Mahasayaga			Revaī	Prakrit	Jain	Shvetambara	Upasakadasha	Lecture 8	Uvāsagadasāo 8	https://archive.org/details/hoernle-the-uvasagadasao-v.-2-1888	33	human	personal	attested		Uvāsagadasāo, tr. A.F.R. Hoernle (1888, public domain), archive.org OCR	0.85
Nandinipiya	slug:jain:nandinipiya	Nandinipiya, householder of Savatthi, lay disciple			Naṃdiṇīpiyā	Prakrit	Jain	Shvetambara	Upasakadasha	Lecture 9	Uvāsagadasāo 9	https://archive.org/details/hoernle-the-uvasagadasao-v.-2-1888	2	human	personal	attested		Uvāsagadasāo, tr. A.F.R. Hoernle (1888, public domain), archive.org OCR	0.85
Salihipiya	slug:jain:salihipiya	Salihipiya, householder of Savatthi, lay disciple			Sālihīpiyā	Prakrit	Jain	Shvetambara	Upasakadasha	Lecture 10	Uvāsagadasāo 10	https://archive.org/details/hoernle-the-uvasagadasao-v.-2-1888	1	human	personal	attested		Uvāsagadasāo, tr. A.F.R. Hoernle (1888, public domain), archive.org OCR	0.85
Goshala	slug:jain:goshala	Goshala Mankhaliputta, Ajivika teacher			Gosāla	Prakrit	Jain	Shvetambara	Upasakadasha	Lecture 1	Uvāsagadasāo 1 §3	https://archive.org/details/hoernle-the-uvasagadasao-v.-2-1888	136	human	personal	attested		Uvāsagadasāo, tr. A.F.R. Hoernle (1888, public domain), archive.org OCR	0.85
Goyama	Q15304493	Indrabhuti Gautama, first ganadhara of Mahavira	boy		Goyama	Prakrit	Jain	Shvetambara	Upasakadasha	Lecture 1	Uvāsagadasāo 1 §62	https://archive.org/details/hoernle-the-uvasagadasao-v.-2-1888	35	disciple	personal	attested	Prakrit form of Gautama	Uvāsagadasāo, tr. A.F.R. Hoernle (1888, public domain), archive.org OCR; Wikidata (CC0)	0.85
Suhamma	Q7633775	Arya Sudharman, ganadhara	boy		Suhamma	Prakrit	Jain	Shvetambara	Upasakadasha	Lecture 1	Uvāsagadasāo 1 §1	https://archive.org/details/hoernle-the-uvasagadasao-v.-2-1888	19	disciple	personal	attested	Prakrit form of Sudharman	Uvāsagadasāo, tr. A.F.R. Hoernle (1888, public domain), archive.org OCR; Wikidata (CC0)	0.85
Jambu	Q25543325	Jambu (Jambusvamin), disciple of Sudharman	boy		Jambū	Prakrit	Jain	Shvetambara	Upasakadasha	Lecture 1	Uvāsagadasāo 1 §1	https://archive.org/details/hoernle-the-uvasagadasao-v.-2-1888	17	disciple	personal	attested	Prakrit form	Uvāsagadasāo, tr. A.F.R. Hoernle (1888, public domain), archive.org OCR; Wikidata (CC0)	0.85
Mahavira	Q9422	Mahavira (Vardhamana), 24th Tirthankara	boy		Mahāvīra	Prakrit	Jain	Shvetambara	Upasakadasha	Lecture 1	Uvāsagadasāo 1 §1	https://archive.org/details/hoernle-the-uvasagadasao-v.-2-1888	222	saint	personal	attested		Uvāsagadasāo, tr. A.F.R. Hoernle (1888, public domain), archive.org OCR; Wikidata (CC0)	0.85
Nanak	Q83322	Guru Nanak, first Sikh Guru	boy	ਨਾਨਕ	Nānak	Gurmukhi/Punjabi	Sikh		Vaaran Bhai Gurdas	Vaar 1	Vaar 1, Pauri 23	https://www.sikhitothemax.org/shabad?id=40023	44	saint	personal	attested		Vaaran Bhai Gurdas text via BaniDB API (Khalis Foundation); Wikidata (CC0)	0.90
Angad	Q370204	Guru Angad, second Sikh Guru	boy	ਅੰਗਦ	Aṅgad	Gurmukhi/Punjabi	Sikh		Vaaran Bhai Gurdas	Vaar 1	Vaar 1, Pauri 38	https://www.sikhitothemax.org/shabad?id=40038	18	saint	personal	attested		Vaaran Bhai Gurdas text via BaniDB API (Khalis Foundation); Wikidata (CC0)	0.90
Lehna	Q370204	Guru Angad, second Sikh Guru	boy	ਲਹਿਣਾ	Lahiṇā	Gurmukhi/Punjabi	Sikh		Vaaran Bhai Gurdas	Vaar 1	Vaar 1, Pauri 45	https://www.sikhitothemax.org/shabad?id=40045	4	saint	personal	attested	birth name of Guru Angad	Vaaran Bhai Gurdas text via BaniDB API (Khalis Foundation); Wikidata (CC0)	0.85
Amar Das	Q454703	Guru Amar Das, third Sikh Guru	boy	ਅਮਰਦਾਸ	Amar Dās	Gurmukhi/Punjabi	Sikh		Vaaran Bhai Gurdas	Vaar 1	Vaar 1, Pauri 46	https://www.sikhitothemax.org/shabad?id=40046	9	saint	personal	attested		Vaaran Bhai Gurdas text via BaniDB API (Khalis Foundation); Wikidata (CC0)	0.90
Ram Das	Q335353	Guru Ram Das, fourth Sikh Guru	boy	ਰਾਮਦਾਸ	Rām Dās	Gurmukhi/Punjabi	Sikh		Vaaran Bhai Gurdas	Vaar 1	Vaar 1, Pauri 47	https://www.sikhitothemax.org/shabad?id=40047	12	saint	personal	attested		Vaaran Bhai Gurdas text via BaniDB API (Khalis Foundation); Wikidata (CC0)	0.85
Arjan	Q369920	Guru Arjan, fifth Sikh Guru	boy	ਅਰਜਨ	Arjan	Gurmukhi/Punjabi	Sikh		Vaaran Bhai Gurdas	Vaar 1	Vaar 1, Pauri 47	https://www.sikhitothemax.org/shabad?id=40047	13	saint	personal	attested		Vaaran Bhai Gurdas text via BaniDB API (Khalis Foundation); Wikidata (CC0)	0.85
Hargobind	Q381425	Guru Hargobind, sixth Sikh Guru	boy	ਹਰਿਗੋਬਿੰਦ	Hargobind	Gurmukhi/Punjabi	Sikh		Vaaran Bhai Gurdas	Vaar 1	Vaar 1, Pauri 48	https://www.sikhitothemax.org/shabad?id=40048	6	saint	personal	attested		Vaaran Bhai Gurdas text via BaniDB API (Khalis Foundation); Wikidata (CC0)	0.85
Mardana	Q3696391	Bhai Mardana, companion of Guru Nanak	boy	ਮਰਦਾਨਾ	Mardānā	Gurmukhi/Punjabi	Sikh		Vaaran Bhai Gurdas	Vaar 1	Vaar 1, Pauri 35	https://www.sikhitothemax.org/shabad?id=40035	3	disciple	personal	attested		Vaaran Bhai Gurdas text via BaniDB API (Khalis Foundation); Wikidata (CC0)	0.90
Taru Popat	slug:sikh:tarupopat	Taru Popat, Sikh named by Bhai Gurdas (Vaar 11)		ਤਾਰੂ ਪੋਪਟੁ		Gurmukhi/Punjabi	Sikh		Vaaran Bhai Gurdas	Vaar 11	Vaar 11, Pauri 13	https://www.sikhitothemax.org/shabad?id=40253	1	disciple	personal	attested	one of the Sikhs listed in Vaar 11	Vaaran Bhai Gurdas text via BaniDB API (Khalis Foundation)	0.80
Mula Kir	slug:sikh:mulakir	Mula Kir, Sikh named by Bhai Gurdas (Vaar 11)		ਮੂਲਾ ਕੀੜੁ		Gurmukhi/Punjabi	Sikh		Vaaran Bhai Gurdas	Vaar 11	Vaar 11, Pauri 13	https://www.sikhitothemax.org/shabad?id=40253	1	disciple	personal	attested	one of the Sikhs listed in Vaar 11	Vaaran Bhai Gurdas text via BaniDB API (Khalis Foundation)	0.80
Pirtha	slug:sikh:pirtha	Pirtha, Sikh named by Bhai Gurdas (Vaar 11)		ਪਿਰਥਾ		Gurmukhi/Punjabi	Sikh		Vaaran Bhai Gurdas	Vaar 11	Vaar 11, Pauri 13	https://www.sikhitothemax.org/shabad?id=40253	1	disciple	personal	attested	one of the Sikhs listed in Vaar 11	Vaaran Bhai Gurdas text via BaniDB API (Khalis Foundation)	0.80
Kheda	slug:sikh:kheda	Kheda, Sikh named by Bhai Gurdas (Vaar 11)		ਖੇਡਾ		Gurmukhi/Punjabi	Sikh		Vaaran Bhai Gurdas	Vaar 11	Vaar 11, Pauri 13	https://www.sikhitothemax.org/shabad?id=40253	1	disciple	personal	attested	one of the Sikhs listed in Vaar 11	Vaaran Bhai Gurdas text via BaniDB API (Khalis Foundation)	0.80
Prithi Mal	slug:sikh:prithimal	Prithi Mal, Sikh named by Bhai Gurdas (Vaar 11)		ਪਿਰਥੀ ਮਲੁ		Gurmukhi/Punjabi	Sikh		Vaaran Bhai Gurdas	Vaar 11	Vaar 11, Pauri 13	https://www.sikhitothemax.org/shabad?id=40253	2	disciple	personal	attested	one of the Sikhs listed in Vaar 11	Vaaran Bhai Gurdas text via BaniDB API (Khalis Foundation)	0.80
Rama Didi	slug:sikh:ramadidi	Rama Didi, Sikh named by Bhai Gurdas (Vaar 11)		ਰਾਮਾ ਡਿਡੀ		Gurmukhi/Punjabi	Sikh		Vaaran Bhai Gurdas	Vaar 11	Vaar 11, Pauri 13	https://www.sikhitothemax.org/shabad?id=40253	1	disciple	personal	attested	one of the Sikhs listed in Vaar 11	Vaaran Bhai Gurdas text via BaniDB API (Khalis Foundation)	0.80
Daulat Khan Lodi	Q1102569	Daulat Khan Lodi, governor (Sultanpur)	boy	ਦਉਲਤ ਖਾਂ ਲੋਦੀ		Gurmukhi/Punjabi	Sikh		Vaaran Bhai Gurdas	Vaar 11	Vaar 11, Pauri 13	https://www.sikhitothemax.org/shabad?id=40253	1	human	personal	attested	one of the Sikhs listed in Vaar 11	Vaaran Bhai Gurdas text via BaniDB API (Khalis Foundation); Wikidata (CC0)	0.80
Malo	slug:sikh:malo	Malo, Sikh named by Bhai Gurdas (Vaar 11)		ਮਾਲੋ		Gurmukhi/Punjabi	Sikh		Vaaran Bhai Gurdas	Vaar 11	Vaar 11, Pauri 13	https://www.sikhitothemax.org/shabad?id=40253	1	disciple	personal	attested	one of the Sikhs listed in Vaar 11	Vaaran Bhai Gurdas text via BaniDB API (Khalis Foundation)	0.80
Manga	slug:sikh:manga	Manga, Sikh named by Bhai Gurdas (Vaar 11)		ਮਾਂਗਾ		Gurmukhi/Punjabi	Sikh		Vaaran Bhai Gurdas	Vaar 11	Vaar 11, Pauri 13	https://www.sikhitothemax.org/shabad?id=40253	1	disciple	personal	attested	one of the Sikhs listed in Vaar 11	Vaaran Bhai Gurdas text via BaniDB API (Khalis Foundation)	0.80
Bhagta	slug:sikh:bhagta	Bhagta, Sikh named by Bhai Gurdas (Vaar 11)		ਭਗਤਾ		Gurmukhi/Punjabi	Sikh		Vaaran Bhai Gurdas	Vaar 11	Vaar 11, Pauri 14	https://www.sikhitothemax.org/shabad?id=40254	1	disciple	personal	attested	one of the Sikhs listed in Vaar 11	Vaaran Bhai Gurdas text via BaniDB API (Khalis Foundation)	0.80
Buddha	Q3694952	Baba Buddha, Sikh of the first six Gurus	boy	ਬੁਢਾ		Gurmukhi/Punjabi	Sikh		Vaaran Bhai Gurdas	Vaar 11	Vaar 11, Pauri 14	https://www.sikhitothemax.org/shabad?id=40254	1	disciple	personal	attested	one of the Sikhs listed in Vaar 11	Vaaran Bhai Gurdas text via BaniDB API (Khalis Foundation); Wikidata (CC0)	0.80
Jita	slug:sikh:jita	Jita, Sikh named by Bhai Gurdas (Vaar 11)		ਜਿਤਾ		Gurmukhi/Punjabi	Sikh		Vaaran Bhai Gurdas	Vaar 11	Vaar 11, Pauri 14	https://www.sikhitothemax.org/shabad?id=40254	1	disciple	personal	attested	one of the Sikhs listed in Vaar 11	Vaaran Bhai Gurdas text via BaniDB API (Khalis Foundation)	0.80
Phirna	slug:sikh:phirna	Phirna, Sikh named by Bhai Gurdas (Vaar 11)		ਫਿਰਣਾ		Gurmukhi/Punjabi	Sikh		Vaaran Bhai Gurdas	Vaar 11	Vaar 11, Pauri 14	https://www.sikhitothemax.org/shabad?id=40254	3	disciple	personal	attested	one of the Sikhs listed in Vaar 11	Vaaran Bhai Gurdas text via BaniDB API (Khalis Foundation)	0.80
Jodh	slug:sikh:jodh	Jodh, Sikh named by Bhai Gurdas (Vaar 11)		ਜੋਧੁ		Gurmukhi/Punjabi	Sikh		Vaaran Bhai Gurdas	Vaar 11	Vaar 11, Pauri 14	https://www.sikhitothemax.org/shabad?id=40254	3	disciple	personal	attested	one of the Sikhs listed in Vaar 11	Vaaran Bhai Gurdas text via BaniDB API (Khalis Foundation)	0.80
Paro Julka	slug:sikh:parojulka	Paro Julka, Sikh named by Bhai Gurdas (Vaar 11)		ਪਾਰੋ ਜੁਲਕਾ		Gurmukhi/Punjabi	Sikh		Vaaran Bhai Gurdas	Vaar 11	Vaar 11, Pauri 15	https://www.sikhitothemax.org/shabad?id=40255	1	disciple	personal	attested	one of the Sikhs listed in Vaar 11	Vaaran Bhai Gurdas text via BaniDB API (Khalis Foundation)	0.80
Mallu Shahi	slug:sikh:mallushahi	Mallu Shahi, Sikh named by Bhai Gurdas (Vaar 11)		ਮਲੂਸਾਹੀ		Gurmukhi/Punjabi	Sikh		Vaaran Bhai Gurdas	Vaar 11	Vaar 11, Pauri 15	https://www.sikhitothemax.org/shabad?id=40255	1	disciple	personal	attested	one of the Sikhs listed in Vaar 11	Vaaran Bhai Gurdas text via BaniDB API (Khalis Foundation)	0.80
Kedari	slug:sikh:kedari	Kedari, Sikh named by Bhai Gurdas (Vaar 11)		ਕੇਦਾਰੀ		Gurmukhi/Punjabi	Sikh		Vaaran Bhai Gurdas	Vaar 11	Vaar 11, Pauri 15	https://www.sikhitothemax.org/shabad?id=40255	1	disciple	personal	attested	one of the Sikhs listed in Vaar 11	Vaaran Bhai Gurdas text via BaniDB API (Khalis Foundation)	0.80
Narain Das	slug:sikh:naraindas	Narain Das, Sikh named by Bhai Gurdas (Vaar 11)		ਨਰਾਇਣ ਦਾਸੁ		Gurmukhi/Punjabi	Sikh		Vaaran Bhai Gurdas	Vaar 11	Vaar 11, Pauri 15	https://www.sikhitothemax.org/shabad?id=40255	1	disciple	personal	attested	one of the Sikhs listed in Vaar 11	Vaaran Bhai Gurdas text via BaniDB API (Khalis Foundation)	0.80
Ugrasain	slug:sikh:ugrasain	Ugrasain, Sikh named by Bhai Gurdas (Vaar 11)		ਉਗ੍ਰਸੈਣੁ		Gurmukhi/Punjabi	Sikh		Vaaran Bhai Gurdas	Vaar 11	Vaar 11, Pauri 16	https://www.sikhitothemax.org/shabad?id=40256	1	disciple	personal	attested	one of the Sikhs listed in Vaar 11	Vaaran Bhai Gurdas text via BaniDB API (Khalis Foundation)	0.80
Amru	slug:sikh:amru	Amru, Sikh named by Bhai Gurdas (Vaar 11)		ਅਮਰੂ		Gurmukhi/Punjabi	Sikh		Vaaran Bhai Gurdas	Vaar 11	Vaar 11, Pauri 16	https://www.sikhitothemax.org/shabad?id=40256	1	disciple	personal	attested	one of the Sikhs listed in Vaar 11	Vaaran Bhai Gurdas text via BaniDB API (Khalis Foundation)	0.80
Tiratha	slug:sikh:tiratha	Tiratha, Sikh named by Bhai Gurdas (Vaar 11)		ਤੀਰਥਾ		Gurmukhi/Punjabi	Sikh		Vaaran Bhai Gurdas	Vaar 11	Vaar 11, Pauri 17	https://www.sikhitothemax.org/shabad?id=40257	4	disciple	personal	attested	one of the Sikhs listed in Vaar 11	Vaaran Bhai Gurdas text via BaniDB API (Khalis Foundation)	0.80
Manak Chand	slug:sikh:manakchand	Manak Chand, Sikh named by Bhai Gurdas (Vaar 11)		ਮਾਣਕਚੰਦੁ		Gurmukhi/Punjabi	Sikh		Vaaran Bhai Gurdas	Vaar 11	Vaar 11, Pauri 17	https://www.sikhitothemax.org/shabad?id=40257	1	disciple	personal	attested	one of the Sikhs listed in Vaar 11	Vaaran Bhai Gurdas text via BaniDB API (Khalis Foundation)	0.80
Bisan Das	slug:sikh:bisandas	Bisan Das, Sikh named by Bhai Gurdas (Vaar 11)		ਬਿਸਨਦਾਸੁ		Gurmukhi/Punjabi	Sikh		Vaaran Bhai Gurdas	Vaar 11	Vaar 11, Pauri 17	https://www.sikhitothemax.org/shabad?id=40257	1	disciple	personal	attested	one of the Sikhs listed in Vaar 11	Vaaran Bhai Gurdas text via BaniDB API (Khalis Foundation)	0.80
Mahanand	slug:sikh:mahanand	Mahanand, Sikh named by Bhai Gurdas (Vaar 11)		ਮਹਾਂਨੰਦੁ		Gurmukhi/Punjabi	Sikh		Vaaran Bhai Gurdas	Vaar 11	Vaar 11, Pauri 17	https://www.sikhitothemax.org/shabad?id=40257	1	disciple	personal	attested	one of the Sikhs listed in Vaar 11	Vaaran Bhai Gurdas text via BaniDB API (Khalis Foundation)	0.80
Bidhi Chand	Q4900734	Bidhi Chand, Sikh named by Bhai Gurdas (Vaar 11)	boy	ਬਿਧੀ ਚੰਦ		Gurmukhi/Punjabi	Sikh		Vaaran Bhai Gurdas	Vaar 11	Vaar 11, Pauri 17	https://www.sikhitothemax.org/shabad?id=40257	1	disciple	personal	attested	one of the Sikhs listed in Vaar 11	Vaaran Bhai Gurdas text via BaniDB API (Khalis Foundation); Wikidata (CC0)	0.80
Dungar Das	slug:sikh:dungardas	Dungar Das, Sikh named by Bhai Gurdas (Vaar 11)		ਡੂੰਗਰੁਦਾਸੁ		Gurmukhi/Punjabi	Sikh		Vaaran Bhai Gurdas	Vaar 11	Vaar 11, Pauri 17	https://www.sikhitothemax.org/shabad?id=40257	1	disciple	personal	attested	one of the Sikhs listed in Vaar 11	Vaaran Bhai Gurdas text via BaniDB API (Khalis Foundation)	0.80
Kisna	slug:sikh:kisna	Kisna, Sikh named by Bhai Gurdas (Vaar 11)		ਕਿਸਨਾ		Gurmukhi/Punjabi	Sikh		Vaaran Bhai Gurdas	Vaar 11	Vaar 11, Pauri 18	https://www.sikhitothemax.org/shabad?id=40258	3	disciple	personal	attested	one of the Sikhs listed in Vaar 11	Vaaran Bhai Gurdas text via BaniDB API (Khalis Foundation)	0.80
Tiloka	slug:sikh:tiloka	Tiloka, Sikh named by Bhai Gurdas (Vaar 11)		ਤਿਲੋਕਾ		Gurmukhi/Punjabi	Sikh		Vaaran Bhai Gurdas	Vaar 11	Vaar 11, Pauri 18	https://www.sikhitothemax.org/shabad?id=40258	2	disciple	personal	attested	one of the Sikhs listed in Vaar 11	Vaaran Bhai Gurdas text via BaniDB API (Khalis Foundation)	0.80
Samunda	slug:sikh:samunda	Samunda, Sikh named by Bhai Gurdas (Vaar 11)		ਸਮੁੰਦਾ		Gurmukhi/Punjabi	Sikh		Vaaran Bhai Gurdas	Vaar 11	Vaar 11, Pauri 18	https://www.sikhitothemax.org/shabad?id=40258	1	disciple	personal	attested	one of the Sikhs listed in Vaar 11	Vaaran Bhai Gurdas text via BaniDB API (Khalis Foundation)	0.80
Nihalu	slug:sikh:nihalu	Nihalu, Sikh named by Bhai Gurdas (Vaar 11)		ਨਿਹਾਲੂ		Gurmukhi/Punjabi	Sikh		Vaaran Bhai Gurdas	Vaar 11	Vaar 11, Pauri 18	https://www.sikhitothemax.org/shabad?id=40258	6	disciple	personal	attested	one of the Sikhs listed in Vaar 11	Vaaran Bhai Gurdas text via BaniDB API (Khalis Foundation)	0.80
Chatur Das	slug:sikh:chaturdas	Chatur Das, Sikh named by Bhai Gurdas (Vaar 11)		ਚਤੁਰਦਾਸੁ		Gurmukhi/Punjabi	Sikh		Vaaran Bhai Gurdas	Vaar 11	Vaar 11, Pauri 20	https://www.sikhitothemax.org/shabad?id=40260	1	disciple	personal	attested	one of the Sikhs listed in Vaar 11	Vaaran Bhai Gurdas text via BaniDB API (Khalis Foundation)	0.80
Chhaju	slug:sikh:chhaju	Chhaju, Sikh named by Bhai Gurdas (Vaar 11)		ਛਜੂ		Gurmukhi/Punjabi	Sikh		Vaaran Bhai Gurdas	Vaar 11	Vaar 11, Pauri 21	https://www.sikhitothemax.org/shabad?id=40261	1	disciple	personal	attested	one of the Sikhs listed in Vaar 11	Vaaran Bhai Gurdas text via BaniDB API (Khalis Foundation)	0.80
Bhana	slug:sikh:bhana	Bhana, Sikh named by Bhai Gurdas (Vaar 11)		ਭਾਨਾ		Gurmukhi/Punjabi	Sikh		Vaaran Bhai Gurdas	Vaar 11	Vaar 11, Pauri 21	https://www.sikhitothemax.org/shabad?id=40261	3	disciple	personal	attested	one of the Sikhs listed in Vaar 11	Vaaran Bhai Gurdas text via BaniDB API (Khalis Foundation)	0.80
Gurdita	slug:sikh:gurdita	Gurdita, Sikh named by Bhai Gurdas (Vaar 11)		ਗੁਰਦਿਤਾ		Gurmukhi/Punjabi	Sikh		Vaaran Bhai Gurdas	Vaar 11	Vaar 11, Pauri 24	https://www.sikhitothemax.org/shabad?id=40264	1	disciple	personal	attested	one of the Sikhs listed in Vaar 11	Vaaran Bhai Gurdas text via BaniDB API (Khalis Foundation)	0.80
Saindas	slug:sikh:saindas	Saindas, Sikh named by Bhai Gurdas (Vaar 11)		ਸਾਈਂਦਾਸੁ		Gurmukhi/Punjabi	Sikh		Vaaran Bhai Gurdas	Vaar 11	Vaar 11, Pauri 19	https://www.sikhitothemax.org/shabad?id=40259	2	disciple	personal	attested	one of the Sikhs listed in Vaar 11	Vaaran Bhai Gurdas text via BaniDB API (Khalis Foundation)	0.80
Ramdas Bhandari	slug:sikh:ramdasbhandari	Ramdas Bhandari, Sikh named by Bhai Gurdas (Vaar 11)		ਰਾਮਦਾਸੁ ਭੰਡਾਰੀਆ		Gurmukhi/Punjabi	Sikh		Vaaran Bhai Gurdas	Vaar 11	Vaar 11, Pauri 19	https://www.sikhitothemax.org/shabad?id=40259	1	disciple	personal	attested	one of the Sikhs listed in Vaar 11	Vaaran Bhai Gurdas text via BaniDB API (Khalis Foundation)	0.80
Dhru	Q1059587	Dhru (Dhruva), devotee of the Puranic past		ਧ੍ਰੂ		Gurmukhi/Punjabi	Sikh		Vaaran Bhai Gurdas	Vaar 10	Vaar 10, Pauri 1	https://www.sikhitothemax.org/shabad?id=40218	2	human	personal	attested	Punjabi form of Dhruva	Vaaran Bhai Gurdas text via BaniDB API (Khalis Foundation); Wikidata (CC0)	0.80
Prahlad	Q2361316	Prahlad (Prahlada), devotee of the Puranic past	boy	ਪ੍ਰਹਿਲਾਦੁ		Gurmukhi/Punjabi	Sikh		Vaaran Bhai Gurdas	Vaar 10	Vaar 10, Pauri 2	https://www.sikhitothemax.org/shabad?id=40219	1	human	personal	attested	Punjabi form of Prahlada	Vaaran Bhai Gurdas text via BaniDB API (Khalis Foundation); Wikidata (CC0)	0.80
Bidar	Q2002511	Bidar (Vidura), devotee of the Puranic past	boy	ਬਿਦਰੁ		Gurmukhi/Punjabi	Sikh		Vaaran Bhai Gurdas	Vaar 10	Vaar 10, Pauri 7	https://www.sikhitothemax.org/shabad?id=40224	3	human	personal	attested	Punjabi form of Vidura	Vaaran Bhai Gurdas text via BaniDB API (Khalis Foundation); Wikidata (CC0)	0.80
Draupadi	Q1057886	Draupadi (Draupadi), devotee of the Puranic past	girl	ਦਰੋਪਤੀ		Gurmukhi/Punjabi	Sikh		Vaaran Bhai Gurdas	Vaar 10	Vaar 10, Pauri 8	https://www.sikhitothemax.org/shabad?id=40225	2	human	personal	attested	Punjabi form of Draupadi	Vaaran Bhai Gurdas text via BaniDB API (Khalis Foundation); Wikidata (CC0)	0.80
Sudama	Q3418981	Sudama (Sudama), devotee of the Puranic past	boy	ਸੁਦਾਮਾ		Gurmukhi/Punjabi	Sikh		Vaaran Bhai Gurdas	Vaar 10	Vaar 10, Pauri 9	https://www.sikhitothemax.org/shabad?id=40226	2	human	personal	attested	Punjabi form of Sudama	Vaaran Bhai Gurdas text via BaniDB API (Khalis Foundation); Wikidata (CC0)	0.80
Janak	Q1500207	Janak (Janaka), devotee of the Puranic past	boy	ਜਨਕੁ		Gurmukhi/Punjabi	Sikh		Vaaran Bhai Gurdas	Vaar 10	Vaar 10, Pauri 5	https://www.sikhitothemax.org/shabad?id=40222	2	human	personal	attested	Punjabi form of Janaka	Vaaran Bhai Gurdas text via BaniDB API (Khalis Foundation); Wikidata (CC0)	0.80
Ambrik	slug:sikh:ambarisha	Ambrik (Ambarisha), devotee of the Puranic past		ਅੰਬਰੀਕ		Gurmukhi/Punjabi	Sikh		Vaaran Bhai Gurdas	Vaar 10	Vaar 10, Pauri 4	https://www.sikhitothemax.org/shabad?id=40221	3	human	personal	attested	Punjabi form of Ambarisha	Vaaran Bhai Gurdas text via BaniDB API (Khalis Foundation)	0.80
Bal	slug:sikh:mahabali	Bal (Mahabali), devotee of the Puranic past		ਬਲਿ ਰਾਜਾ		Gurmukhi/Punjabi	Sikh		Vaaran Bhai Gurdas	Vaar 10	Vaar 10, Pauri 3	https://www.sikhitothemax.org/shabad?id=40220	3	human	personal	attested	Punjabi form of Mahabali	Vaaran Bhai Gurdas text via BaniDB API (Khalis Foundation)	0.80
Valmik	Q715607	Valmik (Valmiki), devotee of the Puranic past	boy	ਬਾਲਮੀਕੁ		Gurmukhi/Punjabi	Sikh		Vaaran Bhai Gurdas	Vaar 10	Vaar 10, Pauri 19	https://www.sikhitothemax.org/shabad?id=40236	2	human	personal	attested	Punjabi form of Valmiki	Vaaran Bhai Gurdas text via BaniDB API (Khalis Foundation); Wikidata (CC0)	0.80
Ahalya	Q796591	Ahalya (Ahalya), devotee of the Puranic past	girl	ਅਹਿਲਿਆ		Gurmukhi/Punjabi	Sikh		Vaaran Bhai Gurdas	Vaar 10	Vaar 10, Pauri 18	https://www.sikhitothemax.org/shabad?id=40235	1	human	personal	attested	Punjabi form of Ahalya	Vaaran Bhai Gurdas text via BaniDB API (Khalis Foundation); Wikidata (CC0)	0.80
Nanak	Q83322	Guru Nanak, first Sikh Guru	boy	ਨਾਨਕ	Nānak	Gurmukhi/Punjabi	Sikh		Vaaran Bhai Gurdas Singh	Vaar 1	Vaar 1	https://www.sikhitothemax.org/shabad?id=41000	4	saint	personal	attested		Vaaran Bhai Gurdas Singh text via BaniDB API (Khalis Foundation); Wikidata (CC0)	0.90
Angad	Q370204	Guru Angad, second Sikh Guru	boy	ਅੰਗਦ	Aṅgad	Gurmukhi/Punjabi	Sikh		Vaaran Bhai Gurdas Singh	Vaar 21	Vaar 21	https://www.sikhitothemax.org/shabad?id=41020	2	saint	personal	attested		Vaaran Bhai Gurdas Singh text via BaniDB API (Khalis Foundation); Wikidata (CC0)	0.90
Ram Das	Q335353	Guru Ram Das, fourth Sikh Guru	boy	ਰਾਮਦਾਸ	Rām Dās	Gurmukhi/Punjabi	Sikh		Vaaran Bhai Gurdas Singh	Vaar 21	Vaar 21	https://www.sikhitothemax.org/shabad?id=41020	1	saint	personal	attested		Vaaran Bhai Gurdas Singh text via BaniDB API (Khalis Foundation); Wikidata (CC0)	0.85
Arjan	Q369920	Guru Arjan, fifth Sikh Guru	boy	ਅਰਜਨ	Arjan	Gurmukhi/Punjabi	Sikh		Vaaran Bhai Gurdas Singh	Vaar 21	Vaar 21	https://www.sikhitothemax.org/shabad?id=41020	1	saint	personal	attested		Vaaran Bhai Gurdas Singh text via BaniDB API (Khalis Foundation); Wikidata (CC0)	0.85
Tegh Bahadur	Q2019145	Guru Tegh Bahadur, ninth Sikh Guru	boy	ਤੇਗ ਬਹਾਦਰ	Tegh Bahādur	Gurmukhi/Punjabi	Sikh		Vaaran Bhai Gurdas Singh	Vaar 23	Vaar 23	https://www.sikhitothemax.org/shabad?id=41022	1	saint	personal	attested		Vaaran Bhai Gurdas Singh text via BaniDB API (Khalis Foundation); Wikidata (CC0)	0.90
Gobind Singh	Q312967	Guru Gobind Singh, tenth Sikh Guru	boy	ਗੋਬਿੰਦ ਸਿੰਘ	Gobind Siṅgh	Gurmukhi/Punjabi	Sikh		Vaaran Bhai Gurdas Singh	Vaar 1	Vaar 1	https://www.sikhitothemax.org/shabad?id=41000	20	saint	personal	attested		Vaaran Bhai Gurdas Singh text via BaniDB API (Khalis Foundation); Wikidata (CC0)	0.90
Mardana	Q3696391	Bhai Mardana, companion of Guru Nanak	boy	ਮਰਦਾਨਾ	Mardānā	Gurmukhi/Punjabi	Sikh		Vaaran Bhai Gurdas Singh	Vaar 16	Vaar 16	https://www.sikhitothemax.org/shabad?id=41015	1	disciple	personal	attested		Vaaran Bhai Gurdas Singh text via BaniDB API (Khalis Foundation); Wikidata (CC0)	0.90
Nanak	Q83322	Guru Nanak, first Sikh Guru	boy	ਨਾਨਕ	Nānak	Braj/Gurmukhi	Sikh		Dasam Granth		Dasam Granth p. 54	https://www.sikhitothemax.org/shabad?id=7486	6	saint	personal	attested		Dasam Granth text via BaniDB API (Khalis Foundation); Wikidata (CC0)	0.90
Angad	Q370204	Guru Angad, second Sikh Guru	boy	ਅੰਗਦ	Aṅgad	Braj/Gurmukhi	Sikh		Dasam Granth		Dasam Granth p. 55	https://www.sikhitothemax.org/shabad?id=7493	4	saint	personal	attested		Dasam Granth text via BaniDB API (Khalis Foundation); Wikidata (CC0)	0.90
Amar Das	Q454703	Guru Amar Das, third Sikh Guru	boy	ਅਮਰਦਾਸ	Amar Dās	Braj/Gurmukhi	Sikh		Dasam Granth		Dasam Granth p. 55	https://www.sikhitothemax.org/shabad?id=7493	4	saint	personal	attested		Dasam Granth text via BaniDB API (Khalis Foundation); Wikidata (CC0)	0.90
Ram Das	Q335353	Guru Ram Das, fourth Sikh Guru	boy	ਰਾਮਦਾਸ	Rām Dās	Braj/Gurmukhi	Sikh		Dasam Granth		Dasam Granth p. 55	https://www.sikhitothemax.org/shabad?id=7493	2	saint	personal	attested		Dasam Granth text via BaniDB API (Khalis Foundation); Wikidata (CC0)	0.85
Arjan	Q369920	Guru Arjan, fifth Sikh Guru	boy	ਅਰਜਨ	Arjan	Braj/Gurmukhi	Sikh		Dasam Granth		Dasam Granth p. 55	https://www.sikhitothemax.org/shabad?id=7493	2	saint	personal	attested		Dasam Granth text via BaniDB API (Khalis Foundation); Wikidata (CC0)	0.85
Hargobind	Q381425	Guru Hargobind, sixth Sikh Guru	boy	ਹਰਿਗੋਬਿੰਦ	Hargobind	Braj/Gurmukhi	Sikh		Dasam Granth		Dasam Granth p. 55	https://www.sikhitothemax.org/shabad?id=7493	2	saint	personal	attested		Dasam Granth text via BaniDB API (Khalis Foundation); Wikidata (CC0)	0.85
Har Rai	Q630106	Guru Har Rai, seventh Sikh Guru	boy	ਹਰਿਰਾਇ	Har Rāi	Braj/Gurmukhi	Sikh		Dasam Granth		Dasam Granth p. 119	https://www.sikhitothemax.org/shabad?id=7738	1	saint	personal	attested		Dasam Granth text via BaniDB API (Khalis Foundation); Wikidata (CC0)	0.85
Tegh Bahadur	Q2019145	Guru Tegh Bahadur, ninth Sikh Guru	boy	ਤੇਗ ਬਹਾਦਰ	Tegh Bahādur	Braj/Gurmukhi	Sikh		Dasam Granth		Dasam Granth p. 55	https://www.sikhitothemax.org/shabad?id=7493	4	saint	personal	attested		Dasam Granth text via BaniDB API (Khalis Foundation); Wikidata (CC0)	0.90
Gobind Singh	Q312967	Guru Gobind Singh, tenth Sikh Guru	boy	ਗੋਬਿੰਦ ਸਿੰਘ	Gobind Siṅgh	Braj/Gurmukhi	Sikh		Dasam Granth		Dasam Granth p. 1428	https://www.sikhitothemax.org/shabad?id=555567	1	saint	personal	attested		Dasam Granth text via BaniDB API (Khalis Foundation); Wikidata (CC0)	0.90
Chandi	Q2088394	Chandi (Durga), the Goddess		ਚੰਡੀ		Braj/Gurmukhi	Sikh		Dasam Granth		Dasam Granth p. 73	https://www.sikhitothemax.org/shabad?id=7564	68	deity	divine	attested		Dasam Granth text via BaniDB API (Khalis Foundation); Wikidata (CC0)	0.80
Durga	Q382973	Durga, the Goddess		ਦੁਰਗਾ		Braj/Gurmukhi	Sikh		Dasam Granth		Dasam Granth p. 80	https://www.sikhitothemax.org/shabad?id=7592	51	deity	divine	attested		Dasam Granth text via BaniDB API (Khalis Foundation); Wikidata (CC0)	0.80
Kalika	Q132127	Kali (Kalika), the Goddess		ਕਾਲਿਕਾ		Braj/Gurmukhi	Sikh		Dasam Granth		Dasam Granth p. 55	https://www.sikhitothemax.org/shabad?id=7495	35	deity	divine	attested		Dasam Granth text via BaniDB API (Khalis Foundation); Wikidata (CC0)	0.80
Sita	Q191114	Sita, Hindu goddess	girl	ਸੀਤਾ		Braj/Gurmukhi	Sikh		Dasam Granth		Dasam Granth p. 187	https://www.sikhitothemax.org/shabad?id=7855	43	deity	personal	attested		Dasam Granth text via BaniDB API (Khalis Foundation); Wikidata (CC0)	0.80
Janaki	Q191114	Sita, Hindu goddess	girl	ਜਾਨਕੀ		Braj/Gurmukhi	Sikh		Dasam Granth		Dasam Granth p. 227	https://www.sikhitothemax.org/shabad?id=7951	13	deity	epithet	attested	epithet of Sita	Dasam Granth text via BaniDB API (Khalis Foundation); Wikidata (CC0)	0.80
Krishna	Q42891	Krishna, Hindu deity	boy	ਕ੍ਰਿਸਨ		Braj/Gurmukhi	Sikh		Dasam Granth		Dasam Granth p. 13	https://www.sikhitothemax.org/shabad?id=7427	165	deity	personal	attested		Dasam Granth text via BaniDB API (Khalis Foundation); Wikidata (CC0)	0.80
Radha	Q113904	Radha, beloved of Krishna	girl	ਰਾਧਾ		Braj/Gurmukhi	Sikh		Dasam Granth		Dasam Granth p. 347	https://www.sikhitothemax.org/shabad?id=8327	36	deity	personal	attested		Dasam Granth text via BaniDB API (Khalis Foundation); Wikidata (CC0)	0.80
Lachhman	Q917687	Lakshmana, brother of Rama	boy	ਲਛਮਨ		Braj/Gurmukhi	Sikh		Dasam Granth		Dasam Granth p. 205	https://www.sikhitothemax.org/shabad?id=7909	21	human	personal	attested	Punjabi form of Lakshmana	Dasam Granth text via BaniDB API (Khalis Foundation); Wikidata (CC0)	0.80
Hanuman	Q188618	Hanuman	boy	ਹਨੂਮਾਨ		Braj/Gurmukhi	Sikh		Dasam Granth		Dasam Granth p. 63	https://www.sikhitothemax.org/shabad?id=7525	7	deity	personal	attested		Dasam Granth text via BaniDB API (Khalis Foundation); Wikidata (CC0)	0.80
Ravan	Q235102	Ravana, king of Lanka	boy	ਰਾਵਨ		Braj/Gurmukhi	Sikh		Dasam Granth		Dasam Granth p. 46	https://www.sikhitothemax.org/shabad?id=7462	85	demon	personal	attested	Punjabi form of Ravana	Dasam Granth text via BaniDB API (Khalis Foundation); Wikidata (CC0)	0.80
Dasrath	Q1996692	Dasharatha, father of Rama	boy	ਦਸਰਥ		Braj/Gurmukhi	Sikh		Dasam Granth		Dasam Granth p. 48	https://www.sikhitothemax.org/shabad?id=7470	12	royal	personal	attested	Punjabi form of Dasharatha	Dasam Granth text via BaniDB API (Khalis Foundation); Wikidata (CC0)	0.80
Kausalya	Q2046270	Kausalya, mother of Rama	girl	ਕਉਸਲਿਆ		Braj/Gurmukhi	Sikh		Dasam Granth		Dasam Granth p. 224	https://www.sikhitothemax.org/shabad?id=7939	2	royal	personal	attested		Dasam Granth text via BaniDB API (Khalis Foundation); Wikidata (CC0)	0.80
Kaikeyi	Q2046291	Kaikeyi, queen of Dasharatha	girl	ਕੈਕਈ		Braj/Gurmukhi	Sikh		Dasam Granth		Dasam Granth p. 288	https://www.sikhitothemax.org/shabad?id=8084	1	royal	personal	attested		Dasam Granth text via BaniDB API (Khalis Foundation); Wikidata (CC0)	0.80
Shatrughan	Q3518451	Shatrughna, Rama's brother	boy	ਸਤ੍ਰੁਘਨ		Braj/Gurmukhi	Sikh		Dasam Granth		Dasam Granth p. 205	https://www.sikhitothemax.org/shabad?id=7909	2	human	personal	attested	Punjabi form of Shatrughna	Dasam Granth text via BaniDB API (Khalis Foundation); Wikidata (CC0)	0.80
Jasudha	Q2386320	Yashoda, foster-mother of Krishna	girl	ਜਸੁਧਾ		Braj/Gurmukhi	Sikh		Dasam Granth		Dasam Granth p. 298	https://www.sikhitothemax.org/shabad?id=8153	42	human	personal	attested	Punjabi form of Yashoda	Dasam Granth text via BaniDB API (Khalis Foundation); Wikidata (CC0)	0.80
Balbhadra	Q1061606	Balarama, brother of Krishna	boy	ਬਲਿਭਦ੍ਰ		Braj/Gurmukhi	Sikh		Dasam Granth		Dasam Granth p. 371	https://www.sikhitothemax.org/shabad?id=8381	26	deity	personal	attested	Punjabi form of Balabhadra	Dasam Granth text via BaniDB API (Khalis Foundation); Wikidata (CC0)	0.80
Baldev	Q1061606	Balarama, brother of Krishna	boy	ਬਲਦੇਵ		Braj/Gurmukhi	Sikh		Dasam Granth		Dasam Granth p. 405	https://www.sikhitothemax.org/shabad?id=8489	12	deity	epithet	attested	another name of Balarama	Dasam Granth text via BaniDB API (Khalis Foundation); Wikidata (CC0)	0.80
Rukmini	Q1585773	Rukmini, wife of Krishna	girl	ਰੁਕਮਿਨੀ		Braj/Gurmukhi	Sikh		Dasam Granth		Dasam Granth p. 494	https://www.sikhitothemax.org/shabad?id=8914	27	royal	personal	attested		Dasam Granth text via BaniDB API (Khalis Foundation); Wikidata (CC0)	0.80
Kalki	Q476824	Kalki, the tenth avatar		ਕਲਕੀ		Braj/Gurmukhi	Sikh		Dasam Granth		Dasam Granth p. 552	https://www.sikhitothemax.org/shabad?id=9177	22	deity	personal	attested		Dasam Granth text via BaniDB API (Khalis Foundation); Wikidata (CC0)	0.80
Mahishasur	Q663318	Mahishasura, buffalo demon	boy	ਮਹਿਖਾਸੁਰ		Braj/Gurmukhi	Sikh		Dasam Granth		Dasam Granth p. 35	https://www.sikhitothemax.org/shabad?id=7436	28	demon	personal	attested		Dasam Granth text via BaniDB API (Khalis Foundation); Wikidata (CC0)	0.80
Nisumbh	slug:sikh:dgnisumbh	Nishumbha, asura		ਨਿਸੁੰਭ		Braj/Gurmukhi	Sikh		Dasam Granth		Dasam Granth p. 36	https://www.sikhitothemax.org/shabad?id=7436	41	demon	personal	attested		Dasam Granth text via BaniDB API (Khalis Foundation)	0.80
Parbati	Q170485	Parvati, goddess	girl	ਪਾਰਬਤੀ		Braj/Gurmukhi	Sikh		Dasam Granth		Dasam Granth p. 117	https://www.sikhitothemax.org/shabad?id=7735	24	deity	personal	attested	Punjabi form of Parvati	Dasam Granth text via BaniDB API (Khalis Foundation); Wikidata (CC0)	0.80
Udhav	slug:hindu:uddhava	Uddhava, friend of Krishna		ਊਧਵ		Braj/Gurmukhi	Sikh		Dasam Granth		Dasam Granth p. 386	https://www.sikhitothemax.org/shabad?id=8439	86	human	personal	attested	Punjabi form of Uddhava	Dasam Granth text via BaniDB API (Khalis Foundation)	0.80
Sudama	Q3418981	Sudama, friend of Krishna	boy	ਸੁਦਾਮਾ		Braj/Gurmukhi	Sikh		Dasam Granth		Dasam Granth p. 541	https://www.sikhitothemax.org/shabad?id=9128	4	human	personal	attested		Dasam Granth text via BaniDB API (Khalis Foundation); Wikidata (CC0)	0.80
Draupadi	Q1057886	Draupadi	girl	ਦ੍ਰੁਪਤੀ		Braj/Gurmukhi	Sikh		Dasam Granth		Dasam Granth p. 330	https://www.sikhitothemax.org/shabad?id=8296	13	human	personal	attested		Dasam Granth text via BaniDB API (Khalis Foundation); Wikidata (CC0)	0.80
Parshuram	Q825682	Parashurama, avatar	boy	ਪਰਸਰਾਮ		Braj/Gurmukhi	Sikh		Dasam Granth		Dasam Granth p. 173	https://www.sikhitothemax.org/shabad?id=7823	5	deity	personal	attested	Punjabi form of Parashurama	Dasam Granth text via BaniDB API (Khalis Foundation); Wikidata (CC0)	0.80
Prahlad	Q2361316	Prahlada, devotee of Vishnu	boy	ਪ੍ਰਹਲਾਦ		Braj/Gurmukhi	Sikh		Dasam Granth		Dasam Granth p. 166	https://www.sikhitothemax.org/shabad?id=7802	6	human	personal	attested	Punjabi form of Prahlada	Dasam Granth text via BaniDB API (Khalis Foundation); Wikidata (CC0)	0.80
Brahma	Q11389	Brahma, creator god		ਬ੍ਰਹਮਾ		Braj/Gurmukhi	Sikh		Dasam Granth		Dasam Granth p. 11	https://www.sikhitothemax.org/shabad?id=7424	107	deity	divine	attested		Dasam Granth text via BaniDB API (Khalis Foundation); Wikidata (CC0)	0.80
Parth	Q185790	Arjuna, Pandava hero	boy	ਪਾਰਥ		Braj/Gurmukhi	Sikh		Dasam Granth		Dasam Granth p. 77	https://www.sikhitothemax.org/shabad?id=7582	67	human	epithet	attested	epithet of Arjuna (son of Pritha)	Dasam Granth text via BaniDB API (Khalis Foundation); Wikidata (CC0)	0.80
Khivi	Q6785881	Mata Khivi, wife of Guru Angad	girl	ਖੀਵੀ	Khīvī	Gurmukhi/Punjabi	Sikh		Guru Granth Sahib		Ang 967	https://www.sikhitothemax.org/ang?ang=967&source=G	2	human	personal	attested		Guru Granth Sahib text via BaniDB API (Khalis Foundation); Wikidata (CC0)	0.90
Kongzi	Q4604	Confucius	boy	孔子	Kǒngzǐ	Chinese	Confucian		Analects	爲政第二	Analects 2.19 (爲政)	https://zh.wikisource.org/wiki/%E8%AB%96%E8%AA%9E/%E7%88%B2%E6%94%BF%E7%AC%AC%E4%BA%8C	68	sage	personal	attested		Analects, classical text (public domain), zh.wikisource; Wikidata (CC0)	0.90
Zhongni	Q4604	Confucius	boy	仲尼	Zhòngní	Chinese	Confucian		Analects	子張第十九	Analects 19.2 (子張)	https://zh.wikisource.org/wiki/%E8%AB%96%E8%AA%9E/%E5%AD%90%E5%BC%B5%E7%AC%AC%E5%8D%81%E4%B9%9D	6	sage	epithet	attested	courtesy name of Confucius	Analects, classical text (public domain), zh.wikisource; Wikidata (CC0)	0.90
Yan Hui	slug:confucian:cn-yanhui	Yan Hui, disciple of Confucius		顏回	Yán Huí	Chinese	Confucian		Analects	雍也第六	Analects 6.2 (雍也)	https://zh.wikisource.org/wiki/%E8%AB%96%E8%AA%9E/%E9%9B%8D%E4%B9%9F%E7%AC%AC%E5%85%AD	2	disciple	personal	attested		Analects, classical text (public domain), zh.wikisource	0.90
Yan Yuan	slug:confucian:cn-yanhui-yanyuan	Yan Hui, disciple of Confucius		顏淵	Yán Yuān	Chinese	Confucian		Analects	公冶長第五	Analects 5.6 (公冶長)	https://zh.wikisource.org/wiki/%E8%AB%96%E8%AA%9E/%E5%85%AC%E5%86%B6%E9%95%B7%E7%AC%AC%E4%BA%94	15	disciple	epithet	attested	courtesy name of Yan Hui	Analects, classical text (public domain), zh.wikisource	0.90
Zilu	Q836861	Zilu (Zhong You), disciple of Confucius	boy	子路	Zǐlù	Chinese	Confucian		Analects	公冶長第五	Analects 5.7 (公冶長)	https://zh.wikisource.org/wiki/%E8%AB%96%E8%AA%9E/%E5%85%AC%E5%86%B6%E9%95%B7%E7%AC%AC%E4%BA%94	47	disciple	personal	attested		Analects, classical text (public domain), zh.wikisource; Wikidata (CC0)	0.90
Zhong You	Q836861	Zilu (Zhong You), disciple of Confucius	boy	仲由	Zhòng Yóu	Chinese	Confucian		Analects	雍也第六	Analects 6.6 (雍也)	https://zh.wikisource.org/wiki/%E8%AB%96%E8%AA%9E/%E9%9B%8D%E4%B9%9F%E7%AC%AC%E5%85%AD	3	disciple	epithet	attested	personal name of Zilu	Analects, classical text (public domain), zh.wikisource; Wikidata (CC0)	0.90
Zigong	Q1039504	Zigong (Duanmu Ci), disciple of Confucius	boy	子貢	Zǐgòng	Chinese	Confucian		Analects	學而第一	Analects 1.10 (學而)	https://zh.wikisource.org/wiki/%E8%AB%96%E8%AA%9E/%E5%AD%B8%E8%80%8C%E7%AC%AC%E4%B8%80	44	disciple	personal	attested		Analects, classical text (public domain), zh.wikisource; Wikidata (CC0)	0.90
Zengzi	Q1207671	Zengzi (Zeng Shen), disciple of Confucius	boy	曾子	Zēngzǐ	Chinese	Confucian		Analects	學而第一	Analects 1.4 (學而)	https://zh.wikisource.org/wiki/%E8%AB%96%E8%AA%9E/%E5%AD%B8%E8%80%8C%E7%AC%AC%E4%B8%80	17	disciple	personal	attested		Analects, classical text (public domain), zh.wikisource; Wikidata (CC0)	0.90
Zixia	Q10944085	Zixia (Bu Shang), disciple of Confucius	boy	子夏	Zǐxià	Chinese	Confucian		Analects	學而第一	Analects 1.7 (學而)	https://zh.wikisource.org/wiki/%E8%AB%96%E8%AA%9E/%E5%AD%B8%E8%80%8C%E7%AC%AC%E4%B8%80	23	disciple	personal	attested		Analects, classical text (public domain), zh.wikisource; Wikidata (CC0)	0.90
Ziyou	slug:confucian:cn-ziyou	Ziyou (Yan Yan), disciple of Confucius		子游	Zǐyóu	Chinese	Confucian		Analects	爲政第二	Analects 2.7 (爲政)	https://zh.wikisource.org/wiki/%E8%AB%96%E8%AA%9E/%E7%88%B2%E6%94%BF%E7%AC%AC%E4%BA%8C	8	disciple	personal	attested		Analects, classical text (public domain), zh.wikisource	0.90
Zizhang	Q11447909	Zizhang (Zhuansun Shi), disciple of Confucius	boy	子張	Zǐzhāng	Chinese	Confucian		Analects	爲政第二	Analects 2.18 (爲政)	https://zh.wikisource.org/wiki/%E8%AB%96%E8%AA%9E/%E7%88%B2%E6%94%BF%E7%AC%AC%E4%BA%8C	23	disciple	personal	attested		Analects, classical text (public domain), zh.wikisource; Wikidata (CC0)	0.90
Ran You	Q840352	Ran You (Ran Qiu), disciple of Confucius	boy	冉有	Rǎn Yǒu	Chinese	Confucian		Analects	八佾第三	Analects 3.6 (八佾)	https://zh.wikisource.org/wiki/%E8%AB%96%E8%AA%9E/%E5%85%AB%E4%BD%BE%E7%AC%AC%E4%B8%89	14	disciple	personal	attested		Analects, classical text (public domain), zh.wikisource; Wikidata (CC0)	0.90
Ran Qiu	Q840352	Ran You (Ran Qiu), disciple of Confucius	boy	冉求	Rǎn Qiú	Chinese	Confucian		Analects	雍也第六	Analects 6.10 (雍也)	https://zh.wikisource.org/wiki/%E8%AB%96%E8%AA%9E/%E9%9B%8D%E4%B9%9F%E7%AC%AC%E5%85%AD	3	disciple	epithet	attested	personal name of Ran You	Analects, classical text (public domain), zh.wikisource; Wikidata (CC0)	0.90
Zhonggong	Q8193981	Zhonggong (Ran Yong), disciple of Confucius	boy	仲弓	Zhònggōng	Chinese	Confucian		Analects	雍也第六	Analects 6.1 (雍也)	https://zh.wikisource.org/wiki/%E8%AB%96%E8%AA%9E/%E9%9B%8D%E4%B9%9F%E7%AC%AC%E5%85%AD	7	disciple	personal	attested		Analects, classical text (public domain), zh.wikisource; Wikidata (CC0)	0.90
Zai Wo	Q837573	Zai Wo, disciple of Confucius	boy	宰我	Zǎi Wǒ	Chinese	Confucian		Analects	八佾第三	Analects 3.1 (八佾)	https://zh.wikisource.org/wiki/%E8%AB%96%E8%AA%9E/%E5%85%AB%E4%BD%BE%E7%AC%AC%E4%B8%89	7	disciple	personal	attested		Analects, classical text (public domain), zh.wikisource; Wikidata (CC0)	0.90
Youzi	Q4533461	Youzi (You Ruo), disciple of Confucius	boy	有子	Yǒuzǐ	Chinese	Confucian		Analects	學而第一	Analects 1.2 (學而)	https://zh.wikisource.org/wiki/%E8%AB%96%E8%AA%9E/%E5%AD%B8%E8%80%8C%E7%AC%AC%E4%B8%80	3	disciple	personal	attested		Analects, classical text (public domain), zh.wikisource; Wikidata (CC0)	0.90
Min Ziqian	Q698867	Min Ziqian (Min Sun), disciple of Confucius	boy	閔子騫	Mǐn Zǐqiān	Chinese	Confucian		Analects	雍也第六	Analects 6.7 (雍也)	https://zh.wikisource.org/wiki/%E8%AB%96%E8%AA%9E/%E9%9B%8D%E4%B9%9F%E7%AC%AC%E5%85%AD	6	disciple	personal	attested		Analects, classical text (public domain), zh.wikisource; Wikidata (CC0)	0.90
Fan Chi	slug:confucian:cn-fanchi	Fan Chi, disciple of Confucius		樊遲	Fán Chí	Chinese	Confucian		Analects	爲政第二	Analects 2.5 (爲政)	https://zh.wikisource.org/wiki/%E8%AB%96%E8%AA%9E/%E7%88%B2%E6%94%BF%E7%AC%AC%E4%BA%8C	10	disciple	personal	attested		Analects, classical text (public domain), zh.wikisource	0.90
Gongxi Hua	Q10893003	Gongxi Chi (Zihua), disciple of Confucius	boy	公西華	Gōngxī Huá	Chinese	Confucian		Analects	述而第七	Analects 7.3 (述而)	https://zh.wikisource.org/wiki/%E8%AB%96%E8%AA%9E/%E8%BF%B0%E8%80%8C%E7%AC%AC%E4%B8%83	3	disciple	personal	attested		Analects, classical text (public domain), zh.wikisource; Wikidata (CC0)	0.90
Sima Niu	Q10916692	Sima Niu, disciple of Confucius	boy	司馬牛	Sīmǎ Niú	Chinese	Confucian		Analects	顏淵第十二	Analects 12.3 (顏淵)	https://zh.wikisource.org/wiki/%E8%AB%96%E8%AA%9E/%E9%A1%8F%E6%B7%B5%E7%AC%AC%E5%8D%81%E4%BA%8C	3	disciple	personal	attested		Analects, classical text (public domain), zh.wikisource; Wikidata (CC0)	0.90
Zeng Xi	Q11091584	Zeng Dian (Zeng Xi), father of Zengzi	boy	曾皙	Zēng Xī	Chinese	Confucian		Analects	先進第十一	Analects 11.5 (先進)	https://zh.wikisource.org/wiki/%E8%AB%96%E8%AA%9E/%E5%85%88%E9%80%B2%E7%AC%AC%E5%8D%81%E4%B8%80	3	disciple	personal	attested		Analects, classical text (public domain), zh.wikisource; Wikidata (CC0)	0.90
Ran Boniu	Q857146	Ran Geng (Boniu), disciple of Confucius	boy	伯牛	Rǎn Bóniú	Chinese	Confucian		Analects	雍也第六	Analects 6.8 (雍也)	https://zh.wikisource.org/wiki/%E8%AB%96%E8%AA%9E/%E9%9B%8D%E4%B9%9F%E7%AC%AC%E5%85%AD	2	disciple	personal	attested		Analects, classical text (public domain), zh.wikisource; Wikidata (CC0)	0.90
Gongye Chang	Q10892620	Gongye Chang, disciple and son-in-law of Confucius	boy	公冶長	Gōngyě Cháng	Chinese	Confucian		Analects	公冶長第五	Analects 5.1 (公冶長)	https://zh.wikisource.org/wiki/%E8%AB%96%E8%AA%9E/%E5%85%AC%E5%86%B6%E9%95%B7%E7%AC%AC%E4%BA%94	1	disciple	personal	attested		Analects, classical text (public domain), zh.wikisource; Wikidata (CC0)	0.90
Nan Rong	Q5363408	Nangong Kuo (Nan Rong), disciple of Confucius	boy	南容	Nán Róng	Chinese	Confucian		Analects	公冶長第五	Analects 5.2 (公冶長)	https://zh.wikisource.org/wiki/%E8%AB%96%E8%AA%9E/%E5%85%AC%E5%86%B6%E9%95%B7%E7%AC%AC%E4%BA%94	2	disciple	personal	attested		Analects, classical text (public domain), zh.wikisource; Wikidata (CC0)	0.90
Yao	Q819556	Emperor Yao, legendary sage-king	boy	堯	Yáo	Chinese	Confucian		Analects	雍也第六	Analects 6.8 (雍也)	https://zh.wikisource.org/wiki/%E8%AB%96%E8%AA%9E/%E9%9B%8D%E4%B9%9F%E7%AC%AC%E5%85%AD	5	royal	personal	attested		Analects, classical text (public domain), zh.wikisource; Wikidata (CC0)	0.90
Shun	Q313342	Emperor Shun, legendary sage-king	boy	舜	Shùn	Chinese	Confucian		Analects	雍也第六	Analects 6.8 (雍也)	https://zh.wikisource.org/wiki/%E8%AB%96%E8%AA%9E/%E9%9B%8D%E4%B9%9F%E7%AC%AC%E5%85%AD	8	royal	personal	attested		Analects, classical text (public domain), zh.wikisource; Wikidata (CC0)	0.90
Yu	Q627784	Yu the Great, tamer of the flood	boy	禹	Yǔ	Chinese	Confucian		Analects	泰伯第八	Analects 8.18 (泰伯)	https://zh.wikisource.org/wiki/%E8%AB%96%E8%AA%9E/%E6%B3%B0%E4%BC%AF%E7%AC%AC%E5%85%AB	5	royal	personal	attested		Analects, classical text (public domain), zh.wikisource; Wikidata (CC0)	0.90
Wen	Q698909	King Wen of Zhou	boy	文王	Wén Wáng	Chinese	Confucian		Analects	子罕第九	Analects 9.5 (子罕)	https://zh.wikisource.org/wiki/%E8%AB%96%E8%AA%9E/%E5%AD%90%E7%BD%95%E7%AC%AC%E4%B9%9D	1	royal	personal	attested		Analects, classical text (public domain), zh.wikisource; Wikidata (CC0)	0.90
Wu	Q1061289	King Wu of Zhou	boy	武王	Wǔ Wáng	Chinese	Confucian		Analects	泰伯第八	Analects 8.20 (泰伯)	https://zh.wikisource.org/wiki/%E8%AB%96%E8%AA%9E/%E6%B3%B0%E4%BC%AF%E7%AC%AC%E5%85%AB	1	royal	personal	attested		Analects, classical text (public domain), zh.wikisource; Wikidata (CC0)	0.90
Zhougong	Q468747	Duke of Zhou	boy	周公	Zhōugōng	Chinese	Confucian		Analects	述而第七	Analects 7.5 (述而)	https://zh.wikisource.org/wiki/%E8%AB%96%E8%AA%9E/%E8%BF%B0%E8%80%8C%E7%AC%AC%E4%B8%83	4	royal	personal	attested		Analects, classical text (public domain), zh.wikisource; Wikidata (CC0)	0.90
Boyi	slug:confucian:cn-boyi	Boyi, recluse brother of Shuqi		伯夷	Bóyí	Chinese	Confucian		Analects	公冶長第五	Analects 5.3 (公冶長)	https://zh.wikisource.org/wiki/%E8%AB%96%E8%AA%9E/%E5%85%AC%E5%86%B6%E9%95%B7%E7%AC%AC%E4%BA%94	5	sage	personal	attested		Analects, classical text (public domain), zh.wikisource	0.90
Shuqi	slug:confucian:cn-shuqi	Shuqi, recluse brother of Boyi		叔齊	Shūqí	Chinese	Confucian		Analects	公冶長第五	Analects 5.3 (公冶長)	https://zh.wikisource.org/wiki/%E8%AB%96%E8%AA%9E/%E5%85%AC%E5%86%B6%E9%95%B7%E7%AC%AC%E4%BA%94	5	sage	personal	attested		Analects, classical text (public domain), zh.wikisource	0.90
Guan Zhong	Q457972	Guan Zhong, chancellor of Qi	boy	管仲	Guǎn Zhòng	Chinese	Confucian		Analects	八佾第三	Analects 3.2 (八佾)	https://zh.wikisource.org/wiki/%E8%AB%96%E8%AA%9E/%E5%85%AB%E4%BD%BE%E7%AC%AC%E4%B8%89	9	human	personal	attested		Analects, classical text (public domain), zh.wikisource; Wikidata (CC0)	0.90
Weizi	Q855012	Weizi, half-brother of King Zhou of Shang	boy	微子	Wēizǐ	Chinese	Confucian		Analects	微子第十八	Analects 18.1 (微子)	https://zh.wikisource.org/wiki/%E8%AB%96%E8%AA%9E/%E5%BE%AE%E5%AD%90%E7%AC%AC%E5%8D%81%E5%85%AB	1	royal	personal	attested		Analects, classical text (public domain), zh.wikisource; Wikidata (CC0)	0.90
Jizi	Q496787	Jizi, Shang noble	boy	箕子	Jīzǐ	Chinese	Confucian		Analects	微子第十八	Analects 18.1 (微子)	https://zh.wikisource.org/wiki/%E8%AB%96%E8%AA%9E/%E5%BE%AE%E5%AD%90%E7%AC%AC%E5%8D%81%E5%85%AB	1	royal	personal	attested		Analects, classical text (public domain), zh.wikisource; Wikidata (CC0)	0.90
Bigan	slug:confucian:cn-bigan	Bigan, Shang prince		比干	Bǐgān	Chinese	Confucian		Analects	微子第十八	Analects 18.1 (微子)	https://zh.wikisource.org/wiki/%E8%AB%96%E8%AA%9E/%E5%BE%AE%E5%AD%90%E7%AC%AC%E5%8D%81%E5%85%AB	1	royal	personal	attested		Analects, classical text (public domain), zh.wikisource	0.90
Liuxia Hui	slug:confucian:cn-liuxiahui	Liuxia Hui, worthy of Lu		柳下惠	Liǔxià Huì	Chinese	Confucian		Analects	衞靈公第十五	Analects 15.13 (衞靈公)	https://zh.wikisource.org/wiki/%E8%AB%96%E8%AA%9E/%E8%A1%9E%E9%9D%88%E5%85%AC%E7%AC%AC%E5%8D%81%E4%BA%94	4	sage	personal	attested		Analects, classical text (public domain), zh.wikisource	0.90
Gaoyao	Q3659487	Gaoyao, minister of justice under Shun	boy	皋陶	Gāoyáo	Chinese	Confucian		Analects	顏淵第十二	Analects 12.2 (顏淵)	https://zh.wikisource.org/wiki/%E8%AB%96%E8%AA%9E/%E9%A1%8F%E6%B7%B5%E7%AC%AC%E5%8D%81%E4%BA%8C	1	human	personal	attested		Analects, classical text (public domain), zh.wikisource; Wikidata (CC0)	0.90
Yi Yin	Q981363	Yi Yin, minister of Tang	boy	伊尹	Yī Yǐn	Chinese	Confucian		Analects	顏淵第十二	Analects 12.2 (顏淵)	https://zh.wikisource.org/wiki/%E8%AB%96%E8%AA%9E/%E9%A1%8F%E6%B7%B5%E7%AC%AC%E5%8D%81%E4%BA%8C	1	human	personal	attested		Analects, classical text (public domain), zh.wikisource; Wikidata (CC0)	0.90
Taibo	Q1010535	Taibo, founder of Wu	boy	泰伯	Tàibó	Chinese	Confucian		Analects	泰伯第八	Analects 8.1 (泰伯)	https://zh.wikisource.org/wiki/%E8%AB%96%E8%AA%9E/%E6%B3%B0%E4%BC%AF%E7%AC%AC%E5%85%AB	1	royal	personal	attested		Analects, classical text (public domain), zh.wikisource; Wikidata (CC0)	0.90
Nanzi	Q8249109	Nanzi, wife of Duke Ling of Wey	girl	南子	Nánzǐ	Chinese	Confucian		Analects	雍也第六	Analects 6.6 (雍也)	https://zh.wikisource.org/wiki/%E8%AB%96%E8%AA%9E/%E9%9B%8D%E4%B9%9F%E7%AC%AC%E5%85%AD	1	royal	personal	attested		Analects, classical text (public domain), zh.wikisource; Wikidata (CC0)	0.90
Jieyu	slug:confucian:cn-jieyu	Jieyu, the madman of Chu		接輿	Jiēyú	Chinese	Confucian		Analects	微子第十八	Analects 18.5 (微子)	https://zh.wikisource.org/wiki/%E8%AB%96%E8%AA%9E/%E5%BE%AE%E5%AD%90%E7%AC%AC%E5%8D%81%E5%85%AB	1	sage	personal	attested		Analects, classical text (public domain), zh.wikisource	0.90
Zichan	Q1184340	Zichan, chancellor of Zheng	boy	子產	Zǐchǎn	Chinese	Confucian		Analects	公冶長第五	Analects 5.16 (公冶長)	https://zh.wikisource.org/wiki/%E8%AB%96%E8%AA%9E/%E5%85%AC%E5%86%B6%E9%95%B7%E7%AC%AC%E4%BA%94	3	human	personal	attested		Analects, classical text (public domain), zh.wikisource; Wikidata (CC0)	0.90
Mengzi	Q188903	Mencius	boy	孟子	Mèngzǐ	Chinese	Confucian		Mencius	梁惠王上	Mencius, 梁惠王上 1	https://zh.wikisource.org/wiki/%E5%AD%9F%E5%AD%90/%E6%A2%81%E6%83%A0%E7%8E%8B%E4%B8%8A	296	sage	personal	attested		Mencius, classical text (public domain), zh.wikisource; Wikidata (CC0)	0.90
Kongzi	Q4604	Confucius	boy	孔子	Kǒngzǐ	Chinese	Confucian		Mencius	公孫丑上	Mencius, 公孫丑上 1	https://zh.wikisource.org/wiki/%E5%AD%9F%E5%AD%90/%E5%85%AC%E5%AD%AB%E4%B8%91%E4%B8%8A	81	sage	personal	attested		Mencius, classical text (public domain), zh.wikisource; Wikidata (CC0)	0.90
Zhongni	Q4604	Confucius	boy	仲尼	Zhòngní	Chinese	Confucian		Mencius	梁惠王上	Mencius, 梁惠王上 4	https://zh.wikisource.org/wiki/%E5%AD%9F%E5%AD%90/%E6%A2%81%E6%83%A0%E7%8E%8B%E4%B8%8A	6	sage	epithet	attested	courtesy name of Confucius	Mencius, classical text (public domain), zh.wikisource; Wikidata (CC0)	0.90
Gaozi	Q898091	Gaozi, philosopher who debated Mencius	boy	告子	Gàozǐ	Chinese	Confucian		Mencius	公孫丑上	Mencius, 公孫丑上 2	https://zh.wikisource.org/wiki/%E5%AD%9F%E5%AD%90/%E5%85%AC%E5%AD%AB%E4%B8%91%E4%B8%8A	11	sage	personal	attested		Mencius, classical text (public domain), zh.wikisource; Wikidata (CC0)	0.90
Gongsun Chou	slug:confucian:cn-gongsunchou	Gongsun Chou, disciple of Mencius		公孫丑	Gōngsūn Chǒu	Chinese	Confucian		Mencius	公孫丑上	Mencius, 公孫丑上 1	https://zh.wikisource.org/wiki/%E5%AD%9F%E5%AD%90/%E5%85%AC%E5%AD%AB%E4%B8%91%E4%B8%8A	17	disciple	personal	attested		Mencius, classical text (public domain), zh.wikisource	0.90
Wan Zhang	slug:confucian:cn-wanzhang	Wan Zhang, disciple of Mencius		萬章	Wàn Zhāng	Chinese	Confucian		Mencius	滕文公下	Mencius, 滕文公下 5	https://zh.wikisource.org/wiki/%E5%AD%9F%E5%AD%90/%E6%BB%95%E6%96%87%E5%85%AC%E4%B8%8B	24	disciple	personal	attested		Mencius, classical text (public domain), zh.wikisource	0.90
Yang Zhu	slug:confucian:cn-yangzhu	Yang Zhu, philosopher		楊朱	Yáng Zhū	Chinese	Confucian		Mencius	滕文公下	Mencius, 滕文公下 9	https://zh.wikisource.org/wiki/%E5%AD%9F%E5%AD%90/%E6%BB%95%E6%96%87%E5%85%AC%E4%B8%8B	2	sage	personal	attested		Mencius, classical text (public domain), zh.wikisource	0.90
Mozi	Q272411	Mozi (Mo Di), philosopher	boy	墨子	Mòzǐ	Chinese	Confucian		Mencius	盡心上	Mencius, 盡心上 26	https://zh.wikisource.org/wiki/%E5%AD%9F%E5%AD%90/%E7%9B%A1%E5%BF%83%E4%B8%8A	1	sage	personal	attested		Mencius, classical text (public domain), zh.wikisource; Wikidata (CC0)	0.90
Mo Di	Q272411	Mozi (Mo Di), philosopher	boy	墨翟	Mò Dí	Chinese	Confucian		Mencius	滕文公下	Mencius, 滕文公下 9	https://zh.wikisource.org/wiki/%E5%AD%9F%E5%AD%90/%E6%BB%95%E6%96%87%E5%85%AC%E4%B8%8B	1	sage	epithet	attested	personal name of Mozi	Mencius, classical text (public domain), zh.wikisource; Wikidata (CC0)	0.90
Xu Xing	slug:confucian:cn-xuxing	Xu Xing, agriculturalist		許行	Xǔ Xíng	Chinese	Confucian		Mencius	滕文公上	Mencius, 滕文公上 4	https://zh.wikisource.org/wiki/%E5%AD%9F%E5%AD%90/%E6%BB%95%E6%96%87%E5%85%AC%E4%B8%8A	3	sage	personal	attested		Mencius, classical text (public domain), zh.wikisource	0.90
Gusou	slug:confucian:cn-gusou	Gusou, father of Shun		瞽瞍	Gǔsǒu	Chinese	Confucian		Mencius	離婁上	Mencius, 離婁上 28	https://zh.wikisource.org/wiki/%E5%AD%9F%E5%AD%90/%E9%9B%A2%E5%A9%81%E4%B8%8A	11	human	personal	attested		Mencius, classical text (public domain), zh.wikisource	0.90
Fu Yue	slug:confucian:cn-fuyue	Fu Yue, minister of Wuding		傅說	Fù Yuè	Chinese	Confucian		Mencius	告子下	Mencius, 告子下 15	https://zh.wikisource.org/wiki/%E5%AD%9F%E5%AD%90/%E5%91%8A%E5%AD%90%E4%B8%8B	1	human	personal	attested		Mencius, classical text (public domain), zh.wikisource	0.90
Baili Xi	Q851900	Baili Xi, minister of Qin	boy	百里奚	Bǎilǐ Xī	Chinese	Confucian		Mencius	萬章上	Mencius, 萬章上 9	https://zh.wikisource.org/wiki/%E5%AD%9F%E5%AD%90/%E8%90%AC%E7%AB%A0%E4%B8%8A	5	human	personal	attested		Mencius, classical text (public domain), zh.wikisource; Wikidata (CC0)	0.90
Boyi	slug:confucian:cn-boyi	Boyi, recluse brother of Shuqi		伯夷	Bóyí	Chinese	Confucian		Mencius	公孫丑上	Mencius, 公孫丑上 2	https://zh.wikisource.org/wiki/%E5%AD%9F%E5%AD%90/%E5%85%AC%E5%AD%AB%E4%B8%91%E4%B8%8A	15	sage	personal	attested		Mencius, classical text (public domain), zh.wikisource	0.90
Yi Yin	Q981363	Yi Yin, minister of Tang	boy	伊尹	Yī Yǐn	Chinese	Confucian		Mencius	公孫丑上	Mencius, 公孫丑上 2	https://zh.wikisource.org/wiki/%E5%AD%9F%E5%AD%90/%E5%85%AC%E5%AD%AB%E4%B8%91%E4%B8%8A	19	human	personal	attested		Mencius, classical text (public domain), zh.wikisource; Wikidata (CC0)	0.90
Liuxia Hui	slug:confucian:cn-liuxiahui	Liuxia Hui, worthy of Lu		柳下惠	Liǔxià Huì	Chinese	Confucian		Mencius	公孫丑上	Mencius, 公孫丑上 9	https://zh.wikisource.org/wiki/%E5%AD%9F%E5%AD%90/%E5%85%AC%E5%AD%AB%E4%B8%91%E4%B8%8A	9	sage	personal	attested		Mencius, classical text (public domain), zh.wikisource	0.90
Houji	Q1207613	Houji, ancestor of the Zhou, god of millet	boy	后稷	Hòujì	Chinese	Confucian		Mencius	滕文公上	Mencius, 滕文公上 4	https://zh.wikisource.org/wiki/%E5%AD%9F%E5%AD%90/%E6%BB%95%E6%96%87%E5%85%AC%E4%B8%8A	1	deity	personal	attested		Mencius, classical text (public domain), zh.wikisource; Wikidata (CC0)	0.90
Gaoyao	Q3659487	Gaoyao, minister of justice under Shun	boy	皋陶	Gāoyáo	Chinese	Confucian		Mencius	滕文公上	Mencius, 滕文公上 4	https://zh.wikisource.org/wiki/%E5%AD%9F%E5%AD%90/%E6%BB%95%E6%96%87%E5%85%AC%E4%B8%8A	3	human	personal	attested		Mencius, classical text (public domain), zh.wikisource; Wikidata (CC0)	0.90
Zengzi	Q1207671	Zengzi (Zeng Shen), disciple of Confucius	boy	曾子	Zēngzǐ	Chinese	Confucian		Mencius	梁惠王下	Mencius, 梁惠王下 12	https://zh.wikisource.org/wiki/%E5%AD%9F%E5%AD%90/%E6%A2%81%E6%83%A0%E7%8E%8B%E4%B8%8B	22	disciple	personal	attested		Mencius, classical text (public domain), zh.wikisource; Wikidata (CC0)	0.90
Zigong	Q1039504	Zigong (Duanmu Ci), disciple of Confucius	boy	子貢	Zǐgòng	Chinese	Confucian		Mencius	公孫丑上	Mencius, 公孫丑上 2	https://zh.wikisource.org/wiki/%E5%AD%9F%E5%AD%90/%E5%85%AC%E5%AD%AB%E4%B8%91%E4%B8%8A	7	disciple	personal	attested		Mencius, classical text (public domain), zh.wikisource; Wikidata (CC0)	0.90
Zilu	Q836861	Zilu (Zhong You), disciple of Confucius	boy	子路	Zǐlù	Chinese	Confucian		Mencius	公孫丑上	Mencius, 公孫丑上 1	https://zh.wikisource.org/wiki/%E5%AD%9F%E5%AD%90/%E5%85%AC%E5%AD%AB%E4%B8%91%E4%B8%8A	6	disciple	personal	attested		Mencius, classical text (public domain), zh.wikisource; Wikidata (CC0)	0.90
Yan Yuan	slug:confucian:cn-yanhui-yanyuan	Yan Hui, disciple of Confucius		顏淵	Yán Yuān	Chinese	Confucian		Mencius	公孫丑上	Mencius, 公孫丑上 2	https://zh.wikisource.org/wiki/%E5%AD%9F%E5%AD%90/%E5%85%AC%E5%AD%AB%E4%B8%91%E4%B8%8A	3	disciple	epithet	attested	courtesy name of Yan Hui	Mencius, classical text (public domain), zh.wikisource	0.90
Yao	Q819556	Emperor Yao, legendary sage-king	boy	堯	Yáo	Chinese	Confucian		Mencius	公孫丑上	Mencius, 公孫丑上 2	https://zh.wikisource.org/wiki/%E5%AD%9F%E5%AD%90/%E5%85%AC%E5%AD%AB%E4%B8%91%E4%B8%8A	60	royal	personal	attested		Mencius, classical text (public domain), zh.wikisource; Wikidata (CC0)	0.90
Shun	Q313342	Emperor Shun, legendary sage-king	boy	舜	Shùn	Chinese	Confucian		Mencius	公孫丑上	Mencius, 公孫丑上 2	https://zh.wikisource.org/wiki/%E5%AD%9F%E5%AD%90/%E5%85%AC%E5%AD%AB%E4%B8%91%E4%B8%8A	100	royal	personal	attested		Mencius, classical text (public domain), zh.wikisource; Wikidata (CC0)	0.90
Yu	Q627784	Yu the Great, tamer of the flood	boy	禹	Yǔ	Chinese	Confucian		Mencius	公孫丑上	Mencius, 公孫丑上 8	https://zh.wikisource.org/wiki/%E5%AD%9F%E5%AD%90/%E5%85%AC%E5%AD%AB%E4%B8%91%E4%B8%8A	30	royal	personal	attested		Mencius, classical text (public domain), zh.wikisource; Wikidata (CC0)	0.90
Wen	Q698909	King Wen of Zhou	boy	文王	Wén Wáng	Chinese	Confucian		Mencius	梁惠王上	Mencius, 梁惠王上 2	https://zh.wikisource.org/wiki/%E5%AD%9F%E5%AD%90/%E6%A2%81%E6%83%A0%E7%8E%8B%E4%B8%8A	35	royal	personal	attested		Mencius, classical text (public domain), zh.wikisource; Wikidata (CC0)	0.90
Wu	Q1061289	King Wu of Zhou	boy	武王	Wǔ Wáng	Chinese	Confucian		Mencius	梁惠王下	Mencius, 梁惠王下 3	https://zh.wikisource.org/wiki/%E5%AD%9F%E5%AD%90/%E6%A2%81%E6%83%A0%E7%8E%8B%E4%B8%8B	10	royal	personal	attested		Mencius, classical text (public domain), zh.wikisource; Wikidata (CC0)	0.90
Zhougong	Q468747	Duke of Zhou	boy	周公	Zhōugōng	Chinese	Confucian		Mencius	公孫丑上	Mencius, 公孫丑上 1	https://zh.wikisource.org/wiki/%E5%AD%9F%E5%AD%90/%E5%85%AC%E5%AD%AB%E4%B8%91%E4%B8%8A	18	royal	personal	attested		Mencius, classical text (public domain), zh.wikisource; Wikidata (CC0)	0.90
Zengzi	Q1207671	Zengzi (Zeng Shen), disciple of Confucius	boy	曾子	Zēngzǐ	Chinese	Confucian		Great Learning	大學	Great Learning, 大學	https://zh.wikisource.org/wiki/%E7%A6%AE%E8%A8%98/%E5%A4%A7%E5%AD%B8	1	disciple	personal	attested		Great Learning, classical text (public domain), zh.wikisource; Wikidata (CC0)	0.90
Wen	Q698909	King Wen of Zhou	boy	文王	Wén Wáng	Chinese	Confucian		Great Learning	大學	Great Learning, 大學	https://zh.wikisource.org/wiki/%E7%A6%AE%E8%A8%98/%E5%A4%A7%E5%AD%B8	1	royal	personal	attested		Great Learning, classical text (public domain), zh.wikisource; Wikidata (CC0)	0.90
Yao	Q819556	Emperor Yao, legendary sage-king	boy	堯	Yáo	Chinese	Confucian		Great Learning	大學	Great Learning, 大學	https://zh.wikisource.org/wiki/%E7%A6%AE%E8%A8%98/%E5%A4%A7%E5%AD%B8	1	royal	personal	attested		Great Learning, classical text (public domain), zh.wikisource; Wikidata (CC0)	0.90
Shun	Q313342	Emperor Shun, legendary sage-king	boy	舜	Shùn	Chinese	Confucian		Great Learning	大學	Great Learning, 大學	https://zh.wikisource.org/wiki/%E7%A6%AE%E8%A8%98/%E5%A4%A7%E5%AD%B8	1	royal	personal	attested		Great Learning, classical text (public domain), zh.wikisource; Wikidata (CC0)	0.90
Zhongni	Q4604	Confucius	boy	仲尼	Zhòngní	Chinese	Confucian		Doctrine of the Mean	中庸	Doctrine of the Mean, 中庸	https://zh.wikisource.org/wiki/%E7%A6%AE%E8%A8%98/%E4%B8%AD%E5%BA%B8	2	sage	epithet	attested	courtesy name of Confucius	Doctrine of the Mean, classical text (public domain), zh.wikisource; Wikidata (CC0)	0.90
Zilu	Q836861	Zilu (Zhong You), disciple of Confucius	boy	子路	Zǐlù	Chinese	Confucian		Doctrine of the Mean	中庸	Doctrine of the Mean, 中庸	https://zh.wikisource.org/wiki/%E7%A6%AE%E8%A8%98/%E4%B8%AD%E5%BA%B8	1	disciple	personal	attested		Doctrine of the Mean, classical text (public domain), zh.wikisource; Wikidata (CC0)	0.90
Wangji	slug:confucian:cn-wangji	Ji Li (Wang Ji), father of King Wen		王季	Wáng Jì	Chinese	Confucian		Doctrine of the Mean	中庸	Doctrine of the Mean, 中庸	https://zh.wikisource.org/wiki/%E7%A6%AE%E8%A8%98/%E4%B8%AD%E5%BA%B8	3	royal	personal	attested		Doctrine of the Mean, classical text (public domain), zh.wikisource	0.90
Yao	Q819556	Emperor Yao, legendary sage-king	boy	堯	Yáo	Chinese	Confucian		Doctrine of the Mean	中庸	Doctrine of the Mean, 中庸	https://zh.wikisource.org/wiki/%E7%A6%AE%E8%A8%98/%E4%B8%AD%E5%BA%B8	1	royal	personal	attested		Doctrine of the Mean, classical text (public domain), zh.wikisource; Wikidata (CC0)	0.90
Shun	Q313342	Emperor Shun, legendary sage-king	boy	舜	Shùn	Chinese	Confucian		Doctrine of the Mean	中庸	Doctrine of the Mean, 中庸	https://zh.wikisource.org/wiki/%E7%A6%AE%E8%A8%98/%E4%B8%AD%E5%BA%B8	5	royal	personal	attested		Doctrine of the Mean, classical text (public domain), zh.wikisource; Wikidata (CC0)	0.90
Wen	Q698909	King Wen of Zhou	boy	文王	Wén Wáng	Chinese	Confucian		Doctrine of the Mean	中庸	Doctrine of the Mean, 中庸	https://zh.wikisource.org/wiki/%E7%A6%AE%E8%A8%98/%E4%B8%AD%E5%BA%B8	4	royal	personal	attested		Doctrine of the Mean, classical text (public domain), zh.wikisource; Wikidata (CC0)	0.90
Wu	Q1061289	King Wu of Zhou	boy	武王	Wǔ Wáng	Chinese	Confucian		Doctrine of the Mean	中庸	Doctrine of the Mean, 中庸	https://zh.wikisource.org/wiki/%E7%A6%AE%E8%A8%98/%E4%B8%AD%E5%BA%B8	4	royal	personal	attested		Doctrine of the Mean, classical text (public domain), zh.wikisource; Wikidata (CC0)	0.90
Zhougong	Q468747	Duke of Zhou	boy	周公	Zhōugōng	Chinese	Confucian		Doctrine of the Mean	中庸	Doctrine of the Mean, 中庸	https://zh.wikisource.org/wiki/%E7%A6%AE%E8%A8%98/%E4%B8%AD%E5%BA%B8	2	royal	personal	attested		Doctrine of the Mean, classical text (public domain), zh.wikisource; Wikidata (CC0)	0.90
Zhongni	Q4604	Confucius	boy	仲尼	Zhòngní	Chinese	Confucian		Classic of Filial Piety		Classic of Filial Piety	https://zh.wikisource.org/wiki/%E4%BB%8A%E6%96%87%E5%AD%9D%E7%B6%93	1	sage	epithet	attested	courtesy name of Confucius	Classic of Filial Piety, classical text (public domain), zh.wikisource; Wikidata (CC0)	0.90
Zengzi	Q1207671	Zengzi (Zeng Shen), disciple of Confucius	boy	曾子	Zēngzǐ	Chinese	Confucian		Classic of Filial Piety		Classic of Filial Piety	https://zh.wikisource.org/wiki/%E4%BB%8A%E6%96%87%E5%AD%9D%E7%B6%93	5	disciple	personal	attested		Classic of Filial Piety, classical text (public domain), zh.wikisource; Wikidata (CC0)	0.90
Zhougong	Q468747	Duke of Zhou	boy	周公	Zhōugōng	Chinese	Confucian		Classic of Filial Piety		Classic of Filial Piety	https://zh.wikisource.org/wiki/%E4%BB%8A%E6%96%87%E5%AD%9D%E7%B6%93	2	royal	personal	attested		Classic of Filial Piety, classical text (public domain), zh.wikisource; Wikidata (CC0)	0.90
Houji	Q1207613	Houji, ancestor of the Zhou, god of millet	boy	后稷	Hòujì	Chinese	Confucian		Classic of Filial Piety		Classic of Filial Piety	https://zh.wikisource.org/wiki/%E4%BB%8A%E6%96%87%E5%AD%9D%E7%B6%93	1	deity	personal	attested		Classic of Filial Piety, classical text (public domain), zh.wikisource; Wikidata (CC0)	0.90
Wen	Q698909	King Wen of Zhou	boy	文王	Wén Wáng	Chinese	Confucian		Classic of Filial Piety		Classic of Filial Piety	https://zh.wikisource.org/wiki/%E4%BB%8A%E6%96%87%E5%AD%9D%E7%B6%93	1	royal	personal	attested		Classic of Filial Piety, classical text (public domain), zh.wikisource; Wikidata (CC0)	0.90
Zhuangzi	Q47739	Zhuangzi (Zhuang Zhou)	boy	莊子	Zhuāngzǐ	Chinese	Daoist		Zhuangzi	逍遙遊	Zhuangzi, 逍遙遊	https://zh.wikisource.org/wiki/%E8%8E%8A%E5%AD%90/%E9%80%8D%E9%81%99%E9%81%8A	81	sage	personal	attested		Zhuangzi, classical text (public domain), zh.wikisource; Wikidata (CC0)	0.90
Zhuang Zhou	Q47739	Zhuangzi (Zhuang Zhou)	boy	莊周	Zhuāng Zhōu	Chinese	Daoist		Zhuangzi	齊物論	Zhuangzi, 齊物論	https://zh.wikisource.org/wiki/%E8%8E%8A%E5%AD%90/%E9%BD%8A%E7%89%A9%E8%AB%96	9	sage	epithet	attested	personal name of Zhuangzi	Zhuangzi, classical text (public domain), zh.wikisource; Wikidata (CC0)	0.90
Laozi	Q9333	Laozi	boy	老子	Lǎozǐ	Chinese	Daoist		Zhuangzi	天道	Zhuangzi, 天道	https://zh.wikisource.org/wiki/%E8%8E%8A%E5%AD%90/%E5%A4%A9%E9%81%93	23	sage	personal	attested		Zhuangzi, classical text (public domain), zh.wikisource; Wikidata (CC0)	0.90
Lao Dan	Q9333	Laozi	boy	老聃	Lǎo Dān	Chinese	Daoist		Zhuangzi	養生主	Zhuangzi, 養生主	https://zh.wikisource.org/wiki/%E8%8E%8A%E5%AD%90/%E9%A4%8A%E7%94%9F%E4%B8%BB	32	sage	epithet	attested	another name of Laozi	Zhuangzi, classical text (public domain), zh.wikisource; Wikidata (CC0)	0.90
Huizi	Q943012	Hui Shi (Huizi), logician	boy	惠子	Huìzǐ	Chinese	Daoist		Zhuangzi	逍遙遊	Zhuangzi, 逍遙遊	https://zh.wikisource.org/wiki/%E8%8E%8A%E5%AD%90/%E9%80%8D%E9%81%99%E9%81%8A	26	sage	personal	attested		Zhuangzi, classical text (public domain), zh.wikisource; Wikidata (CC0)	0.90
Hui Shi	Q943012	Hui Shi (Huizi), logician	boy	惠施	Huì Shī	Chinese	Daoist		Zhuangzi	天下	Zhuangzi, 天下	https://zh.wikisource.org/wiki/%E8%8E%8A%E5%AD%90/%E5%A4%A9%E4%B8%8B	9	sage	epithet	attested	personal name of Huizi	Zhuangzi, classical text (public domain), zh.wikisource; Wikidata (CC0)	0.90
Liezi	Q2984064	Liezi (Lie Yukou)	boy	列子	Lièzǐ	Chinese	Daoist		Zhuangzi	逍遙遊	Zhuangzi, 逍遙遊	https://zh.wikisource.org/wiki/%E8%8E%8A%E5%AD%90/%E9%80%8D%E9%81%99%E9%81%8A	19	sage	personal	attested		Zhuangzi, classical text (public domain), zh.wikisource; Wikidata (CC0)	0.90
Xu You	slug:daoist:cn-xuyou	Xu You, recluse who refused Yao's throne		許由	Xǔ Yóu	Chinese	Daoist		Zhuangzi	逍遙遊	Zhuangzi, 逍遙遊	https://zh.wikisource.org/wiki/%E8%8E%8A%E5%AD%90/%E9%80%8D%E9%81%99%E9%81%8A	18	sage	personal	attested		Zhuangzi, classical text (public domain), zh.wikisource	0.90
Huangdi	Q29201	Yellow Emperor	boy	黃帝	Huángdì	Chinese	Daoist		Zhuangzi	齊物論	Zhuangzi, 齊物論	https://zh.wikisource.org/wiki/%E8%8E%8A%E5%AD%90/%E9%BD%8A%E7%89%A9%E8%AB%96	36	deity	personal	attested		Zhuangzi, classical text (public domain), zh.wikisource; Wikidata (CC0)	0.90
Fuxi	Q236972	Fuxi, culture hero	boy	伏羲	Fúxī	Chinese	Daoist		Zhuangzi	人間世	Zhuangzi, 人間世	https://zh.wikisource.org/wiki/%E8%8E%8A%E5%AD%90/%E4%BA%BA%E9%96%93%E4%B8%96	5	deity	personal	attested		Zhuangzi, classical text (public domain), zh.wikisource; Wikidata (CC0)	0.90
Shennong	Q313336	Shennong, divine farmer	boy	神農	Shénnóng	Chinese	Daoist		Zhuangzi	胠篋	Zhuangzi, 胠篋	https://zh.wikisource.org/wiki/%E8%8E%8A%E5%AD%90/%E8%83%A0%E7%AF%8B	9	deity	personal	attested		Zhuangzi, classical text (public domain), zh.wikisource; Wikidata (CC0)	0.90
Kongzi	Q4604	Confucius	boy	孔子	Kǒngzǐ	Chinese	Daoist		Zhuangzi	人間世	Zhuangzi, 人間世	https://zh.wikisource.org/wiki/%E8%8E%8A%E5%AD%90/%E4%BA%BA%E9%96%93%E4%B8%96	85	sage	personal	attested		Zhuangzi, classical text (public domain), zh.wikisource; Wikidata (CC0)	0.90
Zhongni	Q4604	Confucius	boy	仲尼	Zhòngní	Chinese	Daoist		Zhuangzi	人間世	Zhuangzi, 人間世	https://zh.wikisource.org/wiki/%E8%8E%8A%E5%AD%90/%E4%BA%BA%E9%96%93%E4%B8%96	61	sage	epithet	attested	courtesy name of Confucius	Zhuangzi, classical text (public domain), zh.wikisource; Wikidata (CC0)	0.90
Yan Hui	slug:daoist:cn-yanhui	Yan Hui, disciple of Confucius		顏回	Yán Huí	Chinese	Daoist		Zhuangzi	人間世	Zhuangzi, 人間世	https://zh.wikisource.org/wiki/%E8%8E%8A%E5%AD%90/%E4%BA%BA%E9%96%93%E4%B8%96	15	disciple	personal	attested		Zhuangzi, classical text (public domain), zh.wikisource	0.90
Zigong	Q1039504	Zigong (Duanmu Ci), disciple of Confucius	boy	子貢	Zǐgòng	Chinese	Daoist		Zhuangzi	大宗師	Zhuangzi, 大宗師	https://zh.wikisource.org/wiki/%E8%8E%8A%E5%AD%90/%E5%A4%A7%E5%AE%97%E5%B8%AB	26	disciple	personal	attested		Zhuangzi, classical text (public domain), zh.wikisource; Wikidata (CC0)	0.90
Zilu	Q836861	Zilu (Zhong You), disciple of Confucius	boy	子路	Zǐlù	Chinese	Daoist		Zhuangzi	天道	Zhuangzi, 天道	https://zh.wikisource.org/wiki/%E8%8E%8A%E5%AD%90/%E5%A4%A9%E9%81%93	20	disciple	personal	attested		Zhuangzi, classical text (public domain), zh.wikisource; Wikidata (CC0)	0.90
Dao Zhi	slug:daoist:cn-daozhi	Robber Zhi		盜跖	Dào Zhí	Chinese	Daoist		Zhuangzi	駢拇	Zhuangzi, 駢拇	https://zh.wikisource.org/wiki/%E8%8E%8A%E5%AD%90/%E9%A7%A2%E6%8B%87	19	human	personal	attested		Zhuangzi, classical text (public domain), zh.wikisource	0.90
Pao Ding	slug:daoist:cn-paoding	Cook Ding		庖丁	Páo Dīng	Chinese	Daoist		Zhuangzi	養生主	Zhuangzi, 養生主	https://zh.wikisource.org/wiki/%E8%8E%8A%E5%AD%90/%E9%A4%8A%E7%94%9F%E4%B8%BB	3	human	personal	attested		Zhuangzi, classical text (public domain), zh.wikisource	0.90
Nanguo Ziqi	slug:daoist:cn-nanguoziqi	Ziqi of South Wall		南郭子綦	Nánguō Zǐqí	Chinese	Daoist		Zhuangzi	齊物論	Zhuangzi, 齊物論	https://zh.wikisource.org/wiki/%E8%8E%8A%E5%AD%90/%E9%BD%8A%E7%89%A9%E8%AB%96	1	sage	personal	attested		Zhuangzi, classical text (public domain), zh.wikisource	0.90
Nieque	slug:daoist:cn-nieque	Nieque, sage		齧缺	Nièquē	Chinese	Daoist		Zhuangzi	齊物論	Zhuangzi, 齊物論	https://zh.wikisource.org/wiki/%E8%8E%8A%E5%AD%90/%E9%BD%8A%E7%89%A9%E8%AB%96	11	sage	personal	attested		Zhuangzi, classical text (public domain), zh.wikisource	0.90
Wang Ni	slug:daoist:cn-wangni	Wang Ni, sage		王倪	Wáng Ní	Chinese	Daoist		Zhuangzi	齊物論	Zhuangzi, 齊物論	https://zh.wikisource.org/wiki/%E8%8E%8A%E5%AD%90/%E9%BD%8A%E7%89%A9%E8%AB%96	6	sage	personal	attested		Zhuangzi, classical text (public domain), zh.wikisource	0.90
Huzi	slug:daoist:cn-huzi	Huzi (Huqiu Zilin), Liezi's teacher		壺子	Húzǐ	Chinese	Daoist		Zhuangzi	應帝王	Zhuangzi, 應帝王	https://zh.wikisource.org/wiki/%E8%8E%8A%E5%AD%90/%E6%87%89%E5%B8%9D%E7%8E%8B	15	sage	personal	attested		Zhuangzi, classical text (public domain), zh.wikisource	0.90
Hundun	Q1375695	Hundun, emperor of the centre	boy	渾沌	Hùndùn	Chinese	Daoist		Zhuangzi	應帝王	Zhuangzi, 應帝王	https://zh.wikisource.org/wiki/%E8%8E%8A%E5%AD%90/%E6%87%89%E5%B8%9D%E7%8E%8B	8	mythological_being	personal	attested		Zhuangzi, classical text (public domain), zh.wikisource; Wikidata (CC0)	0.90
Peng	slug:daoist:cn-peng	Peng, the giant bird		鵬	Péng	Chinese	Daoist		Zhuangzi	逍遙遊	Zhuangzi, 逍遙遊	https://zh.wikisource.org/wiki/%E8%8E%8A%E5%AD%90/%E9%80%8D%E9%81%99%E9%81%8A	4	mythological_being	personal	attested		Zhuangzi, classical text (public domain), zh.wikisource	0.90
Kun	slug:daoist:cn-kun	Kun, the giant fish		鯤	Kūn	Chinese	Daoist		Zhuangzi	逍遙遊	Zhuangzi, 逍遙遊	https://zh.wikisource.org/wiki/%E8%8E%8A%E5%AD%90/%E9%80%8D%E9%81%99%E9%81%8A	3	mythological_being	personal	attested		Zhuangzi, classical text (public domain), zh.wikisource	0.90
Guangchengzi	Q986081	Guangchengzi, immortal	boy	廣成子	Guǎngchéngzǐ	Chinese	Daoist		Zhuangzi	在宥	Zhuangzi, 在宥	https://zh.wikisource.org/wiki/%E8%8E%8A%E5%AD%90/%E5%9C%A8%E5%AE%A5	6	deity	personal	attested		Zhuangzi, classical text (public domain), zh.wikisource; Wikidata (CC0)	0.90
Hebo	Q10521939	Hebo, god of the Yellow River	boy	河伯	Hébó	Chinese	Daoist		Zhuangzi	秋水	Zhuangzi, 秋水	https://zh.wikisource.org/wiki/%E8%8E%8A%E5%AD%90/%E7%A7%8B%E6%B0%B4	9	deity	personal	attested		Zhuangzi, classical text (public domain), zh.wikisource; Wikidata (CC0)	0.90
Ruo	slug:daoist:cn-beihairuo	Ruo, god of the North Sea		北海若	Ruò	Chinese	Daoist		Zhuangzi	秋水	Zhuangzi, 秋水	https://zh.wikisource.org/wiki/%E8%8E%8A%E5%AD%90/%E7%A7%8B%E6%B0%B4	7	deity	personal	attested		Zhuangzi, classical text (public domain), zh.wikisource	0.90
Lun Bian	slug:daoist:cn-lunbian	Wheelwright Bian		輪扁	Lún Biǎn	Chinese	Daoist		Zhuangzi	天道	Zhuangzi, 天道	https://zh.wikisource.org/wiki/%E8%8E%8A%E5%AD%90/%E5%A4%A9%E9%81%93	2	human	personal	attested		Zhuangzi, classical text (public domain), zh.wikisource	0.90
Gengsang Chu	slug:daoist:cn-gengsangchu	Gengsang Chu, disciple of Laozi		庚桑楚	Gēngsāng Chǔ	Chinese	Daoist		Zhuangzi	庚桑楚	Zhuangzi, 庚桑楚	https://zh.wikisource.org/wiki/%E8%8E%8A%E5%AD%90/%E5%BA%9A%E6%A1%91%E6%A5%9A	1	sage	personal	attested		Zhuangzi, classical text (public domain), zh.wikisource	0.90
Jieyu	slug:daoist:cn-jieyu	Jieyu, the madman of Chu		接輿	Jiēyú	Chinese	Daoist		Zhuangzi	逍遙遊	Zhuangzi, 逍遙遊	https://zh.wikisource.org/wiki/%E8%8E%8A%E5%AD%90/%E9%80%8D%E9%81%99%E9%81%8A	5	sage	personal	attested		Zhuangzi, classical text (public domain), zh.wikisource	0.90
Mozi	Q272411	Mozi (Mo Di), philosopher	boy	墨子	Mòzǐ	Chinese	Daoist		Zhuangzi	天下	Zhuangzi, 天下	https://zh.wikisource.org/wiki/%E8%8E%8A%E5%AD%90/%E5%A4%A9%E4%B8%8B	6	sage	personal	attested		Zhuangzi, classical text (public domain), zh.wikisource; Wikidata (CC0)	0.90
Xiwangmu	Q1064059	Queen Mother of the West	girl	西王母	Xīwángmǔ	Chinese	Daoist		Zhuangzi	大宗師	Zhuangzi, 大宗師	https://zh.wikisource.org/wiki/%E8%8E%8A%E5%AD%90/%E5%A4%A7%E5%AE%97%E5%B8%AB	1	deity	personal	attested		Zhuangzi, classical text (public domain), zh.wikisource; Wikidata (CC0)	0.90
Boyi	slug:daoist:cn-boyi	Boyi, recluse brother of Shuqi		伯夷	Bóyí	Chinese	Daoist		Zhuangzi	大宗師	Zhuangzi, 大宗師	https://zh.wikisource.org/wiki/%E8%8E%8A%E5%AD%90/%E5%A4%A7%E5%AE%97%E5%B8%AB	11	sage	personal	attested		Zhuangzi, classical text (public domain), zh.wikisource	0.90
Shuqi	slug:daoist:cn-shuqi	Shuqi, recluse brother of Boyi		叔齊	Shūqí	Chinese	Daoist		Zhuangzi	大宗師	Zhuangzi, 大宗師	https://zh.wikisource.org/wiki/%E8%8E%8A%E5%AD%90/%E5%A4%A7%E5%AE%97%E5%B8%AB	5	sage	personal	attested		Zhuangzi, classical text (public domain), zh.wikisource	0.90
Yao	Q819556	Emperor Yao, legendary sage-king	boy	堯	Yáo	Chinese	Daoist		Zhuangzi	逍遙遊	Zhuangzi, 逍遙遊	https://zh.wikisource.org/wiki/%E8%8E%8A%E5%AD%90/%E9%80%8D%E9%81%99%E9%81%8A	63	royal	personal	attested		Zhuangzi, classical text (public domain), zh.wikisource; Wikidata (CC0)	0.90
Shun	Q313342	Emperor Shun, legendary sage-king	boy	舜	Shùn	Chinese	Daoist		Zhuangzi	逍遙遊	Zhuangzi, 逍遙遊	https://zh.wikisource.org/wiki/%E8%8E%8A%E5%AD%90/%E9%80%8D%E9%81%99%E9%81%8A	46	royal	personal	attested		Zhuangzi, classical text (public domain), zh.wikisource; Wikidata (CC0)	0.90
Yu	Q627784	Yu the Great, tamer of the flood	boy	禹	Yǔ	Chinese	Daoist		Zhuangzi	齊物論	Zhuangzi, 齊物論	https://zh.wikisource.org/wiki/%E8%8E%8A%E5%AD%90/%E9%BD%8A%E7%89%A9%E8%AB%96	17	royal	personal	attested		Zhuangzi, classical text (public domain), zh.wikisource; Wikidata (CC0)	0.90
Liezi	Q2984064	Liezi (Lie Yukou)	boy	列子	Lièzǐ	Chinese	Daoist		Liezi	天瑞篇	Liezi, 天瑞篇	https://zh.wikisource.org/wiki/%E5%88%97%E5%AD%90/%E5%A4%A9%E7%91%9E%E7%AF%87	56	sage	personal	attested		Liezi, classical text (public domain), zh.wikisource; Wikidata (CC0)	0.90
Huzi	slug:daoist:cn-huzi	Huzi (Huqiu Zilin), Liezi's teacher		壺丘子林	Húzǐ	Chinese	Daoist		Liezi	天瑞篇	Liezi, 天瑞篇	https://zh.wikisource.org/wiki/%E5%88%97%E5%AD%90/%E5%A4%A9%E7%91%9E%E7%AF%87	19	sage	personal	attested		Liezi, classical text (public domain), zh.wikisource	0.90
Guan Yin	slug:daoist:cn-guanyin_yin	Yin Xi, Keeper of the Pass		關尹	Guān Yǐn	Chinese	Daoist		Liezi	黃帝篇	Liezi, 黃帝篇	https://zh.wikisource.org/wiki/%E5%88%97%E5%AD%90/%E9%BB%83%E5%B8%9D%E7%AF%87	10	sage	personal	attested		Liezi, classical text (public domain), zh.wikisource	0.90
Huangdi	Q29201	Yellow Emperor	boy	黃帝	Huángdì	Chinese	Daoist		Liezi	天瑞篇	Liezi, 天瑞篇	https://zh.wikisource.org/wiki/%E5%88%97%E5%AD%90/%E5%A4%A9%E7%91%9E%E7%AF%87	13	deity	personal	attested		Liezi, classical text (public domain), zh.wikisource; Wikidata (CC0)	0.90
Huaxu	Q9511624	Huaxu, mother of Fuxi	girl	華胥	Huáxū	Chinese	Daoist		Liezi	黃帝篇	Liezi, 黃帝篇	https://zh.wikisource.org/wiki/%E5%88%97%E5%AD%90/%E9%BB%83%E5%B8%9D%E7%AF%87	3	deity	personal	attested		Liezi, classical text (public domain), zh.wikisource; Wikidata (CC0)	0.90
Mu	Q1193439	King Mu of Zhou	boy	穆王	Mù Wáng	Chinese	Daoist		Liezi	周穆王篇	Liezi, 周穆王篇	https://zh.wikisource.org/wiki/%E5%88%97%E5%AD%90/%E5%91%A8%E7%A9%86%E7%8E%8B%E7%AF%87	12	royal	personal	attested		Liezi, classical text (public domain), zh.wikisource; Wikidata (CC0)	0.90
Xiwangmu	Q1064059	Queen Mother of the West	girl	西王母	Xīwángmǔ	Chinese	Daoist		Liezi	周穆王篇	Liezi, 周穆王篇	https://zh.wikisource.org/wiki/%E5%88%97%E5%AD%90/%E5%91%A8%E7%A9%86%E7%8E%8B%E7%AF%87	2	deity	personal	attested		Liezi, classical text (public domain), zh.wikisource; Wikidata (CC0)	0.90
Yang Zhu	slug:daoist:cn-yangzhu	Yang Zhu, philosopher		楊朱	Yáng Zhū	Chinese	Daoist		Liezi	黃帝篇	Liezi, 黃帝篇	https://zh.wikisource.org/wiki/%E5%88%97%E5%AD%90/%E9%BB%83%E5%B8%9D%E7%AF%87	28	sage	personal	attested		Liezi, classical text (public domain), zh.wikisource	0.90
Yugong	slug:daoist:cn-yugong	the Foolish Old Man		愚公	Yúgōng	Chinese	Daoist		Liezi	湯問篇	Liezi, 湯問篇	https://zh.wikisource.org/wiki/%E5%88%97%E5%AD%90/%E6%B9%AF%E5%95%8F%E7%AF%87	2	human	personal	attested		Liezi, classical text (public domain), zh.wikisource	0.90
Kuafu	slug:daoist:cn-kuafu	Kuafu, the giant who chased the sun		夸父	Kuāfù	Chinese	Daoist		Liezi	湯問篇	Liezi, 湯問篇	https://zh.wikisource.org/wiki/%E5%88%97%E5%AD%90/%E6%B9%AF%E5%95%8F%E7%AF%87	1	mythological_being	personal	attested		Liezi, classical text (public domain), zh.wikisource	0.90
Nüwa	Q641632	Nüwa, mother goddess	girl	女媧	Nǚwā	Chinese	Daoist		Liezi	黃帝篇	Liezi, 黃帝篇	https://zh.wikisource.org/wiki/%E5%88%97%E5%AD%90/%E9%BB%83%E5%B8%9D%E7%AF%87	2	deity	personal	attested		Liezi, classical text (public domain), zh.wikisource; Wikidata (CC0)	0.90
Gonggong	Q242756	Gonggong, water god	boy	共工	Gònggōng	Chinese	Daoist		Liezi	湯問篇	Liezi, 湯問篇	https://zh.wikisource.org/wiki/%E5%88%97%E5%AD%90/%E6%B9%AF%E5%95%8F%E7%AF%87	1	deity	personal	attested		Liezi, classical text (public domain), zh.wikisource; Wikidata (CC0)	0.90
Boya	slug:daoist:cn-boya	Boya, zither player		伯牙	Bóyá	Chinese	Daoist		Liezi	湯問篇	Liezi, 湯問篇	https://zh.wikisource.org/wiki/%E5%88%97%E5%AD%90/%E6%B9%AF%E5%95%8F%E7%AF%87	5	human	personal	attested		Liezi, classical text (public domain), zh.wikisource	0.90
Zhong Ziqi	slug:daoist:cn-zhongziqi	Zhong Ziqi, woodcutter who understood Boya		鍾子期	Zhōng Zǐqī	Chinese	Daoist		Liezi	湯問篇	Liezi, 湯問篇	https://zh.wikisource.org/wiki/%E5%88%97%E5%AD%90/%E6%B9%AF%E5%95%8F%E7%AF%87	5	human	personal	attested		Liezi, classical text (public domain), zh.wikisource	0.90
Yanshi	slug:daoist:cn-yanshi	Yanshi, artificer		偃師	Yǎnshī	Chinese	Daoist		Liezi	湯問篇	Liezi, 湯問篇	https://zh.wikisource.org/wiki/%E5%88%97%E5%AD%90/%E6%B9%AF%E5%95%8F%E7%AF%87	6	human	personal	attested		Liezi, classical text (public domain), zh.wikisource	0.90
Han E	slug:daoist:cn-hane	Han E, singer		韓娥	Hán É	Chinese	Daoist		Liezi	湯問篇	Liezi, 湯問篇	https://zh.wikisource.org/wiki/%E5%88%97%E5%AD%90/%E6%B9%AF%E5%95%8F%E7%AF%87	2	human	personal	attested		Liezi, classical text (public domain), zh.wikisource	0.90
Bian Que	Q855326	Bian Que, physician	boy	扁鵲	Biǎn Què	Chinese	Daoist		Liezi	湯問篇	Liezi, 湯問篇	https://zh.wikisource.org/wiki/%E5%88%97%E5%AD%90/%E6%B9%AF%E5%95%8F%E7%AF%87	6	human	personal	attested		Liezi, classical text (public domain), zh.wikisource; Wikidata (CC0)	0.90
Zaofu	slug:daoist:cn-zaofu	Zaofu, charioteer		造父	Zàofù	Chinese	Daoist		Liezi	周穆王篇	Liezi, 周穆王篇	https://zh.wikisource.org/wiki/%E5%88%97%E5%AD%90/%E5%91%A8%E7%A9%86%E7%8E%8B%E7%AF%87	6	human	personal	attested		Liezi, classical text (public domain), zh.wikisource	0.90
Kongzi	Q4604	Confucius	boy	孔子	Kǒngzǐ	Chinese	Daoist		Liezi	天瑞篇	Liezi, 天瑞篇	https://zh.wikisource.org/wiki/%E5%88%97%E5%AD%90/%E5%A4%A9%E7%91%9E%E7%AF%87	40	sage	personal	attested		Liezi, classical text (public domain), zh.wikisource; Wikidata (CC0)	0.90
Zhongni	Q4604	Confucius	boy	仲尼	Zhòngní	Chinese	Daoist		Liezi	天瑞篇	Liezi, 天瑞篇	https://zh.wikisource.org/wiki/%E5%88%97%E5%AD%90/%E5%A4%A9%E7%91%9E%E7%AF%87	14	sage	epithet	attested	courtesy name of Confucius	Liezi, classical text (public domain), zh.wikisource; Wikidata (CC0)	0.90
Lao Dan	Q9333	Laozi	boy	老聃	Lǎo Dān	Chinese	Daoist		Liezi	黃帝篇	Liezi, 黃帝篇	https://zh.wikisource.org/wiki/%E5%88%97%E5%AD%90/%E9%BB%83%E5%B8%9D%E7%AF%87	8	sage	epithet	attested	another name of Laozi	Liezi, classical text (public domain), zh.wikisource; Wikidata (CC0)	0.90
Yan Hui	slug:daoist:cn-yanhui	Yan Hui, disciple of Confucius		顏回	Yán Huí	Chinese	Daoist		Liezi	黃帝篇	Liezi, 黃帝篇	https://zh.wikisource.org/wiki/%E5%88%97%E5%AD%90/%E9%BB%83%E5%B8%9D%E7%AF%87	8	disciple	personal	attested		Liezi, classical text (public domain), zh.wikisource	0.90
Zigong	Q1039504	Zigong (Duanmu Ci), disciple of Confucius	boy	子貢	Zǐgòng	Chinese	Daoist		Liezi	天瑞篇	Liezi, 天瑞篇	https://zh.wikisource.org/wiki/%E5%88%97%E5%AD%90/%E5%A4%A9%E7%91%9E%E7%AF%87	17	disciple	personal	attested		Liezi, classical text (public domain), zh.wikisource; Wikidata (CC0)	0.90
Yao	Q819556	Emperor Yao, legendary sage-king	boy	堯	Yáo	Chinese	Daoist		Liezi	黃帝篇	Liezi, 黃帝篇	https://zh.wikisource.org/wiki/%E5%88%97%E5%AD%90/%E9%BB%83%E5%B8%9D%E7%AF%87	10	royal	personal	attested		Liezi, classical text (public domain), zh.wikisource; Wikidata (CC0)	0.90
Shun	Q313342	Emperor Shun, legendary sage-king	boy	舜	Shùn	Chinese	Daoist		Liezi	天瑞篇	Liezi, 天瑞篇	https://zh.wikisource.org/wiki/%E5%88%97%E5%AD%90/%E5%A4%A9%E7%91%9E%E7%AF%87	11	royal	personal	attested		Liezi, classical text (public domain), zh.wikisource; Wikidata (CC0)	0.90
Yu	Q627784	Yu the Great, tamer of the flood	boy	禹	Yǔ	Chinese	Daoist		Liezi	湯問篇	Liezi, 湯問篇	https://zh.wikisource.org/wiki/%E5%88%97%E5%AD%90/%E6%B9%AF%E5%95%8F%E7%AF%87	8	royal	personal	attested		Liezi, classical text (public domain), zh.wikisource; Wikidata (CC0)	0.90
Yao	Q819556	Emperor Yao, legendary sage-king	boy	堯	Yáo	Chinese	Confucian		Shangshu	堯典	Shangshu, 堯典	https://zh.wikisource.org/wiki/%E5%B0%9A%E6%9B%B8/%E5%A0%AF%E5%85%B8	3	royal	personal	attested		Shangshu, classical text (public domain), zh.wikisource; Wikidata (CC0)	0.90
Shun	Q313342	Emperor Shun, legendary sage-king	boy	舜	Shùn	Chinese	Confucian		Shangshu	堯典	Shangshu, 堯典	https://zh.wikisource.org/wiki/%E5%B0%9A%E6%9B%B8/%E5%A0%AF%E5%85%B8	16	royal	personal	attested		Shangshu, classical text (public domain), zh.wikisource; Wikidata (CC0)	0.90
Yu	Q627784	Yu the Great, tamer of the flood	boy	禹	Yǔ	Chinese	Confucian		Shangshu	堯典	Shangshu, 堯典	https://zh.wikisource.org/wiki/%E5%B0%9A%E6%9B%B8/%E5%A0%AF%E5%85%B8	49	royal	personal	attested		Shangshu, classical text (public domain), zh.wikisource; Wikidata (CC0)	0.90
Wen	Q698909	King Wen of Zhou	boy	文王	Wén Wáng	Chinese	Confucian		Shangshu	武成	Shangshu, 武成	https://zh.wikisource.org/wiki/%E5%B0%9A%E6%9B%B8/%E6%AD%A6%E6%88%90	32	royal	personal	attested		Shangshu, classical text (public domain), zh.wikisource; Wikidata (CC0)	0.90
Wu	Q1061289	King Wu of Zhou	boy	武王	Wǔ Wáng	Chinese	Confucian		Shangshu	金縢	Shangshu, 金縢	https://zh.wikisource.org/wiki/%E5%B0%9A%E6%9B%B8/%E9%87%91%E7%B8%A2	20	royal	personal	attested		Shangshu, classical text (public domain), zh.wikisource; Wikidata (CC0)	0.90
Zhougong	Q468747	Duke of Zhou	boy	周公	Zhōugōng	Chinese	Confucian		Shangshu	金縢	Shangshu, 金縢	https://zh.wikisource.org/wiki/%E5%B0%9A%E6%9B%B8/%E9%87%91%E7%B8%A2	57	royal	personal	attested		Shangshu, classical text (public domain), zh.wikisource; Wikidata (CC0)	0.90
Gaoyao	Q3659487	Gaoyao, minister of justice under Shun	boy	皋陶	Gāoyáo	Chinese	Confucian		Shangshu	堯典	Shangshu, 堯典	https://zh.wikisource.org/wiki/%E5%B0%9A%E6%9B%B8/%E5%A0%AF%E5%85%B8	25	human	personal	attested		Shangshu, classical text (public domain), zh.wikisource; Wikidata (CC0)	0.90
Houji	Q1207613	Houji, ancestor of the Zhou, god of millet	boy	后稷	Hòujì	Chinese	Confucian		Shangshu	堯典	Shangshu, 堯典	https://zh.wikisource.org/wiki/%E5%B0%9A%E6%9B%B8/%E5%A0%AF%E5%85%B8	3	deity	personal	attested		Shangshu, classical text (public domain), zh.wikisource; Wikidata (CC0)	0.90
Gun	slug:confucian:cn-gun	Gun, father of Yu		鯀	Gǔn	Chinese	Confucian		Shangshu	堯典	Shangshu, 堯典	https://zh.wikisource.org/wiki/%E5%B0%9A%E6%9B%B8/%E5%A0%AF%E5%85%B8	5	human	personal	attested		Shangshu, classical text (public domain), zh.wikisource	0.90
Danzhu	Q5221466	Danzhu, son of Yao	boy	丹朱	Dānzhū	Chinese	Confucian		Shangshu	皐陶謨	Shangshu, 皐陶謨	https://zh.wikisource.org/wiki/%E5%B0%9A%E6%9B%B8/%E7%9A%90%E9%99%B6%E8%AC%A8	2	royal	personal	attested		Shangshu, classical text (public domain), zh.wikisource; Wikidata (CC0)	0.90
Xihe	Q1761983	Xihe, sun goddess / astronomers	girl	羲和	Xīhé	Chinese	Confucian		Shangshu	胤征	Shangshu, 胤征	https://zh.wikisource.org/wiki/%E5%B0%9A%E6%9B%B8/%E8%83%A4%E5%BE%81	4	deity	personal	attested		Shangshu, classical text (public domain), zh.wikisource; Wikidata (CC0)	0.90
Tang	Q471820	Tang of Shang, founder of the Shang	boy	成湯	Tāng	Chinese	Confucian		Shangshu	胤征	Shangshu, 胤征	https://zh.wikisource.org/wiki/%E5%B0%9A%E6%9B%B8/%E8%83%A4%E5%BE%81	11	royal	personal	attested		Shangshu, classical text (public domain), zh.wikisource; Wikidata (CC0)	0.90
Yi Yin	Q981363	Yi Yin, minister of Tang	boy	伊尹	Yī Yǐn	Chinese	Confucian		Shangshu	胤征	Shangshu, 胤征	https://zh.wikisource.org/wiki/%E5%B0%9A%E6%9B%B8/%E8%83%A4%E5%BE%81	16	human	personal	attested		Shangshu, classical text (public domain), zh.wikisource; Wikidata (CC0)	0.90
Taijia	Q878465	Tai Jia, king of Shang	boy	太甲	Tàijiǎ	Chinese	Confucian		Shangshu	太甲上	Shangshu, 太甲上	https://zh.wikisource.org/wiki/%E5%B0%9A%E6%9B%B8/%E5%A4%AA%E7%94%B2%E4%B8%8A	3	royal	personal	attested		Shangshu, classical text (public domain), zh.wikisource; Wikidata (CC0)	0.90
Pangeng	Q736654	Pan Geng, king of Shang	boy	盤庚	Pángēng	Chinese	Confucian		Shangshu	盤庚上	Shangshu, 盤庚上	https://zh.wikisource.org/wiki/%E5%B0%9A%E6%9B%B8/%E7%9B%A4%E5%BA%9A%E4%B8%8A	5	royal	personal	attested		Shangshu, classical text (public domain), zh.wikisource; Wikidata (CC0)	0.90
Wuding	Q369159	Wu Ding, king of Shang	boy	武丁	Wǔdīng	Chinese	Confucian		Shangshu	高宗肜日	Shangshu, 高宗肜日	https://zh.wikisource.org/wiki/%E5%B0%9A%E6%9B%B8/%E9%AB%98%E5%AE%97%E8%82%9C%E6%97%A5	5	royal	personal	attested		Shangshu, classical text (public domain), zh.wikisource; Wikidata (CC0)	0.90
Weizi	Q855012	Weizi, half-brother of King Zhou of Shang	boy	微子	Wēizǐ	Chinese	Confucian		Shangshu	微子	Shangshu, 微子	https://zh.wikisource.org/wiki/%E5%B0%9A%E6%9B%B8/%E5%BE%AE%E5%AD%90	1	royal	personal	attested		Shangshu, classical text (public domain), zh.wikisource; Wikidata (CC0)	0.90
Jizi	Q496787	Jizi, Shang noble	boy	箕子	Jīzǐ	Chinese	Confucian		Shangshu	武成	Shangshu, 武成	https://zh.wikisource.org/wiki/%E5%B0%9A%E6%9B%B8/%E6%AD%A6%E6%88%90	4	royal	personal	attested		Shangshu, classical text (public domain), zh.wikisource; Wikidata (CC0)	0.90
Bigan	slug:confucian:cn-bigan	Bigan, Shang prince		比干	Bǐgān	Chinese	Confucian		Shangshu	武成	Shangshu, 武成	https://zh.wikisource.org/wiki/%E5%B0%9A%E6%9B%B8/%E6%AD%A6%E6%88%90	1	royal	personal	attested		Shangshu, classical text (public domain), zh.wikisource	0.90
Cheng	Q388766	King Cheng of Zhou	boy	成王	Chéng Wáng	Chinese	Confucian		Shangshu	金縢	Shangshu, 金縢	https://zh.wikisource.org/wiki/%E5%B0%9A%E6%9B%B8/%E9%87%91%E7%B8%A2	6	royal	personal	attested		Shangshu, classical text (public domain), zh.wikisource; Wikidata (CC0)	0.90
Gonggong	Q242756	Gonggong, water god	boy	共工	Gònggōng	Chinese	Confucian		Shangshu	堯典	Shangshu, 堯典	https://zh.wikisource.org/wiki/%E5%B0%9A%E6%9B%B8/%E5%A0%AF%E5%85%B8	5	deity	personal	attested		Shangshu, classical text (public domain), zh.wikisource; Wikidata (CC0)	0.90
Chiyou	Q1147255	Chiyou, war god	boy	蚩尤	Chīyóu	Chinese	Confucian		Shangshu	湯誥	Shangshu, 湯誥	https://zh.wikisource.org/wiki/%E5%B0%9A%E6%9B%B8/%E6%B9%AF%E8%AA%A5	2	deity	personal	attested		Shangshu, classical text (public domain), zh.wikisource; Wikidata (CC0)	0.90
Jiang Yuan	slug:confucian:cn-jiangyuan	Jiang Yuan, mother of Houji		姜嫄	Jiāng Yuán	Chinese	Confucian		Shijing	生民	Shijing, 生民	https://zh.wikisource.org/wiki/%E8%A9%A9%E7%B6%93/%E7%94%9F%E6%B0%91	2	deity	personal	attested		Shijing, classical text (public domain), zh.wikisource	0.90
Houji	Q1207613	Houji, ancestor of the Zhou, god of millet	boy	后稷	Hòujì	Chinese	Confucian		Shijing	生民	Shijing, 生民	https://zh.wikisource.org/wiki/%E8%A9%A9%E7%B6%93/%E7%94%9F%E6%B0%91	9	deity	personal	attested		Shijing, classical text (public domain), zh.wikisource; Wikidata (CC0)	0.90
Tairen	slug:confucian:cn-tairen	Tairen, mother of King Wen		大任	Tàirèn	Chinese	Confucian		Shijing	大明	Shijing, 大明	https://zh.wikisource.org/wiki/%E8%A9%A9%E7%B6%93/%E5%A4%A7%E6%98%8E	2	royal	personal	attested		Shijing, classical text (public domain), zh.wikisource	0.90
Taisi	slug:confucian:cn-taisi	Taisi, wife of King Wen		大姒	Tàisì	Chinese	Confucian		Shijing	思齊	Shijing, 思齊	https://zh.wikisource.org/wiki/%E8%A9%A9%E7%B6%93/%E6%80%9D%E9%BD%8A	1	royal	personal	attested		Shijing, classical text (public domain), zh.wikisource	0.90
Danfu	slug:confucian:cn-danfu	Gugong Danfu, ancestor of the Zhou		亶父	Dǎnfù	Chinese	Confucian		Shijing	緜	Shijing, 緜	https://zh.wikisource.org/wiki/%E8%A9%A9%E7%B6%93/%E7%B7%9C	2	royal	personal	attested		Shijing, classical text (public domain), zh.wikisource	0.90
Wangji	slug:confucian:cn-wangji	Ji Li (Wang Ji), father of King Wen		王季	Wáng Jì	Chinese	Confucian		Shijing	大明	Shijing, 大明	https://zh.wikisource.org/wiki/%E8%A9%A9%E7%B6%93/%E5%A4%A7%E6%98%8E	4	royal	personal	attested		Shijing, classical text (public domain), zh.wikisource	0.90
Wen	Q698909	King Wen of Zhou	boy	文王	Wén Wáng	Chinese	Confucian		Shijing	文王	Shijing, 文王	https://zh.wikisource.org/wiki/%E8%A9%A9%E7%B6%93/%E6%96%87%E7%8E%8B	40	royal	personal	attested		Shijing, classical text (public domain), zh.wikisource; Wikidata (CC0)	0.90
Wu	Q1061289	King Wu of Zhou	boy	武王	Wǔ Wáng	Chinese	Confucian		Shijing	大明	Shijing, 大明	https://zh.wikisource.org/wiki/%E8%A9%A9%E7%B6%93/%E5%A4%A7%E6%98%8E	11	royal	personal	attested		Shijing, classical text (public domain), zh.wikisource; Wikidata (CC0)	0.90
Zhougong	Q468747	Duke of Zhou	boy	周公	Zhōugōng	Chinese	Confucian		Shijing	破斧	Shijing, 破斧	https://zh.wikisource.org/wiki/%E8%A9%A9%E7%B6%93/%E7%A0%B4%E6%96%A7	6	royal	personal	attested		Shijing, classical text (public domain), zh.wikisource; Wikidata (CC0)	0.90
Shaogong	slug:confucian:cn-shaogong	Duke of Shao		召公	Shàogōng	Chinese	Confucian		Shijing	甘棠	Shijing, 甘棠	https://zh.wikisource.org/wiki/%E8%A9%A9%E7%B6%93/%E7%94%98%E6%A3%A0	25	royal	personal	attested		Shijing, classical text (public domain), zh.wikisource	0.90
Zhong Shanfu	slug:confucian:cn-zhongshanfu	Zhong Shanfu, minister of King Xuan		仲山甫	Zhòng Shānfǔ	Chinese	Confucian		Shijing	烝民	Shijing, 烝民	https://zh.wikisource.org/wiki/%E8%A9%A9%E7%B6%93/%E7%83%9D%E6%B0%91	12	human	personal	attested		Shijing, classical text (public domain), zh.wikisource	0.90
Yin Jifu	Q1725483	Yin Jifu, general of King Xuan	boy	吉甫	Yǐn Jífǔ	Chinese	Confucian		Shijing	六月	Shijing, 六月	https://zh.wikisource.org/wiki/%E8%A9%A9%E7%B6%93/%E5%85%AD%E6%9C%88	4	human	personal	attested		Shijing, classical text (public domain), zh.wikisource; Wikidata (CC0)	0.90
Tang	Q471820	Tang of Shang, founder of the Shang	boy	成湯	Tāng	Chinese	Confucian		Shijing	殷武	Shijing, 殷武	https://zh.wikisource.org/wiki/%E8%A9%A9%E7%B6%93/%E6%AE%B7%E6%AD%A6	1	royal	personal	attested		Shijing, classical text (public domain), zh.wikisource; Wikidata (CC0)	0.90
Yu	Q627784	Yu the Great, tamer of the flood	boy	禹	Yǔ	Chinese	Confucian		Shijing	信南山	Shijing, 信南山	https://zh.wikisource.org/wiki/%E8%A9%A9%E7%B6%93/%E4%BF%A1%E5%8D%97%E5%B1%B1	6	royal	personal	attested		Shijing, classical text (public domain), zh.wikisource; Wikidata (CC0)	0.90
Mengjiang	slug:confucian:cn-mengjiang	Meng Jiang, the eldest Jiang lady of the Odes		孟姜	Mèngjiāng	Chinese	Confucian		Shijing	桑中	Shijing, 桑中	https://zh.wikisource.org/wiki/%E8%A9%A9%E7%B6%93/%E6%A1%91%E4%B8%AD	3	human	personal	attested		Shijing, classical text (public domain), zh.wikisource	0.90
Jizi	Q496787	Jizi, Shang noble	boy	箕子	Jīzǐ	Chinese	Confucian		Yijing	彖	Yijing, 彖	https://zh.wikisource.org/wiki/%E5%91%A8%E6%98%93/%E5%BD%96	5	royal	personal	attested		Yijing, classical text (public domain), zh.wikisource; Wikidata (CC0)	0.90
Wuding	Q369159	Wu Ding, king of Shang	boy	高宗	Wǔdīng	Chinese	Confucian		Yijing	既濟	Yijing, 既濟	https://zh.wikisource.org/wiki/%E5%91%A8%E6%98%93/%E6%97%A2%E6%BF%9F	1	royal	personal	attested		Yijing, classical text (public domain), zh.wikisource; Wikidata (CC0)	0.90
Wen	Q698909	King Wen of Zhou	boy	文王	Wén Wáng	Chinese	Confucian		Yijing	彖	Yijing, 彖	https://zh.wikisource.org/wiki/%E5%91%A8%E6%98%93/%E5%BD%96	2	royal	personal	attested		Yijing, classical text (public domain), zh.wikisource; Wikidata (CC0)	0.90
Kongzi	Q4604	Confucius	boy	孔子	Kǒngzǐ	Chinese	Confucian		Liji	檀弓上	Liji, 檀弓上	https://zh.wikisource.org/wiki/%E7%A6%AE%E8%A8%98/%E6%AA%80%E5%BC%93%E4%B8%8A	173	sage	personal	attested		Liji, classical text (public domain), zh.wikisource; Wikidata (CC0)	0.90
Zhongni	Q4604	Confucius	boy	仲尼	Zhòngní	Chinese	Confucian		Liji	檀弓下	Liji, 檀弓下	https://zh.wikisource.org/wiki/%E7%A6%AE%E8%A8%98/%E6%AA%80%E5%BC%93%E4%B8%8B	10	sage	epithet	attested	courtesy name of Confucius	Liji, classical text (public domain), zh.wikisource; Wikidata (CC0)	0.90
Zengzi	Q1207671	Zengzi (Zeng Shen), disciple of Confucius	boy	曾子	Zēngzǐ	Chinese	Confucian		Liji	檀弓上	Liji, 檀弓上	https://zh.wikisource.org/wiki/%E7%A6%AE%E8%A8%98/%E6%AA%80%E5%BC%93%E4%B8%8A	101	disciple	personal	attested		Liji, classical text (public domain), zh.wikisource; Wikidata (CC0)	0.90
Zixia	Q10944085	Zixia (Bu Shang), disciple of Confucius	boy	子夏	Zǐxià	Chinese	Confucian		Liji	檀弓上	Liji, 檀弓上	https://zh.wikisource.org/wiki/%E7%A6%AE%E8%A8%98/%E6%AA%80%E5%BC%93%E4%B8%8A	29	disciple	personal	attested		Liji, classical text (public domain), zh.wikisource; Wikidata (CC0)	0.90
Ziyou	slug:confucian:cn-ziyou	Ziyou (Yan Yan), disciple of Confucius		子游	Zǐyóu	Chinese	Confucian		Liji	檀弓上	Liji, 檀弓上	https://zh.wikisource.org/wiki/%E7%A6%AE%E8%A8%98/%E6%AA%80%E5%BC%93%E4%B8%8A	34	disciple	personal	attested		Liji, classical text (public domain), zh.wikisource	0.90
Zizhang	Q11447909	Zizhang (Zhuansun Shi), disciple of Confucius	boy	子張	Zǐzhāng	Chinese	Confucian		Liji	檀弓上	Liji, 檀弓上	https://zh.wikisource.org/wiki/%E7%A6%AE%E8%A8%98/%E6%AA%80%E5%BC%93%E4%B8%8A	10	disciple	personal	attested		Liji, classical text (public domain), zh.wikisource; Wikidata (CC0)	0.90
Zilu	Q836861	Zilu (Zhong You), disciple of Confucius	boy	子路	Zǐlù	Chinese	Confucian		Liji	檀弓上	Liji, 檀弓上	https://zh.wikisource.org/wiki/%E7%A6%AE%E8%A8%98/%E6%AA%80%E5%BC%93%E4%B8%8A	15	disciple	personal	attested		Liji, classical text (public domain), zh.wikisource; Wikidata (CC0)	0.90
Zigong	Q1039504	Zigong (Duanmu Ci), disciple of Confucius	boy	子貢	Zǐgòng	Chinese	Confucian		Liji	檀弓上	Liji, 檀弓上	https://zh.wikisource.org/wiki/%E7%A6%AE%E8%A8%98/%E6%AA%80%E5%BC%93%E4%B8%8A	21	disciple	personal	attested		Liji, classical text (public domain), zh.wikisource; Wikidata (CC0)	0.90
Houji	Q1207613	Houji, ancestor of the Zhou, god of millet	boy	后稷	Hòujì	Chinese	Confucian		Liji	明堂位	Liji, 明堂位	https://zh.wikisource.org/wiki/%E7%A6%AE%E8%A8%98/%E6%98%8E%E5%A0%82%E4%BD%8D	4	deity	personal	attested		Liji, classical text (public domain), zh.wikisource; Wikidata (CC0)	0.90
Shennong	Q313336	Shennong, divine farmer	boy	神農	Shénnóng	Chinese	Confucian		Liji	月令	Liji, 月令	https://zh.wikisource.org/wiki/%E7%A6%AE%E8%A8%98/%E6%9C%88%E4%BB%A4	2	deity	personal	attested		Liji, classical text (public domain), zh.wikisource; Wikidata (CC0)	0.90
Yao	Q819556	Emperor Yao, legendary sage-king	boy	堯	Yáo	Chinese	Confucian		Liji	禮器	Liji, 禮器	https://zh.wikisource.org/wiki/%E7%A6%AE%E8%A8%98/%E7%A6%AE%E5%99%A8	4	royal	personal	attested		Liji, classical text (public domain), zh.wikisource; Wikidata (CC0)	0.90
Shun	Q313342	Emperor Shun, legendary sage-king	boy	舜	Shùn	Chinese	Confucian		Liji	檀弓上	Liji, 檀弓上	https://zh.wikisource.org/wiki/%E7%A6%AE%E8%A8%98/%E6%AA%80%E5%BC%93%E4%B8%8A	7	royal	personal	attested		Liji, classical text (public domain), zh.wikisource; Wikidata (CC0)	0.90
Yu	Q627784	Yu the Great, tamer of the flood	boy	禹	Yǔ	Chinese	Confucian		Liji	禮運	Liji, 禮運	https://zh.wikisource.org/wiki/%E7%A6%AE%E8%A8%98/%E7%A6%AE%E9%81%8B	7	royal	personal	attested		Liji, classical text (public domain), zh.wikisource; Wikidata (CC0)	0.90
Wen	Q698909	King Wen of Zhou	boy	文王	Wén Wáng	Chinese	Confucian		Liji	檀弓上	Liji, 檀弓上	https://zh.wikisource.org/wiki/%E7%A6%AE%E8%A8%98/%E6%AA%80%E5%BC%93%E4%B8%8A	25	royal	personal	attested		Liji, classical text (public domain), zh.wikisource; Wikidata (CC0)	0.90
Wu	Q1061289	King Wu of Zhou	boy	武王	Wǔ Wáng	Chinese	Confucian		Liji	檀弓上	Liji, 檀弓上	https://zh.wikisource.org/wiki/%E7%A6%AE%E8%A8%98/%E6%AA%80%E5%BC%93%E4%B8%8A	20	royal	personal	attested		Liji, classical text (public domain), zh.wikisource; Wikidata (CC0)	0.90
Zhougong	Q468747	Duke of Zhou	boy	周公	Zhōugōng	Chinese	Confucian		Liji	檀弓上	Liji, 檀弓上	https://zh.wikisource.org/wiki/%E7%A6%AE%E8%A8%98/%E6%AA%80%E5%BC%93%E4%B8%8A	25	royal	personal	attested		Liji, classical text (public domain), zh.wikisource; Wikidata (CC0)	0.90
Xiwangmu	Q1064059	Queen Mother of the West	girl	西王母	Xīwángmǔ	Chinese	Chinese folk		Shanhaijing	西山經	Shanhaijing, 西山經	https://zh.wikisource.org/wiki/%E5%B1%B1%E6%B5%B7%E7%B6%93/%E8%A5%BF%E5%B1%B1%E7%B6%93	5	deity	personal	attested		Shanhaijing, classical text (public domain), zh.wikisource; Wikidata (CC0)	0.90
Nüwa	Q641632	Nüwa, mother goddess	girl	女媧	Nǚwā	Chinese	Chinese folk		Shanhaijing	大荒西經	Shanhaijing, 大荒西經	https://zh.wikisource.org/wiki/%E5%B1%B1%E6%B5%B7%E7%B6%93/%E5%A4%A7%E8%8D%92%E8%A5%BF%E7%B6%93	1	deity	personal	attested		Shanhaijing, classical text (public domain), zh.wikisource; Wikidata (CC0)	0.90
Kuafu	slug:chinese folk:cn-kuafu	Kuafu, the giant who chased the sun		夸父	Kuāfù	Chinese	Chinese folk		Shanhaijing	北山經	Shanhaijing, 北山經	https://zh.wikisource.org/wiki/%E5%B1%B1%E6%B5%B7%E7%B6%93/%E5%8C%97%E5%B1%B1%E7%B6%93	10	mythological_being	personal	attested		Shanhaijing, classical text (public domain), zh.wikisource	0.90
Jingwei	Q2501328	Jingwei, the bird that fills the sea	girl	精衛	Jīngwèi	Chinese	Chinese folk		Shanhaijing	北山經	Shanhaijing, 北山經	https://zh.wikisource.org/wiki/%E5%B1%B1%E6%B5%B7%E7%B6%93/%E5%8C%97%E5%B1%B1%E7%B6%93	2	mythological_being	personal	attested		Shanhaijing, classical text (public domain), zh.wikisource; Wikidata (CC0)	0.90
Nüwa	Q2501328	Jingwei, the bird that fills the sea	girl	女娃	Nǚwá	Chinese	Chinese folk		Shanhaijing	北山經	Shanhaijing, 北山經	https://zh.wikisource.org/wiki/%E5%B1%B1%E6%B5%B7%E7%B6%93/%E5%8C%97%E5%B1%B1%E7%B6%93	2	mythological_being	epithet	attested	Nüwa (女娃), daughter of the Yan Emperor, who became the Jingwei bird	Shanhaijing, classical text (public domain), zh.wikisource; Wikidata (CC0)	0.90
Xingtian	Q4419985	Xingtian, the headless giant	boy	刑天	Xíngtiān	Chinese	Chinese folk		Shanhaijing	海外西經	Shanhaijing, 海外西經	https://zh.wikisource.org/wiki/%E5%B1%B1%E6%B5%B7%E7%B6%93/%E6%B5%B7%E5%A4%96%E8%A5%BF%E7%B6%93	1	mythological_being	personal	attested		Shanhaijing, classical text (public domain), zh.wikisource; Wikidata (CC0)	0.90
Zhulong	slug:chinese folk:cn-zhulong	Zhulong, the torch dragon		燭龍	Zhúlóng	Chinese	Chinese folk		Shanhaijing	海外北經	Shanhaijing, 海外北經	https://zh.wikisource.org/wiki/%E5%B1%B1%E6%B5%B7%E7%B6%93/%E6%B5%B7%E5%A4%96%E5%8C%97%E7%B6%93	2	mythological_being	personal	attested		Shanhaijing, classical text (public domain), zh.wikisource	0.90
Dijun	slug:chinese folk:cn-dijun	Dijun, supreme god		帝俊	Dìjùn	Chinese	Chinese folk		Shanhaijing	大荒東經	Shanhaijing, 大荒東經	https://zh.wikisource.org/wiki/%E5%B1%B1%E6%B5%B7%E7%B6%93/%E5%A4%A7%E8%8D%92%E6%9D%B1%E7%B6%93	17	deity	personal	attested		Shanhaijing, classical text (public domain), zh.wikisource	0.90
Xihe	Q1761983	Xihe, sun goddess / astronomers	girl	羲和	Xīhé	Chinese	Chinese folk		Shanhaijing	大荒東經	Shanhaijing, 大荒東經	https://zh.wikisource.org/wiki/%E5%B1%B1%E6%B5%B7%E7%B6%93/%E5%A4%A7%E8%8D%92%E6%9D%B1%E7%B6%93	6	deity	personal	attested		Shanhaijing, classical text (public domain), zh.wikisource; Wikidata (CC0)	0.90
Changxi	Q840363	Changxi, moon goddess	girl	常羲	Chángxī	Chinese	Chinese folk		Shanhaijing	大荒西經	Shanhaijing, 大荒西經	https://zh.wikisource.org/wiki/%E5%B1%B1%E6%B5%B7%E7%B6%93/%E5%A4%A7%E8%8D%92%E8%A5%BF%E7%B6%93	1	deity	personal	attested		Shanhaijing, classical text (public domain), zh.wikisource; Wikidata (CC0)	0.90
Yi	Q104483833	Houyi, the archer		羿	Yì	Chinese	Chinese folk		Shanhaijing	海外南經	Shanhaijing, 海外南經	https://zh.wikisource.org/wiki/%E5%B1%B1%E6%B5%B7%E7%B6%93/%E6%B5%B7%E5%A4%96%E5%8D%97%E7%B6%93	7	mythological_being	personal	attested		Shanhaijing, classical text (public domain), zh.wikisource; Wikidata (CC0)	0.90
Huangdi	Q29201	Yellow Emperor	boy	黃帝	Huángdì	Chinese	Chinese folk		Shanhaijing	西山經	Shanhaijing, 西山經	https://zh.wikisource.org/wiki/%E5%B1%B1%E6%B5%B7%E7%B6%93/%E8%A5%BF%E5%B1%B1%E7%B6%93	4	deity	personal	attested		Shanhaijing, classical text (public domain), zh.wikisource; Wikidata (CC0)	0.90
Chiyou	Q1147255	Chiyou, war god	boy	蚩尤	Chīyóu	Chinese	Chinese folk		Shanhaijing	大荒東經	Shanhaijing, 大荒東經	https://zh.wikisource.org/wiki/%E5%B1%B1%E6%B5%B7%E7%B6%93/%E5%A4%A7%E8%8D%92%E6%9D%B1%E7%B6%93	6	deity	personal	attested		Shanhaijing, classical text (public domain), zh.wikisource; Wikidata (CC0)	0.90
Yinglong	slug:chinese folk:cn-yinglong	Yinglong, winged dragon		應龍	Yìnglóng	Chinese	Chinese folk		Shanhaijing	大荒東經	Shanhaijing, 大荒東經	https://zh.wikisource.org/wiki/%E5%B1%B1%E6%B5%B7%E7%B6%93/%E5%A4%A7%E8%8D%92%E6%9D%B1%E7%B6%93	5	mythological_being	personal	attested		Shanhaijing, classical text (public domain), zh.wikisource	0.90
Ba	Q797424	Ba, drought goddess	girl	魃	Bá	Chinese	Chinese folk		Shanhaijing	大荒北經	Shanhaijing, 大荒北經	https://zh.wikisource.org/wiki/%E5%B1%B1%E6%B5%B7%E7%B6%93/%E5%A4%A7%E8%8D%92%E5%8C%97%E7%B6%93	4	deity	personal	attested		Shanhaijing, classical text (public domain), zh.wikisource; Wikidata (CC0)	0.90
Gonggong	Q242756	Gonggong, water god	boy	共工	Gònggōng	Chinese	Chinese folk		Shanhaijing	海外北經	Shanhaijing, 海外北經	https://zh.wikisource.org/wiki/%E5%B1%B1%E6%B5%B7%E7%B6%93/%E6%B5%B7%E5%A4%96%E5%8C%97%E7%B6%93	9	deity	personal	attested		Shanhaijing, classical text (public domain), zh.wikisource; Wikidata (CC0)	0.90
Zhurong	Q198249	Zhurong, god of fire	boy	祝融	Zhùróng	Chinese	Chinese folk		Shanhaijing	海外南經	Shanhaijing, 海外南經	https://zh.wikisource.org/wiki/%E5%B1%B1%E6%B5%B7%E7%B6%93/%E6%B5%B7%E5%A4%96%E5%8D%97%E7%B6%93	6	deity	personal	attested		Shanhaijing, classical text (public domain), zh.wikisource; Wikidata (CC0)	0.90
Gun	slug:chinese folk:cn-gun	Gun, father of Yu		鯀	Gǔn	Chinese	Chinese folk		Shanhaijing	大荒南經	Shanhaijing, 大荒南經	https://zh.wikisource.org/wiki/%E5%B1%B1%E6%B5%B7%E7%B6%93/%E5%A4%A7%E8%8D%92%E5%8D%97%E7%B6%93	7	human	personal	attested		Shanhaijing, classical text (public domain), zh.wikisource	0.90
Yu	Q627784	Yu the Great, tamer of the flood	boy	禹	Yǔ	Chinese	Chinese folk		Shanhaijing	中山經	Shanhaijing, 中山經	https://zh.wikisource.org/wiki/%E5%B1%B1%E6%B5%B7%E7%B6%93/%E4%B8%AD%E5%B1%B1%E7%B6%93	16	royal	personal	attested		Shanhaijing, classical text (public domain), zh.wikisource; Wikidata (CC0)	0.90
Yandi	Q3056696	Yan Emperor	boy	炎帝	Yándì	Chinese	Chinese folk		Shanhaijing	北山經	Shanhaijing, 北山經	https://zh.wikisource.org/wiki/%E5%B1%B1%E6%B5%B7%E7%B6%93/%E5%8C%97%E5%B1%B1%E7%B6%93	4	deity	personal	attested		Shanhaijing, classical text (public domain), zh.wikisource; Wikidata (CC0)	0.90
Goumang	Q24841212	Goumang, god of spring and wood		句芒	Gōumáng	Chinese	Chinese folk		Shanhaijing	海外東經	Shanhaijing, 海外東經	https://zh.wikisource.org/wiki/%E5%B1%B1%E6%B5%B7%E7%B6%93/%E6%B5%B7%E5%A4%96%E6%9D%B1%E7%B6%93	1	deity	personal	attested		Shanhaijing, classical text (public domain), zh.wikisource; Wikidata (CC0)	0.90
Rushou	slug:chinese folk:cn-rushou	Rushou, god of autumn and metal		蓐收	Rùshōu	Chinese	Chinese folk		Shanhaijing	西山經	Shanhaijing, 西山經	https://zh.wikisource.org/wiki/%E5%B1%B1%E6%B5%B7%E7%B6%93/%E8%A5%BF%E5%B1%B1%E7%B6%93	2	deity	personal	attested		Shanhaijing, classical text (public domain), zh.wikisource	0.90
Luwu	slug:chinese folk:cn-luwu	Luwu, guardian of Kunlun		陸吾	Lùwú	Chinese	Chinese folk		Shanhaijing	西山經	Shanhaijing, 西山經	https://zh.wikisource.org/wiki/%E5%B1%B1%E6%B5%B7%E7%B6%93/%E8%A5%BF%E5%B1%B1%E7%B6%93	1	mythological_being	personal	attested		Shanhaijing, classical text (public domain), zh.wikisource	0.90
Houji	Q1207613	Houji, ancestor of the Zhou, god of millet	boy	后稷	Hòujì	Chinese	Chinese folk		Shanhaijing	西山經	Shanhaijing, 西山經	https://zh.wikisource.org/wiki/%E5%B1%B1%E6%B5%B7%E7%B6%93/%E8%A5%BF%E5%B1%B1%E7%B6%93	6	deity	personal	attested		Shanhaijing, classical text (public domain), zh.wikisource; Wikidata (CC0)	0.90
Shun	Q313342	Emperor Shun, legendary sage-king	boy	舜	Shùn	Chinese	Chinese folk		Shanhaijing	海內南經	Shanhaijing, 海內南經	https://zh.wikisource.org/wiki/%E5%B1%B1%E6%B5%B7%E7%B6%93/%E6%B5%B7%E5%85%A7%E5%8D%97%E7%B6%93	12	royal	personal	attested		Shanhaijing, classical text (public domain), zh.wikisource; Wikidata (CC0)	0.90
Taishang	Q9333	Laozi	boy	太上	Tàishàng	Chinese	Daoist		Taishang Ganying Pian		Taishang Ganying Pian	https://zh.wikisource.org/wiki/%E5%A4%AA%E4%B8%8A%E6%84%9F%E6%87%89%E7%AF%87	1	deity	epithet	attested	the Most High (Taishang Laojun), the deified Laozi	Taishang Ganying Pian, classical text (public domain), zh.wikisource; Wikidata (CC0)	0.90
Amaterasu	Q455602	Amaterasu, sun goddess	girl	天照大御神	Amaterasu-ōmikami	Japanese	Shinto		Kojiki	上卷	Kojiki, 上卷	https://zh.wikisource.org/wiki/%E5%8F%A4%E4%BA%8B%E8%A8%98/%E4%B8%8A%E5%8D%B7	31	deity	personal	attested		Kojiki, original text (public domain), zh.wikisource; Wikidata (CC0)	0.90
Susanoo	Q272993	Susanoo, storm god	boy	須佐之男	Susa-no-o-no-mikoto	Japanese	Shinto		Kojiki	上卷	Kojiki, 上卷	https://zh.wikisource.org/wiki/%E5%8F%A4%E4%BA%8B%E8%A8%98/%E4%B8%8A%E5%8D%B7	21	deity	personal	attested		Kojiki, original text (public domain), zh.wikisource; Wikidata (CC0)	0.90
Izanagi	Q813858	Izanagi, creator god	boy	伊耶那岐	Izanagi-no-mikoto	Japanese	Shinto		Kojiki	上卷	Kojiki, 上卷	https://zh.wikisource.org/wiki/%E5%8F%A4%E4%BA%8B%E8%A8%98/%E4%B8%8A%E5%8D%B7	17	deity	personal	attested		Kojiki, original text (public domain), zh.wikisource; Wikidata (CC0)	0.90
Izanami	Q682306	Izanami, creator goddess	girl	伊耶那美	Izanami-no-mikoto	Japanese	Shinto		Kojiki	上卷	Kojiki, 上卷	https://zh.wikisource.org/wiki/%E5%8F%A4%E4%BA%8B%E8%A8%98/%E4%B8%8A%E5%8D%B7	16	deity	personal	attested		Kojiki, original text (public domain), zh.wikisource; Wikidata (CC0)	0.90
Tsukuyomi	Q595520	Tsukuyomi, moon god	boy	月讀	Tsukuyomi-no-mikoto	Japanese	Shinto		Kojiki	上卷	Kojiki, 上卷	https://zh.wikisource.org/wiki/%E5%8F%A4%E4%BA%8B%E8%A8%98/%E4%B8%8A%E5%8D%B7	2	deity	personal	attested		Kojiki, original text (public domain), zh.wikisource; Wikidata (CC0)	0.90
Okuninushi	Q276944	Ōkuninushi, god of the land	boy	大國主	Ōkuninushi-no-kami	Japanese	Shinto		Kojiki	上卷	Kojiki, 上卷	https://zh.wikisource.org/wiki/%E5%8F%A4%E4%BA%8B%E8%A8%98/%E4%B8%8A%E5%8D%B7	15	deity	personal	attested		Kojiki, original text (public domain), zh.wikisource; Wikidata (CC0)	0.90
Onamuji	Q276944	Ōkuninushi, god of the land	boy	大穴牟遲	Ōnamuji-no-kami	Japanese	Shinto		Kojiki	上卷	Kojiki, 上卷	https://zh.wikisource.org/wiki/%E5%8F%A4%E4%BA%8B%E8%A8%98/%E4%B8%8A%E5%8D%B7	9	deity	epithet	attested	earlier name of Ōkuninushi	Kojiki, original text (public domain), zh.wikisource; Wikidata (CC0)	0.90
Konohanasakuya	Q1781862	Konohanasakuya-hime, goddess of Mount Fuji and blossoms	girl	木花之佐久夜毗賣	Konohana-no-sakuya-bime	Japanese	Shinto		Kojiki	上卷	Kojiki, 上卷	https://zh.wikisource.org/wiki/%E5%8F%A4%E4%BA%8B%E8%A8%98/%E4%B8%8A%E5%8D%B7	4	deity	personal	attested		Kojiki, original text (public domain), zh.wikisource; Wikidata (CC0)	0.90
Iwanaga	Q8191705	Iwanaga-hime, rock goddess, sister of Konohanasakuya	girl	石長比賣	Iwa-naga-hime	Japanese	Shinto		Kojiki	上卷	Kojiki, 上卷	https://zh.wikisource.org/wiki/%E5%8F%A4%E4%BA%8B%E8%A8%98/%E4%B8%8A%E5%8D%B7	5	deity	personal	attested		Kojiki, original text (public domain), zh.wikisource; Wikidata (CC0)	0.90
Ninigi	Q1056017	Ninigi, grandson of Amaterasu	boy	迩迩藝	Ninigi-no-mikoto	Japanese	Shinto		Kojiki	上卷	Kojiki, 上卷	https://zh.wikisource.org/wiki/%E5%8F%A4%E4%BA%8B%E8%A8%98/%E4%B8%8A%E5%8D%B7	6	deity	personal	attested		Kojiki, original text (public domain), zh.wikisource; Wikidata (CC0)	0.90
Ame-no-Uzume	Q462803	Ame-no-Uzume, goddess of dawn and dance	girl	天宇受賣	Ame-no-Uzume-no-mikoto	Japanese	Shinto		Kojiki	上卷	Kojiki, 上卷	https://zh.wikisource.org/wiki/%E5%8F%A4%E4%BA%8B%E8%A8%98/%E4%B8%8A%E5%8D%B7	8	deity	personal	attested		Kojiki, original text (public domain), zh.wikisource; Wikidata (CC0)	0.90
Tajikarao	Q849412	Ame-no-Tajikarao, god of strength	boy	天手力男	Ame-no-Tajikarao-no-kami	Japanese	Shinto		Kojiki	上卷	Kojiki, 上卷	https://zh.wikisource.org/wiki/%E5%8F%A4%E4%BA%8B%E8%A8%98/%E4%B8%8A%E5%8D%B7	1	deity	personal	attested		Kojiki, original text (public domain), zh.wikisource; Wikidata (CC0)	0.90
Omoikane	Q586088	Omoikane, god of wisdom	boy	思金神	Omoikane-no-kami	Japanese	Shinto		Kojiki	上卷	Kojiki, 上卷	https://zh.wikisource.org/wiki/%E5%8F%A4%E4%BA%8B%E8%A8%98/%E4%B8%8A%E5%8D%B7	8	deity	personal	attested		Kojiki, original text (public domain), zh.wikisource; Wikidata (CC0)	0.90
Kushinada	Q505469	Kushinada-hime, wife of Susanoo	girl	櫛名田比賣	Kushinada-hime	Japanese	Shinto		Kojiki	上卷	Kojiki, 上卷	https://zh.wikisource.org/wiki/%E5%8F%A4%E4%BA%8B%E8%A8%98/%E4%B8%8A%E5%8D%B7	2	deity	personal	attested		Kojiki, original text (public domain), zh.wikisource; Wikidata (CC0)	0.90
Orochi	Q1054437	Yamata no Orochi, eight-headed serpent	boy	八俣遠吕	Yamata-no-Orochi	Japanese	Shinto		Kojiki	上卷	Kojiki, 上卷	https://zh.wikisource.org/wiki/%E5%8F%A4%E4%BA%8B%E8%A8%98/%E4%B8%8A%E5%8D%B7	2	mythological_being	personal	attested		Kojiki, original text (public domain), zh.wikisource; Wikidata (CC0)	0.90
Sukunabikona	Q3275687	Sukunabikona, dwarf god of medicine	boy	少名毗古那	Sukuna-biko-na-no-kami	Japanese	Shinto		Kojiki	上卷	Kojiki, 上卷	https://zh.wikisource.org/wiki/%E5%8F%A4%E4%BA%8B%E8%A8%98/%E4%B8%8A%E5%8D%B7	4	deity	personal	attested		Kojiki, original text (public domain), zh.wikisource; Wikidata (CC0)	0.90
Kotoshironushi	Q8009611	Kotoshironushi, oracle god	boy	事代主	Kotoshiro-nushi-no-kami	Japanese	Shinto		Kojiki	上卷	Kojiki, 上卷	https://zh.wikisource.org/wiki/%E5%8F%A4%E4%BA%8B%E8%A8%98/%E4%B8%8A%E5%8D%B7	6	deity	personal	attested		Kojiki, original text (public domain), zh.wikisource; Wikidata (CC0)	0.90
Takemikazuchi	Q1502690	Takemikazuchi, thunder god	boy	建御雷	Takemikazuchi-no-kami	Japanese	Shinto		Kojiki	上卷	Kojiki, 上卷	https://zh.wikisource.org/wiki/%E5%8F%A4%E4%BA%8B%E8%A8%98/%E4%B8%8A%E5%8D%B7	9	deity	personal	attested		Kojiki, original text (public domain), zh.wikisource; Wikidata (CC0)	0.90
Takeminakata	Q9150391	Takeminakata, god of Suwa	boy	建御名方	Takeminakata-no-kami	Japanese	Shinto		Kojiki	上卷	Kojiki, 上卷	https://zh.wikisource.org/wiki/%E5%8F%A4%E4%BA%8B%E8%A8%98/%E4%B8%8A%E5%8D%B7	5	deity	personal	attested		Kojiki, original text (public domain), zh.wikisource; Wikidata (CC0)	0.90
Hoori	Q1051960	Hoori (Yamasachi-hiko)	boy	火遠理	Hoori-no-mikoto	Japanese	Shinto		Kojiki	上卷	Kojiki, 上卷	https://zh.wikisource.org/wiki/%E5%8F%A4%E4%BA%8B%E8%A8%98/%E4%B8%8A%E5%8D%B7	8	deity	personal	attested		Kojiki, original text (public domain), zh.wikisource; Wikidata (CC0)	0.90
Hoderi	Q2716491	Hoderi (Umisachi-hiko)	boy	火照命	Hoderi-no-mikoto	Japanese	Shinto		Kojiki	上卷	Kojiki, 上卷	https://zh.wikisource.org/wiki/%E5%8F%A4%E4%BA%8B%E8%A8%98/%E4%B8%8A%E5%8D%B7	4	deity	personal	attested		Kojiki, original text (public domain), zh.wikisource; Wikidata (CC0)	0.90
Toyotama	Q2329261	Toyotama-hime, sea princess	girl	豊玉毗賣	Toyotama-hime	Japanese	Shinto		Kojiki	上卷	Kojiki, 上卷	https://zh.wikisource.org/wiki/%E5%8F%A4%E4%BA%8B%E8%A8%98/%E4%B8%8A%E5%8D%B7	7	deity	personal	attested		Kojiki, original text (public domain), zh.wikisource; Wikidata (CC0)	0.90
Tamayori	Q3082751	Tamayori-hime, mother of Emperor Jimmu	girl	玉依毗賣	Tamayori-hime	Japanese	Shinto		Kojiki	上卷	Kojiki, 上卷	https://zh.wikisource.org/wiki/%E5%8F%A4%E4%BA%8B%E8%A8%98/%E4%B8%8A%E5%8D%B7	3	deity	personal	attested		Kojiki, original text (public domain), zh.wikisource; Wikidata (CC0)	0.90
Jimmu	Q200188	Emperor Jimmu	boy	神倭伊波禮毘古	Kamu-yamato-iware-biko	Japanese	Shinto		Kojiki	中卷	Kojiki, 中卷	https://zh.wikisource.org/wiki/%E5%8F%A4%E4%BA%8B%E8%A8%98/%E4%B8%AD%E5%8D%B7	4	royal	personal	attested		Kojiki, original text (public domain), zh.wikisource; Wikidata (CC0)	0.90
Yamato Takeru	Q461258	Yamato Takeru, prince-hero	boy	倭建	Yamato-takeru-no-mikoto	Japanese	Shinto		Kojiki	中卷	Kojiki, 中卷	https://zh.wikisource.org/wiki/%E5%8F%A4%E4%BA%8B%E8%A8%98/%E4%B8%AD%E5%8D%B7	13	royal	personal	attested		Kojiki, original text (public domain), zh.wikisource; Wikidata (CC0)	0.90
Ousu	Q461258	Yamato Takeru, prince-hero	boy	小碓	Ousu-no-mikoto	Japanese	Shinto		Kojiki	中卷	Kojiki, 中卷	https://zh.wikisource.org/wiki/%E5%8F%A4%E4%BA%8B%E8%A8%98/%E4%B8%AD%E5%8D%B7	5	royal	epithet	attested	birth name of Yamato Takeru	Kojiki, original text (public domain), zh.wikisource; Wikidata (CC0)	0.90
Ototachibana	slug:shinto:kami-ototachibanahime	Ototachibana-hime, wife of Yamato Takeru		弟橘比賣	Oto-tachibana-hime	Japanese	Shinto		Kojiki	中卷	Kojiki, 中卷	https://zh.wikisource.org/wiki/%E5%8F%A4%E4%BA%8B%E8%A8%98/%E4%B8%AD%E5%8D%B7	2	royal	personal	attested		Kojiki, original text (public domain), zh.wikisource	0.90
Miyazu	slug:shinto:kami-miyazuhime	Miyazu-hime, wife of Yamato Takeru		美夜受比賣	Miyazu-hime	Japanese	Shinto		Kojiki	中卷	Kojiki, 中卷	https://zh.wikisource.org/wiki/%E5%8F%A4%E4%BA%8B%E8%A8%98/%E4%B8%AD%E5%8D%B7	6	royal	personal	attested		Kojiki, original text (public domain), zh.wikisource	0.90
Suseri	Q8191715	Suseri-bime, daughter of Susanoo	girl	須勢理毗賣	Suseri-bime	Japanese	Shinto		Kojiki	上卷	Kojiki, 上卷	https://zh.wikisource.org/wiki/%E5%8F%A4%E4%BA%8B%E8%A8%98/%E4%B8%8A%E5%8D%B7	3	deity	personal	attested		Kojiki, original text (public domain), zh.wikisource; Wikidata (CC0)	0.90
Yagami	Q10891903	Yagami-hime, wife of Ōkuninushi	girl	八上比賣	Yagami-hime	Japanese	Shinto		Kojiki	上卷	Kojiki, 上卷	https://zh.wikisource.org/wiki/%E5%8F%A4%E4%BA%8B%E8%A8%98/%E4%B8%8A%E5%8D%B7	5	deity	personal	attested		Kojiki, original text (public domain), zh.wikisource; Wikidata (CC0)	0.90
Ame-no-Minakanushi	Q2842779	Ame-no-Minakanushi, first kami		天之御中主	Ame-no-Minakanushi-no-kami	Japanese	Shinto		Kojiki	上卷	Kojiki, 上卷	https://zh.wikisource.org/wiki/%E5%8F%A4%E4%BA%8B%E8%A8%98/%E4%B8%8A%E5%8D%B7	1	deity	personal	attested		Kojiki, original text (public domain), zh.wikisource; Wikidata (CC0)	0.90
Kuninotokotachi	slug:shinto:kami-kuninotokotachi	Kuninotokotachi, eternal land god		國之常立	Kuni-no-toko-tachi-no-mikoto	Japanese	Shinto		Kojiki	上卷	Kojiki, 上卷	https://zh.wikisource.org/wiki/%E5%8F%A4%E4%BA%8B%E8%A8%98/%E4%B8%8A%E5%8D%B7	2	deity	personal	attested		Kojiki, original text (public domain), zh.wikisource	0.90
Takamimusubi	Q125400	Takamimusubi, creator kami	boy	高御産巢日	Takamimusubi-no-kami	Japanese	Shinto		Kojiki	上卷	Kojiki, 上卷	https://zh.wikisource.org/wiki/%E5%8F%A4%E4%BA%8B%E8%A8%98/%E4%B8%8A%E5%8D%B7	6	deity	personal	attested		Kojiki, original text (public domain), zh.wikisource; Wikidata (CC0)	0.90
Kamimusubi	Q3275901	Kamimusubi, creator kami	girl	神産巢日	Kamimusubi-no-kami	Japanese	Shinto		Kojiki	上卷	Kojiki, 上卷	https://zh.wikisource.org/wiki/%E5%8F%A4%E4%BA%8B%E8%A8%98/%E4%B8%8A%E5%8D%B7	6	deity	personal	attested		Kojiki, original text (public domain), zh.wikisource; Wikidata (CC0)	0.90
Kagutsuchi	Q1640658	Kagutsuchi, fire god	boy	迦具土	Kagutsuchi-no-kami	Japanese	Shinto		Kojiki	上卷	Kojiki, 上卷	https://zh.wikisource.org/wiki/%E5%8F%A4%E4%BA%8B%E8%A8%98/%E4%B8%8A%E5%8D%B7	4	deity	personal	attested		Kojiki, original text (public domain), zh.wikisource; Wikidata (CC0)	0.90
Oyamatsumi	Q386563	Ōyamatsumi, mountain god	boy	大山津見	Ōyamatsumi-no-kami	Japanese	Shinto		Kojiki	上卷	Kojiki, 上卷	https://zh.wikisource.org/wiki/%E5%8F%A4%E4%BA%8B%E8%A8%98/%E4%B8%8A%E5%8D%B7	9	deity	personal	attested		Kojiki, original text (public domain), zh.wikisource; Wikidata (CC0)	0.90
Ukanomitama	Q3080728	Ukanomitama, rice deity (Inari)	girl	宇迦之御魂	Uka-no-mitama-no-kami	Japanese	Shinto		Kojiki	上卷	Kojiki, 上卷	https://zh.wikisource.org/wiki/%E5%8F%A4%E4%BA%8B%E8%A8%98/%E4%B8%8A%E5%8D%B7	1	deity	personal	attested		Kojiki, original text (public domain), zh.wikisource; Wikidata (CC0)	0.90
Ogetsu	Q2280323	Ōgetsu-hime, food goddess	girl	大宜都比賣	Ōgetsu-hime	Japanese	Shinto		Kojiki	上卷	Kojiki, 上卷	https://zh.wikisource.org/wiki/%E5%8F%A4%E4%BA%8B%E8%A8%98/%E4%B8%8A%E5%8D%B7	4	deity	personal	attested		Kojiki, original text (public domain), zh.wikisource; Wikidata (CC0)	0.90
Sarutahiko	Q3090037	Sarutahiko, earthly guide	boy	猿田毘古	Sarutahiko-no-kami	Japanese	Shinto		Kojiki	上卷	Kojiki, 上卷	https://zh.wikisource.org/wiki/%E5%8F%A4%E4%BA%8B%E8%A8%98/%E4%B8%8A%E5%8D%B7	6	deity	personal	attested		Kojiki, original text (public domain), zh.wikisource; Wikidata (CC0)	0.90
Okinaga-tarashi	Q232803	Empress Jingū	girl	息長帶比賣	Okinaga-tarashi-hime	Japanese	Shinto		Kojiki	中卷	Kojiki, 中卷	https://zh.wikisource.org/wiki/%E5%8F%A4%E4%BA%8B%E8%A8%98/%E4%B8%AD%E5%8D%B7	2	royal	personal	attested		Kojiki, original text (public domain), zh.wikisource; Wikidata (CC0)	0.90
Ame-no-Wakahiko	Q10940674	Ame-no-Wakahiko, envoy kami	boy	天若日子	Ame-no-Wakahiko	Japanese	Shinto		Kojiki	上卷	Kojiki, 上卷	https://zh.wikisource.org/wiki/%E5%8F%A4%E4%BA%8B%E8%A8%98/%E4%B8%8A%E5%8D%B7	18	deity	personal	attested		Kojiki, original text (public domain), zh.wikisource; Wikidata (CC0)	0.90
Shitateru	Q11307233	Shitateru-hime, daughter of Ōkuninushi	girl	下照比賣	Shitateru-hime	Japanese	Shinto		Kojiki	上卷	Kojiki, 上卷	https://zh.wikisource.org/wiki/%E5%8F%A4%E4%BA%8B%E8%A8%98/%E4%B8%8A%E5%8D%B7	2	deity	personal	attested		Kojiki, original text (public domain), zh.wikisource; Wikidata (CC0)	0.90
Ichikishima	Q11059454	Ichikishima-hime, Munakata goddess	girl	市寸嶋比賣	Ichikishima-hime	Japanese	Shinto		Kojiki	上卷	Kojiki, 上卷	https://zh.wikisource.org/wiki/%E5%8F%A4%E4%BA%8B%E8%A8%98/%E4%B8%8A%E5%8D%B7	2	deity	personal	attested		Kojiki, original text (public domain), zh.wikisource; Wikidata (CC0)	0.90
Tagitsu	slug:shinto:kami-tagitsuhime	Tagitsu-hime, Munakata goddess		多岐都比賣	Tagitsu-hime	Japanese	Shinto		Kojiki	上卷	Kojiki, 上卷	https://zh.wikisource.org/wiki/%E5%8F%A4%E4%BA%8B%E8%A8%98/%E4%B8%8A%E5%8D%B7	1	deity	personal	attested		Kojiki, original text (public domain), zh.wikisource	0.90
Tagiri	Q10932870	Tagiri-bime (Takiri-bime), Munakata goddess	girl	多紀理毗賣	Tagiri-bime	Japanese	Shinto		Kojiki	上卷	Kojiki, 上卷	https://zh.wikisource.org/wiki/%E5%8F%A4%E4%BA%8B%E8%A8%98/%E4%B8%8A%E5%8D%B7	3	deity	personal	attested		Kojiki, original text (public domain), zh.wikisource; Wikidata (CC0)	0.90
Ugayafukiaezu	slug:shinto:kami-ugayafukiaezu	Ugayafukiaezu, father of Emperor Jimmu		鵜（葺）草葺不合	Ugaya-fuki-aezu-no-mikoto	Japanese	Shinto		Kojiki	上卷	Kojiki, 上卷	https://zh.wikisource.org/wiki/%E5%8F%A4%E4%BA%8B%E8%A8%98/%E4%B8%8A%E5%8D%B7	1	deity	personal	attested		Kojiki, original text (public domain), zh.wikisource	0.90
Shiotsuchi	slug:shinto:kami-shiotsuchi	Shiotsuchi, tide god		塩椎	Shiotsuchi-no-kami	Japanese	Shinto		Kojiki	上卷	Kojiki, 上卷	https://zh.wikisource.org/wiki/%E5%8F%A4%E4%BA%8B%E8%A8%98/%E4%B8%8A%E5%8D%B7	2	deity	personal	attested		Kojiki, original text (public domain), zh.wikisource	0.90
Amaterasu	Q455602	Amaterasu, sun goddess	girl	大日孁貴	Amaterasu-ōmikami	Japanese	Shinto		Nihon Shoki	卷第一	Nihon Shoki, vol. 1	https://zh.wikisource.org/wiki/%E6%97%A5%E6%9C%AC%E6%9B%B8%E7%B4%80/%E5%8D%B7%E7%AC%AC%E4%B8%80	44	deity	personal	attested		Nihon Shoki, original text (public domain), zh.wikisource; Wikidata (CC0)	0.90
Susanoo	Q272993	Susanoo, storm god	boy	素戔嗚	Susa-no-o-no-mikoto	Japanese	Shinto		Nihon Shoki	卷第一	Nihon Shoki, vol. 1	https://zh.wikisource.org/wiki/%E6%97%A5%E6%9C%AC%E6%9B%B8%E7%B4%80/%E5%8D%B7%E7%AC%AC%E4%B8%80	74	deity	personal	attested		Nihon Shoki, original text (public domain), zh.wikisource; Wikidata (CC0)	0.90
Izanagi	Q813858	Izanagi, creator god	boy	伊弉諾	Izanagi-no-mikoto	Japanese	Shinto		Nihon Shoki	卷第一	Nihon Shoki, vol. 1	https://zh.wikisource.org/wiki/%E6%97%A5%E6%9C%AC%E6%9B%B8%E7%B4%80/%E5%8D%B7%E7%AC%AC%E4%B8%80	47	deity	personal	attested		Nihon Shoki, original text (public domain), zh.wikisource; Wikidata (CC0)	0.90
Izanami	Q682306	Izanami, creator goddess	girl	伊弉𠕋	Izanami-no-mikoto	Japanese	Shinto		Nihon Shoki	卷第一	Nihon Shoki, vol. 1	https://zh.wikisource.org/wiki/%E6%97%A5%E6%9C%AC%E6%9B%B8%E7%B4%80/%E5%8D%B7%E7%AC%AC%E4%B8%80	25	deity	personal	attested		Nihon Shoki, original text (public domain), zh.wikisource; Wikidata (CC0)	0.90
Tsukuyomi	Q595520	Tsukuyomi, moon god	boy	月弓	Tsukuyomi-no-mikoto	Japanese	Shinto		Nihon Shoki	卷第一	Nihon Shoki, vol. 1	https://zh.wikisource.org/wiki/%E6%97%A5%E6%9C%AC%E6%9B%B8%E7%B4%80/%E5%8D%B7%E7%AC%AC%E4%B8%80	9	deity	personal	attested		Nihon Shoki, original text (public domain), zh.wikisource; Wikidata (CC0)	0.90
Okuninushi	Q276944	Ōkuninushi, god of the land	boy	大己貴	Ōkuninushi-no-kami	Japanese	Shinto		Nihon Shoki	卷第一	Nihon Shoki, vol. 1	https://zh.wikisource.org/wiki/%E6%97%A5%E6%9C%AC%E6%9B%B8%E7%B4%80/%E5%8D%B7%E7%AC%AC%E4%B8%80	23	deity	personal	attested		Nihon Shoki, original text (public domain), zh.wikisource; Wikidata (CC0)	0.90
Konohanasakuya	Q1781862	Konohanasakuya-hime, goddess of Mount Fuji and blossoms	girl	木花開耶姫	Konohana-no-sakuya-bime	Japanese	Shinto		Nihon Shoki	卷第二	Nihon Shoki, vol. 2	https://zh.wikisource.org/wiki/%E6%97%A5%E6%9C%AC%E6%9B%B8%E7%B4%80/%E5%8D%B7%E7%AC%AC%E4%BA%8C	4	deity	personal	attested		Nihon Shoki, original text (public domain), zh.wikisource; Wikidata (CC0)	0.90
Iwanaga	Q8191705	Iwanaga-hime, rock goddess, sister of Konohanasakuya	girl	磐長姫	Iwa-naga-hime	Japanese	Shinto		Nihon Shoki	卷第二	Nihon Shoki, vol. 2	https://zh.wikisource.org/wiki/%E6%97%A5%E6%9C%AC%E6%9B%B8%E7%B4%80/%E5%8D%B7%E7%AC%AC%E4%BA%8C	4	deity	personal	attested		Nihon Shoki, original text (public domain), zh.wikisource; Wikidata (CC0)	0.90
Ninigi	Q1056017	Ninigi, grandson of Amaterasu	boy	瓊瓊杵	Ninigi-no-mikoto	Japanese	Shinto		Nihon Shoki	卷第二	Nihon Shoki, vol. 2	https://zh.wikisource.org/wiki/%E6%97%A5%E6%9C%AC%E6%9B%B8%E7%B4%80/%E5%8D%B7%E7%AC%AC%E4%BA%8C	17	deity	personal	attested		Nihon Shoki, original text (public domain), zh.wikisource; Wikidata (CC0)	0.90
Ame-no-Uzume	Q462803	Ame-no-Uzume, goddess of dawn and dance	girl	天鈿女	Ame-no-Uzume-no-mikoto	Japanese	Shinto		Nihon Shoki	卷第一	Nihon Shoki, vol. 1	https://zh.wikisource.org/wiki/%E6%97%A5%E6%9C%AC%E6%9B%B8%E7%B4%80/%E5%8D%B7%E7%AC%AC%E4%B8%80	12	deity	personal	attested		Nihon Shoki, original text (public domain), zh.wikisource; Wikidata (CC0)	0.90
Tajikarao	Q849412	Ame-no-Tajikarao, god of strength	boy	手力雄	Ame-no-Tajikarao-no-kami	Japanese	Shinto		Nihon Shoki	卷第一	Nihon Shoki, vol. 1	https://zh.wikisource.org/wiki/%E6%97%A5%E6%9C%AC%E6%9B%B8%E7%B4%80/%E5%8D%B7%E7%AC%AC%E4%B8%80	3	deity	personal	attested		Nihon Shoki, original text (public domain), zh.wikisource; Wikidata (CC0)	0.90
Omoikane	Q586088	Omoikane, god of wisdom	boy	思兼神	Omoikane-no-kami	Japanese	Shinto		Nihon Shoki	卷第一	Nihon Shoki, vol. 1	https://zh.wikisource.org/wiki/%E6%97%A5%E6%9C%AC%E6%9B%B8%E7%B4%80/%E5%8D%B7%E7%AC%AC%E4%B8%80	5	deity	personal	attested		Nihon Shoki, original text (public domain), zh.wikisource; Wikidata (CC0)	0.90
Kushinada	Q505469	Kushinada-hime, wife of Susanoo	girl	奇稻田姬	Kushinada-hime	Japanese	Shinto		Nihon Shoki	卷第一	Nihon Shoki, vol. 1	https://zh.wikisource.org/wiki/%E6%97%A5%E6%9C%AC%E6%9B%B8%E7%B4%80/%E5%8D%B7%E7%AC%AC%E4%B8%80	2	deity	personal	attested		Nihon Shoki, original text (public domain), zh.wikisource; Wikidata (CC0)	0.90
Orochi	Q1054437	Yamata no Orochi, eight-headed serpent	boy	八岐大蛇	Yamata-no-Orochi	Japanese	Shinto		Nihon Shoki	卷第一	Nihon Shoki, vol. 1	https://zh.wikisource.org/wiki/%E6%97%A5%E6%9C%AC%E6%9B%B8%E7%B4%80/%E5%8D%B7%E7%AC%AC%E4%B8%80	2	mythological_being	personal	attested		Nihon Shoki, original text (public domain), zh.wikisource; Wikidata (CC0)	0.90
Sukunabikona	Q3275687	Sukunabikona, dwarf god of medicine	boy	少彥名	Sukuna-biko-na-no-kami	Japanese	Shinto		Nihon Shoki	卷第一	Nihon Shoki, vol. 1	https://zh.wikisource.org/wiki/%E6%97%A5%E6%9C%AC%E6%9B%B8%E7%B4%80/%E5%8D%B7%E7%AC%AC%E4%B8%80	5	deity	personal	attested		Nihon Shoki, original text (public domain), zh.wikisource; Wikidata (CC0)	0.90
Kotoshironushi	Q8009611	Kotoshironushi, oracle god	boy	事代主	Kotoshiro-nushi-no-kami	Japanese	Shinto		Nihon Shoki	卷第一	Nihon Shoki, vol. 1	https://zh.wikisource.org/wiki/%E6%97%A5%E6%9C%AC%E6%9B%B8%E7%B4%80/%E5%8D%B7%E7%AC%AC%E4%B8%80	13	deity	personal	attested		Nihon Shoki, original text (public domain), zh.wikisource; Wikidata (CC0)	0.90
Takemikazuchi	Q1502690	Takemikazuchi, thunder god	boy	武甕槌	Takemikazuchi-no-kami	Japanese	Shinto		Nihon Shoki	卷第一	Nihon Shoki, vol. 1	https://zh.wikisource.org/wiki/%E6%97%A5%E6%9C%AC%E6%9B%B8%E7%B4%80/%E5%8D%B7%E7%AC%AC%E4%B8%80	5	deity	personal	attested		Nihon Shoki, original text (public domain), zh.wikisource; Wikidata (CC0)	0.90
Hoori	Q1051960	Hoori (Yamasachi-hiko)	boy	彥火火出見	Hoori-no-mikoto	Japanese	Shinto		Nihon Shoki	卷第一	Nihon Shoki, vol. 1	https://zh.wikisource.org/wiki/%E6%97%A5%E6%9C%AC%E6%9B%B8%E7%B4%80/%E5%8D%B7%E7%AC%AC%E4%B8%80	3	deity	personal	attested		Nihon Shoki, original text (public domain), zh.wikisource; Wikidata (CC0)	0.90
Hoderi	Q2716491	Hoderi (Umisachi-hiko)	boy	火闌降	Hoderi-no-mikoto	Japanese	Shinto		Nihon Shoki	卷第二	Nihon Shoki, vol. 2	https://zh.wikisource.org/wiki/%E6%97%A5%E6%9C%AC%E6%9B%B8%E7%B4%80/%E5%8D%B7%E7%AC%AC%E4%BA%8C	4	deity	personal	attested		Nihon Shoki, original text (public domain), zh.wikisource; Wikidata (CC0)	0.90
Toyotama	Q2329261	Toyotama-hime, sea princess	girl	豐玉姫	Toyotama-hime	Japanese	Shinto		Nihon Shoki	卷第二	Nihon Shoki, vol. 2	https://zh.wikisource.org/wiki/%E6%97%A5%E6%9C%AC%E6%9B%B8%E7%B4%80/%E5%8D%B7%E7%AC%AC%E4%BA%8C	23	deity	personal	attested		Nihon Shoki, original text (public domain), zh.wikisource; Wikidata (CC0)	0.90
Tamayori	Q3082751	Tamayori-hime, mother of Emperor Jimmu	girl	玉依姫	Tamayori-hime	Japanese	Shinto		Nihon Shoki	卷第二	Nihon Shoki, vol. 2	https://zh.wikisource.org/wiki/%E6%97%A5%E6%9C%AC%E6%9B%B8%E7%B4%80/%E5%8D%B7%E7%AC%AC%E4%BA%8C	9	deity	personal	attested		Nihon Shoki, original text (public domain), zh.wikisource; Wikidata (CC0)	0.90
Jimmu	Q200188	Emperor Jimmu	boy	神日本磐余彥	Kamu-yamato-iware-biko	Japanese	Shinto		Nihon Shoki	卷第一	Nihon Shoki, vol. 1	https://zh.wikisource.org/wiki/%E6%97%A5%E6%9C%AC%E6%9B%B8%E7%B4%80/%E5%8D%B7%E7%AC%AC%E4%B8%80	6	royal	personal	attested		Nihon Shoki, original text (public domain), zh.wikisource; Wikidata (CC0)	0.90
Yamato Takeru	Q461258	Yamato Takeru, prince-hero	boy	日本武	Yamato-takeru-no-mikoto	Japanese	Shinto		Nihon Shoki	卷第七	Nihon Shoki, vol. 7	https://zh.wikisource.org/wiki/%E6%97%A5%E6%9C%AC%E6%9B%B8%E7%B4%80/%E5%8D%B7%E7%AC%AC%E4%B8%83	36	royal	personal	attested		Nihon Shoki, original text (public domain), zh.wikisource; Wikidata (CC0)	0.90
Ousu	Q461258	Yamato Takeru, prince-hero	boy	小碓	Ousu-no-mikoto	Japanese	Shinto		Nihon Shoki	卷第七	Nihon Shoki, vol. 7	https://zh.wikisource.org/wiki/%E6%97%A5%E6%9C%AC%E6%9B%B8%E7%B4%80/%E5%8D%B7%E7%AC%AC%E4%B8%83	6	royal	epithet	attested	birth name of Yamato Takeru	Nihon Shoki, original text (public domain), zh.wikisource; Wikidata (CC0)	0.90
Ototachibana	slug:shinto:kami-ototachibanahime	Ototachibana-hime, wife of Yamato Takeru		弟橘媛	Oto-tachibana-hime	Japanese	Shinto		Nihon Shoki	卷第七	Nihon Shoki, vol. 7	https://zh.wikisource.org/wiki/%E6%97%A5%E6%9C%AC%E6%9B%B8%E7%B4%80/%E5%8D%B7%E7%AC%AC%E4%B8%83	3	royal	personal	attested		Nihon Shoki, original text (public domain), zh.wikisource	0.90
Miyazu	slug:shinto:kami-miyazuhime	Miyazu-hime, wife of Yamato Takeru		宮簀媛	Miyazu-hime	Japanese	Shinto		Nihon Shoki	卷第七	Nihon Shoki, vol. 7	https://zh.wikisource.org/wiki/%E6%97%A5%E6%9C%AC%E6%9B%B8%E7%B4%80/%E5%8D%B7%E7%AC%AC%E4%B8%83	3	royal	personal	attested		Nihon Shoki, original text (public domain), zh.wikisource	0.90
Ame-no-Minakanushi	Q2842779	Ame-no-Minakanushi, first kami		天御中主	Ame-no-Minakanushi-no-kami	Japanese	Shinto		Nihon Shoki	卷第一	Nihon Shoki, vol. 1	https://zh.wikisource.org/wiki/%E6%97%A5%E6%9C%AC%E6%9B%B8%E7%B4%80/%E5%8D%B7%E7%AC%AC%E4%B8%80	1	deity	personal	attested		Nihon Shoki, original text (public domain), zh.wikisource; Wikidata (CC0)	0.90
Kuninotokotachi	slug:shinto:kami-kuninotokotachi	Kuninotokotachi, eternal land god		國常立	Kuni-no-toko-tachi-no-mikoto	Japanese	Shinto		Nihon Shoki	卷第一	Nihon Shoki, vol. 1	https://zh.wikisource.org/wiki/%E6%97%A5%E6%9C%AC%E6%9B%B8%E7%B4%80/%E5%8D%B7%E7%AC%AC%E4%B8%80	8	deity	personal	attested		Nihon Shoki, original text (public domain), zh.wikisource	0.90
Takamimusubi	Q125400	Takamimusubi, creator kami	boy	高皇產靈	Takamimusubi-no-kami	Japanese	Shinto		Nihon Shoki	卷第一	Nihon Shoki, vol. 1	https://zh.wikisource.org/wiki/%E6%97%A5%E6%9C%AC%E6%9B%B8%E7%B4%80/%E5%8D%B7%E7%AC%AC%E4%B8%80	34	deity	personal	attested		Nihon Shoki, original text (public domain), zh.wikisource; Wikidata (CC0)	0.90
Kamimusubi	Q3275901	Kamimusubi, creator kami	girl	神皇產靈	Kamimusubi-no-kami	Japanese	Shinto		Nihon Shoki	卷第一	Nihon Shoki, vol. 1	https://zh.wikisource.org/wiki/%E6%97%A5%E6%9C%AC%E6%9B%B8%E7%B4%80/%E5%8D%B7%E7%AC%AC%E4%B8%80	1	deity	personal	attested		Nihon Shoki, original text (public domain), zh.wikisource; Wikidata (CC0)	0.90
Kagutsuchi	Q1640658	Kagutsuchi, fire god	boy	軻遇突智	Kagutsuchi-no-kami	Japanese	Shinto		Nihon Shoki	卷第一	Nihon Shoki, vol. 1	https://zh.wikisource.org/wiki/%E6%97%A5%E6%9C%AC%E6%9B%B8%E7%B4%80/%E5%8D%B7%E7%AC%AC%E4%B8%80	9	deity	personal	attested		Nihon Shoki, original text (public domain), zh.wikisource; Wikidata (CC0)	0.90
Oyamatsumi	Q386563	Ōyamatsumi, mountain god	boy	大山祇	Ōyamatsumi-no-kami	Japanese	Shinto		Nihon Shoki	卷第一	Nihon Shoki, vol. 1	https://zh.wikisource.org/wiki/%E6%97%A5%E6%9C%AC%E6%9B%B8%E7%B4%80/%E5%8D%B7%E7%AC%AC%E4%B8%80	10	deity	personal	attested		Nihon Shoki, original text (public domain), zh.wikisource; Wikidata (CC0)	0.90
Ukanomitama	Q3080728	Ukanomitama, rice deity (Inari)	girl	倉稻魂	Uka-no-mitama-no-kami	Japanese	Shinto		Nihon Shoki	卷第一	Nihon Shoki, vol. 1	https://zh.wikisource.org/wiki/%E6%97%A5%E6%9C%AC%E6%9B%B8%E7%B4%80/%E5%8D%B7%E7%AC%AC%E4%B8%80	2	deity	personal	attested		Nihon Shoki, original text (public domain), zh.wikisource; Wikidata (CC0)	0.90
Sarutahiko	Q3090037	Sarutahiko, earthly guide	boy	猿田大神	Sarutahiko-no-kami	Japanese	Shinto		Nihon Shoki	卷第二	Nihon Shoki, vol. 2	https://zh.wikisource.org/wiki/%E6%97%A5%E6%9C%AC%E6%9B%B8%E7%B4%80/%E5%8D%B7%E7%AC%AC%E4%BA%8C	3	deity	personal	attested		Nihon Shoki, original text (public domain), zh.wikisource; Wikidata (CC0)	0.90
Okinaga-tarashi	Q232803	Empress Jingū	girl	氣長足姫	Okinaga-tarashi-hime	Japanese	Shinto		Nihon Shoki	卷第八	Nihon Shoki, vol. 8	https://zh.wikisource.org/wiki/%E6%97%A5%E6%9C%AC%E6%9B%B8%E7%B4%80/%E5%8D%B7%E7%AC%AC%E5%85%AB	6	royal	personal	attested		Nihon Shoki, original text (public domain), zh.wikisource; Wikidata (CC0)	0.90
Ame-no-Wakahiko	Q10940674	Ame-no-Wakahiko, envoy kami	boy	天稚	Ame-no-Wakahiko	Japanese	Shinto		Nihon Shoki	卷第二	Nihon Shoki, vol. 2	https://zh.wikisource.org/wiki/%E6%97%A5%E6%9C%AC%E6%9B%B8%E7%B4%80/%E5%8D%B7%E7%AC%AC%E4%BA%8C	27	deity	personal	attested		Nihon Shoki, original text (public domain), zh.wikisource; Wikidata (CC0)	0.90
Shitateru	Q11307233	Shitateru-hime, daughter of Ōkuninushi	girl	下照姫	Shitateru-hime	Japanese	Shinto		Nihon Shoki	卷第二	Nihon Shoki, vol. 2	https://zh.wikisource.org/wiki/%E6%97%A5%E6%9C%AC%E6%9B%B8%E7%B4%80/%E5%8D%B7%E7%AC%AC%E4%BA%8C	2	deity	personal	attested		Nihon Shoki, original text (public domain), zh.wikisource; Wikidata (CC0)	0.90
Ichikishima	Q11059454	Ichikishima-hime, Munakata goddess	girl	市杵嶋姬	Ichikishima-hime	Japanese	Shinto		Nihon Shoki	卷第一	Nihon Shoki, vol. 1	https://zh.wikisource.org/wiki/%E6%97%A5%E6%9C%AC%E6%9B%B8%E7%B4%80/%E5%8D%B7%E7%AC%AC%E4%B8%80	3	deity	personal	attested		Nihon Shoki, original text (public domain), zh.wikisource; Wikidata (CC0)	0.90
Tagitsu	slug:shinto:kami-tagitsuhime	Tagitsu-hime, Munakata goddess		湍津姬	Tagitsu-hime	Japanese	Shinto		Nihon Shoki	卷第一	Nihon Shoki, vol. 1	https://zh.wikisource.org/wiki/%E6%97%A5%E6%9C%AC%E6%9B%B8%E7%B4%80/%E5%8D%B7%E7%AC%AC%E4%B8%80	4	deity	personal	attested		Nihon Shoki, original text (public domain), zh.wikisource	0.90
Tagiri	Q10932870	Tagiri-bime (Takiri-bime), Munakata goddess	girl	田心姬	Tagiri-bime	Japanese	Shinto		Nihon Shoki	卷第一	Nihon Shoki, vol. 1	https://zh.wikisource.org/wiki/%E6%97%A5%E6%9C%AC%E6%9B%B8%E7%B4%80/%E5%8D%B7%E7%AC%AC%E4%B8%80	3	deity	personal	attested		Nihon Shoki, original text (public domain), zh.wikisource; Wikidata (CC0)	0.90
Ugayafukiaezu	slug:shinto:kami-ugayafukiaezu	Ugayafukiaezu, father of Emperor Jimmu		鸕鷀草葺不合	Ugaya-fuki-aezu-no-mikoto	Japanese	Shinto		Nihon Shoki	卷第二	Nihon Shoki, vol. 2	https://zh.wikisource.org/wiki/%E6%97%A5%E6%9C%AC%E6%9B%B8%E7%B4%80/%E5%8D%B7%E7%AC%AC%E4%BA%8C	5	deity	personal	attested		Nihon Shoki, original text (public domain), zh.wikisource	0.90
Shiotsuchi	slug:shinto:kami-shiotsuchi	Shiotsuchi, tide god		鹽土老翁	Shiotsuchi-no-kami	Japanese	Shinto		Nihon Shoki	卷第二	Nihon Shoki, vol. 2	https://zh.wikisource.org/wiki/%E6%97%A5%E6%9C%AC%E6%9B%B8%E7%B4%80/%E5%8D%B7%E7%AC%AC%E4%BA%8C	5	deity	personal	attested		Nihon Shoki, original text (public domain), zh.wikisource	0.90
Tenri-O-no-Mikoto	slug:tenrikyo:tenri-o-no-mikoto	Tenri-O-no-Mikoto, God the Parent of Tenrikyo		てんりわうのみこと	Tenri-ō-no-mikoto	Japanese	Tenrikyo		Mikagura-uta	第一節	Mikagura-uta, 第一節	https://ja.wikisource.org/wiki/%E3%81%BF%E3%81%8B%E3%81%90%E3%82%89%E3%81%86%E3%81%9F	2	deity	divine	attested		Mikagura-uta (Nakayama Miki, public domain), ja.wikisource	0.90
