name	figure_id	figure	sex	original	translit	language	tradition	subtradition	corpus	text	passage	url	occurrences	entity_type	name_role	status	relation	source	confidence
Akanittha	slug:buddhist:akanitthaa	Akaniṭṭhā, a class of devas, living in the highest of the five Suddhāvasā (Pure…		Akaniṭṭhā	Akaniṭṭhā	Pali	Buddhist	Theravada	Pali Canon	Digha Nikaya	DN 14:3.31.3	https://suttacentral.net/dn14		mythological_being	word	attested		SuttaCentral bilara-data Mahāsaṅgīti Pāli (CC0); names from DPPN, SuttaCentral sc-data edition	0.85
Aggalapura	slug:buddhist:aggalapura	Aggaḷapura, town		Aggaḷapura	Aggaḷapura	Pali	Buddhist	Theravada	Pali Canon	Vinaya Pitaka	Kd 22:1.9.34	https://suttacentral.net/pli-tv-kd22	4	place	word	attested		SuttaCentral bilara-data Mahāsaṅgīti Pāli (CC0); names from DPPN, SuttaCentral sc-data edition	0.95
Aggalave Cetiye	slug:buddhist:aggaalave-cetiye	Aggāḷave Cetiye, shrine		Aggāḷave Cetiye	Aggāḷave Cetiye	Pali	Buddhist	Theravada	Pali Canon	Samyutta Nikaya	SN 8.1:1.2	https://suttacentral.net/sn8.1	15	place	word	attested		SuttaCentral bilara-data Mahāsaṅgīti Pāli (CC0); names from DPPN, SuttaCentral sc-data edition	0.95
Bharadvaja	slug:buddhist:aggikabhaaradvaaja-2	Aggikabhāradvāja, a brahmin of Rājagaha, a fire-tender (DPPN Aggikabhāradvāja 2)	boy	Bhāradvāja	Bhāradvāja	Pali	Buddhist	Theravada	Pali Canon	Samyutta Nikaya	SN 7.7:5.3	https://suttacentral.net/sn7.7		human	personal	attested	another name of Aggikabhāradvāja	SuttaCentral bilara-data Mahāsaṅgīti Pāli (CC0); names from DPPN, SuttaCentral sc-data edition	0.85
Aggidatta	slug:buddhist:aggidatta	Aggidatta, a brahmin of Khemavatī, father of the Buddha Kakusandha	boy	Aggidatta	Aggidatta	Pali	Buddhist	Theravada	Pali Canon	Digha Nikaya	DN 14:1.12.10	https://suttacentral.net/dn14	2	human	personal	attested		SuttaCentral bilara-data Mahāsaṅgīti Pāli (CC0); names from DPPN, SuttaCentral sc-data edition	0.95
Aggivessana	slug:buddhist:aggivessana	Aggivessana, Probably the name of a brahmin clan, the Agnivesyāyanas, and the…		Aggivessana	Aggivessana	Pali	Buddhist	Theravada	Pali Canon	Digha Nikaya	DN 2:28.3	https://suttacentral.net/dn2	266	human	personal	attested		SuttaCentral bilara-data Mahāsaṅgīti Pāli (CC0); names from DPPN, SuttaCentral sc-data edition	0.95
Anga	slug:buddhist:anga	Aṅga, janapada		Aṅga	Aṅga	Pali	Buddhist	Theravada	Pali Canon	Anguttara Nikaya	AN 3.70:19.4	https://suttacentral.net/an3.70		place	word	attested		SuttaCentral bilara-data Mahāsaṅgīti Pāli (CC0); names from DPPN, SuttaCentral sc-data edition	0.85
Angaka	slug:buddhist:angaka	Aṅgaka, Nephew (sister’s son) of Soṇadaṇḍa	boy	Aṅgaka	Aṅgaka	Pali	Buddhist	Theravada	Pali Canon	Digha Nikaya	DN 4:20.1	https://suttacentral.net/dn4	6	human	personal	attested		SuttaCentral bilara-data Mahāsaṅgīti Pāli (CC0); names from DPPN, SuttaCentral sc-data edition	0.95
Angirasi	slug:buddhist:angiirasi-1	Aṅgīrasi, a term of affection (Radiant One) used by Pañcasikha in addressing… (DPPN Aṅgīrasi 1)		Aṅgīrasi	Aṅgīrasi	Pali	Buddhist	Theravada	Pali Canon	Digha Nikaya	DN 21:1.5.7	https://suttacentral.net/dn21		human	personal	attested		SuttaCentral bilara-data Mahāsaṅgīti Pāli (CC0); names from DPPN, SuttaCentral sc-data edition	0.85
Angirasa	slug:buddhist:angiirasa-2	Aṅgīrasa, one of the ten ancient seers who conducted great sacrifices and were… (DPPN Aṅgīrasa 2)		Aṅgīrasa	Aṅgīrasa	Pali	Buddhist	Theravada	Pali Canon	Digha Nikaya	DN 13:13.1	https://suttacentral.net/dn13		human	personal	attested		SuttaCentral bilara-data Mahāsaṅgīti Pāli (CC0); names from DPPN, SuttaCentral sc-data edition	0.85
Angulimala	Q263512	Aṅgulimāla, robber turned monk	boy	Aṅgulimāla	Aṅgulimāla	Pali	Buddhist	Theravada	Pali Canon	Majjhima Nikaya	MN 86:2.1	https://suttacentral.net/mn86		disciple	personal	attested	Pali form of Sanskrit Aṅgulimāla	SuttaCentral bilara-data Mahāsaṅgīti Pāli (CC0); names from DPPN, SuttaCentral sc-data edition; Wikidata (CC0)	0.85
Ahimsaka	Q263512	Aṅgulimāla, robber turned monk	boy	Ahiṁsaka	Ahiṁsaka	Pali	Buddhist	Theravada	Pali Canon	Theragatha	Thag 16.8:14.1	https://suttacentral.net/thag16.8		disciple	personal	attested	another name of Aṅgulimāla; Pali form of Sanskrit Aṅgulimāla	SuttaCentral bilara-data Mahāsaṅgīti Pāli (CC0); names from DPPN, SuttaCentral sc-data edition; Wikidata (CC0)	0.85
Gagga	Q263512	Aṅgulimāla, robber turned monk	boy	Gagga	Gagga	Pali	Buddhist	Theravada	Pali Canon	Majjhima Nikaya	MN 86:12.12	https://suttacentral.net/mn86		disciple	epithet	attested	epithet of Aṅgulimāla; Pali form of Sanskrit Aṅgulimāla	SuttaCentral bilara-data Mahāsaṅgīti Pāli (CC0); names from DPPN, SuttaCentral sc-data edition; Wikidata (CC0)	0.85
Mantaniputta	Q263512	Aṅgulimāla, robber turned monk	boy	Mantāniputta	Mantāniputta	Pali	Buddhist	Theravada	Pali Canon	Samyutta Nikaya	SN 14.15:1.6	https://suttacentral.net/sn14.15	2	disciple	epithet	attested	epithet of Aṅgulimāla; Pali form of Sanskrit Aṅgulimāla	SuttaCentral bilara-data Mahāsaṅgīti Pāli (CC0); names from DPPN, SuttaCentral sc-data edition; Wikidata (CC0)	0.85
Aciravati	slug:buddhist:aciravatii	Aciravatī, river		Aciravatī	Aciravatī	Pali	Buddhist	Theravada	Pali Canon	Digha Nikaya	DN 13:1.3	https://suttacentral.net/dn13		place	word	attested		SuttaCentral bilara-data Mahāsaṅgīti Pāli (CC0); names from DPPN, SuttaCentral sc-data edition	0.85
Acela	slug:buddhist:acelakassapa-1	Acelakassapa, a naked ascetic (DPPN Acelakassapa 1)	boy	Acela	Acela	Pali	Buddhist	Theravada	Pali Canon	Digha Nikaya	DN 8:1.3	https://suttacentral.net/dn8		human	epithet	attested	epithet of Acelakassapa	SuttaCentral bilara-data Mahāsaṅgīti Pāli (CC0); names from DPPN, SuttaCentral sc-data edition	0.85
Kassapa	slug:buddhist:acelakassapa-1	Acelakassapa, a naked ascetic (DPPN Acelakassapa 1)	boy	Kassapa	Kassapa	Pali	Buddhist	Theravada	Pali Canon	Digha Nikaya	DN 8:1.3	https://suttacentral.net/dn8		human	epithet	attested	epithet of Acelakassapa	SuttaCentral bilara-data Mahāsaṅgīti Pāli (CC0); names from DPPN, SuttaCentral sc-data edition	0.85
Accutagamabyamaka	slug:buddhist:accutagaamabyaamaka	Accutagāmabyāmaka, one of the Pacceka Buddhas in a nominal list		Accutagāmabyāmaka	Accutagāmabyāmaka	Pali	Buddhist	Theravada	Pali Canon	Majjhima Nikaya	MN 116:6.18	https://suttacentral.net/mn116	1	sage	personal	attested		SuttaCentral bilara-data Mahāsaṅgīti Pāli (CC0); names from DPPN, SuttaCentral sc-data edition	0.95
Ajakarani	slug:buddhist:ajakaranii	Ajakaraṇī, river		Ajakaraṇī	Ajakaraṇī	Pali	Buddhist	Theravada	Pali Canon	Theragatha	Thag 4.11:1.4	https://suttacentral.net/thag4.11	3	place	word	attested		SuttaCentral bilara-data Mahāsaṅgīti Pāli (CC0); names from DPPN, SuttaCentral sc-data edition	0.95
Ajakalapaka	slug:buddhist:ajakalaapaka	Ajakalāpaka, a Yakkha who tried to frighten the Buddha, but who, later, became his…	boy	Ajakalāpaka	Ajakalāpaka	Pali	Buddhist	Theravada	Pali Canon	Udana	Ud 1.7:1.2	https://suttacentral.net/ud1.7	3	mythological_being	personal	attested		SuttaCentral bilara-data Mahāsaṅgīti Pāli (CC0); names from DPPN, SuttaCentral sc-data edition	0.85
Ajakalapaka Cetiya	slug:buddhist:ajakalaapakacetiya	Ajakalāpakacetiya, shrine		Ajakalāpaka Cetiya	Ajakalāpaka Cetiya	Pali	Buddhist	Theravada	Pali Canon	Udana	Ud 1.7:1.2	https://suttacentral.net/ud1.7	1	place	word	attested		SuttaCentral bilara-data Mahāsaṅgīti Pāli (CC0); names from DPPN, SuttaCentral sc-data edition	0.85
Ajapalanigrodha	slug:buddhist:ajapaalanigrodha	Ajapālanigrodha, shrine		Ajapālanigrodha	Ajapālanigrodha	Pali	Buddhist	Theravada	Pali Canon	Digha Nikaya	DN 16:3.34.1	https://suttacentral.net/dn16		place	word	attested		SuttaCentral bilara-data Mahāsaṅgīti Pāli (CC0); names from DPPN, SuttaCentral sc-data edition	0.85
Ajatasattu	Q379242	Ajātasattu, king of Magadha	boy	Ajātasattu	Ajātasattu	Pali	Buddhist	Theravada	Pali Canon	Digha Nikaya	DN 2:1.3	https://suttacentral.net/dn2	114	royal	personal	attested	Pali form of Sanskrit Ajātaśatru	SuttaCentral bilara-data Mahāsaṅgīti Pāli (CC0); names from DPPN, SuttaCentral sc-data edition; Wikidata (CC0)	0.95
Vedehiputta	Q379242	Ajātasattu, king of Magadha	boy	Vedehiputta	Vedehiputta	Pali	Buddhist	Theravada	Pali Canon	Digha Nikaya	DN 2:1.3	https://suttacentral.net/dn2		royal	epithet	attested	epithet of Ajātasattu; Pali form of Sanskrit Ajātaśatru	SuttaCentral bilara-data Mahāsaṅgīti Pāli (CC0); names from DPPN, SuttaCentral sc-data edition; Wikidata (CC0)	0.85
Ajita	slug:buddhist:ajita-1	Ajita, a monk (DPPN Ajita 1)	boy	Ajita	Ajita	Pali	Buddhist	Theravada	Pali Canon	Vinaya Pitaka	Kd 22:2.7.24	https://suttacentral.net/pli-tv-kd22		disciple	personal	attested		SuttaCentral bilara-data Mahāsaṅgīti Pāli (CC0); names from DPPN, SuttaCentral sc-data edition	0.85
Ajita	slug:buddhist:ajita-3	Ajita, General of the Licchavis and follower of the Buddha (DPPN Ajita 3)	boy	Ajita	Ajita	Pali	Buddhist	Theravada	Pali Canon	Digha Nikaya	DN 24:1.18.23	https://suttacentral.net/dn24		human	personal	attested		SuttaCentral bilara-data Mahāsaṅgīti Pāli (CC0); names from DPPN, SuttaCentral sc-data edition	0.85
Ajina	slug:buddhist:ajita-4	Ajita, a monk whose Theragāthā verses speak of how sometimes the wise are… (DPPN Ajita 4)	boy	Ajina	Ajina	Pali	Buddhist	Theravada	Pali Canon	Theragatha	Thag 2.5:2.5	https://suttacentral.net/thag2.5		disciple	epithet	attested	epithet of Ajita	SuttaCentral bilara-data Mahāsaṅgīti Pāli (CC0); names from DPPN, SuttaCentral sc-data edition	0.85
Ajita Kesakambala	Q153187	Ajita Kesakambala, teacher	boy	Ajita Kesakambala	Ajita Kesakambala	Pali	Buddhist	Theravada	Pali Canon	Digha Nikaya	DN 2:4.2	https://suttacentral.net/dn2	20	human	personal	attested	Pali form of Sanskrit Ajita Keśakambala	SuttaCentral bilara-data Mahāsaṅgīti Pāli (CC0); names from DPPN, SuttaCentral sc-data edition; Wikidata (CC0)	0.95
Kesakambala	Q153187	Ajita Kesakambala, teacher	boy	Kesakambala	Kesakambala	Pali	Buddhist	Theravada	Pali Canon	Digha Nikaya	DN 2:4.2	https://suttacentral.net/dn2		human	personal	attested	another name of Ajitakesakambala; Pali form of Sanskrit Ajita Keśakambala	SuttaCentral bilara-data Mahāsaṅgīti Pāli (CC0); names from DPPN, SuttaCentral sc-data edition; Wikidata (CC0)	0.85
Ajita	Q153187	Ajita Kesakambala, teacher	boy	Ajita	Ajita	Pali	Buddhist	Theravada	Pali Canon	Digha Nikaya	DN 2:4.2	https://suttacentral.net/dn2		human	epithet	attested	epithet of Ajitakesakambala; Pali form of Sanskrit Ajita Keśakambala	SuttaCentral bilara-data Mahāsaṅgīti Pāli (CC0); names from DPPN, SuttaCentral sc-data edition; Wikidata (CC0)	0.85
Ajita	slug:buddhist:ajitamaanava	Ajitamāṇava, one of the disciples of Bāvarī who visited the Buddha at the request…	boy	Ajita	Ajita	Pali	Buddhist	Theravada	Pali Canon	Theragatha	Thag 1.20:1.5	https://suttacentral.net/thag1.20		disciple	epithet	attested	epithet of Ajitamāṇava	SuttaCentral bilara-data Mahāsaṅgīti Pāli (CC0); names from DPPN, SuttaCentral sc-data edition	0.85
Ajjuka	slug:buddhist:ajjuka	Ajjuka, a monk of Vesālī	boy	Ajjuka	Ajjuka	Pali	Buddhist	Theravada	Pali Canon	Vinaya Pitaka	Bu Pj 2:6.4.51	https://suttacentral.net/pli-tv-bu-vb-pj2		disciple	personal	attested		SuttaCentral bilara-data Mahāsaṅgīti Pāli (CC0); names from DPPN, SuttaCentral sc-data edition	0.85
Ajjuna	slug:buddhist:ajjuna	Ajjuna, a monk whose Theragāthā verse describes understanding the Dhamma as…	boy	Ajjuna	Ajjuna	Pali	Buddhist	Theravada	Pali Canon	Theragatha	Thag 1.88:1.5	https://suttacentral.net/thag1.88		disciple	personal	attested		SuttaCentral bilara-data Mahāsaṅgīti Pāli (CC0); names from DPPN, SuttaCentral sc-data edition	0.85
Anjanavana	slug:buddhist:anjanavana	Añjanavana, park		Añjanavana	Añjanavana	Pali	Buddhist	Theravada	Pali Canon	Samyutta Nikaya	SN 46.6:1.1	https://suttacentral.net/sn46.6		place	word	attested		SuttaCentral bilara-data Mahāsaṅgīti Pāli (CC0); names from DPPN, SuttaCentral sc-data edition	0.85
Kondanna	Q2708070	Aññāsi Koṇḍañña, first disciple	boy	Koṇḍañña	Koṇḍañña	Pali	Buddhist	Theravada	Pali Canon	Theragatha	Thag 15.1:7.2	https://suttacentral.net/thag15.1		human	personal	attested	another name of Aññātakoṇḍañña; Pali form of Sanskrit Ājñātakauṇḍinya	SuttaCentral bilara-data Mahāsaṅgīti Pāli (CC0); names from DPPN, SuttaCentral sc-data edition; Wikidata (CC0)	0.85
Atata	slug:buddhist:atata	Aṭaṭa, hell		Aṭaṭa	Aṭaṭa	Pali	Buddhist	Theravada	Pali Canon	Samyutta Nikaya	SN 6.10:6.5	https://suttacentral.net/sn6.10		place	word	attested		SuttaCentral bilara-data Mahāsaṅgīti Pāli (CC0); names from DPPN, SuttaCentral sc-data edition	0.85
Atthaka	slug:buddhist:atthaka-1	Aṭṭhaka, a celebrated sage, composer and reciter of sacred runes, mentioned… (DPPN Aṭṭhaka 1)		Aṭṭhaka	Aṭṭhaka	Pali	Buddhist	Theravada	Pali Canon	Digha Nikaya	DN 3:2.8.1	https://suttacentral.net/dn3		human	personal	attested		SuttaCentral bilara-data Mahāsaṅgīti Pāli (CC0); names from DPPN, SuttaCentral sc-data edition	0.85
Atthaka	slug:buddhist:atthaka-2	Aṭṭhaka, a Pacceka Buddha mentioned in a nominal list (DPPN Aṭṭhaka 2)		Aṭṭhaka	Aṭṭhaka	Pali	Buddhist	Theravada	Pali Canon	Majjhima Nikaya	MN 116:6.5	https://suttacentral.net/mn116		sage	personal	attested		SuttaCentral bilara-data Mahāsaṅgīti Pāli (CC0); names from DPPN, SuttaCentral sc-data edition	0.85
Atthama	slug:buddhist:atthama	Aṭṭhama, Pacceka Buddha, one of the names given in a list of such		Aṭṭhama	Aṭṭhama	Pali	Buddhist	Theravada	Pali Canon	Majjhima Nikaya	MN 116:6.1	https://suttacentral.net/mn116		sage	personal	attested		SuttaCentral bilara-data Mahāsaṅgīti Pāli (CC0); names from DPPN, SuttaCentral sc-data edition	0.85
Atappa Deva	slug:buddhist:atappaadevaa	Atappādevā, a class of devas whose company mortals long for		Atappā Devā	Atappā Devā	Pali	Buddhist	Theravada	Pali Canon	Digha Nikaya	DN 14:3.31.1	https://suttacentral.net/dn14	4	mythological_being	word	attested		SuttaCentral bilara-data Mahāsaṅgīti Pāli (CC0); names from DPPN, SuttaCentral sc-data edition	0.95
Addhariya	slug:buddhist:addhariyaa	Addhariyā, the word occurs in a list of brahmin teachers in the Tevijja Sutta		Addhariyā	Addhariyā	Pali	Buddhist	Theravada	Pali Canon	Digha Nikaya	DN 13:10.2	https://suttacentral.net/dn13		human	personal	attested		SuttaCentral bilara-data Mahāsaṅgīti Pāli (CC0); names from DPPN, SuttaCentral sc-data edition	0.85
Adhimutta	slug:buddhist:adhimutta	Adhimutta, a Brahmin of Sāvatthī	boy	Adhimutta	Adhimutta	Pali	Buddhist	Theravada	Pali Canon	Theragatha	Thag 1.114:1.5	https://suttacentral.net/thag1.114		human	personal	attested		SuttaCentral bilara-data Mahāsaṅgīti Pāli (CC0); names from DPPN, SuttaCentral sc-data edition	0.85
Anathapindika	Q2264464	Anāthapiṇḍika, lay patron	boy	Anāthapiṇḍika	Anāthapiṇḍika	Pali	Buddhist	Theravada	Pali Canon	Anguttara Nikaya	AN 1.249:1.1	https://suttacentral.net/an1.248-257		human	personal	attested	Pali form of Sanskrit Anāthapiṇḍada	SuttaCentral bilara-data Mahāsaṅgīti Pāli (CC0); names from DPPN, SuttaCentral sc-data edition; Wikidata (CC0)	0.85
Anigha	slug:buddhist:aniigha	Anīgha, a Pacceka Buddha; occurs in a list of Pacceka Buddhas		Anīgha	Anīgha	Pali	Buddhist	Theravada	Pali Canon	Majjhima Nikaya	MN 116:5.1	https://suttacentral.net/mn116		sage	personal	attested		SuttaCentral bilara-data Mahāsaṅgīti Pāli (CC0); names from DPPN, SuttaCentral sc-data edition	0.85
Anupiya	slug:buddhist:anupiya	Anupiya, town		Anupiya	Anupiya	Pali	Buddhist	Theravada	Pali Canon	Digha Nikaya	DN 24:1.1.2	https://suttacentral.net/dn24	4	place	word	attested		SuttaCentral bilara-data Mahāsaṅgīti Pāli (CC0); names from DPPN, SuttaCentral sc-data edition	0.95
Anuradha	slug:buddhist:anuraadha	Anurādha, an Elder	boy	Anurādha	Anurādha	Pali	Buddhist	Theravada	Pali Canon	Samyutta Nikaya	SN 22.86:1.2	https://suttacentral.net/sn22.86	43	disciple	personal	attested		SuttaCentral bilara-data Mahāsaṅgīti Pāli (CC0); names from DPPN, SuttaCentral sc-data edition	0.95
Anuruddha	Q3306373	Anuruddha, disciple and the Buddha's cousin	boy	Anuruddha	Anuruddha	Pali	Buddhist	Theravada	Pali Canon	Digha Nikaya	DN 16:6.8.2	https://suttacentral.net/dn16		disciple	personal	attested	Pali form of Sanskrit Aniruddha	SuttaCentral bilara-data Mahāsaṅgīti Pāli (CC0); names from DPPN, SuttaCentral sc-data edition; Wikidata (CC0)	0.85
Anupama	slug:buddhist:anuupama	Anūpama, a monk whose verses are recorded in the Theragāthā	boy	Anūpama	Anūpama	Pali	Buddhist	Theravada	Pali Canon	Theragatha	Thag 2.47:2.5	https://suttacentral.net/thag2.47		disciple	personal	attested		SuttaCentral bilara-data Mahāsaṅgīti Pāli (CC0); names from DPPN, SuttaCentral sc-data edition	0.85
Anejaka	slug:buddhist:anejakaa	Anejakā, a class of devas mentioned as having been present on the occasion of…		Anejakā	Anejakā	Pali	Buddhist	Theravada	Pali Canon	Digha Nikaya	DN 20:15.6	https://suttacentral.net/dn20	1	mythological_being	word	attested		SuttaCentral bilara-data Mahāsaṅgīti Pāli (CC0); names from DPPN, SuttaCentral sc-data edition	0.85
Anotatta	slug:buddhist:anotatta	Anotatta, lake		Anotatta	Anotatta	Pali	Buddhist	Theravada	Pali Canon	Theragatha	Thag 6.10:2.2	https://suttacentral.net/thag6.10		place	word	attested		SuttaCentral bilara-data Mahāsaṅgīti Pāli (CC0); names from DPPN, SuttaCentral sc-data edition	0.85
Anopama	slug:buddhist:anopamaa	Anopamā, Daughter of the Treasurer Majjha of Sāketa	girl	Anopamā	Anopamā	Pali	Buddhist	Theravada	Pali Canon	Therigatha	Thig 6.5:2.4	https://suttacentral.net/thig6.5		human	personal	attested		SuttaCentral bilara-data Mahāsaṅgīti Pāli (CC0); names from DPPN, SuttaCentral sc-data edition	0.85
Anganikabharadvaja	slug:buddhist:anganikabhaaradvaaja	Aṅgaṇikabhāradvāja, a brahmin fire-worshipper who practiced asceticism to gain immortality	boy	Aṅgaṇikabhāradvāja	Aṅgaṇikabhāradvāja	Pali	Buddhist	Theravada	Pali Canon	Theragatha	Thag 3.1:3.5	https://suttacentral.net/thag3.1	1	human	personal	attested		SuttaCentral bilara-data Mahāsaṅgīti Pāli (CC0); names from DPPN, SuttaCentral sc-data edition	0.95
Anganika	slug:buddhist:anganikabhaaradvaaja	Aṅgaṇikabhāradvāja, a brahmin fire-worshipper who practiced asceticism to gain immortality	boy	Aṅgaṇika	Aṅgaṇika	Pali	Buddhist	Theravada	Pali Canon	Theragatha	Thag 3.16:4.1	https://suttacentral.net/thag3.16	1	human	epithet	attested	epithet of Aṅgaṇikabhāradvāja	SuttaCentral bilara-data Mahāsaṅgīti Pāli (CC0); names from DPPN, SuttaCentral sc-data edition	0.85
Anguttarapa	slug:buddhist:anguttaraapa	Aṅguttarāpa, region		Aṅguttarāpa	Aṅguttarāpa	Pali	Buddhist	Theravada	Pali Canon	Majjhima Nikaya	MN 54:1.2	https://suttacentral.net/mn54	14	place	word	attested		SuttaCentral bilara-data Mahāsaṅgīti Pāli (CC0); names from DPPN, SuttaCentral sc-data edition	0.95
Andhakavinda	slug:buddhist:andhakavinda	Andhakavinda, town		Andhakavinda	Andhakavinda	Pali	Buddhist	Theravada	Pali Canon	Vinaya Pitaka	Kd 2:12.1.1	https://suttacentral.net/pli-tv-kd2		place	word	attested		SuttaCentral bilara-data Mahāsaṅgīti Pāli (CC0); names from DPPN, SuttaCentral sc-data edition	0.85
Andhavana	slug:buddhist:andhavana	Andhavana, park		Andhavana	Andhavana	Pali	Buddhist	Theravada	Pali Canon	Majjhima Nikaya	MN 23:1.3	https://suttacentral.net/mn23		place	word	attested		SuttaCentral bilara-data Mahāsaṅgīti Pāli (CC0); names from DPPN, SuttaCentral sc-data edition	0.85
Ambagama	slug:buddhist:ambagaama	Ambagāma, town		Ambagāma	Ambagāma	Pali	Buddhist	Theravada	Pali Canon	Digha Nikaya	DN 16:4.5.3	https://suttacentral.net/dn16	1	place	word	attested		SuttaCentral bilara-data Mahāsaṅgīti Pāli (CC0); names from DPPN, SuttaCentral sc-data edition	0.95
Aparagoyana	slug:buddhist:aparagoyaana	Aparagoyāna, continent		Aparagoyāna	Aparagoyāna	Pali	Buddhist	Theravada	Pali Canon	Anguttara Nikaya	AN 3.80:4.2	https://suttacentral.net/an3.80	2	place	word	attested		SuttaCentral bilara-data Mahāsaṅgīti Pāli (CC0); names from DPPN, SuttaCentral sc-data edition	0.95
Aparajita	slug:buddhist:aparaajita	Aparājita, one of the Pacceka Buddhas mentioned in the Isigili Sutta		Aparājita	Aparājita	Pali	Buddhist	Theravada	Pali Canon	Majjhima Nikaya	MN 116:6.12	https://suttacentral.net/mn116		sage	personal	attested		SuttaCentral bilara-data Mahāsaṅgīti Pāli (CC0); names from DPPN, SuttaCentral sc-data edition	0.85
Aputtaka	slug:buddhist:aputtaka	Aputtaka, a wealthy burgess of Sāvatthī who died intestate	boy	Aputtaka	Aputtaka	Pali	Buddhist	Theravada	Pali Canon	Samyutta Nikaya	SN 3.19:2.2	https://suttacentral.net/sn3.19		human	personal	attested		SuttaCentral bilara-data Mahāsaṅgīti Pāli (CC0); names from DPPN, SuttaCentral sc-data edition	0.85
Appamanasubha	slug:buddhist:appamaanasubhaa	Appamāṇasubhā, a class of devas of the Rupaloka belonging to the plane of third jhāna		Appamāṇasubhā	Appamāṇasubhā	Pali	Buddhist	Theravada	Pali Canon	Majjhima Nikaya	MN 120:20.7	https://suttacentral.net/mn120		mythological_being	word	attested		SuttaCentral bilara-data Mahāsaṅgīti Pāli (CC0); names from DPPN, SuttaCentral sc-data edition	0.85
Appamanabha	slug:buddhist:appamaanaabhaa	Appamāṇābhā, a class of devas of the Rūpaloka, belonging to the plane of second…		Appamāṇābhā	Appamāṇābhā	Pali	Buddhist	Theravada	Pali Canon	Majjhima Nikaya	MN 120:19.8	https://suttacentral.net/mn120		mythological_being	word	attested		SuttaCentral bilara-data Mahāsaṅgīti Pāli (CC0); names from DPPN, SuttaCentral sc-data edition	0.85
Ababa	slug:buddhist:ababa	Ababa, hell		Ababa	Ababa	Pali	Buddhist	Theravada	Pali Canon	Samyutta Nikaya	SN 6.10:6.4	https://suttacentral.net/sn6.10		place	word	attested		SuttaCentral bilara-data Mahāsaṅgīti Pāli (CC0); names from DPPN, SuttaCentral sc-data edition	0.85
Abbuda	slug:buddhist:abbuda	Abbuda, hell		Abbuda	Abbuda	Pali	Buddhist	Theravada	Pali Canon	Samyutta Nikaya	SN 6.10:6.2	https://suttacentral.net/sn6.10		place	word	attested		SuttaCentral bilara-data Mahāsaṅgīti Pāli (CC0); names from DPPN, SuttaCentral sc-data edition	0.85
Abhaya	slug:buddhist:abhaya-1	Abhaya, a monk whose verse concerning the bewildering effects of beautiful… (DPPN Abhaya 1)	boy	Abhaya	Abhaya	Pali	Buddhist	Theravada	Pali Canon	Theragatha	Thag 1.98:1.7	https://suttacentral.net/thag1.98		disciple	personal	attested		SuttaCentral bilara-data Mahāsaṅgīti Pāli (CC0); names from DPPN, SuttaCentral sc-data edition	0.85
Abhaya	slug:buddhist:abhaya-2	Abhaya, the son of King Bimbisāra and of Padumavatī, the belle of Ujjeni (DPPN Abhaya 2)	boy	Abhaya	Abhaya	Pali	Buddhist	Theravada	Pali Canon	Theragatha	Thag 1.26:1.5	https://suttacentral.net/thag1.26		royal	personal	attested		SuttaCentral bilara-data Mahāsaṅgīti Pāli (CC0); names from DPPN, SuttaCentral sc-data edition	0.85
Abhaya Rajakumara	slug:buddhist:abhaya-2	Abhaya, the son of King Bimbisāra and of Padumavatī, the belle of Ujjeni (DPPN Abhaya 2)	boy	Abhaya Rājakumāra	Abhaya Rājakumāra	Pali	Buddhist	Theravada	Pali Canon	Majjhima Nikaya	MN 58:2.1	https://suttacentral.net/mn58	28	royal	epithet	attested	epithet of Abhaya	SuttaCentral bilara-data Mahāsaṅgīti Pāli (CC0); names from DPPN, SuttaCentral sc-data edition	0.95
Abhaya	slug:buddhist:abhaya-3	Abhaya, a Licchavi of Vesāli (DPPN Abhaya 3)	boy	Abhaya	Abhaya	Pali	Buddhist	Theravada	Pali Canon	Anguttara Nikaya	AN 4.196:1.2	https://suttacentral.net/an4.196		human	personal	attested		SuttaCentral bilara-data Mahāsaṅgīti Pāli (CC0); names from DPPN, SuttaCentral sc-data edition	0.85
Abhayamata	slug:buddhist:abhayamaataa	Abhayamātā, a Therī	girl	Abhayamātā	Abhayamātā	Pali	Buddhist	Theravada	Pali Canon	Therigatha	Thig 2.8:3.1	https://suttacentral.net/thig2.8	1	disciple	personal	attested		SuttaCentral bilara-data Mahāsaṅgīti Pāli (CC0); names from DPPN, SuttaCentral sc-data edition	0.95
Abhaya	slug:buddhist:abhayaa	Abhayā, a Therī	girl	Abhayā	Abhayā	Pali	Buddhist	Theravada	Pali Canon	Therigatha	Thig 2.9:1.1	https://suttacentral.net/thig2.9		disciple	personal	attested		SuttaCentral bilara-data Mahāsaṅgīti Pāli (CC0); names from DPPN, SuttaCentral sc-data edition	0.85
Abhibhu	slug:buddhist:abhibhuu-2	Abhibhū, a class of devas belonging to the formless plane (DPPN Abhibhū 2)		Abhibhū	Abhibhū	Pali	Buddhist	Theravada	Pali Canon	Majjhima Nikaya	MN 1:14.1	https://suttacentral.net/mn1		mythological_being	word	attested		SuttaCentral bilara-data Mahāsaṅgīti Pāli (CC0); names from DPPN, SuttaCentral sc-data edition	0.85
Abhibhuta	slug:buddhist:abhibhuuta	Abhibhūta, three verses ascribed to Abhibhūta occur in the Theragāthā, addressd…	boy	Abhibhūta	Abhibhūta	Pali	Buddhist	Theravada	Pali Canon	Theragatha	Thag 3.13:3.5	https://suttacentral.net/thag3.13		disciple	personal	attested		SuttaCentral bilara-data Mahāsaṅgīti Pāli (CC0); names from DPPN, SuttaCentral sc-data edition	0.85
Abhirupananda	slug:buddhist:abhiruupanandaa	Abhirūpanandā, the two verses preached to her by the Buddha are given in the…	girl	Abhirūpanandā	Abhirūpanandā	Pali	Buddhist	Theravada	Pali Canon	Therigatha	Thig 2.1:3.1	https://suttacentral.net/thig2.1	2	disciple	personal	attested		SuttaCentral bilara-data Mahāsaṅgīti Pāli (CC0); names from DPPN, SuttaCentral sc-data edition	0.95
Nanda	slug:buddhist:abhiruupanandaa	Abhirūpanandā, the two verses preached to her by the Buddha are given in the…	girl	Nandā	Nandā	Pali	Buddhist	Theravada	Pali Canon	Therigatha	Thig 2.1:1.2	https://suttacentral.net/thig2.1		disciple	epithet	attested	epithet of Abhirūpanandā	SuttaCentral bilara-data Mahāsaṅgīti Pāli (CC0); names from DPPN, SuttaCentral sc-data edition	0.85
Ambattha	slug:buddhist:ambattha	Ambaṭṭha, a brahmin youth of the Ambaṭṭha clan who lived with his teacher,…	boy	Ambaṭṭha	Ambaṭṭha	Pali	Buddhist	Theravada	Pali Canon	Digha Nikaya	DN 3:1.3.1	https://suttacentral.net/dn3	165	human	personal	attested		SuttaCentral bilara-data Mahāsaṅgīti Pāli (CC0); names from DPPN, SuttaCentral sc-data edition	0.95
Ambatthamanava	slug:buddhist:ambattha	Ambaṭṭha, a brahmin youth of the Ambaṭṭha clan who lived with his teacher,…	boy	Ambaṭṭhamāṇava	Ambaṭṭhamāṇava	Pali	Buddhist	Theravada	Pali Canon	Digha Nikaya	DN 3:1.3.0	https://suttacentral.net/dn3		human	epithet	attested	epithet of Ambaṭṭha	SuttaCentral bilara-data Mahāsaṅgīti Pāli (CC0); names from DPPN, SuttaCentral sc-data edition	0.85
Ambatittha	slug:buddhist:ambatittha	Ambatittha, town		Ambatittha	Ambatittha	Pali	Buddhist	Theravada	Pali Canon	Vinaya Pitaka	Bu Pc 51:1.3	https://suttacentral.net/pli-tv-bu-vb-pc51	5	place	word	attested		SuttaCentral bilara-data Mahāsaṅgīti Pāli (CC0); names from DPPN, SuttaCentral sc-data edition	0.85
Ambatittha	slug:buddhist:ambatittha	Ambatittha, town		Ambatitthā	Ambatitthā	Pali	Buddhist	Theravada	Pali Canon	Vinaya Pitaka	Bu Pc 51:1.3	https://suttacentral.net/pli-tv-bu-vb-pc51	4	place	word	attested	another name of Ambatittha	SuttaCentral bilara-data Mahāsaṅgīti Pāli (CC0); names from DPPN, SuttaCentral sc-data edition	0.85
Ambapalivana	slug:buddhist:ambapaalivana	Ambapālivana, park		Ambapālivana	Ambapālivana	Pali	Buddhist	Theravada	Pali Canon	Digha Nikaya	DN 16:2.11.5	https://suttacentral.net/dn16		place	word	attested		SuttaCentral bilara-data Mahāsaṅgīti Pāli (CC0); names from DPPN, SuttaCentral sc-data edition	0.85
Ambapali	Q688689	Ambapālī, courtesan of Vesālī	girl	Ambapālī	Ambapālī	Pali	Buddhist	Theravada	Pali Canon	Digha Nikaya	DN 16:2.14.1	https://suttacentral.net/dn16	38	human	personal	attested	Pali form of Sanskrit Āmrapālī	SuttaCentral bilara-data Mahāsaṅgīti Pāli (CC0); names from DPPN, SuttaCentral sc-data edition; Wikidata (CC0)	0.95
Ambaraambaravati	slug:buddhist:ambaraambaravatii	Ambaraambaravatī, town		Ambaraambaravatī	Ambaraambaravatī	Pali	Buddhist	Theravada	Pali Canon	Digha Nikaya	DN 32:7.38	https://suttacentral.net/dn32	2	place	word	attested		SuttaCentral bilara-data Mahāsaṅgīti Pāli (CC0); names from DPPN, SuttaCentral sc-data edition	0.95
Ambalatthika	slug:buddhist:ambalatthikaa-1	Ambalaṭṭhikā, park (DPPN Ambalaṭṭhikā 1)		Ambalaṭṭhikā	Ambalaṭṭhikā	Pali	Buddhist	Theravada	Pali Canon	Digha Nikaya	DN 1:1.2.1	https://suttacentral.net/dn1		place	word	attested		SuttaCentral bilara-data Mahāsaṅgīti Pāli (CC0); names from DPPN, SuttaCentral sc-data edition	0.85
Ambalatthika	slug:buddhist:ambalatthikaa-2	Ambalaṭṭhikā, park (DPPN Ambalaṭṭhikā 2)		Ambalaṭṭhikā	Ambalaṭṭhikā	Pali	Buddhist	Theravada	Pali Canon	Digha Nikaya	DN 5:1.3	https://suttacentral.net/dn5		place	word	attested		SuttaCentral bilara-data Mahāsaṅgīti Pāli (CC0); names from DPPN, SuttaCentral sc-data edition	0.85
Ambasanda	slug:buddhist:ambasandaa	Ambasaṇḍā, town		Ambasaṇḍā	Ambasaṇḍā	Pali	Buddhist	Theravada	Pali Canon	Digha Nikaya	DN 21:1.1.2	https://suttacentral.net/dn21		place	word	attested		SuttaCentral bilara-data Mahāsaṅgīti Pāli (CC0); names from DPPN, SuttaCentral sc-data edition	0.85
Ambatakavana	slug:buddhist:ambaatakavana	Ambāṭakavana, town		Ambāṭakavana	Ambāṭakavana	Pali	Buddhist	Theravada	Pali Canon	Samyutta Nikaya	SN 41.1:1.1	https://suttacentral.net/sn41.1		place	word	attested		SuttaCentral bilara-data Mahāsaṅgīti Pāli (CC0); names from DPPN, SuttaCentral sc-data edition	0.85
Araka	slug:buddhist:araka	Araka, the Bodhisatta, born as a brahmin teacher	boy	Araka	Araka	Pali	Buddhist	Theravada	Pali Canon	Anguttara Nikaya	AN 7.73:2.6	https://suttacentral.net/an7.73	9	human	personal	attested		SuttaCentral bilara-data Mahāsaṅgīti Pāli (CC0); names from DPPN, SuttaCentral sc-data edition	0.95
Aranna	slug:buddhist:aranna	Arañña, forest		Arañña	Arañña	Pali	Buddhist	Theravada	Pali Canon	Majjhima Nikaya	MN 56:13.27	https://suttacentral.net/mn56		place	word	attested		SuttaCentral bilara-data Mahāsaṅgīti Pāli (CC0); names from DPPN, SuttaCentral sc-data edition	0.85
Arati	slug:buddhist:arati	Arati, one of the three daughters of Māra, the others being Taṇhā and Ragā	girl	Arati	Arati	Pali	Buddhist	Theravada	Pali Canon	Sutta Nipata	Snp 4.9:1.1	https://suttacentral.net/snp4.9		human	personal	attested		SuttaCentral bilara-data Mahāsaṅgīti Pāli (CC0); names from DPPN, SuttaCentral sc-data edition	0.85
Aranemi	slug:buddhist:aranemi	Aranemi, a brahmin teacher of a past age, given in a list of six teachers, who…	boy	Aranemi	Aranemi	Pali	Buddhist	Theravada	Pali Canon	Anguttara Nikaya	AN 6.54:15.1	https://suttacentral.net/an6.54	3	human	personal	attested		SuttaCentral bilara-data Mahāsaṅgīti Pāli (CC0); names from DPPN, SuttaCentral sc-data edition	0.95
Aritthaka	slug:buddhist:aritthakaa	Ariṭṭhakā, a class of devas who were present at the preaching of the Mahāsamaya…		Ariṭṭhakā	Ariṭṭhakā	Pali	Buddhist	Theravada	Pali Canon	Digha Nikaya	DN 20:15.3	https://suttacentral.net/dn20		mythological_being	word	attested		SuttaCentral bilara-data Mahāsaṅgīti Pāli (CC0); names from DPPN, SuttaCentral sc-data edition	0.85
Arittha	slug:buddhist:arittha-1	Ariṭṭha, a monk (DPPN Ariṭṭha 1)	boy	Ariṭṭha	Ariṭṭha	Pali	Buddhist	Theravada	Pali Canon	Majjhima Nikaya	MN 22:2.1	https://suttacentral.net/mn22		disciple	personal	attested		SuttaCentral bilara-data Mahāsaṅgīti Pāli (CC0); names from DPPN, SuttaCentral sc-data edition	0.85
Arittha	slug:buddhist:arittha-3	Ariṭṭha, a messenger of Vessavaṇa, employed by him to take his proclamations… (DPPN Ariṭṭha 3)	boy	Ariṭṭha	Ariṭṭha	Pali	Buddhist	Theravada	Pali Canon	Digha Nikaya	DN 32:7.47	https://suttacentral.net/dn32		human	personal	attested		SuttaCentral bilara-data Mahāsaṅgīti Pāli (CC0); names from DPPN, SuttaCentral sc-data edition	0.85
Alaka	slug:buddhist:alaka	Aḷaka, region		Aḷaka	Aḷaka	Pali	Buddhist	Theravada	Pali Canon	Sutta Nipata	Snp 5.1:2.2	https://suttacentral.net/snp5.1	2	place	word	attested		SuttaCentral bilara-data Mahāsaṅgīti Pāli (CC0); names from DPPN, SuttaCentral sc-data edition	0.95
Allakappa	slug:buddhist:allakappa	Allakappa, region		Allakappa	Allakappa	Pali	Buddhist	Theravada	Pali Canon	Digha Nikaya	DN 16:6.27.4	https://suttacentral.net/dn16	1	place	word	attested		SuttaCentral bilara-data Mahāsaṅgīti Pāli (CC0); names from DPPN, SuttaCentral sc-data edition	0.95
Avakannaka	slug:buddhist:avakannaka	Avakaṇṇaka, Given in the Pācittiya rules’ as an example of a low name ( hīnanāma )		Avakaṇṇaka	Avakaṇṇaka	Pali	Buddhist	Theravada	Pali Canon	Vinaya Pitaka	Bu Pc 2:2.1.12	https://suttacentral.net/pli-tv-bu-vb-pc2	5	human	personal	attested		SuttaCentral bilara-data Mahāsaṅgīti Pāli (CC0); names from DPPN, SuttaCentral sc-data edition	0.95
Avanti	slug:buddhist:avanti	Avanti, janapada		Avanti	Avanti	Pali	Buddhist	Theravada	Pali Canon	Digha Nikaya	DN 19:36.5	https://suttacentral.net/dn19	8	place	word	attested		SuttaCentral bilara-data Mahāsaṅgīti Pāli (CC0); names from DPPN, SuttaCentral sc-data edition	0.95
Avantiputta	slug:buddhist:avantiputta	Avantiputta, King of Madhurā	boy	Avantiputta	Avantiputta	Pali	Buddhist	Theravada	Pali Canon	Majjhima Nikaya	MN 84:2.1	https://suttacentral.net/mn84	4	royal	personal	attested		SuttaCentral bilara-data Mahāsaṅgīti Pāli (CC0); names from DPPN, SuttaCentral sc-data edition	0.85
Aviha	slug:buddhist:avihaa	Avihā, a class of devas		Avihā	Avihā	Pali	Buddhist	Theravada	Pali Canon	Digha Nikaya	DN 14:3.29.5	https://suttacentral.net/dn14		mythological_being	word	attested		SuttaCentral bilara-data Mahāsaṅgīti Pāli (CC0); names from DPPN, SuttaCentral sc-data edition	0.85
Avici	slug:buddhist:aviici	Avīci, hell		Avīci	Avīci	Pali	Buddhist	Theravada	Pali Canon	Digha Nikaya	DN 26:23.7	https://suttacentral.net/dn26	6	place	word	attested		SuttaCentral bilara-data Mahāsaṅgīti Pāli (CC0); names from DPPN, SuttaCentral sc-data edition	0.95
Asannasatta	slug:buddhist:asannasattaa	Asaññasattā, Inhabitants of the fifth of the nine abodes of beings ( sattāvāsā )		Asaññasattā	Asaññasattā	Pali	Buddhist	Theravada	Pali Canon	Digha Nikaya	DN 1:2.31.1	https://suttacentral.net/dn1		human	personal	attested		SuttaCentral bilara-data Mahāsaṅgīti Pāli (CC0); names from DPPN, SuttaCentral sc-data edition	0.85
Asama	slug:buddhist:asamaa	Asamā, a class of devas, present at the preaching of the Mahāsamaya Sutta		Asamā	Asamā	Pali	Buddhist	Theravada	Pali Canon	Digha Nikaya	DN 20:14.2	https://suttacentral.net/dn20		mythological_being	word	attested		SuttaCentral bilara-data Mahāsaṅgīti Pāli (CC0); names from DPPN, SuttaCentral sc-data edition	0.85
Asita	slug:buddhist:asita-2	Asita, a sage ( isi ) (DPPN Asita 2)	boy	Asita	Asita	Pali	Buddhist	Theravada	Pali Canon	Majjhima Nikaya	MN 93:18.6	https://suttacentral.net/mn93		human	personal	attested		SuttaCentral bilara-data Mahāsaṅgīti Pāli (CC0); names from DPPN, SuttaCentral sc-data edition	0.85
Devala	slug:buddhist:asita-2	Asita, a sage ( isi ) (DPPN Asita 2)	boy	Devala	Devala	Pali	Buddhist	Theravada	Pali Canon	Majjhima Nikaya	MN 93:18.6	https://suttacentral.net/mn93	18	human	epithet	attested	epithet of Asita	SuttaCentral bilara-data Mahāsaṅgīti Pāli (CC0); names from DPPN, SuttaCentral sc-data edition	0.95
Asipattavana	slug:buddhist:asipattavana	Asipattavana, hell		Asipattavana	Asipattavana	Pali	Buddhist	Theravada	Pali Canon	Sutta Nipata	Snp 3.10:25.1	https://suttacentral.net/snp3.10		place	word	attested		SuttaCentral bilara-data Mahāsaṅgīti Pāli (CC0); names from DPPN, SuttaCentral sc-data edition	0.85
Asibandhakaputta	slug:buddhist:asibandhakaputta	Asibandhakaputta, a headman ( gāmani )	boy	Asibandhakaputta	Asibandhakaputta	Pali	Buddhist	Theravada	Pali Canon	Samyutta Nikaya	SN 42.6:1.2	https://suttacentral.net/sn42.6	16	human	personal	attested		SuttaCentral bilara-data Mahāsaṅgīti Pāli (CC0); names from DPPN, SuttaCentral sc-data edition	0.95
Asura	slug:buddhist:asura	Asura, In Pali Literature the Asuras are classed among the inferior deities…		Asura	Asura	Pali	Buddhist	Theravada	Pali Canon	Digha Nikaya	DN 20:12.6	https://suttacentral.net/dn20		mythological_being	personal	attested		SuttaCentral bilara-data Mahāsaṅgīti Pāli (CC0); names from DPPN, SuttaCentral sc-data edition	0.85
Asurindakabharadvaja	slug:buddhist:asurindakabhaaradvaaja	Asurindakabhāradvāja, a brahmin, one of three brothers who had conversations with the…	boy	Asurindakabhāradvāja	Asurindakabhāradvāja	Pali	Buddhist	Theravada	Pali Canon	Samyutta Nikaya	SN 7.3:1.2	https://suttacentral.net/sn7.3	3	human	personal	attested		SuttaCentral bilara-data Mahāsaṅgīti Pāli (CC0); names from DPPN, SuttaCentral sc-data edition	0.85
Bharadvaja	slug:buddhist:asurindakabhaaradvaaja	Asurindakabhāradvāja, a brahmin, one of three brothers who had conversations with the…	boy	Bhāradvāja	Bhāradvāja	Pali	Buddhist	Theravada	Pali Canon	Samyutta Nikaya	SN 7.2:9.4	https://suttacentral.net/sn7.2		human	personal	attested	another name of Asurindakabhāradvāja	SuttaCentral bilara-data Mahāsaṅgīti Pāli (CC0); names from DPPN, SuttaCentral sc-data edition	0.85
Asoka	slug:buddhist:asokaa	Asokā, a nun of Ñātikā	girl	Asokā	Asokā	Pali	Buddhist	Theravada	Pali Canon	Samyutta Nikaya	SN 55.9:1.4	https://suttacentral.net/sn55.9		disciple	personal	attested		SuttaCentral bilara-data Mahāsaṅgīti Pāli (CC0); names from DPPN, SuttaCentral sc-data edition	0.85
Assaka	slug:buddhist:assaka	Assaka, janapada		Assaka	Assaka	Pali	Buddhist	Theravada	Pali Canon	Anguttara Nikaya	AN 3.70:28.3	https://suttacentral.net/an3.70		place	word	attested		SuttaCentral bilara-data Mahāsaṅgīti Pāli (CC0); names from DPPN, SuttaCentral sc-data edition	0.85
Assajipunabbasuka	slug:buddhist:assajipunabbasukaa	Assajipunabbasukā, the followers of Assaji and Punabbasu	boy	Assajipunabbasukā	Assajipunabbasukā	Pali	Buddhist	Theravada	Pali Canon	Vinaya Pitaka	Kd 11:13.1.1	https://suttacentral.net/pli-tv-kd11		human	personal	attested		SuttaCentral bilara-data Mahāsaṅgīti Pāli (CC0); names from DPPN, SuttaCentral sc-data edition	0.85
Assaji	Q2363264	Assaji, one of the first five disciples	boy	Assaji	Assaji	Pali	Buddhist	Theravada	Pali Canon	Vinaya Pitaka	Kd 1:6.36.1	https://suttacentral.net/pli-tv-kd1		disciple	personal	attested	Pali form of Sanskrit Aśvajit	SuttaCentral bilara-data Mahāsaṅgīti Pāli (CC0); names from DPPN, SuttaCentral sc-data edition; Wikidata (CC0)	0.85
Assapura	slug:buddhist:assapura	Assapura, town		Assapura	Assapura	Pali	Buddhist	Theravada	Pali Canon	Majjhima Nikaya	MN 39:1.2	https://suttacentral.net/mn39	2	place	word	attested		SuttaCentral bilara-data Mahāsaṅgīti Pāli (CC0); names from DPPN, SuttaCentral sc-data edition	0.95
Assalayana	slug:buddhist:assalaayana	Assalāyana, a young brahmin, sixteen years old, of Sāvatthī, very learned in the…	boy	Assalāyana	Assalāyana	Pali	Buddhist	Theravada	Pali Canon	Majjhima Nikaya	MN 93:3.1	https://suttacentral.net/mn93	56	human	personal	attested		SuttaCentral bilara-data Mahāsaṅgīti Pāli (CC0); names from DPPN, SuttaCentral sc-data edition	0.95
Ahaha	slug:buddhist:ahaha	Ahaha, hell		Ahaha	Ahaha	Pali	Buddhist	Theravada	Pali Canon	Samyutta Nikaya	SN 6.10:6.6	https://suttacentral.net/sn6.10		place	word	attested		SuttaCentral bilara-data Mahāsaṅgīti Pāli (CC0); names from DPPN, SuttaCentral sc-data edition	0.85
Ahimsakabharadvaja	slug:buddhist:ahimsakabhaaradvaaja	Ahiṁsakabhāradvāja, one of the Bhāradvāja brothers	boy	Ahiṁsakabhāradvāja	Ahiṁsakabhāradvāja	Pali	Buddhist	Theravada	Pali Canon	Samyutta Nikaya	SN 7.5:1.2	https://suttacentral.net/sn7.5	4	human	personal	attested		SuttaCentral bilara-data Mahāsaṅgīti Pāli (CC0); names from DPPN, SuttaCentral sc-data edition	0.85
Bharadvaja	slug:buddhist:ahimsakabhaaradvaaja	Ahiṁsakabhāradvāja, one of the Bhāradvāja brothers	boy	Bhāradvāja	Bhāradvāja	Pali	Buddhist	Theravada	Pali Canon	Samyutta Nikaya	SN 7.3:6.4	https://suttacentral.net/sn7.3		human	personal	attested	another name of Ahiṁsakabhāradvāja	SuttaCentral bilara-data Mahāsaṅgīti Pāli (CC0); names from DPPN, SuttaCentral sc-data edition	0.85
Ahoganga	slug:buddhist:ahogangaa	Ahogaṅgā, hill		Ahogaṅgā	Ahogaṅgā	Pali	Buddhist	Theravada	Pali Canon	Vinaya Pitaka	Kd 22:1.8.1	https://suttacentral.net/pli-tv-kd22	3	place	word	attested		SuttaCentral bilara-data Mahāsaṅgīti Pāli (CC0); names from DPPN, SuttaCentral sc-data edition	0.95
Akasagotta	slug:buddhist:akaasagotta	Ākāsagotta, a physician of Rājagaha who lanced the fistula of a monk	boy	Ākāsagotta	Ākāsagotta	Pali	Buddhist	Theravada	Pali Canon	Vinaya Pitaka	Kd 6:22.1.5	https://suttacentral.net/pli-tv-kd6		human	personal	attested		SuttaCentral bilara-data Mahāsaṅgīti Pāli (CC0); names from DPPN, SuttaCentral sc-data edition	0.85
Akasanancayatanupaga Deva	slug:buddhist:akaasaanancaayatanuupagaadevaa	Ākāsānañcāyatanūpagādevā, a class of devas born in the Realm of Infinite Space		Ākāsānañcāyatanūpagā Devā	Ākāsānañcāyatanūpagā Devā	Pali	Buddhist	Theravada	Pali Canon	Majjhima Nikaya	MN 41:18-42.34	https://suttacentral.net/mn41	6	mythological_being	word	attested		SuttaCentral bilara-data Mahāsaṅgīti Pāli (CC0); names from DPPN, SuttaCentral sc-data edition	0.95
Akotaka	slug:buddhist:akotaka	Ākoṭaka, a deva who visited the Buddha at Veḷuvana accompanied by Asama,…		Ākoṭaka	Ākoṭaka	Pali	Buddhist	Theravada	Pali Canon	Samyutta Nikaya	SN 2.30:1.3	https://suttacentral.net/sn2.30	3	deity	divine	attested		SuttaCentral bilara-data Mahāsaṅgīti Pāli (CC0); names from DPPN, SuttaCentral sc-data edition	0.85
Ajivaka	slug:buddhist:ajiivakaa	Ājīvakā, a class of naked ascetics, followers of Makkhali Gosāla, regarded,…		Ājīvakā	Ājīvakā	Pali	Buddhist	Theravada	Pali Canon	Majjhima Nikaya	MN 71:14.2	https://suttacentral.net/mn71		tribe	word	attested		SuttaCentral bilara-data Mahāsaṅgīti Pāli (CC0); names from DPPN, SuttaCentral sc-data edition	0.85
Atanata	slug:buddhist:ataanaataa	Āṭānāṭā, town		Āṭānāṭā	Āṭānāṭā	Pali	Buddhist	Theravada	Pali Canon	Digha Nikaya	DN 32:7.34	https://suttacentral.net/dn32	2	place	word	attested		SuttaCentral bilara-data Mahāsaṅgīti Pāli (CC0); names from DPPN, SuttaCentral sc-data edition	0.95
Atuma	slug:buddhist:atuma	Ātuma, a monk whose verse is in the Theragāthā	boy	Ātuma	Ātuma	Pali	Buddhist	Theravada	Pali Canon	Theragatha	Thag 1.72:1.5	https://suttacentral.net/thag1.72		disciple	personal	attested		SuttaCentral bilara-data Mahāsaṅgīti Pāli (CC0); names from DPPN, SuttaCentral sc-data edition	0.85
Atuma	slug:buddhist:atumaa	Ātumā, town		Ātumā	Ātumā	Pali	Buddhist	Theravada	Pali Canon	Vinaya Pitaka	Kd 6:37.1.1	https://suttacentral.net/pli-tv-kd6		place	word	attested		SuttaCentral bilara-data Mahāsaṅgīti Pāli (CC0); names from DPPN, SuttaCentral sc-data edition	0.85
Adicca	slug:buddhist:adicca	Ādicca, another name for Suriya, the Sun		Ādicca	Ādicca	Pali	Buddhist	Theravada	Pali Canon	Digha Nikaya	DN 32:4.2	https://suttacentral.net/dn32		human	personal	attested		SuttaCentral bilara-data Mahāsaṅgīti Pāli (CC0); names from DPPN, SuttaCentral sc-data edition	0.85
Ananda	Q28988	Ānanda, the Buddha's attendant	boy	Ānanda	Ānanda	Pali	Buddhist	Theravada	Pali Canon	Digha Nikaya	DN 1:3.74.1	https://suttacentral.net/dn1	3380	disciple	personal	attested	Pali form of Sanskrit Ānanda	SuttaCentral bilara-data Mahāsaṅgīti Pāli (CC0); names from DPPN, SuttaCentral sc-data edition; Wikidata (CC0)	0.95
Anandacetiya	slug:buddhist:anandacetiya	Ānandacetiya, shrine		Ānandacetiya	Ānandacetiya	Pali	Buddhist	Theravada	Pali Canon	Anguttara Nikaya	AN 4.180:1.1	https://suttacentral.net/an4.180	1	place	word	attested		SuttaCentral bilara-data Mahāsaṅgīti Pāli (CC0); names from DPPN, SuttaCentral sc-data edition	0.85
Anande Cetiye	slug:buddhist:anandacetiya	Ānandacetiya, shrine		Ānande Cetiye	Ānande Cetiye	Pali	Buddhist	Theravada	Pali Canon	Digha Nikaya	DN 16:4.7.1	https://suttacentral.net/dn16	2	place	word	attested	another name of Ānandacetiya	SuttaCentral bilara-data Mahāsaṅgīti Pāli (CC0); names from DPPN, SuttaCentral sc-data edition	0.95
Apana	slug:buddhist:apana	Āpaṇa, town		Āpaṇa	Āpaṇa	Pali	Buddhist	Theravada	Pali Canon	Sutta Nipata	Snp 3.7:1.2	https://suttacentral.net/snp3.7		place	word	attested		SuttaCentral bilara-data Mahāsaṅgīti Pāli (CC0); names from DPPN, SuttaCentral sc-data edition	0.85
Abha	slug:buddhist:abha	Ābha, a generic name for devas distinguished for their brilliance, such as…		Ābha	Ābha	Pali	Buddhist	Theravada	Pali Canon	Majjhima Nikaya	MN 120:19.6	https://suttacentral.net/mn120		deity	divine	attested		SuttaCentral bilara-data Mahāsaṅgīti Pāli (CC0); names from DPPN, SuttaCentral sc-data edition	0.85
Abhassara	slug:buddhist:abhassaraa	Ābhassarā, heaven		Ābhassarā	Ābhassarā	Pali	Buddhist	Theravada	Pali Canon	Digha Nikaya	DN 15:33.7	https://suttacentral.net/dn15		place	word	attested		SuttaCentral bilara-data Mahāsaṅgīti Pāli (CC0); names from DPPN, SuttaCentral sc-data edition	0.85
Amalakivana	slug:buddhist:amalakiivana	Āmalakīvana, park		Āmalakīvana	Āmalakīvana	Pali	Buddhist	Theravada	Pali Canon	Majjhima Nikaya	MN 67:1.2	https://suttacentral.net/mn67	1	place	word	attested		SuttaCentral bilara-data Mahāsaṅgīti Pāli (CC0); names from DPPN, SuttaCentral sc-data edition	0.85
Aramadanda	slug:buddhist:araamadanda	Ārāmadaṇḍa, a brahmin	boy	Ārāmadaṇḍa	Ārāmadaṇḍa	Pali	Buddhist	Theravada	Pali Canon	Anguttara Nikaya	AN 2.37:1.3	https://suttacentral.net/an2.32-41	3	human	personal	attested		SuttaCentral bilara-data Mahāsaṅgīti Pāli (CC0); names from DPPN, SuttaCentral sc-data edition	0.85
Pilindagama	slug:buddhist:araamikagaama	Ārāmikagāma, town		Pilindagāma	Pilindagāma	Pali	Buddhist	Theravada	Pali Canon	Vinaya Pitaka	Kd 6:15.4.8	https://suttacentral.net/pli-tv-kd6	2	place	word	attested	another name of Ārāmikagāma	SuttaCentral bilara-data Mahāsaṅgīti Pāli (CC0); names from DPPN, SuttaCentral sc-data edition	0.95
Gotama	slug:buddhist:alaviigotama	Āḷavīgotama, a thera, who is mentioned in the Sutta Nipāta in a verse spoken by…	boy	Gotama	Gotama	Pali	Buddhist	Theravada	Pali Canon	Sutta Nipata	Snp 5.19:6.3	https://suttacentral.net/snp5.19		disciple	epithet	attested	epithet of Āḷavīgotama	SuttaCentral bilara-data Mahāsaṅgīti Pāli (CC0); names from DPPN, SuttaCentral sc-data edition	0.85
Alakamanda	slug:buddhist:alakamandaa	Āḷakamandā, town		Āḷakamandā	Āḷakamandā	Pali	Buddhist	Theravada	Pali Canon	Digha Nikaya	DN 16:5.18.5	https://suttacentral.net/dn16		place	word	attested		SuttaCentral bilara-data Mahāsaṅgīti Pāli (CC0); names from DPPN, SuttaCentral sc-data edition	0.85
Alavaka	slug:buddhist:alavakaa	Āḷavakā, a name given to the monks of Āḷavī	boy	Āḷavakā	Āḷavakā	Pali	Buddhist	Theravada	Pali Canon	Vinaya Pitaka	Bu Pc 11:1.2	https://suttacentral.net/pli-tv-bu-vb-pc11		disciple	personal	attested		SuttaCentral bilara-data Mahāsaṅgīti Pāli (CC0); names from DPPN, SuttaCentral sc-data edition	0.85
Alavika	slug:buddhist:alavakaa	Āḷavakā, a name given to the monks of Āḷavī	boy	Āḷavikā	Āḷavikā	Pali	Buddhist	Theravada	Pali Canon	Samyutta Nikaya	SN 5.1:1.3	https://suttacentral.net/sn5.1	9	disciple	epithet	attested	epithet of Āḷavakā	SuttaCentral bilara-data Mahāsaṅgīti Pāli (CC0); names from DPPN, SuttaCentral sc-data edition	0.85
Alavaka	slug:buddhist:alavaka	Āḷavaka, the yakkha of Āḷavī	boy	Āḷavaka	Āḷavaka	Pali	Buddhist	Theravada	Pali Canon	Digha Nikaya	DN 32:10.16	https://suttacentral.net/dn32		mythological_being	personal	attested		SuttaCentral bilara-data Mahāsaṅgīti Pāli (CC0); names from DPPN, SuttaCentral sc-data edition	0.85
Alara Kalama	Q2500007	Āḷāra Kālāma, the Bodhisatta's teacher	boy	Āḷāra Kālāma	Āḷāra Kālāma	Pali	Buddhist	Theravada	Pali Canon	Digha Nikaya	DN 16:4.26.1	https://suttacentral.net/dn16	75	human	personal	attested	Pali form of Sanskrit Ārāḍa Kālāma	SuttaCentral bilara-data Mahāsaṅgīti Pāli (CC0); names from DPPN, SuttaCentral sc-data edition; Wikidata (CC0)	0.95
Alara	Q2500007	Āḷāra Kālāma, the Bodhisatta's teacher	boy	Āḷāra	Āḷāra	Pali	Buddhist	Theravada	Pali Canon	Digha Nikaya	DN 16:4.26.1	https://suttacentral.net/dn16	76	human	personal	attested	another name of Āḷārakālāma; Pali form of Sanskrit Ārāḍa Kālāma	SuttaCentral bilara-data Mahāsaṅgīti Pāli (CC0); names from DPPN, SuttaCentral sc-data edition; Wikidata (CC0)	0.95
Kalama	Q2500007	Āḷāra Kālāma, the Bodhisatta's teacher	boy	Kālāma	Kālāma	Pali	Buddhist	Theravada	Pali Canon	Digha Nikaya	DN 16:4.26.1	https://suttacentral.net/dn16		human	personal	attested	another name of Āḷārakālāma; Pali form of Sanskrit Ārāḍa Kālāma	SuttaCentral bilara-data Mahāsaṅgīti Pāli (CC0); names from DPPN, SuttaCentral sc-data edition; Wikidata (CC0)	0.85
Icchanangalaka	slug:buddhist:icchaanangalaka	Icchānaṅgalaka, an upāsaka of Icchānaṅgala	boy	Icchānaṅgalaka	Icchānaṅgalaka	Pali	Buddhist	Theravada	Pali Canon	Udana	Ud 2.5:1.3	https://suttacentral.net/ud2.5		human	personal	attested		SuttaCentral bilara-data Mahāsaṅgīti Pāli (CC0); names from DPPN, SuttaCentral sc-data edition	0.85
Inda	slug:buddhist:inda-1	Inda, Given in the Āṭānāṭiya Sutta as the name of the ninety-one sons of… (DPPN Inda 1)	boy	Inda	Inda	Pali	Buddhist	Theravada	Pali Canon	Digha Nikaya	DN 32:10.2	https://suttacentral.net/dn32		royal	personal	attested		SuttaCentral bilara-data Mahāsaṅgīti Pāli (CC0); names from DPPN, SuttaCentral sc-data edition	0.85
Inda	slug:buddhist:inda-2	Inda, the Pāḷi equivalent of the Vedic Indra (DPPN Inda 2)	boy	Inda	Inda	Pali	Buddhist	Theravada	Pali Canon	Sutta Nipata	Snp 2.7:28.2	https://suttacentral.net/snp2.7		human	personal	attested		SuttaCentral bilara-data Mahāsaṅgīti Pāli (CC0); names from DPPN, SuttaCentral sc-data edition	0.85
Indakuta	slug:buddhist:indakuuta	Indakūṭa, hill		Indakūṭa	Indakūṭa	Pali	Buddhist	Theravada	Pali Canon	Samyutta Nikaya	SN 10.1:1.2	https://suttacentral.net/sn10.1	1	place	word	attested		SuttaCentral bilara-data Mahāsaṅgīti Pāli (CC0); names from DPPN, SuttaCentral sc-data edition	0.95
Indasalaguha	slug:buddhist:indasaalaguhaa	Indasālaguhā, cave		Indasālaguhā	Indasālaguhā	Pali	Buddhist	Theravada	Pali Canon	Digha Nikaya	DN 21:1.1.2	https://suttacentral.net/dn21	10	place	word	attested		SuttaCentral bilara-data Mahāsaṅgīti Pāli (CC0); names from DPPN, SuttaCentral sc-data edition	0.95
Isigili	slug:buddhist:isigili	Isigili, hill		Isigili	Isigili	Pali	Buddhist	Theravada	Pali Canon	Majjhima Nikaya	MN 116:1.2	https://suttacentral.net/mn116		place	word	attested		SuttaCentral bilara-data Mahāsaṅgīti Pāli (CC0); names from DPPN, SuttaCentral sc-data edition	0.85
Isidatta	slug:buddhist:isidatta-1	Isidatta, a verse uttered by Isidatta, in response to the Buddha’s enquiry… (DPPN Isidatta 1)	boy	Isidatta	Isidatta	Pali	Buddhist	Theravada	Pali Canon	Theragatha	Thag 1.120:1.5	https://suttacentral.net/thag1.120		human	personal	attested		SuttaCentral bilara-data Mahāsaṅgīti Pāli (CC0); names from DPPN, SuttaCentral sc-data edition	0.85
Isidatta	slug:buddhist:isidatta-2	Isidatta, an equerry or chamberlain of Pasenadi, King of Kosala (DPPN Isidatta 2)	boy	Isidatta	Isidatta	Pali	Buddhist	Theravada	Pali Canon	Anguttara Nikaya	AN 6.44:2.4	https://suttacentral.net/an6.44		royal	personal	attested		SuttaCentral bilara-data Mahāsaṅgīti Pāli (CC0); names from DPPN, SuttaCentral sc-data edition	0.85
Isidasa	slug:buddhist:isidaasa	Isidāsa, a thera	boy	Isidāsa	Isidāsa	Pali	Buddhist	Theravada	Pali Canon	Vinaya Pitaka	Kd 8:24.5.1	https://suttacentral.net/pli-tv-kd8	1	disciple	personal	attested		SuttaCentral bilara-data Mahāsaṅgīti Pāli (CC0); names from DPPN, SuttaCentral sc-data edition	0.95
Isidasi	slug:buddhist:isidaasii	Isidāsī, bhikkhunī	girl	Isidāsī	Isidāsī	Pali	Buddhist	Theravada	Pali Canon	Therigatha	Thig 15.1:2.1	https://suttacentral.net/thig15.1	8	disciple	personal	attested	Pali form of Sanskrit Ṛṣidāsī	SuttaCentral bilara-data Mahāsaṅgīti Pāli (CC0); names from DPPN, SuttaCentral sc-data edition	0.95
Isipatana	slug:buddhist:isipatana	Isipatana, park		Isipatana	Isipatana	Pali	Buddhist	Theravada	Pali Canon	Samyutta Nikaya	SN 4.4:1.2	https://suttacentral.net/sn4.4		place	word	attested		SuttaCentral bilara-data Mahāsaṅgīti Pāli (CC0); names from DPPN, SuttaCentral sc-data edition	0.85
Isana	slug:buddhist:isaana	Īsāna, one of the chief devas	boy	Īsāna	Īsāna	Pali	Buddhist	Theravada	Pali Canon	Samyutta Nikaya	SN 11.3:6.1	https://suttacentral.net/sn11.3	3	deity	divine	attested		SuttaCentral bilara-data Mahāsaṅgīti Pāli (CC0); names from DPPN, SuttaCentral sc-data edition	0.95
Ukkacela	slug:buddhist:ukkacelaa	Ukkacelā, town		Ukkacelā	Ukkacelā	Pali	Buddhist	Theravada	Pali Canon	Majjhima Nikaya	MN 34:1.2	https://suttacentral.net/mn34	3	place	word	attested		SuttaCentral bilara-data Mahāsaṅgīti Pāli (CC0); names from DPPN, SuttaCentral sc-data edition	0.95
Ukkattha	slug:buddhist:ukkattha	Ukkaṭṭha, town		Ukkaṭṭha	Ukkaṭṭha	Pali	Buddhist	Theravada	Pali Canon	Digha Nikaya	DN 3:1.2.1	https://suttacentral.net/dn3		place	word	attested		SuttaCentral bilara-data Mahāsaṅgīti Pāli (CC0); names from DPPN, SuttaCentral sc-data edition	0.85
Ukkala	slug:buddhist:ukkalaa	Ukkalā, region		Ukkalā	Ukkalā	Pali	Buddhist	Theravada	Pali Canon	Samyutta Nikaya	SN 22.62:13.2	https://suttacentral.net/sn22.62		place	word	attested		SuttaCentral bilara-data Mahāsaṅgīti Pāli (CC0); names from DPPN, SuttaCentral sc-data edition	0.85
Ukkhepakatavaccha	slug:buddhist:ukkhepakatavaccha	Ukkhepakatavaccha, a monk whose verse is recorded in the Theragāthā	boy	Ukkhepakatavaccha	Ukkhepakatavaccha	Pali	Buddhist	Theravada	Pali Canon	Theragatha	Thag 1.65:1.1	https://suttacentral.net/thag1.65	3	disciple	personal	attested		SuttaCentral bilara-data Mahāsaṅgīti Pāli (CC0); names from DPPN, SuttaCentral sc-data edition	0.95
Ugga	slug:buddhist:ugga-2	Ugga, one of those that formed the retinue of the rājā Eḷeyya (DPPN Ugga 2)	boy	Ugga	Ugga	Pali	Buddhist	Theravada	Pali Canon	Anguttara Nikaya	AN 4.187:4.4	https://suttacentral.net/an4.187		royal	personal	attested		SuttaCentral bilara-data Mahāsaṅgīti Pāli (CC0); names from DPPN, SuttaCentral sc-data edition	0.85
Ugga	slug:buddhist:ugga-3	Ugga, a householder of Hatthigāma of the Vajji country (DPPN Ugga 3)	boy	Ugga	Ugga	Pali	Buddhist	Theravada	Pali Canon	Samyutta Nikaya	SN 35.124:1.2	https://suttacentral.net/sn35.124		human	personal	attested		SuttaCentral bilara-data Mahāsaṅgīti Pāli (CC0); names from DPPN, SuttaCentral sc-data edition	0.85
Ugga	slug:buddhist:ugga-4	Ugga, a householder of Vesāli, declared by the Buddha to be the best of… (DPPN Ugga 4)	boy	Ugga	Ugga	Pali	Buddhist	Theravada	Pali Canon	Samyutta Nikaya	SN 35.124:1.2	https://suttacentral.net/sn35.124		human	personal	attested		SuttaCentral bilara-data Mahāsaṅgīti Pāli (CC0); names from DPPN, SuttaCentral sc-data edition	0.85
Ugga	slug:buddhist:ugga-5	Ugga, a monk whose verse is recorded in the Theragāthā (DPPN Ugga 5)	boy	Ugga	Ugga	Pali	Buddhist	Theravada	Pali Canon	Theragatha	Thag 1.80:1.5	https://suttacentral.net/thag1.80		disciple	personal	attested		SuttaCentral bilara-data Mahāsaṅgīti Pāli (CC0); names from DPPN, SuttaCentral sc-data edition	0.85
Uggatasarira	slug:buddhist:uggatasariira	Uggatasarīra, a great brahmin	boy	Uggatasarīra	Uggatasarīra	Pali	Buddhist	Theravada	Pali Canon	Anguttara Nikaya	AN 7.47:1.1	https://suttacentral.net/an7.47	8	human	personal	attested		SuttaCentral bilara-data Mahāsaṅgīti Pāli (CC0); names from DPPN, SuttaCentral sc-data edition	0.85
Mendakanatta	slug:buddhist:uggaha	Uggaha, the grandson of the banker Meṇḍaka; he lived in Bhaddiya	boy	Meṇḍakanattā	Meṇḍakanattā	Pali	Buddhist	Theravada	Pali Canon	Anguttara Nikaya	AN 5.33:1.2	https://suttacentral.net/an5.33	7	human	epithet	attested	epithet of Uggaha	SuttaCentral bilara-data Mahāsaṅgīti Pāli (CC0); names from DPPN, SuttaCentral sc-data edition	0.85
Uggahamana	slug:buddhist:uggaahamaana	Uggāhamāna, a Paribbājaka	boy	Uggāhamāna	Uggāhamāna	Pali	Buddhist	Theravada	Pali Canon	Majjhima Nikaya	MN 78:1.3	https://suttacentral.net/mn78	12	human	personal	attested		SuttaCentral bilara-data Mahāsaṅgīti Pāli (CC0); names from DPPN, SuttaCentral sc-data edition	0.85
Uccangamaya	slug:buddhist:uccangamaaya	Uccaṅgamāya, a Pacceka Buddha found in a list of Pacceka Buddhas		Uccaṅgamāya	Uccaṅgamāya	Pali	Buddhist	Theravada	Pali Canon	Majjhima Nikaya	MN 116:6.14	https://suttacentral.net/mn116	1	sage	personal	attested		SuttaCentral bilara-data Mahāsaṅgīti Pāli (CC0); names from DPPN, SuttaCentral sc-data edition	0.95
Urunna	slug:buddhist:urunnaa	Uruññā, town		Uruññā	Uruññā	Pali	Buddhist	Theravada	Pali Canon	Digha Nikaya	DN 8:1.2	https://suttacentral.net/dn8	3	place	word	attested		SuttaCentral bilara-data Mahāsaṅgīti Pāli (CC0); names from DPPN, SuttaCentral sc-data edition	0.95
Ujjaya	slug:buddhist:ujjaya-1	Ujjaya, a Pacceka Buddha, mentioned in the list in the Isigili Sutta (DPPN Ujjaya 1)	boy	Ujjaya	Ujjaya	Pali	Buddhist	Theravada	Pali Canon	Majjhima Nikaya	MN 116:6.21	https://suttacentral.net/mn116		sage	personal	attested		SuttaCentral bilara-data Mahāsaṅgīti Pāli (CC0); names from DPPN, SuttaCentral sc-data edition	0.85
Ujjeni	slug:buddhist:ujjenii	Ujjenī, town		Ujjenī	Ujjenī	Pali	Buddhist	Theravada	Pali Canon	Therigatha	Thig 15.1:6.1	https://suttacentral.net/thig15.1	4	place	word	attested		SuttaCentral bilara-data Mahāsaṅgīti Pāli (CC0); names from DPPN, SuttaCentral sc-data edition	0.95
Unnabha	slug:buddhist:unnaabha	Uṇṇābha, a brahmin	boy	Uṇṇābha	Uṇṇābha	Pali	Buddhist	Theravada	Pali Canon	Samyutta Nikaya	SN 48.42:1.2	https://suttacentral.net/sn48.42	11	human	personal	attested		SuttaCentral bilara-data Mahāsaṅgīti Pāli (CC0); names from DPPN, SuttaCentral sc-data edition	0.95
Uttama	slug:buddhist:uttamaa-1	Uttamā, a bhikkhunī whose verses in the Therīgāthā tell of her repeated… (DPPN Uttamā 1)	girl	Uttamā	Uttamā	Pali	Buddhist	Theravada	Pali Canon	Therigatha	Thig 3.2:4.1	https://suttacentral.net/thig3.2		disciple	personal	attested		SuttaCentral bilara-data Mahāsaṅgīti Pāli (CC0); names from DPPN, SuttaCentral sc-data edition	0.85
Uttama	slug:buddhist:uttamaa-2	Uttamā, a bhikkhunī whose verses in the Therīgāthā tell of how, as a daughter… (DPPN Uttamā 2)	girl	Uttamā	Uttamā	Pali	Buddhist	Theravada	Pali Canon	Therigatha	Thig 3.3:4.1	https://suttacentral.net/thig3.3		disciple	personal	attested		SuttaCentral bilara-data Mahāsaṅgīti Pāli (CC0); names from DPPN, SuttaCentral sc-data edition	0.85
Uttara	slug:buddhist:uttara-1	Uttara, a monk whose verses are recorded in the Theragāthā (DPPN Uttara 1)	boy	Uttara	Uttara	Pali	Buddhist	Theravada	Pali Canon	Theragatha	Thag 2.1:2.5	https://suttacentral.net/thag2.1		disciple	personal	attested		SuttaCentral bilara-data Mahāsaṅgīti Pāli (CC0); names from DPPN, SuttaCentral sc-data edition	0.85
Uttara	slug:buddhist:uttara-2	Uttara, a monk whose verse are recorded in the Theragāthā (DPPN Uttara 2)	boy	Uttara	Uttara	Pali	Buddhist	Theravada	Pali Canon	Theragatha	Thag 2.21:2.5	https://suttacentral.net/thag2.21		disciple	personal	attested		SuttaCentral bilara-data Mahāsaṅgīti Pāli (CC0); names from DPPN, SuttaCentral sc-data edition	0.85
Uttara	slug:buddhist:uttara-4	Uttara, At the time of the Vajjian heresy that prompted the Second Council,… (DPPN Uttara 4)	boy	Uttara	Uttara	Pali	Buddhist	Theravada	Pali Canon	Vinaya Pitaka	Kd 22:2.3.5	https://suttacentral.net/pli-tv-kd22		disciple	personal	attested		SuttaCentral bilara-data Mahāsaṅgīti Pāli (CC0); names from DPPN, SuttaCentral sc-data edition	0.85
Uttara	slug:buddhist:uttara-5	Uttara, a brahmin youth, pupil of Pārāsariya (DPPN Uttara 5)	boy	Uttara	Uttara	Pali	Buddhist	Theravada	Pali Canon	Digha Nikaya	DN 23:1.3	https://suttacentral.net/dn23		human	personal	attested		SuttaCentral bilara-data Mahāsaṅgīti Pāli (CC0); names from DPPN, SuttaCentral sc-data edition	0.85
Uttara	slug:buddhist:uttara-6	Uttara, a pupil of Brahmāyu (DPPN Uttara 6)	boy	Uttara	Uttara	Pali	Buddhist	Theravada	Pali Canon	Majjhima Nikaya	MN 91:4.1	https://suttacentral.net/mn91		human	personal	attested		SuttaCentral bilara-data Mahāsaṅgīti Pāli (CC0); names from DPPN, SuttaCentral sc-data edition	0.85
Uttara	slug:buddhist:uttara-7	Uttara, one of the chief disciples of Vessabhu Buddha (DPPN Uttara 7)	boy	Uttara	Uttara	Pali	Buddhist	Theravada	Pali Canon	Digha Nikaya	DN 14:1.12.15	https://suttacentral.net/dn14		disciple	personal	attested		SuttaCentral bilara-data Mahāsaṅgīti Pāli (CC0); names from DPPN, SuttaCentral sc-data edition	0.85
Uttaraka	slug:buddhist:uttara-8	Uttara, town (DPPN Uttara 8)		Uttaraka	Uttaraka	Pali	Buddhist	Theravada	Pali Canon	Digha Nikaya	DN 24:1.7.1	https://suttacentral.net/dn24	2	place	word	attested	another name of Uttara	SuttaCentral bilara-data Mahāsaṅgīti Pāli (CC0); names from DPPN, SuttaCentral sc-data edition	0.85
Uttaraka	slug:buddhist:uttarakaa	Uttarakā, town		Uttarakā	Uttarakā	Pali	Buddhist	Theravada	Pali Canon	Digha Nikaya	DN 24:1.7.1	https://suttacentral.net/dn24	2	place	word	attested		SuttaCentral bilara-data Mahāsaṅgīti Pāli (CC0); names from DPPN, SuttaCentral sc-data edition	0.95
Uttarakuru	slug:buddhist:uttarakuru	Uttarakuru, region		Uttarakuru	Uttarakuru	Pali	Buddhist	Theravada	Pali Canon	Anguttara Nikaya	AN 3.80:4.2	https://suttacentral.net/an3.80	11	place	word	attested		SuttaCentral bilara-data Mahāsaṅgīti Pāli (CC0); names from DPPN, SuttaCentral sc-data edition	0.95
Uttarapala	slug:buddhist:uttarapaala	Uttarapāla, a monk whose Theragāthā verse tell of how he overcame his desire and…	boy	Uttarapāla	Uttarapāla	Pali	Buddhist	Theravada	Pali Canon	Theragatha	Thag 3.12:3.5	https://suttacentral.net/thag3.12	2	disciple	personal	attested		SuttaCentral bilara-data Mahāsaṅgīti Pāli (CC0); names from DPPN, SuttaCentral sc-data edition	0.95
Uttara	slug:buddhist:uttaraa-1	Uttarā, a bhikkhunī whose Therīgāthā verses tell of her awakening (DPPN Uttarā 1)	girl	Uttarā	Uttarā	Pali	Buddhist	Theravada	Pali Canon	Therigatha	Thig 1.15:2.1	https://suttacentral.net/thig1.15		disciple	personal	attested		SuttaCentral bilara-data Mahāsaṅgīti Pāli (CC0); names from DPPN, SuttaCentral sc-data edition	0.85
Uttara	slug:buddhist:uttaraa-2	Uttarā, the Therīgāthā contains seven verses uttered by her after becoming an… (DPPN Uttarā 2)	girl	Uttarā	Uttarā	Pali	Buddhist	Theravada	Pali Canon	Therigatha	Thig 7.1:8.1	https://suttacentral.net/thig7.1		disciple	personal	attested		SuttaCentral bilara-data Mahāsaṅgīti Pāli (CC0); names from DPPN, SuttaCentral sc-data edition	0.85
Uttara	slug:buddhist:uttaraa-4	Uttarā, In the Aṅguttara Nikāya, she is described as the best of women… (DPPN Uttarā 4)	girl	Uttarā	Uttarā	Pali	Buddhist	Theravada	Pali Canon	Anguttara Nikaya	AN 1.262:1.1	https://suttacentral.net/an1.258-267		disciple	personal	attested		SuttaCentral bilara-data Mahāsaṅgīti Pāli (CC0); names from DPPN, SuttaCentral sc-data edition	0.85
Nandamata	slug:buddhist:uttaraa-4	Uttarā, In the Aṅguttara Nikāya, she is described as the best of women… (DPPN Uttarā 4)	girl	Nandamātā	Nandamātā	Pali	Buddhist	Theravada	Pali Canon	Samyutta Nikaya	SN 17.24:1.4	https://suttacentral.net/sn17.24	40	disciple	epithet	attested	epithet of Uttarā	SuttaCentral bilara-data Mahāsaṅgīti Pāli (CC0); names from DPPN, SuttaCentral sc-data edition	0.85
Uttara	slug:buddhist:uttaraa-6	Uttarā, Chief female lay disciple of Koṇāgamana Buddha (DPPN Uttarā 6)	boy	Uttarā	Uttarā	Pali	Buddhist	Theravada	Pali Canon	Digha Nikaya	DN 14:1.12.15	https://suttacentral.net/dn14		disciple	personal	attested		SuttaCentral bilara-data Mahāsaṅgīti Pāli (CC0); names from DPPN, SuttaCentral sc-data edition	0.85
Uttarapathaka	slug:buddhist:uttaraapathaka	Uttarāpathaka, a resident of Uttarāpatha		Uttarāpathaka	Uttarāpathaka	Pali	Buddhist	Theravada	Pali Canon	Vinaya Pitaka	Bu Pj 1:2.1.2	https://suttacentral.net/pli-tv-bu-vb-pj1		human	personal	attested		SuttaCentral bilara-data Mahāsaṅgīti Pāli (CC0); names from DPPN, SuttaCentral sc-data edition	0.85
Uttarika	slug:buddhist:uttarikaa	Uttarikā, a diminutive form of Uttarā used by Uttaramātā, the Yakkhinī, in…	girl	Uttarikā	Uttarikā	Pali	Buddhist	Theravada	Pali Canon	Samyutta Nikaya	SN 10.7:2.1	https://suttacentral.net/sn10.7		mythological_being	personal	attested		SuttaCentral bilara-data Mahāsaṅgīti Pāli (CC0); names from DPPN, SuttaCentral sc-data edition	0.85
Uttiya	slug:buddhist:uttiya-1	Uttiya, a monk whose Theragāthā verse tells of how when ill, he aroused… (DPPN Uttiya 1)	boy	Uttiya	Uttiya	Pali	Buddhist	Theravada	Pali Canon	Anguttara Nikaya	AN 10.95:1.1	https://suttacentral.net/an10.95		disciple	personal	attested		SuttaCentral bilara-data Mahāsaṅgīti Pāli (CC0); names from DPPN, SuttaCentral sc-data edition	0.85
Uttiya	slug:buddhist:uttiya-3	Uttiya, a monk whose Theragāthā verse warns of how addiction to the senses… (DPPN Uttiya 3)	boy	Uttiya	Uttiya	Pali	Buddhist	Theravada	Pali Canon	Theragatha	Thag 1.99:1.7	https://suttacentral.net/thag1.99		disciple	personal	attested		SuttaCentral bilara-data Mahāsaṅgīti Pāli (CC0); names from DPPN, SuttaCentral sc-data edition	0.85
Udaya	slug:buddhist:udaya-2	Udaya, a brahmin, pupil of Bāvarī (DPPN Udaya 2)	boy	Udaya	Udaya	Pali	Buddhist	Theravada	Pali Canon	Sutta Nipata	Snp 5.1:33.1	https://suttacentral.net/snp5.1		human	personal	attested		SuttaCentral bilara-data Mahāsaṅgīti Pāli (CC0); names from DPPN, SuttaCentral sc-data edition	0.85
Udayi	slug:buddhist:udaayii-1	Udāyī, there were at least two monks called Udāyī, and it is not always… (DPPN Udāyī 1)	boy	Udāyī	Udāyī	Pali	Buddhist	Theravada	Pali Canon	Anguttara Nikaya	AN 3.80:9.1	https://suttacentral.net/an3.80		disciple	personal	attested		SuttaCentral bilara-data Mahāsaṅgīti Pāli (CC0); names from DPPN, SuttaCentral sc-data edition	0.85
Udayi	slug:buddhist:udaayii-2	Udāyī, there were at least two monks called Udāyī, and it is not always… (DPPN Udāyī 2)	boy	Udāyī	Udāyī	Pali	Buddhist	Theravada	Pali Canon	Vinaya Pitaka	Bu Np 5:1.2.2	https://suttacentral.net/pli-tv-bu-vb-np5		disciple	personal	attested		SuttaCentral bilara-data Mahāsaṅgīti Pāli (CC0); names from DPPN, SuttaCentral sc-data edition	0.85
Udumbara	slug:buddhist:udumbara	Udumbara, town		Udumbara	Udumbara	Pali	Buddhist	Theravada	Pali Canon	Vinaya Pitaka	Kd 22:1.9.29	https://suttacentral.net/pli-tv-kd22		place	word	attested		SuttaCentral bilara-data Mahāsaṅgīti Pāli (CC0); names from DPPN, SuttaCentral sc-data edition	0.85
Udena	slug:buddhist:udena-1	Udena, King of Kosambī (DPPN Udena 1)	boy	Udena	Udena	Pali	Buddhist	Theravada	Pali Canon	Vinaya Pitaka	Kd 21:1.12.13	https://suttacentral.net/pli-tv-kd21		royal	personal	attested		SuttaCentral bilara-data Mahāsaṅgīti Pāli (CC0); names from DPPN, SuttaCentral sc-data edition	0.85
Utena	slug:buddhist:udena-1	Udena, King of Kosambī (DPPN Udena 1)	boy	Utena	Utena	Pali	Buddhist	Theravada	Pali Canon	Udana	Ud 7.10:1.3	https://suttacentral.net/ud7.10	2	royal	epithet	attested	epithet of Udena	SuttaCentral bilara-data Mahāsaṅgīti Pāli (CC0); names from DPPN, SuttaCentral sc-data edition	0.85
Udena	slug:buddhist:udena-3	Udena, an upāsaka of Kosala (DPPN Udena 3)	boy	Udena	Udena	Pali	Buddhist	Theravada	Pali Canon	Vinaya Pitaka	Kd 3:5.1.4	https://suttacentral.net/pli-tv-kd3		human	personal	attested		SuttaCentral bilara-data Mahāsaṅgīti Pāli (CC0); names from DPPN, SuttaCentral sc-data edition	0.85
Udena Cetiya	slug:buddhist:udena-cetiya	Udena Cetiya, shrine		Udena Cetiya	Udena Cetiya	Pali	Buddhist	Theravada	Pali Canon	Digha Nikaya	DN 16:3.2.4	https://suttacentral.net/dn16	11	place	word	attested		SuttaCentral bilara-data Mahāsaṅgīti Pāli (CC0); names from DPPN, SuttaCentral sc-data edition	0.95
Ramaputta	Q7876891	Uddaka Rāmaputta, the Bodhisatta's teacher	boy	Rāmaputta	Rāmaputta	Pali	Buddhist	Theravada	Pali Canon	Digha Nikaya	DN 29:16.8	https://suttacentral.net/dn29	68	human	personal	attested	another name of Uddaka; Pali form of Sanskrit Udraka Rāmaputra	SuttaCentral bilara-data Mahāsaṅgīti Pāli (CC0); names from DPPN, SuttaCentral sc-data edition; Wikidata (CC0)	0.95
Upaka	slug:buddhist:upaka-1	Upaka, an Ājivaka whom the Buddha met on his way between Gayā and the Bodhi… (DPPN Upaka 1)	boy	Upaka	Upaka	Pali	Buddhist	Theravada	Pali Canon	Majjhima Nikaya	MN 26:25.1	https://suttacentral.net/mn26		human	personal	attested		SuttaCentral bilara-data Mahāsaṅgīti Pāli (CC0); names from DPPN, SuttaCentral sc-data edition	0.85
Upaka	slug:buddhist:upaka-2	Upaka, He once visited the Buddha at Gijjhakūṭa and stated before him his… (DPPN Upaka 2)	boy	Upaka	Upaka	Pali	Buddhist	Theravada	Pali Canon	Anguttara Nikaya	AN 4.188:1.2	https://suttacentral.net/an4.188		human	personal	attested		SuttaCentral bilara-data Mahāsaṅgīti Pāli (CC0); names from DPPN, SuttaCentral sc-data edition	0.85
Mandikaputta	slug:buddhist:upaka-2	Upaka, He once visited the Buddha at Gijjhakūṭa and stated before him his… (DPPN Upaka 2)	boy	Maṇḍikāputta	Maṇḍikāputta	Pali	Buddhist	Theravada	Pali Canon	Anguttara Nikaya	AN 4.188:1.2	https://suttacentral.net/an4.188		human	epithet	attested	epithet of Upaka	SuttaCentral bilara-data Mahāsaṅgīti Pāli (CC0); names from DPPN, SuttaCentral sc-data edition	0.85
Upacala	slug:buddhist:upacaala	Upacāla, Son of Upacālā and nephew of Sāriputta and Khadiravaniya-Revata	boy	Upacāla	Upacāla	Pali	Buddhist	Theravada	Pali Canon	Samyutta Nikaya	SN 5.7:1.2	https://suttacentral.net/sn5.7	11	human	personal	attested		SuttaCentral bilara-data Mahāsaṅgīti Pāli (CC0); names from DPPN, SuttaCentral sc-data edition	0.85
Upacala	slug:buddhist:upacaalaa	Upacālā, When Upacālā was taking her siesta in Andhavana, Māra tried to arouse…	girl	Upacālā	Upacālā	Pali	Buddhist	Theravada	Pali Canon	Samyutta Nikaya	SN 5.7:1.2	https://suttacentral.net/sn5.7	9	disciple	personal	attested		SuttaCentral bilara-data Mahāsaṅgīti Pāli (CC0); names from DPPN, SuttaCentral sc-data edition	0.95
Upatissa	slug:buddhist:upatissa	Upatissa, a Pacceka Buddha, found in a nominal list		Upatissa	Upatissa	Pali	Buddhist	Theravada	Pali Canon	Samyutta Nikaya	SN 21.12:5.1	https://suttacentral.net/sn21.12	19	sage	personal	attested		SuttaCentral bilara-data Mahāsaṅgīti Pāli (CC0); names from DPPN, SuttaCentral sc-data edition	0.85
Upananda	slug:buddhist:upananda-1	Upananda, a monk, belonging to the Sākyan clan, who was known for his greed in… (DPPN Upananda 1)	boy	Upananda	Upananda	Pali	Buddhist	Theravada	Pali Canon	Vinaya Pitaka	Bu Pc 42:1.2	https://suttacentral.net/pli-tv-bu-vb-pc42		disciple	personal	attested		SuttaCentral bilara-data Mahāsaṅgīti Pāli (CC0); names from DPPN, SuttaCentral sc-data edition	0.85
Upananda	slug:buddhist:upananda-2	Upananda, Four Pacceka Buddhas, mentioned in the Isigili Sutta (DPPN Upananda 2)	boy	Upananda	Upananda	Pali	Buddhist	Theravada	Pali Canon	Majjhima Nikaya	MN 116:6.23	https://suttacentral.net/mn116		sage	personal	attested		SuttaCentral bilara-data Mahāsaṅgīti Pāli (CC0); names from DPPN, SuttaCentral sc-data edition	0.85
Upananda	slug:buddhist:upananda-3	Upananda, Commander-in-chief of the Māgadha kingdom (DPPN Upananda 3)	boy	Upananda	Upananda	Pali	Buddhist	Theravada	Pali Canon	Majjhima Nikaya	MN 108:24.1	https://suttacentral.net/mn108		human	personal	attested		SuttaCentral bilara-data Mahāsaṅgīti Pāli (CC0); names from DPPN, SuttaCentral sc-data edition	0.85
Uparittha	slug:buddhist:uparittha	Upariṭṭha, a Pacceka Buddha		Upariṭṭha	Upariṭṭha	Pali	Buddhist	Theravada	Pali Canon	Majjhima Nikaya	MN 116:4.2	https://suttacentral.net/mn116	5	sage	personal	attested		SuttaCentral bilara-data Mahāsaṅgīti Pāli (CC0); names from DPPN, SuttaCentral sc-data edition	0.95
Upavattana	slug:buddhist:upavatta	Upavatta, park		Upavattana	Upavattana	Pali	Buddhist	Theravada	Pali Canon	Digha Nikaya	DN 16:4.38.4	https://suttacentral.net/dn16		place	word	attested	another name of Upavatta	SuttaCentral bilara-data Mahāsaṅgīti Pāli (CC0); names from DPPN, SuttaCentral sc-data edition	0.85
Upavana	slug:buddhist:upavaana	Upavāna, a monk who was occasionally the attendant of the Buddha, and who…	boy	Upavāna	Upavāna	Pali	Buddhist	Theravada	Pali Canon	Samyutta Nikaya	SN 46.8:1.1	https://suttacentral.net/sn46.8	7	disciple	personal	attested		SuttaCentral bilara-data Mahāsaṅgīti Pāli (CC0); names from DPPN, SuttaCentral sc-data edition	0.85
Upasama	slug:buddhist:upasamaa	Upasamā, a bhikkhunī whose verse is found in the Therīgāthā	girl	Upasamā	Upasamā	Pali	Buddhist	Theravada	Pali Canon	Therigatha	Thig 1.10:1.1	https://suttacentral.net/thig1.10		disciple	personal	attested		SuttaCentral bilara-data Mahāsaṅgīti Pāli (CC0); names from DPPN, SuttaCentral sc-data edition	0.85
Upasiva	slug:buddhist:upasiiva	Upasīva, one of the disciples of Bāvarī	boy	Upasīva	Upasīva	Pali	Buddhist	Theravada	Pali Canon	Sutta Nipata	Snp 5.1:32.1	https://suttacentral.net/snp5.1	24	disciple	personal	attested		SuttaCentral bilara-data Mahāsaṅgīti Pāli (CC0); names from DPPN, SuttaCentral sc-data edition	0.95
Upasena	slug:buddhist:upasena	Upasena, When his ordination was but one year old, he ordained another…	boy	Upasena	Upasena	Pali	Buddhist	Theravada	Pali Canon	Samyutta Nikaya	SN 35.69:1.1	https://suttacentral.net/sn35.69	52	disciple	personal	attested		SuttaCentral bilara-data Mahāsaṅgīti Pāli (CC0); names from DPPN, SuttaCentral sc-data edition	0.95
Vangantaputta	slug:buddhist:upasena	Upasena, When his ordination was but one year old, he ordained another…	boy	Vaṅgantaputta	Vaṅgantaputta	Pali	Buddhist	Theravada	Pali Canon	Anguttara Nikaya	AN 1.213:1.1	https://suttacentral.net/an1.209-218	22	disciple	epithet	attested	epithet of Upasena	SuttaCentral bilara-data Mahāsaṅgīti Pāli (CC0); names from DPPN, SuttaCentral sc-data edition	0.95
Upali	Q984630	Upāli, disciple, master of the Vinaya	boy	Upāli	Upāli	Pali	Buddhist	Theravada	Pali Canon	Anguttara Nikaya	AN 1.228:1.1	https://suttacentral.net/an1.219-234		disciple	personal	attested	Pali form of Sanskrit Upāli	SuttaCentral bilara-data Mahāsaṅgīti Pāli (CC0); names from DPPN, SuttaCentral sc-data edition; Wikidata (CC0)	0.85
Upali	slug:buddhist:upaali-2	Upāli, a lad of Rājagaha (DPPN Upāli 2)	boy	Upāli	Upāli	Pali	Buddhist	Theravada	Pali Canon	Vinaya Pitaka	Kd 1:49.1.3	https://suttacentral.net/pli-tv-kd1		human	personal	attested		SuttaCentral bilara-data Mahāsaṅgīti Pāli (CC0); names from DPPN, SuttaCentral sc-data edition	0.85
Upali Gahapati	slug:buddhist:upaali-3	Upāli, place (DPPN Upāli 3)		Upāli Gahapati	Upāli Gahapati	Pali	Buddhist	Theravada	Pali Canon	Majjhima Nikaya	MN 56:7.1	https://suttacentral.net/mn56	50	place	word	attested	another name of Upāli	SuttaCentral bilara-data Mahāsaṅgīti Pāli (CC0); names from DPPN, SuttaCentral sc-data edition	0.85
Upasabha	slug:buddhist:upaasabha	Upāsabha, name of a Pacceka Buddha		Upāsabha	Upāsabha	Pali	Buddhist	Theravada	Pali Canon	Majjhima Nikaya	MN 116:4.9	https://suttacentral.net/mn116	2	sage	personal	attested		SuttaCentral bilara-data Mahāsaṅgīti Pāli (CC0); names from DPPN, SuttaCentral sc-data edition	0.95
Uposatha	slug:buddhist:uposatha	Uposatha, the name of the Elephant Treasure of the Cakkavatti Mahāsudassana	boy	Uposatha	Uposatha	Pali	Buddhist	Theravada	Pali Canon	Majjhima Nikaya	MN 129:36.2	https://suttacentral.net/mn129		royal	personal	attested		SuttaCentral bilara-data Mahāsaṅgīti Pāli (CC0); names from DPPN, SuttaCentral sc-data edition	0.85
Uppala	slug:buddhist:uppala-1	Uppala, a Pacceka Buddha mentioned in the Isigili Sutta (DPPN Uppala 1)		Uppala	Uppala	Pali	Buddhist	Theravada	Pali Canon	Majjhima Nikaya	MN 116:6.33	https://suttacentral.net/mn116		sage	personal	attested		SuttaCentral bilara-data Mahāsaṅgīti Pāli (CC0); names from DPPN, SuttaCentral sc-data edition	0.85
Uppala	slug:buddhist:uppala-2	Uppala, hell (DPPN Uppala 2)		Uppala	Uppala	Pali	Buddhist	Theravada	Pali Canon	Samyutta Nikaya	SN 6.10:6.10	https://suttacentral.net/sn6.10		place	word	attested		SuttaCentral bilara-data Mahāsaṅgīti Pāli (CC0); names from DPPN, SuttaCentral sc-data edition	0.85
Uppalavanna	Q3175198	Uppalavaṇṇā, chief bhikkhunī disciple	girl	Uppalavaṇṇā	Uppalavaṇṇā	Pali	Buddhist	Theravada	Pali Canon	Samyutta Nikaya	SN 5.5:1.2	https://suttacentral.net/sn5.5	50	disciple	personal	attested	Pali form of Sanskrit Utpalavarṇā	SuttaCentral bilara-data Mahāsaṅgīti Pāli (CC0); names from DPPN, SuttaCentral sc-data edition; Wikidata (CC0)	0.95
Ubbiri	slug:buddhist:ubbirii	Ubbirī, a bhikkhunī whose verses in the Therīgāthā tell of her lamenting the…	girl	Ubbirī	Ubbirī	Pali	Buddhist	Theravada	Pali Canon	Therigatha	Thig 3.5:1.2	https://suttacentral.net/thig3.5	2	disciple	personal	attested		SuttaCentral bilara-data Mahāsaṅgīti Pāli (CC0); names from DPPN, SuttaCentral sc-data edition	0.95
Ubbhataka	slug:buddhist:ubbhataka	Ubbhataka, building		Ubbhataka	Ubbhataka	Pali	Buddhist	Theravada	Pali Canon	Digha Nikaya	DN 33:1.2.1	https://suttacentral.net/dn33	2	place	word	attested		SuttaCentral bilara-data Mahāsaṅgīti Pāli (CC0); names from DPPN, SuttaCentral sc-data edition	0.95
Uruvelakappa	slug:buddhist:uruvelakappa	Uruvelakappa, town		Uruvelakappa	Uruvelakappa	Pali	Buddhist	Theravada	Pali Canon	Samyutta Nikaya	SN 42.11:1.1	https://suttacentral.net/sn42.11	9	place	word	attested		SuttaCentral bilara-data Mahāsaṅgīti Pāli (CC0); names from DPPN, SuttaCentral sc-data edition	0.95
Uruvela	slug:buddhist:uruvelaa	Uruvelā, town		Uruvelā	Uruvelā	Pali	Buddhist	Theravada	Pali Canon	Digha Nikaya	DN 16:3.34.1	https://suttacentral.net/dn16	39	place	word	attested		SuttaCentral bilara-data Mahāsaṅgīti Pāli (CC0); names from DPPN, SuttaCentral sc-data edition	0.95
Senanigama	slug:buddhist:uruvelaa	Uruvelā, town		Senānigama	Senānigama	Pali	Buddhist	Theravada	Pali Canon	Majjhima Nikaya	MN 26:17.1	https://suttacentral.net/mn26		place	word	attested	another name of Uruvelā	SuttaCentral bilara-data Mahāsaṅgīti Pāli (CC0); names from DPPN, SuttaCentral sc-data edition	0.85
Kassapa	Q11387712	Uruvelā Kassapa, disciple	boy	Kassapa	Kassapa	Pali	Buddhist	Theravada	Pali Canon	Vinaya Pitaka	Kd 1:15.2.2	https://suttacentral.net/pli-tv-kd1		disciple	epithet	attested	epithet of Uruvelākassapa; Pali form of Sanskrit Uruvilvā-Kāśyapa	SuttaCentral bilara-data Mahāsaṅgīti Pāli (CC0); names from DPPN, SuttaCentral sc-data edition; Wikidata (CC0)	0.85
Usabha	slug:buddhist:usabha-1	Usabha, Going out one day from his cave after the rains, he saw the… (DPPN Usabha 1)	boy	Usabha	Usabha	Pali	Buddhist	Theravada	Pali Canon	Theragatha	Thag 1.110:1.4	https://suttacentral.net/thag1.110		human	personal	attested		SuttaCentral bilara-data Mahāsaṅgīti Pāli (CC0); names from DPPN, SuttaCentral sc-data edition	0.85
Usabha	slug:buddhist:usabha-2	Usabha, place (DPPN Usabha 2)		Usabha	Usabha	Pali	Buddhist	Theravada	Pali Canon	Theragatha	Thag 2.39:2.5	https://suttacentral.net/thag2.39		place	word	attested		SuttaCentral bilara-data Mahāsaṅgīti Pāli (CC0); names from DPPN, SuttaCentral sc-data edition	0.85
Usiraddhaja	slug:buddhist:usiiraddhaja	Usīraddhaja, hill		Usīraddhaja	Usīraddhaja	Pali	Buddhist	Theravada	Pali Canon	Vinaya Pitaka	Kd 5:13.12.6	https://suttacentral.net/pli-tv-kd5	1	place	word	attested		SuttaCentral bilara-data Mahāsaṅgīti Pāli (CC0); names from DPPN, SuttaCentral sc-data edition	0.95
Ekadhammasavaniya	slug:buddhist:ekadhammasavaniiya	Ekadhammasavanīya, a monk whose verse is found in the Theragāthā	boy	Ekadhammasavanīya	Ekadhammasavanīya	Pali	Buddhist	Theravada	Pali Canon	Theragatha	Thag 1.67:1.5	https://suttacentral.net/thag1.67	1	disciple	personal	attested		SuttaCentral bilara-data Mahāsaṅgīti Pāli (CC0); names from DPPN, SuttaCentral sc-data edition	0.95
Ekadhammika	slug:buddhist:ekadhammasavaniiya	Ekadhammasavanīya, a monk whose verse is found in the Theragāthā	boy	Ekadhammika	Ekadhammika	Pali	Buddhist	Theravada	Pali Canon	Theragatha	Thag 1.70:2.4	https://suttacentral.net/thag1.70	1	disciple	epithet	attested	epithet of Ekadhammasavanīya	SuttaCentral bilara-data Mahāsaṅgīti Pāli (CC0); names from DPPN, SuttaCentral sc-data edition	0.85
Ekanala	slug:buddhist:ekanaalaa	Ekanāḷā, town		Ekanāḷā	Ekanāḷā	Pali	Buddhist	Theravada	Pali Canon	Samyutta Nikaya	SN 7.11:1.2	https://suttacentral.net/sn7.11	2	place	word	attested		SuttaCentral bilara-data Mahāsaṅgīti Pāli (CC0); names from DPPN, SuttaCentral sc-data edition	0.95
Ekasala	slug:buddhist:ekasaalaa	Ekasālā, town		Ekasālā	Ekasālā	Pali	Buddhist	Theravada	Pali Canon	Samyutta Nikaya	SN 4.14:1.1	https://suttacentral.net/sn4.14	1	place	word	attested		SuttaCentral bilara-data Mahāsaṅgīti Pāli (CC0); names from DPPN, SuttaCentral sc-data edition	0.85
Enikula	slug:buddhist:enikuula	Eṇikūla, town		Eṇikūla	Eṇikūla	Pali	Buddhist	Theravada	Pali Canon	Samyutta Nikaya	SN 6.4:8.1	https://suttacentral.net/sn6.4		place	word	attested		SuttaCentral bilara-data Mahāsaṅgīti Pāli (CC0); names from DPPN, SuttaCentral sc-data edition	0.85
Eraka	slug:buddhist:eraka	Eraka, a verse admonishing this monk is found in the Theragāthā	boy	Eraka	Eraka	Pali	Buddhist	Theravada	Pali Canon	Theragatha	Thag 1.93:1.1	https://suttacentral.net/thag1.93		disciple	personal	attested		SuttaCentral bilara-data Mahāsaṅgīti Pāli (CC0); names from DPPN, SuttaCentral sc-data edition	0.85
Erapatha	slug:buddhist:eraapatha	Erāpatha, a royal family of Nāgas, mentioned together with Virūpakkhas,…		Erāpatha	Erāpatha	Pali	Buddhist	Theravada	Pali Canon	Anguttara Nikaya	AN 4.67:3.2	https://suttacentral.net/an4.67	5	mythological_being	personal	attested		SuttaCentral bilara-data Mahāsaṅgīti Pāli (CC0); names from DPPN, SuttaCentral sc-data edition	0.95
Eravana	slug:buddhist:eraavana	Erāvaṇa, In the Dhammika Sutta	boy	Erāvaṇa	Erāvaṇa	Pali	Buddhist	Theravada	Pali Canon	Digha Nikaya	DN 20:11.7	https://suttacentral.net/dn20	4	human	personal	attested		SuttaCentral bilara-data Mahāsaṅgīti Pāli (CC0); names from DPPN, SuttaCentral sc-data edition	0.95
Eleyya	slug:buddhist:eleyya	Eḷeyya, a rājā, probably of Māgadha	boy	Eḷeyya	Eḷeyya	Pali	Buddhist	Theravada	Pali Canon	Anguttara Nikaya	AN 4.187:4.2	https://suttacentral.net/an4.187	10	royal	personal	attested		SuttaCentral bilara-data Mahāsaṅgīti Pāli (CC0); names from DPPN, SuttaCentral sc-data edition	0.95
Esukari	slug:buddhist:esukaarii	Esukārī, a brahmin who visits the Buddha at Jetavana and asks him various…	boy	Esukārī	Esukārī	Pali	Buddhist	Theravada	Pali Canon	Majjhima Nikaya	MN 96:2.1	https://suttacentral.net/mn96	6	human	personal	attested		SuttaCentral bilara-data Mahāsaṅgīti Pāli (CC0); names from DPPN, SuttaCentral sc-data edition	0.85
Okkaka	slug:buddhist:okkaaka	Okkāka, a king, ancestor of the Sākyas and the Kolians	boy	Okkāka	Okkāka	Pali	Buddhist	Theravada	Pali Canon	Digha Nikaya	DN 3:1.15.7	https://suttacentral.net/dn3	15	royal	personal	attested		SuttaCentral bilara-data Mahāsaṅgīti Pāli (CC0); names from DPPN, SuttaCentral sc-data edition	0.95
Ojasi	slug:buddhist:ojasi	Ojasi, Servant of Kuvera		Ojasi	Ojasi	Pali	Buddhist	Theravada	Pali Canon	Digha Nikaya	DN 32:7.46	https://suttacentral.net/dn32	2	human	personal	attested		SuttaCentral bilara-data Mahāsaṅgīti Pāli (CC0); names from DPPN, SuttaCentral sc-data edition	0.95
Otthaddha	slug:buddhist:otthaddha	Oṭṭhaddha, one of the Licchavis	boy	Oṭṭhaddha	Oṭṭhaddha	Pali	Buddhist	Theravada	Pali Canon	Digha Nikaya	DN 6:5.3	https://suttacentral.net/dn6	2	human	personal	attested		SuttaCentral bilara-data Mahāsaṅgīti Pāli (CC0); names from DPPN, SuttaCentral sc-data edition	0.95
Odatagayha	slug:buddhist:odaatagayhaa	Odātagayhā, a class of eminent devas among those present at the preaching of the…		Odātagayhā	Odātagayhā	Pali	Buddhist	Theravada	Pali Canon	Digha Nikaya	DN 20:17.3	https://suttacentral.net/dn20	1	mythological_being	word	attested		SuttaCentral bilara-data Mahāsaṅgīti Pāli (CC0); names from DPPN, SuttaCentral sc-data edition	0.95
Opamanna	slug:buddhist:opamanna-1	Opamañña, one of the names of Pokkharasāti (DPPN Opamañña 1)		Opamañña	Opamañña	Pali	Buddhist	Theravada	Pali Canon	Majjhima Nikaya	MN 99:10.3	https://suttacentral.net/mn99		human	personal	attested		SuttaCentral bilara-data Mahāsaṅgīti Pāli (CC0); names from DPPN, SuttaCentral sc-data edition	0.85
Opamanna	slug:buddhist:opamanna-2	Opamañña, a Gandhabba chieftain, who was among those present at the preaching… (DPPN Opamañña 2)	boy	Opamañña	Opamañña	Pali	Buddhist	Theravada	Pali Canon	Digha Nikaya	DN 20:10.7	https://suttacentral.net/dn20		mythological_being	personal	attested		SuttaCentral bilara-data Mahāsaṅgīti Pāli (CC0); names from DPPN, SuttaCentral sc-data edition	0.85
Kakudha	slug:buddhist:kakudhaa	Kakudhā, river		Kakudhā	Kakudhā	Pali	Buddhist	Theravada	Pali Canon	Digha Nikaya	DN 16:4.22.5	https://suttacentral.net/dn16		place	word	attested		SuttaCentral bilara-data Mahāsaṅgīti Pāli (CC0); names from DPPN, SuttaCentral sc-data edition	0.85
Kukuttha	slug:buddhist:kakudhaa	Kakudhā, river		Kukutthā	Kukutthā	Pali	Buddhist	Theravada	Pali Canon	Apadana	Tha Ap 407:24.4	https://suttacentral.net/tha-ap407	1	place	word	attested	another name of Kakudhā	SuttaCentral bilara-data Mahāsaṅgīti Pāli (CC0); names from DPPN, SuttaCentral sc-data edition	0.85
Kakudha	slug:buddhist:kakudha-1	Kakudha, a lay disciple of the Buddha who dwelt at Nādikā (DPPN Kakudha 1)	boy	Kakudha	Kakudha	Pali	Buddhist	Theravada	Pali Canon	Digha Nikaya	DN 16:4.22.5	https://suttacentral.net/dn16		disciple	personal	attested		SuttaCentral bilara-data Mahāsaṅgīti Pāli (CC0); names from DPPN, SuttaCentral sc-data edition	0.85
Kakudha	slug:buddhist:kakudha-2	Kakudha, a deva who visited the Buddha at the Añjanavana in Sāketa, and asked… (DPPN Kakudha 2)	boy	Kakudha	Kakudha	Pali	Buddhist	Theravada	Pali Canon	Vinaya Pitaka	Kd 17:2.2.1	https://suttacentral.net/pli-tv-kd17		deity	divine	attested		SuttaCentral bilara-data Mahāsaṅgīti Pāli (CC0); names from DPPN, SuttaCentral sc-data edition	0.85
Kakusandha	Q586206	Kakusandha, Buddha of the past	boy	Kakusandha	Kakusandha	Pali	Buddhist	Theravada	Pali Canon	Digha Nikaya	DN 14:1.4.4	https://suttacentral.net/dn14	51	sage	personal	attested	Pali form of Sanskrit Krakucchanda	SuttaCentral bilara-data Mahāsaṅgīti Pāli (CC0); names from DPPN, SuttaCentral sc-data edition; Wikidata (CC0)	0.95
Kakkarapatta	slug:buddhist:kakkarapatta	Kakkarapatta, town		Kakkarapatta	Kakkarapatta	Pali	Buddhist	Theravada	Pali Canon	Anguttara Nikaya	AN 8.54:1.1	https://suttacentral.net/an8.54	1	place	word	attested		SuttaCentral bilara-data Mahāsaṅgīti Pāli (CC0); names from DPPN, SuttaCentral sc-data edition	0.85
Kaccana	slug:buddhist:kaccaana	Kaccāna, See Mahā-Kaccāna, Pakudha-Kaccāna, Pubba-Kaccāna, Sambula-Kaccāna,…		Kaccāna	Kaccāna	Pali	Buddhist	Theravada	Pali Canon	Samyutta Nikaya	SN 22.90:9.2	https://suttacentral.net/sn22.90		human	personal	attested		SuttaCentral bilara-data Mahāsaṅgīti Pāli (CC0); names from DPPN, SuttaCentral sc-data edition	0.85
Katthaka	slug:buddhist:katthakaa	Kaṭṭhakā, a class of devas present at the Mahāsamaya		Kaṭṭhakā	Kaṭṭhakā	Pali	Buddhist	Theravada	Pali Canon	Digha Nikaya	DN 20:18.2	https://suttacentral.net/dn20		mythological_being	word	attested		SuttaCentral bilara-data Mahāsaṅgīti Pāli (CC0); names from DPPN, SuttaCentral sc-data edition	0.85
Kantaka	slug:buddhist:kantaka	Kaṇṭaka, a novice ordained by Upananda	boy	Kaṇṭaka	Kaṇṭaka	Pali	Buddhist	Theravada	Pali Canon	Vinaya Pitaka	Kd 1:52.1.2	https://suttacentral.net/pli-tv-kd1		disciple	personal	attested		SuttaCentral bilara-data Mahāsaṅgīti Pāli (CC0); names from DPPN, SuttaCentral sc-data edition	0.85
Kannakatthala	slug:buddhist:kannakatthala	Kaṇṇakatthala, park		Kaṇṇakatthala	Kaṇṇakatthala	Pali	Buddhist	Theravada	Pali Canon	Digha Nikaya	DN 8:1.2	https://suttacentral.net/dn8	3	place	word	attested		SuttaCentral bilara-data Mahāsaṅgīti Pāli (CC0); names from DPPN, SuttaCentral sc-data edition	0.95
Kannamunda	slug:buddhist:kannamundaa	Kaṇṇamuṇḍā, lake		Kaṇṇamuṇḍā	Kaṇṇamuṇḍā	Pali	Buddhist	Theravada	Pali Canon	Anguttara Nikaya	AN 7.66:6.3	https://suttacentral.net/an7.66	1	place	word	attested		SuttaCentral bilara-data Mahāsaṅgīti Pāli (CC0); names from DPPN, SuttaCentral sc-data edition	0.95
Kanha	slug:buddhist:kanha-1	Kaṇha, Son of Disā, a slave girl of Okkāka (DPPN Kaṇha 1)	boy	Kaṇha	Kaṇha	Pali	Buddhist	Theravada	Pali Canon	Digha Nikaya	DN 3:1.10.3	https://suttacentral.net/dn3		human	personal	attested		SuttaCentral bilara-data Mahāsaṅgīti Pāli (CC0); names from DPPN, SuttaCentral sc-data edition	0.85
Kanha	slug:buddhist:kanha-2	Kaṇha, a Pacceka Buddha, mentioned in the Isigili Sutta (DPPN Kaṇha 2)		Kaṇha	Kaṇha	Pali	Buddhist	Theravada	Pali Canon	Majjhima Nikaya	MN 116:6.36	https://suttacentral.net/mn116		sage	personal	attested		SuttaCentral bilara-data Mahāsaṅgīti Pāli (CC0); names from DPPN, SuttaCentral sc-data edition	0.85
Kanhagotamaka	slug:buddhist:kanhaagotamikaa	Kaṇhāgotamikā, a royal family of Nāgas		Kaṇhāgotamaka	Kaṇhāgotamaka	Pali	Buddhist	Theravada	Pali Canon	Anguttara Nikaya	AN 4.67:3.2	https://suttacentral.net/an4.67	4	mythological_being	epithet	attested	epithet of Kaṇhāgotamikā	SuttaCentral bilara-data Mahāsaṅgīti Pāli (CC0); names from DPPN, SuttaCentral sc-data edition	0.85
Kanhayana	slug:buddhist:kanhaayanaa	Kaṇhāyanā, the name of the family to which belonged Ambaṭṭha		Kaṇhāyanā	Kaṇhāyanā	Pali	Buddhist	Theravada	Pali Canon	Digha Nikaya	DN 3:1.16.9	https://suttacentral.net/dn3	10	human	personal	attested		SuttaCentral bilara-data Mahāsaṅgīti Pāli (CC0); names from DPPN, SuttaCentral sc-data edition	0.95
Katissaha	slug:buddhist:katissabha	Katissabha, a lay disciple of the Buddha at Nādikā, one of those, who, after…		Kaṭissaha	Kaṭissaha	Pali	Buddhist	Theravada	Pali Canon	Digha Nikaya	DN 16:2.6.9	https://suttacentral.net/dn16		disciple	epithet	attested	epithet of Katissabha	SuttaCentral bilara-data Mahāsaṅgīti Pāli (CC0); names from DPPN, SuttaCentral sc-data edition	0.85
Kandakivana	slug:buddhist:kandakiivana	Kaṇḍakīvana, park		Kaṇḍakīvana	Kaṇḍakīvana	Pali	Buddhist	Theravada	Pali Canon	Samyutta Nikaya	SN 47.26:1.1	https://suttacentral.net/sn47.26	2	place	word	attested		SuttaCentral bilara-data Mahāsaṅgīti Pāli (CC0); names from DPPN, SuttaCentral sc-data edition	0.85
Kandaraka	slug:buddhist:kandaraka	Kandaraka, a wandering ascetic who visited the Buddha at Campā, on the banks of…	boy	Kandaraka	Kandaraka	Pali	Buddhist	Theravada	Pali Canon	Majjhima Nikaya	MN 51:1.3	https://suttacentral.net/mn51	10	human	personal	attested		SuttaCentral bilara-data Mahāsaṅgīti Pāli (CC0); names from DPPN, SuttaCentral sc-data edition	0.95
Kandarayana	slug:buddhist:kandaraayana	Kandarāyana, a brahmin	boy	Kandarāyana	Kandarāyana	Pali	Buddhist	Theravada	Pali Canon	Anguttara Nikaya	AN 2.38:1.2	https://suttacentral.net/an2.32-41	3	human	personal	attested		SuttaCentral bilara-data Mahāsaṅgīti Pāli (CC0); names from DPPN, SuttaCentral sc-data edition	0.85
Kannakujja	slug:buddhist:kannakujja	Kaṇṇakujja, region		Kaṇṇakujja	Kaṇṇakujja	Pali	Buddhist	Theravada	Pali Canon	Vinaya Pitaka	Bu Pj 1:4.18	https://suttacentral.net/pli-tv-bu-vb-pj1	6	place	word	attested		SuttaCentral bilara-data Mahāsaṅgīti Pāli (CC0); names from DPPN, SuttaCentral sc-data edition	0.95
Kanhadinna	slug:buddhist:kanhadinna	Kaṇhadinna, a monk whose Theragāthā verses describe how he heard the Dhamma,…	boy	Kaṇhadinna	Kaṇhadinna	Pali	Buddhist	Theravada	Pali Canon	Theragatha	Thag 2.30:2.5	https://suttacentral.net/thag2.30	2	disciple	personal	attested		SuttaCentral bilara-data Mahāsaṅgīti Pāli (CC0); names from DPPN, SuttaCentral sc-data edition	0.95
Kapinaccana	slug:buddhist:kapinaccanaa	Kapinaccanā, park		Kapinaccanā	Kapinaccanā	Pali	Buddhist	Theravada	Pali Canon	Petavatthu	Pv 36:38.1	https://suttacentral.net/pv36	1	place	word	attested		SuttaCentral bilara-data Mahāsaṅgīti Pāli (CC0); names from DPPN, SuttaCentral sc-data edition	0.85
Kapilavatthu	slug:buddhist:kapilavatthu	Kapilavatthu, town		Kapilavatthu	Kapilavatthu	Pali	Buddhist	Theravada	Pali Canon	Digha Nikaya	DN 3:1.13.2	https://suttacentral.net/dn3		place	word	attested		SuttaCentral bilara-data Mahāsaṅgīti Pāli (CC0); names from DPPN, SuttaCentral sc-data edition	0.85
Kappa	slug:buddhist:kappa-1	Kappa, one of Bāvarī’s disciples (DPPN Kappa 1)	boy	Kappa	Kappa	Pali	Buddhist	Theravada	Pali Canon	Sutta Nipata	Snp 5.1:32.3	https://suttacentral.net/snp5.1		disciple	personal	attested		SuttaCentral bilara-data Mahāsaṅgīti Pāli (CC0); names from DPPN, SuttaCentral sc-data edition	0.85
Kappa	slug:buddhist:kappa-2	Kappa, a monk whose Theragāthā verses speak of the unattractiveness of the… (DPPN Kappa 2)	boy	Kappa	Kappa	Pali	Buddhist	Theravada	Pali Canon	Theragatha	Thag 10.5:10.5	https://suttacentral.net/thag10.5		disciple	personal	attested		SuttaCentral bilara-data Mahāsaṅgīti Pāli (CC0); names from DPPN, SuttaCentral sc-data edition	0.85
Kappa	slug:buddhist:kappa-3	Kappa, In the Saṁyutta Nikāya (DPPN Kappa 3)	boy	Kappa	Kappa	Pali	Buddhist	Theravada	Pali Canon	Samyutta Nikaya	SN 6.4:10.1	https://suttacentral.net/sn6.4		human	personal	attested		SuttaCentral bilara-data Mahāsaṅgīti Pāli (CC0); names from DPPN, SuttaCentral sc-data edition	0.85
Kappitaka	slug:buddhist:kappitaka	Kappitaka, He was upajjhāya to Upāli, and once lived in a cemetery near Vesāli	boy	Kappitaka	Kappitaka	Pali	Buddhist	Theravada	Pali Canon	Petavatthu	Pv 36:32.1	https://suttacentral.net/pv36	13	human	personal	attested		SuttaCentral bilara-data Mahāsaṅgīti Pāli (CC0); names from DPPN, SuttaCentral sc-data edition	0.85
Kamboja	slug:buddhist:kamboja	Kamboja, janapada		Kamboja	Kamboja	Pali	Buddhist	Theravada	Pali Canon	Anguttara Nikaya	AN 3.70:28.3	https://suttacentral.net/an3.70		place	word	attested		SuttaCentral bilara-data Mahāsaṅgīti Pāli (CC0); names from DPPN, SuttaCentral sc-data edition	0.85
Kambojaka	slug:buddhist:kamboja	Kamboja, janapada		Kambojaka	Kambojaka	Pali	Buddhist	Theravada	Pali Canon	Jataka	Ja 464:5.4	https://suttacentral.net/ja464	4	place	word	attested	another name of Kamboja	SuttaCentral bilara-data Mahāsaṅgīti Pāli (CC0); names from DPPN, SuttaCentral sc-data edition	0.85
Kammasadhamma	slug:buddhist:kammaasadhamma	Kammāsadhamma, town		Kammāsadhamma	Kammāsadhamma	Pali	Buddhist	Theravada	Pali Canon	Digha Nikaya	DN 15:1.2	https://suttacentral.net/dn15	10	place	word	attested		SuttaCentral bilara-data Mahāsaṅgīti Pāli (CC0); names from DPPN, SuttaCentral sc-data edition	0.95
Karatiya	slug:buddhist:karatiya	Karatiya, a Yakkha, mentioned in the Āṭānāṭiya Sutta as being one of the chief…	boy	Karatiya	Karatiya	Pali	Buddhist	Theravada	Pali Canon	Digha Nikaya	DN 32:10.11	https://suttacentral.net/dn32		mythological_being	personal	attested		SuttaCentral bilara-data Mahāsaṅgīti Pāli (CC0); names from DPPN, SuttaCentral sc-data edition	0.85
Karerikutika	slug:buddhist:karerikutikaa	Karerikuṭikā, building		Karerikuṭikā	Karerikuṭikā	Pali	Buddhist	Theravada	Pali Canon	Digha Nikaya	DN 14:1.1.2	https://suttacentral.net/dn14		place	word	attested		SuttaCentral bilara-data Mahāsaṅgīti Pāli (CC0); names from DPPN, SuttaCentral sc-data edition	0.85
Karerimandalamala	slug:buddhist:karerimandalamaala	Karerimaṇḍalamāḷa, building		Karerimaṇḍalamāḷa	Karerimaṇḍalamāḷa	Pali	Buddhist	Theravada	Pali Canon	Digha Nikaya	DN 14:1.1.3	https://suttacentral.net/dn14		place	word	attested		SuttaCentral bilara-data Mahāsaṅgīti Pāli (CC0); names from DPPN, SuttaCentral sc-data edition	0.85
Kalandagama	slug:buddhist:kalandagaama	Kalandagāma, town		Kalandagāma	Kalandagāma	Pali	Buddhist	Theravada	Pali Canon	Vinaya Pitaka	Bu Pj 1:5.1.1	https://suttacentral.net/pli-tv-bu-vb-pj1	4	place	word	attested		SuttaCentral bilara-data Mahāsaṅgīti Pāli (CC0); names from DPPN, SuttaCentral sc-data edition	0.95
Kalanda	slug:buddhist:kalandagaama	Kalandagāma, town		Kalanda	Kalanda	Pali	Buddhist	Theravada	Pali Canon	Milindapanha	Mil 7.2.10:7.2	https://suttacentral.net/mil7.2.10	1	place	word	attested	another name of Kalandagāma	SuttaCentral bilara-data Mahāsaṅgīti Pāli (CC0); names from DPPN, SuttaCentral sc-data edition	0.85
Kalarajanaka	slug:buddhist:kalaarajanaka	Kaḷārajanaka, King of Mithilā	boy	Kaḷārajanaka	Kaḷārajanaka	Pali	Buddhist	Theravada	Pali Canon	Majjhima Nikaya	MN 83:20.1	https://suttacentral.net/mn83	1	royal	personal	attested		SuttaCentral bilara-data Mahāsaṅgīti Pāli (CC0); names from DPPN, SuttaCentral sc-data edition	0.95
Kassapa	Q1808464	Kassapa, Buddha of the past	boy	Kassapa	Kassapa	Pali	Buddhist	Theravada	Pali Canon	Digha Nikaya	DN 14:1.4.6	https://suttacentral.net/dn14		sage	personal	attested	Pali form of Sanskrit Kāśyapa	SuttaCentral bilara-data Mahāsaṅgīti Pāli (CC0); names from DPPN, SuttaCentral sc-data edition; Wikidata (CC0)	0.85
Kassapa	slug:buddhist:kassapa-2	Kassapa, a monk whose admonition by his mother is recorded in the Theragāthā (DPPN Kassapa 2)	boy	Kassapa	Kassapa	Pali	Buddhist	Theravada	Pali Canon	Theragatha	Thag 1.82:1.5	https://suttacentral.net/thag1.82		disciple	personal	attested		SuttaCentral bilara-data Mahāsaṅgīti Pāli (CC0); names from DPPN, SuttaCentral sc-data edition	0.85
Kassapa	slug:buddhist:kassapa-3	Kassapa, a devaputta (DPPN Kassapa 3)	boy	Kassapa	Kassapa	Pali	Buddhist	Theravada	Pali Canon	Samyutta Nikaya	SN 2.1:1.3	https://suttacentral.net/sn2.1		deity	divine	attested		SuttaCentral bilara-data Mahāsaṅgīti Pāli (CC0); names from DPPN, SuttaCentral sc-data edition	0.85
Kassapa	slug:buddhist:kassapa-4	Kassapa, one of the famous sages of yore, of whom ten are several times… (DPPN Kassapa 4)	boy	Kassapa	Kassapa	Pali	Buddhist	Theravada	Pali Canon	Digha Nikaya	DN 3:2.8.1	https://suttacentral.net/dn3		human	personal	attested		SuttaCentral bilara-data Mahāsaṅgīti Pāli (CC0); names from DPPN, SuttaCentral sc-data edition	0.85
Kassapa	slug:buddhist:kassapa-5	Kassapa, See also Acela Kassapa, Uruvelā Kassapa, Kumāra°, Gayā°, Dasabala°,… (DPPN Kassapa 5)	boy	Kassapa	Kassapa	Pali	Buddhist	Theravada	Pali Canon	Digha Nikaya	DN 6:4.2	https://suttacentral.net/dn6		human	personal	attested		SuttaCentral bilara-data Mahāsaṅgīti Pāli (CC0); names from DPPN, SuttaCentral sc-data edition	0.85
Kassapakarama	slug:buddhist:kassapakaaraama	Kassapakārāma, monastery		Kassapakārāma	Kassapakārāma	Pali	Buddhist	Theravada	Pali Canon	Samyutta Nikaya	SN 22.88:1.2	https://suttacentral.net/sn22.88		place	word	attested		SuttaCentral bilara-data Mahāsaṅgīti Pāli (CC0); names from DPPN, SuttaCentral sc-data edition	0.85
Kassapagotta	slug:buddhist:kassapagotta-1	Kassapagotta, a monk living in Vāsabhagāma in the Kāsi kingdom (DPPN Kassapagotta 1)	boy	Kassapagotta	Kassapagotta	Pali	Buddhist	Theravada	Pali Canon	Vinaya Pitaka	Kd 9:1.1.3	https://suttacentral.net/pli-tv-kd9		disciple	personal	attested		SuttaCentral bilara-data Mahāsaṅgīti Pāli (CC0); names from DPPN, SuttaCentral sc-data edition	0.85
Kaka	slug:buddhist:kaaka	Kāka, Slave of King Caṇḍapajjota	boy	Kāka	Kāka	Pali	Buddhist	Theravada	Pali Canon	Vinaya Pitaka	Kd 8:1.4.5	https://suttacentral.net/pli-tv-kd8		human	personal	attested		SuttaCentral bilara-data Mahāsaṅgīti Pāli (CC0); names from DPPN, SuttaCentral sc-data edition	0.85
Katiyana	slug:buddhist:kaatiyaana	Kātiyāna, a monk to whom several Theragāthā verses on the need for energetic…	boy	Kātiyāna	Kātiyāna	Pali	Buddhist	Theravada	Pali Canon	Samyutta Nikaya	SN 2.30:8.1	https://suttacentral.net/sn2.30	9	disciple	personal	attested		SuttaCentral bilara-data Mahāsaṅgīti Pāli (CC0); names from DPPN, SuttaCentral sc-data edition	0.95
Katiyani	slug:buddhist:kaatiyaanii	Kātiyānī, a lay devotee, declared by the Buddha to be most eminent among women…	girl	Kātiyānī	Kātiyānī	Pali	Buddhist	Theravada	Pali Canon	Anguttara Nikaya	AN 1.265:1.1	https://suttacentral.net/an1.258-267	3	human	personal	attested		SuttaCentral bilara-data Mahāsaṅgīti Pāli (CC0); names from DPPN, SuttaCentral sc-data edition	0.95
Kapatika	slug:buddhist:kaapathika	Kāpathika, a young brahmin, sixteen years old, well versed in the Vedas, and…	boy	Kāpaṭika	Kāpaṭika	Pali	Buddhist	Theravada	Pali Canon	Majjhima Nikaya	MN 95:11.2	https://suttacentral.net/mn95	14	human	epithet	attested	epithet of Kāpathika	SuttaCentral bilara-data Mahāsaṅgīti Pāli (CC0); names from DPPN, SuttaCentral sc-data edition	0.95
Kamanda	slug:buddhist:kaamandaa	Kāmaṇḍā, town		Kāmaṇḍā	Kāmaṇḍā	Pali	Buddhist	Theravada	Pali Canon	Samyutta Nikaya	SN 35.133:1.1	https://suttacentral.net/sn35.133	1	place	word	attested		SuttaCentral bilara-data Mahāsaṅgīti Pāli (CC0); names from DPPN, SuttaCentral sc-data edition	0.85
Kamabhu	slug:buddhist:kaamabhuu	Kāmabhū, a monk, evidently held in high esteem by his colleagues	boy	Kāmabhū	Kāmabhū	Pali	Buddhist	Theravada	Pali Canon	Digha Nikaya	DN 15:5.3	https://suttacentral.net/dn15	29	disciple	personal	attested		SuttaCentral bilara-data Mahāsaṅgīti Pāli (CC0); names from DPPN, SuttaCentral sc-data edition	0.95
Kamasettha	slug:buddhist:kaamasettha	Kāmaseṭṭha, one of the greater yakkhas who should be invoked if any follower of…		Kāmaseṭṭha	Kāmaseṭṭha	Pali	Buddhist	Theravada	Pali Canon	Digha Nikaya	DN 20:10.5	https://suttacentral.net/dn20	3	mythological_being	personal	attested		SuttaCentral bilara-data Mahāsaṅgīti Pāli (CC0); names from DPPN, SuttaCentral sc-data edition	0.95
Karambhi	slug:buddhist:kaarambhii	kārambhī, park		kārambhī	kārambhī	Pali	Buddhist	Theravada	Pali Canon	Theragatha	Thag 1.22:1.2	https://suttacentral.net/thag1.22	2	place	word	attested		SuttaCentral bilara-data Mahāsaṅgīti Pāli (CC0); names from DPPN, SuttaCentral sc-data edition	0.95
Kalasila	slug:buddhist:kaalasilaa	Kāḷasilā, feature		Kāḷasilā	Kāḷasilā	Pali	Buddhist	Theravada	Pali Canon	Digha Nikaya	DN 16:3.42.4	https://suttacentral.net/dn16	15	place	word	attested		SuttaCentral bilara-data Mahāsaṅgīti Pāli (CC0); names from DPPN, SuttaCentral sc-data edition	0.95
Kali	slug:buddhist:kaalii-1	Kāḷī, Described among laywomen as the best of those who believe even from… (DPPN Kāḷī 1)	girl	Kāḷī	Kāḷī	Pali	Buddhist	Theravada	Pali Canon	Anguttara Nikaya	AN 1.267:1.1	https://suttacentral.net/an1.258-267		human	personal	attested		SuttaCentral bilara-data Mahāsaṅgīti Pāli (CC0); names from DPPN, SuttaCentral sc-data edition	0.85
Kali	slug:buddhist:kaalii-2	Kāḷī, Maidservant of Videhikā of Sāvatthī (DPPN Kāḷī 2)	girl	Kāḷī	Kāḷī	Pali	Buddhist	Theravada	Pali Canon	Majjhima Nikaya	MN 21:9.4	https://suttacentral.net/mn21		human	personal	attested		SuttaCentral bilara-data Mahāsaṅgīti Pāli (CC0); names from DPPN, SuttaCentral sc-data edition	0.85
Kali	slug:buddhist:kaalii-3	Kāḷī, a Māra-woman, sister of Dūsī and mother of the Māra of the present age (DPPN Kāḷī 3)	girl	Kāḷī	Kāḷī	Pali	Buddhist	Theravada	Pali Canon	Majjhima Nikaya	MN 50:8.1	https://suttacentral.net/mn50		human	personal	attested		SuttaCentral bilara-data Mahāsaṅgīti Pāli (CC0); names from DPPN, SuttaCentral sc-data edition	0.85
Kali	slug:buddhist:kaalii-4	Kāḷī, a crematrix of Sāvatthī (DPPN Kāḷī 4)	girl	Kāḷī	Kāḷī	Pali	Buddhist	Theravada	Pali Canon	Theragatha	Thag 2.16:1.1	https://suttacentral.net/thag2.16		human	personal	attested		SuttaCentral bilara-data Mahāsaṅgīti Pāli (CC0); names from DPPN, SuttaCentral sc-data edition	0.85
Kaludayi	slug:buddhist:kaaludaayii	Kāḷudāyī, a monk whose verses in the Theragāthā tell depict him encouraging the…	boy	Kāḷudāyī	Kāḷudāyī	Pali	Buddhist	Theravada	Pali Canon	Anguttara Nikaya	AN 1.225:1.1	https://suttacentral.net/an1.219-234	7	disciple	personal	attested		SuttaCentral bilara-data Mahāsaṅgīti Pāli (CC0); names from DPPN, SuttaCentral sc-data edition	0.95
Kasi	slug:buddhist:kaasi	Kāsi, janapada		Kāsi	Kāsi	Pali	Buddhist	Theravada	Pali Canon	Digha Nikaya	DN 19:36.9	https://suttacentral.net/dn19		place	word	attested		SuttaCentral bilara-data Mahāsaṅgīti Pāli (CC0); names from DPPN, SuttaCentral sc-data edition	0.85
Kasi Nigama	slug:buddhist:kaasi	Kāsi, janapada		Kāsi Nigama	Kāsi Nigama	Pali	Buddhist	Theravada	Pali Canon	Majjhima Nikaya	MN 70:3.1	https://suttacentral.net/mn70	2	place	word	attested	another name of Kāsi	SuttaCentral bilara-data Mahāsaṅgīti Pāli (CC0); names from DPPN, SuttaCentral sc-data edition	0.85
Kiki	slug:buddhist:kikii	Kikī, King of Benares at the time of the Buddha Kassapa	boy	Kikī	Kikī	Pali	Buddhist	Theravada	Pali Canon	Digha Nikaya	DN 14:1.12.20	https://suttacentral.net/dn14		royal	personal	attested		SuttaCentral bilara-data Mahāsaṅgīti Pāli (CC0); names from DPPN, SuttaCentral sc-data edition	0.85
Kinnughandu	slug:buddhist:kinnughandu	Kinnughaṇḍu, one of the great Yakkhas, mentioned in the Āṭānāṭiya Sutta, to be…		Kinnughaṇḍu	Kinnughaṇḍu	Pali	Buddhist	Theravada	Pali Canon	Digha Nikaya	DN 32:10.5	https://suttacentral.net/dn32	2	mythological_being	personal	attested		SuttaCentral bilara-data Mahāsaṅgīti Pāli (CC0); names from DPPN, SuttaCentral sc-data edition	0.95
Kimila	slug:buddhist:kimbila	Kimbila, a Sākiyan of Kapilavatthu	boy	Kimila	Kimila	Pali	Buddhist	Theravada	Pali Canon	Majjhima Nikaya	MN 31:2.1	https://suttacentral.net/mn31	62	human	epithet	attested	epithet of Kimbila	SuttaCentral bilara-data Mahāsaṅgīti Pāli (CC0); names from DPPN, SuttaCentral sc-data edition	0.95
Kimila	slug:buddhist:kimilaa	Kimilā, park		Kimilā	Kimilā	Pali	Buddhist	Theravada	Pali Canon	Majjhima Nikaya	MN 31:4.5	https://suttacentral.net/mn31	15	place	word	attested		SuttaCentral bilara-data Mahāsaṅgīti Pāli (CC0); names from DPPN, SuttaCentral sc-data edition	0.85
Kirapatika	slug:buddhist:kirapatika	Kirapatika, a household of Vesalī, a pious follower of the Buddha	boy	Kirapatika	Kirapatika	Pali	Buddhist	Theravada	Pali Canon	Vinaya Pitaka	Bu Pc 33:1.4	https://suttacentral.net/pli-tv-bu-vb-pc33	4	human	personal	attested		SuttaCentral bilara-data Mahāsaṅgīti Pāli (CC0); names from DPPN, SuttaCentral sc-data edition	0.85
Kisa Sankicca	slug:buddhist:kisasankicca	Kisasaṅkicca, a naked ascetic, contemporary with the Buddha and evidently a…		Kisa Saṅkicca	Kisa Saṅkicca	Pali	Buddhist	Theravada	Pali Canon	Majjhima Nikaya	MN 36:5.3	https://suttacentral.net/mn36	3	human	personal	attested		SuttaCentral bilara-data Mahāsaṅgīti Pāli (CC0); names from DPPN, SuttaCentral sc-data edition	0.95
Kisa	slug:buddhist:kisasankicca	Kisasaṅkicca, a naked ascetic, contemporary with the Buddha and evidently a…		Kisa	Kisa	Pali	Buddhist	Theravada	Pali Canon	Majjhima Nikaya	MN 36:5.3	https://suttacentral.net/mn36		human	epithet	attested	epithet of Kisasaṅkicca	SuttaCentral bilara-data Mahāsaṅgīti Pāli (CC0); names from DPPN, SuttaCentral sc-data edition	0.85
Sankicca	slug:buddhist:kisasankicca	Kisasaṅkicca, a naked ascetic, contemporary with the Buddha and evidently a…		Saṅkicca	Saṅkicca	Pali	Buddhist	Theravada	Pali Canon	Majjhima Nikaya	MN 36:5.3	https://suttacentral.net/mn36		human	epithet	attested	epithet of Kisasaṅkicca	SuttaCentral bilara-data Mahāsaṅgīti Pāli (CC0); names from DPPN, SuttaCentral sc-data edition	0.85
Kisagotami	Q133576452	Kisāgotamī, bhikkhunī	girl	Kisāgotamī	Kisāgotamī	Pali	Buddhist	Theravada	Pali Canon	Samyutta Nikaya	SN 5.3:1.2	https://suttacentral.net/sn5.3	17	disciple	personal	attested	Pali form of Sanskrit Kṛśā Gautamī	SuttaCentral bilara-data Mahāsaṅgīti Pāli (CC0); names from DPPN, SuttaCentral sc-data edition; Wikidata (CC0)	0.95
Kitagiri	slug:buddhist:kiitaagiri	Kīṭāgiri, town		Kīṭāgiri	Kīṭāgiri	Pali	Buddhist	Theravada	Pali Canon	Majjhima Nikaya	MN 70:3.1	https://suttacentral.net/mn70	56	place	word	attested		SuttaCentral bilara-data Mahāsaṅgīti Pāli (CC0); names from DPPN, SuttaCentral sc-data edition	0.95
Kukkutarama	slug:buddhist:kukkutaaraama	Kukkuṭārāma, monastery		Kukkuṭārāma	Kukkuṭārāma	Pali	Buddhist	Theravada	Pali Canon	Majjhima Nikaya	MN 52:2.1	https://suttacentral.net/mn52	11	place	word	attested		SuttaCentral bilara-data Mahāsaṅgīti Pāli (CC0); names from DPPN, SuttaCentral sc-data edition	0.95
Kutendu	slug:buddhist:kutendu	Kuṭeṇḍu, a vassal of the Cātummahārājikas, present at the preaching of the…		Kuṭeṇḍu	Kuṭeṇḍu	Pali	Buddhist	Theravada	Pali Canon	Digha Nikaya	DN 20:10.3	https://suttacentral.net/dn20	1	human	personal	attested		SuttaCentral bilara-data Mahāsaṅgīti Pāli (CC0); names from DPPN, SuttaCentral sc-data edition	0.95
Kunala	slug:buddhist:kunaalaa	Kuṇālā, river		Kuṇālā	Kuṇālā	Pali	Buddhist	Theravada	Pali Canon	Anguttara Nikaya	AN 7.66:6.3	https://suttacentral.net/an7.66		place	word	attested		SuttaCentral bilara-data Mahāsaṅgīti Pāli (CC0); names from DPPN, SuttaCentral sc-data edition	0.85
Kundadhana	slug:buddhist:kundadhaana	Kuṇḍadhāna, a monk whose Theragāthā verse speaks of cutting off or developing…	boy	Kuṇḍadhāna	Kuṇḍadhāna	Pali	Buddhist	Theravada	Pali Canon	Anguttara Nikaya	AN 1.211:1.1	https://suttacentral.net/an1.209-218	5	disciple	personal	attested		SuttaCentral bilara-data Mahāsaṅgīti Pāli (CC0); names from DPPN, SuttaCentral sc-data edition	0.95
Kundaliya	slug:buddhist:kundaliya	Kuṇḍaliya, a Paribbājaka who visits the Buddha at the Añjanavana in Sāketa	boy	Kuṇḍaliya	Kuṇḍaliya	Pali	Buddhist	Theravada	Pali Canon	Samyutta Nikaya	SN 46.6:1.2	https://suttacentral.net/sn46.6	22	human	personal	attested		SuttaCentral bilara-data Mahāsaṅgīti Pāli (CC0); names from DPPN, SuttaCentral sc-data edition	0.95
Kuddalaka	slug:buddhist:kuddaala	Kuddāla, He is mentioned in a list of six famous teachers of the past, who…	boy	Kuddālaka	Kuddālaka	Pali	Buddhist	Theravada	Pali Canon	Anguttara Nikaya	AN 6.54:16.1	https://suttacentral.net/an6.54	3	human	epithet	attested	epithet of Kuddāla	SuttaCentral bilara-data Mahāsaṅgīti Pāli (CC0); names from DPPN, SuttaCentral sc-data edition	0.95
Kundadhanavana	slug:buddhist:kundadhaanavana	Kuṇḍadhānavana, monastery		Kuṇḍadhānavana	Kuṇḍadhānavana	Pali	Buddhist	Theravada	Pali Canon	Udana	Ud 2.8:1.2	https://suttacentral.net/ud2.8	1	place	word	attested		SuttaCentral bilara-data Mahāsaṅgīti Pāli (CC0); names from DPPN, SuttaCentral sc-data edition	0.95
Kundika	slug:buddhist:kundadhaanavana	Kuṇḍadhānavana, monastery		Kuṇḍikā	Kuṇḍikā	Pali	Buddhist	Theravada	Pali Canon	Udana	Ud 2.8:1.2	https://suttacentral.net/ud2.8		place	word	attested	another name of Kuṇḍadhānavana	SuttaCentral bilara-data Mahāsaṅgīti Pāli (CC0); names from DPPN, SuttaCentral sc-data edition	0.85
Kula	slug:buddhist:kundala	Kuṇḍala, the verse attributed to Kundala in the Theragāthā occurs twice in the…	boy	Kula	Kula	Pali	Buddhist	Theravada	Pali Canon	Theragatha	Thag 1.19:1.5	https://suttacentral.net/thag1.19		disciple	epithet	attested	epithet of Kuṇḍala	SuttaCentral bilara-data Mahāsaṅgīti Pāli (CC0); names from DPPN, SuttaCentral sc-data edition	0.85
Kumarakassapa	slug:buddhist:kumaarakassapa	Kumārakassapa, He was foremost among those who had the gift of varied and versatile…	boy	Kumārakassapa	Kumārakassapa	Pali	Buddhist	Theravada	Pali Canon	Digha Nikaya	DN 23:1.2	https://suttacentral.net/dn23	39	human	personal	attested		SuttaCentral bilara-data Mahāsaṅgīti Pāli (CC0); names from DPPN, SuttaCentral sc-data edition	0.95
Kumuda	slug:buddhist:kumuda	Kumuda, hell		Kumuda	Kumuda	Pali	Buddhist	Theravada	Pali Canon	Samyutta Nikaya	SN 6.10:6.7	https://suttacentral.net/sn6.10		place	word	attested		SuttaCentral bilara-data Mahāsaṅgīti Pāli (CC0); names from DPPN, SuttaCentral sc-data edition	0.85
Kumbhanda	slug:buddhist:kumbhanda	Kumbhaṇḍa, a class of spirits mentioned with Yakkhas, Asuras and Nāgas		Kumbhaṇḍa	Kumbhaṇḍa	Pali	Buddhist	Theravada	Pali Canon	Digha Nikaya	DN 20:9.13	https://suttacentral.net/dn20		mythological_being	word	attested		SuttaCentral bilara-data Mahāsaṅgīti Pāli (CC0); names from DPPN, SuttaCentral sc-data edition	0.85
Kumbhira	slug:buddhist:kumbhiira	Kumbhīra, a Yakkha who lived in the Vepulla mountain outside Rājagaha	boy	Kumbhīra	Kumbhīra	Pali	Buddhist	Theravada	Pali Canon	Digha Nikaya	DN 20:8.7	https://suttacentral.net/dn20	2	mythological_being	personal	attested		SuttaCentral bilara-data Mahāsaṅgīti Pāli (CC0); names from DPPN, SuttaCentral sc-data edition	0.95
Kuru	slug:buddhist:kuru	Kuru, janapada		Kuru	Kuru	Pali	Buddhist	Theravada	Pali Canon	Digha Nikaya	DN 15:1.2	https://suttacentral.net/dn15	32	place	word	attested		SuttaCentral bilara-data Mahāsaṅgīti Pāli (CC0); names from DPPN, SuttaCentral sc-data edition	0.95
Kulla	slug:buddhist:kulla	Kulla, the Theragāthā verses ascribed to him speak of the contemplation of…	boy	Kulla	Kulla	Pali	Buddhist	Theravada	Pali Canon	Theragatha	Thag 6.4:1.1	https://suttacentral.net/thag6.4		disciple	personal	attested		SuttaCentral bilara-data Mahāsaṅgīti Pāli (CC0); names from DPPN, SuttaCentral sc-data edition	0.85
Kuvera	Q866315	Vessavaṇa (Kuvera), Great King of the north	boy	Kuvera	Kuvera	Pali	Buddhist	Theravada	Pali Canon	Digha Nikaya	DN 20:9.32	https://suttacentral.net/dn20	15	deity	divine	attested	Pali form of Sanskrit Vaiśravaṇa	SuttaCentral bilara-data Mahāsaṅgīti Pāli (CC0); names from DPPN, SuttaCentral sc-data edition; Wikidata (CC0)	0.95
Vessavana	Q866315	Vessavaṇa (Kuvera), Great King of the north	boy	Vessavaṇa	Vessavaṇa	Pali	Buddhist	Theravada	Pali Canon	Digha Nikaya	DN 18:10.5	https://suttacentral.net/dn18	47	deity	divine	attested	epithet of Kuvera; Pali form of Sanskrit Vaiśravaṇa	SuttaCentral bilara-data Mahāsaṅgīti Pāli (CC0); names from DPPN, SuttaCentral sc-data edition; Wikidata (CC0)	0.95
Kusinata	slug:buddhist:kusinaataa	Kusināṭā, town		Kusināṭā	Kusināṭā	Pali	Buddhist	Theravada	Pali Canon	Digha Nikaya	DN 32:7.34	https://suttacentral.net/dn32	2	place	word	attested		SuttaCentral bilara-data Mahāsaṅgīti Pāli (CC0); names from DPPN, SuttaCentral sc-data edition	0.95
Kusinara	slug:buddhist:kusinaaraa	Kusinārā, town		Kusinārā	Kusinārā	Pali	Buddhist	Theravada	Pali Canon	Digha Nikaya	DN 16:4.20.4	https://suttacentral.net/dn16	45	place	word	attested		SuttaCentral bilara-data Mahāsaṅgīti Pāli (CC0); names from DPPN, SuttaCentral sc-data edition	0.95
Kutadanta	slug:buddhist:kuutadanta	Kūṭadanta, a very learned brahmin of Khāṇumata, which village had been given to…	boy	Kūṭadanta	Kūṭadanta	Pali	Buddhist	Theravada	Pali Canon	Digha Nikaya	DN 5:1.4	https://suttacentral.net/dn5	59	human	personal	attested		SuttaCentral bilara-data Mahāsaṅgīti Pāli (CC0); names from DPPN, SuttaCentral sc-data edition	0.95
Kutagarasala	slug:buddhist:kuutaagaarasaalaa	Kūṭāgārasālā, building		Kūṭāgārasālā	Kūṭāgārasālā	Pali	Buddhist	Theravada	Pali Canon	Digha Nikaya	DN 6:1.2	https://suttacentral.net/dn6		place	word	attested		SuttaCentral bilara-data Mahāsaṅgīti Pāli (CC0); names from DPPN, SuttaCentral sc-data edition	0.85
Keniya	slug:buddhist:keniya	Keṇiya, a brahmanical matted hair ascetic	boy	Keṇiya	Keṇiya	Pali	Buddhist	Theravada	Pali Canon	Majjhima Nikaya	MN 92:2.1	https://suttacentral.net/mn92	80	human	personal	attested		SuttaCentral bilara-data Mahāsaṅgīti Pāli (CC0); names from DPPN, SuttaCentral sc-data edition	0.95
Ketuma	slug:buddhist:ketumaa	Ketumā, a Pacceka Buddha, mentioned in a list of their names		Ketumā	Ketumā	Pali	Buddhist	Theravada	Pali Canon	Majjhima Nikaya	MN 116:6.16	https://suttacentral.net/mn116	1	sage	personal	attested		SuttaCentral bilara-data Mahāsaṅgīti Pāli (CC0); names from DPPN, SuttaCentral sc-data edition	0.95
Kevatta	slug:buddhist:kevatta	Kevaṭṭa, a householder of Nāḷandā	boy	Kevaṭṭa	Kevaṭṭa	Pali	Buddhist	Theravada	Pali Canon	Digha Nikaya	DN 11:1.3	https://suttacentral.net/dn11		human	personal	attested		SuttaCentral bilara-data Mahāsaṅgīti Pāli (CC0); names from DPPN, SuttaCentral sc-data edition	0.85
Kesamutta	slug:buddhist:kesamutta	Kesamutta, town		Kesamutta	Kesamutta	Pali	Buddhist	Theravada	Pali Canon	Anguttara Nikaya	AN 3.65:1.2	https://suttacentral.net/an3.65	4	place	word	attested		SuttaCentral bilara-data Mahāsaṅgīti Pāli (CC0); names from DPPN, SuttaCentral sc-data edition	0.85
Kesava	slug:buddhist:kesava	Kesava, an ascetic in Himavā	boy	Kesava	Kesava	Pali	Buddhist	Theravada	Pali Canon	Petavatthu	Pv 18:1.6	https://suttacentral.net/pv18	7	human	personal	attested		SuttaCentral bilara-data Mahāsaṅgīti Pāli (CC0); names from DPPN, SuttaCentral sc-data edition	0.85
Kokanada	slug:buddhist:kokanada	Kokanada, building		Kokanada	Kokanada	Pali	Buddhist	Theravada	Pali Canon	Majjhima Nikaya	MN 85:2.1	https://suttacentral.net/mn85		place	word	attested		SuttaCentral bilara-data Mahāsaṅgīti Pāli (CC0); names from DPPN, SuttaCentral sc-data edition	0.85
Kokanuda	slug:buddhist:kokanuda	Kokanuda, a Paribbājaka	boy	Kokanuda	Kokanuda	Pali	Buddhist	Theravada	Pali Canon	Anguttara Nikaya	AN 10.96:2.1	https://suttacentral.net/an10.96	2	human	personal	attested		SuttaCentral bilara-data Mahāsaṅgīti Pāli (CC0); names from DPPN, SuttaCentral sc-data edition	0.95
Kokalika	slug:buddhist:kokaalika	Kokālika, a monk, one of the chief partisans of Devadatta	boy	Kokālika	Kokālika	Pali	Buddhist	Theravada	Pali Canon	Samyutta Nikaya	SN 6.7:1.4	https://suttacentral.net/sn6.7	86	disciple	personal	attested		SuttaCentral bilara-data Mahāsaṅgīti Pāli (CC0); names from DPPN, SuttaCentral sc-data edition	0.95
Kotigama	slug:buddhist:kotigaama	Koṭigāma, town		Koṭigāma	Koṭigāma	Pali	Buddhist	Theravada	Pali Canon	Digha Nikaya	DN 16:2.1.2	https://suttacentral.net/dn16	11	place	word	attested		SuttaCentral bilara-data Mahāsaṅgīti Pāli (CC0); names from DPPN, SuttaCentral sc-data edition	0.95
Konagamana	Q527056	Koṇāgamana, Buddha of the past	boy	Koṇāgamana	Koṇāgamana	Pali	Buddhist	Theravada	Pali Canon	Digha Nikaya	DN 14:1.4.5	https://suttacentral.net/dn14	34	sage	personal	attested	Pali form of Sanskrit Kanakamuni	SuttaCentral bilara-data Mahāsaṅgīti Pāli (CC0); names from DPPN, SuttaCentral sc-data edition; Wikidata (CC0)	0.95
Kondanna	slug:buddhist:kondanna	Koṇḍañña, the name of a clan ( gotta )		Koṇḍañña	Koṇḍañña	Pali	Buddhist	Theravada	Pali Canon	Digha Nikaya	DN 14:1.6.1	https://suttacentral.net/dn14		tribe	word	attested		SuttaCentral bilara-data Mahāsaṅgīti Pāli (CC0); names from DPPN, SuttaCentral sc-data edition	0.85
Korakkhattiya	slug:buddhist:korakkhatta	Korakkhatta, a naked ascetic in Uttarakā	boy	Korakkhattiya	Korakkhattiya	Pali	Buddhist	Theravada	Pali Canon	Digha Nikaya	DN 24:1.7.3	https://suttacentral.net/dn24	20	human	epithet	attested	epithet of Korakkhatta	SuttaCentral bilara-data Mahāsaṅgīti Pāli (CC0); names from DPPN, SuttaCentral sc-data edition	0.95
Korabya	slug:buddhist:korabya	Korabya, Perhaps the generic name given to the king of the Kurūs	boy	Korabya	Korabya	Pali	Buddhist	Theravada	Pali Canon	Majjhima Nikaya	MN 82:16.3	https://suttacentral.net/mn82	28	royal	personal	attested		SuttaCentral bilara-data Mahāsaṅgīti Pāli (CC0); names from DPPN, SuttaCentral sc-data edition	0.95
Koliya	slug:buddhist:koliyaa	Koḷiyā, place		Koḷiyā	Koḷiyā	Pali	Buddhist	Theravada	Pali Canon	Digha Nikaya	DN 16:6.24.17	https://suttacentral.net/dn16	5	place	word	attested		SuttaCentral bilara-data Mahāsaṅgīti Pāli (CC0); names from DPPN, SuttaCentral sc-data edition	0.95
Kosambi	slug:buddhist:kosambii	Kosambī, town		Kosambī	Kosambī	Pali	Buddhist	Theravada	Pali Canon	Digha Nikaya	DN 16:5.17.4	https://suttacentral.net/dn16		place	word	attested		SuttaCentral bilara-data Mahāsaṅgīti Pāli (CC0); names from DPPN, SuttaCentral sc-data edition	0.85
Kosala	slug:buddhist:kosala-1	Kosala, janapada (DPPN Kosala 1)		Kosala	Kosala	Pali	Buddhist	Theravada	Pali Canon	Digha Nikaya	DN 3:1.1.2	https://suttacentral.net/dn3		place	word	attested		SuttaCentral bilara-data Mahāsaṅgīti Pāli (CC0); names from DPPN, SuttaCentral sc-data edition	0.85
Kosalaka	slug:buddhist:kosalakaa	Kosalakā, the inhabitants of Kosala		Kosalakā	Kosalakā	Pali	Buddhist	Theravada	Pali Canon	Digha Nikaya	DN 6:1.3	https://suttacentral.net/dn6		tribe	word	attested		SuttaCentral bilara-data Mahāsaṅgīti Pāli (CC0); names from DPPN, SuttaCentral sc-data edition	0.85
Kosinaraka	slug:buddhist:kosinaarakaa	Kosinārakā, Inhabitants of Kusinārā		Kosinārakā	Kosinārakā	Pali	Buddhist	Theravada	Pali Canon	Vinaya Pitaka	Kd 6:36.1.2	https://suttacentral.net/pli-tv-kd6		human	personal	attested		SuttaCentral bilara-data Mahāsaṅgīti Pāli (CC0); names from DPPN, SuttaCentral sc-data edition	0.85
Kosiya	slug:buddhist:kosiya-1	Kosiya, the name of a brahmin clan (DPPN Kosiya 1)		Kosiya	Kosiya	Pali	Buddhist	Theravada	Pali Canon	Digha Nikaya	DN 21:1.9.3	https://suttacentral.net/dn21		tribe	word	attested		SuttaCentral bilara-data Mahāsaṅgīti Pāli (CC0); names from DPPN, SuttaCentral sc-data edition	0.85
Kosiyagotta	slug:buddhist:kosiya-1	Kosiya, the name of a brahmin clan (DPPN Kosiya 1)		Kosiyagotta	Kosiyagotta	Pali	Buddhist	Theravada	Pali Canon	Vinaya Pitaka	Bu Pc 2:2.1.18	https://suttacentral.net/pli-tv-bu-vb-pc2		tribe	word	attested	another name of Kosiya	SuttaCentral bilara-data Mahāsaṅgīti Pāli (CC0); names from DPPN, SuttaCentral sc-data edition	0.85
Kosiya	slug:buddhist:kosiya-2	Kosiya, a monk whose Theragāthā verses emphasize the importance of listening… (DPPN Kosiya 2)	boy	Kosiya	Kosiya	Pali	Buddhist	Theravada	Pali Canon	Theragatha	Thag 5.12:5.5	https://suttacentral.net/thag5.12		disciple	personal	attested		SuttaCentral bilara-data Mahāsaṅgīti Pāli (CC0); names from DPPN, SuttaCentral sc-data edition	0.85
Khanda	slug:buddhist:khanda	Khaṇḍa, the chief disciple of Vipassī Buddha	boy	Khaṇḍa	Khaṇḍa	Pali	Buddhist	Theravada	Pali Canon	Digha Nikaya	DN 14:3.8.5	https://suttacentral.net/dn14		disciple	personal	attested		SuttaCentral bilara-data Mahāsaṅgīti Pāli (CC0); names from DPPN, SuttaCentral sc-data edition	0.85
Khandadeva	slug:buddhist:khandadeva	Khaṇḍadeva, a monk	boy	Khaṇḍadeva	Khaṇḍadeva	Pali	Buddhist	Theravada	Pali Canon	Samyutta Nikaya	SN 1.50:3.3	https://suttacentral.net/sn1.50	2	disciple	personal	attested		SuttaCentral bilara-data Mahāsaṅgīti Pāli (CC0); names from DPPN, SuttaCentral sc-data edition	0.95
Khattiyani	slug:buddhist:khattiyaanii	Khattiyānī, Chief of the eighty-four thousand women who waited on the Bodhisatta…	boy	Khattiyānī	Khattiyānī	Pali	Buddhist	Theravada	Pali Canon	Digha Nikaya	DN 17:2.15.8	https://suttacentral.net/dn17		royal	personal	attested		SuttaCentral bilara-data Mahāsaṅgīti Pāli (CC0); names from DPPN, SuttaCentral sc-data edition	0.85
Velamika	slug:buddhist:khattiyaanii	Khattiyānī, Chief of the eighty-four thousand women who waited on the Bodhisatta…	boy	Velāmikā	Velāmikā	Pali	Buddhist	Theravada	Pali Canon	Samyutta Nikaya	SN 22.96:4.8	https://suttacentral.net/sn22.96		royal	epithet	attested	epithet of Khattiyānī	SuttaCentral bilara-data Mahāsaṅgīti Pāli (CC0); names from DPPN, SuttaCentral sc-data edition	0.85
Khandadeviya Putta	slug:buddhist:khandadeviyaaputta	Khaṇḍadeviyāputta, a monk, one of the associates of Devadatta, mentioned with Kokālika,…	boy	Khaṇḍadeviyā Putta	Khaṇḍadeviyā Putta	Pali	Buddhist	Theravada	Pali Canon	Vinaya Pitaka	Bi Pc 81:1.4	https://suttacentral.net/pli-tv-bi-vb-pc81	7	disciple	personal	attested		SuttaCentral bilara-data Mahāsaṅgīti Pāli (CC0); names from DPPN, SuttaCentral sc-data edition	0.95
Khandasumana	slug:buddhist:khandasumana	Khaṇḍasumana, a monk whose Theragāthā verse says that he made an offering of one…	boy	Khaṇḍasumana	Khaṇḍasumana	Pali	Buddhist	Theravada	Pali Canon	Theragatha	Thag 1.96:1.5	https://suttacentral.net/thag1.96	2	disciple	personal	attested		SuttaCentral bilara-data Mahāsaṅgīti Pāli (CC0); names from DPPN, SuttaCentral sc-data edition	0.95
Khara	slug:buddhist:khara	Khara, a yakkha, friend of Sūciloma	boy	Khara	Khara	Pali	Buddhist	Theravada	Pali Canon	Samyutta Nikaya	SN 10.3:1.2	https://suttacentral.net/sn10.3		mythological_being	personal	attested		SuttaCentral bilara-data Mahāsaṅgīti Pāli (CC0); names from DPPN, SuttaCentral sc-data edition	0.85
Khanumata	slug:buddhist:khaanumata	khāṇumata, town		khāṇumata	khāṇumata	Pali	Buddhist	Theravada	Pali Canon	Digha Nikaya	DN 5:1.2	https://suttacentral.net/dn5	17	place	word	attested		SuttaCentral bilara-data Mahāsaṅgīti Pāli (CC0); names from DPPN, SuttaCentral sc-data edition	0.95
Kharodaka	slug:buddhist:khaarodakaa	Khārodakā, river		Khārodakā	Khārodakā	Pali	Buddhist	Theravada	Pali Canon	Majjhima Nikaya	MN 130:24.1	https://suttacentral.net/mn130		place	word	attested		SuttaCentral bilara-data Mahāsaṅgīti Pāli (CC0); names from DPPN, SuttaCentral sc-data edition	0.85
Khiddapadosika	slug:buddhist:khiddaapadosikaa	Khiḍḍāpadosikā, a class of devas who live in the Cātummahārājika world		Khiḍḍāpadosikā	Khiḍḍāpadosikā	Pali	Buddhist	Theravada	Pali Canon	Digha Nikaya	DN 1:2.7.2	https://suttacentral.net/dn1		mythological_being	word	attested		SuttaCentral bilara-data Mahāsaṅgīti Pāli (CC0); names from DPPN, SuttaCentral sc-data edition	0.85
Khitaka	slug:buddhist:khitaka-1	Khitaka, a monk whose Theragāthā verse speaks of how light and joyful his body… (DPPN Khitaka 1)	boy	Khitaka	Khitaka	Pali	Buddhist	Theravada	Pali Canon	Theragatha	Thag 1.104:1.5	https://suttacentral.net/thag1.104		disciple	personal	attested		SuttaCentral bilara-data Mahāsaṅgīti Pāli (CC0); names from DPPN, SuttaCentral sc-data edition	0.85
Khujjasobhita	slug:buddhist:khujjasobhita	Khujjasobhita, a monk whose Theragāthā verses speak of learned ascetics of…	boy	Khujjasobhita	Khujjasobhita	Pali	Buddhist	Theravada	Pali Canon	Theragatha	Thag 3.6:1.4	https://suttacentral.net/thag3.6	3	disciple	personal	attested		SuttaCentral bilara-data Mahāsaṅgīti Pāli (CC0); names from DPPN, SuttaCentral sc-data edition	0.95
Khujjuttara	Q3510814	Khujjuttarā, laywoman disciple	girl	Khujjuttarā	Khujjuttarā	Pali	Buddhist	Theravada	Pali Canon	Samyutta Nikaya	SN 17.24:1.4	https://suttacentral.net/sn17.24	11	disciple	personal	attested	Pali form of Sanskrit Kubjottarā	SuttaCentral bilara-data Mahāsaṅgīti Pāli (CC0); names from DPPN, SuttaCentral sc-data edition; Wikidata (CC0)	0.85
Khema	slug:buddhist:khema-1	Khema, a Khattiya in the time of Kakusandha Buddha (DPPN Khema 1)		Khema	Khema	Pali	Buddhist	Theravada	Pali Canon	Digha Nikaya	DN 14:1.12.12	https://suttacentral.net/dn14		human	personal	attested		SuttaCentral bilara-data Mahāsaṅgīti Pāli (CC0); names from DPPN, SuttaCentral sc-data edition	0.85
Khemankara	slug:buddhist:khemankara-1	Khemaṅkara, the constant attendant of Sikhī Buddha (DPPN Khemaṅkara 1)		Khemaṅkara	Khemaṅkara	Pali	Buddhist	Theravada	Pali Canon	Digha Nikaya	DN 14:1.11.2	https://suttacentral.net/dn14		human	personal	attested		SuttaCentral bilara-data Mahāsaṅgīti Pāli (CC0); names from DPPN, SuttaCentral sc-data edition	0.85
Khemankara	slug:buddhist:khemankara-2	Khemaṅkara, the king of Khema or Khemavatī, where the Buddha Kakusandha was born (DPPN Khemaṅkara 2)	boy	Khemaṅkara	Khemaṅkara	Pali	Buddhist	Theravada	Pali Canon	Digha Nikaya	DN 14:1.11.2	https://suttacentral.net/dn14		royal	personal	attested		SuttaCentral bilara-data Mahāsaṅgīti Pāli (CC0); names from DPPN, SuttaCentral sc-data edition	0.85
Khema	slug:buddhist:khemankara-2	Khemaṅkara, the king of Khema or Khemavatī, where the Buddha Kakusandha was born (DPPN Khemaṅkara 2)	boy	Khema	Khema	Pali	Buddhist	Theravada	Pali Canon	Digha Nikaya	DN 14:1.12.12	https://suttacentral.net/dn14		royal	epithet	attested	epithet of Khemaṅkara	SuttaCentral bilara-data Mahāsaṅgīti Pāli (CC0); names from DPPN, SuttaCentral sc-data edition	0.85
Khemavati	slug:buddhist:khemavatii	Khemavatī, town		Khemavatī	Khemavatī	Pali	Buddhist	Theravada	Pali Canon	Digha Nikaya	DN 14:1.12.13	https://suttacentral.net/dn14	1	place	word	attested		SuttaCentral bilara-data Mahāsaṅgīti Pāli (CC0); names from DPPN, SuttaCentral sc-data edition	0.95
Khema	Q2627201	Khemā, chief bhikkhunī disciple	girl	Khemā	Khemā	Pali	Buddhist	Theravada	Pali Canon	Samyutta Nikaya	SN 44.1:1.2	https://suttacentral.net/sn44.1		disciple	personal	attested	Pali form of Sanskrit Kṣemā	SuttaCentral bilara-data Mahāsaṅgīti Pāli (CC0); names from DPPN, SuttaCentral sc-data edition; Wikidata (CC0)	0.85
Khemabhirata	slug:buddhist:khemaabhirata	Khemābhirata, a Pacceka Buddha mentioned in a nominal list		Khemābhirata	Khemābhirata	Pali	Buddhist	Theravada	Pali Canon	Majjhima Nikaya	MN 116:6.20	https://suttacentral.net/mn116	1	sage	personal	attested		SuttaCentral bilara-data Mahāsaṅgīti Pāli (CC0); names from DPPN, SuttaCentral sc-data edition	0.95
Khemiyambavana	slug:buddhist:khemiyambavana	Khemiyambavana, park		Khemiyambavana	Khemiyambavana	Pali	Buddhist	Theravada	Pali Canon	Majjhima Nikaya	MN 94:1.2	https://suttacentral.net/mn94	2	place	word	attested		SuttaCentral bilara-data Mahāsaṅgīti Pāli (CC0); names from DPPN, SuttaCentral sc-data edition	0.85
Khemiya	slug:buddhist:khemiyaa	Khemiyā, a class of gods, present at the preaching of the Mahāsamaya Sutta		Khemiyā	Khemiyā	Pali	Buddhist	Theravada	Pali Canon	Digha Nikaya	DN 20:18.1	https://suttacentral.net/dn20	1	mythological_being	word	attested		SuttaCentral bilara-data Mahāsaṅgīti Pāli (CC0); names from DPPN, SuttaCentral sc-data edition	0.95
Khomadussa	slug:buddhist:khomadussa	Khomadussa, town		Khomadussa	Khomadussa	Pali	Buddhist	Theravada	Pali Canon	Samyutta Nikaya	SN 7.22:1.2	https://suttacentral.net/sn7.22		place	word	attested		SuttaCentral bilara-data Mahāsaṅgīti Pāli (CC0); names from DPPN, SuttaCentral sc-data edition	0.85
Khomadussaka	slug:buddhist:khomadussakaa	Khomadussakā, an inhabitant of Khomadussa		Khomadussakā	Khomadussakā	Pali	Buddhist	Theravada	Pali Canon	Samyutta Nikaya	SN 7.22:1.4	https://suttacentral.net/sn7.22		human	personal	attested		SuttaCentral bilara-data Mahāsaṅgīti Pāli (CC0); names from DPPN, SuttaCentral sc-data edition	0.85
Gagga	slug:buddhist:gagga-1	Gagga, a monk (DPPN Gagga 1)	boy	Gagga	Gagga	Pali	Buddhist	Theravada	Pali Canon	Vinaya Pitaka	Kd 2:25.1.4	https://suttacentral.net/pli-tv-kd2		disciple	personal	attested		SuttaCentral bilara-data Mahāsaṅgīti Pāli (CC0); names from DPPN, SuttaCentral sc-data edition	0.85
Gagga	slug:buddhist:gagga-2	Gagga, a brahmin, father of Aṅgulimāla (DPPN Gagga 2)	boy	Gagga	Gagga	Pali	Buddhist	Theravada	Pali Canon	Majjhima Nikaya	MN 86:12.12	https://suttacentral.net/mn86		human	personal	attested		SuttaCentral bilara-data Mahāsaṅgīti Pāli (CC0); names from DPPN, SuttaCentral sc-data edition	0.85
Gangatiriya	slug:buddhist:gangaatiiriya	Gaṅgātīriya, a monk whose Theragāthā verses speak of his austere life by the…	boy	Gaṅgātīriya	Gaṅgātīriya	Pali	Buddhist	Theravada	Pali Canon	Theragatha	Thag 2.4:2.5	https://suttacentral.net/thag2.4	1	disciple	personal	attested		SuttaCentral bilara-data Mahāsaṅgīti Pāli (CC0); names from DPPN, SuttaCentral sc-data edition	0.95
Gandhabba	slug:buddhist:gandhabba	Gandhabba, an attendant of King Eḷeyya and a follower of Uddaka Rāmaputta	boy	Gandhabba	Gandhabba	Pali	Buddhist	Theravada	Pali Canon	Anguttara Nikaya	AN 4.187:4.4	https://suttacentral.net/an4.187		royal	personal	attested		SuttaCentral bilara-data Mahāsaṅgīti Pāli (CC0); names from DPPN, SuttaCentral sc-data edition	0.85
Gandhabba	slug:buddhist:gandhabbaa	Gandhabbā, a class of semi-divine beings who inhabit the Cātummahārājika realm…		Gandhabbā	Gandhabbā	Pali	Buddhist	Theravada	Pali Canon	Digha Nikaya	DN 20:9.3	https://suttacentral.net/dn20		mythological_being	word	attested		SuttaCentral bilara-data Mahāsaṅgīti Pāli (CC0); names from DPPN, SuttaCentral sc-data edition	0.85
Gandhara	slug:buddhist:gandhaara-1	Gandhāra, a Pacceka Buddha mentioned in a nominal list (DPPN Gandhāra 1)		Gandhāra	Gandhāra	Pali	Buddhist	Theravada	Pali Canon	Majjhima Nikaya	MN 116:4.7	https://suttacentral.net/mn116		sage	personal	attested		SuttaCentral bilara-data Mahāsaṅgīti Pāli (CC0); names from DPPN, SuttaCentral sc-data edition	0.85
Gandhara	slug:buddhist:gandhaara-2	Gandhāra, one of the sixteen Great Nations (DPPN Gandhāra 2)		Gandhāra	Gandhāra	Pali	Buddhist	Theravada	Pali Canon	Anguttara Nikaya	AN 3.70:28.3	https://suttacentral.net/an3.70		human	personal	attested		SuttaCentral bilara-data Mahāsaṅgīti Pāli (CC0); names from DPPN, SuttaCentral sc-data edition	0.85
Devadaha	slug:buddhist:devadaha	Devadaha, town		Devadaha	Devadaha	Pali	Buddhist	Theravada	Pali Canon	Majjhima Nikaya	MN 101:1.2	https://suttacentral.net/mn101		place	word	attested		SuttaCentral bilara-data Mahāsaṅgīti Pāli (CC0); names from DPPN, SuttaCentral sc-data edition	0.85
Gaya	slug:buddhist:gayaa	Gayā, town		Gayā	Gayā	Pali	Buddhist	Theravada	Pali Canon	Majjhima Nikaya	MN 7:20.3	https://suttacentral.net/mn7	22	place	word	attested		SuttaCentral bilara-data Mahāsaṅgīti Pāli (CC0); names from DPPN, SuttaCentral sc-data edition	0.95
Gayakassapa	slug:buddhist:gayaakassapa	Gayākassapa, one of the three Kassapa brothers	boy	Gayākassapa	Gayākassapa	Pali	Buddhist	Theravada	Pali Canon	Theragatha	Thag 5.7:5.5	https://suttacentral.net/thag5.7	5	human	personal	attested		SuttaCentral bilara-data Mahāsaṅgīti Pāli (CC0); names from DPPN, SuttaCentral sc-data edition	0.95
Gayasisa	slug:buddhist:gayaasiisa	Gayāsīsa, hill		Gayāsīsa	Gayāsīsa	Pali	Buddhist	Theravada	Pali Canon	Samyutta Nikaya	SN 35.28:1.1	https://suttacentral.net/sn35.28	9	place	word	attested		SuttaCentral bilara-data Mahāsaṅgīti Pāli (CC0); names from DPPN, SuttaCentral sc-data edition	0.95
Garula	slug:buddhist:garulaa	Garuḷā, a class of mythical birds generally mentioned in company with Nāgas		Garuḷā	Garuḷā	Pali	Buddhist	Theravada	Pali Canon	Apadana	Tha Ap 3:59.3	https://suttacentral.net/tha-ap3	20	mythological_being	word	attested		SuttaCentral bilara-data Mahāsaṅgīti Pāli (CC0); names from DPPN, SuttaCentral sc-data edition	0.85
Gahvaratiriya	slug:buddhist:gahvaratiiriya	Gahvaratīriya, a monk whose Theragāthā verse speaks of enduring the discomforts of…	boy	Gahvaratīriya	Gahvaratīriya	Pali	Buddhist	Theravada	Pali Canon	Theragatha	Thag 1.31:1.5	https://suttacentral.net/thag1.31	2	disciple	personal	attested		SuttaCentral bilara-data Mahāsaṅgīti Pāli (CC0); names from DPPN, SuttaCentral sc-data edition	0.95
Gijjhakuta	slug:buddhist:gijjhakuuta	Gijjhakūṭa, hill		Gijjhakūṭa	Gijjhakūṭa	Pali	Buddhist	Theravada	Pali Canon	Digha Nikaya	DN 8:23.1	https://suttacentral.net/dn8	140	place	word	attested		SuttaCentral bilara-data Mahāsaṅgīti Pāli (CC0); names from DPPN, SuttaCentral sc-data edition	0.95
Ginjakavasatha	slug:buddhist:ginjakaavasatha	Giñjakāvasatha, building		Giñjakāvasatha	Giñjakāvasatha	Pali	Buddhist	Theravada	Pali Canon	Digha Nikaya	DN 16:2.5.5	https://suttacentral.net/dn16		place	word	attested		SuttaCentral bilara-data Mahāsaṅgīti Pāli (CC0); names from DPPN, SuttaCentral sc-data edition	0.85
Girimananda	slug:buddhist:girimaananda	Girimānanda, a monk whose Theragāthā verses speak of his delight in meditating in…	boy	Girimānanda	Girimānanda	Pali	Buddhist	Theravada	Pali Canon	Anguttara Nikaya	AN 10.60:1.2	https://suttacentral.net/an10.60	14	disciple	personal	attested		SuttaCentral bilara-data Mahāsaṅgīti Pāli (CC0); names from DPPN, SuttaCentral sc-data edition	0.95
Gutta	slug:buddhist:guttaa	Guttā, a bhikkhunī to whom several Therīgāthā verses are addressed,…	girl	Guttā	Guttā	Pali	Buddhist	Theravada	Pali Canon	Therigatha	Thig 6.7:1.1	https://suttacentral.net/thig6.7		disciple	personal	attested		SuttaCentral bilara-data Mahāsaṅgīti Pāli (CC0); names from DPPN, SuttaCentral sc-data edition	0.85
Gundavana	slug:buddhist:gundaavana	Gundāvana, park		Gundāvana	Gundāvana	Pali	Buddhist	Theravada	Pali Canon	Majjhima Nikaya	MN 84:1.2	https://suttacentral.net/mn84	3	place	word	attested		SuttaCentral bilara-data Mahāsaṅgīti Pāli (CC0); names from DPPN, SuttaCentral sc-data edition	0.85
Gula	slug:buddhist:gula	Guḷa, a Yakkha chief who should be invoked when unbelieving Yakkhas molest…	boy	Guḷa	Guḷa	Pali	Buddhist	Theravada	Pali Canon	Digha Nikaya	DN 32:10.11	https://suttacentral.net/dn32		mythological_being	personal	attested		SuttaCentral bilara-data Mahāsaṅgīti Pāli (CC0); names from DPPN, SuttaCentral sc-data edition	0.85
Gotama	Q9441	Gotama, the Buddha	boy	Gotama	Gotama	Pali	Buddhist	Theravada	Pali Canon	Digha Nikaya	DN 1:1.8.1	https://suttacentral.net/dn1		sage	personal	attested	Pali form of Sanskrit Gautama	SuttaCentral bilara-data Mahāsaṅgīti Pāli (CC0); names from DPPN, SuttaCentral sc-data edition; Wikidata (CC0)	0.8
Buddha	Q9441	Gotama, the Buddha	boy	Buddha	Buddha	Pali	Buddhist	Theravada	Pali Canon	Digha Nikaya	DN 1:1.1.4	https://suttacentral.net/dn1	3668	title	title	attested	epithet of Gotama	SuttaCentral bilara-data Mahāsaṅgīti Pāli (CC0); names from DPPN, SuttaCentral sc-data edition; Wikidata (CC0)	0.85
Sakyamuni	Q9441	Gotama, the Buddha	boy	Sakyamunī	Sakyamunī	Pali	Buddhist	Theravada	Pali Canon	Khuddakapatha	Kp 6:4.2	https://suttacentral.net/kp6		sage	epithet	attested	epithet of Gotama; Pali form of Sanskrit Gautama	SuttaCentral bilara-data Mahāsaṅgīti Pāli (CC0); names from DPPN, SuttaCentral sc-data edition; Wikidata (CC0)	0.8
Tathagata	Q9441	Gotama, the Buddha	boy	Tathāgata	Tathāgata	Pali	Buddhist	Theravada	Pali Canon	Digha Nikaya	DN 1:1.7.1	https://suttacentral.net/dn1	2958	title	title	attested	epithet of Gotama	SuttaCentral bilara-data Mahāsaṅgīti Pāli (CC0); names from DPPN, SuttaCentral sc-data edition; Wikidata (CC0)	0.85
Gotamaka Cetiya	slug:buddhist:gotamakacetiya	Gotamakacetiya, shrine		Gotamaka Cetiya	Gotamaka Cetiya	Pali	Buddhist	Theravada	Pali Canon	Digha Nikaya	DN 16:3.2.4	https://suttacentral.net/dn16	13	place	word	attested		SuttaCentral bilara-data Mahāsaṅgīti Pāli (CC0); names from DPPN, SuttaCentral sc-data edition	0.95
Gotamatittha	slug:buddhist:gotamatittha	Gotamatittha, ford		Gotamatittha	Gotamatittha	Pali	Buddhist	Theravada	Pali Canon	Digha Nikaya	DN 16:1.32.3	https://suttacentral.net/dn16		place	word	attested		SuttaCentral bilara-data Mahāsaṅgīti Pāli (CC0); names from DPPN, SuttaCentral sc-data edition	0.85
Gotamadvara	slug:buddhist:gotamadvaara	Gotamadvāra, building		Gotamadvāra	Gotamadvāra	Pali	Buddhist	Theravada	Pali Canon	Digha Nikaya	DN 16:1.32.2	https://suttacentral.net/dn16		place	word	attested		SuttaCentral bilara-data Mahāsaṅgīti Pāli (CC0); names from DPPN, SuttaCentral sc-data edition	0.85
Godatta	slug:buddhist:godatta	Godatta, the Theragāthā contains several stanzas attributed to him, which…	boy	Godatta	Godatta	Pali	Buddhist	Theravada	Pali Canon	Samyutta Nikaya	SN 41.7:1.1	https://suttacentral.net/sn41.7	7	disciple	personal	attested		SuttaCentral bilara-data Mahāsaṅgīti Pāli (CC0); names from DPPN, SuttaCentral sc-data edition	0.95
Godhika	slug:buddhist:godhika	Godhika, a monk whose Theragāthā verse speaks of his delight in meditating…	boy	Godhika	Godhika	Pali	Buddhist	Theravada	Pali Canon	Samyutta Nikaya	SN 4.23:1.3	https://suttacentral.net/sn4.23	30	disciple	personal	attested		SuttaCentral bilara-data Mahāsaṅgīti Pāli (CC0); names from DPPN, SuttaCentral sc-data edition	0.95
Gopaka	slug:buddhist:gopaka-2	Gopaka, a deva (DPPN Gopaka 2)		Gopaka	Gopaka	Pali	Buddhist	Theravada	Pali Canon	Digha Nikaya	DN 21:1.11.9	https://suttacentral.net/dn21		deity	divine	attested		SuttaCentral bilara-data Mahāsaṅgīti Pāli (CC0); names from DPPN, SuttaCentral sc-data edition	0.85
Gopala	slug:buddhist:gopaala	Gopāla, one of the Yakkha chieftains, to be invoked by the Buddha’s followers…		Gopāla	Gopāla	Pali	Buddhist	Theravada	Pali Canon	Digha Nikaya	DN 32:10.14	https://suttacentral.net/dn32		mythological_being	personal	attested		SuttaCentral bilara-data Mahāsaṅgīti Pāli (CC0); names from DPPN, SuttaCentral sc-data edition	0.85
Goyogapilakkha	slug:buddhist:goyogapilakkha	Goyogapilakkha, town		Goyogapilakkha	Goyogapilakkha	Pali	Buddhist	Theravada	Pali Canon	Anguttara Nikaya	AN 3.128:1.3	https://suttacentral.net/an3.128		place	word	attested		SuttaCentral bilara-data Mahāsaṅgīti Pāli (CC0); names from DPPN, SuttaCentral sc-data edition	0.85
Govinda	slug:buddhist:govinda	Govinda, the steward or treasurer of King Disampati	boy	Govinda	Govinda	Pali	Buddhist	Theravada	Pali Canon	Digha Nikaya	DN 19:29.2	https://suttacentral.net/dn19	37	royal	personal	attested		SuttaCentral bilara-data Mahāsaṅgīti Pāli (CC0); names from DPPN, SuttaCentral sc-data edition	0.95
Govindiya	slug:buddhist:govindiya	Govindiya, Evidently the title given to the High Treasurer		Govindiya	Govindiya	Pali	Buddhist	Theravada	Pali Canon	Digha Nikaya	DN 19:30.9	https://suttacentral.net/dn19		human	personal	attested		SuttaCentral bilara-data Mahāsaṅgīti Pāli (CC0); names from DPPN, SuttaCentral sc-data edition	0.85
Gosala	slug:buddhist:gosaala	Gosāla, a monk whose Theragāthā verse speaks of how after eating honey and…	boy	Gosāla	Gosāla	Pali	Buddhist	Theravada	Pali Canon	Theragatha	Thag 1.23:1.7	https://suttacentral.net/thag1.23		disciple	personal	attested		SuttaCentral bilara-data Mahāsaṅgīti Pāli (CC0); names from DPPN, SuttaCentral sc-data edition	0.85
Gosingasalavanadaya	slug:buddhist:gosingasaalavanadaaya-1	Gosiṅgasālavanadāya, monastery (DPPN Gosiṅgasālavanadāya 1)		Gosiṅgasālavanadāya	Gosiṅgasālavanadāya	Pali	Buddhist	Theravada	Pali Canon	Majjhima Nikaya	MN 32:1.2	https://suttacentral.net/mn32		place	word	attested		SuttaCentral bilara-data Mahāsaṅgīti Pāli (CC0); names from DPPN, SuttaCentral sc-data edition	0.85
Ghataya	slug:buddhist:ghataaya	Ghaṭāya, place		Ghaṭāya	Ghaṭāya	Pali	Buddhist	Theravada	Pali Canon	Majjhima Nikaya	MN 122:2.8	https://suttacentral.net/mn122	2	place	word	attested		SuttaCentral bilara-data Mahāsaṅgīti Pāli (CC0); names from DPPN, SuttaCentral sc-data edition	0.95
Ghatikara	slug:buddhist:ghatiikaara	Ghaṭīkāra, In the time of Kassapa Buddha he was a potter of Vehaliṅga, looking…	boy	Ghaṭīkāra	Ghaṭīkāra	Pali	Buddhist	Theravada	Pali Canon	Samyutta Nikaya	SN 2.24:1.1	https://suttacentral.net/sn2.24	3	human	personal	attested		SuttaCentral bilara-data Mahāsaṅgīti Pāli (CC0); names from DPPN, SuttaCentral sc-data edition	0.85
Cakkavatti	slug:buddhist:cakkavatti	Cakkavatti, a World ruler		Cakkavatti	Cakkavatti	Pali	Buddhist	Theravada	Pali Canon	Digha Nikaya	DN 16:5.11.2	https://suttacentral.net/dn16		human	personal	attested		SuttaCentral bilara-data Mahāsaṅgīti Pāli (CC0); names from DPPN, SuttaCentral sc-data edition	0.85
Cakkhupala	slug:buddhist:cakkhupaala	Cakkhupāla, a monk whose Theragāthā verse says that though he is walking blind on…	boy	Cakkhupāla	Cakkhupāla	Pali	Buddhist	Theravada	Pali Canon	Theragatha	Thag 1.95:1.5	https://suttacentral.net/thag1.95	2	disciple	personal	attested		SuttaCentral bilara-data Mahāsaṅgīti Pāli (CC0); names from DPPN, SuttaCentral sc-data edition	0.95
Canki	slug:buddhist:cankii	Caṅkī, a great brahmin, contemporary of the Buddha, reputed for his great…	boy	Caṅkī	Caṅkī	Pali	Buddhist	Theravada	Pali Canon	Digha Nikaya	DN 13:2.2	https://suttacentral.net/dn13		human	personal	attested		SuttaCentral bilara-data Mahāsaṅgīti Pāli (CC0); names from DPPN, SuttaCentral sc-data edition	0.85
Canda	slug:buddhist:canda	Caṇḍa, a headman of Sāvatthī	boy	Caṇḍa	Caṇḍa	Pali	Buddhist	Theravada	Pali Canon	Samyutta Nikaya	SN 42.1:1.2	https://suttacentral.net/sn42.1		human	personal	attested		SuttaCentral bilara-data Mahāsaṅgīti Pāli (CC0); names from DPPN, SuttaCentral sc-data edition	0.85
Candana	slug:buddhist:candana-1	Candana, a deva, vassal of the Four Regent Gods (DPPN Candana 1)	boy	Candana	Candana	Pali	Buddhist	Theravada	Pali Canon	Digha Nikaya	DN 20:10.5	https://suttacentral.net/dn20		deity	divine	attested		SuttaCentral bilara-data Mahāsaṅgīti Pāli (CC0); names from DPPN, SuttaCentral sc-data edition	0.85
Candana	slug:buddhist:candana-2	Candana, a monk whose Theragāthā verses speak of how he was visited by his… (DPPN Candana 2)	boy	Candana	Candana	Pali	Buddhist	Theravada	Pali Canon	Theragatha	Thag 4.9:4.5	https://suttacentral.net/thag4.9		disciple	personal	attested		SuttaCentral bilara-data Mahāsaṅgīti Pāli (CC0); names from DPPN, SuttaCentral sc-data edition	0.85
Candanangalika	slug:buddhist:candanangalika	Candanaṅgalika, a lay-disciple of the Buddha in Sāvatthī	boy	Candanaṅgalika	Candanaṅgalika	Pali	Buddhist	Theravada	Pali Canon	Samyutta Nikaya	SN 3.12:9.1	https://suttacentral.net/sn3.12	6	disciple	personal	attested		SuttaCentral bilara-data Mahāsaṅgīti Pāli (CC0); names from DPPN, SuttaCentral sc-data edition	0.95
Candikaputta	slug:buddhist:candikaaputta	Candikāputta, a discourse on the teaching of Devadatta, delivered by Candikāputta…	boy	Candikāputta	Candikāputta	Pali	Buddhist	Theravada	Pali Canon	Anguttara Nikaya	AN 9.26:1.2	https://suttacentral.net/an9.26	13	disciple	personal	attested		SuttaCentral bilara-data Mahāsaṅgīti Pāli (CC0); names from DPPN, SuttaCentral sc-data edition	0.85
Cancalikappa	slug:buddhist:cancalikappa	Cañcalikappa, town		Cañcalikappa	Cañcalikappa	Pali	Buddhist	Theravada	Pali Canon	Majjhima Nikaya	MN 100:2.1	https://suttacentral.net/mn100	9	place	word	attested		SuttaCentral bilara-data Mahāsaṅgīti Pāli (CC0); names from DPPN, SuttaCentral sc-data edition	0.85
Campa	slug:buddhist:campaa	Campā, town		Campā	Campā	Pali	Buddhist	Theravada	Pali Canon	Digha Nikaya	DN 4:1.2	https://suttacentral.net/dn4	55	place	word	attested		SuttaCentral bilara-data Mahāsaṅgīti Pāli (CC0); names from DPPN, SuttaCentral sc-data edition	0.95
Catuma	slug:buddhist:caatuma	Cātuma, town		Cātuma	Cātuma	Pali	Buddhist	Theravada	Pali Canon	Majjhima Nikaya	MN 67:2.1	https://suttacentral.net/mn67	3	place	word	attested		SuttaCentral bilara-data Mahāsaṅgīti Pāli (CC0); names from DPPN, SuttaCentral sc-data edition	0.85
Catumeyyaka	slug:buddhist:caatumeyyakaa	Cātumeyyakā, the inhabitants of Cātuma		Cātumeyyakā	Cātumeyyakā	Pali	Buddhist	Theravada	Pali Canon	Majjhima Nikaya	MN 67:6.1	https://suttacentral.net/mn67		tribe	word	attested		SuttaCentral bilara-data Mahāsaṅgīti Pāli (CC0); names from DPPN, SuttaCentral sc-data edition	0.85
Capa	slug:buddhist:caapaa	Cāpā, Her Therīgāthā verses speak of who her husband had formerly been an…	girl	Cāpā	Cāpā	Pali	Buddhist	Theravada	Pali Canon	Therigatha	Thig 13.3:2.2	https://suttacentral.net/thig13.3		disciple	personal	attested		SuttaCentral bilara-data Mahāsaṅgīti Pāli (CC0); names from DPPN, SuttaCentral sc-data edition	0.85
Capala Cetiya	slug:buddhist:caapaala-cetiya	Cāpāla Cetiya, shrine		Cāpāla Cetiya	Cāpāla Cetiya	Pali	Buddhist	Theravada	Pali Canon	Digha Nikaya	DN 16:3.1.4	https://suttacentral.net/dn16	24	place	word	attested		SuttaCentral bilara-data Mahāsaṅgīti Pāli (CC0); names from DPPN, SuttaCentral sc-data edition	0.95
Cala	slug:buddhist:caala	Cāla, He was ordained by Khadiravaniya	boy	Cāla	Cāla	Pali	Buddhist	Theravada	Pali Canon	Samyutta Nikaya	SN 5.6:1.2	https://suttacentral.net/sn5.6	12	human	personal	attested		SuttaCentral bilara-data Mahāsaṅgīti Pāli (CC0); names from DPPN, SuttaCentral sc-data edition	0.95
Cala	slug:buddhist:caalaa	Cālā, It is said that one day, when Cālā was meditating in the Andhavana,…	girl	Cālā	Cālā	Pali	Buddhist	Theravada	Pali Canon	Samyutta Nikaya	SN 5.6:1.2	https://suttacentral.net/sn5.6	10	human	personal	attested		SuttaCentral bilara-data Mahāsaṅgīti Pāli (CC0); names from DPPN, SuttaCentral sc-data edition	0.95
Calika	slug:buddhist:caalikaa	Cālikā, town		Cālikā	Cālikā	Pali	Buddhist	Theravada	Pali Canon	Anguttara Nikaya	AN 9.3:1.1	https://suttacentral.net/an9.3	4	place	word	attested		SuttaCentral bilara-data Mahāsaṅgīti Pāli (CC0); names from DPPN, SuttaCentral sc-data edition	0.95
Citta	slug:buddhist:citta-1	Citta, a householder of Macchikāsaṇḍa, where he was Treasurer (DPPN Citta 1)	boy	Citta	Citta	Pali	Buddhist	Theravada	Pali Canon	Samyutta Nikaya	SN 41.1:2.1	https://suttacentral.net/sn41.1		human	personal	attested		SuttaCentral bilara-data Mahāsaṅgīti Pāli (CC0); names from DPPN, SuttaCentral sc-data edition	0.85
Citta	slug:buddhist:citta-2	Citta, a monk, son of an elephant trainer, who, having entered the Order,… (DPPN Citta 2)	boy	Citta	Citta	Pali	Buddhist	Theravada	Pali Canon	Digha Nikaya	DN 9:9.1	https://suttacentral.net/dn9		disciple	personal	attested		SuttaCentral bilara-data Mahāsaṅgīti Pāli (CC0); names from DPPN, SuttaCentral sc-data edition	0.85
Hatthisariputta	slug:buddhist:citta-2	Citta, a monk, son of an elephant trainer, who, having entered the Order,… (DPPN Citta 2)	boy	Hatthisāriputta	Hatthisāriputta	Pali	Buddhist	Theravada	Pali Canon	Digha Nikaya	DN 9:32.1	https://suttacentral.net/dn9		disciple	epithet	attested	epithet of Citta	SuttaCentral bilara-data Mahāsaṅgīti Pāli (CC0); names from DPPN, SuttaCentral sc-data edition	0.85
Cittaka	slug:buddhist:cittaka	Cittaka, a monk whose Theragāthā verse speaks of how the cries of the…	boy	Cittaka	Cittaka	Pali	Buddhist	Theravada	Pali Canon	Theragatha	Thag 1.22:1.5	https://suttacentral.net/thag1.22		disciple	personal	attested		SuttaCentral bilara-data Mahāsaṅgīti Pāli (CC0); names from DPPN, SuttaCentral sc-data edition	0.85
Cittasena	slug:buddhist:cittasena	Cittasena, a Gandhabba present at the preaching of the Mahāsamaya Sutta		Cittasena	Cittasena	Pali	Buddhist	Theravada	Pali Canon	Digha Nikaya	DN 20:10.9	https://suttacentral.net/dn20	3	mythological_being	personal	attested		SuttaCentral bilara-data Mahāsaṅgīti Pāli (CC0); names from DPPN, SuttaCentral sc-data edition	0.95
Citta	slug:buddhist:cittaa	Cittā, a nun whose Therīgāthāspeak of how in her old age she went to…	girl	Cittā	Cittā	Pali	Buddhist	Theravada	Pali Canon	Therigatha	Thig 2.5:3.1	https://suttacentral.net/thig2.5		disciple	personal	attested		SuttaCentral bilara-data Mahāsaṅgīti Pāli (CC0); names from DPPN, SuttaCentral sc-data edition	0.85
Citra	slug:buddhist:citraa	Citrā, the name of certain Supaṇṇas		Citrā	Citrā	Pali	Buddhist	Theravada	Pali Canon	Digha Nikaya	DN 20:11.12	https://suttacentral.net/dn20		mythological_being	personal	attested		SuttaCentral bilara-data Mahāsaṅgīti Pāli (CC0); names from DPPN, SuttaCentral sc-data edition	0.85
Ciravasi	slug:buddhist:ciravaasii	Ciravāsī, the son of Bhadragaka	boy	Ciravāsī	Ciravāsī	Pali	Buddhist	Theravada	Pali Canon	Samyutta Nikaya	SN 42.11:2.18	https://suttacentral.net/sn42.11	5	human	personal	attested		SuttaCentral bilara-data Mahāsaṅgīti Pāli (CC0); names from DPPN, SuttaCentral sc-data edition	0.85
Cunda	Q5194211	Cunda the smith	boy	Cunda	Cunda	Pali	Buddhist	Theravada	Pali Canon	Digha Nikaya	DN 16:4.13.5	https://suttacentral.net/dn16		human	personal	attested		SuttaCentral bilara-data Mahāsaṅgīti Pāli (CC0); names from DPPN, SuttaCentral sc-data edition; Wikidata (CC0)	0.85
Cunda	slug:buddhist:cunda-2	Cunda, the books appear to refer to two theras by the name of Cunda, the… (DPPN Cunda 2)	boy	Cunda	Cunda	Pali	Buddhist	Theravada	Pali Canon	Digha Nikaya	DN 16:4.13.5	https://suttacentral.net/dn16		human	personal	attested		SuttaCentral bilara-data Mahāsaṅgīti Pāli (CC0); names from DPPN, SuttaCentral sc-data edition	0.85
Culakokanada	slug:buddhist:cullakokanadaa	Cullakokanadā, the younger of the two daughters of Pajunna, both of whom were called…	girl	Cūḷakokanadā	Cūḷakokanadā	Pali	Buddhist	Theravada	Pali Canon	Samyutta Nikaya	SN 1.40:1.3	https://suttacentral.net/sn1.40	2	human	epithet	attested	epithet of Cullakokanadā	SuttaCentral bilara-data Mahāsaṅgīti Pāli (CC0); names from DPPN, SuttaCentral sc-data edition	0.85
Culaka	slug:buddhist:cuulaka	Cūḷaka, a monk whose Theragāthā verses speak of his delight in the beautiful…	boy	Cūḷaka	Cūḷaka	Pali	Buddhist	Theravada	Pali Canon	Theragatha	Thag 2.46:2.5	https://suttacentral.net/thag2.46		disciple	personal	attested		SuttaCentral bilara-data Mahāsaṅgīti Pāli (CC0); names from DPPN, SuttaCentral sc-data edition	0.85
Culadeva	slug:buddhist:cuuladeva	Cūladeva, a Thera, an eminent teacher of the Vinaya	boy	Cūḷadeva	Cūḷadeva	Pali	Buddhist	Theravada	Pali Canon	Vinaya Pitaka	Pvr 1.1:18.1	https://suttacentral.net/pli-tv-pvr1.1	4	disciple	epithet	attested	epithet of Cūladeva	SuttaCentral bilara-data Mahāsaṅgīti Pāli (CC0); names from DPPN, SuttaCentral sc-data edition	0.95
Culapanthaka	slug:buddhist:cuulapanthaka	Cūḷapanthaka, arahant	boy	Cūḷapanthaka	Cūḷapanthaka	Pali	Buddhist	Theravada	Pali Canon	Anguttara Nikaya	AN 1.198:1.1	https://suttacentral.net/an1.198-208	27	disciple	personal	attested	Pali form of Sanskrit Cūḍapanthaka	SuttaCentral bilara-data Mahāsaṅgīti Pāli (CC0); names from DPPN, SuttaCentral sc-data edition	0.95
Cetiya	slug:buddhist:cetiya	Cetiya, janapada		Cetiya	Cetiya	Pali	Buddhist	Theravada	Pali Canon	Vinaya Pitaka	Kd 8:13.2.1	https://suttacentral.net/pli-tv-kd8		place	word	attested		SuttaCentral bilara-data Mahāsaṅgīti Pāli (CC0); names from DPPN, SuttaCentral sc-data edition	0.85
Ceti	slug:buddhist:cetiya	Cetiya, janapada		Ceti	Ceti	Pali	Buddhist	Theravada	Pali Canon	Anguttara Nikaya	AN 3.70:28.3	https://suttacentral.net/an3.70		place	word	attested	another name of Cetiya	SuttaCentral bilara-data Mahāsaṅgīti Pāli (CC0); names from DPPN, SuttaCentral sc-data edition	0.85
Ceti	slug:buddhist:cetiya	Cetiya, janapada		Cetī	Cetī	Pali	Buddhist	Theravada	Pali Canon	Anguttara Nikaya	AN 3.70:28.3	https://suttacentral.net/an3.70		place	word	attested	another name of Cetiya	SuttaCentral bilara-data Mahāsaṅgīti Pāli (CC0); names from DPPN, SuttaCentral sc-data edition	0.85
Codanavatthu	slug:buddhist:codanaavatthu	Codanāvatthu, feature		Codanāvatthu	Codanāvatthu	Pali	Buddhist	Theravada	Pali Canon	Vinaya Pitaka	Kd 2:17.1.1	https://suttacentral.net/pli-tv-kd2		place	word	attested		SuttaCentral bilara-data Mahāsaṅgīti Pāli (CC0); names from DPPN, SuttaCentral sc-data edition	0.85
Chaddanta	slug:buddhist:chaddantaa	Chaddantā, lake		Chaddantā	Chaddantā	Pali	Buddhist	Theravada	Pali Canon	Anguttara Nikaya	AN 7.66:6.3	https://suttacentral.net/an7.66		place	word	attested		SuttaCentral bilara-data Mahāsaṅgīti Pāli (CC0); names from DPPN, SuttaCentral sc-data edition	0.85
Channa	slug:buddhist:channa-3	Channa, a monk of the Sakiyan clan whose Theragāthā verse speaks of how he… (DPPN Channa 3)	boy	Channa	Channa	Pali	Buddhist	Theravada	Pali Canon	Digha Nikaya	DN 16:6.4.1	https://suttacentral.net/dn16		disciple	personal	attested		SuttaCentral bilara-data Mahāsaṅgīti Pāli (CC0); names from DPPN, SuttaCentral sc-data edition	0.85
Chabbaggiya	slug:buddhist:chabbaggiyaa	Chabbaggiyā, a group of six monks, contemporary with the Buddha, frequently…		Chabbaggiyā	Chabbaggiyā	Pali	Buddhist	Theravada	Pali Canon	Vinaya Pitaka	Kd 1:58.1.1	https://suttacentral.net/pli-tv-kd1		tribe	word	attested		SuttaCentral bilara-data Mahāsaṅgīti Pāli (CC0); names from DPPN, SuttaCentral sc-data edition	0.85
Jatabharadvaja	slug:buddhist:jataabhaaradvaaja	Jaṭābhāradvāja, a brahmin of the Bhāradvājagotta	boy	Jaṭābhāradvāja	Jaṭābhāradvāja	Pali	Buddhist	Theravada	Pali Canon	Samyutta Nikaya	SN 7.6:1.2	https://suttacentral.net/sn7.6	3	human	personal	attested		SuttaCentral bilara-data Mahāsaṅgīti Pāli (CC0); names from DPPN, SuttaCentral sc-data edition	0.85
Jatukanni	slug:buddhist:jatukannii	Jatukaṇṇī, one of Bāvarī’s disciples	boy	Jatukaṇṇī	Jatukaṇṇī	Pali	Buddhist	Theravada	Pali Canon	Sutta Nipata	Snp 5.1:32.4	https://suttacentral.net/snp5.1	15	disciple	personal	attested		SuttaCentral bilara-data Mahāsaṅgīti Pāli (CC0); names from DPPN, SuttaCentral sc-data edition	0.95
Janapadakalyani	slug:buddhist:janapadakalyaanii	Janapadakalyāṇī, an epithet meaning the most beautiful woman in the land	girl	Janapadakalyāṇī	Janapadakalyāṇī	Pali	Buddhist	Theravada	Pali Canon	Udana	Ud 3.2:6.2	https://suttacentral.net/ud3.2		human	personal	attested		SuttaCentral bilara-data Mahāsaṅgīti Pāli (CC0); names from DPPN, SuttaCentral sc-data edition	0.85
Janesabha	slug:buddhist:janesabha	Janesabha, a Gandhabba, a vassal of the Four Regent Gods	boy	Janesabha	Janesabha	Pali	Buddhist	Theravada	Pali Canon	Digha Nikaya	DN 20:10.10	https://suttacentral.net/dn20	3	mythological_being	personal	attested		SuttaCentral bilara-data Mahāsaṅgīti Pāli (CC0); names from DPPN, SuttaCentral sc-data edition	0.95
Jantu	slug:buddhist:jantu	Jantu, a devaputta	boy	Jantu	Jantu	Pali	Buddhist	Theravada	Pali Canon	Samyutta Nikaya	SN 2.25:2.1	https://suttacentral.net/sn2.25		deity	divine	attested		SuttaCentral bilara-data Mahāsaṅgīti Pāli (CC0); names from DPPN, SuttaCentral sc-data edition	0.85
Jantugama	slug:buddhist:jantugaama	Jantugāma, town		Jantugāma	Jantugāma	Pali	Buddhist	Theravada	Pali Canon	Anguttara Nikaya	AN 9.3:1.4	https://suttacentral.net/an9.3	10	place	word	attested		SuttaCentral bilara-data Mahāsaṅgīti Pāli (CC0); names from DPPN, SuttaCentral sc-data edition	0.95
Jambuka	slug:buddhist:jambuka	Jambuka, a monk whose Theragāthā verses speak of how he practiced severe…	boy	Jambuka	Jambuka	Pali	Buddhist	Theravada	Pali Canon	Theragatha	Thag 4.5:4.5	https://suttacentral.net/thag4.5	12	disciple	personal	attested		SuttaCentral bilara-data Mahāsaṅgīti Pāli (CC0); names from DPPN, SuttaCentral sc-data edition	0.95
Jambukhadaka	slug:buddhist:jambukhaadaka	Jambukhādaka, a wanderer	boy	Jambukhādaka	Jambukhādaka	Pali	Buddhist	Theravada	Pali Canon	Samyutta Nikaya	SN 38.1:1.2	https://suttacentral.net/sn38.1	3	human	personal	attested		SuttaCentral bilara-data Mahāsaṅgīti Pāli (CC0); names from DPPN, SuttaCentral sc-data edition	0.85
Jambugama	slug:buddhist:jambugaama	Jambugāma, town		Jambugāma	Jambugāma	Pali	Buddhist	Theravada	Pali Canon	Digha Nikaya	DN 16:4.5.4	https://suttacentral.net/dn16	1	place	word	attested		SuttaCentral bilara-data Mahāsaṅgīti Pāli (CC0); names from DPPN, SuttaCentral sc-data edition	0.85
Jambudipa	slug:buddhist:jambudiipa	Jambudīpa, continent		Jambudīpa	Jambudīpa	Pali	Buddhist	Theravada	Pali Canon	Digha Nikaya	DN 26:23.6	https://suttacentral.net/dn26		place	word	attested		SuttaCentral bilara-data Mahāsaṅgīti Pāli (CC0); names from DPPN, SuttaCentral sc-data edition	0.85
Jayanta	slug:buddhist:jayanta	Jayanta, a Pacceka Buddha		Jayanta	Jayanta	Pali	Buddhist	Theravada	Pali Canon	Majjhima Nikaya	MN 116:6.33	https://suttacentral.net/mn116		sage	personal	attested		SuttaCentral bilara-data Mahāsaṅgīti Pāli (CC0); names from DPPN, SuttaCentral sc-data edition	0.85
Jayasena	slug:buddhist:jayasena	Jayasena, a prince who once visited the novice Aciravata at Veḷuvana in…	boy	Jayasena	Jayasena	Pali	Buddhist	Theravada	Pali Canon	Majjhima Nikaya	MN 125:2.2	https://suttacentral.net/mn125	27	royal	personal	attested		SuttaCentral bilara-data Mahāsaṅgīti Pāli (CC0); names from DPPN, SuttaCentral sc-data edition	0.95
Janussoni	slug:buddhist:jaanussoni	Jāṇussoṇi, a great brahmin, ranking with eminent brahmins such as Caṅkī,…	boy	Jāṇussoṇi	Jāṇussoṇi	Pali	Buddhist	Theravada	Pali Canon	Majjhima Nikaya	MN 4:2.1	https://suttacentral.net/mn4	47	human	personal	attested		SuttaCentral bilara-data Mahāsaṅgīti Pāli (CC0); names from DPPN, SuttaCentral sc-data edition	0.95
Jatiyavana	slug:buddhist:jaatiyaavana	Jātiyāvana, park		Jātiyāvana	Jātiyāvana	Pali	Buddhist	Theravada	Pali Canon	Vinaya Pitaka	Bu Pj 1:10.17.1	https://suttacentral.net/pli-tv-bu-vb-pj1	1	place	word	attested		SuttaCentral bilara-data Mahāsaṅgīti Pāli (CC0); names from DPPN, SuttaCentral sc-data edition	0.95
Jali	slug:buddhist:jaali	Jāli, the name of two Pacceka Buddhas, occurring in a nominal list		Jāli	Jāli	Pali	Buddhist	Theravada	Pali Canon	Majjhima Nikaya	MN 116:6.5	https://suttacentral.net/mn116		sage	personal	attested		SuttaCentral bilara-data Mahāsaṅgīti Pāli (CC0); names from DPPN, SuttaCentral sc-data edition	0.85
Jalina	slug:buddhist:jaalina	Jālina, a Pacceka Buddha		Jālina	Jālina	Pali	Buddhist	Theravada	Pali Canon	Majjhima Nikaya	MN 116:6.5	https://suttacentral.net/mn116		sage	personal	attested		SuttaCentral bilara-data Mahāsaṅgīti Pāli (CC0); names from DPPN, SuttaCentral sc-data edition	0.85
Jalini	slug:buddhist:jaalinii	Jālinī, a goddess of Tāvatiṁsā, a former wife of Anuruddha	girl	Jālinī	Jālinī	Pali	Buddhist	Theravada	Pali Canon	Theragatha	Thag 16.9:17.2	https://suttacentral.net/thag16.9		deity	divine	attested		SuttaCentral bilara-data Mahāsaṅgīti Pāli (CC0); names from DPPN, SuttaCentral sc-data edition	0.85
Jaliya	slug:buddhist:jaaliya	Jāliya, a wanderer who, with his friend Mandissa, visited the Buddha at the…	boy	Jāliya	Jāliya	Pali	Buddhist	Theravada	Pali Canon	Digha Nikaya	DN 6:15.3	https://suttacentral.net/dn6	10	human	personal	attested		SuttaCentral bilara-data Mahāsaṅgīti Pāli (CC0); names from DPPN, SuttaCentral sc-data edition	0.95
Jita	slug:buddhist:jita	Jita, a Pacceka Buddha		Jita	Jita	Pali	Buddhist	Theravada	Pali Canon	Majjhima Nikaya	MN 116:6.9	https://suttacentral.net/mn116		sage	personal	attested		SuttaCentral bilara-data Mahāsaṅgīti Pāli (CC0); names from DPPN, SuttaCentral sc-data edition	0.85
Jinadatta	slug:buddhist:jinadattaa	Jinadattā, a bhikkhunī mentioned in the Therīgāthā verses of Isidāsi, who…	girl	Jinadattā	Jinadattā	Pali	Buddhist	Theravada	Pali Canon	Therigatha	Thig 15.1:28.1	https://suttacentral.net/thig15.1	1	disciple	personal	attested		SuttaCentral bilara-data Mahāsaṅgīti Pāli (CC0); names from DPPN, SuttaCentral sc-data edition	0.95
Jivaka	Q1689712	Jīvaka, the Buddha's physician	boy	Jīvaka	Jīvaka	Pali	Buddhist	Theravada	Pali Canon	Digha Nikaya	DN 2:1.2	https://suttacentral.net/dn2	187	human	personal	attested	Pali form of Sanskrit Jīvaka	SuttaCentral bilara-data Mahāsaṅgīti Pāli (CC0); names from DPPN, SuttaCentral sc-data edition; Wikidata (CC0)	0.95
Jivaka Komarabhacca	Q1689712	Jīvaka, the Buddha's physician	boy	Jīvaka Komārabhacca	Jīvaka Komārabhacca	Pali	Buddhist	Theravada	Pali Canon	Digha Nikaya	DN 2:1.2	https://suttacentral.net/dn2	112	human	epithet	attested	epithet of Jīvaka; Pali form of Sanskrit Jīvaka	SuttaCentral bilara-data Mahāsaṅgīti Pāli (CC0); names from DPPN, SuttaCentral sc-data edition; Wikidata (CC0)	0.95
Jivakambavana	slug:buddhist:jiivakambavana	Jīvakambavana, monastery		Jīvakambavana	Jīvakambavana	Pali	Buddhist	Theravada	Pali Canon	Digha Nikaya	DN 16:3.42.8	https://suttacentral.net/dn16	10	place	word	attested		SuttaCentral bilara-data Mahāsaṅgīti Pāli (CC0); names from DPPN, SuttaCentral sc-data edition	0.85
Jeta	slug:buddhist:jeta-1	Jeta, a prince (DPPN Jeta 1)	boy	Jeta	Jeta	Pali	Buddhist	Theravada	Pali Canon	Vinaya Pitaka	Kd 16:4.9.1	https://suttacentral.net/pli-tv-kd16		royal	personal	attested		SuttaCentral bilara-data Mahāsaṅgīti Pāli (CC0); names from DPPN, SuttaCentral sc-data edition	0.85
Jeta	slug:buddhist:jeta-2	Jeta, a Pacceka Buddha (DPPN Jeta 2)		Jeta	Jeta	Pali	Buddhist	Theravada	Pali Canon	Majjhima Nikaya	MN 116:6.33	https://suttacentral.net/mn116		sage	personal	attested		SuttaCentral bilara-data Mahāsaṅgīti Pāli (CC0); names from DPPN, SuttaCentral sc-data edition	0.85
Jetavana	slug:buddhist:jetavana	Jetavana, monastery		Jetavana	Jetavana	Pali	Buddhist	Theravada	Pali Canon	Digha Nikaya	DN 9:1.2	https://suttacentral.net/dn9	684	place	word	attested		SuttaCentral bilara-data Mahāsaṅgīti Pāli (CC0); names from DPPN, SuttaCentral sc-data edition	0.95
Anathapindikassa Arama	slug:buddhist:jetavana	Jetavana, monastery		Anāthapiṇḍikassa ārāma	Anāthapiṇḍikassa ārāma	Pali	Buddhist	Theravada	Pali Canon	Digha Nikaya	DN 9:1.2	https://suttacentral.net/dn9	578	place	word	attested	another name of Jetavana	SuttaCentral bilara-data Mahāsaṅgīti Pāli (CC0); names from DPPN, SuttaCentral sc-data edition	0.95
Jenta	slug:buddhist:jenta-1	Jenta, a monk whose Theragāthā verse speaks of how the contemplation of… (DPPN Jenta 1)	boy	Jenta	Jenta	Pali	Buddhist	Theravada	Pali Canon	Theragatha	Thag 1.111:1.5	https://suttacentral.net/thag1.111		disciple	personal	attested		SuttaCentral bilara-data Mahāsaṅgīti Pāli (CC0); names from DPPN, SuttaCentral sc-data edition	0.85
Jenta	slug:buddhist:jenta-2	Jenta, a monk whose Theragāthā verses speak of his former pride and… (DPPN Jenta 2)	boy	Jenta	Jenta	Pali	Buddhist	Theravada	Pali Canon	Theragatha	Thag 6.9:6.5	https://suttacentral.net/thag6.9		disciple	personal	attested		SuttaCentral bilara-data Mahāsaṅgīti Pāli (CC0); names from DPPN, SuttaCentral sc-data edition	0.85
Purohitaputta	slug:buddhist:jenta-2	Jenta, a monk whose Theragāthā verses speak of his former pride and… (DPPN Jenta 2)	boy	Purohitaputta	Purohitaputta	Pali	Buddhist	Theravada	Pali Canon	Theragatha	Thag 6.9:6.5	https://suttacentral.net/thag6.9		disciple	epithet	attested	epithet of Jenta	SuttaCentral bilara-data Mahāsaṅgīti Pāli (CC0); names from DPPN, SuttaCentral sc-data edition	0.85
Jenta	slug:buddhist:jentaa	Jentā, a bhikkhunī whose Therīgāthā verses speak of developing the path and…	girl	Jentā	Jentā	Pali	Buddhist	Theravada	Pali Canon	Therigatha	Thig 2.2:3.1	https://suttacentral.net/thig2.2	1	disciple	personal	attested		SuttaCentral bilara-data Mahāsaṅgīti Pāli (CC0); names from DPPN, SuttaCentral sc-data edition	0.95
Jotidasa	slug:buddhist:jotidaasa	Jotidāsa, a monk whose Theragāthā verses speak of kamma	boy	Jotidāsa	Jotidāsa	Pali	Buddhist	Theravada	Pali Canon	Theragatha	Thag 2.12:2.5	https://suttacentral.net/thag2.12	2	disciple	personal	attested		SuttaCentral bilara-data Mahāsaṅgīti Pāli (CC0); names from DPPN, SuttaCentral sc-data edition	0.95
Jotipala	slug:buddhist:jotipaala-1	Jotipāla, the Bodhisatta born as a brahmin of Vehaliṅga in the time of Kassapa… (DPPN Jotipāla 1)	boy	Jotipāla	Jotipāla	Pali	Buddhist	Theravada	Pali Canon	Majjhima Nikaya	MN 81:6.2	https://suttacentral.net/mn81		human	personal	attested		SuttaCentral bilara-data Mahāsaṅgīti Pāli (CC0); names from DPPN, SuttaCentral sc-data edition	0.85
Jotipala	slug:buddhist:jotipaala-2	Jotipāla, a brahmin, son of Govinda, chaplain of Disampati (DPPN Jotipāla 2)	boy	Jotipāla	Jotipāla	Pali	Buddhist	Theravada	Pali Canon	Digha Nikaya	DN 19:29.4	https://suttacentral.net/dn19		human	personal	attested		SuttaCentral bilara-data Mahāsaṅgīti Pāli (CC0); names from DPPN, SuttaCentral sc-data edition	0.85
Takkasila	slug:buddhist:takkasilaa	Takkasilā, town		Takkasilā	Takkasilā	Pali	Buddhist	Theravada	Pali Canon	Jataka	Ja 229:1.4	https://suttacentral.net/ja229	8	place	word	attested		SuttaCentral bilara-data Mahāsaṅgīti Pāli (CC0); names from DPPN, SuttaCentral sc-data edition	0.95
Takki Vimamsi	slug:buddhist:takkiviimamsii	Takkivīmaṁsī, the name of a class of brahmins who might be described as sophists…		Takki Vīmaṁsī	Takki Vīmaṁsī	Pali	Buddhist	Theravada	Pali Canon	Majjhima Nikaya	MN 76:28.2	https://suttacentral.net/mn76	2	tribe	word	attested		SuttaCentral bilara-data Mahāsaṅgīti Pāli (CC0); names from DPPN, SuttaCentral sc-data edition	0.85
Tagarasikhi	slug:buddhist:tagarasikhii	Tagarasikhī, a Pacceka Buddha, third among the five hundred sons of Padumavatī,…	boy	Tagarasikhī	Tagarasikhī	Pali	Buddhist	Theravada	Pali Canon	Majjhima Nikaya	MN 116:4.3	https://suttacentral.net/mn116	3	sage	personal	attested		SuttaCentral bilara-data Mahāsaṅgīti Pāli (CC0); names from DPPN, SuttaCentral sc-data edition	0.95
Tatojasi	slug:buddhist:tatojasii	Tatojasī, a messenger of Vessavaṇa		Tatojasī	Tatojasī	Pali	Buddhist	Theravada	Pali Canon	Digha Nikaya	DN 32:7.46	https://suttacentral.net/dn32	2	human	personal	attested		SuttaCentral bilara-data Mahāsaṅgīti Pāli (CC0); names from DPPN, SuttaCentral sc-data edition	0.95
Tatola	slug:buddhist:tatolaa	Tatolā, Messenger of Vessavaṇa		Tatolā	Tatolā	Pali	Buddhist	Theravada	Pali Canon	Digha Nikaya	DN 32:7.45	https://suttacentral.net/dn32	2	human	personal	attested		SuttaCentral bilara-data Mahāsaṅgīti Pāli (CC0); names from DPPN, SuttaCentral sc-data edition	0.95
Tatotala	slug:buddhist:tatotalaa	Tatotalā, Messenger of Vessavaṇa		Tatotalā	Tatotalā	Pali	Buddhist	Theravada	Pali Canon	Digha Nikaya	DN 32:7.45	https://suttacentral.net/dn32	2	human	personal	attested		SuttaCentral bilara-data Mahāsaṅgīti Pāli (CC0); names from DPPN, SuttaCentral sc-data edition	0.95
Tattala	slug:buddhist:tattalaa	Tattalā, Messenger of Vessavaṇa		Tattalā	Tattalā	Pali	Buddhist	Theravada	Pali Canon	Digha Nikaya	DN 32:7.45	https://suttacentral.net/dn32	2	human	personal	attested		SuttaCentral bilara-data Mahāsaṅgīti Pāli (CC0); names from DPPN, SuttaCentral sc-data edition	0.95
Tatha	slug:buddhist:tatha	Tatha, a Pacceka Buddha		Tatha	Tatha	Pali	Buddhist	Theravada	Pali Canon	Majjhima Nikaya	MN 116:4.11	https://suttacentral.net/mn116		sage	personal	attested		SuttaCentral bilara-data Mahāsaṅgīti Pāli (CC0); names from DPPN, SuttaCentral sc-data edition	0.85
Tandulapalidvaraya	slug:buddhist:tandulapaalidvaaraaya	Taṇḍulapālidvārāya, building		Taṇḍulapālidvārāya	Taṇḍulapālidvārāya	Pali	Buddhist	Theravada	Pali Canon	Majjhima Nikaya	MN 97:2.8	https://suttacentral.net/mn97	1	place	word	attested		SuttaCentral bilara-data Mahāsaṅgīti Pāli (CC0); names from DPPN, SuttaCentral sc-data edition	0.95
Tandulapalidvara	slug:buddhist:tandulapaalidvaaraaya	Taṇḍulapālidvārāya, building		Taṇḍulapālidvāra	Taṇḍulapālidvāra	Pali	Buddhist	Theravada	Pali Canon	Majjhima Nikaya	MN 97:2.8	https://suttacentral.net/mn97		place	word	attested	another name of Taṇḍulapālidvārāya	SuttaCentral bilara-data Mahāsaṅgīti Pāli (CC0); names from DPPN, SuttaCentral sc-data edition	0.85
Tapussa	slug:buddhist:tapussa	Tapussa, a merchant of Ukkalā	boy	Tapussa	Tapussa	Pali	Buddhist	Theravada	Pali Canon	Anguttara Nikaya	AN 6.119:1.1	https://suttacentral.net/an6.119	9	human	personal	attested		SuttaCentral bilara-data Mahāsaṅgīti Pāli (CC0); names from DPPN, SuttaCentral sc-data edition	0.95
Tapoda	slug:buddhist:tapodaa	Tapodā, lake		Tapodā	Tapodā	Pali	Buddhist	Theravada	Pali Canon	Majjhima Nikaya	MN 133:1.4	https://suttacentral.net/mn133		place	word	attested		SuttaCentral bilara-data Mahāsaṅgīti Pāli (CC0); names from DPPN, SuttaCentral sc-data edition	0.85
Tapodarama	slug:buddhist:tapodaaraama	Tapodārāma, monastery		Tapodārāma	Tapodārāma	Pali	Buddhist	Theravada	Pali Canon	Digha Nikaya	DN 16:3.42.6	https://suttacentral.net/dn16		place	word	attested		SuttaCentral bilara-data Mahāsaṅgīti Pāli (CC0); names from DPPN, SuttaCentral sc-data edition	0.85
Tayana	slug:buddhist:taayana	Tāyana, a devaputta	boy	Tāyana	Tāyana	Pali	Buddhist	Theravada	Pali Canon	Samyutta Nikaya	SN 2.8:1.2	https://suttacentral.net/sn2.8	7	deity	divine	attested		SuttaCentral bilara-data Mahāsaṅgīti Pāli (CC0); names from DPPN, SuttaCentral sc-data edition	0.95
Tarukkha	slug:buddhist:taarukkha	Tārukkha, one of the most eminent great brahmins, contemporary of the Buddha	boy	Tārukkha	Tārukkha	Pali	Buddhist	Theravada	Pali Canon	Digha Nikaya	DN 13:2.2	https://suttacentral.net/dn13	4	human	personal	attested		SuttaCentral bilara-data Mahāsaṅgīti Pāli (CC0); names from DPPN, SuttaCentral sc-data edition	0.95
Talaputa	slug:buddhist:taalaputa	Tālaputa, a stage-manager of Rājagaha	boy	Tālapuṭa	Tālapuṭa	Pali	Buddhist	Theravada	Pali Canon	Samyutta Nikaya	SN 42.2:1.2	https://suttacentral.net/sn42.2	9	human	epithet	attested	epithet of Tālaputa	SuttaCentral bilara-data Mahāsaṅgīti Pāli (CC0); names from DPPN, SuttaCentral sc-data edition	0.95
Tikanna	slug:buddhist:tikanna	Tikaṇṇa, a brahmin	boy	Tikaṇṇa	Tikaṇṇa	Pali	Buddhist	Theravada	Pali Canon	Anguttara Nikaya	AN 3.58:1.1	https://suttacentral.net/an3.58	4	human	personal	attested		SuttaCentral bilara-data Mahāsaṅgīti Pāli (CC0); names from DPPN, SuttaCentral sc-data edition	0.95
Tindukakandara	slug:buddhist:tindukakandaraa	Tindukakandarā, monastery		Tindukakandarā	Tindukakandarā	Pali	Buddhist	Theravada	Pali Canon	Vinaya Pitaka	Bu Ss 8:1.4.26	https://suttacentral.net/pli-tv-bu-vb-ss8	2	place	word	attested		SuttaCentral bilara-data Mahāsaṅgīti Pāli (CC0); names from DPPN, SuttaCentral sc-data edition	0.95
Timbaru	slug:buddhist:timbaru	Timbaru, a chieftain of the Gandhabbas and father of Suriyavaccasā	boy	Timbaru	Timbaru	Pali	Buddhist	Theravada	Pali Canon	Digha Nikaya	DN 20:10.12	https://suttacentral.net/dn20		mythological_being	personal	attested		SuttaCentral bilara-data Mahāsaṅgīti Pāli (CC0); names from DPPN, SuttaCentral sc-data edition	0.85
Tivara	slug:buddhist:tivaraa	Tivarā, the name given to the inhabitants of Mount Vepulla, then known as…		Tivarā	Tivarā	Pali	Buddhist	Theravada	Pali Canon	Samyutta Nikaya	SN 15.20:2.4	https://suttacentral.net/sn15.20	9	tribe	word	attested		SuttaCentral bilara-data Mahāsaṅgīti Pāli (CC0); names from DPPN, SuttaCentral sc-data edition	0.85
Tissa	slug:buddhist:tissa-1	Tissa, one of the two chief disciples of Vipassī Buddha (DPPN Tissa 1)	boy	Tissa	Tissa	Pali	Buddhist	Theravada	Pali Canon	Digha Nikaya	DN 14:3.8.5	https://suttacentral.net/dn14		disciple	personal	attested		SuttaCentral bilara-data Mahāsaṅgīti Pāli (CC0); names from DPPN, SuttaCentral sc-data edition	0.85
Tissa	slug:buddhist:tissa-2	Tissa, a monk who was reborn as a Brahmā with great iddhi -powers (DPPN Tissa 2)	boy	Tissa	Tissa	Pali	Buddhist	Theravada	Pali Canon	Digha Nikaya	DN 20:20.3	https://suttacentral.net/dn20		disciple	personal	attested		SuttaCentral bilara-data Mahāsaṅgīti Pāli (CC0); names from DPPN, SuttaCentral sc-data edition	0.85
Tissa	slug:buddhist:tissa-4	Tissa, the personal name of Metteyya, friend of Tissa (DPPN Tissa 4)	boy	Tissa	Tissa	Pali	Buddhist	Theravada	Pali Canon	Sutta Nipata	Snp 4.7:1.2	https://suttacentral.net/snp4.7		human	personal	attested		SuttaCentral bilara-data Mahāsaṅgīti Pāli (CC0); names from DPPN, SuttaCentral sc-data edition	0.85
Tissa	slug:buddhist:tissa-5	Tissa, the Theragāthā contains verses uttered by him regarding certain monks… (DPPN Tissa 5)	boy	Tissa	Tissa	Pali	Buddhist	Theravada	Pali Canon	Theragatha	Thag 2.17:2.5	https://suttacentral.net/thag2.17		disciple	personal	attested		SuttaCentral bilara-data Mahāsaṅgīti Pāli (CC0); names from DPPN, SuttaCentral sc-data edition	0.85
Tissa	slug:buddhist:tissa-6	Tissa, a monk whose Theragāthā verse speaks of giving up costly bowls and… (DPPN Tissa 6)	boy	Tissa	Tissa	Pali	Buddhist	Theravada	Pali Canon	Theragatha	Thag 1.97:1.5	https://suttacentral.net/thag1.97		disciple	personal	attested		SuttaCentral bilara-data Mahāsaṅgīti Pāli (CC0); names from DPPN, SuttaCentral sc-data edition	0.85
Tissa	slug:buddhist:tissa-7	Tissa, a monk, son of the Buddha’s paternal aunt (DPPN Tissa 7)	boy	Tissa	Tissa	Pali	Buddhist	Theravada	Pali Canon	Samyutta Nikaya	SN 21.9:1.2	https://suttacentral.net/sn21.9		disciple	personal	attested		SuttaCentral bilara-data Mahāsaṅgīti Pāli (CC0); names from DPPN, SuttaCentral sc-data edition	0.85
Tissametteyya	slug:buddhist:tissametteyya	Tissametteyya, a disciple of Bāvarī	boy	Tissametteyya	Tissametteyya	Pali	Buddhist	Theravada	Pali Canon	Sutta Nipata	Snp 5.1:31.3	https://suttacentral.net/snp5.1	14	disciple	personal	attested		SuttaCentral bilara-data Mahāsaṅgīti Pāli (CC0); names from DPPN, SuttaCentral sc-data edition	0.95
Tuttha	slug:buddhist:tuttha	Tuṭṭha, a lay disciple of Ñātika who died and was reborn in the Suddhāvāsa,…	boy	Tuṭṭha	Tuṭṭha	Pali	Buddhist	Theravada	Pali Canon	Digha Nikaya	DN 16:2.6.10	https://suttacentral.net/dn16		disciple	personal	attested		SuttaCentral bilara-data Mahāsaṅgīti Pāli (CC0); names from DPPN, SuttaCentral sc-data edition	0.85
Tusita	slug:buddhist:tusita	Tusita, heaven		Tusita	Tusita	Pali	Buddhist	Theravada	Pali Canon	Anguttara Nikaya	AN 3.70:16.4	https://suttacentral.net/an3.70		place	word	attested		SuttaCentral bilara-data Mahāsaṅgīti Pāli (CC0); names from DPPN, SuttaCentral sc-data edition	0.85
Tekicchakari	slug:buddhist:tekicchakaarii	Tekicchakārī, a monk whose Theragāthā verses speak of how, by recollecting the…	boy	Tekicchakārī	Tekicchakārī	Pali	Buddhist	Theravada	Pali Canon	Theragatha	Thag 6.2:6.5	https://suttacentral.net/thag6.2	2	disciple	personal	attested		SuttaCentral bilara-data Mahāsaṅgīti Pāli (CC0); names from DPPN, SuttaCentral sc-data edition	0.95
Tejasi	slug:buddhist:tejasi	Tejasi, one of the messengers employed by Kuvera		Tejasi	Tejasi	Pali	Buddhist	Theravada	Pali Canon	Digha Nikaya	DN 32:7.46	https://suttacentral.net/dn32		human	personal	attested		SuttaCentral bilara-data Mahāsaṅgīti Pāli (CC0); names from DPPN, SuttaCentral sc-data edition	0.85
Todeyya	slug:buddhist:todeyya-1	Todeyya, a Mahāsāla brahmin, mentioned in a list of eminent brahmins gathered… (DPPN Todeyya 1)		Todeyya	Todeyya	Pali	Buddhist	Theravada	Pali Canon	Digha Nikaya	DN 13:2.2	https://suttacentral.net/dn13		human	personal	attested		SuttaCentral bilara-data Mahāsaṅgīti Pāli (CC0); names from DPPN, SuttaCentral sc-data edition	0.85
Todeyya	slug:buddhist:todeyya-2	Todeyya, a disciple of Bāvarī (DPPN Todeyya 2)	boy	Todeyya	Todeyya	Pali	Buddhist	Theravada	Pali Canon	Sutta Nipata	Snp 5.1:32.3	https://suttacentral.net/snp5.1		disciple	personal	attested		SuttaCentral bilara-data Mahāsaṅgīti Pāli (CC0); names from DPPN, SuttaCentral sc-data edition	0.85
Toranavatthu	slug:buddhist:toranavatthu	Toraṇavatthu, town		Toraṇavatthu	Toraṇavatthu	Pali	Buddhist	Theravada	Pali Canon	Samyutta Nikaya	SN 44.1:2.1	https://suttacentral.net/sn44.1	1	place	word	attested		SuttaCentral bilara-data Mahāsaṅgīti Pāli (CC0); names from DPPN, SuttaCentral sc-data edition	0.95
Thullatissa	slug:buddhist:thullatissaa	Thullatissā, a nun	girl	Thullatissā	Thullatissā	Pali	Buddhist	Theravada	Pali Canon	Samyutta Nikaya	SN 16.10:3.1	https://suttacentral.net/sn16.10	3	disciple	personal	attested		SuttaCentral bilara-data Mahāsaṅgīti Pāli (CC0); names from DPPN, SuttaCentral sc-data edition	0.95
Thullananda	slug:buddhist:thullanandaa	Thullanandā, a nun, one of four sisters who all joined the Order, the others being…	girl	Thullanandā	Thullanandā	Pali	Buddhist	Theravada	Pali Canon	Samyutta Nikaya	SN 16.11:6.1	https://suttacentral.net/sn16.11	334	disciple	personal	attested		SuttaCentral bilara-data Mahāsaṅgīti Pāli (CC0); names from DPPN, SuttaCentral sc-data edition	0.95
Thuna	slug:buddhist:thuuna	Thūṇa, town		Thūṇa	Thūṇa	Pali	Buddhist	Theravada	Pali Canon	Udana	Ud 7.9:1.2	https://suttacentral.net/ud7.9		place	word	attested		SuttaCentral bilara-data Mahāsaṅgīti Pāli (CC0); names from DPPN, SuttaCentral sc-data edition	0.85
Therika	slug:buddhist:therikaa	Therikā, a bhikkhunī whose Therīgāthā verse says she may sleep happily now the…	girl	Therikā	Therikā	Pali	Buddhist	Theravada	Pali Canon	Therigatha	Thig 1.1:1.1	https://suttacentral.net/thig1.1		disciple	personal	attested		SuttaCentral bilara-data Mahāsaṅgīti Pāli (CC0); names from DPPN, SuttaCentral sc-data edition	0.85
Dakkhinagiri	slug:buddhist:dakkhinaagiri	Dakkhiṇāgiri, region		Dakkhiṇāgiri	Dakkhiṇāgiri	Pali	Buddhist	Theravada	Pali Canon	Majjhima Nikaya	MN 97:2.1	https://suttacentral.net/mn97		place	word	attested		SuttaCentral bilara-data Mahāsaṅgīti Pāli (CC0); names from DPPN, SuttaCentral sc-data edition	0.85
Dakkhinapatha	slug:buddhist:dakkhinaapatha	Dakkhiṇāpatha, region		Dakkhiṇāpatha	Dakkhiṇāpatha	Pali	Buddhist	Theravada	Pali Canon	Sutta Nipata	Snp 5.1:1.2	https://suttacentral.net/snp5.1		place	word	attested		SuttaCentral bilara-data Mahāsaṅgīti Pāli (CC0); names from DPPN, SuttaCentral sc-data edition	0.85
Dandakappaka	slug:buddhist:dandakappaka	Daṇḍakappaka, town		Daṇḍakappaka	Daṇḍakappaka	Pali	Buddhist	Theravada	Pali Canon	Anguttara Nikaya	AN 6.62:1.2	https://suttacentral.net/an6.62	2	place	word	attested		SuttaCentral bilara-data Mahāsaṅgīti Pāli (CC0); names from DPPN, SuttaCentral sc-data edition	0.85
Dadhimukha	slug:buddhist:dadhimukha	Dadhimukha, a Yakkha chieftain who should be invoked by disciples of the Buddha…	boy	Dadhimukha	Dadhimukha	Pali	Buddhist	Theravada	Pali Canon	Digha Nikaya	DN 32:10.18	https://suttacentral.net/dn32	2	mythological_being	personal	attested		SuttaCentral bilara-data Mahāsaṅgīti Pāli (CC0); names from DPPN, SuttaCentral sc-data edition	0.95
Dantika	slug:buddhist:dantikaa	Dantikā, one day, during her meditation on Gijjhakūṭa, she saw how a well…	girl	Dantikā	Dantikā	Pali	Buddhist	Theravada	Pali Canon	Therigatha	Thig 3.4:4.1	https://suttacentral.net/thig3.4	1	disciple	personal	attested		SuttaCentral bilara-data Mahāsaṅgīti Pāli (CC0); names from DPPN, SuttaCentral sc-data edition	0.95
Dandakiranna	slug:buddhist:dandakiiranna	Daṇḍakīrañña, forest		Daṇḍakīrañña	Daṇḍakīrañña	Pali	Buddhist	Theravada	Pali Canon	Majjhima Nikaya	MN 56:13.27	https://suttacentral.net/mn56	4	place	word	attested		SuttaCentral bilara-data Mahāsaṅgīti Pāli (CC0); names from DPPN, SuttaCentral sc-data edition	0.95
Dabbamallaputta	slug:buddhist:dabbamallaputta	Dabbamallaputta, an arahant		Dabbamallaputta	Dabbamallaputta	Pali	Buddhist	Theravada	Pali Canon	Apadana	Tha Ap 536:43.1	https://suttacentral.net/tha-ap536	1	disciple	personal	attested		SuttaCentral bilara-data Mahāsaṅgīti Pāli (CC0); names from DPPN, SuttaCentral sc-data edition	0.85
Dabbila	slug:buddhist:dabbila	Dabbila, a Pacceka Buddha, mentioned in a nominal list		Dabbila	Dabbila	Pali	Buddhist	Theravada	Pali Canon	Majjhima Nikaya	MN 116:6.19	https://suttacentral.net/mn116	1	sage	personal	attested		SuttaCentral bilara-data Mahāsaṅgīti Pāli (CC0); names from DPPN, SuttaCentral sc-data edition	0.95
Dalhika	slug:buddhist:dalhika	Dalhika, a monk of Sāgala	boy	Daḷhika	Daḷhika	Pali	Buddhist	Theravada	Pali Canon	Vinaya Pitaka	Bu Pj 2:6.4.53	https://suttacentral.net/pli-tv-bu-vb-pj2	3	disciple	epithet	attested	epithet of Dalhika	SuttaCentral bilara-data Mahāsaṅgīti Pāli (CC0); names from DPPN, SuttaCentral sc-data edition	0.95
Dalhanemi	slug:buddhist:dalhanemi	Daḷhanemi, a Cakkavatti of long ago	boy	Daḷhanemi	Daḷhanemi	Pali	Buddhist	Theravada	Pali Canon	Digha Nikaya	DN 26:2.1	https://suttacentral.net/dn26	7	royal	personal	attested		SuttaCentral bilara-data Mahāsaṅgīti Pāli (CC0); names from DPPN, SuttaCentral sc-data edition	0.95
Dasaraha	slug:buddhist:dasaarahaa	Dasārahā, a group of Khattiyas, owners of the Ānaka-drum		Dasārahā	Dasārahā	Pali	Buddhist	Theravada	Pali Canon	Samyutta Nikaya	SN 20.7:1.2	https://suttacentral.net/sn20.7	2	tribe	word	attested		SuttaCentral bilara-data Mahāsaṅgīti Pāli (CC0); names from DPPN, SuttaCentral sc-data edition	0.85
Danaveghasa	slug:buddhist:daanaveghasaa	Dānaveghasā, a class of Asuras, present at the Mahāsamaya		Dānaveghasā	Dānaveghasā	Pali	Buddhist	Theravada	Pali Canon	Digha Nikaya	DN 20:12.6	https://suttacentral.net/dn20	1	mythological_being	word	attested		SuttaCentral bilara-data Mahāsaṅgīti Pāli (CC0); names from DPPN, SuttaCentral sc-data edition	0.95
Damali	slug:buddhist:daamali	Dāmali, a devaputta who visits the Buddha at Jetavana and tells him that an…	boy	Dāmali	Dāmali	Pali	Buddhist	Theravada	Pali Canon	Samyutta Nikaya	SN 2.5:1.2	https://suttacentral.net/sn2.5	4	deity	divine	attested		SuttaCentral bilara-data Mahāsaṅgīti Pāli (CC0); names from DPPN, SuttaCentral sc-data edition	0.85
Dasaka	slug:buddhist:daasaka	Dāsaka, a monk whose Theragāthā verse says that one who eats much and is lazy…	boy	Dāsaka	Dāsaka	Pali	Buddhist	Theravada	Pali Canon	Samyutta Nikaya	SN 22.89:1.3	https://suttacentral.net/sn22.89		disciple	personal	attested		SuttaCentral bilara-data Mahāsaṅgīti Pāli (CC0); names from DPPN, SuttaCentral sc-data edition	0.85
Disampati	slug:buddhist:disampati	Disampati, a king of long ago	boy	Disampati	Disampati	Pali	Buddhist	Theravada	Pali Canon	Digha Nikaya	DN 19:29.1	https://suttacentral.net/dn19		royal	personal	attested		SuttaCentral bilara-data Mahāsaṅgīti Pāli (CC0); names from DPPN, SuttaCentral sc-data edition	0.85
Disa	slug:buddhist:disaa	Disā, a slave-woman of Okkāka	girl	Disā	Disā	Pali	Buddhist	Theravada	Pali Canon	Digha Nikaya	DN 3:1.16.1	https://suttacentral.net/dn3		human	personal	attested		SuttaCentral bilara-data Mahāsaṅgīti Pāli (CC0); names from DPPN, SuttaCentral sc-data edition	0.85
Digha Karayana	slug:buddhist:diighakaaraayana	Dīghakārāyana, Nephew of Bandhula, commander-in-chief of Pasenadi	boy	Dīgha Kārāyana	Dīgha Kārāyana	Pali	Buddhist	Theravada	Pali Canon	Majjhima Nikaya	MN 89:2.2	https://suttacentral.net/mn89	6	human	personal	attested		SuttaCentral bilara-data Mahāsaṅgīti Pāli (CC0); names from DPPN, SuttaCentral sc-data edition	0.95
Dighajanu	slug:buddhist:diighajaanu	Dīghajāṇu, a Koliyan, inhabitant of Kakkarapatta	boy	Dīghajāṇu	Dīghajāṇu	Pali	Buddhist	Theravada	Pali Canon	Anguttara Nikaya	AN 8.54:1.2	https://suttacentral.net/an8.54	3	human	personal	attested		SuttaCentral bilara-data Mahāsaṅgīti Pāli (CC0); names from DPPN, SuttaCentral sc-data edition	0.85
Dighatapassi	slug:buddhist:diighatapassii	Dīghatapassī, a Nigaṇṭha, follower of Nāṭaputta	boy	Dīghatapassī	Dīghatapassī	Pali	Buddhist	Theravada	Pali Canon	Majjhima Nikaya	MN 56:2.2	https://suttacentral.net/mn56	35	human	personal	attested		SuttaCentral bilara-data Mahāsaṅgīti Pāli (CC0); names from DPPN, SuttaCentral sc-data edition	0.85
Dighalatthi	slug:buddhist:diighalatthi	Dīghalaṭṭhi, a devaputta who once visited the Buddha at the Kalandakanivāpa in…	boy	Dīghalaṭṭhi	Dīghalaṭṭhi	Pali	Buddhist	Theravada	Pali Canon	Samyutta Nikaya	SN 2.13:1.3	https://suttacentral.net/sn2.13	3	deity	divine	attested		SuttaCentral bilara-data Mahāsaṅgīti Pāli (CC0); names from DPPN, SuttaCentral sc-data edition	0.85
Dighavu	slug:buddhist:diighaayu	Dīghāyu, Son of Dīghīti, king of Kosala	boy	Dīghāvu	Dīghāvu	Pali	Buddhist	Theravada	Pali Canon	Samyutta Nikaya	SN 55.3:1.2	https://suttacentral.net/sn55.3	112	royal	epithet	attested	epithet of Dīghāyu	SuttaCentral bilara-data Mahāsaṅgīti Pāli (CC0); names from DPPN, SuttaCentral sc-data edition	0.95
Dighiti	slug:buddhist:diighiiti	Dīghīti, a king of Kosala	boy	Dīghīti	Dīghīti	Pali	Buddhist	Theravada	Pali Canon	Vinaya Pitaka	Kd 10:2.3.3	https://suttacentral.net/pli-tv-kd10	40	royal	personal	attested		SuttaCentral bilara-data Mahāsaṅgīti Pāli (CC0); names from DPPN, SuttaCentral sc-data edition	0.95
Dukkhamula	slug:buddhist:dukkhamuula	Dukkhamūla, a Pacceka Buddha, mentioned in a nominal list		Dukkhamūla	Dukkhamūla	Pali	Buddhist	Theravada	Pali Canon	Majjhima Nikaya	MN 116:6.30	https://suttacentral.net/mn116		sage	personal	attested		SuttaCentral bilara-data Mahāsaṅgīti Pāli (CC0); names from DPPN, SuttaCentral sc-data edition	0.85
Dummukha	slug:buddhist:dummukha	Dummukha, a Licchavi chieftain	boy	Dummukha	Dummukha	Pali	Buddhist	Theravada	Pali Canon	Majjhima Nikaya	MN 35:23.1	https://suttacentral.net/mn35	6	human	personal	attested		SuttaCentral bilara-data Mahāsaṅgīti Pāli (CC0); names from DPPN, SuttaCentral sc-data edition	0.95
Dusi	slug:buddhist:duusii	Dūsī, name of Māra in the time of Kakusandha Buddha	boy	Dūsī	Dūsī	Pali	Buddhist	Theravada	Pali Canon	Majjhima Nikaya	MN 50:8.1	https://suttacentral.net/mn50		human	personal	attested		SuttaCentral bilara-data Mahāsaṅgīti Pāli (CC0); names from DPPN, SuttaCentral sc-data edition	0.85
Devadatta	Q451043	Devadatta, the Buddha's cousin	boy	Devadatta	Devadatta	Pali	Buddhist	Theravada	Pali Canon	Majjhima Nikaya	MN 29:1.2	https://suttacentral.net/mn29	391	disciple	personal	attested	Pali form of Sanskrit Devadatta	SuttaCentral bilara-data Mahāsaṅgīti Pāli (CC0); names from DPPN, SuttaCentral sc-data edition; Wikidata (CC0)	0.95
Devadhammika	slug:buddhist:devadhammika	Devadhammika, a class of ascetics mentioned in a nominal list		Devadhammika	Devadhammika	Pali	Buddhist	Theravada	Pali Canon	Anguttara Nikaya	AN 5.294-302:1.1	https://suttacentral.net/an5.294-302		tribe	word	attested		SuttaCentral bilara-data Mahāsaṅgīti Pāli (CC0); names from DPPN, SuttaCentral sc-data edition	0.85
Devasabha	slug:buddhist:devasabha	Devasabha, a monk whose Theragāthā verse speaks of how one with right effort…	boy	Devasabha	Devasabha	Pali	Buddhist	Theravada	Pali Canon	Theragatha	Thag 1.100:1.5	https://suttacentral.net/thag1.100		disciple	personal	attested		SuttaCentral bilara-data Mahāsaṅgīti Pāli (CC0); names from DPPN, SuttaCentral sc-data edition	0.85
Devasuta	slug:buddhist:devasuuta	Devasūta, one of the Yakkha chiefs mentioned in the Āṭānāṭiya Sutta		Devasūta	Devasūta	Pali	Buddhist	Theravada	Pali Canon	Digha Nikaya	DN 32:10.7	https://suttacentral.net/dn32		mythological_being	personal	attested		SuttaCentral bilara-data Mahāsaṅgīti Pāli (CC0); names from DPPN, SuttaCentral sc-data edition	0.85
Devahita	slug:buddhist:devahita	Devahita, a brahmin of Sāvatthī	boy	Devahita	Devahita	Pali	Buddhist	Theravada	Pali Canon	Samyutta Nikaya	SN 7.13:1.6	https://suttacentral.net/sn7.13	8	human	personal	attested		SuttaCentral bilara-data Mahāsaṅgīti Pāli (CC0); names from DPPN, SuttaCentral sc-data edition	0.85
Dona	slug:buddhist:dona	Doṇa, a brahmin	boy	Doṇa	Doṇa	Pali	Buddhist	Theravada	Pali Canon	Digha Nikaya	DN 16:6.25.3	https://suttacentral.net/dn16		human	personal	attested		SuttaCentral bilara-data Mahāsaṅgīti Pāli (CC0); names from DPPN, SuttaCentral sc-data edition	0.85
Dhatarattha	Q1188767	Dhataraṭṭha, Great King of the east	boy	Dhataraṭṭha	Dhataraṭṭha	Pali	Buddhist	Theravada	Pali Canon	Digha Nikaya	DN 18:12.3	https://suttacentral.net/dn18		deity	divine	attested	Pali form of Sanskrit Dhṛtarāṣṭra	SuttaCentral bilara-data Mahāsaṅgīti Pāli (CC0); names from DPPN, SuttaCentral sc-data edition; Wikidata (CC0)	0.85
Dhatarattha	slug:buddhist:dhatarattha-2	Dhataraṭṭha, there were two kings of this name, contemporaries and vassals of Reṇu (DPPN Dhataraṭṭha 2)	boy	Dhataraṭṭha	Dhataraṭṭha	Pali	Buddhist	Theravada	Pali Canon	Digha Nikaya	DN 19:2.3	https://suttacentral.net/dn19		human	personal	attested		SuttaCentral bilara-data Mahāsaṅgīti Pāli (CC0); names from DPPN, SuttaCentral sc-data edition	0.85
Dhatarattha	slug:buddhist:dhatarattha-3	Dhataraṭṭha, a class of Nāgas (DPPN Dhataraṭṭha 3)		Dhataraṭṭha	Dhataraṭṭha	Pali	Buddhist	Theravada	Pali Canon	Digha Nikaya	DN 20:9.2	https://suttacentral.net/dn20		mythological_being	word	attested		SuttaCentral bilara-data Mahāsaṅgīti Pāli (CC0); names from DPPN, SuttaCentral sc-data edition	0.85
Dhanavati	slug:buddhist:dhanavatii	Dhanavatī, a brahmin lady, mother of Kassapa Buddha	girl	Dhanavatī	Dhanavatī	Pali	Buddhist	Theravada	Pali Canon	Digha Nikaya	DN 14:1.12.19	https://suttacentral.net/dn14	2	human	personal	attested		SuttaCentral bilara-data Mahāsaṅgīti Pāli (CC0); names from DPPN, SuttaCentral sc-data edition	0.95
Dhaniya	slug:buddhist:dhaniya-1	Dhaniya, place (DPPN Dhaniya 1)		Dhaniya	Dhaniya	Pali	Buddhist	Theravada	Pali Canon	Sutta Nipata	Snp 1.2:1.2	https://suttacentral.net/snp1.2		place	word	attested		SuttaCentral bilara-data Mahāsaṅgīti Pāli (CC0); names from DPPN, SuttaCentral sc-data edition	0.85
Dhaniya	slug:buddhist:dhaniya-2	Dhaniya, a monk whose Theragāthā verses urge one who wants to live happily as… (DPPN Dhaniya 2)	boy	Dhaniya	Dhaniya	Pali	Buddhist	Theravada	Pali Canon	Theragatha	Thag 3.4:3.5	https://suttacentral.net/thag3.4		disciple	personal	attested		SuttaCentral bilara-data Mahāsaṅgīti Pāli (CC0); names from DPPN, SuttaCentral sc-data edition	0.85
Dhamma	slug:buddhist:dhamma-1	Dhamma, building (DPPN Dhamma 1)		Dhamma	Dhamma	Pali	Buddhist	Theravada	Pali Canon	Digha Nikaya	DN 17:1.25.2	https://suttacentral.net/dn17		place	word	attested		SuttaCentral bilara-data Mahāsaṅgīti Pāli (CC0); names from DPPN, SuttaCentral sc-data edition	0.85
Dhamma	slug:buddhist:dhamma-2	Dhamma, lake (DPPN Dhamma 2)		Dhamma	Dhamma	Pali	Buddhist	Theravada	Pali Canon	Digha Nikaya	DN 17:1.25.2	https://suttacentral.net/dn17		place	word	attested		SuttaCentral bilara-data Mahāsaṅgīti Pāli (CC0); names from DPPN, SuttaCentral sc-data edition	0.85
Dhammadinna	Q11774717	Dhammadinnā, bhikkhunī	girl	Dhammadinnā	Dhammadinnā	Pali	Buddhist	Theravada	Pali Canon	Majjhima Nikaya	MN 44:1.3	https://suttacentral.net/mn44	24	disciple	personal	attested	Pali form of Sanskrit Dharmadinnā	SuttaCentral bilara-data Mahāsaṅgīti Pāli (CC0); names from DPPN, SuttaCentral sc-data edition; Wikidata (CC0)	0.95
Dhammapala	slug:buddhist:dhammapaala	Dhammapāla, a monk whose Theragāthā verses praise the young monk who by virtue of…	boy	Dhammapāla	Dhammapāla	Pali	Buddhist	Theravada	Pali Canon	Theragatha	Thag 2.42:2.5	https://suttacentral.net/thag2.42	12	disciple	personal	attested		SuttaCentral bilara-data Mahāsaṅgīti Pāli (CC0); names from DPPN, SuttaCentral sc-data edition	0.95
Dhammasava	slug:buddhist:dhammasava	Dhammasava, a monk whose Theragāthā verse speaks of going forth and attaining the…	boy	Dhammasava	Dhammasava	Pali	Buddhist	Theravada	Pali Canon	Theragatha	Thag 1.107:1.5	https://suttacentral.net/thag1.107	2	disciple	personal	attested		SuttaCentral bilara-data Mahāsaṅgīti Pāli (CC0); names from DPPN, SuttaCentral sc-data edition	0.95
Dhamma	slug:buddhist:dhammaa	Dhammā, a bhikkhunī whose Therīgāthā verse tells of how one day, while…	girl	Dhammā	Dhammā	Pali	Buddhist	Theravada	Pali Canon	Therigatha	Thig 1.17:2.1	https://suttacentral.net/thig1.17		disciple	personal	attested		SuttaCentral bilara-data Mahāsaṅgīti Pāli (CC0); names from DPPN, SuttaCentral sc-data edition	0.85
Dhammika	slug:buddhist:dhammika	Dhammika, a monk whose Theragāthā verses speak of the good state that awaits…	boy	Dhammika	Dhammika	Pali	Buddhist	Theravada	Pali Canon	Anguttara Nikaya	AN 6.54:1.2	https://suttacentral.net/an6.54		disciple	personal	attested		SuttaCentral bilara-data Mahāsaṅgīti Pāli (CC0); names from DPPN, SuttaCentral sc-data edition	0.85
Dharani	slug:buddhist:dharanii	Dharaṇī, lake		Dharaṇī	Dharaṇī	Pali	Buddhist	Theravada	Pali Canon	Digha Nikaya	DN 32:7.48	https://suttacentral.net/dn32		place	word	attested		SuttaCentral bilara-data Mahāsaṅgīti Pāli (CC0); names from DPPN, SuttaCentral sc-data edition	0.85
Vatajalikayam	slug:buddhist:vatajaalikaayam	Vaṭajālikāyaṁ, monastery		Vaṭajālikāyaṁ	Vaṭajālikāyaṁ	Pali	Buddhist	Theravada	Pali Canon	Anguttara Nikaya	AN 8.8:1.1	https://suttacentral.net/an8.8	5	place	word	attested		SuttaCentral bilara-data Mahāsaṅgīti Pāli (CC0); names from DPPN, SuttaCentral sc-data edition	0.95
Dhira	slug:buddhist:dhiiraa-1	Dhīrā, a bhikkhunī whose Therīgāthā verse speaks of the wise one who attains… (DPPN Dhīrā 1)	girl	Dhīrā	Dhīrā	Pali	Buddhist	Theravada	Pali Canon	Therigatha	Thig 1.6:1.1	https://suttacentral.net/thig1.6		disciple	personal	attested		SuttaCentral bilara-data Mahāsaṅgīti Pāli (CC0); names from DPPN, SuttaCentral sc-data edition	0.85
Vira	slug:buddhist:dhiiraa-2	Dhīrā, a bhikkhunī whose Therīgāthā verse speaks of how the heroic one… (DPPN Dhīrā 2)	girl	Vīrā	Vīrā	Pali	Buddhist	Theravada	Pali Canon	Therigatha	Thig 1.7:1.1	https://suttacentral.net/thig1.7		disciple	epithet	attested	epithet of Dhīrā	SuttaCentral bilara-data Mahāsaṅgīti Pāli (CC0); names from DPPN, SuttaCentral sc-data edition	0.85
Dhotaka	slug:buddhist:dhotaka	Dhotaka, one of Bāvarī’s disciples; he was among those who visited the Buddha…	boy	Dhotaka	Dhotaka	Pali	Buddhist	Theravada	Pali Canon	Sutta Nipata	Snp 5.1:32.1	https://suttacentral.net/snp5.1	24	disciple	personal	attested		SuttaCentral bilara-data Mahāsaṅgīti Pāli (CC0); names from DPPN, SuttaCentral sc-data edition	0.95
Nakulamata	slug:buddhist:nakulamaataa	Nakulamātā, Wife of Nakulapitā	girl	Nakulamātā	Nakulamātā	Pali	Buddhist	Theravada	Pali Canon	Anguttara Nikaya	AN 1.266:1.1	https://suttacentral.net/an1.258-267	20	human	personal	attested		SuttaCentral bilara-data Mahāsaṅgīti Pāli (CC0); names from DPPN, SuttaCentral sc-data edition	0.95
Nakulapita	slug:buddhist:nakulapitaa	Nakulapitā, Husband of Nakulamātā	boy	Nakulapitā	Nakulapitā	Pali	Buddhist	Theravada	Pali Canon	Samyutta Nikaya	SN 22.1:1.3	https://suttacentral.net/sn22.1	21	human	personal	attested		SuttaCentral bilara-data Mahāsaṅgīti Pāli (CC0); names from DPPN, SuttaCentral sc-data edition	0.95
Nagaraka	slug:buddhist:nagaraka	Nagaraka, town		Nagaraka	Nagaraka	Pali	Buddhist	Theravada	Pali Canon	Majjhima Nikaya	MN 89:2.1	https://suttacentral.net/mn89	7	place	word	attested		SuttaCentral bilara-data Mahāsaṅgīti Pāli (CC0); names from DPPN, SuttaCentral sc-data edition	0.95
Nagaravinda	slug:buddhist:nagaravinda	Nagaravinda, town		Nagaravinda	Nagaravinda	Pali	Buddhist	Theravada	Pali Canon	Majjhima Nikaya	MN 150:1.2	https://suttacentral.net/mn150	2	place	word	attested		SuttaCentral bilara-data Mahāsaṅgīti Pāli (CC0); names from DPPN, SuttaCentral sc-data edition	0.85
Nadikassapa	slug:buddhist:nadiikassapa	Nadīkassapa, Brother of Uruvelā Kassapa	boy	Nadīkassapa	Nadīkassapa	Pali	Buddhist	Theravada	Pali Canon	Theragatha	Thag 5.6:5.5	https://suttacentral.net/thag5.6	6	human	personal	attested		SuttaCentral bilara-data Mahāsaṅgīti Pāli (CC0); names from DPPN, SuttaCentral sc-data edition	0.95
Nanda	slug:buddhist:nanda-1	Nanda, Mentioned in a list of well known leaders of the Ajivakas, the others… (DPPN Nanda 1)	boy	Nanda	Nanda	Pali	Buddhist	Theravada	Pali Canon	Majjhima Nikaya	MN 36:5.3	https://suttacentral.net/mn36		human	personal	attested		SuttaCentral bilara-data Mahāsaṅgīti Pāli (CC0); names from DPPN, SuttaCentral sc-data edition	0.85
Vaccha	slug:buddhist:nanda-1	Nanda, Mentioned in a list of well known leaders of the Ajivakas, the others… (DPPN Nanda 1)	boy	Vaccha	Vaccha	Pali	Buddhist	Theravada	Pali Canon	Majjhima Nikaya	MN 36:5.3	https://suttacentral.net/mn36		human	epithet	attested	epithet of Nanda	SuttaCentral bilara-data Mahāsaṅgīti Pāli (CC0); names from DPPN, SuttaCentral sc-data edition	0.85
Nanda	Q3610453	Nanda, the Buddha's half-brother	boy	Nanda	Nanda	Pali	Buddhist	Theravada	Pali Canon	Samyutta Nikaya	SN 21.8:1.2	https://suttacentral.net/sn21.8		disciple	personal	attested	Pali form of Sanskrit Nanda	SuttaCentral bilara-data Mahāsaṅgīti Pāli (CC0); names from DPPN, SuttaCentral sc-data edition; Wikidata (CC0)	0.85
Nanda	slug:buddhist:nanda-3	Nanda, one of the chief disciples of Bāvarī (DPPN Nanda 3)	boy	Nanda	Nanda	Pali	Buddhist	Theravada	Pali Canon	Sutta Nipata	Snp 5.1:32.2	https://suttacentral.net/snp5.1		disciple	personal	attested		SuttaCentral bilara-data Mahāsaṅgīti Pāli (CC0); names from DPPN, SuttaCentral sc-data edition	0.85
Nanda	slug:buddhist:nanda-4	Nanda, He was a cowherd of Kosambi (DPPN Nanda 4)	boy	Nanda	Nanda	Pali	Buddhist	Theravada	Pali Canon	Samyutta Nikaya	SN 35.241:7.1	https://suttacentral.net/sn35.241		human	personal	attested		SuttaCentral bilara-data Mahāsaṅgīti Pāli (CC0); names from DPPN, SuttaCentral sc-data edition	0.85
Nanda Gopalaka	slug:buddhist:nanda-4	Nanda, He was a cowherd of Kosambi (DPPN Nanda 4)	boy	Nanda Gopālaka	Nanda Gopālaka	Pali	Buddhist	Theravada	Pali Canon	Samyutta Nikaya	SN 35.241:7.1	https://suttacentral.net/sn35.241	4	human	epithet	attested	epithet of Nanda	SuttaCentral bilara-data Mahāsaṅgīti Pāli (CC0); names from DPPN, SuttaCentral sc-data edition	0.95
Kumaputta	slug:buddhist:nanda-6	Nanda, a monk whose Theragāthā verse extolls the virtues of the homeless life (DPPN Nanda 6)	boy	Kumāputta	Kumāputta	Pali	Buddhist	Theravada	Pali Canon	Theragatha	Thag 1.36:1.5	https://suttacentral.net/thag1.36	2	disciple	epithet	attested	epithet of Nanda	SuttaCentral bilara-data Mahāsaṅgīti Pāli (CC0); names from DPPN, SuttaCentral sc-data edition	0.95
Nanda	slug:buddhist:nanda-7	Nanda, the Isigili Sutta mentions four Pacceka Buddhas of this name (DPPN Nanda 7)	boy	Nanda	Nanda	Pali	Buddhist	Theravada	Pali Canon	Majjhima Nikaya	MN 116:6.23	https://suttacentral.net/mn116		sage	personal	attested		SuttaCentral bilara-data Mahāsaṅgīti Pāli (CC0); names from DPPN, SuttaCentral sc-data edition	0.85
Nandaka	slug:buddhist:nandaka-1	Nandaka, once, at the Buddha’s request, he preached a sermon to the nuns; on… (DPPN Nandaka 1)	boy	Nandaka	Nandaka	Pali	Buddhist	Theravada	Pali Canon	Anguttara Nikaya	AN 1.229:1.1	https://suttacentral.net/an1.219-234		disciple	personal	attested		SuttaCentral bilara-data Mahāsaṅgīti Pāli (CC0); names from DPPN, SuttaCentral sc-data edition	0.85
Nandaka	slug:buddhist:nandaka-2	Nandaka, a monk whose Theragāthā verses speak of how a horse might stumble but… (DPPN Nandaka 2)	boy	Nandaka	Nandaka	Pali	Buddhist	Theravada	Pali Canon	Theragatha	Thag 2.27:2.5	https://suttacentral.net/thag2.27		disciple	personal	attested		SuttaCentral bilara-data Mahāsaṅgīti Pāli (CC0); names from DPPN, SuttaCentral sc-data edition	0.85
Nandana	slug:buddhist:nandana-2	Nandana, the chief of the parks in Tāvatiṁsā, where the inhabitants of… (DPPN Nandana 2)	boy	Nandana	Nandana	Pali	Buddhist	Theravada	Pali Canon	Samyutta Nikaya	SN 55.1:1.3	https://suttacentral.net/sn55.1		human	personal	attested		SuttaCentral bilara-data Mahāsaṅgīti Pāli (CC0); names from DPPN, SuttaCentral sc-data edition	0.85
Nandana Vana	slug:buddhist:nandana-2	Nandana, the chief of the parks in Tāvatiṁsā, where the inhabitants of… (DPPN Nandana 2)	boy	Nandana Vana	Nandana Vana	Pali	Buddhist	Theravada	Pali Canon	Majjhima Nikaya	MN 75:11.5	https://suttacentral.net/mn75	15	human	epithet	attested	epithet of Nandana	SuttaCentral bilara-data Mahāsaṅgīti Pāli (CC0); names from DPPN, SuttaCentral sc-data edition	0.95
Nandavati	slug:buddhist:nandavatii	Nandavatī, a nun, sister of Thullanandā	girl	Nandavatī	Nandavatī	Pali	Buddhist	Theravada	Pali Canon	Vinaya Pitaka	Bi Pc 1:1.27	https://suttacentral.net/pli-tv-bi-vb-pc1	2	disciple	personal	attested		SuttaCentral bilara-data Mahāsaṅgīti Pāli (CC0); names from DPPN, SuttaCentral sc-data edition	0.95
Nanda	slug:buddhist:nandaa-1	Nandā, a nun, sister of Thullanandā (DPPN Nandā 1)	girl	Nandā	Nandā	Pali	Buddhist	Theravada	Pali Canon	Vinaya Pitaka	Bi Pc 1:1.27	https://suttacentral.net/pli-tv-bi-vb-pc1		disciple	personal	attested		SuttaCentral bilara-data Mahāsaṅgīti Pāli (CC0); names from DPPN, SuttaCentral sc-data edition	0.85
Nanda	slug:buddhist:nandaa-2	Nandā, Declared by the Buddha to be foremost among nuns in jhāna (DPPN Nandā 2)	girl	Nandā	Nandā	Pali	Buddhist	Theravada	Pali Canon	Anguttara Nikaya	AN 1.240:1.1	https://suttacentral.net/an1.235-247		disciple	personal	attested		SuttaCentral bilara-data Mahāsaṅgīti Pāli (CC0); names from DPPN, SuttaCentral sc-data edition	0.85
Nanda	slug:buddhist:nandaa-3	Nandā, a nun mentioned as having died at Nātika and having been reborn… (DPPN Nandā 3)	girl	Nandā	Nandā	Pali	Buddhist	Theravada	Pali Canon	Digha Nikaya	DN 16:2.6.3	https://suttacentral.net/dn16		disciple	personal	attested		SuttaCentral bilara-data Mahāsaṅgīti Pāli (CC0); names from DPPN, SuttaCentral sc-data edition	0.85
Nandiya	slug:buddhist:nandiya-1	Nandiya, He belonged to a Sākiyan family of Kapilavatthu, and was called… (DPPN Nandiya 1)	boy	Nandiya	Nandiya	Pali	Buddhist	Theravada	Pali Canon	Majjhima Nikaya	MN 128:8.1	https://suttacentral.net/mn128		human	personal	attested		SuttaCentral bilara-data Mahāsaṅgīti Pāli (CC0); names from DPPN, SuttaCentral sc-data edition	0.85
Nandivisala	slug:buddhist:nandivisaala	Nandivisāla, a deva who visits the Buddha and converses with him on the nature of…	boy	Nandivisāla	Nandivisāla	Pali	Buddhist	Theravada	Pali Canon	Samyutta Nikaya	SN 2.28:1.1	https://suttacentral.net/sn2.28	9	deity	divine	attested		SuttaCentral bilara-data Mahāsaṅgīti Pāli (CC0); names from DPPN, SuttaCentral sc-data edition	0.85
Nanduttara	slug:buddhist:nanduttaraa	Nanduttarā, a bhikkhunī whose Therīgāthā verses speak of her former useless…	girl	Nanduttarā	Nanduttarā	Pali	Buddhist	Theravada	Pali Canon	Therigatha	Thig 5.5:6.1	https://suttacentral.net/thig5.5	1	disciple	personal	attested		SuttaCentral bilara-data Mahāsaṅgīti Pāli (CC0); names from DPPN, SuttaCentral sc-data edition	0.95
Nala	slug:buddhist:nala	Naḷa, a Gandhabba chieftain to be invoked by followers of the Buddha in…	boy	Naḷa	Naḷa	Pali	Buddhist	Theravada	Pali Canon	Digha Nikaya	DN 32:10.9	https://suttacentral.net/dn32		mythological_being	personal	attested		SuttaCentral bilara-data Mahāsaṅgīti Pāli (CC0); names from DPPN, SuttaCentral sc-data edition	0.85
Nalakapana	slug:buddhist:nalakapaana	Naḷakapāna, town		Naḷakapāna	Naḷakapāna	Pali	Buddhist	Theravada	Pali Canon	Majjhima Nikaya	MN 68:1.2	https://suttacentral.net/mn68	5	place	word	attested		SuttaCentral bilara-data Mahāsaṅgīti Pāli (CC0); names from DPPN, SuttaCentral sc-data edition	0.95
Navanavutiyo	slug:buddhist:navanavutiyo	Navanavutiyo, town		Navanavutiyo	Navanavutiyo	Pali	Buddhist	Theravada	Pali Canon	Digha Nikaya	DN 32:7.38	https://suttacentral.net/dn32	2	place	word	attested		SuttaCentral bilara-data Mahāsaṅgīti Pāli (CC0); names from DPPN, SuttaCentral sc-data edition	0.95
Nagadatta	slug:buddhist:naagadatta	Nāgadatta, place		Nāgadatta	Nāgadatta	Pali	Buddhist	Theravada	Pali Canon	Samyutta Nikaya	SN 9.7:1.1	https://suttacentral.net/sn9.7	9	place	word	attested		SuttaCentral bilara-data Mahāsaṅgīti Pāli (CC0); names from DPPN, SuttaCentral sc-data edition	0.85
Nagavana	slug:buddhist:naagavana	Nāgavana, park		Nāgavana	Nāgavana	Pali	Buddhist	Theravada	Pali Canon	Anguttara Nikaya	AN 8.22:3.7	https://suttacentral.net/an8.22		place	word	attested		SuttaCentral bilara-data Mahāsaṅgīti Pāli (CC0); names from DPPN, SuttaCentral sc-data edition	0.85
Nagasamala	slug:buddhist:naagasamaala	Nāgasamāla, He was a Sākiyan and entered the Order when the Buddha visited his…	boy	Nāgasamāla	Nāgasamāla	Pali	Buddhist	Theravada	Pali Canon	Majjhima Nikaya	MN 12:64.1	https://suttacentral.net/mn12	21	human	personal	attested		SuttaCentral bilara-data Mahāsaṅgīti Pāli (CC0); names from DPPN, SuttaCentral sc-data edition	0.95
Naga	slug:buddhist:naaga	Nāga, a class of beings classed with Garuḷas and Supaṇṇas and playing a…		Nāga	Nāga	Pali	Buddhist	Theravada	Pali Canon	Digha Nikaya	DN 20:11.1	https://suttacentral.net/dn20		mythological_being	word	attested		SuttaCentral bilara-data Mahāsaṅgīti Pāli (CC0); names from DPPN, SuttaCentral sc-data edition	0.85
Nagita	slug:buddhist:naagita-1	Nāgita, a monk whose Theragāthā verse speaks of the unique efficacy of… (DPPN Nāgita 1)	boy	Nāgita	Nāgita	Pali	Buddhist	Theravada	Pali Canon	Theragatha	Thag 1.86:1.5	https://suttacentral.net/thag1.86		disciple	personal	attested		SuttaCentral bilara-data Mahāsaṅgīti Pāli (CC0); names from DPPN, SuttaCentral sc-data edition	0.85
Nagita	slug:buddhist:naagita-2	Nāgita, For some time the personal attendant of the Buddha (DPPN Nāgita 2)	boy	Nāgita	Nāgita	Pali	Buddhist	Theravada	Pali Canon	Digha Nikaya	DN 6:2.2	https://suttacentral.net/dn6		human	personal	attested		SuttaCentral bilara-data Mahāsaṅgīti Pāli (CC0); names from DPPN, SuttaCentral sc-data edition	0.85
Natasuriya	slug:buddhist:naatasuriyaa	Nāṭasuriyā, town		Nāṭasuriyā	Nāṭasuriyā	Pali	Buddhist	Theravada	Pali Canon	Digha Nikaya	DN 32:7.35	https://suttacentral.net/dn32	2	place	word	attested		SuttaCentral bilara-data Mahāsaṅgīti Pāli (CC0); names from DPPN, SuttaCentral sc-data edition	0.95
Narada	slug:buddhist:naarada	Nārada, a monk, mentioned once as staying at the Ghositārāma in Kosambī, with…	boy	Nārada	Nārada	Pali	Buddhist	Theravada	Pali Canon	Samyutta Nikaya	SN 12.68:1.1	https://suttacentral.net/sn12.68	93	disciple	personal	attested		SuttaCentral bilara-data Mahāsaṅgīti Pāli (CC0); names from DPPN, SuttaCentral sc-data edition	0.85
Nalagiri	slug:buddhist:naalaagiri	Nālāgiri, an elephant of the royal stalls at Rājagaha	boy	Nāḷāgiri	Nāḷāgiri	Pali	Buddhist	Theravada	Pali Canon	Apadana	Tha Ap 392:20.2	https://suttacentral.net/tha-ap392	17	human	epithet	attested	epithet of Nālāgiri	SuttaCentral bilara-data Mahāsaṅgīti Pāli (CC0); names from DPPN, SuttaCentral sc-data edition	0.95
Nalanda	slug:buddhist:naalandaa	Nāḷandā, town		Nāḷandā	Nāḷandā	Pali	Buddhist	Theravada	Pali Canon	Digha Nikaya	DN 1:1.1.2	https://suttacentral.net/dn1	45	place	word	attested		SuttaCentral bilara-data Mahāsaṅgīti Pāli (CC0); names from DPPN, SuttaCentral sc-data edition	0.95
Nalijangha	slug:buddhist:naalijangha	Nāḷijaṅgha, a brahmin, whom Mallikā sent to the Buddha to find out if it were…		Nāḷijaṅgha	Nāḷijaṅgha	Pali	Buddhist	Theravada	Pali Canon	Majjhima Nikaya	MN 87:6.1	https://suttacentral.net/mn87	4	human	personal	attested		SuttaCentral bilara-data Mahāsaṅgīti Pāli (CC0); names from DPPN, SuttaCentral sc-data edition	0.95
Navindaki	slug:buddhist:naavindakii	Nāvindakī, one of King Eḷeyya’s guards	boy	Nāvindakī	Nāvindakī	Pali	Buddhist	Theravada	Pali Canon	Anguttara Nikaya	AN 4.187:4.4	https://suttacentral.net/an4.187	3	royal	personal	attested		SuttaCentral bilara-data Mahāsaṅgīti Pāli (CC0); names from DPPN, SuttaCentral sc-data edition	0.95
Nigantha Nataputta	Q9422	Nigaṇṭha Nāṭaputta (Mahāvīra)	boy	Nigaṇṭha Nāṭaputta	Nigaṇṭha Nāṭaputta	Pali	Buddhist	Theravada	Pali Canon	Digha Nikaya	DN 2:7.2	https://suttacentral.net/dn2	122	human	personal	attested	Pali form of Sanskrit Nirgrantha Jñātiputra	SuttaCentral bilara-data Mahāsaṅgīti Pāli (CC0); names from DPPN, SuttaCentral sc-data edition; Wikidata (CC0)	0.95
Nataputta	Q9422	Nigaṇṭha Nāṭaputta (Mahāvīra)	boy	Nāṭaputta	Nāṭaputta	Pali	Buddhist	Theravada	Pali Canon	Digha Nikaya	DN 2:7.2	https://suttacentral.net/dn2		human	epithet	attested	epithet of Nigaṇṭha Nāṭaputta; Pali form of Sanskrit Nirgrantha Jñātiputra	SuttaCentral bilara-data Mahāsaṅgīti Pāli (CC0); names from DPPN, SuttaCentral sc-data edition; Wikidata (CC0)	0.85
Nigrodha	slug:buddhist:nigrodha-1	Nigrodha, a wanderer (DPPN Nigrodha 1)	boy	Nigrodha	Nigrodha	Pali	Buddhist	Theravada	Pali Canon	Digha Nikaya	DN 8:23.2	https://suttacentral.net/dn8		human	personal	attested		SuttaCentral bilara-data Mahāsaṅgīti Pāli (CC0); names from DPPN, SuttaCentral sc-data edition	0.85
Nigrodha	slug:buddhist:nigrodha-2	Nigrodha, a monk whose Theragāthā verse speaks of overcoming fear (DPPN Nigrodha 2)	boy	Nigrodha	Nigrodha	Pali	Buddhist	Theravada	Pali Canon	Theragatha	Thag 1.21:1.5	https://suttacentral.net/thag1.21		disciple	personal	attested		SuttaCentral bilara-data Mahāsaṅgīti Pāli (CC0); names from DPPN, SuttaCentral sc-data edition	0.85
Nigrodhakappa	slug:buddhist:nigrodhakappa	Nigrodhakappa, He was the preceptor ( upajjhāya ) of Vaṅgīsa, and together they…	boy	Nigrodhakappa	Nigrodhakappa	Pali	Buddhist	Theravada	Pali Canon	Samyutta Nikaya	SN 8.1:1.2	https://suttacentral.net/sn8.1	8	human	personal	attested		SuttaCentral bilara-data Mahāsaṅgīti Pāli (CC0); names from DPPN, SuttaCentral sc-data edition	0.95
Kappa	slug:buddhist:nigrodhakappa	Nigrodhakappa, He was the preceptor ( upajjhāya ) of Vaṅgīsa, and together they…	boy	Kappa	Kappa	Pali	Buddhist	Theravada	Pali Canon	Sutta Nipata	Snp 2.12:8.4	https://suttacentral.net/snp2.12		human	epithet	attested	epithet of Nigrodhakappa	SuttaCentral bilara-data Mahāsaṅgīti Pāli (CC0); names from DPPN, SuttaCentral sc-data edition	0.85
Nigrodharama	slug:buddhist:nigrodhaaraama-1	Nigrodhārāma, monastery (DPPN Nigrodhārāma 1)		Nigrodhārāma	Nigrodhārāma	Pali	Buddhist	Theravada	Pali Canon	Majjhima Nikaya	MN 134:1.3	https://suttacentral.net/mn134		place	word	attested		SuttaCentral bilara-data Mahāsaṅgīti Pāli (CC0); names from DPPN, SuttaCentral sc-data edition	0.85
Nighandu	slug:buddhist:nighandu	Nighaṇḍu, a yakkha chieftain, to be invoked by followers of the Buddha when in…	boy	Nighaṇḍu	Nighaṇḍu	Pali	Buddhist	Theravada	Pali Canon	Digha Nikaya	DN 20:10.6	https://suttacentral.net/dn20		mythological_being	personal	attested		SuttaCentral bilara-data Mahāsaṅgīti Pāli (CC0); names from DPPN, SuttaCentral sc-data edition	0.85
Nika	slug:buddhist:ninka	Niṅka, a deva who visits the Buddha in the company of several other devas…		Nika	Nika	Pali	Buddhist	Theravada	Pali Canon	Digha Nikaya	DN 1:0.1	https://suttacentral.net/dn1	3413	deity	divine	attested	epithet of Niṅka	SuttaCentral bilara-data Mahāsaṅgīti Pāli (CC0); names from DPPN, SuttaCentral sc-data edition	0.95
Nimmanarati	slug:buddhist:nimmaanaratii	Nimmānaratī, a class of devas, inhabiting the fifth of the six deva-worlds		Nimmānaratī	Nimmānaratī	Pali	Buddhist	Theravada	Pali Canon	Majjhima Nikaya	MN 41:18-42.10	https://suttacentral.net/mn41		mythological_being	word	attested		SuttaCentral bilara-data Mahāsaṅgīti Pāli (CC0); names from DPPN, SuttaCentral sc-data edition	0.85
Nirabbuda	slug:buddhist:nirabbuda	Nirabbuda, hell		Nirabbuda	Nirabbuda	Pali	Buddhist	Theravada	Pali Canon	Sutta Nipata	Snp 3.10:8.3	https://suttacentral.net/snp3.10		place	word	attested		SuttaCentral bilara-data Mahāsaṅgīti Pāli (CC0); names from DPPN, SuttaCentral sc-data edition	0.85
Niraya	slug:buddhist:niraya	Niraya, hell		Niraya	Niraya	Pali	Buddhist	Theravada	Pali Canon	Majjhima Nikaya	MN 130:2.2	https://suttacentral.net/mn130		place	word	attested		SuttaCentral bilara-data Mahāsaṅgīti Pāli (CC0); names from DPPN, SuttaCentral sc-data edition	0.85
Nilavasi	slug:buddhist:nilavaasi	Nilavāsi, a Thera mentioned as staying at the Kukkuṭārāma in Pāṭaliputta	boy	Nilavāsi	Nilavāsi	Pali	Buddhist	Theravada	Pali Canon	Vinaya Pitaka	Kd 8:24.6.6	https://suttacentral.net/pli-tv-kd8	1	disciple	personal	attested		SuttaCentral bilara-data Mahāsaṅgīti Pāli (CC0); names from DPPN, SuttaCentral sc-data edition	0.95
Nisabha	slug:buddhist:nisabha	Nisabha, a monk whose Theragāthā verses speak of giving up desire and…	boy	Nisabha	Nisabha	Pali	Buddhist	Theravada	Pali Canon	Theragatha	Thag 2.38:2.5	https://suttacentral.net/thag2.38		disciple	personal	attested		SuttaCentral bilara-data Mahāsaṅgīti Pāli (CC0); names from DPPN, SuttaCentral sc-data edition	0.85
Nita	slug:buddhist:niita	Nīta, a monk whose Theragāthā verse asks when the lazy fool will ever…	boy	Nīta	Nīta	Pali	Buddhist	Theravada	Pali Canon	Theragatha	Thag 1.84:1.5	https://suttacentral.net/thag1.84		disciple	personal	attested		SuttaCentral bilara-data Mahāsaṅgīti Pāli (CC0); names from DPPN, SuttaCentral sc-data edition	0.85
Netti	slug:buddhist:netti	Netti, a Yakkha chieftain	boy	Netti	Netti	Pali	Buddhist	Theravada	Pali Canon	Digha Nikaya	DN 32:10.15	https://suttacentral.net/dn32		mythological_being	personal	attested		SuttaCentral bilara-data Mahāsaṅgīti Pāli (CC0); names from DPPN, SuttaCentral sc-data edition	0.85
Nemi	slug:buddhist:nemi-1	Nemi, a servitor of Kuvera (DPPN Nemi 1)		Nemi	Nemi	Pali	Buddhist	Theravada	Pali Canon	Digha Nikaya	DN 32:7.47	https://suttacentral.net/dn32		human	personal	attested		SuttaCentral bilara-data Mahāsaṅgīti Pāli (CC0); names from DPPN, SuttaCentral sc-data edition	0.85
Neranjaraya	slug:buddhist:neranjaraaya	Nerañjarāya, river		Nerañjarāya	Nerañjarāya	Pali	Buddhist	Theravada	Pali Canon	Digha Nikaya	DN 16:3.34.1	https://suttacentral.net/dn16	27	place	word	attested		SuttaCentral bilara-data Mahāsaṅgīti Pāli (CC0); names from DPPN, SuttaCentral sc-data edition	0.95
Neranjara	slug:buddhist:neranjaraaya	Nerañjarāya, river		Nerañjara	Nerañjara	Pali	Buddhist	Theravada	Pali Canon	Digha Nikaya	DN 16:3.34.1	https://suttacentral.net/dn16	31	place	word	attested	another name of Nerañjarāya	SuttaCentral bilara-data Mahāsaṅgīti Pāli (CC0); names from DPPN, SuttaCentral sc-data edition	0.95
Pakudha	Q6135087	Pakudha Kaccāyana, teacher	boy	Pakudha	Pakudha	Pali	Buddhist	Theravada	Pali Canon	Digha Nikaya	DN 2:5.2	https://suttacentral.net/dn2	20	human	personal	attested	Pali form of Sanskrit Kakuda Kātyāyana	SuttaCentral bilara-data Mahāsaṅgīti Pāli (CC0); names from DPPN, SuttaCentral sc-data edition; Wikidata (CC0)	0.95
Pakudha Kaccayana	Q6135087	Pakudha Kaccāyana, teacher	boy	Pakudha Kaccāyana	Pakudha Kaccāyana	Pali	Buddhist	Theravada	Pali Canon	Digha Nikaya	DN 2:5.2	https://suttacentral.net/dn2	18	human	epithet	attested	epithet of Pakudha; Pali form of Sanskrit Kakuda Kātyāyana	SuttaCentral bilara-data Mahāsaṅgīti Pāli (CC0); names from DPPN, SuttaCentral sc-data edition; Wikidata (CC0)	0.95
Pakkha	slug:buddhist:pakkha	Pakkha, a monk whose Theragāthā verse speaks of attaining happiness	boy	Pakkha	Pakkha	Pali	Buddhist	Theravada	Pali Canon	Theragatha	Thag 1.63:1.5	https://suttacentral.net/thag1.63		disciple	personal	attested		SuttaCentral bilara-data Mahāsaṅgīti Pāli (CC0); names from DPPN, SuttaCentral sc-data edition	0.85
Panga	slug:buddhist:panga	Paṅga, the name of a Pacceka Buddha, found in a nominal list		Paṅga	Paṅga	Pali	Buddhist	Theravada	Pali Canon	Majjhima Nikaya	MN 116:6.10	https://suttacentral.net/mn116	1	sage	personal	attested		SuttaCentral bilara-data Mahāsaṅgīti Pāli (CC0); names from DPPN, SuttaCentral sc-data edition	0.95
Paccaya	slug:buddhist:paccaya	Paccaya, a monk whose Theragāthā verses speak of his energetic resolve after…	boy	Paccaya	Paccaya	Pali	Buddhist	Theravada	Pali Canon	Theragatha	Thag 3.2:3.5	https://suttacentral.net/thag3.2		disciple	personal	attested		SuttaCentral bilara-data Mahāsaṅgīti Pāli (CC0); names from DPPN, SuttaCentral sc-data edition	0.85
Paccekabuddha	slug:buddhist:paccekabuddha	Paccekabuddha, the name given to one who is enlightened without establishing a…		Paccekabuddha	Paccekabuddha	Pali	Buddhist	Theravada	Pali Canon	Majjhima Nikaya	MN 116:3.7	https://suttacentral.net/mn116		title	word	attested		SuttaCentral bilara-data Mahāsaṅgīti Pāli (CC0); names from DPPN, SuttaCentral sc-data edition	0.85
Pacchabhuma	slug:buddhist:pacchaabhumma	Pacchābhumma, the name given to the district to the west of the Middle Country		Pacchābhūma	Pacchābhūma	Pali	Buddhist	Theravada	Pali Canon	Samyutta Nikaya	SN 22.2:1.4	https://suttacentral.net/sn22.2		title	word	attested	another name of Pacchābhumma	SuttaCentral bilara-data Mahāsaṅgīti Pāli (CC0); names from DPPN, SuttaCentral sc-data edition	0.85
Pajapati	slug:buddhist:pajaapati	Pajāpati, one of the kings of the devas, mentioned with Sakka, Varuṇa, Isāna,…	boy	Pajāpati	Pajāpati	Pali	Buddhist	Theravada	Pali Canon	Digha Nikaya	DN 32:10.3	https://suttacentral.net/dn32		deity	divine	attested		SuttaCentral bilara-data Mahāsaṅgīti Pāli (CC0); names from DPPN, SuttaCentral sc-data edition	0.85
Pajjunna	slug:buddhist:pajjunna	Pajjunna, a devarāja, the god of rain	boy	Pajjunna	Pajjunna	Pali	Buddhist	Theravada	Pali Canon	Digha Nikaya	DN 20:17.7	https://suttacentral.net/dn20		deity	divine	attested		SuttaCentral bilara-data Mahāsaṅgīti Pāli (CC0); names from DPPN, SuttaCentral sc-data edition	0.85
Pancakanga	slug:buddhist:pancakanga	Pañcakaṅga, the carpenter of Pasenadi, king of Kosala	boy	Pañcakaṅga	Pañcakaṅga	Pali	Buddhist	Theravada	Pali Canon	Majjhima Nikaya	MN 59:1.3	https://suttacentral.net/mn59	53	royal	personal	attested		SuttaCentral bilara-data Mahāsaṅgīti Pāli (CC0); names from DPPN, SuttaCentral sc-data edition	0.95
Panca Mahanadi	slug:buddhist:pancanadii	Pañcanadī, river		Pañca Mahānadī	Pañca Mahānadī	Pali	Buddhist	Theravada	Pali Canon	Milindapanha	Mil 3.5.2:1.5	https://suttacentral.net/mil3.5.2	1	place	word	attested	another name of Pañcanadī	SuttaCentral bilara-data Mahāsaṅgīti Pāli (CC0); names from DPPN, SuttaCentral sc-data edition	0.85
Pancasala	slug:buddhist:pancasaala	Pañcasāla, town		Pañcasāla	Pañcasāla	Pali	Buddhist	Theravada	Pali Canon	Samyutta Nikaya	SN 4.18:1.3	https://suttacentral.net/sn4.18	6	place	word	attested		SuttaCentral bilara-data Mahāsaṅgīti Pāli (CC0); names from DPPN, SuttaCentral sc-data edition	0.85
Pancala	slug:buddhist:pancaala	Pañcāla, janapada		Pañcāla	Pañcāla	Pali	Buddhist	Theravada	Pali Canon	Anguttara Nikaya	AN 3.70:28.3	https://suttacentral.net/an3.70		place	word	attested		SuttaCentral bilara-data Mahāsaṅgīti Pāli (CC0); names from DPPN, SuttaCentral sc-data edition	0.85
Pancalarattha	slug:buddhist:pancaala	Pañcāla, janapada		Pañcālaraṭṭha	Pañcālaraṭṭha	Pali	Buddhist	Theravada	Pali Canon	Cariyapitaka	Cp 19:1.1	https://suttacentral.net/cp19	1	place	word	attested	another name of Pañcāla	SuttaCentral bilara-data Mahāsaṅgīti Pāli (CC0); names from DPPN, SuttaCentral sc-data edition	0.85
Pancala	slug:buddhist:pancaala	Pañcāla, janapada		Pañcālā	Pañcālā	Pali	Buddhist	Theravada	Pali Canon	Anguttara Nikaya	AN 3.70:28.3	https://suttacentral.net/an3.70		place	word	attested	another name of Pañcāla	SuttaCentral bilara-data Mahāsaṅgīti Pāli (CC0); names from DPPN, SuttaCentral sc-data edition	0.85
Pancalacanda	slug:buddhist:pancaalacanda	Pañcālacaṇḍa, a devaputta who visited the Buddha at Jetavana and uttered a verse to…	boy	Pañcālacaṇḍa	Pañcālacaṇḍa	Pali	Buddhist	Theravada	Pali Canon	Digha Nikaya	DN 32:10.16	https://suttacentral.net/dn32	6	deity	divine	attested		SuttaCentral bilara-data Mahāsaṅgīti Pāli (CC0); names from DPPN, SuttaCentral sc-data edition	0.95
Patacara	Q7144138	Paṭācārā, bhikkhunī	girl	Paṭācārā	Paṭācārā	Pali	Buddhist	Theravada	Pali Canon	Anguttara Nikaya	AN 1.238:1.1	https://suttacentral.net/an1.235-247	12	disciple	personal	attested	Pali form of Sanskrit Paṭācārā	SuttaCentral bilara-data Mahāsaṅgīti Pāli (CC0); names from DPPN, SuttaCentral sc-data edition; Wikidata (CC0)	0.95
Pandava	slug:buddhist:pandava	Paṇḍava, hill		Paṇḍava	Paṇḍava	Pali	Buddhist	Theravada	Pali Canon	Majjhima Nikaya	MN 116:2.4	https://suttacentral.net/mn116	7	place	word	attested		SuttaCentral bilara-data Mahāsaṅgīti Pāli (CC0); names from DPPN, SuttaCentral sc-data edition	0.95
Pandita	slug:buddhist:pandita	Paṇḍita, a Pacceka Buddha, mentioned in a nominal list		Paṇḍita	Paṇḍita	Pali	Buddhist	Theravada	Pali Canon	Majjhima Nikaya	MN 116:6.8	https://suttacentral.net/mn116		sage	personal	attested		SuttaCentral bilara-data Mahāsaṅgīti Pāli (CC0); names from DPPN, SuttaCentral sc-data edition	0.85
Panduputta	slug:buddhist:panduputta	Paṇḍuputta, an Ājīvaka	boy	Paṇḍuputta	Paṇḍuputta	Pali	Buddhist	Theravada	Pali Canon	Majjhima Nikaya	MN 5:31.7	https://suttacentral.net/mn5	4	human	personal	attested		SuttaCentral bilara-data Mahāsaṅgīti Pāli (CC0); names from DPPN, SuttaCentral sc-data edition	0.95
Patitthana	slug:buddhist:patitthaana	Patiṭṭhāna, town		Patiṭṭhāna	Patiṭṭhāna	Pali	Buddhist	Theravada	Pali Canon	Sutta Nipata	Snp 5.1:36.1	https://suttacentral.net/snp5.1		place	word	attested		SuttaCentral bilara-data Mahāsaṅgīti Pāli (CC0); names from DPPN, SuttaCentral sc-data edition	0.85
Patiyaloka	slug:buddhist:patiyaaloka	Paṭiyāloka, town		Paṭiyāloka	Paṭiyāloka	Pali	Buddhist	Theravada	Pali Canon	Vinaya Pitaka	Bu Pc 34:1.2.1	https://suttacentral.net/pli-tv-bu-vb-pc34		place	word	attested		SuttaCentral bilara-data Mahāsaṅgīti Pāli (CC0); names from DPPN, SuttaCentral sc-data edition	0.85
Paduma	slug:buddhist:paduma	Paduma, hell		Paduma	Paduma	Pali	Buddhist	Theravada	Pali Canon	Sutta Nipata	Snp 3.10:4.5	https://suttacentral.net/snp3.10		place	word	attested		SuttaCentral bilara-data Mahāsaṅgīti Pāli (CC0); names from DPPN, SuttaCentral sc-data edition	0.85
Panada	slug:buddhist:panaada	Panāda, one of the chief Yakkhas to be invoked by the Buddha’s followers in…	boy	Panāda	Panāda	Pali	Buddhist	Theravada	Pali Canon	Digha Nikaya	DN 20:10.7	https://suttacentral.net/dn20	8	mythological_being	personal	attested		SuttaCentral bilara-data Mahāsaṅgīti Pāli (CC0); names from DPPN, SuttaCentral sc-data edition	0.95
Pandarasagotta	slug:buddhist:pandara	Paṇḍara, the name of a clan		Paṇḍarasagotta	Paṇḍarasagotta	Pali	Buddhist	Theravada	Pali Canon	Theragatha	Thag 17.1:1.3	https://suttacentral.net/thag17.1		tribe	word	attested	another name of Paṇḍara	SuttaCentral bilara-data Mahāsaṅgīti Pāli (CC0); names from DPPN, SuttaCentral sc-data edition	0.85
Papate Pabbate	slug:buddhist:papaate-pabbate	Papāte Pabbate, hill		Papāte Pabbate	Papāte Pabbate	Pali	Buddhist	Theravada	Pali Canon	Samyutta Nikaya	SN 22.3:1.2	https://suttacentral.net/sn22.3	3	place	word	attested		SuttaCentral bilara-data Mahāsaṅgīti Pāli (CC0); names from DPPN, SuttaCentral sc-data edition	0.95
Papata Pabbata	slug:buddhist:papaate-pabbate	Papāte Pabbate, hill		Papāta Pabbata	Papāta Pabbata	Pali	Buddhist	Theravada	Pali Canon	Samyutta Nikaya	SN 22.3:1.2	https://suttacentral.net/sn22.3	3	place	word	attested	another name of Papāte Pabbate	SuttaCentral bilara-data Mahāsaṅgīti Pāli (CC0); names from DPPN, SuttaCentral sc-data edition	0.95
Pabbata	slug:buddhist:pabbata	Pabbata, a Pacceka Buddha, mentioned in a nominal list		Pabbata	Pabbata	Pali	Buddhist	Theravada	Pali Canon	Majjhima Nikaya	MN 116:1.2	https://suttacentral.net/mn116		sage	personal	attested		SuttaCentral bilara-data Mahāsaṅgīti Pāli (CC0); names from DPPN, SuttaCentral sc-data edition	0.85
Payaga	slug:buddhist:payaaga	Payāga, ford		Payāga	Payāga	Pali	Buddhist	Theravada	Pali Canon	Majjhima Nikaya	MN 7:20.9	https://suttacentral.net/mn7		place	word	attested		SuttaCentral bilara-data Mahāsaṅgīti Pāli (CC0); names from DPPN, SuttaCentral sc-data edition	0.85
Payagapatitthana	slug:buddhist:payaaga	Payāga, ford		Payāgapatiṭṭhāna	Payāgapatiṭṭhāna	Pali	Buddhist	Theravada	Pali Canon	Vinaya Pitaka	Bu Pj 1:4.18	https://suttacentral.net/pli-tv-bu-vb-pj1	2	place	word	attested	another name of Payāga	SuttaCentral bilara-data Mahāsaṅgīti Pāli (CC0); names from DPPN, SuttaCentral sc-data edition	0.95
Parakusinata	slug:buddhist:parakusinaataa	Parakusināṭā, town		Parakusināṭā	Parakusināṭā	Pali	Buddhist	Theravada	Pali Canon	Digha Nikaya	DN 32:7.34	https://suttacentral.net/dn32	2	place	word	attested		SuttaCentral bilara-data Mahāsaṅgīti Pāli (CC0); names from DPPN, SuttaCentral sc-data edition	0.95
Paranimmitavasavatti	slug:buddhist:paranimmitavasavattii	Paranimmitavasavattī, a class of devas, inhabitants of the highest stage of the sensuous…		Paranimmitavasavattī	Paranimmitavasavattī	Pali	Buddhist	Theravada	Pali Canon	Digha Nikaya	DN 33:1.10.92	https://suttacentral.net/dn33		mythological_being	word	attested		SuttaCentral bilara-data Mahāsaṅgīti Pāli (CC0); names from DPPN, SuttaCentral sc-data edition	0.85
Paramatta	slug:buddhist:paramatta	Paramatta, a Brahmā who was present at the Mahāsamaya		Paramatta	Paramatta	Pali	Buddhist	Theravada	Pali Canon	Digha Nikaya	DN 20:20.1	https://suttacentral.net/dn20	1	deity	divine	attested		SuttaCentral bilara-data Mahāsaṅgīti Pāli (CC0); names from DPPN, SuttaCentral sc-data edition	0.95
Parittasubha	slug:buddhist:parittasubhaa	Parittasubhā, a class of devas belonging to the Subha Devas		Parittasubhā	Parittasubhā	Pali	Buddhist	Theravada	Pali Canon	Majjhima Nikaya	MN 120:20.6	https://suttacentral.net/mn120		mythological_being	word	attested		SuttaCentral bilara-data Mahāsaṅgīti Pāli (CC0); names from DPPN, SuttaCentral sc-data edition	0.85
Parittabha	slug:buddhist:parittaabhaa	Parittābhā, a class of devas included among the Ābhā gods		Parittābhā	Parittābhā	Pali	Buddhist	Theravada	Pali Canon	Majjhima Nikaya	MN 120:19.7	https://suttacentral.net/mn120		mythological_being	word	attested		SuttaCentral bilara-data Mahāsaṅgīti Pāli (CC0); names from DPPN, SuttaCentral sc-data edition	0.85
Paripunnaka	slug:buddhist:paripunnaka	Paripuṇṇaka, a monk whose Theragāthā verse speaks of the superiority of the taste…	boy	Paripuṇṇaka	Paripuṇṇaka	Pali	Buddhist	Theravada	Pali Canon	Theragatha	Thag 1.91:1.5	https://suttacentral.net/thag1.91	2	disciple	personal	attested		SuttaCentral bilara-data Mahāsaṅgīti Pāli (CC0); names from DPPN, SuttaCentral sc-data edition	0.95
Paribbajaka	slug:buddhist:paribbaajakaa	Paribbājakā, Wanderer		Paribbājakā	Paribbājakā	Pali	Buddhist	Theravada	Pali Canon	Digha Nikaya	DN 9:4.7	https://suttacentral.net/dn9		human	personal	attested		SuttaCentral bilara-data Mahāsaṅgīti Pāli (CC0); names from DPPN, SuttaCentral sc-data edition	0.85
Parisuddhabha	slug:buddhist:parisuddhaabhaa	Parisuddhābhā, a class of devas included among the Ābhā gods		Parisuddhābhā	Parisuddhābhā	Pali	Buddhist	Theravada	Pali Canon	Majjhima Nikaya	MN 127:9.9	https://suttacentral.net/mn127		mythological_being	word	attested		SuttaCentral bilara-data Mahāsaṅgīti Pāli (CC0); names from DPPN, SuttaCentral sc-data edition	0.85
Palasavana	slug:buddhist:palaasavana	Palāsavana, park		Palāsavana	Palāsavana	Pali	Buddhist	Theravada	Pali Canon	Majjhima Nikaya	MN 68:1.2	https://suttacentral.net/mn68	3	place	word	attested		SuttaCentral bilara-data Mahāsaṅgīti Pāli (CC0); names from DPPN, SuttaCentral sc-data edition	0.85
Pavatta	slug:buddhist:pavattaa	Pavattā, a Pacceka Buddha		Pavattā	Pavattā	Pali	Buddhist	Theravada	Pali Canon	Majjhima Nikaya	MN 116:6.13	https://suttacentral.net/mn116		sage	personal	attested		SuttaCentral bilara-data Mahāsaṅgīti Pāli (CC0); names from DPPN, SuttaCentral sc-data edition	0.85
Pavittha	slug:buddhist:pavittha	Paviṭṭha, a monk whose Theragāthā verse speaks of the end of rebirth	boy	Paviṭṭha	Paviṭṭha	Pali	Buddhist	Theravada	Pali Canon	Theragatha	Thag 1.87:1.5	https://suttacentral.net/thag1.87		disciple	personal	attested		SuttaCentral bilara-data Mahāsaṅgīti Pāli (CC0); names from DPPN, SuttaCentral sc-data edition	0.85
Pasenadi	Q3055324	Pasenadi, king of Kosala	boy	Pasenadi	Pasenadi	Pali	Buddhist	Theravada	Pali Canon	Digha Nikaya	DN 3:1.2.1	https://suttacentral.net/dn3	330	royal	personal	attested	Pali form of Sanskrit Prasenajit	SuttaCentral bilara-data Mahāsaṅgīti Pāli (CC0); names from DPPN, SuttaCentral sc-data edition; Wikidata (CC0)	0.85
Passi	slug:buddhist:passi	Passi, a Pacceka Buddha mentioned in a nominal list		Passi	Passi	Pali	Buddhist	Theravada	Pali Canon	Majjhima Nikaya	MN 116:6.11	https://suttacentral.net/mn116		sage	personal	attested		SuttaCentral bilara-data Mahāsaṅgīti Pāli (CC0); names from DPPN, SuttaCentral sc-data edition	0.85
Paharada	slug:buddhist:pahaaraada	Pahārāda, an Asura chief	boy	Pahārāda	Pahārāda	Pali	Buddhist	Theravada	Pali Canon	Digha Nikaya	DN 20:12.8	https://suttacentral.net/dn20	41	mythological_being	personal	attested		SuttaCentral bilara-data Mahāsaṅgīti Pāli (CC0); names from DPPN, SuttaCentral sc-data edition	0.95
Pacinavamsadaya	slug:buddhist:paaciinavamsa	Pācīnavaṁsa, park		Pācīnavaṁsadāya	Pācīnavaṁsadāya	Pali	Buddhist	Theravada	Pali Canon	Majjhima Nikaya	MN 128:7.11	https://suttacentral.net/mn128	10	place	word	attested	another name of Pācīnavaṁsa	SuttaCentral bilara-data Mahāsaṅgīti Pāli (CC0); names from DPPN, SuttaCentral sc-data edition	0.95
Payaga	slug:buddhist:paayaagaa	Pāyāgā, a class of Nāgas		Pāyāgā	Pāyāgā	Pali	Buddhist	Theravada	Pali Canon	Digha Nikaya	DN 20:11.4	https://suttacentral.net/dn20	1	mythological_being	word	attested		SuttaCentral bilara-data Mahāsaṅgīti Pāli (CC0); names from DPPN, SuttaCentral sc-data edition	0.95
Payasi	slug:buddhist:paayaasi	Pāyāsi, a chieftain of Setavyā, who lived on a royal domain gifted by Pasenadi	boy	Pāyāsi	Pāyāsi	Pali	Buddhist	Theravada	Pali Canon	Digha Nikaya	DN 23:1.4	https://suttacentral.net/dn23		human	personal	attested		SuttaCentral bilara-data Mahāsaṅgīti Pāli (CC0); names from DPPN, SuttaCentral sc-data edition	0.85
Paraga	slug:buddhist:paaragaa	Pāragā, a class of devas		Pāragā	Pāragā	Pali	Buddhist	Theravada	Pali Canon	Digha Nikaya	DN 20:16.7	https://suttacentral.net/dn20		mythological_being	word	attested		SuttaCentral bilara-data Mahāsaṅgīti Pāli (CC0); names from DPPN, SuttaCentral sc-data edition	0.85
Parapariya	slug:buddhist:paaraapariya	Pārāpariya, a monk whose Theragāthā verses are collected in two sizable groups	boy	Pārāpariya	Pārāpariya	Pali	Buddhist	Theravada	Pali Canon	Theragatha	Thag 16.2:1.2	https://suttacentral.net/thag16.2		disciple	personal	attested		SuttaCentral bilara-data Mahāsaṅgīti Pāli (CC0); names from DPPN, SuttaCentral sc-data edition	0.85
Parapariya	slug:buddhist:paaraasariya-1	Pārāsariya, a monk whose Theragāthā verse speaks of how being restrained he has… (DPPN Pārāsariya 1)	boy	Pārāpariya	Pārāpariya	Pali	Buddhist	Theravada	Pali Canon	Theragatha	Thag 1.116:1.5	https://suttacentral.net/thag1.116		disciple	epithet	attested	epithet of Pārāsariya	SuttaCentral bilara-data Mahāsaṅgīti Pāli (CC0); names from DPPN, SuttaCentral sc-data edition	0.85
Palileyya	slug:buddhist:paalileyya	Pālileyya, town		Pālileyya	Pālileyya	Pali	Buddhist	Theravada	Pali Canon	Vinaya Pitaka	Kd 10:6.3.50	https://suttacentral.net/pli-tv-kd10		place	word	attested		SuttaCentral bilara-data Mahāsaṅgīti Pāli (CC0); names from DPPN, SuttaCentral sc-data edition	0.85
Pava	slug:buddhist:paavaa	Pāvā, town		Pāvā	Pāvā	Pali	Buddhist	Theravada	Pali Canon	Digha Nikaya	DN 16:4.13.2	https://suttacentral.net/dn16		place	word	attested		SuttaCentral bilara-data Mahāsaṅgīti Pāli (CC0); names from DPPN, SuttaCentral sc-data edition	0.85
Pavarikambavana	slug:buddhist:paavaarikambavana-2	Pāvārikambavana, park (DPPN Pāvārikambavana 2)		Pāvārikambavana	Pāvārikambavana	Pali	Buddhist	Theravada	Pali Canon	Digha Nikaya	DN 16:1.15.5	https://suttacentral.net/dn16		place	word	attested		SuttaCentral bilara-data Mahāsaṅgīti Pāli (CC0); names from DPPN, SuttaCentral sc-data edition	0.85
Paveyyaka	slug:buddhist:paaveyyakaa	Pāveyyakā, the name given to the inhabitants of Pāvā—e.g., Pāveyyakā Mallā		Pāveyyakā	Pāveyyakā	Pali	Buddhist	Theravada	Pali Canon	Digha Nikaya	DN 16:6.24.25	https://suttacentral.net/dn16		tribe	word	attested		SuttaCentral bilara-data Mahāsaṅgīti Pāli (CC0); names from DPPN, SuttaCentral sc-data edition	0.85
Pasanakacetiya	slug:buddhist:paasaanakacetiya	Pāsāṇakacetiya, shrine		Pāsāṇakacetiya	Pāsāṇakacetiya	Pali	Buddhist	Theravada	Pali Canon	Culaniddesa	Cnd 21:2.5	https://suttacentral.net/cnd21	2	place	word	attested		SuttaCentral bilara-data Mahāsaṅgīti Pāli (CC0); names from DPPN, SuttaCentral sc-data edition	0.85
Pingalakoccha	slug:buddhist:pingalakoccha	Piṅgalakoccha, a brahmin of Sāvatthī	boy	Piṅgalakoccha	Piṅgalakoccha	Pali	Buddhist	Theravada	Pali Canon	Majjhima Nikaya	MN 30:2.1	https://suttacentral.net/mn30		human	personal	attested		SuttaCentral bilara-data Mahāsaṅgīti Pāli (CC0); names from DPPN, SuttaCentral sc-data edition	0.85
Pingiya	slug:buddhist:pingiya	Piṅgiya, Nephew and pupil of Bāvarī	boy	Piṅgiya	Piṅgiya	Pali	Buddhist	Theravada	Pali Canon	Sutta Nipata	Snp 5.1:33.4	https://suttacentral.net/snp5.1	69	human	personal	attested		SuttaCentral bilara-data Mahāsaṅgīti Pāli (CC0); names from DPPN, SuttaCentral sc-data edition	0.95
Pingiyani	slug:buddhist:pingiyaanii	Piṅgiyānī, a brahmin of Vesāli	boy	Piṅgiyānī	Piṅgiyānī	Pali	Buddhist	Theravada	Pali Canon	Anguttara Nikaya	AN 5.194:1.3	https://suttacentral.net/an5.194	20	human	personal	attested		SuttaCentral bilara-data Mahāsaṅgīti Pāli (CC0); names from DPPN, SuttaCentral sc-data edition	0.95
Pindola	slug:buddhist:pindola-1	Piṇḍola, a Pacceka Buddha, given in a nominal list (DPPN Piṇḍola 1)		Piṇḍola	Piṇḍola	Pali	Buddhist	Theravada	Pali Canon	Majjhima Nikaya	MN 116:4.8	https://suttacentral.net/mn116		sage	personal	attested		SuttaCentral bilara-data Mahāsaṅgīti Pāli (CC0); names from DPPN, SuttaCentral sc-data edition	0.85
Pindola	Q4919193	Piṇḍola Bhāradvāja, arahant	boy	Piṇḍola	Piṇḍola	Pali	Buddhist	Theravada	Pali Canon	Udana	Ud 4.6:1.3	https://suttacentral.net/ud4.6		disciple	personal	attested	Pali form of Sanskrit Piṇḍola Bhāradvāja	SuttaCentral bilara-data Mahāsaṅgīti Pāli (CC0); names from DPPN, SuttaCentral sc-data edition; Wikidata (CC0)	0.85
Bharadvaja	Q4919193	Piṇḍola Bhāradvāja, arahant	boy	Bhāradvāja	Bhāradvāja	Pali	Buddhist	Theravada	Pali Canon	Vinaya Pitaka	Kd 15:8.1.22	https://suttacentral.net/pli-tv-kd15		disciple	personal	attested	another name of Piṇḍola; Pali form of Sanskrit Piṇḍola Bhāradvāja	SuttaCentral bilara-data Mahāsaṅgīti Pāli (CC0); names from DPPN, SuttaCentral sc-data edition; Wikidata (CC0)	0.85
Pippaliguha	slug:buddhist:pippaliguhaa	Pippaliguhā, cave		Pippaliguhā	Pippaliguhā	Pali	Buddhist	Theravada	Pali Canon	Samyutta Nikaya	SN 46.14:1.2	https://suttacentral.net/sn46.14	3	place	word	attested		SuttaCentral bilara-data Mahāsaṅgīti Pāli (CC0); names from DPPN, SuttaCentral sc-data edition	0.95
Piyankara	slug:buddhist:piyankara	Piyaṅkara, a little boy Yakkha	boy	Piyaṅkara	Piyaṅkara	Pali	Buddhist	Theravada	Pali Canon	Samyutta Nikaya	SN 10.6:2.1	https://suttacentral.net/sn10.6	2	mythological_being	personal	attested		SuttaCentral bilara-data Mahāsaṅgīti Pāli (CC0); names from DPPN, SuttaCentral sc-data edition	0.85
Piyanjaha	slug:buddhist:piyanjaha	Piyañjaha, a monk whose Theragāthā verse speaks of going against what everyone…	boy	Piyañjaha	Piyañjaha	Pali	Buddhist	Theravada	Pali Canon	Theragatha	Thag 1.76:1.5	https://suttacentral.net/thag1.76	2	disciple	personal	attested		SuttaCentral bilara-data Mahāsaṅgīti Pāli (CC0); names from DPPN, SuttaCentral sc-data edition	0.95
Piyadassi	slug:buddhist:piyadassii	Piyadassī, a Pacceka Buddha		Piyadassī	Piyadassī	Pali	Buddhist	Theravada	Pali Canon	Majjhima Nikaya	MN 116:4.6	https://suttacentral.net/mn116	34	sage	personal	attested		SuttaCentral bilara-data Mahāsaṅgīti Pāli (CC0); names from DPPN, SuttaCentral sc-data edition	0.95
Pilakkhaguha	slug:buddhist:pilakkhaguhaa	Pilakkhaguhā, cave		Pilakkhaguhā	Pilakkhaguhā	Pali	Buddhist	Theravada	Pali Canon	Majjhima Nikaya	MN 76:2.1	https://suttacentral.net/mn76	1	place	word	attested		SuttaCentral bilara-data Mahāsaṅgīti Pāli (CC0); names from DPPN, SuttaCentral sc-data edition	0.85
Pilindavaccha	slug:buddhist:pilindavaccha	Pilindavaccha, a monk whose enigmatic Theragāthā verse speaks of what has come and…	boy	Pilindavaccha	Pilindavaccha	Pali	Buddhist	Theravada	Pali Canon	Anguttara Nikaya	AN 1.215:1.1	https://suttacentral.net/an1.209-218	83	disciple	personal	attested		SuttaCentral bilara-data Mahāsaṅgīti Pāli (CC0); names from DPPN, SuttaCentral sc-data edition	0.95
Pilinda	slug:buddhist:pilindavaccha	Pilindavaccha, a monk whose enigmatic Theragāthā verse speaks of what has come and…	boy	Pilinda	Pilinda	Pali	Buddhist	Theravada	Pali Canon	Udana	Ud 3.10:10.3	https://suttacentral.net/ud3.10	1	disciple	epithet	attested	epithet of Pilindavaccha	SuttaCentral bilara-data Mahāsaṅgīti Pāli (CC0); names from DPPN, SuttaCentral sc-data edition	0.85
Pilindi	slug:buddhist:pilindavaccha	Pilindavaccha, a monk whose enigmatic Theragāthā verse speaks of what has come and…	boy	Pilindi	Pilindi	Pali	Buddhist	Theravada	Pali Canon	Apadana	Tha Ap 402:45.1	https://suttacentral.net/tha-ap402	1	disciple	epithet	attested	epithet of Pilindavaccha	SuttaCentral bilara-data Mahāsaṅgīti Pāli (CC0); names from DPPN, SuttaCentral sc-data edition	0.85
Pukkusa	slug:buddhist:pukkusa-1	Pukkusa, a prince of the Mallas (DPPN Pukkusa 1)	boy	Pukkusa	Pukkusa	Pali	Buddhist	Theravada	Pali Canon	Digha Nikaya	DN 16:4.26.1	https://suttacentral.net/dn16		royal	personal	attested		SuttaCentral bilara-data Mahāsaṅgīti Pāli (CC0); names from DPPN, SuttaCentral sc-data edition	0.85
Pukkusati	slug:buddhist:pukkusaati	Pukkusāti, a young monk whom the Buddha met at the house of Bhaggava, the…	boy	Pukkusāti	Pukkusāti	Pali	Buddhist	Theravada	Pali Canon	Majjhima Nikaya	MN 140:3.1	https://suttacentral.net/mn140	15	disciple	personal	attested		SuttaCentral bilara-data Mahāsaṅgīti Pāli (CC0); names from DPPN, SuttaCentral sc-data edition	0.95
Pundarika	slug:buddhist:pundarika	Puṇḍarika, hell		Puṇḍarika	Puṇḍarika	Pali	Buddhist	Theravada	Pali Canon	Samyutta Nikaya	SN 6.10:6.10	https://suttacentral.net/sn6.10		place	word	attested		SuttaCentral bilara-data Mahāsaṅgīti Pāli (CC0); names from DPPN, SuttaCentral sc-data edition	0.85
Punna	slug:buddhist:punna-1	Puṇṇa, He was born in the family of a householder of Suppāraka in the… (DPPN Puṇṇa 1)	boy	Puṇṇa	Puṇṇa	Pali	Buddhist	Theravada	Pali Canon	Majjhima Nikaya	MN 145:1.3	https://suttacentral.net/mn145		human	personal	attested		SuttaCentral bilara-data Mahāsaṅgīti Pāli (CC0); names from DPPN, SuttaCentral sc-data edition	0.85
Punna	slug:buddhist:punna-2	Puṇṇa, a servitor who held the oblation ladles for the seven sages,… (DPPN Puṇṇa 2)	boy	Puṇṇa	Puṇṇa	Pali	Buddhist	Theravada	Pali Canon	Majjhima Nikaya	MN 93:18.71	https://suttacentral.net/mn93		human	personal	attested		SuttaCentral bilara-data Mahāsaṅgīti Pāli (CC0); names from DPPN, SuttaCentral sc-data edition	0.85
Punna	slug:buddhist:punna-4	Puṇṇa Mantāniputta, disciple	boy	Puṇṇa	Puṇṇa	Pali	Buddhist	Theravada	Pali Canon	Majjhima Nikaya	MN 24:2.4	https://suttacentral.net/mn24		disciple	personal	attested	Pali form of Sanskrit Pūrṇa Maitrāyaṇīputra	SuttaCentral bilara-data Mahāsaṅgīti Pāli (CC0); names from DPPN, SuttaCentral sc-data edition	0.85
Mantani Putta	slug:buddhist:punna-4	Puṇṇa Mantāniputta, disciple	boy	Mantānī Putta	Mantānī Putta	Pali	Buddhist	Theravada	Pali Canon	Buddhavamsa	Bv 1:63.3	https://suttacentral.net/bv1	1	disciple	epithet	attested	epithet of Puṇṇa; Pali form of Sanskrit Pūrṇa Maitrāyaṇīputra	SuttaCentral bilara-data Mahāsaṅgīti Pāli (CC0); names from DPPN, SuttaCentral sc-data edition	0.85
Punnaka	slug:buddhist:punnaka-1	Puṇṇaka, one of the sixteen disciples of Bāvarī, who visited the Buddha (DPPN Puṇṇaka 1)	boy	Puṇṇaka	Puṇṇaka	Pali	Buddhist	Theravada	Pali Canon	Sutta Nipata	Snp 5.1:31.4	https://suttacentral.net/snp5.1		disciple	personal	attested		SuttaCentral bilara-data Mahāsaṅgīti Pāli (CC0); names from DPPN, SuttaCentral sc-data edition	0.85
Punnaka	slug:buddhist:punnaka-2	Puṇṇaka, a Yakkha chief mentioned in the Āṭānāṭiya Sutta among those to be… (DPPN Puṇṇaka 2)	boy	Puṇṇaka	Puṇṇaka	Pali	Buddhist	Theravada	Pali Canon	Digha Nikaya	DN 32:10.11	https://suttacentral.net/dn32		mythological_being	personal	attested		SuttaCentral bilara-data Mahāsaṅgīti Pāli (CC0); names from DPPN, SuttaCentral sc-data edition	0.85
Punna	slug:buddhist:punnaa-1	Puṇṇā, a bhikkhunī whose Therīgāthā verse speaks of being full with good… (DPPN Puṇṇā 1)	girl	Puṇṇā	Puṇṇā	Pali	Buddhist	Theravada	Pali Canon	Therigatha	Thig 1.3:1.1	https://suttacentral.net/thig1.3		disciple	personal	attested		SuttaCentral bilara-data Mahāsaṅgīti Pāli (CC0); names from DPPN, SuttaCentral sc-data edition	0.85
Punna	slug:buddhist:punnaa-2	Puṇṇā, a bhikkhunī whose Therīgāthā verses argue that bathing cannot purify… (DPPN Puṇṇā 2)	girl	Puṇṇā	Puṇṇā	Pali	Buddhist	Theravada	Pali Canon	Therigatha	Thig 12.1:17.1	https://suttacentral.net/thig12.1		disciple	personal	attested		SuttaCentral bilara-data Mahāsaṅgīti Pāli (CC0); names from DPPN, SuttaCentral sc-data edition	0.85
Punnika	slug:buddhist:punnaa-2	Puṇṇā, a bhikkhunī whose Therīgāthā verses argue that bathing cannot purify… (DPPN Puṇṇā 2)	girl	Puṇṇikā	Puṇṇikā	Pali	Buddhist	Theravada	Pali Canon	Therigatha	Thig 12.1:3.2	https://suttacentral.net/thig12.1		disciple	epithet	attested	epithet of Puṇṇā	SuttaCentral bilara-data Mahāsaṅgīti Pāli (CC0); names from DPPN, SuttaCentral sc-data edition	0.85
Punniya	slug:buddhist:punniya	Puṇṇiya, a monk	boy	Puṇṇiya	Puṇṇiya	Pali	Buddhist	Theravada	Pali Canon	Anguttara Nikaya	AN 8.82:1.1	https://suttacentral.net/an8.82	15	disciple	personal	attested		SuttaCentral bilara-data Mahāsaṅgīti Pāli (CC0); names from DPPN, SuttaCentral sc-data edition	0.85
Punabbasu	slug:buddhist:punabbasu-1	Punabbasu, a young Yakkha (DPPN Punabbasu 1)	boy	Punabbasu	Punabbasu	Pali	Buddhist	Theravada	Pali Canon	Samyutta Nikaya	SN 10.7:2.2	https://suttacentral.net/sn10.7		mythological_being	personal	attested		SuttaCentral bilara-data Mahāsaṅgīti Pāli (CC0); names from DPPN, SuttaCentral sc-data edition	0.85
Punabbasumata	slug:buddhist:punabbasumaataa	Punabbasumātā, a Yakkhinī, mother of Punabbasu	girl	Punabbasumātā	Punabbasumātā	Pali	Buddhist	Theravada	Pali Canon	Samyutta Nikaya	SN 10.7:1.4	https://suttacentral.net/sn10.7	1	mythological_being	personal	attested		SuttaCentral bilara-data Mahāsaṅgīti Pāli (CC0); names from DPPN, SuttaCentral sc-data edition	0.95
Punnamasa	slug:buddhist:punnamaasa-1	Puṇṇamāsa, a monk whose Theragāthā verse says that a restrained and wise one… (DPPN Puṇṇamāsa 1)	boy	Puṇṇamāsa	Puṇṇamāsa	Pali	Buddhist	Theravada	Pali Canon	Theragatha	Thag 1.10:1.5	https://suttacentral.net/thag1.10		disciple	personal	attested		SuttaCentral bilara-data Mahāsaṅgīti Pāli (CC0); names from DPPN, SuttaCentral sc-data edition	0.85
Punnamasa	slug:buddhist:punnamaasa-2	Puṇṇamāsa, a monk whose Theragāthā verses speak of seeing oneself as empty (DPPN Puṇṇamāsa 2)	boy	Puṇṇamāsa	Puṇṇamāsa	Pali	Buddhist	Theravada	Pali Canon	Theragatha	Thag 2.26:2.5	https://suttacentral.net/thag2.26		disciple	personal	attested		SuttaCentral bilara-data Mahāsaṅgīti Pāli (CC0); names from DPPN, SuttaCentral sc-data edition	0.85
Punnika	slug:buddhist:punnikaa	Puṇṇikā, a slave girl of Pokkharasāti	girl	Puṇṇikā	Puṇṇikā	Pali	Buddhist	Theravada	Pali Canon	Majjhima Nikaya	MN 99:11.2	https://suttacentral.net/mn99		human	personal	attested		SuttaCentral bilara-data Mahāsaṅgīti Pāli (CC0); names from DPPN, SuttaCentral sc-data edition	0.85
Pubbakotthaka	slug:buddhist:pubbakotthakaa	Pubbakoṭṭhakā, building		Pubbakoṭṭhakā	Pubbakoṭṭhakā	Pali	Buddhist	Theravada	Pali Canon	Majjhima Nikaya	MN 26:3.9	https://suttacentral.net/mn26	4	place	word	attested		SuttaCentral bilara-data Mahāsaṅgīti Pāli (CC0); names from DPPN, SuttaCentral sc-data edition	0.95
Pubbavideha	slug:buddhist:pubbavideha	Pubbavideha, continent		Pubbavideha	Pubbavideha	Pali	Buddhist	Theravada	Pali Canon	Anguttara Nikaya	AN 3.80:4.2	https://suttacentral.net/an3.80		place	word	attested		SuttaCentral bilara-data Mahāsaṅgīti Pāli (CC0); names from DPPN, SuttaCentral sc-data edition	0.85
Pubbarama	slug:buddhist:pubbaaraama	Pubbārāma, monastery		Pubbārāma	Pubbārāma	Pali	Buddhist	Theravada	Pali Canon	Digha Nikaya	DN 27:1.2	https://suttacentral.net/dn27	38	place	word	attested		SuttaCentral bilara-data Mahāsaṅgīti Pāli (CC0); names from DPPN, SuttaCentral sc-data edition	0.85
Purana	slug:buddhist:puraana-2	Purāṇa, a chamberlain of Pasenadi (DPPN Purāṇa 2)	boy	Purāṇa	Purāṇa	Pali	Buddhist	Theravada	Pali Canon	Anguttara Nikaya	AN 6.44:2.2	https://suttacentral.net/an6.44		human	personal	attested		SuttaCentral bilara-data Mahāsaṅgīti Pāli (CC0); names from DPPN, SuttaCentral sc-data edition	0.85
Purana Kassapa	Q6142462	Pūraṇa Kassapa, teacher	boy	Pūraṇa Kassapa	Pūraṇa Kassapa	Pali	Buddhist	Theravada	Pali Canon	Digha Nikaya	DN 2:2.2	https://suttacentral.net/dn2	44	human	personal	attested	Pali form of Sanskrit Pūraṇa Kāśyapa	SuttaCentral bilara-data Mahāsaṅgīti Pāli (CC0); names from DPPN, SuttaCentral sc-data edition; Wikidata (CC0)	0.95
Pessa	slug:buddhist:pessa	Pessa, an elephant trainer of Campā	boy	Pessa	Pessa	Pali	Buddhist	Theravada	Pali Canon	Majjhima Nikaya	MN 51:1.3	https://suttacentral.net/mn51		human	personal	attested		SuttaCentral bilara-data Mahāsaṅgīti Pāli (CC0); names from DPPN, SuttaCentral sc-data edition	0.85
Pokkharaniya	slug:buddhist:pokkharaniyaa	Pokkharaṇiyā, monastery		Pokkharaṇiyā	Pokkharaṇiyā	Pali	Buddhist	Theravada	Pali Canon	Digha Nikaya	DN 3:1.15.10	https://suttacentral.net/dn3	39	place	word	attested		SuttaCentral bilara-data Mahāsaṅgīti Pāli (CC0); names from DPPN, SuttaCentral sc-data edition	0.95
Pokkharasati	slug:buddhist:pokkharasaati	Pokkharasāti, a brahmin of great wealth and learning who lived in Ukkaṭṭha, on a…	boy	Pokkharasāti	Pokkharasāti	Pali	Buddhist	Theravada	Pali Canon	Digha Nikaya	DN 3:1.2.1	https://suttacentral.net/dn3	61	human	personal	attested		SuttaCentral bilara-data Mahāsaṅgīti Pāli (CC0); names from DPPN, SuttaCentral sc-data edition	0.95
Potthapada	slug:buddhist:potthapaada	Poṭṭhapāda, a wanderer	boy	Poṭṭhapāda	Poṭṭhapāda	Pali	Buddhist	Theravada	Pali Canon	Digha Nikaya	DN 9:1.3	https://suttacentral.net/dn9		human	personal	attested		SuttaCentral bilara-data Mahāsaṅgīti Pāli (CC0); names from DPPN, SuttaCentral sc-data edition	0.85
Potaliputta	slug:buddhist:potaliputta	Potaliputta, a wanderer who visited Samiddhi at the Vejuvana in Rājagaha and said…	boy	Potaliputta	Potaliputta	Pali	Buddhist	Theravada	Pali Canon	Majjhima Nikaya	MN 136:2.2	https://suttacentral.net/mn136	17	human	personal	attested		SuttaCentral bilara-data Mahāsaṅgīti Pāli (CC0); names from DPPN, SuttaCentral sc-data edition	0.95
Potaliya	slug:buddhist:potaliya	Potaliya, a householder of Āpaṇa	boy	Potaliya	Potaliya	Pali	Buddhist	Theravada	Pali Canon	Anguttara Nikaya	AN 4.100:1.1	https://suttacentral.net/an4.100		human	personal	attested		SuttaCentral bilara-data Mahāsaṅgīti Pāli (CC0); names from DPPN, SuttaCentral sc-data edition	0.85
Posala	slug:buddhist:posaala	Posāla, one of Bāvari’s pupils	boy	Posāla	Posāla	Pali	Buddhist	Theravada	Pali Canon	Sutta Nipata	Snp 5.1:33.2	https://suttacentral.net/snp5.1	14	human	personal	attested		SuttaCentral bilara-data Mahāsaṅgīti Pāli (CC0); names from DPPN, SuttaCentral sc-data edition	0.95
Posiya	slug:buddhist:posiya	Posiya, a monk whose Theragāthā verse speaks of caution when accepting food…	boy	Posiya	Posiya	Pali	Buddhist	Theravada	Pali Canon	Theragatha	Thag 1.34:1.6	https://suttacentral.net/thag1.34	4	disciple	personal	attested		SuttaCentral bilara-data Mahāsaṅgīti Pāli (CC0); names from DPPN, SuttaCentral sc-data edition	0.95
Phussa	slug:buddhist:phussa	Phussa, a monk whose Theragāthā verses depict the ascetic Paṇḍarassagotta…	boy	Phussa	Phussa	Pali	Buddhist	Theravada	Pali Canon	Theragatha	Thag 17.1:32.5	https://suttacentral.net/thag17.1		disciple	personal	attested		SuttaCentral bilara-data Mahāsaṅgīti Pāli (CC0); names from DPPN, SuttaCentral sc-data edition	0.85
Baka	slug:buddhist:baka	Baka, a Brahmā	boy	Baka	Baka	Pali	Buddhist	Theravada	Pali Canon	Majjhima Nikaya	MN 49:2.2	https://suttacentral.net/mn49		deity	divine	attested		SuttaCentral bilara-data Mahāsaṅgīti Pāli (CC0); names from DPPN, SuttaCentral sc-data edition	0.85
Bakula	slug:buddhist:bakkula	Bakkula, At the age of eighty, Bakkula heard the Buddha preach and left the…	boy	Bākula	Bākula	Pali	Buddhist	Theravada	Pali Canon	Majjhima Nikaya	MN 124:1.2	https://suttacentral.net/mn124		human	epithet	attested	epithet of Bakkula	SuttaCentral bilara-data Mahāsaṅgīti Pāli (CC0); names from DPPN, SuttaCentral sc-data edition	0.85
Badarikarama	slug:buddhist:badarikaaraama	Badarikārāma, park		Badarikārāma	Badarikārāma	Pali	Buddhist	Theravada	Pali Canon	Samyutta Nikaya	SN 22.89:1.2	https://suttacentral.net/sn22.89	2	place	word	attested		SuttaCentral bilara-data Mahāsaṅgīti Pāli (CC0); names from DPPN, SuttaCentral sc-data edition	0.95
Bandhuma	slug:buddhist:bandhumaa	Bandhumā, a Pacceka Buddha		Bandhumā	Bandhumā	Pali	Buddhist	Theravada	Pali Canon	Digha Nikaya	DN 14:1.12.1	https://suttacentral.net/dn14	22	sage	personal	attested		SuttaCentral bilara-data Mahāsaṅgīti Pāli (CC0); names from DPPN, SuttaCentral sc-data edition	0.95
Bandhura	slug:buddhist:bandhura	Bandhura, a monk whose Theragāthā verse speaks of not wanting to drink poison…	boy	Bandhura	Bandhura	Pali	Buddhist	Theravada	Pali Canon	Theragatha	Thag 1.103:1.5	https://suttacentral.net/thag1.103	2	disciple	personal	attested		SuttaCentral bilara-data Mahāsaṅgīti Pāli (CC0); names from DPPN, SuttaCentral sc-data edition	0.95
Baliharana	slug:buddhist:baliharana	Baliharaṇa, park		Baliharaṇa	Baliharaṇa	Pali	Buddhist	Theravada	Pali Canon	Anguttara Nikaya	AN 3.123:1.1	https://suttacentral.net/an3.123		place	word	attested		SuttaCentral bilara-data Mahāsaṅgīti Pāli (CC0); names from DPPN, SuttaCentral sc-data edition	0.85
Bahuka	slug:buddhist:bahukaa	Bahukā, river		Bāhukā	Bāhukā	Pali	Buddhist	Theravada	Pali Canon	Majjhima Nikaya	MN 7:19.3	https://suttacentral.net/mn7	8	place	word	attested	another name of Bahukā	SuttaCentral bilara-data Mahāsaṅgīti Pāli (CC0); names from DPPN, SuttaCentral sc-data edition	0.95
Bahuputta Cetiya	slug:buddhist:bahuputta-cetiya	Bahuputta Cetiya, shrine		Bahuputta Cetiya	Bahuputta Cetiya	Pali	Buddhist	Theravada	Pali Canon	Digha Nikaya	DN 16:3.2.4	https://suttacentral.net/dn16	9	place	word	attested		SuttaCentral bilara-data Mahāsaṅgīti Pāli (CC0); names from DPPN, SuttaCentral sc-data edition	0.95
Bahuputtaka Cetiya	slug:buddhist:bahuputta-cetiya	Bahuputta Cetiya, shrine		Bahuputtaka Cetiya	Bahuputtaka Cetiya	Pali	Buddhist	Theravada	Pali Canon	Anguttara Nikaya	AN 8.70:3.1	https://suttacentral.net/an8.70	2	place	word	attested	another name of Bahuputta Cetiya	SuttaCentral bilara-data Mahāsaṅgīti Pāli (CC0); names from DPPN, SuttaCentral sc-data edition	0.85
Bahuputta	slug:buddhist:bahuputta-cetiya	Bahuputta Cetiya, shrine		Bahuputta	Bahuputta	Pali	Buddhist	Theravada	Pali Canon	Digha Nikaya	DN 16:3.2.4	https://suttacentral.net/dn16		place	word	attested	another name of Bahuputta Cetiya	SuttaCentral bilara-data Mahāsaṅgīti Pāli (CC0); names from DPPN, SuttaCentral sc-data edition	0.85
Bahuputtaka	slug:buddhist:bahuputta-cetiya	Bahuputta Cetiya, shrine		Bahuputtaka	Bahuputtaka	Pali	Buddhist	Theravada	Pali Canon	Anguttara Nikaya	AN 8.70:3.1	https://suttacentral.net/an8.70	2	place	word	attested	another name of Bahuputta Cetiya	SuttaCentral bilara-data Mahāsaṅgīti Pāli (CC0); names from DPPN, SuttaCentral sc-data edition	0.85
Bavari	slug:buddhist:baavarii	Bāvarī, a brahmin ascetic who went from Sāvatthī to Dakkhiṇāpatha and lived…	boy	Bāvarī	Bāvarī	Pali	Buddhist	Theravada	Pali Canon	Sutta Nipata	Snp 5.1:6.1	https://suttacentral.net/snp5.1	35	human	personal	attested		SuttaCentral bilara-data Mahāsaṅgīti Pāli (CC0); names from DPPN, SuttaCentral sc-data edition	0.95
Bahiya	slug:buddhist:baahiya-1	Bāhiya, As an ascetic, he came himself to believe that he had attained… (DPPN Bāhiya 1)	boy	Bāhiya	Bāhiya	Pali	Buddhist	Theravada	Pali Canon	Anguttara Nikaya	AN 1.216:1.1	https://suttacentral.net/an1.209-218		human	personal	attested		SuttaCentral bilara-data Mahāsaṅgīti Pāli (CC0); names from DPPN, SuttaCentral sc-data edition	0.85
Daruciriya	slug:buddhist:baahiya-1	Bāhiya, As an ascetic, he came himself to believe that he had attained… (DPPN Bāhiya 1)	boy	Dārucīriya	Dārucīriya	Pali	Buddhist	Theravada	Pali Canon	Anguttara Nikaya	AN 1.216:1.1	https://suttacentral.net/an1.209-218	24	human	epithet	attested	epithet of Bāhiya	SuttaCentral bilara-data Mahāsaṅgīti Pāli (CC0); names from DPPN, SuttaCentral sc-data edition	0.95
Bahuna	slug:buddhist:baahuna	Bāhuna, a monk who is said to have asked the Buddha, while on the banks of…	boy	Bāhuna	Bāhuna	Pali	Buddhist	Theravada	Pali Canon	Milindapanha	Mil 6.4.2:11.7	https://suttacentral.net/mil6.4.2	1	disciple	personal	attested		SuttaCentral bilara-data Mahāsaṅgīti Pāli (CC0); names from DPPN, SuttaCentral sc-data edition	0.85
Bahumati	slug:buddhist:baahumati	Bāhumati, river		Bāhumati	Bāhumati	Pali	Buddhist	Theravada	Pali Canon	Majjhima Nikaya	MN 7:20.5	https://suttacentral.net/mn7	1	place	word	attested		SuttaCentral bilara-data Mahāsaṅgīti Pāli (CC0); names from DPPN, SuttaCentral sc-data edition	0.95
Bahuraggi	slug:buddhist:baahuraggi	Bāhuraggi, one of seven beings born in the Avihā world, there to pass away…	boy	Bāhuraggi	Bāhuraggi	Pali	Buddhist	Theravada	Pali Canon	Samyutta Nikaya	SN 1.50:3.4	https://suttacentral.net/sn1.50	2	human	personal	attested		SuttaCentral bilara-data Mahāsaṅgīti Pāli (CC0); names from DPPN, SuttaCentral sc-data edition	0.95
Bimbisara	Q317765	Bimbisāra, king of Magadha	boy	Bimbisāra	Bimbisāra	Pali	Buddhist	Theravada	Pali Canon	Digha Nikaya	DN 4:1.4	https://suttacentral.net/dn4	178	royal	personal	attested	Pali form of Sanskrit Bimbisāra	SuttaCentral bilara-data Mahāsaṅgīti Pāli (CC0); names from DPPN, SuttaCentral sc-data edition; Wikidata (CC0)	0.95
Seniya	Q317765	Bimbisāra, king of Magadha	boy	Seniya	Seniya	Pali	Buddhist	Theravada	Pali Canon	Vinaya Pitaka	Kd 1:22.2.1	https://suttacentral.net/pli-tv-kd1		royal	personal	attested	another name of Bimbisāra; Pali form of Sanskrit Bimbisāra	SuttaCentral bilara-data Mahāsaṅgīti Pāli (CC0); names from DPPN, SuttaCentral sc-data edition; Wikidata (CC0)	0.85
Bharadvaja	slug:buddhist:bilangika	Bilaṅgika, one of the Bhāradvāja brothers	boy	Bhāradvāja	Bhāradvāja	Pali	Buddhist	Theravada	Pali Canon	Samyutta Nikaya	SN 7.3:6.4	https://suttacentral.net/sn7.3		human	personal	attested	another name of Bilaṅgika	SuttaCentral bilara-data Mahāsaṅgīti Pāli (CC0); names from DPPN, SuttaCentral sc-data edition	0.85
Thulu	slug:buddhist:thuuluu	Thūlū, region		Thūlū	Thūlū	Pali	Buddhist	Theravada	Pali Canon	Digha Nikaya	DN 24:1.7.1	https://suttacentral.net/dn24	1	place	word	attested		SuttaCentral bilara-data Mahāsaṅgīti Pāli (CC0); names from DPPN, SuttaCentral sc-data edition	0.85
Belattha Kaccana	slug:buddhist:belatthakaccaana	Belaṭṭhakaccāna, a sugar dealer	boy	Belaṭṭha Kaccāna	Belaṭṭha Kaccāna	Pali	Buddhist	Theravada	Pali Canon	Vinaya Pitaka	Kd 6:26.1.2	https://suttacentral.net/pli-tv-kd6	19	human	personal	attested		SuttaCentral bilara-data Mahāsaṅgīti Pāli (CC0); names from DPPN, SuttaCentral sc-data edition	0.95
Kaccana	slug:buddhist:belatthakaccaana	Belaṭṭhakaccāna, a sugar dealer	boy	Kaccāna	Kaccāna	Pali	Buddhist	Theravada	Pali Canon	Vinaya Pitaka	Kd 6:26.1.2	https://suttacentral.net/pli-tv-kd6		human	personal	attested	another name of Belaṭṭhakaccāna	SuttaCentral bilara-data Mahāsaṅgīti Pāli (CC0); names from DPPN, SuttaCentral sc-data edition	0.85
Belattha	slug:buddhist:belatthakaccaana	Belaṭṭhakaccāna, a sugar dealer	boy	Belaṭṭha	Belaṭṭha	Pali	Buddhist	Theravada	Pali Canon	Vinaya Pitaka	Kd 6:26.1.2	https://suttacentral.net/pli-tv-kd6	19	human	epithet	attested	epithet of Belaṭṭhakaccāna	SuttaCentral bilara-data Mahāsaṅgīti Pāli (CC0); names from DPPN, SuttaCentral sc-data edition	0.95
Belatthasisa	slug:buddhist:belatthasiisa	Belaṭṭhasīsa, an arahant, preceptor of Ānanda	boy	Belaṭṭhasīsa	Belaṭṭhasīsa	Pali	Buddhist	Theravada	Pali Canon	Theragatha	Thag 1.16:1.7	https://suttacentral.net/thag1.16	12	disciple	personal	attested		SuttaCentral bilara-data Mahāsaṅgīti Pāli (CC0); names from DPPN, SuttaCentral sc-data edition	0.95
Belatthanika	slug:buddhist:belatthaanika	Belaṭṭhānika, a monk whose Theragāthā verse speaks of how the spiritual life is…	boy	Belaṭṭhānika	Belaṭṭhānika	Pali	Buddhist	Theravada	Pali Canon	Theragatha	Thag 1.101:1.5	https://suttacentral.net/thag1.101	2	disciple	personal	attested		SuttaCentral bilara-data Mahāsaṅgīti Pāli (CC0); names from DPPN, SuttaCentral sc-data edition	0.95
Bodhi	slug:buddhist:bodhi	Bodhi, place		Bodhi	Bodhi	Pali	Buddhist	Theravada	Pali Canon	Majjhima Nikaya	MN 85:2.1	https://suttacentral.net/mn85		place	word	attested		SuttaCentral bilara-data Mahāsaṅgīti Pāli (CC0); names from DPPN, SuttaCentral sc-data edition	0.85
Bodhisatta	slug:buddhist:bodhisatta	Bodhisatta, the name given to a being who aspires to Bodhi or Awakening		Bodhisatta	Bodhisatta	Pali	Buddhist	Theravada	Pali Canon	Digha Nikaya	DN 14:1.17.1	https://suttacentral.net/dn14		title	word	attested		SuttaCentral bilara-data Mahāsaṅgīti Pāli (CC0); names from DPPN, SuttaCentral sc-data edition	0.85
Brahmadatta	slug:buddhist:brahmadatta-1	Brahmadatta, King of Kāsi (DPPN Brahmadatta 1)	boy	Brahmadatta	Brahmadatta	Pali	Buddhist	Theravada	Pali Canon	Vinaya Pitaka	Kd 10:2.3.2	https://suttacentral.net/pli-tv-kd10		royal	personal	attested		SuttaCentral bilara-data Mahāsaṅgīti Pāli (CC0); names from DPPN, SuttaCentral sc-data edition	0.85
Brahmadatta	slug:buddhist:brahmadatta-2	Brahmadatta, King of the Assakas and friend of Reṇu (DPPN Brahmadatta 2)	boy	Brahmadatta	Brahmadatta	Pali	Buddhist	Theravada	Pali Canon	Digha Nikaya	DN 19:36.13	https://suttacentral.net/dn19		royal	personal	attested		SuttaCentral bilara-data Mahāsaṅgīti Pāli (CC0); names from DPPN, SuttaCentral sc-data edition	0.85
Brahmadatta	slug:buddhist:brahmadatta-3	Brahmadatta, a monk whose Theragāthā verses speak of avoiding anger when… (DPPN Brahmadatta 3)	boy	Brahmadatta	Brahmadatta	Pali	Buddhist	Theravada	Pali Canon	Theragatha	Thag 6.12:6.5	https://suttacentral.net/thag6.12		disciple	personal	attested		SuttaCentral bilara-data Mahāsaṅgīti Pāli (CC0); names from DPPN, SuttaCentral sc-data edition	0.85
Brahmadatta	slug:buddhist:brahmadatta-4	Brahmadatta, Pupil of the wanderer Suppiya (DPPN Brahmadatta 4)	boy	Brahmadatta	Brahmadatta	Pali	Buddhist	Theravada	Pali Canon	Digha Nikaya	DN 1:1.1.3	https://suttacentral.net/dn1		human	personal	attested		SuttaCentral bilara-data Mahāsaṅgīti Pāli (CC0); names from DPPN, SuttaCentral sc-data edition	0.85
Brahmadeva	slug:buddhist:brahmadeva	Brahmadeva, the son of a brahmin woman	boy	Brahmadeva	Brahmadeva	Pali	Buddhist	Theravada	Pali Canon	Samyutta Nikaya	SN 6.3:1.3	https://suttacentral.net/sn6.3	12	human	personal	attested		SuttaCentral bilara-data Mahāsaṅgīti Pāli (CC0); names from DPPN, SuttaCentral sc-data edition	0.85
Brahmali	slug:buddhist:brahmaali	Brahmāli, a monk whose Theragāthā verses speak of how even the gods envy one…	boy	Brahmāli	Brahmāli	Pali	Buddhist	Theravada	Pali Canon	Theragatha	Thag 2.43:2.5	https://suttacentral.net/thag2.43	2	disciple	personal	attested		SuttaCentral bilara-data Mahāsaṅgīti Pāli (CC0); names from DPPN, SuttaCentral sc-data edition	0.95
Patayanti	slug:buddhist:pataayanti	Patāyanti, building		Patāyanti	Patāyanti	Pali	Buddhist	Theravada	Pali Canon	Digha Nikaya	DN 32:7.50	https://suttacentral.net/dn32	3	place	word	attested		SuttaCentral bilara-data Mahāsaṅgīti Pāli (CC0); names from DPPN, SuttaCentral sc-data edition	0.95
Patayanti	slug:buddhist:pataayanti	Patāyanti, building		Patāyantī	Patāyantī	Pali	Buddhist	Theravada	Pali Canon	Digha Nikaya	DN 32:7.50	https://suttacentral.net/dn32	3	place	word	attested	another name of Patāyanti	SuttaCentral bilara-data Mahāsaṅgīti Pāli (CC0); names from DPPN, SuttaCentral sc-data edition	0.95
Bhagu	slug:buddhist:bhagu-1	Bhagu, a famous sage of old (DPPN Bhagu 1)	boy	Bhagu	Bhagu	Pali	Buddhist	Theravada	Pali Canon	Digha Nikaya	DN 3:2.8.1	https://suttacentral.net/dn3		human	personal	attested		SuttaCentral bilara-data Mahāsaṅgīti Pāli (CC0); names from DPPN, SuttaCentral sc-data edition	0.85
Bhagu	slug:buddhist:bhagu-2	Bhagu, place (DPPN Bhagu 2)		Bhagu	Bhagu	Pali	Buddhist	Theravada	Pali Canon	Majjhima Nikaya	MN 128:7.2	https://suttacentral.net/mn128		place	word	attested		SuttaCentral bilara-data Mahāsaṅgīti Pāli (CC0); names from DPPN, SuttaCentral sc-data edition	0.85
Bhaggava	slug:buddhist:bhaggava	Bhaggava, a potter in Rājagaha in whose dwelling the Buddha met and conversed…	boy	Bhaggava	Bhaggava	Pali	Buddhist	Theravada	Pali Canon	Samyutta Nikaya	SN 1.50:11.2	https://suttacentral.net/sn1.50		human	personal	attested		SuttaCentral bilara-data Mahāsaṅgīti Pāli (CC0); names from DPPN, SuttaCentral sc-data edition	0.85
Bhaggavagotta	slug:buddhist:bhaggavagotta	Bhaggavagotta, a clothed Wanderer who lived in a pleasance near Anupiya	boy	Bhaggavagotta	Bhaggavagotta	Pali	Buddhist	Theravada	Pali Canon	Digha Nikaya	DN 24:1.1.6	https://suttacentral.net/dn24	7	human	personal	attested		SuttaCentral bilara-data Mahāsaṅgīti Pāli (CC0); names from DPPN, SuttaCentral sc-data edition	0.95
Bhagga	slug:buddhist:bhaggaa	Bhaggā, region		Bhaggā	Bhaggā	Pali	Buddhist	Theravada	Pali Canon	Majjhima Nikaya	MN 50:1.2	https://suttacentral.net/mn50		place	word	attested		SuttaCentral bilara-data Mahāsaṅgīti Pāli (CC0); names from DPPN, SuttaCentral sc-data edition	0.85
Bhandagama	slug:buddhist:bhandagaama	Bhaṇḍagāma, town		Bhaṇḍagāma	Bhaṇḍagāma	Pali	Buddhist	Theravada	Pali Canon	Digha Nikaya	DN 16:4.1.4	https://suttacentral.net/dn16	6	place	word	attested		SuttaCentral bilara-data Mahāsaṅgīti Pāli (CC0); names from DPPN, SuttaCentral sc-data edition	0.95
Bhadda	slug:buddhist:bhadda-1	Bhadda, a lay disciple of Nādikā who, the Buddha declared, had destroyed the… (DPPN Bhadda 1)	boy	Bhadda	Bhadda	Pali	Buddhist	Theravada	Pali Canon	Digha Nikaya	DN 16:1.3.1	https://suttacentral.net/dn16		disciple	personal	attested		SuttaCentral bilara-data Mahāsaṅgīti Pāli (CC0); names from DPPN, SuttaCentral sc-data edition	0.85
Bhadda	slug:buddhist:bhadda-2	Bhadda, a monk whose Theragāthā verses tell how his parents with pride and… (DPPN Bhadda 2)	boy	Bhadda	Bhadda	Pali	Buddhist	Theravada	Pali Canon	Theragatha	Thag 7.3:6.3	https://suttacentral.net/thag7.3		disciple	personal	attested		SuttaCentral bilara-data Mahāsaṅgīti Pāli (CC0); names from DPPN, SuttaCentral sc-data edition	0.85
Bhaddavatika	slug:buddhist:bhaddavatikaa	Bhaddavatikā, town		Bhaddavatikā	Bhaddavatikā	Pali	Buddhist	Theravada	Pali Canon	Vinaya Pitaka	Bu Pc 51:1.1	https://suttacentral.net/pli-tv-bu-vb-pc51	9	place	word	attested		SuttaCentral bilara-data Mahāsaṅgīti Pāli (CC0); names from DPPN, SuttaCentral sc-data edition	0.85
Bhadda	slug:buddhist:bhaddaa-2	Bhaddā, a bhikkhunī whose Therīgāthā verses speak in praise of Kassapa, who… (DPPN Bhaddā 2)	girl	Bhaddā	Bhaddā	Pali	Buddhist	Theravada	Pali Canon	Anguttara Nikaya	AN 1.243:1.1	https://suttacentral.net/an1.235-247		disciple	personal	attested		SuttaCentral bilara-data Mahāsaṅgīti Pāli (CC0); names from DPPN, SuttaCentral sc-data edition	0.85
Kapilani	slug:buddhist:bhaddaa-2	Bhaddā, a bhikkhunī whose Therīgāthā verses speak in praise of Kassapa, who… (DPPN Bhaddā 2)	girl	Kāpilānī	Kāpilānī	Pali	Buddhist	Theravada	Pali Canon	Anguttara Nikaya	AN 1.244:1.1	https://suttacentral.net/an1.235-247		disciple	epithet	attested	epithet of Bhaddā	SuttaCentral bilara-data Mahāsaṅgīti Pāli (CC0); names from DPPN, SuttaCentral sc-data edition	0.85
Bhadda	Q3889040	Bhaddā Kuṇḍalakesā, bhikkhunī	girl	Bhaddā	Bhaddā	Pali	Buddhist	Theravada	Pali Canon	Anguttara Nikaya	AN 1.243:1.1	https://suttacentral.net/an1.235-247		disciple	personal	attested	Pali form of Sanskrit Bhadrā Kuṇḍalakeśā	SuttaCentral bilara-data Mahāsaṅgīti Pāli (CC0); names from DPPN, SuttaCentral sc-data edition; Wikidata (CC0)	0.85
Kundalakesa	Q3889040	Bhaddā Kuṇḍalakesā, bhikkhunī	girl	Kuṇḍalakesā	Kuṇḍalakesā	Pali	Buddhist	Theravada	Pali Canon	Anguttara Nikaya	AN 1.243:1.1	https://suttacentral.net/an1.235-247		disciple	epithet	attested	epithet of Bhaddā; Pali form of Sanskrit Bhadrā Kuṇḍalakeśā	SuttaCentral bilara-data Mahāsaṅgīti Pāli (CC0); names from DPPN, SuttaCentral sc-data edition; Wikidata (CC0)	0.85
Bhaddali	slug:buddhist:bhaddaali	Bhaddāli, When the Buddha, at Jetavana, laid down the rule that monks should…	boy	Bhaddāli	Bhaddāli	Pali	Buddhist	Theravada	Pali Canon	Majjhima Nikaya	MN 65:3.1	https://suttacentral.net/mn65	98	disciple	personal	attested		SuttaCentral bilara-data Mahāsaṅgīti Pāli (CC0); names from DPPN, SuttaCentral sc-data edition	0.85
Bhaddiya	slug:buddhist:bhaddiya-1	Bhaddiya, an anāgāmī, one of seven persons who became arahants as soon as they… (DPPN Bhaddiya 1)	boy	Bhaddiya	Bhaddiya	Pali	Buddhist	Theravada	Pali Canon	Samyutta Nikaya	SN 2.24:4.3	https://suttacentral.net/sn2.24		disciple	personal	attested		SuttaCentral bilara-data Mahāsaṅgīti Pāli (CC0); names from DPPN, SuttaCentral sc-data edition	0.85
Bhaddiya	slug:buddhist:bhaddiya-2	Bhaddiya, Chief among monks of aristocratic birth (DPPN Bhaddiya 2)	boy	Bhaddiya	Bhaddiya	Pali	Buddhist	Theravada	Pali Canon	Theragatha	Thag 16.7:2.4	https://suttacentral.net/thag16.7		disciple	personal	attested		SuttaCentral bilara-data Mahāsaṅgīti Pāli (CC0); names from DPPN, SuttaCentral sc-data edition	0.85
Bhaddiya	slug:buddhist:bhaddiya-3	Bhaddiya, town (DPPN Bhaddiya 3)		Bhaddiya	Bhaddiya	Pali	Buddhist	Theravada	Pali Canon	Vinaya Pitaka	Bu Pj 1:9.7.44	https://suttacentral.net/pli-tv-bu-vb-pj1		place	word	attested		SuttaCentral bilara-data Mahāsaṅgīti Pāli (CC0); names from DPPN, SuttaCentral sc-data edition	0.85
Bhadra	slug:buddhist:bhadraa	Bhadrā, a bhikkhunī whose Therīgāthā verses speak of going forth out of faith…	girl	Bhadrā	Bhadrā	Pali	Buddhist	Theravada	Pali Canon	Therigatha	Thig 1.9:1.2	https://suttacentral.net/thig1.9		disciple	personal	attested		SuttaCentral bilara-data Mahāsaṅgīti Pāli (CC0); names from DPPN, SuttaCentral sc-data edition	0.85
Bhadravudha	slug:buddhist:bhadraavudha	Bhadrāvudha, one of the sixteen disciples of Bāvarī, who, at his request, visited…	boy	Bhadrāvudha	Bhadrāvudha	Pali	Buddhist	Theravada	Pali Canon	Sutta Nipata	Snp 5.1:33.1	https://suttacentral.net/snp5.1	21	disciple	personal	attested		SuttaCentral bilara-data Mahāsaṅgīti Pāli (CC0); names from DPPN, SuttaCentral sc-data edition	0.95
Bharandu Kalama	slug:buddhist:bharandukaalaama	Bharaṇḍukālāma, a recluse, once a co-disciple of the Buddha in the holy life	boy	Bharaṇḍu Kālāma	Bharaṇḍu Kālāma	Pali	Buddhist	Theravada	Pali Canon	Anguttara Nikaya	AN 3.126:3.3	https://suttacentral.net/an3.126	8	disciple	personal	attested		SuttaCentral bilara-data Mahāsaṅgīti Pāli (CC0); names from DPPN, SuttaCentral sc-data edition	0.85
Bharata	slug:buddhist:bharata-1	Bharata, a monk whose Theragāthā verses call on Nandaka and himself to declare… (DPPN Bharata 1)	boy	Bharata	Bharata	Pali	Buddhist	Theravada	Pali Canon	Theragatha	Thag 2.28:2.5	https://suttacentral.net/thag2.28		disciple	personal	attested		SuttaCentral bilara-data Mahāsaṅgīti Pāli (CC0); names from DPPN, SuttaCentral sc-data edition	0.85
Bharata	slug:buddhist:bharata-2	Bharata, King of the Sovīras in the time of Reṇu (DPPN Bharata 2)	boy	Bharata	Bharata	Pali	Buddhist	Theravada	Pali Canon	Digha Nikaya	DN 19:36.14	https://suttacentral.net/dn19		royal	personal	attested		SuttaCentral bilara-data Mahāsaṅgīti Pāli (CC0); names from DPPN, SuttaCentral sc-data edition	0.85
Bhallika	slug:buddhist:bhallika	Bhallika, Together with Tapussa they were the first lay disciples of the Buddha	boy	Bhallika	Bhallika	Pali	Buddhist	Theravada	Pali Canon	Anguttara Nikaya	AN 6.120-139:1.1	https://suttacentral.net/an6.120-139	2	disciple	personal	attested		SuttaCentral bilara-data Mahāsaṅgīti Pāli (CC0); names from DPPN, SuttaCentral sc-data edition	0.95
Bhalliya	slug:buddhist:bhallika	Bhallika, Together with Tapussa they were the first lay disciples of the Buddha	boy	Bhalliya	Bhalliya	Pali	Buddhist	Theravada	Pali Canon	Theragatha	Thag 1.7:1.5	https://suttacentral.net/thag1.7	2	disciple	epithet	attested	epithet of Bhallika	SuttaCentral bilara-data Mahāsaṅgīti Pāli (CC0); names from DPPN, SuttaCentral sc-data edition	0.95
Bharadvaja	slug:buddhist:bhaaradvaaja-1	Bhāradvāja, a monk whose Theragāthā verses speak of the heroic roar of the… (DPPN Bhāradvāja 1)	boy	Bhāradvāja	Bhāradvāja	Pali	Buddhist	Theravada	Pali Canon	Theragatha	Thag 2.29:2.5	https://suttacentral.net/thag2.29		disciple	personal	attested		SuttaCentral bilara-data Mahāsaṅgīti Pāli (CC0); names from DPPN, SuttaCentral sc-data edition	0.85
Bharadvaja	slug:buddhist:bhaaradvaaja-2	Bhāradvāja, He was the eldest of a clan of Bhāradvājas living in Rājagaha and his… (DPPN Bhāradvāja 2)	boy	Bhāradvāja	Bhāradvāja	Pali	Buddhist	Theravada	Pali Canon	Samyutta Nikaya	SN 7.1:10.2	https://suttacentral.net/sn7.1		human	personal	attested		SuttaCentral bilara-data Mahāsaṅgīti Pāli (CC0); names from DPPN, SuttaCentral sc-data edition	0.85
Bharadvaja	slug:buddhist:bhaaradvaaja-3	Bhāradvāja, a young brahmin, pupil of Tārukkha (DPPN Bhāradvāja 3)	boy	Bhāradvāja	Bhāradvāja	Pali	Buddhist	Theravada	Pali Canon	Digha Nikaya	DN 13:6.1	https://suttacentral.net/dn13		human	personal	attested		SuttaCentral bilara-data Mahāsaṅgīti Pāli (CC0); names from DPPN, SuttaCentral sc-data edition	0.85
Bharadvaja	slug:buddhist:bhaaradvaaja-4	Bhāradvāja, the name of a brahmin clan; about twenty individuals belonging to… (DPPN Bhāradvāja 4)		Bhāradvāja	Bhāradvāja	Pali	Buddhist	Theravada	Pali Canon	Digha Nikaya	DN 13:6.1	https://suttacentral.net/dn13		tribe	word	attested		SuttaCentral bilara-data Mahāsaṅgīti Pāli (CC0); names from DPPN, SuttaCentral sc-data edition	0.85
Bharadvaja	slug:buddhist:bhaaradvaaja-6	Bhāradvāja, a yakkha chief to whom disciples of the Buddha should make appeal in… (DPPN Bhāradvāja 6)	boy	Bhāradvāja	Bhāradvāja	Pali	Buddhist	Theravada	Pali Canon	Digha Nikaya	DN 32:10.3	https://suttacentral.net/dn32		mythological_being	personal	attested		SuttaCentral bilara-data Mahāsaṅgīti Pāli (CC0); names from DPPN, SuttaCentral sc-data edition	0.85
Bharadvaja	slug:buddhist:bhaaradvaaja-7	Bhāradvāja, a Pacceka Buddha (DPPN Bhāradvāja 7)	boy	Bhāradvāja	Bhāradvāja	Pali	Buddhist	Theravada	Pali Canon	Majjhima Nikaya	MN 116:6.24	https://suttacentral.net/mn116		sage	personal	attested		SuttaCentral bilara-data Mahāsaṅgīti Pāli (CC0); names from DPPN, SuttaCentral sc-data edition	0.85
Bharadvaja	slug:buddhist:bhaaradvaaja-8	Bhāradvāja, a brahmin of Rājagaha who—incensed that his eldest brother, a member… (DPPN Bhāradvāja 8)	boy	Bhāradvāja	Bhāradvāja	Pali	Buddhist	Theravada	Pali Canon	Samyutta Nikaya	SN 7.1:10.2	https://suttacentral.net/sn7.1		human	personal	attested		SuttaCentral bilara-data Mahāsaṅgīti Pāli (CC0); names from DPPN, SuttaCentral sc-data edition	0.85
Akkosakabharadvaja	slug:buddhist:bhaaradvaaja-8	Bhāradvāja, a brahmin of Rājagaha who—incensed that his eldest brother, a member… (DPPN Bhāradvāja 8)	boy	Akkosakabhāradvāja	Akkosakabhāradvāja	Pali	Buddhist	Theravada	Pali Canon	Samyutta Nikaya	SN 7.2:1.2	https://suttacentral.net/sn7.2	5	human	epithet	attested	epithet of Bhāradvāja	SuttaCentral bilara-data Mahāsaṅgīti Pāli (CC0); names from DPPN, SuttaCentral sc-data edition	0.85
Bhavitatta	slug:buddhist:bhaavitatta	Bhāvitatta, the name of two Pacceka Buddhas		Bhāvitatta	Bhāvitatta	Pali	Buddhist	Theravada	Pali Canon	Majjhima Nikaya	MN 116:4.13	https://suttacentral.net/mn116		sage	personal	attested		SuttaCentral bilara-data Mahāsaṅgīti Pāli (CC0); names from DPPN, SuttaCentral sc-data edition	0.85
Bhiyyasa	slug:buddhist:bhiyyasa	Bhiyyasa, one of the two chief disciples of Koṇāgamana Buddha	boy	Bhiyyasa	Bhiyyasa	Pali	Buddhist	Theravada	Pali Canon	Buddhavamsa	Bv 25:22.1	https://suttacentral.net/bv25	1	disciple	personal	attested		SuttaCentral bilara-data Mahāsaṅgīti Pāli (CC0); names from DPPN, SuttaCentral sc-data edition	0.85
Bhumma	slug:buddhist:bhummaa	Bhummā, a class of devas, earth bound deities		Bhummā	Bhummā	Pali	Buddhist	Theravada	Pali Canon	Anguttara Nikaya	AN 7.69:15.1	https://suttacentral.net/an7.69		mythological_being	word	attested		SuttaCentral bilara-data Mahāsaṅgīti Pāli (CC0); names from DPPN, SuttaCentral sc-data edition	0.85
Bhusagara	slug:buddhist:bhusaagaara	Bhusāgāra, building		Bhusāgāra	Bhusāgāra	Pali	Buddhist	Theravada	Pali Canon	Vinaya Pitaka	Kd 6:37.4.2	https://suttacentral.net/pli-tv-kd6		place	word	attested		SuttaCentral bilara-data Mahāsaṅgīti Pāli (CC0); names from DPPN, SuttaCentral sc-data edition	0.85
Bhuta	slug:buddhist:bhuuta	Bhūta, a monk whose Theragāthā verses speak of the greatest contentment…	boy	Bhūta	Bhūta	Pali	Buddhist	Theravada	Pali Canon	Theragatha	Thag 9.1:9.5	https://suttacentral.net/thag9.1		disciple	personal	attested		SuttaCentral bilara-data Mahāsaṅgīti Pāli (CC0); names from DPPN, SuttaCentral sc-data edition	0.85
Bhumija	slug:buddhist:bhuumija	Bhūmija, Uncle of Prince Jayasena	boy	Bhūmija	Bhūmija	Pali	Buddhist	Theravada	Pali Canon	Majjhima Nikaya	MN 126:2.1	https://suttacentral.net/mn126	58	royal	personal	attested		SuttaCentral bilara-data Mahāsaṅgīti Pāli (CC0); names from DPPN, SuttaCentral sc-data edition	0.95
Bhoganagara	slug:buddhist:bhoganagara	Bhoganagara, town		Bhoganagara	Bhoganagara	Pali	Buddhist	Theravada	Pali Canon	Digha Nikaya	DN 16:4.5.5	https://suttacentral.net/dn16	8	place	word	attested		SuttaCentral bilara-data Mahāsaṅgīti Pāli (CC0); names from DPPN, SuttaCentral sc-data edition	0.95
Makutabandhana	slug:buddhist:makutabandhana	Makuṭabandhana, shrine		Makuṭabandhana	Makuṭabandhana	Pali	Buddhist	Theravada	Pali Canon	Digha Nikaya	DN 16:6.15.5	https://suttacentral.net/dn16	3	place	word	attested		SuttaCentral bilara-data Mahāsaṅgīti Pāli (CC0); names from DPPN, SuttaCentral sc-data edition	0.95
Makkarakata	slug:buddhist:makkarakata	Makkarakata, town		Makkarakata	Makkarakata	Pali	Buddhist	Theravada	Pali Canon	Samyutta Nikaya	SN 35.132:1.1	https://suttacentral.net/sn35.132	2	place	word	attested		SuttaCentral bilara-data Mahāsaṅgīti Pāli (CC0); names from DPPN, SuttaCentral sc-data edition	0.85
Makkhali	Q2701335	Makkhali Gosāla, teacher	boy	Makkhali	Makkhali	Pali	Buddhist	Theravada	Pali Canon	Digha Nikaya	DN 2:3.2	https://suttacentral.net/dn2	32	human	personal	attested	Pali form of Sanskrit Maskarin Gośālīputra	SuttaCentral bilara-data Mahāsaṅgīti Pāli (CC0); names from DPPN, SuttaCentral sc-data edition; Wikidata (CC0)	0.95
Gosala	Q2701335	Makkhali Gosāla, teacher	boy	Gosāla	Gosāla	Pali	Buddhist	Theravada	Pali Canon	Digha Nikaya	DN 2:3.2	https://suttacentral.net/dn2		human	personal	attested	another name of Makkhali; Pali form of Sanskrit Maskarin Gośālīputra	SuttaCentral bilara-data Mahāsaṅgīti Pāli (CC0); names from DPPN, SuttaCentral sc-data edition; Wikidata (CC0)	0.85
Maghadeva	slug:buddhist:makhaadeva	Makhādeva, King of Mithilā	boy	Maghadeva	Maghadeva	Pali	Buddhist	Theravada	Pali Canon	Majjhima Nikaya	MN 83:3.1	https://suttacentral.net/mn83	24	royal	epithet	attested	epithet of Makhādeva	SuttaCentral bilara-data Mahāsaṅgīti Pāli (CC0); names from DPPN, SuttaCentral sc-data edition	0.85
Maghadevaambavana	slug:buddhist:maghadevaambavana	Maghadevaambavana, park		Maghadevaambavana	Maghadevaambavana	Pali	Buddhist	Theravada	Pali Canon	Majjhima Nikaya	MN 83:1.2	https://suttacentral.net/mn83	13	place	word	attested		SuttaCentral bilara-data Mahāsaṅgīti Pāli (CC0); names from DPPN, SuttaCentral sc-data edition	0.85
Magadhakhetta	slug:buddhist:magadhakhetta	Magadhakhetta, region		Magadhakhetta	Magadhakhetta	Pali	Buddhist	Theravada	Pali Canon	Vinaya Pitaka	Kd 8:12.1.2	https://suttacentral.net/pli-tv-kd8	2	place	word	attested		SuttaCentral bilara-data Mahāsaṅgīti Pāli (CC0); names from DPPN, SuttaCentral sc-data edition	0.95
Mangala	slug:buddhist:mangala	Maṅgala, a Pacceka Buddha		Maṅgala	Maṅgala	Pali	Buddhist	Theravada	Pali Canon	Majjhima Nikaya	MN 116:6.29	https://suttacentral.net/mn116		sage	personal	attested		SuttaCentral bilara-data Mahāsaṅgīti Pāli (CC0); names from DPPN, SuttaCentral sc-data edition	0.85
Maccha	slug:buddhist:macchaa	Macchā, janapada		Macchā	Macchā	Pali	Buddhist	Theravada	Pali Canon	Anguttara Nikaya	AN 3.70:28.3	https://suttacentral.net/an3.70		place	word	attested		SuttaCentral bilara-data Mahāsaṅgīti Pāli (CC0); names from DPPN, SuttaCentral sc-data edition	0.85
Macchikasanda	slug:buddhist:macchikaasanda	Macchikāsaṇḍa, town		Macchikāsaṇḍa	Macchikāsaṇḍa	Pali	Buddhist	Theravada	Pali Canon	Samyutta Nikaya	SN 41.1:1.1	https://suttacentral.net/sn41.1	27	place	word	attested		SuttaCentral bilara-data Mahāsaṅgīti Pāli (CC0); names from DPPN, SuttaCentral sc-data edition	0.95
Macchikasandika	slug:buddhist:macchikaasandika	Macchikāsaṇḍika, an epithet of Cittagahapati, because he lived in Macchikāslānda	boy	Macchikāsaṇḍika	Macchikāsaṇḍika	Pali	Buddhist	Theravada	Pali Canon	Anguttara Nikaya	AN 1.250:1.1	https://suttacentral.net/an1.248-257		human	personal	attested		SuttaCentral bilara-data Mahāsaṅgīti Pāli (CC0); names from DPPN, SuttaCentral sc-data edition	0.85
Matula	slug:buddhist:maatula	Mātula, town		Matula	Matula	Pali	Buddhist	Theravada	Pali Canon	Majjhima Nikaya	MN 116:6.1	https://suttacentral.net/mn116	1	place	word	attested	another name of Mātula	SuttaCentral bilara-data Mahāsaṅgīti Pāli (CC0); names from DPPN, SuttaCentral sc-data edition	0.85
Maddakucchi	slug:buddhist:maddakucchi	Maddakucchi, park		Maddakucchi	Maddakucchi	Pali	Buddhist	Theravada	Pali Canon	Digha Nikaya	DN 16:3.42.9	https://suttacentral.net/dn16	11	place	word	attested		SuttaCentral bilara-data Mahāsaṅgīti Pāli (CC0); names from DPPN, SuttaCentral sc-data edition	0.95
Maddarupi	slug:buddhist:maddaruupi	Maddarūpi, Daughter of Okkāka and wife of Kaṇha, ancestor of Ambaṭṭha	girl	Maddarūpi	Maddarūpi	Pali	Buddhist	Theravada	Pali Canon	Digha Nikaya	DN 3:1.23.6	https://suttacentral.net/dn3	3	human	personal	attested		SuttaCentral bilara-data Mahāsaṅgīti Pāli (CC0); names from DPPN, SuttaCentral sc-data edition	0.95
Manasakata	slug:buddhist:manasaakata	Manasākaṭa, town		Manasākaṭa	Manasākaṭa	Pali	Buddhist	Theravada	Pali Canon	Digha Nikaya	DN 13:1.2	https://suttacentral.net/dn13	16	place	word	attested		SuttaCentral bilara-data Mahāsaṅgīti Pāli (CC0); names from DPPN, SuttaCentral sc-data edition	0.95
Manapakayika	slug:buddhist:manaapakaayikaa	Manāpakāyikā, a class of devas possessing lovely forms		Manāpakāyikā	Manāpakāyikā	Pali	Buddhist	Theravada	Pali Canon	Anguttara Nikaya	AN 8.46:1.3	https://suttacentral.net/an8.46		mythological_being	word	attested		SuttaCentral bilara-data Mahāsaṅgīti Pāli (CC0); names from DPPN, SuttaCentral sc-data edition	0.85
Mani	slug:buddhist:mani	Maṇi, a yakkha chief, to be invoked by Buddhists in time of need	boy	Maṇi	Maṇi	Pali	Buddhist	Theravada	Pali Canon	Digha Nikaya	DN 32:10.18	https://suttacentral.net/dn32		mythological_being	personal	attested		SuttaCentral bilara-data Mahāsaṅgīti Pāli (CC0); names from DPPN, SuttaCentral sc-data edition	0.85
Manimalika	slug:buddhist:manimaalika	Maṇimālika, shrine		Maṇimālika	Maṇimālika	Pali	Buddhist	Theravada	Pali Canon	Samyutta Nikaya	SN 10.4:1.1	https://suttacentral.net/sn10.4	1	place	word	attested		SuttaCentral bilara-data Mahāsaṅgīti Pāli (CC0); names from DPPN, SuttaCentral sc-data edition	0.85
Manopadosika	slug:buddhist:manopadosikaa	Manopadosikā, a class of devas		Manopadosikā	Manopadosikā	Pali	Buddhist	Theravada	Pali Canon	Digha Nikaya	DN 1:2.10.2	https://suttacentral.net/dn1		mythological_being	word	attested		SuttaCentral bilara-data Mahāsaṅgīti Pāli (CC0); names from DPPN, SuttaCentral sc-data edition	0.85
Manomaya	slug:buddhist:manomaya	Manomaya, a Pacceka Buddha		Manomaya	Manomaya	Pali	Buddhist	Theravada	Pali Canon	Majjhima Nikaya	MN 116:6.15	https://suttacentral.net/mn116		sage	personal	attested		SuttaCentral bilara-data Mahāsaṅgīti Pāli (CC0); names from DPPN, SuttaCentral sc-data edition	0.85
Manosatta	slug:buddhist:manosattaa	Manosattā, a class of devas		Manosattā	Manosattā	Pali	Buddhist	Theravada	Pali Canon	Majjhima Nikaya	MN 56:11.5	https://suttacentral.net/mn56	1	mythological_being	word	attested		SuttaCentral bilara-data Mahāsaṅgīti Pāli (CC0); names from DPPN, SuttaCentral sc-data edition	0.95
Mantani	slug:buddhist:mantaanii	Mantāṇī, a brahminee, mother of Aṅgulimāla; her husband was Gagga	girl	Mantāṇī	Mantāṇī	Pali	Buddhist	Theravada	Pali Canon	Majjhima Nikaya	MN 86:12.12	https://suttacentral.net/mn86	1	human	personal	attested		SuttaCentral bilara-data Mahāsaṅgīti Pāli (CC0); names from DPPN, SuttaCentral sc-data edition	0.95
Mantavati	slug:buddhist:mantaavatii	Mantāvatī, town		Mantāvatī	Mantāvatī	Pali	Buddhist	Theravada	Pali Canon	Therigatha	Thig 16.1:1.1	https://suttacentral.net/thig16.1	1	place	word	attested		SuttaCentral bilara-data Mahāsaṅgīti Pāli (CC0); names from DPPN, SuttaCentral sc-data edition	0.95
Mandakini	slug:buddhist:mandaakinii	Mandākinī, lake		Mandākinī	Mandākinī	Pali	Buddhist	Theravada	Pali Canon	Anguttara Nikaya	AN 7.66:6.3	https://suttacentral.net/an7.66		place	word	attested		SuttaCentral bilara-data Mahāsaṅgīti Pāli (CC0); names from DPPN, SuttaCentral sc-data edition	0.85
Mandhata	slug:buddhist:mandhaataa	Mandhātā, a primeval king	boy	Mandhātā	Mandhātā	Pali	Buddhist	Theravada	Pali Canon	Anguttara Nikaya	AN 4.15:1.6	https://suttacentral.net/an4.15	5	royal	personal	attested		SuttaCentral bilara-data Mahāsaṅgīti Pāli (CC0); names from DPPN, SuttaCentral sc-data edition	0.95
Malitavambha	slug:buddhist:malitavambha	Malitavambha, a monk whose Theragāthā verse says that one should only stay in a…	boy	Malitavambha	Malitavambha	Pali	Buddhist	Theravada	Pali Canon	Theragatha	Thag 1.105:1.5	https://suttacentral.net/thag1.105	2	disciple	personal	attested		SuttaCentral bilara-data Mahāsaṅgīti Pāli (CC0); names from DPPN, SuttaCentral sc-data edition	0.95
Malla	slug:buddhist:mallaa	Mallā, janapada		Mallā	Mallā	Pali	Buddhist	Theravada	Pali Canon	Digha Nikaya	DN 16:4.38.4	https://suttacentral.net/dn16		place	word	attested		SuttaCentral bilara-data Mahāsaṅgīti Pāli (CC0); names from DPPN, SuttaCentral sc-data edition	0.85
Mallika	slug:buddhist:mallikaa	Mallikā, Chief queen of Pasenadi, king of Kosala	boy	Mallikā	Mallikā	Pali	Buddhist	Theravada	Pali Canon	Digha Nikaya	DN 9:1.3	https://suttacentral.net/dn9		royal	personal	attested		SuttaCentral bilara-data Mahāsaṅgīti Pāli (CC0); names from DPPN, SuttaCentral sc-data edition	0.85
Mallikaya Arama	slug:buddhist:mallikaaya-aaraama	Mallikāya ārāma, park		Mallikāya ārāma	Mallikāya ārāma	Pali	Buddhist	Theravada	Pali Canon	Digha Nikaya	DN 9:1.3	https://suttacentral.net/dn9	6	place	word	attested		SuttaCentral bilara-data Mahāsaṅgīti Pāli (CC0); names from DPPN, SuttaCentral sc-data edition	0.95
Malli	slug:buddhist:mallii	Mallī, a Malla woman	girl	Mallī	Mallī	Pali	Buddhist	Theravada	Pali Canon	Vinaya Pitaka	Kd 20:27.4.121	https://suttacentral.net/pli-tv-kd20		human	personal	attested		SuttaCentral bilara-data Mahāsaṅgīti Pāli (CC0); names from DPPN, SuttaCentral sc-data edition	0.85
Mahaka	slug:buddhist:mahaka	Mahaka, a novice, pupil of Upananda, who is mentioned as having been guilty…	boy	Mahaka	Mahaka	Pali	Buddhist	Theravada	Pali Canon	Samyutta Nikaya	SN 41.4:3.1	https://suttacentral.net/sn41.4	24	disciple	personal	attested		SuttaCentral bilara-data Mahāsaṅgīti Pāli (CC0); names from DPPN, SuttaCentral sc-data edition	0.95
Mahakaccayana	Q44277	Mahākaccāna, disciple	boy	Mahākaccāyana	Mahākaccāyana	Pali	Buddhist	Theravada	Pali Canon	Majjhima Nikaya	MN 118:1.3	https://suttacentral.net/mn118	34	disciple	personal	attested	Pali form of Sanskrit Mahākātyāyana	SuttaCentral bilara-data Mahāsaṅgīti Pāli (CC0); names from DPPN, SuttaCentral sc-data edition; Wikidata (CC0)	0.95
Mahakaccana	Q44277	Mahākaccāna, disciple	boy	Mahākaccāna	Mahākaccāna	Pali	Buddhist	Theravada	Pali Canon	Majjhima Nikaya	MN 18:10.9	https://suttacentral.net/mn18	215	disciple	epithet	attested	epithet of Mahākaccāyana; Pali form of Sanskrit Mahākātyāyana	SuttaCentral bilara-data Mahāsaṅgīti Pāli (CC0); names from DPPN, SuttaCentral sc-data edition; Wikidata (CC0)	0.95
Kaccana	Q44277	Mahākaccāna, disciple	boy	Kaccāna	Kaccāna	Pali	Buddhist	Theravada	Pali Canon	Majjhima Nikaya	MN 138:6.3	https://suttacentral.net/mn138		disciple	personal	attested	another name of Mahākaccāyana; Pali form of Sanskrit Mahākātyāyana	SuttaCentral bilara-data Mahāsaṅgīti Pāli (CC0); names from DPPN, SuttaCentral sc-data edition; Wikidata (CC0)	0.85
Mahakappina	slug:buddhist:mahaakappina	Mahākappina, one of the most eminent disciples of the Buddha, considered foremost…	boy	Mahākappina	Mahākappina	Pali	Buddhist	Theravada	Pali Canon	Digha Nikaya	DN 2:20.7	https://suttacentral.net/dn2	32	disciple	personal	attested		SuttaCentral bilara-data Mahāsaṅgīti Pāli (CC0); names from DPPN, SuttaCentral sc-data edition	0.95
Mahakassapa	Q335304	Mahākassapa, disciple	boy	Mahākassapa	Mahākassapa	Pali	Buddhist	Theravada	Pali Canon	Digha Nikaya	DN 16:6.19.1	https://suttacentral.net/dn16	138	disciple	personal	attested	Pali form of Sanskrit Mahākāśyapa	SuttaCentral bilara-data Mahāsaṅgīti Pāli (CC0); names from DPPN, SuttaCentral sc-data edition; Wikidata (CC0)	0.95
Kassapa	Q335304	Mahākassapa, disciple	boy	Kassapa	Kassapa	Pali	Buddhist	Theravada	Pali Canon	Digha Nikaya	DN 16:5.26.3	https://suttacentral.net/dn16		disciple	epithet	attested	epithet of Mahākassapa; Pali form of Sanskrit Mahākāśyapa	SuttaCentral bilara-data Mahāsaṅgīti Pāli (CC0); names from DPPN, SuttaCentral sc-data edition; Wikidata (CC0)	0.85
Mahakotthita	slug:buddhist:mahaakotthita	Mahākoṭṭhita, one of the foremost disciples of the Buddha, ranked foremost among…	boy	Mahākoṭṭhita	Mahākoṭṭhita	Pali	Buddhist	Theravada	Pali Canon	Anguttara Nikaya	AN 1.218:1.1	https://suttacentral.net/an1.209-218	1	disciple	personal	attested		SuttaCentral bilara-data Mahāsaṅgīti Pāli (CC0); names from DPPN, SuttaCentral sc-data edition	0.95
Mahajanapada	slug:buddhist:mahaajanapadaa	Mahājanapadā, class		Mahājanapadā	Mahājanapadā	Pali	Buddhist	Theravada	Pali Canon	Anguttara Nikaya	AN 3.70:28.2	https://suttacentral.net/an3.70		place	word	attested		SuttaCentral bilara-data Mahāsaṅgīti Pāli (CC0); names from DPPN, SuttaCentral sc-data edition	0.85
Mahanaga	slug:buddhist:mahaanaaga	Mahānāga, a monk whose Theragāthā verses warn of the dangers that face a monk…	boy	Mahānāga	Mahānāga	Pali	Buddhist	Theravada	Pali Canon	Theragatha	Thag 6.3:6.5	https://suttacentral.net/thag6.3		disciple	personal	attested		SuttaCentral bilara-data Mahāsaṅgīti Pāli (CC0); names from DPPN, SuttaCentral sc-data edition	0.85
Mahanama	slug:buddhist:mahaanaama-1	Mahānāma, a Sākiyan rājā, son of Amitodana; he was elder brother of Anuruddha… (DPPN Mahānāma 1)	boy	Mahānāma	Mahānāma	Pali	Buddhist	Theravada	Pali Canon	Samyutta Nikaya	SN 54.12:1.2	https://suttacentral.net/sn54.12		royal	personal	attested		SuttaCentral bilara-data Mahāsaṅgīti Pāli (CC0); names from DPPN, SuttaCentral sc-data edition	0.85
Mahanama	slug:buddhist:mahaanaama-3	Mahānāma, a monk whose Theragāthā verse speaks of the beauty of Mount Nesadaka (DPPN Mahānāma 3)	boy	Mahānāma	Mahānāma	Pali	Buddhist	Theravada	Pali Canon	Theragatha	Thag 1.115:1.5	https://suttacentral.net/thag1.115		disciple	personal	attested		SuttaCentral bilara-data Mahāsaṅgīti Pāli (CC0); names from DPPN, SuttaCentral sc-data edition	0.85
Mahapajapati	Q613944	Mahāpajāpatī Gotamī, the Buddha's foster mother	girl	Mahāpajāpatī	Mahāpajāpatī	Pali	Buddhist	Theravada	Pali Canon	Majjhima Nikaya	MN 142:2.1	https://suttacentral.net/mn142	83	disciple	personal	attested	Pali form of Sanskrit Mahāprajāpatī	SuttaCentral bilara-data Mahāsaṅgīti Pāli (CC0); names from DPPN, SuttaCentral sc-data edition; Wikidata (CC0)	0.95
Gotami	Q613944	Mahāpajāpatī Gotamī, the Buddha's foster mother	girl	Gotamī	Gotamī	Pali	Buddhist	Theravada	Pali Canon	Majjhima Nikaya	MN 142:2.1	https://suttacentral.net/mn142		disciple	personal	attested	another name of Mahāpajāpatī; Pali form of Sanskrit Mahāprajāpatī	SuttaCentral bilara-data Mahāsaṅgīti Pāli (CC0); names from DPPN, SuttaCentral sc-data edition; Wikidata (CC0)	0.85
Mahapanthaka	Q140352614	Mahāpanthaka, arahant	boy	Mahāpanthaka	Mahāpanthaka	Pali	Buddhist	Theravada	Pali Canon	Anguttara Nikaya	AN 1.200:1.1	https://suttacentral.net/an1.198-208	3	disciple	personal	attested	Pali form of Sanskrit Mahāpanthaka	SuttaCentral bilara-data Mahāsaṅgīti Pāli (CC0); names from DPPN, SuttaCentral sc-data edition; Wikidata (CC0)	0.95
Mahaparaga	slug:buddhist:mahaapaaragaa	Mahāpāragā, a class of devas present at the preaching of the Mahāsamaya Sutta		Mahāpāragā	Mahāpāragā	Pali	Buddhist	Theravada	Pali Canon	Digha Nikaya	DN 20:16.7	https://suttacentral.net/dn20	1	mythological_being	word	attested		SuttaCentral bilara-data Mahāsaṅgīti Pāli (CC0); names from DPPN, SuttaCentral sc-data edition	0.85
Mahapurisa	slug:buddhist:mahaapurisa	Mahāpurisa, the name given to a Great Being, destined to become either a…		Mahāpurisa	Mahāpurisa	Pali	Buddhist	Theravada	Pali Canon	Digha Nikaya	DN 3:1.5.2	https://suttacentral.net/dn3		title	word	attested		SuttaCentral bilara-data Mahāsaṅgīti Pāli (CC0); names from DPPN, SuttaCentral sc-data edition	0.85
Mahamoggallana	Q379814	Mahāmoggallāna, chief disciple	boy	Mahāmoggallāna	Mahāmoggallāna	Pali	Buddhist	Theravada	Pali Canon	Majjhima Nikaya	MN 5:3.1	https://suttacentral.net/mn5	303	disciple	personal	attested	Pali form of Sanskrit Mahāmaudgalyāyana	SuttaCentral bilara-data Mahāsaṅgīti Pāli (CC0); names from DPPN, SuttaCentral sc-data edition; Wikidata (CC0)	0.95
Moggallana	Q379814	Mahāmoggallāna, chief disciple	boy	Moggallāna	Moggallāna	Pali	Buddhist	Theravada	Pali Canon	Majjhima Nikaya	MN 32:8.2	https://suttacentral.net/mn32		disciple	personal	attested	another name of Mahāmoggallāna; Pali form of Sanskrit Mahāmaudgalyāyana	SuttaCentral bilara-data Mahāsaṅgīti Pāli (CC0); names from DPPN, SuttaCentral sc-data edition; Wikidata (CC0)	0.85
Kolita	Q379814	Mahāmoggallāna, chief disciple	boy	Kolita	Kolita	Pali	Buddhist	Theravada	Pali Canon	Vinaya Pitaka	Kd 1:24.3.4	https://suttacentral.net/pli-tv-kd1		disciple	personal	attested	another name of Mahāmoggallāna; Pali form of Sanskrit Mahāmaudgalyāyana	SuttaCentral bilara-data Mahāsaṅgīti Pāli (CC0); names from DPPN, SuttaCentral sc-data edition; Wikidata (CC0)	0.85
Maharoruva	slug:buddhist:mahaaroruva	Mahāroruva, hell		Mahāroruva	Mahāroruva	Pali	Buddhist	Theravada	Pali Canon	Samyutta Nikaya	SN 3.20:4.8	https://suttacentral.net/sn3.20	3	place	word	attested		SuttaCentral bilara-data Mahāsaṅgīti Pāli (CC0); names from DPPN, SuttaCentral sc-data edition	0.95
Mahali	slug:buddhist:mahaali	Mahāli, a Licchavi chief, mentioned as having visited the Buddha at the…	boy	Mahāli	Mahāli	Pali	Buddhist	Theravada	Pali Canon	Digha Nikaya	DN 6:3.4	https://suttacentral.net/dn6	87	human	personal	attested		SuttaCentral bilara-data Mahāsaṅgīti Pāli (CC0); names from DPPN, SuttaCentral sc-data edition	0.85
Mahavijita	slug:buddhist:mahaavijita	Mahāvijita, a king of long ago, whose exemplary sacrifice, held under the…	boy	Mahāvijita	Mahāvijita	Pali	Buddhist	Theravada	Pali Canon	Digha Nikaya	DN 5:10.1	https://suttacentral.net/dn5	32	royal	personal	attested		SuttaCentral bilara-data Mahāsaṅgīti Pāli (CC0); names from DPPN, SuttaCentral sc-data edition	0.85
Mahaviyuha	slug:buddhist:mahaaviyuuha	Mahāviyūha, building		Mahāviyūha	Mahāviyūha	Pali	Buddhist	Theravada	Pali Canon	Digha Nikaya	DN 17:1.27.2	https://suttacentral.net/dn17	12	place	word	attested		SuttaCentral bilara-data Mahāsaṅgīti Pāli (CC0); names from DPPN, SuttaCentral sc-data edition	0.95
Mahaviyuhassa	slug:buddhist:mahaaviyuuha	Mahāviyūha, building		Mahāviyūhassa	Mahāviyūhassa	Pali	Buddhist	Theravada	Pali Canon	Digha Nikaya	DN 17:1.27.2	https://suttacentral.net/dn17	4	place	word	attested	another name of Mahāviyūha	SuttaCentral bilara-data Mahāsaṅgīti Pāli (CC0); names from DPPN, SuttaCentral sc-data edition	0.95
Mahasammata	slug:buddhist:mahaasammata	Mahāsammata, a king who lived in the beginning of this present age	boy	Mahāsammata	Mahāsammata	Pali	Buddhist	Theravada	Pali Canon	Digha Nikaya	DN 27:21.1	https://suttacentral.net/dn27	2	royal	personal	attested		SuttaCentral bilara-data Mahāsaṅgīti Pāli (CC0); names from DPPN, SuttaCentral sc-data edition	0.85
Mahasara	slug:buddhist:mahaasaraa	Mahāsarā, class		Mahāsarā	Mahāsarā	Pali	Buddhist	Theravada	Pali Canon	Anguttara Nikaya	AN 7.66:6.2	https://suttacentral.net/an7.66		place	word	attested		SuttaCentral bilara-data Mahāsaṅgīti Pāli (CC0); names from DPPN, SuttaCentral sc-data edition	0.85
Mahasudassana	slug:buddhist:mahaasudassana	Mahāsudassana, the Bodhisatta born as king of Kusāvati	boy	Mahāsudassana	Mahāsudassana	Pali	Buddhist	Theravada	Pali Canon	Digha Nikaya	DN 16:5.18.1	https://suttacentral.net/dn16	121	royal	personal	attested		SuttaCentral bilara-data Mahāsaṅgīti Pāli (CC0); names from DPPN, SuttaCentral sc-data edition	0.95
Mahi	slug:buddhist:mahii	Mahī, river		Mahī	Mahī	Pali	Buddhist	Theravada	Pali Canon	Samyutta Nikaya	SN 13.3:1.3	https://suttacentral.net/sn13.3		place	word	attested		SuttaCentral bilara-data Mahāsaṅgīti Pāli (CC0); names from DPPN, SuttaCentral sc-data edition	0.85
Magandiya	slug:buddhist:maagandiya-2	Māgaṇḍiya, a Paribbājaka (DPPN Māgaṇḍiya 2)	boy	Māgaṇḍiya	Māgaṇḍiya	Pali	Buddhist	Theravada	Pali Canon	Majjhima Nikaya	MN 75:3.1	https://suttacentral.net/mn75		human	personal	attested		SuttaCentral bilara-data Mahāsaṅgīti Pāli (CC0); names from DPPN, SuttaCentral sc-data edition	0.85
Magadha	slug:buddhist:maagadha	Māgadha, janapada		Māgadha	Māgadha	Pali	Buddhist	Theravada	Pali Canon	Digha Nikaya	DN 16:1.1.3	https://suttacentral.net/dn16		place	word	attested		SuttaCentral bilara-data Mahāsaṅgīti Pāli (CC0); names from DPPN, SuttaCentral sc-data edition	0.85
Manavagamiya	slug:buddhist:maanavagaamiya	Māṇavagāmiya, a devaputta	boy	Māṇavagāmiya	Māṇavagāmiya	Pali	Buddhist	Theravada	Pali Canon	Samyutta Nikaya	SN 2.30:1.3	https://suttacentral.net/sn2.30	2	deity	divine	attested		SuttaCentral bilara-data Mahāsaṅgīti Pāli (CC0); names from DPPN, SuttaCentral sc-data edition	0.95
Manavagamika	slug:buddhist:maanavagaamiya	Māṇavagāmiya, a devaputta	boy	Māṇavagāmika	Māṇavagāmika	Pali	Buddhist	Theravada	Pali Canon	Milindapanha	Mil 6.1.2:8.1	https://suttacentral.net/mil6.1.2	2	deity	divine	attested	epithet of Māṇavagāmiya	SuttaCentral bilara-data Mahāsaṅgīti Pāli (CC0); names from DPPN, SuttaCentral sc-data edition	0.85
Matanga	slug:buddhist:maatanga	Mātaṅga, a Pacceka Buddha		Mātaṅga	Mātaṅga	Pali	Buddhist	Theravada	Pali Canon	Majjhima Nikaya	MN 116:6.17	https://suttacentral.net/mn116		sage	personal	attested		SuttaCentral bilara-data Mahāsaṅgīti Pāli (CC0); names from DPPN, SuttaCentral sc-data edition	0.85
Matali	slug:buddhist:maatali	Mātali, the name given to the chariot driver of Sakka		Mātali	Mātali	Pali	Buddhist	Theravada	Pali Canon	Digha Nikaya	DN 20:10.8	https://suttacentral.net/dn20		title	word	attested		SuttaCentral bilara-data Mahāsaṅgīti Pāli (CC0); names from DPPN, SuttaCentral sc-data edition	0.85
Manatthaddha	slug:buddhist:maanatthaddha-2	Mānatthaddha, a Pacceka Buddha mentioned in a nominal list (DPPN Mānatthaddha 2)		Mānatthaddha	Mānatthaddha	Pali	Buddhist	Theravada	Pali Canon	Majjhima Nikaya	MN 116:6.35	https://suttacentral.net/mn116		sage	personal	attested		SuttaCentral bilara-data Mahāsaṅgīti Pāli (CC0); names from DPPN, SuttaCentral sc-data edition	0.85
Manadinna	slug:buddhist:maanadinna	Mānadinna, a householder of Rājagaha	boy	Mānadinna	Mānadinna	Pali	Buddhist	Theravada	Pali Canon	Samyutta Nikaya	SN 47.30:1.2	https://suttacentral.net/sn47.30	3	human	personal	attested		SuttaCentral bilara-data Mahāsaṅgīti Pāli (CC0); names from DPPN, SuttaCentral sc-data edition	0.95
Manava	slug:buddhist:maanava	Māṇava, a monk whose Theragāthā verse says that he went forth after seeing an…	boy	Māṇava	Māṇava	Pali	Buddhist	Theravada	Pali Canon	Theragatha	Thag 1.73:1.5	https://suttacentral.net/thag1.73		disciple	personal	attested		SuttaCentral bilara-data Mahāsaṅgīti Pāli (CC0); names from DPPN, SuttaCentral sc-data edition	0.85
Maya	Q877831	Māyā, the Buddha's mother	girl	Māyā	Māyā	Pali	Buddhist	Theravada	Pali Canon	Digha Nikaya	DN 14:1.12.23	https://suttacentral.net/dn14		royal	personal	attested	Pali form of Sanskrit Māyā	SuttaCentral bilara-data Mahāsaṅgīti Pāli (CC0); names from DPPN, SuttaCentral sc-data edition; Wikidata (CC0)	0.85
Mara	Q1352021	Māra, the Evil One	boy	Māra	Māra	Pali	Buddhist	Theravada	Pali Canon	Digha Nikaya	DN 16:3.4.3	https://suttacentral.net/dn16	625	demon	personal	attested	Pali form of Sanskrit Māra	SuttaCentral bilara-data Mahāsaṅgīti Pāli (CC0); names from DPPN, SuttaCentral sc-data edition; Wikidata (CC0)	0.95
Namuci	Q1352021	Māra, the Evil One	boy	Namuci	Namuci	Pali	Buddhist	Theravada	Pali Canon	Digha Nikaya	DN 20:12.8	https://suttacentral.net/dn20		demon	epithet	attested	epithet of Māra; Pali form of Sanskrit Māra	SuttaCentral bilara-data Mahāsaṅgīti Pāli (CC0); names from DPPN, SuttaCentral sc-data edition; Wikidata (CC0)	0.85
Kanha	Q1352021	Māra, the Evil One	boy	Kaṇha	Kaṇha	Pali	Buddhist	Theravada	Pali Canon	Digha Nikaya	DN 20:21.4	https://suttacentral.net/dn20		demon	epithet	attested	epithet of Māra; Pali form of Sanskrit Māra	SuttaCentral bilara-data Mahāsaṅgīti Pāli (CC0); names from DPPN, SuttaCentral sc-data edition; Wikidata (CC0)	0.85
Adhipati	Q1352021	Māra, the Evil One	boy	Adhipati	Adhipati	Pali	Buddhist	Theravada	Pali Canon	Digha Nikaya	DN 20:9.3	https://suttacentral.net/dn20		demon	epithet	attested	epithet of Māra; Pali form of Sanskrit Māra	SuttaCentral bilara-data Mahāsaṅgīti Pāli (CC0); names from DPPN, SuttaCentral sc-data edition; Wikidata (CC0)	0.85
Antaka	Q1352021	Māra, the Evil One	boy	Antaka	Antaka	Pali	Buddhist	Theravada	Pali Canon	Majjhima Nikaya	MN 50:31.14	https://suttacentral.net/mn50		demon	epithet	attested	epithet of Māra; Pali form of Sanskrit Māra	SuttaCentral bilara-data Mahāsaṅgīti Pāli (CC0); names from DPPN, SuttaCentral sc-data edition; Wikidata (CC0)	0.85
Pamattabandhu	Q1352021	Māra, the Evil One	boy	Pamattabandhu	Pamattabandhu	Pali	Buddhist	Theravada	Pali Canon	Samyutta Nikaya	SN 4.24:3.4	https://suttacentral.net/sn4.24		demon	epithet	attested	epithet of Māra; Pali form of Sanskrit Māra	SuttaCentral bilara-data Mahāsaṅgīti Pāli (CC0); names from DPPN, SuttaCentral sc-data edition; Wikidata (CC0)	0.85
Papima	Q1352021	Māra, the Evil One	boy	Pāpimā	Pāpimā	Pali	Buddhist	Theravada	Pali Canon	Digha Nikaya	DN 16:3.7.1	https://suttacentral.net/dn16	141	demon	epithet	attested	epithet of Māra; Pali form of Sanskrit Māra	SuttaCentral bilara-data Mahāsaṅgīti Pāli (CC0); names from DPPN, SuttaCentral sc-data edition; Wikidata (CC0)	0.95
Malukyaputta	slug:buddhist:maalunkyaaputta	Māluṅkyāputta, the Theragāthā contains two sets of verses attributed to him	boy	Mālukyaputta	Mālukyaputta	Pali	Buddhist	Theravada	Pali Canon	Majjhima Nikaya	MN 63:2.1	https://suttacentral.net/mn63		disciple	epithet	attested	epithet of Māluṅkyāputta	SuttaCentral bilara-data Mahāsaṅgīti Pāli (CC0); names from DPPN, SuttaCentral sc-data edition	0.85
Migacira	slug:buddhist:migaciira	Migacīra, park		Migacīra	Migacīra	Pali	Buddhist	Theravada	Pali Canon	Majjhima Nikaya	MN 82:16.3	https://suttacentral.net/mn82	5	place	word	attested		SuttaCentral bilara-data Mahāsaṅgīti Pāli (CC0); names from DPPN, SuttaCentral sc-data edition	0.95
Migajala	slug:buddhist:migajaala	Migajāla, a monk whose Theragāthā verses speak in praise of the eightfold path	boy	Migajāla	Migajāla	Pali	Buddhist	Theravada	Pali Canon	Samyutta Nikaya	SN 35.63:1.2	https://suttacentral.net/sn35.63	27	disciple	personal	attested		SuttaCentral bilara-data Mahāsaṅgīti Pāli (CC0); names from DPPN, SuttaCentral sc-data edition	0.95
Migasala	slug:buddhist:migasaalaa	Migasālā, a woman follower of the Buddha	girl	Migasālā	Migasālā	Pali	Buddhist	Theravada	Pali Canon	Anguttara Nikaya	AN 6.44:1.1	https://suttacentral.net/an6.44	21	human	personal	attested		SuttaCentral bilara-data Mahāsaṅgīti Pāli (CC0); names from DPPN, SuttaCentral sc-data edition	0.85
Migasira	slug:buddhist:migasira	Migasira, a monk whose Theragāthā verses speak of becoming Awakened since he…	boy	Migasira	Migasira	Pali	Buddhist	Theravada	Pali Canon	Theragatha	Thag 2.31:2.5	https://suttacentral.net/thag2.31	2	disciple	personal	attested		SuttaCentral bilara-data Mahāsaṅgīti Pāli (CC0); names from DPPN, SuttaCentral sc-data edition	0.95
Migara	slug:buddhist:migaara	Migāra, a rich man of Sāvatthī	boy	Migāra	Migāra	Pali	Buddhist	Theravada	Pali Canon	Anguttara Nikaya	AN 7.7:2.2	https://suttacentral.net/an7.7	2	human	personal	attested		SuttaCentral bilara-data Mahāsaṅgīti Pāli (CC0); names from DPPN, SuttaCentral sc-data edition	0.95
Migaramatupasada	slug:buddhist:migaaramaatupaasaada	Migāramātupāsāda, monastery		Migāramātupāsāda	Migāramātupāsāda	Pali	Buddhist	Theravada	Pali Canon	Digha Nikaya	DN 27:1.2	https://suttacentral.net/dn27	45	place	word	attested		SuttaCentral bilara-data Mahāsaṅgīti Pāli (CC0); names from DPPN, SuttaCentral sc-data edition	0.95
Mitta Kali	slug:buddhist:mittakaalii	Mittakālī, a bhikkhunī whose Therīgāthā verses speak of how, having gone forth…	girl	Mitta Kāḷī	Mitta Kāḷī	Pali	Buddhist	Theravada	Pali Canon	Therigatha	Thig 5.6:6.1	https://suttacentral.net/thig5.6	1	disciple	epithet	attested	epithet of Mittakālī	SuttaCentral bilara-data Mahāsaṅgīti Pāli (CC0); names from DPPN, SuttaCentral sc-data edition	0.95
Mitta	slug:buddhist:mittaa	Mittā, a bhikkhunī whose Therīgāthā verses speak of how she was formerly…	girl	Mittā	Mittā	Pali	Buddhist	Theravada	Pali Canon	Therigatha	Thig 2.7:3.1	https://suttacentral.net/thig2.7		disciple	personal	attested		SuttaCentral bilara-data Mahāsaṅgīti Pāli (CC0); names from DPPN, SuttaCentral sc-data edition	0.85
Mithila	slug:buddhist:mithilaa	Mithilā, town		Mithilā	Mithilā	Pali	Buddhist	Theravada	Pali Canon	Digha Nikaya	DN 19:36.7	https://suttacentral.net/dn19	41	place	word	attested		SuttaCentral bilara-data Mahāsaṅgīti Pāli (CC0); names from DPPN, SuttaCentral sc-data edition	0.95
Milakkha	slug:buddhist:milakkhaa	Milakkhā, the name given to the people of non-Ariyan origin, the Mlecchas		Milakkhā	Milakkhā	Pali	Buddhist	Theravada	Pali Canon	Digha Nikaya	DN 33:3.2.60	https://suttacentral.net/dn33		tribe	word	attested		SuttaCentral bilara-data Mahāsaṅgīti Pāli (CC0); names from DPPN, SuttaCentral sc-data edition	0.85
Missaka	slug:buddhist:missakaa	Missakā, a class of devas present at the preaching of the Mahāsamaya Sutta		Missakā	Missakā	Pali	Buddhist	Theravada	Pali Canon	Digha Nikaya	DN 20:17.6	https://suttacentral.net/dn20		mythological_being	word	attested		SuttaCentral bilara-data Mahāsaṅgīti Pāli (CC0); names from DPPN, SuttaCentral sc-data edition	0.85
Mucalinda	slug:buddhist:mucalinda-1	Mucalinda, a tree near the Ajapālanigrodha in Uruvelā (DPPN Mucalinda 1)	boy	Mucalinda	Mucalinda	Pali	Buddhist	Theravada	Pali Canon	Udana	Ud 2.1:2.2	https://suttacentral.net/ud2.1		human	personal	attested		SuttaCentral bilara-data Mahāsaṅgīti Pāli (CC0); names from DPPN, SuttaCentral sc-data edition	0.85
Mucalinda	slug:buddhist:mucalinda-2	Mucalinda, one of the chief Yakkhas to be invoked by the Buddha’s followers in… (DPPN Mucalinda 2)	boy	Mucalinda	Mucalinda	Pali	Buddhist	Theravada	Pali Canon	Digha Nikaya	DN 32:10.12	https://suttacentral.net/dn32		mythological_being	personal	attested		SuttaCentral bilara-data Mahāsaṅgīti Pāli (CC0); names from DPPN, SuttaCentral sc-data edition	0.85
Mutta	slug:buddhist:muttaa-1	Muttā, a bhikkhunī whose Therīgāthā verse speaks of being freed (DPPN Muttā 1)	girl	Muttā	Muttā	Pali	Buddhist	Theravada	Pali Canon	Therigatha	Thig 1.2:1.1	https://suttacentral.net/thig1.2		disciple	personal	attested		SuttaCentral bilara-data Mahāsaṅgīti Pāli (CC0); names from DPPN, SuttaCentral sc-data edition	0.85
Mutta	slug:buddhist:muttaa-2	Muttā, a bhikkhunī whose Therīgāthā verse speaks of being freed from three… (DPPN Muttā 2)	girl	Muttā	Muttā	Pali	Buddhist	Theravada	Pali Canon	Therigatha	Thig 1.11:2.1	https://suttacentral.net/thig1.11		disciple	personal	attested		SuttaCentral bilara-data Mahāsaṅgīti Pāli (CC0); names from DPPN, SuttaCentral sc-data edition	0.85
Mudita	slug:buddhist:mudita	Mudita, a monk whose Theragāthā verse speaks of unflagging striving,…	boy	Mudita	Mudita	Pali	Buddhist	Theravada	Pali Canon	Theragatha	Thag 4.12:4.5	https://suttacentral.net/thag4.12		disciple	personal	attested		SuttaCentral bilara-data Mahāsaṅgīti Pāli (CC0); names from DPPN, SuttaCentral sc-data edition	0.85
Musila	slug:buddhist:musila	Musila, a monk	boy	Musila	Musila	Pali	Buddhist	Theravada	Pali Canon	Samyutta Nikaya	SN 12.68:1.1	https://suttacentral.net/sn12.68	14	disciple	personal	attested		SuttaCentral bilara-data Mahāsaṅgīti Pāli (CC0); names from DPPN, SuttaCentral sc-data edition	0.85
Meghiya	slug:buddhist:meghiya	Meghiya, Having joined the Order, was for some time the personal attendant of…	boy	Meghiya	Meghiya	Pali	Buddhist	Theravada	Pali Canon	Anguttara Nikaya	AN 9.3:1.2	https://suttacentral.net/an9.3	79	human	personal	attested		SuttaCentral bilara-data Mahāsaṅgīti Pāli (CC0); names from DPPN, SuttaCentral sc-data edition	0.95
Mejjharanna	slug:buddhist:mejjha	Mejjha, a wilderness, which legend says was formely a kingdom		Mejjhārañña	Mejjhārañña	Pali	Buddhist	Theravada	Pali Canon	Jataka	Ja 393:4.2	https://suttacentral.net/ja393	1	human	epithet	attested	epithet of Mejjha	SuttaCentral bilara-data Mahāsaṅgīti Pāli (CC0); names from DPPN, SuttaCentral sc-data edition	0.85
Mendaka	slug:buddhist:mendaka	Meṇḍaka, a very rich householder of Bhaddiyanagara in Aṅga	boy	Meṇḍaka	Meṇḍaka	Pali	Buddhist	Theravada	Pali Canon	Vinaya Pitaka	Kd 6:34.1.1	https://suttacentral.net/pli-tv-kd6		human	personal	attested		SuttaCentral bilara-data Mahāsaṅgīti Pāli (CC0); names from DPPN, SuttaCentral sc-data edition	0.85
Mettagu	slug:buddhist:mettaguu	Mettagū, one of the sixteen disciples of Bāvarī who visited the Buddha	boy	Mettagū	Mettagū	Pali	Buddhist	Theravada	Pali Canon	Sutta Nipata	Snp 5.1:31.4	https://suttacentral.net/snp5.1	17	disciple	personal	attested		SuttaCentral bilara-data Mahāsaṅgīti Pāli (CC0); names from DPPN, SuttaCentral sc-data edition	0.95
Mettaji	slug:buddhist:mettaji	Mettaji, a monk whose Theragāthā verse extols the Buddha	boy	Mettaji	Mettaji	Pali	Buddhist	Theravada	Pali Canon	Theragatha	Thag 1.94:1.5	https://suttacentral.net/thag1.94	2	disciple	personal	attested		SuttaCentral bilara-data Mahāsaṅgīti Pāli (CC0); names from DPPN, SuttaCentral sc-data edition	0.95
Mettika	slug:buddhist:mettikaa	Mettikā, a bhikkhunī whose Therīgāthā verses speak of of how she strugged up a…	girl	Mettikā	Mettikā	Pali	Buddhist	Theravada	Pali Canon	Therigatha	Thig 2.6:3.1	https://suttacentral.net/thig2.6	1	disciple	personal	attested		SuttaCentral bilara-data Mahāsaṅgīti Pāli (CC0); names from DPPN, SuttaCentral sc-data edition	0.95
Metteyya	slug:buddhist:metteyya	Metteyya, an arahant, friend of Tissa of the Tissa Metteyya Sutta	boy	Metteyya	Metteyya	Pali	Buddhist	Theravada	Pali Canon	Sutta Nipata	Snp 4.7:1.2	https://suttacentral.net/snp4.7		disciple	personal	attested		SuttaCentral bilara-data Mahāsaṅgīti Pāli (CC0); names from DPPN, SuttaCentral sc-data edition	0.85
Medalupa	slug:buddhist:medaalupa	Medāḷupa, town		Medāḷupa	Medāḷupa	Pali	Buddhist	Theravada	Pali Canon	Majjhima Nikaya	MN 89:1.2	https://suttacentral.net/mn89	5	place	word	attested		SuttaCentral bilara-data Mahāsaṅgīti Pāli (CC0); names from DPPN, SuttaCentral sc-data edition	0.95
Mendasira	slug:buddhist:mendasira	Meṇḍasira, a monk whose Theragāthā verse speaks of realizing release from…	boy	Meṇḍasira	Meṇḍasira	Pali	Buddhist	Theravada	Pali Canon	Theragatha	Thag 1.78:1.5	https://suttacentral.net/thag1.78	3	disciple	personal	attested		SuttaCentral bilara-data Mahāsaṅgīti Pāli (CC0); names from DPPN, SuttaCentral sc-data edition	0.95
Moggalla	slug:buddhist:moggalla	Moggalla, a man in the retinue of King Eḷeyya	boy	Moggalla	Moggalla	Pali	Buddhist	Theravada	Pali Canon	Samyutta Nikaya	SN 14.15:2.5	https://suttacentral.net/sn14.15	8	human	personal	attested		SuttaCentral bilara-data Mahāsaṅgīti Pāli (CC0); names from DPPN, SuttaCentral sc-data edition	0.85
Mogharaja	slug:buddhist:mogharaaja	Mogharāja, He belonged to a brahmin family and studied under Bāvarī as an ascetic	boy	Mogharāja	Mogharāja	Pali	Buddhist	Theravada	Pali Canon	Samyutta Nikaya	SN 1.34:7.2	https://suttacentral.net/sn1.34	37	human	personal	attested		SuttaCentral bilara-data Mahāsaṅgīti Pāli (CC0); names from DPPN, SuttaCentral sc-data edition	0.95
Moranivapa	slug:buddhist:moranivaapa	Moranivāpa, non-Buddhist monastery		Moranivāpa	Moranivāpa	Pali	Buddhist	Theravada	Pali Canon	Digha Nikaya	DN 25:6.2	https://suttacentral.net/dn25		place	word	attested		SuttaCentral bilara-data Mahāsaṅgīti Pāli (CC0); names from DPPN, SuttaCentral sc-data edition	0.85
Moriya	slug:buddhist:moriyaa	Moriyā, a khattiya clan of India		Moriyā	Moriyā	Pali	Buddhist	Theravada	Pali Canon	Digha Nikaya	DN 16:6.26.1	https://suttacentral.net/dn16	5	tribe	word	attested		SuttaCentral bilara-data Mahāsaṅgīti Pāli (CC0); names from DPPN, SuttaCentral sc-data edition	0.95
Moliya	slug:buddhist:moliya	Moḷiya, He was always friendly with the nuns and stood up for them in…	boy	Moḷiya	Moḷiya	Pali	Buddhist	Theravada	Pali Canon	Majjhima Nikaya	MN 21:2.1	https://suttacentral.net/mn21	19	disciple	personal	attested		SuttaCentral bilara-data Mahāsaṅgīti Pāli (CC0); names from DPPN, SuttaCentral sc-data edition	0.85
Moliyasivaka	slug:buddhist:moliyasiivaka	Moḷiyasīvaka, a Paribbājaka	boy	Moḷiyasīvaka	Moḷiyasīvaka	Pali	Buddhist	Theravada	Pali Canon	Samyutta Nikaya	SN 36.21:1.2	https://suttacentral.net/sn36.21	6	human	personal	attested		SuttaCentral bilara-data Mahāsaṅgīti Pāli (CC0); names from DPPN, SuttaCentral sc-data edition	0.95
Yakkha	slug:buddhist:yakkha	Yakkha, a class of non human beings generally described as non-human		Yakkha	Yakkha	Pali	Buddhist	Theravada	Pali Canon	Digha Nikaya	DN 3:1.21.1	https://suttacentral.net/dn3		mythological_being	word	attested		SuttaCentral bilara-data Mahāsaṅgīti Pāli (CC0); names from DPPN, SuttaCentral sc-data edition	0.85
Yannadatta	slug:buddhist:yannadatta	Yaññadatta, a brahmin, father of Koṇāgamana Buddha	boy	Yaññadatta	Yaññadatta	Pali	Buddhist	Theravada	Pali Canon	Digha Nikaya	DN 14:1.12.14	https://suttacentral.net/dn14	7	human	personal	attested		SuttaCentral bilara-data Mahāsaṅgīti Pāli (CC0); names from DPPN, SuttaCentral sc-data edition	0.95
Yama	slug:buddhist:yama	Yama, the god of death	boy	Yama	Yama	Pali	Buddhist	Theravada	Pali Canon	Digha Nikaya	DN 20:14.2	https://suttacentral.net/dn20		deity	divine	attested		SuttaCentral bilara-data Mahāsaṅgīti Pāli (CC0); names from DPPN, SuttaCentral sc-data edition	0.85
Yamaka	slug:buddhist:yamaka	Yamaka, a man belonging to the retinue of King Eḷeyya	boy	Yamaka	Yamaka	Pali	Buddhist	Theravada	Pali Canon	Anguttara Nikaya	AN 4.187:4.4	https://suttacentral.net/an4.187		human	personal	attested		SuttaCentral bilara-data Mahāsaṅgīti Pāli (CC0); names from DPPN, SuttaCentral sc-data edition	0.85
Yamataggi	slug:buddhist:yamataggi	Yamataggi, a sage of old who led a good life and persuaded his followers to do…	boy	Yamataggi	Yamataggi	Pali	Buddhist	Theravada	Pali Canon	Digha Nikaya	DN 3:2.8.1	https://suttacentral.net/dn3	12	human	personal	attested		SuttaCentral bilara-data Mahāsaṅgīti Pāli (CC0); names from DPPN, SuttaCentral sc-data edition	0.95
Yamuna	slug:buddhist:yamunaa	Yamunā, river		Yamunā	Yamunā	Pali	Buddhist	Theravada	Pali Canon	Samyutta Nikaya	SN 13.3:1.3	https://suttacentral.net/sn13.3	41	place	word	attested		SuttaCentral bilara-data Mahāsaṅgīti Pāli (CC0); names from DPPN, SuttaCentral sc-data edition	0.95
Yasa	Q1000808	Yasa, early disciple	boy	Yasa	Yasa	Pali	Buddhist	Theravada	Pali Canon	Theragatha	Thag 1.117:1.5	https://suttacentral.net/thag1.117		disciple	personal	attested	Pali form of Sanskrit Yaśas	SuttaCentral bilara-data Mahāsaṅgīti Pāli (CC0); names from DPPN, SuttaCentral sc-data edition; Wikidata (CC0)	0.85
Yasa	slug:buddhist:yasa-2	Yasa, a monk who lived about a century after the Buddha, and who was one of… (DPPN Yasa 2)	boy	Yasa	Yasa	Pali	Buddhist	Theravada	Pali Canon	Vinaya Pitaka	Kd 22:1.1.3	https://suttacentral.net/pli-tv-kd22		disciple	personal	attested		SuttaCentral bilara-data Mahāsaṅgīti Pāli (CC0); names from DPPN, SuttaCentral sc-data edition	0.85
Yasadatta	slug:buddhist:yasadatta	Yasadatta, While journeying in the company of Sabhiya, he came to Sāvatthī,…	boy	Yasadatta	Yasadatta	Pali	Buddhist	Theravada	Pali Canon	Theragatha	Thag 5.10:5.7	https://suttacentral.net/thag5.10	2	human	personal	attested		SuttaCentral bilara-data Mahāsaṅgīti Pāli (CC0); names from DPPN, SuttaCentral sc-data edition	0.95
Yasoja	slug:buddhist:yasoja	Yasoja, the Udāna mentions how Yasoja and five hundred of his companions went…	boy	Yasoja	Yasoja	Pali	Buddhist	Theravada	Pali Canon	Udana	Ud 3.3:4.2	https://suttacentral.net/ud3.3	7	human	personal	attested		SuttaCentral bilara-data Mahāsaṅgīti Pāli (CC0); names from DPPN, SuttaCentral sc-data edition	0.95
Yama	slug:buddhist:yaama	Yāma, a class of Devas, mentioned in lists of devas between those of…		Yāma	Yāma	Pali	Buddhist	Theravada	Pali Canon	Majjhima Nikaya	MN 97:30.17	https://suttacentral.net/mn97		mythological_being	word	attested		SuttaCentral bilara-data Mahāsaṅgīti Pāli (CC0); names from DPPN, SuttaCentral sc-data edition	0.85
Yugandhara	slug:buddhist:yugandhara	Yugandhara, one of the chief Yakkhas to be invoked by the Buddha’s followers in…	boy	Yugandhara	Yugandhara	Pali	Buddhist	Theravada	Pali Canon	Digha Nikaya	DN 32:10.13	https://suttacentral.net/dn32		mythological_being	personal	attested		SuttaCentral bilara-data Mahāsaṅgīti Pāli (CC0); names from DPPN, SuttaCentral sc-data edition	0.85
Yavana	slug:buddhist:yona	Yona, region		Yavāna	Yavāna	Pali	Buddhist	Theravada	Pali Canon	Anguttara Nikaya	AN 8.10:3.2	https://suttacentral.net/an8.10	3	place	word	attested	another name of Yona	SuttaCentral bilara-data Mahāsaṅgīti Pāli (CC0); names from DPPN, SuttaCentral sc-data edition	0.85
Rakkhasa	slug:buddhist:rakkhasaa	Rakkhasā, a class of demons, chiefly nocturnal and harmful		Rakkhasā	Rakkhasā	Pali	Buddhist	Theravada	Pali Canon	Theragatha	Thag 16.10:12.4	https://suttacentral.net/thag16.10		mythological_being	word	attested		SuttaCentral bilara-data Mahāsaṅgīti Pāli (CC0); names from DPPN, SuttaCentral sc-data edition	0.85
Rakkhita	slug:buddhist:rakkhita-1	Rakkhita, a monk whose Theragāthā verse speaks of having uprooted all… (DPPN Rakkhita 1)	boy	Rakkhita	Rakkhita	Pali	Buddhist	Theravada	Pali Canon	Theragatha	Thag 1.79:1.5	https://suttacentral.net/thag1.79		disciple	personal	attested		SuttaCentral bilara-data Mahāsaṅgīti Pāli (CC0); names from DPPN, SuttaCentral sc-data edition	0.85
Rakkhitavanasanda	slug:buddhist:rakkhita-2	Rakkhita, park (DPPN Rakkhita 2)		Rakkhitavanasaṇḍa	Rakkhitavanasaṇḍa	Pali	Buddhist	Theravada	Pali Canon	Udana	Ud 4.5:2.4	https://suttacentral.net/ud4.5	4	place	word	attested	another name of Rakkhita	SuttaCentral bilara-data Mahāsaṅgīti Pāli (CC0); names from DPPN, SuttaCentral sc-data edition	0.95
Raga	slug:buddhist:ragaa	Ragā, one of Māra’s three daughters, who sought to tempt the Buddha	girl	Ragā	Ragā	Pali	Buddhist	Theravada	Pali Canon	Samyutta Nikaya	SN 4.25:1.2	https://suttacentral.net/sn4.25	11	human	personal	attested		SuttaCentral bilara-data Mahāsaṅgīti Pāli (CC0); names from DPPN, SuttaCentral sc-data edition	0.85
Ratthapala	slug:buddhist:ratthapaala	Raṭṭhapāla, Chief of those who had left the world through faith	boy	Raṭṭhapāla	Raṭṭhapāla	Pali	Buddhist	Theravada	Pali Canon	Majjhima Nikaya	MN 82:4.1	https://suttacentral.net/mn82	207	human	personal	attested		SuttaCentral bilara-data Mahāsaṅgīti Pāli (CC0); names from DPPN, SuttaCentral sc-data edition	0.95
Rattapani	slug:buddhist:rattapaani	Rattapāṇi, the name of a dyer; perhaps a class name		Rattapāṇi	Rattapāṇi	Pali	Buddhist	Theravada	Pali Canon	Majjhima Nikaya	MN 56:27.14	https://suttacentral.net/mn56	11	human	personal	attested		SuttaCentral bilara-data Mahāsaṅgīti Pāli (CC0); names from DPPN, SuttaCentral sc-data edition	0.95
Rajagaha	slug:buddhist:raajagaha	Rājagaha, town		Rājagaha	Rājagaha	Pali	Buddhist	Theravada	Pali Canon	Digha Nikaya	DN 1:1.1.2	https://suttacentral.net/dn1	555	place	word	attested		SuttaCentral bilara-data Mahāsaṅgīti Pāli (CC0); names from DPPN, SuttaCentral sc-data edition	0.95
Rajadatta	slug:buddhist:raajadatta	Rājadatta, a monk whose Theragāthā verses speak of how, when he saw a woman’s…	boy	Rājadatta	Rājadatta	Pali	Buddhist	Theravada	Pali Canon	Theragatha	Thag 5.1:5.5	https://suttacentral.net/thag5.1	2	disciple	personal	attested		SuttaCentral bilara-data Mahāsaṅgīti Pāli (CC0); names from DPPN, SuttaCentral sc-data edition	0.95
Raja	slug:buddhist:raajaa	Rājā, a Yakkha, one of the messengers of Kuvera		Rājā	Rājā	Pali	Buddhist	Theravada	Pali Canon	Digha Nikaya	DN 32:7.47	https://suttacentral.net/dn32		mythological_being	personal	attested		SuttaCentral bilara-data Mahāsaṅgīti Pāli (CC0); names from DPPN, SuttaCentral sc-data edition	0.85
Rajayatana	slug:buddhist:raajaayatana	Rājāyatana, shrine		Rājāyatana	Rājāyatana	Pali	Buddhist	Theravada	Pali Canon	Vinaya Pitaka	Kd 1:4.1.1	https://suttacentral.net/pli-tv-kd1		place	word	attested		SuttaCentral bilara-data Mahāsaṅgīti Pāli (CC0); names from DPPN, SuttaCentral sc-data edition	0.85
Radha	slug:buddhist:raadha	Rādha, the Buddha declared him foremost among those who could inspire speech…	boy	Rādha	Rādha	Pali	Buddhist	Theravada	Pali Canon	Samyutta Nikaya	SN 22.71:1.2	https://suttacentral.net/sn22.71	153	human	personal	attested		SuttaCentral bilara-data Mahāsaṅgīti Pāli (CC0); names from DPPN, SuttaCentral sc-data edition	0.95
Ramagamaka	slug:buddhist:raamagaamaka	Rāmagāmaka, town		Rāmagāmaka	Rāmagāmaka	Pali	Buddhist	Theravada	Pali Canon	Digha Nikaya	DN 16:6.24.17	https://suttacentral.net/dn16		place	word	attested		SuttaCentral bilara-data Mahāsaṅgīti Pāli (CC0); names from DPPN, SuttaCentral sc-data edition	0.85
Ramagama	slug:buddhist:raamagaamaka	Rāmagāmaka, town		Rāmagāma	Rāmagāma	Pali	Buddhist	Theravada	Pali Canon	Digha Nikaya	DN 16:6.27.5	https://suttacentral.net/dn16	3	place	word	attested	another name of Rāmagāmaka	SuttaCentral bilara-data Mahāsaṅgīti Pāli (CC0); names from DPPN, SuttaCentral sc-data edition	0.95
Ramaneyyaka	slug:buddhist:raamaneyyaka	Rāmaṇeyyaka, a monk whose Theragāthā verse speaks of how his mind does not waver…	boy	Rāmaṇeyyaka	Rāmaṇeyyaka	Pali	Buddhist	Theravada	Pali Canon	Theragatha	Thag 1.49:1.5	https://suttacentral.net/thag1.49		disciple	personal	attested		SuttaCentral bilara-data Mahāsaṅgīti Pāli (CC0); names from DPPN, SuttaCentral sc-data edition	0.85
Rahu	slug:buddhist:raahu	Rāhu, an Asura chieftain	boy	Rāhu	Rāhu	Pali	Buddhist	Theravada	Pali Canon	Anguttara Nikaya	AN 4.50:4.1	https://suttacentral.net/an4.50		mythological_being	personal	attested		SuttaCentral bilara-data Mahāsaṅgīti Pāli (CC0); names from DPPN, SuttaCentral sc-data edition	0.85
Rahula	Q218969	Rāhula, the Buddha's son	boy	Rāhula	Rāhula	Pali	Buddhist	Theravada	Pali Canon	Majjhima Nikaya	MN 61:2.1	https://suttacentral.net/mn61	288	disciple	personal	attested	Pali form of Sanskrit Rāhula	SuttaCentral bilara-data Mahāsaṅgīti Pāli (CC0); names from DPPN, SuttaCentral sc-data edition; Wikidata (CC0)	0.95
Rahulamata	Q466572	Yasodharā (Rāhulamātā), the Buddha's wife	girl	Rāhulamātā	Rāhulamātā	Pali	Buddhist	Theravada	Pali Canon	Vinaya Pitaka	Kd 1:54.1.5	https://suttacentral.net/pli-tv-kd1	1	human	personal	attested	Pali form of Sanskrit Yaśodharā	SuttaCentral bilara-data Mahāsaṅgīti Pāli (CC0); names from DPPN, SuttaCentral sc-data edition; Wikidata (CC0)	0.95
Yasodhara	Q466572	Yasodharā (Rāhulamātā), the Buddha's wife	girl	Yasodharā	Yasodharā	Pali	Buddhist	Theravada	Pali Canon	Apadana	Thi Ap 25:22.4	https://suttacentral.net/thi-ap25		human	personal	attested	another name of Rāhulamātā; Pali form of Sanskrit Yaśodharā	SuttaCentral bilara-data Mahāsaṅgīti Pāli (CC0); names from DPPN, SuttaCentral sc-data edition; Wikidata (CC0)	0.8
Bhaddakaccana	Q466572	Yasodharā (Rāhulamātā), the Buddha's wife	girl	Bhaddakaccānā	Bhaddakaccānā	Pali	Buddhist	Theravada	Pali Canon	Anguttara Nikaya	AN 1.245:1.1	https://suttacentral.net/an1.235-247		human	epithet	attested	epithet of Rāhulamātā; Pali form of Sanskrit Yaśodharā	SuttaCentral bilara-data Mahāsaṅgīti Pāli (CC0); names from DPPN, SuttaCentral sc-data edition; Wikidata (CC0)	0.85
Subhaddaka	Q466572	Yasodharā (Rāhulamātā), the Buddha's wife	girl	Subhaddakā	Subhaddakā	Pali	Buddhist	Theravada	Pali Canon	Majjhima Nikaya	MN 145:5.7	https://suttacentral.net/mn145	10	human	epithet	attested	epithet of Rāhulamātā; Pali form of Sanskrit Yaśodharā	SuttaCentral bilara-data Mahāsaṅgīti Pāli (CC0); names from DPPN, SuttaCentral sc-data edition; Wikidata (CC0)	0.85
Revata	slug:buddhist:revata-1	Revata, an eminent disciple of the Buddha, declared by him foremost among… (DPPN Revata 1)	boy	Revata	Revata	Pali	Buddhist	Theravada	Pali Canon	Anguttara Nikaya	AN 1.203:1.1	https://suttacentral.net/an1.198-208		disciple	personal	attested		SuttaCentral bilara-data Mahāsaṅgīti Pāli (CC0); names from DPPN, SuttaCentral sc-data edition	0.85
Khadiravaniya	slug:buddhist:revata-1	Revata, an eminent disciple of the Buddha, declared by him foremost among… (DPPN Revata 1)	boy	Khadiravaniya	Khadiravaniya	Pali	Buddhist	Theravada	Pali Canon	Anguttara Nikaya	AN 1.203:1.1	https://suttacentral.net/an1.198-208		disciple	epithet	attested	epithet of Revata	SuttaCentral bilara-data Mahāsaṅgīti Pāli (CC0); names from DPPN, SuttaCentral sc-data edition	0.85
Revata	slug:buddhist:revata-2	Revata, the Buddha declared him chief of the monks who practised jhāna (DPPN Revata 2)	boy	Revata	Revata	Pali	Buddhist	Theravada	Pali Canon	Majjhima Nikaya	MN 32:1.3	https://suttacentral.net/mn32		disciple	personal	attested		SuttaCentral bilara-data Mahāsaṅgīti Pāli (CC0); names from DPPN, SuttaCentral sc-data edition	0.85
Kankharevata	slug:buddhist:revata-2	Revata, the Buddha declared him chief of the monks who practised jhāna (DPPN Revata 2)	boy	Kaṅkhārevata	Kaṅkhārevata	Pali	Buddhist	Theravada	Pali Canon	Anguttara Nikaya	AN 1.204:1.1	https://suttacentral.net/an1.198-208	7	disciple	epithet	attested	epithet of Revata	SuttaCentral bilara-data Mahāsaṅgīti Pāli (CC0); names from DPPN, SuttaCentral sc-data edition	0.95
Revata	slug:buddhist:revata-3	Revata, He was one of the Elders who took a prominent part in the Second… (DPPN Revata 3)	boy	Revata	Revata	Pali	Buddhist	Theravada	Pali Canon	Vinaya Pitaka	Kd 22:1.9.4	https://suttacentral.net/pli-tv-kd22		human	personal	attested		SuttaCentral bilara-data Mahāsaṅgīti Pāli (CC0); names from DPPN, SuttaCentral sc-data edition	0.85
Soreyya	slug:buddhist:revata-3	Revata, He was one of the Elders who took a prominent part in the Second… (DPPN Revata 3)	boy	Soreyya	Soreyya	Pali	Buddhist	Theravada	Pali Canon	Vinaya Pitaka	Kd 22:1.9.4	https://suttacentral.net/pli-tv-kd22		human	epithet	attested	epithet of Revata	SuttaCentral bilara-data Mahāsaṅgīti Pāli (CC0); names from DPPN, SuttaCentral sc-data edition	0.85
Roja	slug:buddhist:rojaa-1	Rojā, a Malla, inhabitant of Kusinārā (DPPN Rojā 1)	boy	Rojā	Rojā	Pali	Buddhist	Theravada	Pali Canon	Vinaya Pitaka	Kd 6:36.2.3	https://suttacentral.net/pli-tv-kd6		human	personal	attested		SuttaCentral bilara-data Mahāsaṅgīti Pāli (CC0); names from DPPN, SuttaCentral sc-data edition	0.85
Roja	slug:buddhist:rojaa-2	Rojā, a class of devas, present at the preaching of the Mahāsamaya Sutta (DPPN Rojā 2)		Rojā	Rojā	Pali	Buddhist	Theravada	Pali Canon	Digha Nikaya	DN 20:15.3	https://suttacentral.net/dn20		mythological_being	word	attested		SuttaCentral bilara-data Mahāsaṅgīti Pāli (CC0); names from DPPN, SuttaCentral sc-data edition	0.85
Rohitassa	slug:buddhist:rohitassaa	Rohitassā, the legendary inhabitants of Rājagaha, in the time of Koṇāgamana…		Rohitassā	Rohitassā	Pali	Buddhist	Theravada	Pali Canon	Samyutta Nikaya	SN 15.20:3.2	https://suttacentral.net/sn15.20		tribe	word	attested		SuttaCentral bilara-data Mahāsaṅgīti Pāli (CC0); names from DPPN, SuttaCentral sc-data edition	0.85
Rohini	slug:buddhist:rohinii	Rohinī, the Therīgāthā contains a set of verses spoken by her in exaltation,…	girl	Rohinī	Rohinī	Pali	Buddhist	Theravada	Pali Canon	Theragatha	Thag 10.1:3.4	https://suttacentral.net/thag10.1	4	disciple	personal	attested		SuttaCentral bilara-data Mahāsaṅgīti Pāli (CC0); names from DPPN, SuttaCentral sc-data edition	0.95
Bhaddiya	slug:buddhist:lakuntaka	Lakuṇṭaka, He was given the title of Lakuntaka (Dwarf) owing to his very small…	boy	Bhaddiya	Bhaddiya	Pali	Buddhist	Theravada	Pali Canon	Anguttara Nikaya	AN 1.193:1.1	https://suttacentral.net/an1.188-197		human	epithet	attested	epithet of Lakuṇṭaka	SuttaCentral bilara-data Mahāsaṅgīti Pāli (CC0); names from DPPN, SuttaCentral sc-data edition	0.85
Lakkhana	slug:buddhist:lakkhana	Lakkhaṇa, Mentioned as having stayed with Mahā Moggallāna on Gijjhakūṭa	boy	Lakkhaṇa	Lakkhaṇa	Pali	Buddhist	Theravada	Pali Canon	Vinaya Pitaka	Bu Pj 4:9.1.2	https://suttacentral.net/pli-tv-bu-vb-pj4		human	personal	attested		SuttaCentral bilara-data Mahāsaṅgīti Pāli (CC0); names from DPPN, SuttaCentral sc-data edition	0.85
Lakkhi	slug:buddhist:lakkhii	Lakkhī, Normally Lakkhī is the Pali equivalent of the goddess of luck, Lakśmī	girl	Lakkhī	Lakkhī	Pali	Buddhist	Theravada	Pali Canon	Therigatha	Thig 15.1:20.4	https://suttacentral.net/thig15.1		deity	divine	attested		SuttaCentral bilara-data Mahāsaṅgīti Pāli (CC0); names from DPPN, SuttaCentral sc-data edition	0.85
Latthivana	slug:buddhist:latthivana	Laṭṭhivana, park		Laṭṭhivana	Laṭṭhivana	Pali	Buddhist	Theravada	Pali Canon	Vinaya Pitaka	Kd 1:22.1.3	https://suttacentral.net/pli-tv-kd1	2	place	word	attested		SuttaCentral bilara-data Mahāsaṅgīti Pāli (CC0); names from DPPN, SuttaCentral sc-data edition	0.95
Lambitaka	slug:buddhist:lambiitakaa	Lambītakā, a class of devas present at the preaching of the Mahāsamaya Sutta		Lambītakā	Lambītakā	Pali	Buddhist	Theravada	Pali Canon	Digha Nikaya	DN 20:18.3	https://suttacentral.net/dn20	1	mythological_being	word	attested		SuttaCentral bilara-data Mahāsaṅgīti Pāli (CC0); names from DPPN, SuttaCentral sc-data edition	0.95
Lamasettha	slug:buddhist:laamasetthaa	Lāmaseṭṭhā, a class of devas present at the preaching of the Mahāsamaya Sutta		Lāmaseṭṭhā	Lāmaseṭṭhā	Pali	Buddhist	Theravada	Pali Canon	Digha Nikaya	DN 20:18.3	https://suttacentral.net/dn20	1	mythological_being	word	attested		SuttaCentral bilara-data Mahāsaṅgīti Pāli (CC0); names from DPPN, SuttaCentral sc-data edition	0.95
Licchavi	slug:buddhist:licchavii	Licchavī, place		Licchavī	Licchavī	Pali	Buddhist	Theravada	Pali Canon	Digha Nikaya	DN 6:3.1	https://suttacentral.net/dn6	206	place	word	attested		SuttaCentral bilara-data Mahāsaṅgīti Pāli (CC0); names from DPPN, SuttaCentral sc-data edition	0.95
Lumbineyya	slug:buddhist:lumbineyya	Lumbineyya, park		Lumbineyya	Lumbineyya	Pali	Buddhist	Theravada	Pali Canon	Sutta Nipata	Snp 3.11:5.3	https://suttacentral.net/snp3.11		place	word	attested		SuttaCentral bilara-data Mahāsaṅgīti Pāli (CC0); names from DPPN, SuttaCentral sc-data edition	0.85
Lomasakangiya	slug:buddhist:lomasakangiya	Lomasakaṅgiya, a monk whose Theragāthā verse says that, thrusting aside grasses with…	boy	Lomasakaṅgiya	Lomasakaṅgiya	Pali	Buddhist	Theravada	Pali Canon	Majjhima Nikaya	MN 134:1.3	https://suttacentral.net/mn134	10	disciple	personal	attested		SuttaCentral bilara-data Mahāsaṅgīti Pāli (CC0); names from DPPN, SuttaCentral sc-data edition	0.95
Lomahamsa	slug:buddhist:lomahamsa	Lomahaṁsa, a Pacceka Buddha, mentioned in a nominal list		Lomahaṁsa	Lomahaṁsa	Pali	Buddhist	Theravada	Pali Canon	Majjhima Nikaya	MN 116:6.13	https://suttacentral.net/mn116		sage	personal	attested		SuttaCentral bilara-data Mahāsaṅgīti Pāli (CC0); names from DPPN, SuttaCentral sc-data edition	0.85
Lohicca	slug:buddhist:lohicca-1	Lohicca, a brahmin of Makkarakata in Avanti (DPPN Lohicca 1)	boy	Lohicca	Lohicca	Pali	Buddhist	Theravada	Pali Canon	Samyutta Nikaya	SN 35.132:1.2	https://suttacentral.net/sn35.132		human	personal	attested		SuttaCentral bilara-data Mahāsaṅgīti Pāli (CC0); names from DPPN, SuttaCentral sc-data edition	0.85
Lohicca	slug:buddhist:lohicca-2	Lohicca, a brahmin of Sālāvatikā (DPPN Lohicca 2)	boy	Lohicca	Lohicca	Pali	Buddhist	Theravada	Pali Canon	Digha Nikaya	DN 12:1.3	https://suttacentral.net/dn12		human	personal	attested		SuttaCentral bilara-data Mahāsaṅgīti Pāli (CC0); names from DPPN, SuttaCentral sc-data edition	0.85
Lohitavasi	slug:buddhist:lohitavaasii	Lohitavāsī, a class of devas present at the preaching of the Mahāsamaya Sutta		Lohitavāsī	Lohitavāsī	Pali	Buddhist	Theravada	Pali Canon	Digha Nikaya	DN 20:16.6	https://suttacentral.net/dn20	1	mythological_being	word	attested		SuttaCentral bilara-data Mahāsaṅgīti Pāli (CC0); names from DPPN, SuttaCentral sc-data edition	0.95
Vakkali	slug:buddhist:vakkali	Vakkali, a monk whose Theragāthā verses speak of never relinquishing energy,…	boy	Vakkali	Vakkali	Pali	Buddhist	Theravada	Pali Canon	Anguttara Nikaya	AN 1.208:1.1	https://suttacentral.net/an1.198-208		disciple	personal	attested		SuttaCentral bilara-data Mahāsaṅgīti Pāli (CC0); names from DPPN, SuttaCentral sc-data edition	0.85
Vaggumuda	slug:buddhist:vaggumudaa	Vaggumudā, river		Vaggumudā	Vaggumudā	Pali	Buddhist	Theravada	Pali Canon	Udana	Ud 3.3:5.2	https://suttacentral.net/ud3.3	7	place	word	attested		SuttaCentral bilara-data Mahāsaṅgīti Pāli (CC0); names from DPPN, SuttaCentral sc-data edition	0.95
Vangisa	slug:buddhist:vangiisa	Vaṅgīsa, a monk who was declared foremost in the gift of spontaneous poetic…	boy	Vaṅgīsa	Vaṅgīsa	Pali	Buddhist	Theravada	Pali Canon	Samyutta Nikaya	SN 8.1:1.2	https://suttacentral.net/sn8.1	71	disciple	personal	attested		SuttaCentral bilara-data Mahāsaṅgīti Pāli (CC0); names from DPPN, SuttaCentral sc-data edition	0.95
Vacchagotta	slug:buddhist:vacchagotta	Vacchagotta, a wanderer who later became an arahant Thera	boy	Vacchagotta	Vacchagotta	Pali	Buddhist	Theravada	Pali Canon	Majjhima Nikaya	MN 71:2.1	https://suttacentral.net/mn71	64	human	personal	attested		SuttaCentral bilara-data Mahāsaṅgīti Pāli (CC0); names from DPPN, SuttaCentral sc-data edition	0.95
Vacchapala	slug:buddhist:vacchapaala	Vacchapāla, a monk whose Theragāthā verse speaks of the ease of attaining Nibbana…	boy	Vacchapāla	Vacchapāla	Pali	Buddhist	Theravada	Pali Canon	Theragatha	Thag 1.71:1.5	https://suttacentral.net/thag1.71	2	disciple	personal	attested		SuttaCentral bilara-data Mahāsaṅgīti Pāli (CC0); names from DPPN, SuttaCentral sc-data edition	0.95
Vajiri	slug:buddhist:vajirakumaarii	Vajirakumārī, Daughter of Pasenadi	girl	Vajirī	Vajirī	Pali	Buddhist	Theravada	Pali Canon	Majjhima Nikaya	MN 87:24.2	https://suttacentral.net/mn87		human	epithet	attested	epithet of Vajirakumārī	SuttaCentral bilara-data Mahāsaṅgīti Pāli (CC0); names from DPPN, SuttaCentral sc-data edition	0.85
Vajirapani	slug:buddhist:vajirapaani	Vajirapāṇi, a Yakkha	boy	Vajirapāṇi	Vajirapāṇi	Pali	Buddhist	Theravada	Pali Canon	Digha Nikaya	DN 3:1.21.1	https://suttacentral.net/dn3		mythological_being	personal	attested		SuttaCentral bilara-data Mahāsaṅgīti Pāli (CC0); names from DPPN, SuttaCentral sc-data edition	0.85
Vajjita	slug:buddhist:vajjita	Vajjita, a monk whose Theragāthā verses speak of how, after many rebirths he…	boy	Vajjita	Vajjita	Pali	Buddhist	Theravada	Pali Canon	Theragatha	Thag 2.48:2.5	https://suttacentral.net/thag2.48		disciple	personal	attested		SuttaCentral bilara-data Mahāsaṅgīti Pāli (CC0); names from DPPN, SuttaCentral sc-data edition	0.85
Vajjiputta	slug:buddhist:vajjiputta	Vajjiputta, a monk whose Theragāthā verse speaks of dwelling alone in the forest	boy	Vajjiputta	Vajjiputta	Pali	Buddhist	Theravada	Pali Canon	Theragatha	Thag 1.62:1.5	https://suttacentral.net/thag1.62		disciple	personal	attested		SuttaCentral bilara-data Mahāsaṅgīti Pāli (CC0); names from DPPN, SuttaCentral sc-data edition	0.85
Vajjiyamahita	slug:buddhist:vajjiyamaahita	Vajjiyamāhita, a householder of Campā, a devout and skilled follower of the Buddha	boy	Vajjiyamāhita	Vajjiyamāhita	Pali	Buddhist	Theravada	Pali Canon	Anguttara Nikaya	AN 10.94:1.2	https://suttacentral.net/an10.94	14	human	personal	attested		SuttaCentral bilara-data Mahāsaṅgīti Pāli (CC0); names from DPPN, SuttaCentral sc-data edition	0.85
Vajji	slug:buddhist:vajjii	Vajjī, janapada		Vajjī	Vajjī	Pali	Buddhist	Theravada	Pali Canon	Anguttara Nikaya	AN 5.58:3.4	https://suttacentral.net/an5.58		place	word	attested		SuttaCentral bilara-data Mahāsaṅgīti Pāli (CC0); names from DPPN, SuttaCentral sc-data edition	0.85
Vaddha	slug:buddhist:vaddha-1	Vaḍḍha, a Licchavi (DPPN Vaḍḍha 1)	boy	Vaḍḍha	Vaḍḍha	Pali	Buddhist	Theravada	Pali Canon	Vinaya Pitaka	Kd 15:20.1.1	https://suttacentral.net/pli-tv-kd15		human	personal	attested		SuttaCentral bilara-data Mahāsaṅgīti Pāli (CC0); names from DPPN, SuttaCentral sc-data edition	0.85
Vaddha	slug:buddhist:vaddha-2	Vaḍḍha, a monk whose Theragāthā verses express thanks to his mother and… (DPPN Vaḍḍha 2)	boy	Vaḍḍha	Vaḍḍha	Pali	Buddhist	Theravada	Pali Canon	Theragatha	Thag 5.5:5.5	https://suttacentral.net/thag5.5		disciple	personal	attested		SuttaCentral bilara-data Mahāsaṅgīti Pāli (CC0); names from DPPN, SuttaCentral sc-data edition	0.85
Vaddhamana	slug:buddhist:vaddhamaana	Vaḍḍhamāna, a monk whose Theragāthā verse speaks of putting forth effort as if…	boy	Vaḍḍhamāna	Vaḍḍhamāna	Pali	Buddhist	Theravada	Pali Canon	Theragatha	Thag 1.40:1.5	https://suttacentral.net/thag1.40		disciple	personal	attested		SuttaCentral bilara-data Mahāsaṅgīti Pāli (CC0); names from DPPN, SuttaCentral sc-data edition	0.85
Vaddhamata	slug:buddhist:vaddhamaataa	Vaḍḍhamātā, an arahant, mother of Vaḍḍha	girl	Vaḍḍhamātā	Vaḍḍhamātā	Pali	Buddhist	Theravada	Pali Canon	Therigatha	Thig 9.1:10.1	https://suttacentral.net/thig9.1	1	disciple	personal	attested		SuttaCentral bilara-data Mahāsaṅgīti Pāli (CC0); names from DPPN, SuttaCentral sc-data edition	0.95
Vanavaccha	slug:buddhist:vanavaccha	Vanavaccha, a monk whose Theragāthā verse speaks of his delight to be meditating…	boy	Vanavaccha	Vanavaccha	Pali	Buddhist	Theravada	Pali Canon	Theragatha	Thag 1.13:1.5	https://suttacentral.net/thag1.13	6	disciple	personal	attested		SuttaCentral bilara-data Mahāsaṅgīti Pāli (CC0); names from DPPN, SuttaCentral sc-data edition	0.95
Vanasavhaya	slug:buddhist:vanasavhaya	Vanasavhaya, town		Vanasavhaya	Vanasavhaya	Pali	Buddhist	Theravada	Pali Canon	Sutta Nipata	Snp 5.1:36.4	https://suttacentral.net/snp5.1	3	place	word	attested		SuttaCentral bilara-data Mahāsaṅgīti Pāli (CC0); names from DPPN, SuttaCentral sc-data edition	0.95
Vedisa	slug:buddhist:vedisa	Vedisa, town		Vedisa	Vedisa	Pali	Buddhist	Theravada	Pali Canon	Sutta Nipata	Snp 5.1:36.4	https://suttacentral.net/snp5.1	5	place	word	attested		SuttaCentral bilara-data Mahāsaṅgīti Pāli (CC0); names from DPPN, SuttaCentral sc-data edition	0.85
Vappa	slug:buddhist:vappa-1	Vappa, one of the group of five monks who practiced with the Bodhisatta… (DPPN Vappa 1)	boy	Vappa	Vappa	Pali	Buddhist	Theravada	Pali Canon	Theragatha	Thag 1.61:1.5	https://suttacentral.net/thag1.61		disciple	personal	attested		SuttaCentral bilara-data Mahāsaṅgīti Pāli (CC0); names from DPPN, SuttaCentral sc-data edition	0.85
Varadhara	slug:buddhist:varadhara	Varadhara, a noted wanderer in the time of the Buddha	boy	Varadhara	Varadhara	Pali	Buddhist	Theravada	Pali Canon	Majjhima Nikaya	MN 77:2.2	https://suttacentral.net/mn77	3	human	personal	attested		SuttaCentral bilara-data Mahāsaṅgīti Pāli (CC0); names from DPPN, SuttaCentral sc-data edition	0.95
Varuna	slug:buddhist:varuna	Varuṇa, a king of the devas, mentioned as the companion of Sakka, Pajāpati…	boy	Varuṇa	Varuṇa	Pali	Buddhist	Theravada	Pali Canon	Digha Nikaya	DN 20:13.3	https://suttacentral.net/dn20	33	royal	personal	attested		SuttaCentral bilara-data Mahāsaṅgīti Pāli (CC0); names from DPPN, SuttaCentral sc-data edition	0.95
Varuna	slug:buddhist:varunaa	Varuṇā, a class of deities present at the preaching of the Mahāsamaya Sutta		Varuṇā	Varuṇā	Pali	Buddhist	Theravada	Pali Canon	Digha Nikaya	DN 20:13.3	https://suttacentral.net/dn20	5	mythological_being	word	attested		SuttaCentral bilara-data Mahāsaṅgīti Pāli (CC0); names from DPPN, SuttaCentral sc-data edition	0.95
Valahaka	slug:buddhist:valaahaka	Valāhaka, the horse of Mahāsudassana	boy	Valāhaka	Valāhaka	Pali	Buddhist	Theravada	Pali Canon	Samyutta Nikaya	SN 22.96:4.6	https://suttacentral.net/sn22.96		human	personal	attested		SuttaCentral bilara-data Mahāsaṅgīti Pāli (CC0); names from DPPN, SuttaCentral sc-data edition	0.85
Valliya	slug:buddhist:valliya	Valliya, a Theragāthā verse ascribed to a monk of this name speaks of…	boy	Valliya	Valliya	Pali	Buddhist	Theravada	Pali Canon	Theragatha	Thag 1.53:1.5	https://suttacentral.net/thag1.53	7	disciple	personal	attested		SuttaCentral bilara-data Mahāsaṅgīti Pāli (CC0); names from DPPN, SuttaCentral sc-data edition	0.95
Vasabha	slug:buddhist:vasabha	Vasabha, a monk whose Theragāthā verses speak of one who kills himself and…	boy	Vasabha	Vasabha	Pali	Buddhist	Theravada	Pali Canon	Theragatha	Thag 2.10:2.5	https://suttacentral.net/thag2.10		disciple	personal	attested		SuttaCentral bilara-data Mahāsaṅgīti Pāli (CC0); names from DPPN, SuttaCentral sc-data edition	0.85
Vasavatti	slug:buddhist:vasavattii	Vasavattī, a devaputta, king of the devas of the Parinimmita-vassavatti world	boy	Vasavattī	Vasavattī	Pali	Buddhist	Theravada	Pali Canon	Anguttara Nikaya	AN 8.36:9.3	https://suttacentral.net/an8.36		deity	divine	attested		SuttaCentral bilara-data Mahāsaṅgīti Pāli (CC0); names from DPPN, SuttaCentral sc-data edition	0.85
Vasu	slug:buddhist:vasuu	Vasū, a class of devas of whom Sakka is the chief		Vasū	Vasū	Pali	Buddhist	Theravada	Pali Canon	Digha Nikaya	DN 20:14.9	https://suttacentral.net/dn20	4	mythological_being	word	attested		SuttaCentral bilara-data Mahāsaṅgīti Pāli (CC0); names from DPPN, SuttaCentral sc-data edition	0.95
Vassakara	slug:buddhist:vassakaara	Vassakāra, a brahmin, chief minister of Ajātasattu	boy	Vassakāra	Vassakāra	Pali	Buddhist	Theravada	Pali Canon	Digha Nikaya	DN 16:1.2.1	https://suttacentral.net/dn16	32	human	personal	attested		SuttaCentral bilara-data Mahāsaṅgīti Pāli (CC0); names from DPPN, SuttaCentral sc-data edition	0.95
Vamaka	slug:buddhist:vaamaka	Vāmaka, one of the great sages held in esteem by the brahmins		Vāmaka	Vāmaka	Pali	Buddhist	Theravada	Pali Canon	Digha Nikaya	DN 3:2.8.1	https://suttacentral.net/dn3		human	personal	attested		SuttaCentral bilara-data Mahāsaṅgīti Pāli (CC0); names from DPPN, SuttaCentral sc-data edition	0.85
Vamadeva	slug:buddhist:vaamadeva	Vāmadeva, one of the great sages honoured by the brahmins as authors of hymns		Vāmadeva	Vāmadeva	Pali	Buddhist	Theravada	Pali Canon	Digha Nikaya	DN 3:2.8.1	https://suttacentral.net/dn3	17	human	personal	attested		SuttaCentral bilara-data Mahāsaṅgīti Pāli (CC0); names from DPPN, SuttaCentral sc-data edition	0.95
Varana	slug:buddhist:vaarana	Vāraṇa, a monk whose Theragāthā verses praise non-harming and seclusion	boy	Vāraṇa	Vāraṇa	Pali	Buddhist	Theravada	Pali Canon	Theragatha	Thag 3.7:3.5	https://suttacentral.net/thag3.7		disciple	personal	attested		SuttaCentral bilara-data Mahāsaṅgīti Pāli (CC0); names from DPPN, SuttaCentral sc-data edition	0.85
Vasabhagamaka	slug:buddhist:vaasabhagaamaka	Vāsabhagāmaka, town		Vāsabhagāmaka	Vāsabhagāmaka	Pali	Buddhist	Theravada	Pali Canon	Vinaya Pitaka	Kd 9:7.20.101	https://suttacentral.net/pli-tv-kd9	1	place	word	attested		SuttaCentral bilara-data Mahāsaṅgīti Pāli (CC0); names from DPPN, SuttaCentral sc-data edition	0.95
Vasabhagama	slug:buddhist:vaasabhagaamaka	Vāsabhagāmaka, town		Vāsabhagāma	Vāsabhagāma	Pali	Buddhist	Theravada	Pali Canon	Petavatthu	Pv 26:2.3	https://suttacentral.net/pv26	12	place	word	attested	another name of Vāsabhagāmaka	SuttaCentral bilara-data Mahāsaṅgīti Pāli (CC0); names from DPPN, SuttaCentral sc-data edition	0.95
Vasabhagamika	slug:buddhist:vaasabhagaamii	Vāsabhagāmī, one of the four Western monks appointed to the committee which…	boy	Vāsabhagāmika	Vāsabhagāmika	Pali	Buddhist	Theravada	Pali Canon	Vinaya Pitaka	Kd 22:2.7.9	https://suttacentral.net/pli-tv-kd22	1	disciple	epithet	attested	epithet of Vāsabhagāmī	SuttaCentral bilara-data Mahāsaṅgīti Pāli (CC0); names from DPPN, SuttaCentral sc-data edition	0.95
Vasabha	slug:buddhist:vaasabhaa	Vāsabhā, the second queen of King Pasenadi	girl	Vāsabhā	Vāsabhā	Pali	Buddhist	Theravada	Pali Canon	Majjhima Nikaya	MN 87:25.2	https://suttacentral.net/mn87	4	royal	personal	attested		SuttaCentral bilara-data Mahāsaṅgīti Pāli (CC0); names from DPPN, SuttaCentral sc-data edition	0.95
Vasavanesi	slug:buddhist:vaasavanesii	Vāsavanesī, a class of devas, present at the preaching of the Mahāsamaya Sutta		Vāsavanesī	Vāsavanesī	Pali	Buddhist	Theravada	Pali Canon	Digha Nikaya	DN 20:15.8	https://suttacentral.net/dn20	1	mythological_being	word	attested		SuttaCentral bilara-data Mahāsaṅgīti Pāli (CC0); names from DPPN, SuttaCentral sc-data edition	0.95
Vasettha	slug:buddhist:vaasettha-1	Vāseṭṭha, an old sage held in high esteem for his knowledge (DPPN Vāseṭṭha 1)	boy	Vāseṭṭha	Vāseṭṭha	Pali	Buddhist	Theravada	Pali Canon	Digha Nikaya	DN 3:2.8.1	https://suttacentral.net/dn3		human	personal	attested		SuttaCentral bilara-data Mahāsaṅgīti Pāli (CC0); names from DPPN, SuttaCentral sc-data edition	0.85
Vasettha	slug:buddhist:vaasettha-2	Vāseṭṭha, a clan, probably tracing its descent to the sage Vāseṭṭha (Sanskrit… (DPPN Vāseṭṭha 2)		Vāseṭṭha	Vāseṭṭha	Pali	Buddhist	Theravada	Pali Canon	Digha Nikaya	DN 16:5.19.2	https://suttacentral.net/dn16		tribe	word	attested		SuttaCentral bilara-data Mahāsaṅgīti Pāli (CC0); names from DPPN, SuttaCentral sc-data edition	0.85
Vasetthi	slug:buddhist:vaasetthii	Vāseṭṭhī, a bhikkhunī whose Therīgāthā verses tell of her child’s death and her…	girl	Vāseṭṭhī	Vāseṭṭhī	Pali	Buddhist	Theravada	Pali Canon	Therigatha	Thig 6.2:7.1	https://suttacentral.net/thig6.2		disciple	personal	attested		SuttaCentral bilara-data Mahāsaṅgīti Pāli (CC0); names from DPPN, SuttaCentral sc-data edition	0.85
Vijaya	slug:buddhist:vijaya-2	Vijaya, a monk whose Theragāthā verse says that one without defilements may… (DPPN Vijaya 2)	boy	Vijaya	Vijaya	Pali	Buddhist	Theravada	Pali Canon	Theragatha	Thag 1.92:1.7	https://suttacentral.net/thag1.92		disciple	personal	attested		SuttaCentral bilara-data Mahāsaṅgīti Pāli (CC0); names from DPPN, SuttaCentral sc-data edition	0.85
Vijaya	slug:buddhist:vijayaa	Vijayā, a bhikkhunī whose Therīgāthā verses say that she went to the…	girl	Vijayā	Vijayā	Pali	Buddhist	Theravada	Pali Canon	Therigatha	Thig 6.8:7.1	https://suttacentral.net/thig6.8		disciple	personal	attested		SuttaCentral bilara-data Mahāsaṅgīti Pāli (CC0); names from DPPN, SuttaCentral sc-data edition	0.85
Vijita	slug:buddhist:vijita	Vijita, a Pacceka Buddha		Vijita	Vijita	Pali	Buddhist	Theravada	Pali Canon	Majjhima Nikaya	MN 116:6.9	https://suttacentral.net/mn116		sage	personal	attested		SuttaCentral bilara-data Mahāsaṅgīti Pāli (CC0); names from DPPN, SuttaCentral sc-data edition	0.85
Vijitasena	slug:buddhist:vijitasena	Vijitasena, Several verses uttered by him in self admonition, in which he…	boy	Vijitasena	Vijitasena	Pali	Buddhist	Theravada	Pali Canon	Theragatha	Thag 5.9:5.5	https://suttacentral.net/thag5.9	4	disciple	personal	attested		SuttaCentral bilara-data Mahāsaṅgīti Pāli (CC0); names from DPPN, SuttaCentral sc-data edition	0.95
Vitendu	slug:buddhist:vitendu	Viṭeṇḍu, one of the vassals of the Four Great Kings present at the preaching…	boy	Viṭeṇḍu	Viṭeṇḍu	Pali	Buddhist	Theravada	Pali Canon	Digha Nikaya	DN 20:10.3	https://suttacentral.net/dn20	1	deity	divine	attested		SuttaCentral bilara-data Mahāsaṅgīti Pāli (CC0); names from DPPN, SuttaCentral sc-data edition	0.95
Vitucca	slug:buddhist:vitucca	Viṭucca, Vassal of the Four Great Kings present at the preaching of the…	boy	Viṭucca	Viṭucca	Pali	Buddhist	Theravada	Pali Canon	Digha Nikaya	DN 20:10.4	https://suttacentral.net/dn20	1	deity	divine	attested		SuttaCentral bilara-data Mahāsaṅgīti Pāli (CC0); names from DPPN, SuttaCentral sc-data edition	0.95
Videha	slug:buddhist:videha	Videha, region		Videha	Videha	Pali	Buddhist	Theravada	Pali Canon	Digha Nikaya	DN 19:36.7	https://suttacentral.net/dn19	29	place	word	attested		SuttaCentral bilara-data Mahāsaṅgīti Pāli (CC0); names from DPPN, SuttaCentral sc-data edition	0.95
Vidhura	slug:buddhist:vidhura	Vidhura, one of the two chief disciples of Kakusandha Buddha	boy	Vidhura	Vidhura	Pali	Buddhist	Theravada	Pali Canon	Majjhima Nikaya	MN 50:9.4	https://suttacentral.net/mn50		disciple	personal	attested		SuttaCentral bilara-data Mahāsaṅgīti Pāli (CC0); names from DPPN, SuttaCentral sc-data edition	0.85
Vipassi	Q1451813	Vipassī, Buddha of the past	boy	Vipassī	Vipassī	Pali	Buddhist	Theravada	Pali Canon	Digha Nikaya	DN 14:1.4.1	https://suttacentral.net/dn14		sage	personal	attested	Pali form of Sanskrit Vipaśyin	SuttaCentral bilara-data Mahāsaṅgīti Pāli (CC0); names from DPPN, SuttaCentral sc-data edition; Wikidata (CC0)	0.85
Vimala	slug:buddhist:vimala-1	Vimala, one of the four friends of Yasa who, following the latter’s example,… (DPPN Vimala 1)	boy	Vimala	Vimala	Pali	Buddhist	Theravada	Pali Canon	Vinaya Pitaka	Kd 1:9.1.2	https://suttacentral.net/pli-tv-kd1		human	personal	attested		SuttaCentral bilara-data Mahāsaṅgīti Pāli (CC0); names from DPPN, SuttaCentral sc-data edition	0.85
Vimala	slug:buddhist:vimala-2	Vimala, a monk whose Theragāthā verse speaks of being peaceful amidst a storm (DPPN Vimala 2)	boy	Vimala	Vimala	Pali	Buddhist	Theravada	Pali Canon	Theragatha	Thag 1.50:1.5	https://suttacentral.net/thag1.50		disciple	personal	attested		SuttaCentral bilara-data Mahāsaṅgīti Pāli (CC0); names from DPPN, SuttaCentral sc-data edition	0.85
Vimala	slug:buddhist:vimala-3	Vimala, a monk whose Theragāthā verses speak of avoiding bad companions and… (DPPN Vimala 3)	boy	Vimala	Vimala	Pali	Buddhist	Theravada	Pali Canon	Theragatha	Thag 3.16:3.5	https://suttacentral.net/thag3.16		disciple	personal	attested		SuttaCentral bilara-data Mahāsaṅgīti Pāli (CC0); names from DPPN, SuttaCentral sc-data edition	0.85
Vimala	slug:buddhist:vimala-4	Vimala, a Pacceka Buddha (DPPN Vimala 4)	boy	Vimala	Vimala	Pali	Buddhist	Theravada	Pali Canon	Majjhima Nikaya	MN 116:6.16	https://suttacentral.net/mn116		sage	personal	attested		SuttaCentral bilara-data Mahāsaṅgīti Pāli (CC0); names from DPPN, SuttaCentral sc-data edition	0.85
Vimalakondanna	slug:buddhist:vimalakondanna	Vimalakoṇḍañña, a monk whose Theragāthā verse is in the form of a riddle	boy	Vimalakoṇḍañña	Vimalakoṇḍañña	Pali	Buddhist	Theravada	Pali Canon	Theragatha	Thag 1.64:1.5	https://suttacentral.net/thag1.64	2	disciple	personal	attested		SuttaCentral bilara-data Mahāsaṅgīti Pāli (CC0); names from DPPN, SuttaCentral sc-data edition	0.95
Vimala	slug:buddhist:vimalaa	Vimalā, a bhikkhunī whose Therīgāthā verses speak of the fading beuaty of…	girl	Vimalā	Vimalā	Pali	Buddhist	Theravada	Pali Canon	Therigatha	Thig 5.2:6.1	https://suttacentral.net/thig5.2		disciple	personal	attested		SuttaCentral bilara-data Mahāsaṅgīti Pāli (CC0); names from DPPN, SuttaCentral sc-data edition	0.85
Viraja	slug:buddhist:viraja	Viraja, a Pacceka Buddha		Viraja	Viraja	Pali	Buddhist	Theravada	Pali Canon	Majjhima Nikaya	MN 116:6.8	https://suttacentral.net/mn116		sage	personal	attested		SuttaCentral bilara-data Mahāsaṅgīti Pāli (CC0); names from DPPN, SuttaCentral sc-data edition	0.85
Virupakkha	Q1188714	Virūpakkha, Great King of the west	boy	Virūpakkha	Virūpakkha	Pali	Buddhist	Theravada	Pali Canon	Digha Nikaya	DN 18:12.5	https://suttacentral.net/dn18		deity	divine	attested	Pali form of Sanskrit Virūpākṣa	SuttaCentral bilara-data Mahāsaṅgīti Pāli (CC0); names from DPPN, SuttaCentral sc-data edition; Wikidata (CC0)	0.85
Virupakkha	slug:buddhist:viruupakkha-2	Virūpakkha, a family of snakes or nāgas (DPPN Virūpakkha 2)		Virūpakkha	Virūpakkha	Pali	Buddhist	Theravada	Pali Canon	Vinaya Pitaka	Kd 15:6.1.6	https://suttacentral.net/pli-tv-kd15		mythological_being	word	attested		SuttaCentral bilara-data Mahāsaṅgīti Pāli (CC0); names from DPPN, SuttaCentral sc-data edition	0.85
Virulha	Q1188515	Virūḷhaka, Great King of the south	boy	Virūḷha	Virūḷha	Pali	Buddhist	Theravada	Pali Canon	Digha Nikaya	DN 32:5.10	https://suttacentral.net/dn32		deity	divine	attested	Pali form of Sanskrit Virūḍhaka	SuttaCentral bilara-data Mahāsaṅgīti Pāli (CC0); names from DPPN, SuttaCentral sc-data edition; Wikidata (CC0)	0.85
Virulhaka	Q1188515	Virūḷhaka, Great King of the south	boy	Virūḷhaka	Virūḷhaka	Pali	Buddhist	Theravada	Pali Canon	Digha Nikaya	DN 18:11.3	https://suttacentral.net/dn18	5	deity	divine	attested	epithet of Virūḷha; Pali form of Sanskrit Virūḍhaka	SuttaCentral bilara-data Mahāsaṅgīti Pāli (CC0); names from DPPN, SuttaCentral sc-data edition; Wikidata (CC0)	0.95
Visakha	slug:buddhist:visaakha-1	Visākha, Husband of Dhammadinnā (DPPN Visākha 1)	boy	Visākha	Visākha	Pali	Buddhist	Theravada	Pali Canon	Majjhima Nikaya	MN 44:1.3	https://suttacentral.net/mn44		human	personal	attested		SuttaCentral bilara-data Mahāsaṅgīti Pāli (CC0); names from DPPN, SuttaCentral sc-data edition	0.85
Visakha	slug:buddhist:visaakha-2	Visākha, a monk whose Theragāthā verses speaks of not attacking the virtuous,… (DPPN Visākha 2)	boy	Visākha	Visākha	Pali	Buddhist	Theravada	Pali Canon	Samyutta Nikaya	SN 21.7:1.3	https://suttacentral.net/sn21.7		disciple	personal	attested		SuttaCentral bilara-data Mahāsaṅgīti Pāli (CC0); names from DPPN, SuttaCentral sc-data edition	0.85
Visakha	slug:buddhist:visaakhaa-1	Visākhā,  (DPPN Visākhā 1)	girl	Visākhā	Visākhā	Pali	Buddhist	Theravada	Pali Canon	Therigatha	Thig 1.13:2.1	https://suttacentral.net/thig1.13		human	personal	attested		SuttaCentral bilara-data Mahāsaṅgīti Pāli (CC0); names from DPPN, SuttaCentral sc-data edition	0.85
Visakha	Q2467542	Visākhā Migāramātā, chief laywoman disciple	girl	Visākhā	Visākhā	Pali	Buddhist	Theravada	Pali Canon	Anguttara Nikaya	AN 1.259:1.1	https://suttacentral.net/an1.258-267		disciple	personal	attested	Pali form of Sanskrit Viśākhā	SuttaCentral bilara-data Mahāsaṅgīti Pāli (CC0); names from DPPN, SuttaCentral sc-data edition; Wikidata (CC0)	0.85
Vitaraga	slug:buddhist:viitaraaga	Vītarāga, a Pacceka Buddha		Vītarāga	Vītarāga	Pali	Buddhist	Theravada	Pali Canon	Majjhima Nikaya	MN 116:6.29	https://suttacentral.net/mn116		sage	personal	attested		SuttaCentral bilara-data Mahāsaṅgīti Pāli (CC0); names from DPPN, SuttaCentral sc-data edition	0.85
Vitasoka	slug:buddhist:viitasokaa	Vītasokā, a monk whose Theragāthā verses speak of how, while shaving, he gained…	boy	Vītasokā	Vītasokā	Pali	Buddhist	Theravada	Pali Canon	Udana	Ud 8.8:8.1	https://suttacentral.net/ud8.8	7	disciple	personal	attested		SuttaCentral bilara-data Mahāsaṅgīti Pāli (CC0); names from DPPN, SuttaCentral sc-data edition	0.85
Vira	slug:buddhist:viira	Vīra, a monk whose Theragāthā verse speaks of taming oneself like a hero	boy	Vīra	Vīra	Pali	Buddhist	Theravada	Pali Canon	Theragatha	Thag 1.8:1.2	https://suttacentral.net/thag1.8		disciple	personal	attested		SuttaCentral bilara-data Mahāsaṅgīti Pāli (CC0); names from DPPN, SuttaCentral sc-data edition	0.85
Veghanasa	slug:buddhist:veghanasaa	Veghanasā, a class of devas present at the preaching of the Mahāsamaya Sutta		Veghanasā	Veghanasā	Pali	Buddhist	Theravada	Pali Canon	Digha Nikaya	DN 20:17.2	https://suttacentral.net/dn20	1	mythological_being	word	attested		SuttaCentral bilara-data Mahāsaṅgīti Pāli (CC0); names from DPPN, SuttaCentral sc-data edition	0.95
Vejayanta	slug:buddhist:vejayanta-1	Vejayanta, building (DPPN Vejayanta 1)		Vejayanta	Vejayanta	Pali	Buddhist	Theravada	Pali Canon	Majjhima Nikaya	MN 37:8.8	https://suttacentral.net/mn37		place	word	attested		SuttaCentral bilara-data Mahāsaṅgīti Pāli (CC0); names from DPPN, SuttaCentral sc-data edition	0.85
Vejayanta	slug:buddhist:vejayanta-3	Vejayanta, place (DPPN Vejayanta 3)		Vejayanta	Vejayanta	Pali	Buddhist	Theravada	Pali Canon	Samyutta Nikaya	SN 22.96:4.7	https://suttacentral.net/sn22.96		place	word	attested		SuttaCentral bilara-data Mahāsaṅgīti Pāli (CC0); names from DPPN, SuttaCentral sc-data edition	0.85
Vendu	slug:buddhist:vendu	Veṇḍu, a devaputta	boy	Veṇḍu	Veṇḍu	Pali	Buddhist	Theravada	Pali Canon	Samyutta Nikaya	SN 2.12:1.1	https://suttacentral.net/sn2.12	2	deity	divine	attested		SuttaCentral bilara-data Mahāsaṅgīti Pāli (CC0); names from DPPN, SuttaCentral sc-data edition	0.85
Vetarani	slug:buddhist:vetarani	Vetaraṇi, river		Vetaraṇi	Vetaraṇi	Pali	Buddhist	Theravada	Pali Canon	Samyutta Nikaya	SN 1.33:10.3	https://suttacentral.net/sn1.33		place	word	attested		SuttaCentral bilara-data Mahāsaṅgīti Pāli (CC0); names from DPPN, SuttaCentral sc-data edition	0.85
Vediyaka	slug:buddhist:vediyaka	Vediyaka, hill		Vediyaka	Vediyaka	Pali	Buddhist	Theravada	Pali Canon	Digha Nikaya	DN 21:1.1.2	https://suttacentral.net/dn21	10	place	word	attested		SuttaCentral bilara-data Mahāsaṅgīti Pāli (CC0); names from DPPN, SuttaCentral sc-data edition	0.95
Vedehika	slug:buddhist:vedehikaa	Vedehikā, a lady of Sāvatthī who had a reputation for gentleness till her…	girl	Vedehikā	Vedehikā	Pali	Buddhist	Theravada	Pali Canon	Majjhima Nikaya	MN 21:9.1	https://suttacentral.net/mn21	16	human	personal	attested		SuttaCentral bilara-data Mahāsaṅgīti Pāli (CC0); names from DPPN, SuttaCentral sc-data edition	0.95
Vedhanna	slug:buddhist:vedhannaa	Vedhaññā, a family of Sākiyans		Vedhaññā	Vedhaññā	Pali	Buddhist	Theravada	Pali Canon	Digha Nikaya	DN 29:1.2	https://suttacentral.net/dn29	1	tribe	word	attested		SuttaCentral bilara-data Mahāsaṅgīti Pāli (CC0); names from DPPN, SuttaCentral sc-data edition	0.85
Venagapura	slug:buddhist:venaagapura	Venāgapura, town		Venāgapura	Venāgapura	Pali	Buddhist	Theravada	Pali Canon	Anguttara Nikaya	AN 3.63:1.1	https://suttacentral.net/an3.63	2	place	word	attested		SuttaCentral bilara-data Mahāsaṅgīti Pāli (CC0); names from DPPN, SuttaCentral sc-data edition	0.85
Vepacitti	Q3538740	Vepacitti, asura chief	boy	Vepacitti	Vepacitti	Pali	Buddhist	Theravada	Pali Canon	Digha Nikaya	DN 20:12.7	https://suttacentral.net/dn20	56	mythological_being	personal	attested	Pali form of Sanskrit Vemacitrin	SuttaCentral bilara-data Mahāsaṅgīti Pāli (CC0); names from DPPN, SuttaCentral sc-data edition; Wikidata (CC0)	0.95
Sambara	Q3538740	Vepacitti, asura chief	boy	Sambara	Sambara	Pali	Buddhist	Theravada	Pali Canon	Samyutta Nikaya	SN 11.10:1.7	https://suttacentral.net/sn11.10	7	mythological_being	epithet	attested	epithet of Vepacitti; Pali form of Sanskrit Vemacitrin	SuttaCentral bilara-data Mahāsaṅgīti Pāli (CC0); names from DPPN, SuttaCentral sc-data edition; Wikidata (CC0)	0.85
Vepulla	slug:buddhist:vepulla	Vepulla, hill		Vepulla	Vepulla	Pali	Buddhist	Theravada	Pali Canon	Digha Nikaya	DN 20:8.8	https://suttacentral.net/dn20		place	word	attested		SuttaCentral bilara-data Mahāsaṅgīti Pāli (CC0); names from DPPN, SuttaCentral sc-data edition	0.85
Vipula	slug:buddhist:vepulla	Vepulla, hill		Vipula	Vipula	Pali	Buddhist	Theravada	Pali Canon	Samyutta Nikaya	SN 2.30:16.1	https://suttacentral.net/sn2.30		place	word	attested	another name of Vepulla	SuttaCentral bilara-data Mahāsaṅgīti Pāli (CC0); names from DPPN, SuttaCentral sc-data edition	0.85
Vebhara	slug:buddhist:vebhaara	Vebhāra, hill		Vebhāra	Vebhāra	Pali	Buddhist	Theravada	Pali Canon	Majjhima Nikaya	MN 116:2.1	https://suttacentral.net/mn116	8	place	word	attested		SuttaCentral bilara-data Mahāsaṅgīti Pāli (CC0); names from DPPN, SuttaCentral sc-data edition	0.95
Veranja	slug:buddhist:veranjaa	Verañjā, city		Verañjā	Verañjā	Pali	Buddhist	Theravada	Pali Canon	Anguttara Nikaya	AN 8.19:1.1	https://suttacentral.net/an8.19		place	word	attested		SuttaCentral bilara-data Mahāsaṅgīti Pāli (CC0); names from DPPN, SuttaCentral sc-data edition	0.85
Velamika	slug:buddhist:velaamikaa	Velāmikā, Chief of the eighty four thousand women who waited on Mahāsudassana,…	boy	Velāmikā	Velāmikā	Pali	Buddhist	Theravada	Pali Canon	Samyutta Nikaya	SN 22.96:4.8	https://suttacentral.net/sn22.96		royal	personal	attested		SuttaCentral bilara-data Mahāsaṅgīti Pāli (CC0); names from DPPN, SuttaCentral sc-data edition	0.85
Velukandaki	slug:buddhist:velukantakii	Veḷukaṇṭakī, a lady of Veḷukaṇṭa	girl	Veḷukaṇḍakī	Veḷukaṇḍakī	Pali	Buddhist	Theravada	Pali Canon	Samyutta Nikaya	SN 17.24:1.4	https://suttacentral.net/sn17.24	10	human	epithet	attested	epithet of Veḷukaṇṭakī	SuttaCentral bilara-data Mahāsaṅgīti Pāli (CC0); names from DPPN, SuttaCentral sc-data edition	0.85
Velukandakiya	slug:buddhist:velukantakii	Veḷukaṇṭakī, a lady of Veḷukaṇṭa	girl	Veḷukaṇḍakiyā	Veḷukaṇḍakiyā	Pali	Buddhist	Theravada	Pali Canon	Samyutta Nikaya	SN 17.24:1.4	https://suttacentral.net/sn17.24	6	human	epithet	attested	epithet of Veḷukaṇṭakī	SuttaCentral bilara-data Mahāsaṅgīti Pāli (CC0); names from DPPN, SuttaCentral sc-data edition	0.85
Veludvara	slug:buddhist:veludvaara	Veḷudvāra, town		Veḷudvāra	Veḷudvāra	Pali	Buddhist	Theravada	Pali Canon	Samyutta Nikaya	SN 55.7:1.2	https://suttacentral.net/sn55.7	2	place	word	attested		SuttaCentral bilara-data Mahāsaṅgīti Pāli (CC0); names from DPPN, SuttaCentral sc-data edition	0.85
Veluvana	slug:buddhist:veluvana-1	Veḷuvana, monastery (DPPN Veḷuvana 1)		Veḷuvana	Veḷuvana	Pali	Buddhist	Theravada	Pali Canon	Udana	Ud 8.9:1.2	https://suttacentral.net/ud8.9		place	word	attested		SuttaCentral bilara-data Mahāsaṅgīti Pāli (CC0); names from DPPN, SuttaCentral sc-data edition	0.85
Vesala	slug:buddhist:vesaalaa	Vesālā, the Nāgas of Vesāli who were present at the preaching of the…		Vesālā	Vesālā	Pali	Buddhist	Theravada	Pali Canon	Digha Nikaya	DN 20:11.2	https://suttacentral.net/dn20		mythological_being	personal	attested		SuttaCentral bilara-data Mahāsaṅgīti Pāli (CC0); names from DPPN, SuttaCentral sc-data edition	0.85
Vesali	slug:buddhist:vesaali	Vesāli, town		Vesāli	Vesāli	Pali	Buddhist	Theravada	Pali Canon	Digha Nikaya	DN 16:2.11.2	https://suttacentral.net/dn16		place	word	attested		SuttaCentral bilara-data Mahāsaṅgīti Pāli (CC0); names from DPPN, SuttaCentral sc-data edition	0.85
Vessabhu	slug:buddhist:vessabhuu	Vessabhū, King of Avanti in the time of Reṇu	boy	Vessabhū	Vessabhū	Pali	Buddhist	Theravada	Pali Canon	Digha Nikaya	DN 14:1.4.3	https://suttacentral.net/dn14	44	royal	personal	attested		SuttaCentral bilara-data Mahāsaṅgīti Pāli (CC0); names from DPPN, SuttaCentral sc-data edition	0.95
Vessamitta	slug:buddhist:vessaamitta-1	Vessāmitta, a celebrated sage of old (DPPN Vessāmitta 1)		Vessāmitta	Vessāmitta	Pali	Buddhist	Theravada	Pali Canon	Digha Nikaya	DN 3:2.8.1	https://suttacentral.net/dn3		human	personal	attested		SuttaCentral bilara-data Mahāsaṅgīti Pāli (CC0); names from DPPN, SuttaCentral sc-data edition	0.85
Vessamitta	slug:buddhist:vessaamitta-2	Vessāmitta, a Yakkha chief who, with five hundred others of the same name, was… (DPPN Vessāmitta 2)	boy	Vessāmitta	Vessāmitta	Pali	Buddhist	Theravada	Pali Canon	Digha Nikaya	DN 20:8.1	https://suttacentral.net/dn20		mythological_being	personal	attested		SuttaCentral bilara-data Mahāsaṅgīti Pāli (CC0); names from DPPN, SuttaCentral sc-data edition	0.85
Vehapphala	slug:buddhist:vehapphala	Vehapphala, heaven		Vehapphala	Vehapphala	Pali	Buddhist	Theravada	Pali Canon	Majjhima Nikaya	MN 1:13.1	https://suttacentral.net/mn1	24	place	word	attested		SuttaCentral bilara-data Mahāsaṅgīti Pāli (CC0); names from DPPN, SuttaCentral sc-data edition	0.95
Sakula	slug:buddhist:sakulaa-1	Sakulā, the foremost among nuns in the divine eye (DPPN Sakulā 1)	girl	Sakulā	Sakulā	Pali	Buddhist	Theravada	Pali Canon	Therigatha	Thig 5.7:6.1	https://suttacentral.net/thig5.7		disciple	personal	attested		SuttaCentral bilara-data Mahāsaṅgīti Pāli (CC0); names from DPPN, SuttaCentral sc-data edition	0.85
Sakka	Q1444745	Sakka, king of the devas	boy	Sakka	Sakka	Pali	Buddhist	Theravada	Pali Canon	Digha Nikaya	DN 11:70.6	https://suttacentral.net/dn11	510	deity	divine	attested	Pali form of Sanskrit Śakra	SuttaCentral bilara-data Mahāsaṅgīti Pāli (CC0); names from DPPN, SuttaCentral sc-data edition; Wikidata (CC0)	0.95
Vasava	Q1444745	Sakka, king of the devas	boy	Vāsava	Vāsava	Pali	Buddhist	Theravada	Pali Canon	Digha Nikaya	DN 20:14.9	https://suttacentral.net/dn20		deity	divine	attested	epithet of Sakka; Pali form of Sanskrit Śakra	SuttaCentral bilara-data Mahāsaṅgīti Pāli (CC0); names from DPPN, SuttaCentral sc-data edition; Wikidata (CC0)	0.85
Maghava	Q1444745	Sakka, king of the devas	boy	Maghavā	Maghavā	Pali	Buddhist	Theravada	Pali Canon	Samyutta Nikaya	SN 11.4:2.1	https://suttacentral.net/sn11.4		deity	divine	attested	epithet of Sakka; Pali form of Sanskrit Śakra	SuttaCentral bilara-data Mahāsaṅgīti Pāli (CC0); names from DPPN, SuttaCentral sc-data edition; Wikidata (CC0)	0.85
Purindada	Q1444745	Sakka, king of the devas	boy	Purindada	Purindada	Pali	Buddhist	Theravada	Pali Canon	Digha Nikaya	DN 20:14.10	https://suttacentral.net/dn20		deity	divine	attested	epithet of Sakka; Pali form of Sanskrit Śakra	SuttaCentral bilara-data Mahāsaṅgīti Pāli (CC0); names from DPPN, SuttaCentral sc-data edition; Wikidata (CC0)	0.85
Sujampati	Q1444745	Sakka, king of the devas	boy	Sujampati	Sujampati	Pali	Buddhist	Theravada	Pali Canon	Samyutta Nikaya	SN 11.7:4.6	https://suttacentral.net/sn11.7	15	deity	divine	attested	epithet of Sakka; Pali form of Sanskrit Śakra	SuttaCentral bilara-data Mahāsaṅgīti Pāli (CC0); names from DPPN, SuttaCentral sc-data edition; Wikidata (CC0)	0.85
Kosiya	Q1444745	Sakka, king of the devas	boy	Kosiya	Kosiya	Pali	Buddhist	Theravada	Pali Canon	Digha Nikaya	DN 21:1.9.3	https://suttacentral.net/dn21		deity	divine	attested	epithet of Sakka; Pali form of Sanskrit Śakra	SuttaCentral bilara-data Mahāsaṅgīti Pāli (CC0); names from DPPN, SuttaCentral sc-data edition; Wikidata (CC0)	0.85
Sakyaputtiya	slug:buddhist:sakyaputtiyaa	Sakyaputtiyā, the name given to the monks of the Buddha’s Order, as followers of…		Sakyaputtiyā	Sakyaputtiyā	Pali	Buddhist	Theravada	Pali Canon	Udana	Ud 4.8:6.1	https://suttacentral.net/ud4.8		title	word	attested		SuttaCentral bilara-data Mahāsaṅgīti Pāli (CC0); names from DPPN, SuttaCentral sc-data edition	0.85
Sankassa	slug:buddhist:sankassa	Saṅkassa, town		Saṅkassa	Saṅkassa	Pali	Buddhist	Theravada	Pali Canon	Vinaya Pitaka	Bu Pj 1:4.18	https://suttacentral.net/pli-tv-bu-vb-pj1	6	place	word	attested		SuttaCentral bilara-data Mahāsaṅgīti Pāli (CC0); names from DPPN, SuttaCentral sc-data edition	0.95
Sankicca	slug:buddhist:sankicca	Saṅkicca, a monk whose Theragāthā verses speak of his delight in meditating in…	boy	Saṅkicca	Saṅkicca	Pali	Buddhist	Theravada	Pali Canon	Theragatha	Thag 11.1:11.5	https://suttacentral.net/thag11.1		disciple	personal	attested		SuttaCentral bilara-data Mahāsaṅgīti Pāli (CC0); names from DPPN, SuttaCentral sc-data edition	0.85
Sankha	slug:buddhist:sankha	Saṅkha, a future king, who will be the Cakkavatti of Ketumatī at the time of…	boy	Saṅkha	Saṅkha	Pali	Buddhist	Theravada	Pali Canon	Digha Nikaya	DN 26:24.1	https://suttacentral.net/dn26		royal	personal	attested		SuttaCentral bilara-data Mahāsaṅgīti Pāli (CC0); names from DPPN, SuttaCentral sc-data edition	0.85
Sangamaji	slug:buddhist:sangaamaji	Saṅgāmaji, a monk whose wife tempted him to return to lay life by placing their…	boy	Saṅgāmaji	Saṅgāmaji	Pali	Buddhist	Theravada	Pali Canon	Udana	Ud 1.8:1.3	https://suttacentral.net/ud1.8		disciple	personal	attested		SuttaCentral bilara-data Mahāsaṅgīti Pāli (CC0); names from DPPN, SuttaCentral sc-data edition	0.85
Sangarava	slug:buddhist:sangaarava	Saṅgārava, a very learned brahmin of Candalakappa		Saṅgārava	Saṅgārava	Pali	Buddhist	Theravada	Pali Canon	Majjhima Nikaya	MN 100:3.1	https://suttacentral.net/mn100	40	human	personal	attested		SuttaCentral bilara-data Mahāsaṅgīti Pāli (CC0); names from DPPN, SuttaCentral sc-data edition	0.85
Sangha	slug:buddhist:sanghaa	Saṅghā, a bhikkhunī whose Therīgāthā verse speaks of having left behind…	girl	Saṅghā	Saṅghā	Pali	Buddhist	Theravada	Pali Canon	Therigatha	Thig 1.18:2.1	https://suttacentral.net/thig1.18		disciple	personal	attested		SuttaCentral bilara-data Mahāsaṅgīti Pāli (CC0); names from DPPN, SuttaCentral sc-data edition	0.85
Sacca	slug:buddhist:sacca	Sacca, a Pacceka Buddha		Sacca	Sacca	Pali	Buddhist	Theravada	Pali Canon	Majjhima Nikaya	MN 116:6.8	https://suttacentral.net/mn116		sage	personal	attested		SuttaCentral bilara-data Mahāsaṅgīti Pāli (CC0); names from DPPN, SuttaCentral sc-data edition	0.85
Pajjanika	slug:buddhist:pajjanika	Pajjanika, town		Pajjanika	Pajjanika	Pali	Buddhist	Theravada	Pali Canon	Anguttara Nikaya	AN 4.57:1.1	https://suttacentral.net/an4.57	1	place	word	attested		SuttaCentral bilara-data Mahāsaṅgīti Pāli (CC0); names from DPPN, SuttaCentral sc-data edition	0.85
Sanjaya	slug:buddhist:sanjaya-1	Sañjaya, a monk whose Theragāthā verse says that since going forth he has not… (DPPN Sañjaya 1)	boy	Sañjaya	Sañjaya	Pali	Buddhist	Theravada	Pali Canon	Theragatha	Thag 1.48:1.5	https://suttacentral.net/thag1.48		disciple	personal	attested		SuttaCentral bilara-data Mahāsaṅgīti Pāli (CC0); names from DPPN, SuttaCentral sc-data edition	0.85
Sanjaya	slug:buddhist:sanjaya-2	Sañjaya, place (DPPN Sañjaya 2)		Sañjaya	Sañjaya	Pali	Buddhist	Theravada	Pali Canon	Majjhima Nikaya	MN 90:6.3	https://suttacentral.net/mn90		place	word	attested		SuttaCentral bilara-data Mahāsaṅgīti Pāli (CC0); names from DPPN, SuttaCentral sc-data edition	0.85
Sanjikaputta	slug:buddhist:sanjikaaputta	Sañjikāputta, a young brahmin, friend of Bodhirājakumāra		Sañjikāputta	Sañjikāputta	Pali	Buddhist	Theravada	Pali Canon	Majjhima Nikaya	MN 85:3.1	https://suttacentral.net/mn85	15	human	personal	attested		SuttaCentral bilara-data Mahāsaṅgīti Pāli (CC0); names from DPPN, SuttaCentral sc-data edition	0.95
Sanjiva	slug:buddhist:sanjiiva	Sañjīva, one of the two chief disciples of Kakusandha Buddha	boy	Sañjīva	Sañjīva	Pali	Buddhist	Theravada	Pali Canon	Majjhima Nikaya	MN 50:10.1	https://suttacentral.net/mn50	10	disciple	personal	attested		SuttaCentral bilara-data Mahāsaṅgīti Pāli (CC0); names from DPPN, SuttaCentral sc-data edition	0.95
Sattapanniguha	slug:buddhist:sattapanniguhaa	Sattapaṇṇiguhā, cave		Sattapaṇṇiguhā	Sattapaṇṇiguhā	Pali	Buddhist	Theravada	Pali Canon	Digha Nikaya	DN 16:3.42.3	https://suttacentral.net/dn16	4	place	word	attested		SuttaCentral bilara-data Mahāsaṅgīti Pāli (CC0); names from DPPN, SuttaCentral sc-data edition	0.95
Sattabhu	slug:buddhist:sattabhuu	Sattabhū, the king of the Kālingas in the time of Reṇu	boy	Sattabhū	Sattabhū	Pali	Buddhist	Theravada	Pali Canon	Digha Nikaya	DN 19:36.13	https://suttacentral.net/dn19	1	royal	personal	attested		SuttaCentral bilara-data Mahāsaṅgīti Pāli (CC0); names from DPPN, SuttaCentral sc-data edition	0.95
Sattamba	slug:buddhist:sattamba	Sattamba, shrine		Sattamba	Sattamba	Pali	Buddhist	Theravada	Pali Canon	Digha Nikaya	DN 16:3.2.4	https://suttacentral.net/dn16	11	place	word	attested		SuttaCentral bilara-data Mahāsaṅgīti Pāli (CC0); names from DPPN, SuttaCentral sc-data edition	0.95
Sattarasavaggiya	slug:buddhist:sattarasavaggiyaa	Sattarasavaggiyā, a group of monks in the Buddha’s time, who seem to have incurred the…		Sattarasavaggiyā	Sattarasavaggiyā	Pali	Buddhist	Theravada	Pali Canon	Vinaya Pitaka	Kd 16:11.1.1	https://suttacentral.net/pli-tv-kd16		tribe	word	attested		SuttaCentral bilara-data Mahāsaṅgīti Pāli (CC0); names from DPPN, SuttaCentral sc-data edition	0.85
Sattha	slug:buddhist:satthaa	Satthā, a Pacceka Buddha		Satthā	Satthā	Pali	Buddhist	Theravada	Pali Canon	Majjhima Nikaya	MN 116:6.13	https://suttacentral.net/mn116		sage	personal	attested		SuttaCentral bilara-data Mahāsaṅgīti Pāli (CC0); names from DPPN, SuttaCentral sc-data edition	0.85
Sadamatta	slug:buddhist:sadaamattaa	Sadāmattā, a class of Devas, present at the preaching of the Mahāsamaya Sutta		Sadāmattā	Sadāmattā	Pali	Buddhist	Theravada	Pali Canon	Digha Nikaya	DN 20:17.5	https://suttacentral.net/dn20	1	mythological_being	word	attested		SuttaCentral bilara-data Mahāsaṅgīti Pāli (CC0); names from DPPN, SuttaCentral sc-data edition	0.95
Saddha	slug:buddhist:saddhaa	Saddhā, an upāsikā of Sāvatthī	girl	Saddhā	Saddhā	Pali	Buddhist	Theravada	Pali Canon	Vinaya Pitaka	Bu Pj 1:9.7.48	https://suttacentral.net/pli-tv-bu-vb-pj1		human	personal	attested		SuttaCentral bilara-data Mahāsaṅgīti Pāli (CC0); names from DPPN, SuttaCentral sc-data edition	0.85
Sanankumara	slug:buddhist:sanankumaara	Sanaṅkumāra, a Mahā Brahmā, whose name means “ever young”. In the Nikāyas he is…	boy	Sanaṅkumāra	Sanaṅkumāra	Pali	Buddhist	Theravada	Pali Canon	Digha Nikaya	DN 3:1.28.1	https://suttacentral.net/dn3	65	deity	divine	attested		SuttaCentral bilara-data Mahāsaṅgīti Pāli (CC0); names from DPPN, SuttaCentral sc-data edition	0.95
Sankilitthabha	slug:buddhist:sankilitthaabhaa	Saṅkiliṭṭhābhā, a class of devas		Saṅkiliṭṭhābhā	Saṅkiliṭṭhābhā	Pali	Buddhist	Theravada	Pali Canon	Majjhima Nikaya	MN 127:9.7	https://suttacentral.net/mn127		mythological_being	word	attested		SuttaCentral bilara-data Mahāsaṅgīti Pāli (CC0); names from DPPN, SuttaCentral sc-data edition	0.85
Santacitta	slug:buddhist:santacitta	Santacitta, a Pacceka Buddha		Santacitta	Santacitta	Pali	Buddhist	Theravada	Pali Canon	Majjhima Nikaya	MN 116:6.7	https://suttacentral.net/mn116		sage	personal	attested		SuttaCentral bilara-data Mahāsaṅgīti Pāli (CC0); names from DPPN, SuttaCentral sc-data edition	0.85
Santuttha	slug:buddhist:santuttha	Santuṭṭha, a disciple of the Buddha at Ñātikā	boy	Santuṭṭha	Santuṭṭha	Pali	Buddhist	Theravada	Pali Canon	Digha Nikaya	DN 16:2.6.11	https://suttacentral.net/dn16		disciple	personal	attested		SuttaCentral bilara-data Mahāsaṅgīti Pāli (CC0); names from DPPN, SuttaCentral sc-data edition	0.85
Santusita	slug:buddhist:santusita	Santusita, Chief of the devas of the Tusita world	boy	Santusita	Santusita	Pali	Buddhist	Theravada	Pali Canon	Anguttara Nikaya	AN 8.36:7.3	https://suttacentral.net/an8.36		deity	divine	attested		SuttaCentral bilara-data Mahāsaṅgīti Pāli (CC0); names from DPPN, SuttaCentral sc-data edition	0.85
Sandaka	slug:buddhist:sandaka	Sandaka, a Paribbājaka	boy	Sandaka	Sandaka	Pali	Buddhist	Theravada	Pali Canon	Majjhima Nikaya	MN 76:2.1	https://suttacentral.net/mn76	57	human	personal	attested		SuttaCentral bilara-data Mahāsaṅgīti Pāli (CC0); names from DPPN, SuttaCentral sc-data edition	0.85
Saddha	slug:buddhist:sandha	Sandha, a monk who visited the Buddha at Ñātikā in the Giñjakāvasatha, when…	boy	Saddha	Saddha	Pali	Buddhist	Theravada	Pali Canon	Anguttara Nikaya	AN 11.9:1.2	https://suttacentral.net/an11.9		disciple	epithet	attested	epithet of Sandha	SuttaCentral bilara-data Mahāsaṅgīti Pāli (CC0); names from DPPN, SuttaCentral sc-data edition	0.85
Sandhita	slug:buddhist:sandhita	Sandhita, a monk whose Theragāthā verse speaks of attaining a perception of the…	boy	Sandhita	Sandhita	Pali	Buddhist	Theravada	Pali Canon	Theragatha	Thag 2.49:2.5	https://suttacentral.net/thag2.49	4	disciple	personal	attested		SuttaCentral bilara-data Mahāsaṅgīti Pāli (CC0); names from DPPN, SuttaCentral sc-data edition	0.95
Sappadasa	slug:buddhist:sappadaasa	Sappadāsa, Overmastered by corrupt habits of mind and character, for twenty five…	boy	Sappadāsa	Sappadāsa	Pali	Buddhist	Theravada	Pali Canon	Theragatha	Thag 6.6:6.5	https://suttacentral.net/thag6.6	1	human	personal	attested		SuttaCentral bilara-data Mahāsaṅgīti Pāli (CC0); names from DPPN, SuttaCentral sc-data edition	0.95
Sappasondikapabbhara	slug:buddhist:sappasondikapabbhaara	Sappasoṇḍikapabbhāra, cave		Sappasoṇḍikapabbhāra	Sappasoṇḍikapabbhāra	Pali	Buddhist	Theravada	Pali Canon	Digha Nikaya	DN 16:3.42.5	https://suttacentral.net/dn16	5	place	word	attested		SuttaCentral bilara-data Mahāsaṅgīti Pāli (CC0); names from DPPN, SuttaCentral sc-data edition	0.95
Sappaka	slug:buddhist:sabbaka	Sabbaka, a monk whose Theragāthā verses speak of his joy in living on the…	boy	Sappaka	Sappaka	Pali	Buddhist	Theravada	Pali Canon	Theragatha	Thag 4.11:4.5	https://suttacentral.net/thag4.11	2	disciple	epithet	attested	epithet of Sabbaka	SuttaCentral bilara-data Mahāsaṅgīti Pāli (CC0); names from DPPN, SuttaCentral sc-data edition	0.95
Sabbakama	slug:buddhist:sabbakaama	Sabbakāma, a monk whose Theragāthā verses speak of getting rid of desire for…	boy	Sabbakāma	Sabbakāma	Pali	Buddhist	Theravada	Pali Canon	Theragatha	Thag 6.14:6.3	https://suttacentral.net/thag6.14		disciple	personal	attested		SuttaCentral bilara-data Mahāsaṅgīti Pāli (CC0); names from DPPN, SuttaCentral sc-data edition	0.85
Sabbamitta	slug:buddhist:sabbamitta	Sabbamitta, a monk whose Theragāthā verses speak of the suffering inherent in…	boy	Sabbamitta	Sabbamitta	Pali	Buddhist	Theravada	Pali Canon	Digha Nikaya	DN 14:1.11.6	https://suttacentral.net/dn14	8	disciple	personal	attested		SuttaCentral bilara-data Mahāsaṅgīti Pāli (CC0); names from DPPN, SuttaCentral sc-data edition	0.95
Subhuti	Q1144771	Subhūti, disciple	boy	Subhūti	Subhūti	Pali	Buddhist	Theravada	Pali Canon	Majjhima Nikaya	MN 139:14.3	https://suttacentral.net/mn139	57	disciple	personal	attested	Pali form of Sanskrit Subhūti	SuttaCentral bilara-data Mahāsaṅgīti Pāli (CC0); names from DPPN, SuttaCentral sc-data edition; Wikidata (CC0)	0.95
Samana	slug:buddhist:samaanaa	Samānā, a class of Devas present at the preaching of the Mahāsamaya Sutta		Samānā	Samānā	Pali	Buddhist	Theravada	Pali Canon	Digha Nikaya	DN 20:16.1	https://suttacentral.net/dn20		mythological_being	word	attested		SuttaCentral bilara-data Mahāsaṅgīti Pāli (CC0); names from DPPN, SuttaCentral sc-data edition	0.85
Samitigutta	slug:buddhist:samitigutta	Samitigutta, a monk whose Theragāthā verse speaks of experiencing the suffering…	boy	Samitigutta	Samitigutta	Pali	Buddhist	Theravada	Pali Canon	Theragatha	Thag 1.81:1.5	https://suttacentral.net/thag1.81	2	disciple	personal	attested		SuttaCentral bilara-data Mahāsaṅgīti Pāli (CC0); names from DPPN, SuttaCentral sc-data edition	0.95
Samiddhi	slug:buddhist:samiddhi	Samiddhi, once, while he was at Silāvati musing on his good fortune as a monk,…	boy	Samiddhi	Samiddhi	Pali	Buddhist	Theravada	Pali Canon	Majjhima Nikaya	MN 133:1.3	https://suttacentral.net/mn133		disciple	personal	attested		SuttaCentral bilara-data Mahāsaṅgīti Pāli (CC0); names from DPPN, SuttaCentral sc-data edition	0.85
Samiti	slug:buddhist:samiiti	Samīti, a waggon builder of Sāvatthī	boy	Samīti	Samīti	Pali	Buddhist	Theravada	Pali Canon	Majjhima Nikaya	MN 5:31.6	https://suttacentral.net/mn5	3	human	personal	attested		SuttaCentral bilara-data Mahāsaṅgīti Pāli (CC0); names from DPPN, SuttaCentral sc-data edition	0.95
Samuddadatta	slug:buddhist:samuddadatta	Samuddadatta, a monk whom Devadatta persuaded to join him in trying to bring about…	boy	Samuddadatta	Samuddadatta	Pali	Buddhist	Theravada	Pali Canon	Vinaya Pitaka	Bi Pc 81:1.4	https://suttacentral.net/pli-tv-bi-vb-pc81	7	disciple	personal	attested		SuttaCentral bilara-data Mahāsaṅgīti Pāli (CC0); names from DPPN, SuttaCentral sc-data edition	0.95
Sambula	slug:buddhist:sambula	Sambula, a monk whose Theragāthā verse speaks of how he dwells happily though…	boy	Sambula	Sambula	Pali	Buddhist	Theravada	Pali Canon	Theragatha	Thag 2.35:2.5	https://suttacentral.net/thag2.35	8	disciple	personal	attested		SuttaCentral bilara-data Mahāsaṅgīti Pāli (CC0); names from DPPN, SuttaCentral sc-data edition	0.95
Sitavaniya	slug:buddhist:sambhuuta-1	Sambhūta, a monk whose Theragāthā verse speaks of how a bhikkhu in the Sītavana… (DPPN Sambhūta 1)	boy	Sītavaniya	Sītavaniya	Pali	Buddhist	Theravada	Pali Canon	Theragatha	Thag 1.6:1.5	https://suttacentral.net/thag1.6	2	disciple	epithet	attested	epithet of Sambhūta	SuttaCentral bilara-data Mahāsaṅgīti Pāli (CC0); names from DPPN, SuttaCentral sc-data edition	0.95
Sambhuta	slug:buddhist:sambhuuta-2	Sambhūta, When the Vajjiputtaka heresy arose, his help was sought by Yasa… (DPPN Sambhūta 2)	boy	Sambhūta	Sambhūta	Pali	Buddhist	Theravada	Pali Canon	Theragatha	Thag 4.7:4.5	https://suttacentral.net/thag4.7		human	personal	attested		SuttaCentral bilara-data Mahāsaṅgīti Pāli (CC0); names from DPPN, SuttaCentral sc-data edition	0.85
Sayha	slug:buddhist:sayha	Sayha, a Pacceka Buddha, mentioned in a nominal list		Sayha	Sayha	Pali	Buddhist	Theravada	Pali Canon	Majjhima Nikaya	MN 116:6.22	https://suttacentral.net/mn116		sage	personal	attested		SuttaCentral bilara-data Mahāsaṅgīti Pāli (CC0); names from DPPN, SuttaCentral sc-data edition	0.85
Saranani	slug:buddhist:sarakaani	Sarakāni, a Sākyan	boy	Saraṇāni	Saraṇāni	Pali	Buddhist	Theravada	Pali Canon	Samyutta Nikaya	SN 55.24:1.2	https://suttacentral.net/sn55.24	21	human	epithet	attested	epithet of Sarakāni	SuttaCentral bilara-data Mahāsaṅgīti Pāli (CC0); names from DPPN, SuttaCentral sc-data edition	0.95
Sarabhanga	slug:buddhist:sarabhanga-1	Sarabhaṅga, a Pacceka Buddha (DPPN Sarabhaṅga 1)	boy	Sarabhaṅga	Sarabhaṅga	Pali	Buddhist	Theravada	Pali Canon	Majjhima Nikaya	MN 116:6.13	https://suttacentral.net/mn116		sage	personal	attested		SuttaCentral bilara-data Mahāsaṅgīti Pāli (CC0); names from DPPN, SuttaCentral sc-data edition	0.85
Sarabhanga	slug:buddhist:sarabhanga-2	Sarabhaṅga, a monk whose Theragāthā verses speak of living in a hut of reeds he… (DPPN Sarabhaṅga 2)	boy	Sarabhaṅga	Sarabhaṅga	Pali	Buddhist	Theravada	Pali Canon	Theragatha	Thag 7.5:3.2	https://suttacentral.net/thag7.5		disciple	personal	attested		SuttaCentral bilara-data Mahāsaṅgīti Pāli (CC0); names from DPPN, SuttaCentral sc-data edition	0.85
Sarabhu	slug:buddhist:sarabhuu	Sarabhū, river		Sarabhū	Sarabhū	Pali	Buddhist	Theravada	Pali Canon	Samyutta Nikaya	SN 13.3:1.3	https://suttacentral.net/sn13.3	37	place	word	attested		SuttaCentral bilara-data Mahāsaṅgīti Pāli (CC0); names from DPPN, SuttaCentral sc-data edition	0.95
Parajita	slug:buddhist:paraajitaa	Parājitā, hell		Parajita	Parajita	Pali	Buddhist	Theravada	Pali Canon	Samyutta Nikaya	SN 42.5:1.3	https://suttacentral.net/sn42.5		place	word	attested	another name of Parājitā	SuttaCentral bilara-data Mahāsaṅgīti Pāli (CC0); names from DPPN, SuttaCentral sc-data edition	0.85
Sallavati	slug:buddhist:sallavatii	Sallavatī, river		Sallavatī	Sallavatī	Pali	Buddhist	Theravada	Pali Canon	Vinaya Pitaka	Kd 5:13.12.3	https://suttacentral.net/pli-tv-kd5	1	place	word	attested		SuttaCentral bilara-data Mahāsaṅgīti Pāli (CC0); names from DPPN, SuttaCentral sc-data edition	0.95
Salalagara	slug:buddhist:salalaagaara	Salaḷāgāra, building		Salaḷāgāra	Salaḷāgāra	Pali	Buddhist	Theravada	Pali Canon	Samyutta Nikaya	SN 52.8:1.1	https://suttacentral.net/sn52.8	1	place	word	attested		SuttaCentral bilara-data Mahāsaṅgīti Pāli (CC0); names from DPPN, SuttaCentral sc-data edition	0.85
Sahajati	slug:buddhist:sahajaati	Sahajāti, town		Sahajāti	Sahajāti	Pali	Buddhist	Theravada	Pali Canon	Vinaya Pitaka	Kd 22:1.9.39	https://suttacentral.net/pli-tv-kd22		place	word	attested		SuttaCentral bilara-data Mahāsaṅgīti Pāli (CC0); names from DPPN, SuttaCentral sc-data edition	0.85
Sahancanika	slug:buddhist:sahajaati	Sahajāti, town		Sahañcanika	Sahañcanika	Pali	Buddhist	Theravada	Pali Canon	Samyutta Nikaya	SN 56.30:1.1	https://suttacentral.net/sn56.30	1	place	word	attested	another name of Sahajāti	SuttaCentral bilara-data Mahāsaṅgīti Pāli (CC0); names from DPPN, SuttaCentral sc-data edition	0.85
Sahadhamma	slug:buddhist:sahadhammaa	Sahadhammā, a class of Devas, present at the preaching of the Mahāsamaya Sutta		Sahadhammā	Sahadhammā	Pali	Buddhist	Theravada	Pali Canon	Digha Nikaya	DN 20:15.5	https://suttacentral.net/dn20		mythological_being	word	attested		SuttaCentral bilara-data Mahāsaṅgīti Pāli (CC0); names from DPPN, SuttaCentral sc-data edition	0.85
Sahabhu	slug:buddhist:sahabhuu	Sahabhū, a class of Devas present at the preaching of the Mahāsamaya Sutta		Sahabhū	Sahabhū	Pali	Buddhist	Theravada	Pali Canon	Digha Nikaya	DN 20:15.1	https://suttacentral.net/dn20		mythological_being	word	attested		SuttaCentral bilara-data Mahāsaṅgīti Pāli (CC0); names from DPPN, SuttaCentral sc-data edition	0.85
Sahampati	Q9178677	Brahmā Sahampati		Sahampati	Sahampati	Pali	Buddhist	Theravada	Pali Canon	Majjhima Nikaya	MN 26:20.1	https://suttacentral.net/mn26	90	deity	divine	attested	Pali form of Sanskrit Sahāṃpati	SuttaCentral bilara-data Mahāsaṅgīti Pāli (CC0); names from DPPN, SuttaCentral sc-data edition; Wikidata (CC0)	0.95
Sahali	slug:buddhist:sahali-1	Sahali, a class of Devas, present at the preaching of the Mahāsamaya Sutta (DPPN Sahali 1)		Sahali	Sahali	Pali	Buddhist	Theravada	Pali Canon	Digha Nikaya	DN 20:14.1	https://suttacentral.net/dn20		mythological_being	word	attested		SuttaCentral bilara-data Mahāsaṅgīti Pāli (CC0); names from DPPN, SuttaCentral sc-data edition	0.85
Saketa	slug:buddhist:saaketa	Sāketa, town		Sāketa	Sāketa	Pali	Buddhist	Theravada	Pali Canon	Digha Nikaya	DN 16:5.17.4	https://suttacentral.net/dn16	46	place	word	attested		SuttaCentral bilara-data Mahāsaṅgīti Pāli (CC0); names from DPPN, SuttaCentral sc-data edition	0.95
Sagata	slug:buddhist:saagata	Sāgata, He was the personal attendant of the Buddha at he time when Soṇa…	boy	Sāgata	Sāgata	Pali	Buddhist	Theravada	Pali Canon	Anguttara Nikaya	AN 1.232:1.1	https://suttacentral.net/an1.219-234		human	personal	attested		SuttaCentral bilara-data Mahāsaṅgīti Pāli (CC0); names from DPPN, SuttaCentral sc-data edition	0.85
Sagala	slug:buddhist:saagala	Sāgala, place		Sāgala	Sāgala	Pali	Buddhist	Theravada	Pali Canon	Milindapanha	Mil 1:7.2	https://suttacentral.net/mil1	5	place	word	attested		SuttaCentral bilara-data Mahāsaṅgīti Pāli (CC0); names from DPPN, SuttaCentral sc-data edition	0.95
Sagala	slug:buddhist:saagala	Sāgala, place		Sāgalā	Sāgalā	Pali	Buddhist	Theravada	Pali Canon	Milindapanha	Mil 1:2.2	https://suttacentral.net/mil1	7	place	word	attested	another name of Sāgala	SuttaCentral bilara-data Mahāsaṅgīti Pāli (CC0); names from DPPN, SuttaCentral sc-data edition	0.95
Satagira	slug:buddhist:saataagira	Sātāgira, a Yakkha	boy	Sātāgira	Sātāgira	Pali	Buddhist	Theravada	Pali Canon	Digha Nikaya	DN 20:7.13	https://suttacentral.net/dn20	11	mythological_being	personal	attested		SuttaCentral bilara-data Mahāsaṅgīti Pāli (CC0); names from DPPN, SuttaCentral sc-data edition	0.95
Satimattiya	slug:buddhist:saatimattiya	Sāṭimattiya, a monk whose Theragāthā verses speak of one who formerly had faith…	boy	Sāṭimattiya	Sāṭimattiya	Pali	Buddhist	Theravada	Pali Canon	Theragatha	Thag 3.10:3.5	https://suttacentral.net/thag3.10	1	disciple	personal	attested		SuttaCentral bilara-data Mahāsaṅgīti Pāli (CC0); names from DPPN, SuttaCentral sc-data edition	0.95
Sadhuka	slug:buddhist:saadhuka	Sādhuka, place		Sādhuka	Sādhuka	Pali	Buddhist	Theravada	Pali Canon	Digha Nikaya	DN 2:39.3	https://suttacentral.net/dn2	345	place	word	attested		SuttaCentral bilara-data Mahāsaṅgīti Pāli (CC0); names from DPPN, SuttaCentral sc-data edition	0.85
Samuga	slug:buddhist:saamuga	Sāmuga, town		Sāmuga	Sāmuga	Pali	Buddhist	Theravada	Pali Canon	Anguttara Nikaya	AN 4.194:1.1	https://suttacentral.net/an4.194	1	place	word	attested		SuttaCentral bilara-data Mahāsaṅgīti Pāli (CC0); names from DPPN, SuttaCentral sc-data edition	0.85
Samagama	slug:buddhist:saamagaama	Sāmagāma, town		Sāmagāma	Sāmagāma	Pali	Buddhist	Theravada	Pali Canon	Digha Nikaya	DN 29:2.1	https://suttacentral.net/dn29	3	place	word	attested		SuttaCentral bilara-data Mahāsaṅgīti Pāli (CC0); names from DPPN, SuttaCentral sc-data edition	0.95
Samannakani	slug:buddhist:saamannakaani	Sāmaññakāni, a monk whose Theragāthā verse speaks of the happiness of one who…	boy	Sāmaññakāni	Sāmaññakāni	Pali	Buddhist	Theravada	Pali Canon	Theragatha	Thag 1.40:2.3	https://suttacentral.net/thag1.40	1	disciple	personal	attested		SuttaCentral bilara-data Mahāsaṅgīti Pāli (CC0); names from DPPN, SuttaCentral sc-data edition	0.85
Samandaka	slug:buddhist:saamandaka	Sāmaṇḍaka, a Paribbājaka, mentioned as having visited Sāriputta at Ukkacela and…	boy	Sāmaṇḍaka	Sāmaṇḍaka	Pali	Buddhist	Theravada	Pali Canon	Samyutta Nikaya	SN 39.1-15:1.2	https://suttacentral.net/sn39.1-15	3	human	personal	attested		SuttaCentral bilara-data Mahāsaṅgīti Pāli (CC0); names from DPPN, SuttaCentral sc-data edition	0.85
Samandakani	slug:buddhist:saamandaka	Sāmaṇḍaka, a Paribbājaka, mentioned as having visited Sāriputta at Ukkacela and…	boy	Sāmaṇḍakāni	Sāmaṇḍakāni	Pali	Buddhist	Theravada	Pali Canon	Anguttara Nikaya	AN 10.65:1.2	https://suttacentral.net/an10.65	4	human	epithet	attested	epithet of Sāmaṇḍaka	SuttaCentral bilara-data Mahāsaṅgīti Pāli (CC0); names from DPPN, SuttaCentral sc-data edition	0.95
Sama	slug:buddhist:saamaa-1	Sāmā, a bhikkhunī whose Therīgāthā verses speak of how she could not find… (DPPN Sāmā 1)	girl	Sāmā	Sāmā	Pali	Buddhist	Theravada	Pali Canon	Therigatha	Thig 2.10:3.1	https://suttacentral.net/thig2.10		disciple	personal	attested		SuttaCentral bilara-data Mahāsaṅgīti Pāli (CC0); names from DPPN, SuttaCentral sc-data edition	0.85
Sama	slug:buddhist:saamaa-2	Sāmā, a bhikkhunī whose Therīgāthā verses speak of how, despite having gone… (DPPN Sāmā 2)	girl	Sāmā	Sāmā	Pali	Buddhist	Theravada	Pali Canon	Therigatha	Thig 3.1:4.1	https://suttacentral.net/thig3.1		disciple	personal	attested		SuttaCentral bilara-data Mahāsaṅgīti Pāli (CC0); names from DPPN, SuttaCentral sc-data edition	0.85
Apara Sama	slug:buddhist:saamaa-2	Sāmā, a bhikkhunī whose Therīgāthā verses speak of how, despite having gone… (DPPN Sāmā 2)	girl	Apara Sāmā	Apara Sāmā	Pali	Buddhist	Theravada	Pali Canon	Therigatha	Thig 3.1:4.1	https://suttacentral.net/thig3.1	1	disciple	epithet	attested	epithet of Sāmā	SuttaCentral bilara-data Mahāsaṅgīti Pāli (CC0); names from DPPN, SuttaCentral sc-data edition	0.95
Samavati	Q7408914	Sāmāvatī, queen of Udena	girl	Sāmāvatī	Sāmāvatī	Pali	Buddhist	Theravada	Pali Canon	Anguttara Nikaya	AN 1.261:1.1	https://suttacentral.net/an1.258-267	3	royal	personal	attested	Pali form of Sanskrit Śyāmāvatī	SuttaCentral bilara-data Mahāsaṅgīti Pāli (CC0); names from DPPN, SuttaCentral sc-data edition; Wikidata (CC0)	0.95
Samidatta	slug:buddhist:saamidatta	Sāmidatta, a monk whose Theragāthā verse speaks of the end of rebirth	boy	Sāmidatta	Sāmidatta	Pali	Buddhist	Theravada	Pali Canon	Theragatha	Thag 1.90:1.5	https://suttacentral.net/thag1.90	2	disciple	personal	attested		SuttaCentral bilara-data Mahāsaṅgīti Pāli (CC0); names from DPPN, SuttaCentral sc-data edition	0.95
Sarandada Cetiya	slug:buddhist:saarandadacetiya	Sārandadacetiya, shrine		Sārandada Cetiya	Sārandada Cetiya	Pali	Buddhist	Theravada	Pali Canon	Digha Nikaya	DN 16:1.5.2	https://suttacentral.net/dn16	16	place	word	attested		SuttaCentral bilara-data Mahāsaṅgīti Pāli (CC0); names from DPPN, SuttaCentral sc-data edition	0.95
Sariputta	Q320142	Sāriputta, chief disciple	boy	Sāriputta	Sāriputta	Pali	Buddhist	Theravada	Pali Canon	Digha Nikaya	DN 16:1.16.1	https://suttacentral.net/dn16	2037	disciple	personal	attested	Pali form of Sanskrit Śāriputra	SuttaCentral bilara-data Mahāsaṅgīti Pāli (CC0); names from DPPN, SuttaCentral sc-data edition; Wikidata (CC0)	0.95
Salavatika	slug:buddhist:saalavatikaa	Sālavatikā, town		Sālavatikā	Sālavatikā	Pali	Buddhist	Theravada	Pali Canon	Digha Nikaya	DN 12:1.2	https://suttacentral.net/dn12	10	place	word	attested		SuttaCentral bilara-data Mahāsaṅgīti Pāli (CC0); names from DPPN, SuttaCentral sc-data edition	0.95
Salavati	slug:buddhist:saalavatii	Sālavatī, a courtesan of Rājagaha	girl	Sālavatī	Sālavatī	Pali	Buddhist	Theravada	Pali Canon	Vinaya Pitaka	Kd 8:1.3.1	https://suttacentral.net/pli-tv-kd8		human	personal	attested		SuttaCentral bilara-data Mahāsaṅgīti Pāli (CC0); names from DPPN, SuttaCentral sc-data edition	0.85
Sala	slug:buddhist:saalaa	Sālā, town		Sālā	Sālā	Pali	Buddhist	Theravada	Pali Canon	Majjhima Nikaya	MN 41:1.2	https://suttacentral.net/mn41		place	word	attested		SuttaCentral bilara-data Mahāsaṅgīti Pāli (CC0); names from DPPN, SuttaCentral sc-data edition	0.85
Saleyyaka	slug:buddhist:saaleyyakaa	Sāleyyakā, the inhabitants of Sālā		Sāleyyakā	Sāleyyakā	Pali	Buddhist	Theravada	Pali Canon	Majjhima Nikaya	MN 41:2.1	https://suttacentral.net/mn41		tribe	word	attested		SuttaCentral bilara-data Mahāsaṅgīti Pāli (CC0); names from DPPN, SuttaCentral sc-data edition	0.85
Salha	slug:buddhist:saalha-1	Sāḷha, He once visited Nandaka Thera with Pekkhuniya’s grandson, Rohana (DPPN Sāḷha 1)	boy	Sāḷha	Sāḷha	Pali	Buddhist	Theravada	Pali Canon	Vinaya Pitaka	Bi Pj 5:1.2	https://suttacentral.net/pli-tv-bi-vb-pj5		disciple	personal	attested		SuttaCentral bilara-data Mahāsaṅgīti Pāli (CC0); names from DPPN, SuttaCentral sc-data edition	0.85
Migaranatta	slug:buddhist:saalha-1	Sāḷha, He once visited Nandaka Thera with Pekkhuniya’s grandson, Rohana (DPPN Sāḷha 1)	boy	Migāranattā	Migāranattā	Pali	Buddhist	Theravada	Pali Canon	Anguttara Nikaya	AN 3.66:1.3	https://suttacentral.net/an3.66	14	disciple	epithet	attested	epithet of Sāḷha	SuttaCentral bilara-data Mahāsaṅgīti Pāli (CC0); names from DPPN, SuttaCentral sc-data edition	0.95
Salha	slug:buddhist:saalha-4	Sāḷha, an eminent monk who took a prominent part in the Second Council (DPPN Sāḷha 4)	boy	Sāḷha	Sāḷha	Pali	Buddhist	Theravada	Pali Canon	Vinaya Pitaka	Kd 22:2.2.1	https://suttacentral.net/pli-tv-kd22		disciple	personal	attested		SuttaCentral bilara-data Mahāsaṅgīti Pāli (CC0); names from DPPN, SuttaCentral sc-data edition	0.85
Savatthi	slug:buddhist:saavatthii	Sāvatthī, town		Sāvatthī	Sāvatthī	Pali	Buddhist	Theravada	Pali Canon	Digha Nikaya	DN 16:5.17.4	https://suttacentral.net/dn16		place	word	attested		SuttaCentral bilara-data Mahāsaṅgīti Pāli (CC0); names from DPPN, SuttaCentral sc-data edition	0.85
Sisapavane	slug:buddhist:simsapaavana-2	Siṁsapāvana, park (DPPN Siṁsapāvana 2)		Sīsapāvane	Sīsapāvane	Pali	Buddhist	Theravada	Pali Canon	Samyutta Nikaya	SN 56.31:1.1	https://suttacentral.net/sn56.31	3	place	word	attested	another name of Siṁsapāvana	SuttaCentral bilara-data Mahāsaṅgīti Pāli (CC0); names from DPPN, SuttaCentral sc-data edition	0.85
Simsapavana	slug:buddhist:simsapaavana-3	Siṁsapāvana, park (DPPN Siṁsapāvana 3)		Siṁsapāvana	Siṁsapāvana	Pali	Buddhist	Theravada	Pali Canon	Digha Nikaya	DN 23:1.3	https://suttacentral.net/dn23		place	word	attested		SuttaCentral bilara-data Mahāsaṅgīti Pāli (CC0); names from DPPN, SuttaCentral sc-data edition	0.85
Sikhandi	slug:buddhist:sikhaddii	Sikhaḍḍī, a Gandhabba, son of Mātali; Bhaddā Suriyavaccasā was at first in love…	boy	Sikhaṇḍī	Sikhaṇḍī	Pali	Buddhist	Theravada	Pali Canon	Digha Nikaya	DN 21:1.6.8	https://suttacentral.net/dn21		mythological_being	epithet	attested	epithet of Sikhaḍḍī	SuttaCentral bilara-data Mahāsaṅgīti Pāli (CC0); names from DPPN, SuttaCentral sc-data edition	0.85
Sikhamoggallana	slug:buddhist:sikhaamoggallaana	Sikhāmoggallāna, a brahmin who once visited the Buddha, saying that he had been told…	boy	Sikhāmoggallāna	Sikhāmoggallāna	Pali	Buddhist	Theravada	Pali Canon	Anguttara Nikaya	AN 4.234:1.1	https://suttacentral.net/an4.234	2	human	personal	attested		SuttaCentral bilara-data Mahāsaṅgīti Pāli (CC0); names from DPPN, SuttaCentral sc-data edition	0.85
Sikhi	Q17060571	Sikhī, Buddha of the past	boy	Sikhī	Sikhī	Pali	Buddhist	Theravada	Pali Canon	Digha Nikaya	DN 14:1.4.2	https://suttacentral.net/dn14		sage	personal	attested	Pali form of Sanskrit Śikhin	SuttaCentral bilara-data Mahāsaṅgīti Pāli (CC0); names from DPPN, SuttaCentral sc-data edition; Wikidata (CC0)	0.85
Arindama	Q17060571	Sikhī, Buddha of the past	boy	Arindama	Arindama	Pali	Buddhist	Theravada	Pali Canon	Petavatthu	Pv 38:16.4	https://suttacentral.net/pv38	18	sage	epithet	attested	epithet of Sikhī; Pali form of Sanskrit Śikhin	SuttaCentral bilara-data Mahāsaṅgīti Pāli (CC0); names from DPPN, SuttaCentral sc-data edition; Wikidata (CC0)	0.85
Singalapita	slug:buddhist:sigaalakapitaa	Sigālakapitā, a monk whose Theragāthā verse speak of a monk who practices…	boy	Siṅgālapitā	Siṅgālapitā	Pali	Buddhist	Theravada	Pali Canon	Theragatha	Thag 1.18:1.7	https://suttacentral.net/thag1.18	1	disciple	epithet	attested	epithet of Sigālakapitā	SuttaCentral bilara-data Mahāsaṅgīti Pāli (CC0); names from DPPN, SuttaCentral sc-data edition	0.95
Singalakamata	slug:buddhist:sigaalakamaataa	Sigālakamātā, She was declared chief of nuns who had attained release by faith	girl	Siṅgālakamātā	Siṅgālakamātā	Pali	Buddhist	Theravada	Pali Canon	Anguttara Nikaya	AN 1.247:1.1	https://suttacentral.net/an1.235-247	1	disciple	epithet	attested	epithet of Sigālakamātā	SuttaCentral bilara-data Mahāsaṅgīti Pāli (CC0); names from DPPN, SuttaCentral sc-data edition	0.95
Singalamata	slug:buddhist:sigaalakamaataa	Sigālakamātā, She was declared chief of nuns who had attained release by faith	girl	Siṅgālamātā	Siṅgālamātā	Pali	Buddhist	Theravada	Pali Canon	Apadana	Thi Ap 34:30.1	https://suttacentral.net/thi-ap34	2	disciple	epithet	attested	epithet of Sigālakamātā	SuttaCentral bilara-data Mahāsaṅgīti Pāli (CC0); names from DPPN, SuttaCentral sc-data edition	0.85
Sineru	slug:buddhist:sineru	Sineru, hill		Sineru	Sineru	Pali	Buddhist	Theravada	Pali Canon	Anguttara Nikaya	AN 7.66:3.1	https://suttacentral.net/an7.66		place	word	attested		SuttaCentral bilara-data Mahāsaṅgīti Pāli (CC0); names from DPPN, SuttaCentral sc-data edition	0.85
Mahaneru	slug:buddhist:sineru	Sineru, hill		Mahāneru	Mahāneru	Pali	Buddhist	Theravada	Pali Canon	Digha Nikaya	DN 32:7.2	https://suttacentral.net/dn32		place	word	attested	another name of Sineru	SuttaCentral bilara-data Mahāsaṅgīti Pāli (CC0); names from DPPN, SuttaCentral sc-data edition	0.85
Sumeru	slug:buddhist:sineru	Sineru, hill		Sumeru	Sumeru	Pali	Buddhist	Theravada	Pali Canon	Apadana	Thi Ap 17:53.2	https://suttacentral.net/thi-ap17	1	place	word	attested	another name of Sineru	SuttaCentral bilara-data Mahāsaṅgīti Pāli (CC0); names from DPPN, SuttaCentral sc-data edition	0.85
Sirimanda	slug:buddhist:sirimanda	Sirimaṇḍa, a monk whose Theragāthā verses speak of openness, and how when…	boy	Sirimaṇḍa	Sirimaṇḍa	Pali	Buddhist	Theravada	Pali Canon	Theragatha	Thag 6.13:6.5	https://suttacentral.net/thag6.13	2	disciple	personal	attested		SuttaCentral bilara-data Mahāsaṅgīti Pāli (CC0); names from DPPN, SuttaCentral sc-data edition	0.95
Sirima	slug:buddhist:sirimaa-1	Sirimā, a monk whose Theragāthā verses speak of remaining still in mind amid… (DPPN Sirimā 1)	boy	Sirimā	Sirimā	Pali	Buddhist	Theravada	Pali Canon	Theragatha	Thag 2.20:2.5	https://suttacentral.net/thag2.20		disciple	personal	attested		SuttaCentral bilara-data Mahāsaṅgīti Pāli (CC0); names from DPPN, SuttaCentral sc-data edition	0.85
Sirimitta	slug:buddhist:sirimitta	Sirimitta, a monk whose Theragāthā verses speak of how a monk without anger will…	boy	Sirimitta	Sirimitta	Pali	Buddhist	Theravada	Pali Canon	Theragatha	Thag 8.2:8.5	https://suttacentral.net/thag8.2	2	disciple	personal	attested		SuttaCentral bilara-data Mahāsaṅgīti Pāli (CC0); names from DPPN, SuttaCentral sc-data edition	0.95
Sirivaddha	slug:buddhist:sirivaddha-1	Sirivaḍḍha, a monk whose Theragāthā verses speak of meditating in the cleft of… (DPPN Sirivaḍḍha 1)	boy	Sirivaḍḍha	Sirivaḍḍha	Pali	Buddhist	Theravada	Pali Canon	Theragatha	Thag 1.41:1.5	https://suttacentral.net/thag1.41		disciple	personal	attested		SuttaCentral bilara-data Mahāsaṅgīti Pāli (CC0); names from DPPN, SuttaCentral sc-data edition	0.85
Silavati	slug:buddhist:silaavatii	Silāvatī, town		Silāvatī	Silāvatī	Pali	Buddhist	Theravada	Pali Canon	Samyutta Nikaya	SN 4.21:1.2	https://suttacentral.net/sn4.21	2	place	word	attested		SuttaCentral bilara-data Mahāsaṅgīti Pāli (CC0); names from DPPN, SuttaCentral sc-data edition	0.95
Sivirattha	slug:buddhist:sivirattha	Siviraṭṭha, region		Siviraṭṭha	Siviraṭṭha	Pali	Buddhist	Theravada	Pali Canon	Jataka	Ja 547:699.4	https://suttacentral.net/ja547	1	place	word	attested		SuttaCentral bilara-data Mahāsaṅgīti Pāli (CC0); names from DPPN, SuttaCentral sc-data edition	0.85
Siveyyaka	slug:buddhist:sivirattha	Siviraṭṭha, region		Siveyyaka	Siveyyaka	Pali	Buddhist	Theravada	Pali Canon	Vinaya Pitaka	Kd 8:1.29.4.1	https://suttacentral.net/pli-tv-kd8	7	place	word	attested	another name of Siviraṭṭha	SuttaCentral bilara-data Mahāsaṅgīti Pāli (CC0); names from DPPN, SuttaCentral sc-data edition	0.95
Sitavana	slug:buddhist:siitavana	Sītavana, park		Sītavana	Sītavana	Pali	Buddhist	Theravada	Pali Canon	Digha Nikaya	DN 16:3.42.5	https://suttacentral.net/dn16	17	place	word	attested		SuttaCentral bilara-data Mahāsaṅgīti Pāli (CC0); names from DPPN, SuttaCentral sc-data edition	0.95
Sitavalahaka	slug:buddhist:siitavalaahakaa	Sītavalāhakā, a class of devas		Sītavalāhakā	Sītavalāhakā	Pali	Buddhist	Theravada	Pali Canon	Samyutta Nikaya	SN 32.53:1.4	https://suttacentral.net/sn32.53		mythological_being	word	attested		SuttaCentral bilara-data Mahāsaṅgīti Pāli (CC0); names from DPPN, SuttaCentral sc-data edition	0.85
Silava	slug:buddhist:siilavaa	Sīlavā, a monk whose Theragāthā verses speak in praise of virtue ( sīla )	boy	Sīlavā	Sīlavā	Pali	Buddhist	Theravada	Pali Canon	Digha Nikaya	DN 4:5.12	https://suttacentral.net/dn4	289	disciple	personal	attested		SuttaCentral bilara-data Mahāsaṅgīti Pāli (CC0); names from DPPN, SuttaCentral sc-data edition	0.95
Sivaka	slug:buddhist:siivaka-2	Sīvaka, a monk whose Theragāthā verse says his preceptor, Vanavaccha, asked… (DPPN Sīvaka 2)	boy	Sīvaka	Sīvaka	Pali	Buddhist	Theravada	Pali Canon	Theragatha	Thag 1.14:1.2	https://suttacentral.net/thag1.14		disciple	personal	attested		SuttaCentral bilara-data Mahāsaṅgīti Pāli (CC0); names from DPPN, SuttaCentral sc-data edition	0.85
Sivali	Q225037	Sīvali, monk	boy	Sīvali	Sīvali	Pali	Buddhist	Theravada	Pali Canon	Anguttara Nikaya	AN 1.207:1.1	https://suttacentral.net/an1.198-208	8	disciple	personal	attested	Pali form of Sanskrit Śīvali	SuttaCentral bilara-data Mahāsaṅgīti Pāli (CC0); names from DPPN, SuttaCentral sc-data edition; Wikidata (CC0)	0.95
Siha	slug:buddhist:siiha-1	Sīha, a Licchavi general of Vesāli (DPPN Sīha 1)	boy	Sīha	Sīha	Pali	Buddhist	Theravada	Pali Canon	Vinaya Pitaka	Kd 6:23.14.1	https://suttacentral.net/pli-tv-kd6		human	personal	attested		SuttaCentral bilara-data Mahāsaṅgīti Pāli (CC0); names from DPPN, SuttaCentral sc-data edition	0.85
Siha	slug:buddhist:siiha-2	Sīha, a monk whose Theragāthā verse speaks of remaining vigilent by day and… (DPPN Sīha 2)	boy	Sīha	Sīha	Pali	Buddhist	Theravada	Pali Canon	Theragatha	Thag 1.83:1.5	https://suttacentral.net/thag1.83		disciple	personal	attested		SuttaCentral bilara-data Mahāsaṅgīti Pāli (CC0); names from DPPN, SuttaCentral sc-data edition	0.85
Siha	slug:buddhist:siiha-3	Sīha, a novice who entered the Order at the age of seven and was a great… (DPPN Sīha 3)	boy	Sīha	Sīha	Pali	Buddhist	Theravada	Pali Canon	Digha Nikaya	DN 6:4.1	https://suttacentral.net/dn6		disciple	personal	attested		SuttaCentral bilara-data Mahāsaṅgīti Pāli (CC0); names from DPPN, SuttaCentral sc-data edition	0.85
Siha	slug:buddhist:siihaa	Sīhā, a bhikkhunī whose Therīgāthā verses tell of how for seven years she…	girl	Sīhā	Sīhā	Pali	Buddhist	Theravada	Pali Canon	Therigatha	Thig 5.3:6.1	https://suttacentral.net/thig5.3		disciple	personal	attested		SuttaCentral bilara-data Mahāsaṅgīti Pāli (CC0); names from DPPN, SuttaCentral sc-data edition	0.85
Sihapapata	slug:buddhist:siihapapaataa	Sīhapapātā, lake		Sīhapapātā	Sīhapapātā	Pali	Buddhist	Theravada	Pali Canon	Anguttara Nikaya	AN 7.66:6.3	https://suttacentral.net/an7.66	1	place	word	attested		SuttaCentral bilara-data Mahāsaṅgīti Pāli (CC0); names from DPPN, SuttaCentral sc-data edition	0.85
Sukka	slug:buddhist:sukkaa-1	Sukkā, a bhikkhunī who was famous as a teacher of Dhamma, to the extent that… (DPPN Sukkā 1)	girl	Sukkā	Sukkā	Pali	Buddhist	Theravada	Pali Canon	Samyutta Nikaya	SN 10.10:1.2	https://suttacentral.net/sn10.10		disciple	personal	attested		SuttaCentral bilara-data Mahāsaṅgīti Pāli (CC0); names from DPPN, SuttaCentral sc-data edition	0.85
Sukka	slug:buddhist:sukkaa-2	Sukkā, a class of Devas who were present, in the company of the Veghanasā,… (DPPN Sukkā 2)		Sukkā	Sukkā	Pali	Buddhist	Theravada	Pali Canon	Digha Nikaya	DN 20:17.1	https://suttacentral.net/dn20		mythological_being	word	attested		SuttaCentral bilara-data Mahāsaṅgīti Pāli (CC0); names from DPPN, SuttaCentral sc-data edition	0.85
Sugandha	slug:buddhist:sugandha	Sugandha, a monk whose Theragāthā verse speaks of going forth after one rainy…	boy	Sugandha	Sugandha	Pali	Buddhist	Theravada	Pali Canon	Theragatha	Thag 1.24:1.5	https://suttacentral.net/thag1.24		disciple	personal	attested		SuttaCentral bilara-data Mahāsaṅgīti Pāli (CC0); names from DPPN, SuttaCentral sc-data edition	0.85
Sucitti	slug:buddhist:sucitti	Sucitti, an Asura, one of the Dānaveghasas, present at the preaching of the…		Sucitti	Sucitti	Pali	Buddhist	Theravada	Pali Canon	Digha Nikaya	DN 20:12.7	https://suttacentral.net/dn20		mythological_being	personal	attested		SuttaCentral bilara-data Mahāsaṅgīti Pāli (CC0); names from DPPN, SuttaCentral sc-data edition	0.85
Sucimukhi	slug:buddhist:sucimukhii	Sucimukhī, a wanderer		Sucimukhī	Sucimukhī	Pali	Buddhist	Theravada	Pali Canon	Samyutta Nikaya	SN 28.10:1.4	https://suttacentral.net/sn28.10	2	human	personal	attested		SuttaCentral bilara-data Mahāsaṅgīti Pāli (CC0); names from DPPN, SuttaCentral sc-data edition	0.85
Sujata	slug:buddhist:sujaataa-1	Sujātā, the foremost laywoman in being first to go for refuge (DPPN Sujātā 1)	girl	Sujātā	Sujātā	Pali	Buddhist	Theravada	Pali Canon	Digha Nikaya	DN 16:2.6.5	https://suttacentral.net/dn16		human	personal	attested		SuttaCentral bilara-data Mahāsaṅgīti Pāli (CC0); names from DPPN, SuttaCentral sc-data edition	0.85
Sujata	slug:buddhist:sujaataa-2	Sujātā, a lay woman of Ñātikā (DPPN Sujātā 2)	girl	Sujātā	Sujātā	Pali	Buddhist	Theravada	Pali Canon	Digha Nikaya	DN 16:2.6.5	https://suttacentral.net/dn16		human	personal	attested		SuttaCentral bilara-data Mahāsaṅgīti Pāli (CC0); names from DPPN, SuttaCentral sc-data edition	0.85
Sujata	slug:buddhist:sujaataa-4	Sujātā, She was the daughter of a seṭṭhi of Sāketa and was given in marriage… (DPPN Sujātā 4)	girl	Sujātā	Sujātā	Pali	Buddhist	Theravada	Pali Canon	Therigatha	Thig 6.4:7.1	https://suttacentral.net/thig6.4		human	personal	attested		SuttaCentral bilara-data Mahāsaṅgīti Pāli (CC0); names from DPPN, SuttaCentral sc-data edition	0.85
Sutana	slug:buddhist:sutanaa	Sutanā, an eminent upāsikā	girl	Sutanā	Sutanā	Pali	Buddhist	Theravada	Pali Canon	Anguttara Nikaya	AN 8.91-117:1.1	https://suttacentral.net/an8.91-117	3	human	personal	attested		SuttaCentral bilara-data Mahāsaṅgīti Pāli (CC0); names from DPPN, SuttaCentral sc-data edition	0.85
Sutava	slug:buddhist:sutavaa-1	Sutavā, a Pacceka Buddha mentioned in a nominal list (DPPN Sutavā 1)		Sutavā	Sutavā	Pali	Buddhist	Theravada	Pali Canon	Majjhima Nikaya	MN 116:4.12	https://suttacentral.net/mn116		sage	personal	attested		SuttaCentral bilara-data Mahāsaṅgīti Pāli (CC0); names from DPPN, SuttaCentral sc-data edition	0.85
Sudatta	slug:buddhist:sudatta-1	Sudatta, a lay disciple of Nādikā who had become a sakadāgāmin (DPPN Sudatta 1)		Sudatta	Sudatta	Pali	Buddhist	Theravada	Pali Canon	Digha Nikaya	DN 16:2.6.4	https://suttacentral.net/dn16		disciple	personal	attested		SuttaCentral bilara-data Mahāsaṅgīti Pāli (CC0); names from DPPN, SuttaCentral sc-data edition	0.85
Sudassana	slug:buddhist:sudassana	Sudassana, Nephew of Pasenadi	boy	Sudassana	Sudassana	Pali	Buddhist	Theravada	Pali Canon	Samyutta Nikaya	SN 3.13:4.1	https://suttacentral.net/sn3.13		human	personal	attested		SuttaCentral bilara-data Mahāsaṅgīti Pāli (CC0); names from DPPN, SuttaCentral sc-data edition	0.85
Sudassa	slug:buddhist:sudassaa	Sudassā, a Brahma world; one of the Suddhāvāsā		Sudassā	Sudassā	Pali	Buddhist	Theravada	Pali Canon	Digha Nikaya	DN 14:3.31.2	https://suttacentral.net/dn14		human	personal	attested		SuttaCentral bilara-data Mahāsaṅgīti Pāli (CC0); names from DPPN, SuttaCentral sc-data edition	0.85
Sudassi	slug:buddhist:sudassii	Sudassī, a Brahma world, one of the Suddhāvāsā		Sudassī	Sudassī	Pali	Buddhist	Theravada	Pali Canon	Digha Nikaya	DN 14:3.31.3	https://suttacentral.net/dn14		human	personal	attested		SuttaCentral bilara-data Mahāsaṅgīti Pāli (CC0); names from DPPN, SuttaCentral sc-data edition	0.85
Sudatha	slug:buddhist:sudaatha	Sudāṭha, a Pacceka Buddha in a nominal list		Sudāṭha	Sudāṭha	Pali	Buddhist	Theravada	Pali Canon	Majjhima Nikaya	MN 116:6.2	https://suttacentral.net/mn116	3	sage	personal	attested		SuttaCentral bilara-data Mahāsaṅgīti Pāli (CC0); names from DPPN, SuttaCentral sc-data edition	0.95
Sudinna	slug:buddhist:sudinna	Sudinna, a monk who, after being ordained, returned to his former wife and had…	boy	Sudinna	Sudinna	Pali	Buddhist	Theravada	Pali Canon	Vinaya Pitaka	Bu Pj 1:5.1.1	https://suttacentral.net/pli-tv-bu-vb-pj1		disciple	personal	attested		SuttaCentral bilara-data Mahāsaṅgīti Pāli (CC0); names from DPPN, SuttaCentral sc-data edition	0.85
Suddhavasakayika	slug:buddhist:suddhaavaasakaayikaadevaa	Suddhāvāsakāyikādevā, a group of devas, inhabitants of the Suddhāvāsā, who appeared before…		Suddhāvāsakāyikā	Suddhāvāsakāyikā	Pali	Buddhist	Theravada	Pali Canon	Digha Nikaya	DN 20:2.1	https://suttacentral.net/dn20		mythological_being	word	attested	another name of Suddhāvāsakāyikādevā	SuttaCentral bilara-data Mahāsaṅgīti Pāli (CC0); names from DPPN, SuttaCentral sc-data edition	0.85
Suddhavasa	slug:buddhist:suddhaavaasaa	Suddhāvāsā, heaven		Suddhāvāsā	Suddhāvāsā	Pali	Buddhist	Theravada	Pali Canon	Digha Nikaya	DN 14:3.29.3	https://suttacentral.net/dn14		place	word	attested		SuttaCentral bilara-data Mahāsaṅgīti Pāli (CC0); names from DPPN, SuttaCentral sc-data edition	0.85
Suddhikabharadvaja	slug:buddhist:suddhikabhaaradvaaja	Suddhikabhāradvāja, a brahmin who visited the Buddha at Jetavana and stated that a man…	boy	Suddhikabhāradvāja	Suddhikabhāradvāja	Pali	Buddhist	Theravada	Pali Canon	Samyutta Nikaya	SN 7.7:1.2	https://suttacentral.net/sn7.7	3	human	personal	attested		SuttaCentral bilara-data Mahāsaṅgīti Pāli (CC0); names from DPPN, SuttaCentral sc-data edition	0.85
Suddhodana	Q226488	Suddhodana, the Buddha's father	boy	Suddhodana	Suddhodana	Pali	Buddhist	Theravada	Pali Canon	Digha Nikaya	DN 14:1.12.22	https://suttacentral.net/dn14	20	royal	personal	attested	Pali form of Sanskrit Śuddhodana	SuttaCentral bilara-data Mahāsaṅgīti Pāli (CC0); names from DPPN, SuttaCentral sc-data edition; Wikidata (CC0)	0.95
Sudhamma	slug:buddhist:sudhamma-2	Sudhamma, the meeting hall of the deities in Tāvatiṁsā heaven (DPPN Sudhamma 2)		Sudhamma	Sudhamma	Pali	Buddhist	Theravada	Pali Canon	Digha Nikaya	DN 21:1.12.48	https://suttacentral.net/dn21		deity	divine	attested		SuttaCentral bilara-data Mahāsaṅgīti Pāli (CC0); names from DPPN, SuttaCentral sc-data edition	0.85
Sunakkhatta	slug:buddhist:sunakkhatta	Sunakkhatta, a Licchavi prince of Vesāli	boy	Sunakkhatta	Sunakkhatta	Pali	Buddhist	Theravada	Pali Canon	Digha Nikaya	DN 6:5.3	https://suttacentral.net/dn6		royal	personal	attested		SuttaCentral bilara-data Mahāsaṅgīti Pāli (CC0); names from DPPN, SuttaCentral sc-data edition	0.85
Sunaga	slug:buddhist:sunaaga	Sunāga, a monk whose Theragāthā verse speaks of one who understands the mind,…	boy	Sunāga	Sunāga	Pali	Buddhist	Theravada	Pali Canon	Theragatha	Thag 1.85:1.5	https://suttacentral.net/thag1.85	2	disciple	personal	attested		SuttaCentral bilara-data Mahāsaṅgīti Pāli (CC0); names from DPPN, SuttaCentral sc-data edition	0.95
Sunaparanta	slug:buddhist:sunaaparanta	Sunāparanta, region		Sunāparanta	Sunāparanta	Pali	Buddhist	Theravada	Pali Canon	Majjhima Nikaya	MN 145:5.2	https://suttacentral.net/mn145	10	place	word	attested		SuttaCentral bilara-data Mahāsaṅgīti Pāli (CC0); names from DPPN, SuttaCentral sc-data edition	0.95
Sunimmita	slug:buddhist:sunimmita	Sunimmita, a devaputta, king of the Nimmānaratī world	boy	Sunimmita	Sunimmita	Pali	Buddhist	Theravada	Pali Canon	Anguttara Nikaya	AN 8.36:8.3	https://suttacentral.net/an8.36		deity	divine	attested		SuttaCentral bilara-data Mahāsaṅgīti Pāli (CC0); names from DPPN, SuttaCentral sc-data edition	0.85
Sunita	slug:buddhist:suniita	Sunīta, a monk whose Theragāthā verses speak of his humble origins and how he…	boy	Sunīta	Sunīta	Pali	Buddhist	Theravada	Pali Canon	Theragatha	Thag 12.2:12.5	https://suttacentral.net/thag12.2		disciple	personal	attested		SuttaCentral bilara-data Mahāsaṅgīti Pāli (CC0); names from DPPN, SuttaCentral sc-data edition	0.85
Sunetta	slug:buddhist:sunetta	Sunetta, a teacher of old	boy	Sunetta	Sunetta	Pali	Buddhist	Theravada	Pali Canon	Anguttara Nikaya	AN 6.54:13.7	https://suttacentral.net/an6.54	25	human	personal	attested		SuttaCentral bilara-data Mahāsaṅgīti Pāli (CC0); names from DPPN, SuttaCentral sc-data edition	0.95
Sundara	slug:buddhist:sundara	Sundara, a monk of Rājagaha	boy	Sundara	Sundara	Pali	Buddhist	Theravada	Pali Canon	Vinaya Pitaka	Bu Pj 1:9.7.40	https://suttacentral.net/pli-tv-bu-vb-pj1		disciple	personal	attested		SuttaCentral bilara-data Mahāsaṅgīti Pāli (CC0); names from DPPN, SuttaCentral sc-data edition	0.85
Sundarasamudda	slug:buddhist:sundarasamudda	Sundarasamudda, a monk whose Theragāthā verses tell of how he was tempted by a…	boy	Sundarasamudda	Sundarasamudda	Pali	Buddhist	Theravada	Pali Canon	Theragatha	Thag 7.1:7.5	https://suttacentral.net/thag7.1	2	disciple	personal	attested		SuttaCentral bilara-data Mahāsaṅgīti Pāli (CC0); names from DPPN, SuttaCentral sc-data edition	0.95
Sundarika	slug:buddhist:sundarika	Sundarika, a brahmin, one of the Bhāradvājas	boy	Sundarika	Sundarika	Pali	Buddhist	Theravada	Pali Canon	Majjhima Nikaya	MN 7:19.1	https://suttacentral.net/mn7		human	personal	attested		SuttaCentral bilara-data Mahāsaṅgīti Pāli (CC0); names from DPPN, SuttaCentral sc-data edition	0.85
Bharadvaja	slug:buddhist:sundarika	Sundarika, a brahmin, one of the Bhāradvājas	boy	Bhāradvāja	Bhāradvāja	Pali	Buddhist	Theravada	Pali Canon	Majjhima Nikaya	MN 7:22.2	https://suttacentral.net/mn7		human	personal	attested	another name of Sundarika	SuttaCentral bilara-data Mahāsaṅgīti Pāli (CC0); names from DPPN, SuttaCentral sc-data edition	0.85
Sundarika	slug:buddhist:sundarikaa	Sundarikā, place		Sundarikā	Sundarikā	Pali	Buddhist	Theravada	Pali Canon	Majjhima Nikaya	MN 7:20.3	https://suttacentral.net/mn7		place	word	attested		SuttaCentral bilara-data Mahāsaṅgīti Pāli (CC0); names from DPPN, SuttaCentral sc-data edition	0.85
Sundari	slug:buddhist:sundarii-1	Sundarī, a bhikkhunī whose Therīgāthā verses consist of a dialogue, firstly… (DPPN Sundarī 1)	girl	Sundarī	Sundarī	Pali	Buddhist	Theravada	Pali Canon	Therigatha	Thig 13.4:16.4	https://suttacentral.net/thig13.4		disciple	personal	attested		SuttaCentral bilara-data Mahāsaṅgīti Pāli (CC0); names from DPPN, SuttaCentral sc-data edition	0.85
Sundari	slug:buddhist:sundarii-2	Sundarī, a Paribbājikā (DPPN Sundarī 2)	girl	Sundarī	Sundarī	Pali	Buddhist	Theravada	Pali Canon	Udana	Ud 4.8:2.1	https://suttacentral.net/ud4.8		human	personal	attested		SuttaCentral bilara-data Mahāsaṅgīti Pāli (CC0); names from DPPN, SuttaCentral sc-data edition	0.85
Sundarinanda	slug:buddhist:sundariinandaa-1	Sundarīnandā, Younger sister of Thullanandā; she had two other sisters, Nandā and… (DPPN Sundarīnandā 1)	girl	Sundarīnandā	Sundarīnandā	Pali	Buddhist	Theravada	Pali Canon	Vinaya Pitaka	Bi Pj 5:1.7	https://suttacentral.net/pli-tv-bi-vb-pj5		human	personal	attested		SuttaCentral bilara-data Mahāsaṅgīti Pāli (CC0); names from DPPN, SuttaCentral sc-data edition	0.85
Nanda	slug:buddhist:sundariinandaa-2	Sundarīnandā, a bhikkhunī whose Therīgāthā verses are an exhortation to her to… (DPPN Sundarīnandā 2)	girl	Nandā	Nandā	Pali	Buddhist	Theravada	Pali Canon	Anguttara Nikaya	AN 1.240:1.1	https://suttacentral.net/an1.235-247		disciple	epithet	attested	epithet of Sundarīnandā	SuttaCentral bilara-data Mahāsaṅgīti Pāli (CC0); names from DPPN, SuttaCentral sc-data edition	0.85
Supatitthita	slug:buddhist:supatitthita	Supatiṭṭhita, a Pacceka Buddha mentioned in a nominal list		Supatiṭṭhita	Supatiṭṭhita	Pali	Buddhist	Theravada	Pali Canon	Majjhima Nikaya	MN 116:6.19	https://suttacentral.net/mn116		sage	personal	attested		SuttaCentral bilara-data Mahāsaṅgīti Pāli (CC0); names from DPPN, SuttaCentral sc-data edition	0.85
Suppatittha Cetiya	slug:buddhist:suppatittha-cetiya	Suppatiṭṭha Cetiya, shrine		Suppatiṭṭha Cetiya	Suppatiṭṭha Cetiya	Pali	Buddhist	Theravada	Pali Canon	Vinaya Pitaka	Kd 1:22.1.3	https://suttacentral.net/pli-tv-kd1	2	place	word	attested		SuttaCentral bilara-data Mahāsaṅgīti Pāli (CC0); names from DPPN, SuttaCentral sc-data edition	0.95
Supabba	slug:buddhist:supabbaa	Supabbā, an upāsikā of Rājagaha	girl	Supabbā	Supabbā	Pali	Buddhist	Theravada	Pali Canon	Vinaya Pitaka	Bu Pj 1:9.7.48	https://suttacentral.net/pli-tv-bu-vb-pj1	2	human	personal	attested		SuttaCentral bilara-data Mahāsaṅgīti Pāli (CC0); names from DPPN, SuttaCentral sc-data edition	0.95
Suppabuddha	slug:buddhist:suppabuddha	Suppabuddha, a poor leper of Rājagaha, who, one day seated in the outer circle of…	boy	Suppabuddha	Suppabuddha	Pali	Buddhist	Theravada	Pali Canon	Dhammapada	Dhp 296:1	https://suttacentral.net/dhp290-305	25	human	personal	attested		SuttaCentral bilara-data Mahāsaṅgīti Pāli (CC0); names from DPPN, SuttaCentral sc-data edition	0.95
Suppavasa	slug:buddhist:suppavaasaa	Suppavāsā, a lay woman who lived in the Koliyan village of Sajjanela, where the…	girl	Suppavāsā	Suppavāsā	Pali	Buddhist	Theravada	Pali Canon	Anguttara Nikaya	AN 1.263:1.1	https://suttacentral.net/an1.258-267	42	human	personal	attested		SuttaCentral bilara-data Mahāsaṅgīti Pāli (CC0); names from DPPN, SuttaCentral sc-data edition	0.95
Koliyadhita	slug:buddhist:suppavaasaa	Suppavāsā, a lay woman who lived in the Koliyan village of Sajjanela, where the…	girl	Koliyadhītā	Koliyadhītā	Pali	Buddhist	Theravada	Pali Canon	Anguttara Nikaya	AN 1.263:1.1	https://suttacentral.net/an1.258-267	31	human	epithet	attested	epithet of Suppavāsā	SuttaCentral bilara-data Mahāsaṅgīti Pāli (CC0); names from DPPN, SuttaCentral sc-data edition	0.95
Suppiya	slug:buddhist:suppiya-1	Suppiya, a Paribbājaka (DPPN Suppiya 1)	boy	Suppiya	Suppiya	Pali	Buddhist	Theravada	Pali Canon	Digha Nikaya	DN 1:1.1.4	https://suttacentral.net/dn1		human	personal	attested		SuttaCentral bilara-data Mahāsaṅgīti Pāli (CC0); names from DPPN, SuttaCentral sc-data edition	0.85
Suppiya	slug:buddhist:suppiya-2	Suppiya, He was born in Sāvatthī in a family of cemetery keepers (DPPN Suppiya 2)	boy	Suppiya	Suppiya	Pali	Buddhist	Theravada	Pali Canon	Theragatha	Thag 1.32:1.5	https://suttacentral.net/thag1.32		human	personal	attested		SuttaCentral bilara-data Mahāsaṅgīti Pāli (CC0); names from DPPN, SuttaCentral sc-data edition	0.85
Suppiya	slug:buddhist:suppiyaa-2	Suppiyā, an upāsaka of Benares (DPPN Suppiyā 2)	boy	Suppiyā	Suppiyā	Pali	Buddhist	Theravada	Pali Canon	Anguttara Nikaya	AN 1.264:1.1	https://suttacentral.net/an1.258-267		human	personal	attested		SuttaCentral bilara-data Mahāsaṅgīti Pāli (CC0); names from DPPN, SuttaCentral sc-data edition	0.85
Subahu	slug:buddhist:subaahu-1	Subāhu, He was the son of a seṭṭhi family of Benares, and was the friend of… (DPPN Subāhu 1)	boy	Subāhu	Subāhu	Pali	Buddhist	Theravada	Pali Canon	Vinaya Pitaka	Kd 1:9.1.2	https://suttacentral.net/pli-tv-kd1		human	personal	attested		SuttaCentral bilara-data Mahāsaṅgīti Pāli (CC0); names from DPPN, SuttaCentral sc-data edition	0.85
Subahu	slug:buddhist:subaahu-3	Subāhu, a Pacceka Buddha (DPPN Subāhu 3)	boy	Subāhu	Subāhu	Pali	Buddhist	Theravada	Pali Canon	Majjhima Nikaya	MN 116:6.6	https://suttacentral.net/mn116		sage	personal	attested		SuttaCentral bilara-data Mahāsaṅgīti Pāli (CC0); names from DPPN, SuttaCentral sc-data edition	0.85
Subrahma	slug:buddhist:subrahmaa-2	Subrahmā, a Pacceka Brahmā (DPPN Subrahmā 2)	boy	Subrahmā	Subrahmā	Pali	Buddhist	Theravada	Pali Canon	Digha Nikaya	DN 20:20.1	https://suttacentral.net/dn20		deity	divine	attested		SuttaCentral bilara-data Mahāsaṅgīti Pāli (CC0); names from DPPN, SuttaCentral sc-data edition	0.85
Subha	slug:buddhist:subha-1	Subha, a Pacceka Buddha (DPPN Subha 1)		Subha	Subha	Pali	Buddhist	Theravada	Pali Canon	Majjhima Nikaya	MN 116:6.1	https://suttacentral.net/mn116		sage	personal	attested		SuttaCentral bilara-data Mahāsaṅgīti Pāli (CC0); names from DPPN, SuttaCentral sc-data edition	0.85
Subha	slug:buddhist:subha-2	Subha, a young brahman student (DPPN Subha 2)	boy	Subha	Subha	Pali	Buddhist	Theravada	Pali Canon	Digha Nikaya	DN 10:1.1.3	https://suttacentral.net/dn10		human	personal	attested		SuttaCentral bilara-data Mahāsaṅgīti Pāli (CC0); names from DPPN, SuttaCentral sc-data edition	0.85
Todeyyaputta	slug:buddhist:subha-2	Subha, a young brahman student (DPPN Subha 2)	boy	Todeyyaputta	Todeyyaputta	Pali	Buddhist	Theravada	Pali Canon	Digha Nikaya	DN 10:1.1.3	https://suttacentral.net/dn10		human	epithet	attested	epithet of Subha	SuttaCentral bilara-data Mahāsaṅgīti Pāli (CC0); names from DPPN, SuttaCentral sc-data edition	0.85
Subhakinha	slug:buddhist:subhakinnaa	Subhakinnā, a class of Brahmas who occupy the ninth Rūpa-world; a division of the…		Subhakiṇhā	Subhakiṇhā	Pali	Buddhist	Theravada	Pali Canon	Digha Nikaya	DN 15:33.9	https://suttacentral.net/dn15	38	mythological_being	word	attested	another name of Subhakinnā	SuttaCentral bilara-data Mahāsaṅgīti Pāli (CC0); names from DPPN, SuttaCentral sc-data edition	0.95
Subhagavana	slug:buddhist:subhagavana	Subhagavana, park		Subhagavana	Subhagavana	Pali	Buddhist	Theravada	Pali Canon	Digha Nikaya	DN 14:3.29.1	https://suttacentral.net/dn14	5	place	word	attested		SuttaCentral bilara-data Mahāsaṅgīti Pāli (CC0); names from DPPN, SuttaCentral sc-data edition	0.95
Subhadda	slug:buddhist:subhadda-1	Subhadda, When the Buddha died and the monks stood weeping, Subhadda asked them… (DPPN Subhadda 1)	boy	Subhadda	Subhadda	Pali	Buddhist	Theravada	Pali Canon	Digha Nikaya	DN 16:2.6.13	https://suttacentral.net/dn16		disciple	personal	attested		SuttaCentral bilara-data Mahāsaṅgīti Pāli (CC0); names from DPPN, SuttaCentral sc-data edition	0.85
Subhadda	slug:buddhist:subhadda-2	Subhadda, a wanderer, who was the last person to be converted by the Buddha (DPPN Subhadda 2)	boy	Subhadda	Subhadda	Pali	Buddhist	Theravada	Pali Canon	Digha Nikaya	DN 16:2.6.13	https://suttacentral.net/dn16		human	personal	attested		SuttaCentral bilara-data Mahāsaṅgīti Pāli (CC0); names from DPPN, SuttaCentral sc-data edition	0.85
Subhadda	slug:buddhist:subhadda-3	Subhadda, a lay disciple of Nātikā (DPPN Subhadda 3)	boy	Subhadda	Subhadda	Pali	Buddhist	Theravada	Pali Canon	Digha Nikaya	DN 16:2.6.13	https://suttacentral.net/dn16		disciple	personal	attested		SuttaCentral bilara-data Mahāsaṅgīti Pāli (CC0); names from DPPN, SuttaCentral sc-data edition	0.85
Subha	slug:buddhist:subhaa-2	Subhā, the daughter of a rich goldsmith of Rājagaha (DPPN Subhā 2)	girl	Subhā	Subhā	Pali	Buddhist	Theravada	Pali Canon	Therigatha	Thig 13.5:26.2	https://suttacentral.net/thig13.5		human	personal	attested		SuttaCentral bilara-data Mahāsaṅgīti Pāli (CC0); names from DPPN, SuttaCentral sc-data edition	0.85
Kammaradhita	slug:buddhist:subhaa-2	Subhā, the daughter of a rich goldsmith of Rājagaha (DPPN Subhā 2)	girl	Kammāradhītā	Kammāradhītā	Pali	Buddhist	Theravada	Pali Canon	Therigatha	Thig 13.5:30.1	https://suttacentral.net/thig13.5	1	human	epithet	attested	epithet of Subhā	SuttaCentral bilara-data Mahāsaṅgīti Pāli (CC0); names from DPPN, SuttaCentral sc-data edition	0.95
Subha	slug:buddhist:subhaa-3	Subhā, a bhikkhunī whose Therīgāthā verses speak of how in Jīvakambavana, a… (DPPN Subhā 3)	girl	Subhā	Subhā	Pali	Buddhist	Theravada	Pali Canon	Therigatha	Thig 14.1:1.2	https://suttacentral.net/thig14.1		disciple	personal	attested		SuttaCentral bilara-data Mahāsaṅgīti Pāli (CC0); names from DPPN, SuttaCentral sc-data edition	0.85
Jivakambavanika	slug:buddhist:subhaa-3	Subhā, a bhikkhunī whose Therīgāthā verses speak of how in Jīvakambavana, a… (DPPN Subhā 3)	girl	Jīvakambavanikā	Jīvakambavanikā	Pali	Buddhist	Theravada	Pali Canon	Therigatha	Thig 14.1:35.1	https://suttacentral.net/thig14.1		disciple	epithet	attested	epithet of Subhā	SuttaCentral bilara-data Mahāsaṅgīti Pāli (CC0); names from DPPN, SuttaCentral sc-data edition	0.85
Subhuta	slug:buddhist:subhuuta	Subhūta, a monk whose Theragāthā verses speak of how, when someone lives the…	boy	Subhūta	Subhūta	Pali	Buddhist	Theravada	Pali Canon	Theragatha	Thag 5.2:5.5	https://suttacentral.net/thag5.2	2	disciple	personal	attested		SuttaCentral bilara-data Mahāsaṅgīti Pāli (CC0); names from DPPN, SuttaCentral sc-data edition	0.95
Sumangala	slug:buddhist:sumangala-1	Sumaṅgala, a monk whose Theragāthā verse speaks of being well rid of three… (DPPN Sumaṅgala 1)	boy	Sumaṅgala	Sumaṅgala	Pali	Buddhist	Theravada	Pali Canon	Theragatha	Thag 1.43:1.7	https://suttacentral.net/thag1.43		disciple	personal	attested		SuttaCentral bilara-data Mahāsaṅgīti Pāli (CC0); names from DPPN, SuttaCentral sc-data edition	0.85
Sumangala	slug:buddhist:sumangala-2	Sumaṅgala, a Pacceka Buddha (DPPN Sumaṅgala 2)	boy	Sumaṅgala	Sumaṅgala	Pali	Buddhist	Theravada	Pali Canon	Majjhima Nikaya	MN 116:6.19	https://suttacentral.net/mn116		sage	personal	attested		SuttaCentral bilara-data Mahāsaṅgīti Pāli (CC0); names from DPPN, SuttaCentral sc-data edition	0.85
Sumana	slug:buddhist:sumana-1	Sumana, a monk whose Theragāthā verses speak of having accomplished all that… (DPPN Sumana 1)	boy	Sumana	Sumana	Pali	Buddhist	Theravada	Pali Canon	Theragatha	Thag 5.4:5.5	https://suttacentral.net/thag5.4		disciple	personal	attested		SuttaCentral bilara-data Mahāsaṅgīti Pāli (CC0); names from DPPN, SuttaCentral sc-data edition	0.85
Sumana	slug:buddhist:sumana-2	Sumana, a monk whose Theragāthā verses speak of ordaining at age seven,… (DPPN Sumana 2)	boy	Sumana	Sumana	Pali	Buddhist	Theravada	Pali Canon	Theragatha	Thag 6.10:6.3	https://suttacentral.net/thag6.10		disciple	personal	attested		SuttaCentral bilara-data Mahāsaṅgīti Pāli (CC0); names from DPPN, SuttaCentral sc-data edition	0.85
Sumana	slug:buddhist:sumana-4	Sumana, a Yakkha chief, to be invoked in time of need by followers of the… (DPPN Sumana 4)	boy	Sumana	Sumana	Pali	Buddhist	Theravada	Pali Canon	Digha Nikaya	DN 32:10.17	https://suttacentral.net/dn32		mythological_being	personal	attested		SuttaCentral bilara-data Mahāsaṅgīti Pāli (CC0); names from DPPN, SuttaCentral sc-data edition	0.85
Sumana	slug:buddhist:sumanaa-1	Sumanā, She was the daughter of the king of Kosala and sister of Pasenadi (DPPN Sumanā 1)	girl	Sumanā	Sumanā	Pali	Buddhist	Theravada	Pali Canon	Therigatha	Thig 1.16:2.1	https://suttacentral.net/thig1.16		royal	personal	attested		SuttaCentral bilara-data Mahāsaṅgīti Pāli (CC0); names from DPPN, SuttaCentral sc-data edition	0.85
Sumana Rajakumari	slug:buddhist:sumanaa-1	Sumanā, She was the daughter of the king of Kosala and sister of Pasenadi (DPPN Sumanā 1)	girl	Sumanā Rājakumārī	Sumanā Rājakumārī	Pali	Buddhist	Theravada	Pali Canon	Anguttara Nikaya	AN 5.31:1.2	https://suttacentral.net/an5.31	2	royal	epithet	attested	epithet of Sumanā	SuttaCentral bilara-data Mahāsaṅgīti Pāli (CC0); names from DPPN, SuttaCentral sc-data edition	0.85
Sumana	slug:buddhist:sumanaa-2	Sumanā, a bhikkhunī whose Therīgāthā verse is an encouragemnt not to be reborn (DPPN Sumanā 2)	girl	Sumanā	Sumanā	Pali	Buddhist	Theravada	Pali Canon	Therigatha	Thig 1.14:2.1	https://suttacentral.net/thig1.14		disciple	personal	attested		SuttaCentral bilara-data Mahāsaṅgīti Pāli (CC0); names from DPPN, SuttaCentral sc-data edition	0.85
Sumangalamata	slug:buddhist:sumangalamaataa	Sumaṅgalamātā, a bhikkhunī whose Therīgāthā verses celebrate her freedom from…	girl	Sumaṅgalamātā	Sumaṅgalamātā	Pali	Buddhist	Theravada	Pali Canon	Therigatha	Thig 2.3:3.1	https://suttacentral.net/thig2.3	1	disciple	personal	attested		SuttaCentral bilara-data Mahāsaṅgīti Pāli (CC0); names from DPPN, SuttaCentral sc-data edition	0.95
Sumagadha	slug:buddhist:sumaagadhaa	Sumāgadhā, lake		Sumāgadhā	Sumāgadhā	Pali	Buddhist	Theravada	Pali Canon	Digha Nikaya	DN 25:6.2	https://suttacentral.net/dn25	11	place	word	attested		SuttaCentral bilara-data Mahāsaṅgīti Pāli (CC0); names from DPPN, SuttaCentral sc-data edition	0.95
Sumukha	slug:buddhist:sumukha	Sumukha, a Yakkha chief, to be invoked in time of need by followers of the…	boy	Sumukha	Sumukha	Pali	Buddhist	Theravada	Pali Canon	Digha Nikaya	DN 32:10.17	https://suttacentral.net/dn32		mythological_being	personal	attested		SuttaCentral bilara-data Mahāsaṅgīti Pāli (CC0); names from DPPN, SuttaCentral sc-data edition	0.85
Sumedha	slug:buddhist:sumedhaa	Sumedhā, She was the daughter of King Koñca of Mantāvatī	girl	Sumedhā	Sumedhā	Pali	Buddhist	Theravada	Pali Canon	Therigatha	Thig 16.1:1.3	https://suttacentral.net/thig16.1		royal	personal	attested		SuttaCentral bilara-data Mahāsaṅgīti Pāli (CC0); names from DPPN, SuttaCentral sc-data edition	0.85
Sumbha	slug:buddhist:sumbha-1	Sumbha, a Pacceka Buddha (DPPN Sumbha 1)		Sumbha	Sumbha	Pali	Buddhist	Theravada	Pali Canon	Majjhima Nikaya	MN 116:6.1	https://suttacentral.net/mn116		sage	personal	attested		SuttaCentral bilara-data Mahāsaṅgīti Pāli (CC0); names from DPPN, SuttaCentral sc-data edition	0.85
Suyama	slug:buddhist:suyaama-1	Suyāma, a devaputta, chief of the Yāma-devas (DPPN Suyāma 1)	boy	Suyāma	Suyāma	Pali	Buddhist	Theravada	Pali Canon	Digha Nikaya	DN 11:73.1	https://suttacentral.net/dn11		deity	divine	attested		SuttaCentral bilara-data Mahāsaṅgīti Pāli (CC0); names from DPPN, SuttaCentral sc-data edition	0.85
Suyamana	slug:buddhist:suyaama-2	Suyāma, a monk whose Theragāthā verses speak of abandoning unwholesome states… (DPPN Suyāma 2)	boy	Suyāmana	Suyāmana	Pali	Buddhist	Theravada	Pali Canon	Theragatha	Thag 1.74:1.5	https://suttacentral.net/thag1.74	2	disciple	epithet	attested	epithet of Suyāma	SuttaCentral bilara-data Mahāsaṅgīti Pāli (CC0); names from DPPN, SuttaCentral sc-data edition	0.95
Surasena	slug:buddhist:suurasena	Sūrasena, janapada		Sūrasena	Sūrasena	Pali	Buddhist	Theravada	Pali Canon	Anguttara Nikaya	AN 3.70:28.3	https://suttacentral.net/an3.70	6	place	word	attested		SuttaCentral bilara-data Mahāsaṅgīti Pāli (CC0); names from DPPN, SuttaCentral sc-data edition	0.85
Suradha	slug:buddhist:suraadha	Surādha, a monks whose Theragāthā verses speak of attaining the goal of the…	boy	Surādha	Surādha	Pali	Buddhist	Theravada	Pali Canon	Samyutta Nikaya	SN 22.72:1.2	https://suttacentral.net/sn22.72	7	disciple	personal	attested		SuttaCentral bilara-data Mahāsaṅgīti Pāli (CC0); names from DPPN, SuttaCentral sc-data edition	0.95
Bhadda	slug:buddhist:suriyavaccasaa	Suriyavaccasā, a Gandhabba maiden, daughter of Timbaru	girl	Bhaddā	Bhaddā	Pali	Buddhist	Theravada	Pali Canon	Digha Nikaya	DN 21:1.5.1	https://suttacentral.net/dn21		mythological_being	epithet	attested	epithet of Suriyavaccasā	SuttaCentral bilara-data Mahāsaṅgīti Pāli (CC0); names from DPPN, SuttaCentral sc-data edition	0.85
Suvideha	slug:buddhist:suvidehaa	Suvidehā, region		Suvidehā	Suvidehā	Pali	Buddhist	Theravada	Pali Canon	Majjhima Nikaya	MN 34:2.1	https://suttacentral.net/mn34		place	word	attested		SuttaCentral bilara-data Mahāsaṅgīti Pāli (CC0); names from DPPN, SuttaCentral sc-data edition	0.85
Suvira	slug:buddhist:suviira	Suvīra, a Deva	boy	Suvīra	Suvīra	Pali	Buddhist	Theravada	Pali Canon	Samyutta Nikaya	SN 11.1:2.2	https://suttacentral.net/sn11.1	18	deity	divine	attested		SuttaCentral bilara-data Mahāsaṅgīti Pāli (CC0); names from DPPN, SuttaCentral sc-data edition	0.95
Susarada	slug:buddhist:susaarada	Susārada, a monk whose Theragāthā verse speaks of the advantages of associating…	boy	Susārada	Susārada	Pali	Buddhist	Theravada	Pali Canon	Theragatha	Thag 1.75:1.5	https://suttacentral.net/thag1.75	2	disciple	personal	attested		SuttaCentral bilara-data Mahāsaṅgīti Pāli (CC0); names from DPPN, SuttaCentral sc-data edition	0.95
Suhemanta	slug:buddhist:suhemanta	Suhemanta, a monk whose Theragāthā verse cryptically speaks of 100 signs	boy	Suhemanta	Suhemanta	Pali	Buddhist	Theravada	Pali Canon	Theragatha	Thag 1.106:1.5	https://suttacentral.net/thag1.106	2	disciple	personal	attested		SuttaCentral bilara-data Mahāsaṅgīti Pāli (CC0); names from DPPN, SuttaCentral sc-data edition	0.95
Sura	slug:buddhist:suura	Sūra, a messenger of Kuvera		Sūra	Sūra	Pali	Buddhist	Theravada	Pali Canon	Digha Nikaya	DN 32:7.47	https://suttacentral.net/dn32		human	personal	attested		SuttaCentral bilara-data Mahāsaṅgīti Pāli (CC0); names from DPPN, SuttaCentral sc-data edition	0.85
Surambattha	slug:buddhist:suurambattha	Sūrambaṭṭha, an eminent lay disciple, declared by the Buddha foremost among his…	boy	Sūrambaṭṭha	Sūrambaṭṭha	Pali	Buddhist	Theravada	Pali Canon	Anguttara Nikaya	AN 1.255:1.1	https://suttacentral.net/an1.248-257	2	disciple	personal	attested		SuttaCentral bilara-data Mahāsaṅgīti Pāli (CC0); names from DPPN, SuttaCentral sc-data edition	0.95
Seta	slug:buddhist:seta	Seta, the state elephant of Pasenadi, on whose account the Buddha preached…		Seta	Seta	Pali	Buddhist	Theravada	Pali Canon	Anguttara Nikaya	AN 6.43:3.1	https://suttacentral.net/an6.43		human	personal	attested		SuttaCentral bilara-data Mahāsaṅgīti Pāli (CC0); names from DPPN, SuttaCentral sc-data edition	0.85
Setakannika	slug:buddhist:setakannika	Setakaṇṇika, town		Setakaṇṇika	Setakaṇṇika	Pali	Buddhist	Theravada	Pali Canon	Vinaya Pitaka	Kd 5:13.12.4	https://suttacentral.net/pli-tv-kd5	1	place	word	attested		SuttaCentral bilara-data Mahāsaṅgīti Pāli (CC0); names from DPPN, SuttaCentral sc-data edition	0.95
Setabya	slug:buddhist:setabyaa	Setabyā, town		Setabyā	Setabyā	Pali	Buddhist	Theravada	Pali Canon	Digha Nikaya	DN 23:1.2	https://suttacentral.net/dn23	17	place	word	attested		SuttaCentral bilara-data Mahāsaṅgīti Pāli (CC0); names from DPPN, SuttaCentral sc-data edition	0.95
Setuccha	slug:buddhist:setuccha	Setuccha, a monk whose Theragāthā verse describes how those how are defiled do…	boy	Setuccha	Setuccha	Pali	Buddhist	Theravada	Pali Canon	Theragatha	Thag 1.102:1.5	https://suttacentral.net/thag1.102	2	disciple	personal	attested		SuttaCentral bilara-data Mahāsaṅgīti Pāli (CC0); names from DPPN, SuttaCentral sc-data edition	0.95
Senaka	slug:buddhist:senaka	Senaka, a monk whose Theragāthā verses speak of seeing the Buddha at the Gayā…	boy	Senaka	Senaka	Pali	Buddhist	Theravada	Pali Canon	Theragatha	Thag 4.6:4.5	https://suttacentral.net/thag4.6		disciple	personal	attested		SuttaCentral bilara-data Mahāsaṅgīti Pāli (CC0); names from DPPN, SuttaCentral sc-data edition	0.85
Senanigama	slug:buddhist:senaanigama	Senānigama, town		Senānigama	Senānigama	Pali	Buddhist	Theravada	Pali Canon	Majjhima Nikaya	MN 26:17.1	https://suttacentral.net/mn26		place	word	attested		SuttaCentral bilara-data Mahāsaṅgīti Pāli (CC0); names from DPPN, SuttaCentral sc-data edition	0.85
Seyyasaka	slug:buddhist:seyyasaka	Seyyasaka, a monk of Sāvatthī who was found guilty of various Vinaya offences,…	boy	Seyyasaka	Seyyasaka	Pali	Buddhist	Theravada	Pali Canon	Vinaya Pitaka	Bu Ss 1:1.1.2	https://suttacentral.net/pli-tv-bu-vb-ss1	51	disciple	personal	attested		SuttaCentral bilara-data Mahāsaṅgīti Pāli (CC0); names from DPPN, SuttaCentral sc-data edition	0.95
Serisaka	slug:buddhist:serissaka-2	Serissaka, place (DPPN Serissaka 2)		Serīsaka	Serīsaka	Pali	Buddhist	Theravada	Pali Canon	Digha Nikaya	DN 23:32.22	https://suttacentral.net/dn23		place	word	attested	another name of Serissaka	SuttaCentral bilara-data Mahāsaṅgīti Pāli (CC0); names from DPPN, SuttaCentral sc-data edition	0.85
Sela	slug:buddhist:sela	Sela, a brahmin of Aṅguttarāpa	boy	Sela	Sela	Pali	Buddhist	Theravada	Pali Canon	Sutta Nipata	Snp 3.7:5.1	https://suttacentral.net/snp3.7		human	personal	attested		SuttaCentral bilara-data Mahāsaṅgīti Pāli (CC0); names from DPPN, SuttaCentral sc-data edition	0.85
Sela	slug:buddhist:selaa	Selā, a bhikkhunī who was enjoying her meditation in the Andhavana under a…	girl	Selā	Selā	Pali	Buddhist	Theravada	Pali Canon	Therigatha	Thig 3.7:4.1	https://suttacentral.net/thig3.7		disciple	personal	attested		SuttaCentral bilara-data Mahāsaṅgīti Pāli (CC0); names from DPPN, SuttaCentral sc-data edition	0.85
Sona	slug:buddhist:sona-1	Soṇa, a Thera, declared chief of those possessing clear utterance (DPPN Soṇa 1)	boy	Soṇa	Soṇa	Pali	Buddhist	Theravada	Pali Canon	Anguttara Nikaya	AN 1.205:1.1	https://suttacentral.net/an1.198-208		disciple	personal	attested		SuttaCentral bilara-data Mahāsaṅgīti Pāli (CC0); names from DPPN, SuttaCentral sc-data edition	0.85
Sona	Q11315531	Soṇa Koḷivisa, monk	boy	Soṇa	Soṇa	Pali	Buddhist	Theravada	Pali Canon	Anguttara Nikaya	AN 1.205:1.1	https://suttacentral.net/an1.198-208		disciple	personal	attested	Pali form of Sanskrit Śroṇa Koṭiviṃśa	SuttaCentral bilara-data Mahāsaṅgīti Pāli (CC0); names from DPPN, SuttaCentral sc-data edition; Wikidata (CC0)	0.85
Kolivisa	Q11315531	Soṇa Koḷivisa, monk	boy	Koḷivisa	Koḷivisa	Pali	Buddhist	Theravada	Pali Canon	Anguttara Nikaya	AN 1.205:1.1	https://suttacentral.net/an1.198-208	16	disciple	epithet	attested	epithet of Soṇa; Pali form of Sanskrit Śroṇa Koṭiviṃśa	SuttaCentral bilara-data Mahāsaṅgīti Pāli (CC0); names from DPPN, SuttaCentral sc-data edition; Wikidata (CC0)	0.95
Sukhumala	Q11315531	Soṇa Koḷivisa, monk	boy	Sukhumāla	Sukhumāla	Pali	Buddhist	Theravada	Pali Canon	Vinaya Pitaka	Kd 5:1.1.3	https://suttacentral.net/pli-tv-kd5		disciple	epithet	attested	epithet of Soṇa; Pali form of Sanskrit Śroṇa Koṭiviṃśa	SuttaCentral bilara-data Mahāsaṅgīti Pāli (CC0); names from DPPN, SuttaCentral sc-data edition; Wikidata (CC0)	0.85
Sona	slug:buddhist:sona-3	Soṇa, a monk whose Theragāthā verse says that the night is for striving,… (DPPN Soṇa 3)	boy	Soṇa	Soṇa	Pali	Buddhist	Theravada	Pali Canon	Theragatha	Thag 2.37:2.5	https://suttacentral.net/thag2.37		disciple	personal	attested		SuttaCentral bilara-data Mahāsaṅgīti Pāli (CC0); names from DPPN, SuttaCentral sc-data edition	0.85
Potiriyaputta	slug:buddhist:sona-3	Soṇa, a monk whose Theragāthā verse says that the night is for striving,… (DPPN Soṇa 3)	boy	Poṭiriyaputta	Poṭiriyaputta	Pali	Buddhist	Theravada	Pali Canon	Theragatha	Thag 2.40:3.5	https://suttacentral.net/thag2.40	1	disciple	epithet	attested	epithet of Soṇa	SuttaCentral bilara-data Mahāsaṅgīti Pāli (CC0); names from DPPN, SuttaCentral sc-data edition	0.85
Sonakayana	slug:buddhist:sonakaayana	Soṇakāyana, a youth who, according to Sikhā Moggallāna, went about saying that…	boy	Soṇakāyana	Soṇakāyana	Pali	Buddhist	Theravada	Pali Canon	Anguttara Nikaya	AN 4.234:2.1	https://suttacentral.net/an4.234	3	human	personal	attested		SuttaCentral bilara-data Mahāsaṅgīti Pāli (CC0); names from DPPN, SuttaCentral sc-data edition	0.85
Sonadanda	slug:buddhist:sonadanda	Soṇadaṇḍa, a rich brahmin of Campā, very learned in the Vedas; he lived in a…	boy	Soṇadaṇḍa	Soṇadaṇḍa	Pali	Buddhist	Theravada	Pali Canon	Digha Nikaya	DN 4:1.4	https://suttacentral.net/dn4	83	human	personal	attested		SuttaCentral bilara-data Mahāsaṅgīti Pāli (CC0); names from DPPN, SuttaCentral sc-data edition	0.95
Sona	slug:buddhist:sonaa-1	Soṇā, an eminent lay woman, disciple of the Buddha (DPPN Soṇā 1)	girl	Soṇā	Soṇā	Pali	Buddhist	Theravada	Pali Canon	Anguttara Nikaya	AN 8.91-117:1.1	https://suttacentral.net/an8.91-117		human	personal	attested		SuttaCentral bilara-data Mahāsaṅgīti Pāli (CC0); names from DPPN, SuttaCentral sc-data edition	0.85
Sona	slug:buddhist:sonaa-2	Soṇā, a Therī (DPPN Soṇā 2)	girl	Soṇā	Soṇā	Pali	Buddhist	Theravada	Pali Canon	Anguttara Nikaya	AN 1.241:1.1	https://suttacentral.net/an1.235-247		disciple	personal	attested		SuttaCentral bilara-data Mahāsaṅgīti Pāli (CC0); names from DPPN, SuttaCentral sc-data edition	0.85
Sotthija	slug:buddhist:sotthija	Sotthija, the constant attendant of Koṇāgamana Buddha		Sotthija	Sotthija	Pali	Buddhist	Theravada	Pali Canon	Digha Nikaya	DN 14:1.11.5	https://suttacentral.net/dn14	2	human	personal	attested		SuttaCentral bilara-data Mahāsaṅgīti Pāli (CC0); names from DPPN, SuttaCentral sc-data edition	0.95
Sopaka	slug:buddhist:sopaaka-1	Sopāka, a monk whose Theragāthā verse says one should love all beings, like a… (DPPN Sopāka 1)	boy	Sopāka	Sopāka	Pali	Buddhist	Theravada	Pali Canon	Theragatha	Thag 1.33:1.5	https://suttacentral.net/thag1.33		disciple	personal	attested		SuttaCentral bilara-data Mahāsaṅgīti Pāli (CC0); names from DPPN, SuttaCentral sc-data edition	0.85
Sopaka	slug:buddhist:sopaaka-2	Sopāka, a monk whose Theragāthā verse says that he walked with the Buddha… (DPPN Sopāka 2)	boy	Sopāka	Sopāka	Pali	Buddhist	Theravada	Pali Canon	Theragatha	Thag 7.4:6.1	https://suttacentral.net/thag7.4		disciple	personal	attested		SuttaCentral bilara-data Mahāsaṅgīti Pāli (CC0); names from DPPN, SuttaCentral sc-data edition	0.85
Sobhita	slug:buddhist:sobhita-1	Sobhita, a Pacceka Buddha (DPPN Sobhita 1)	boy	Sobhita	Sobhita	Pali	Buddhist	Theravada	Pali Canon	Majjhima Nikaya	MN 116:6.35	https://suttacentral.net/mn116		sage	personal	attested		SuttaCentral bilara-data Mahāsaṅgīti Pāli (CC0); names from DPPN, SuttaCentral sc-data edition	0.85
Sobhita	slug:buddhist:sobhita-2	Sobhita, a monk who was foremost among those who could remember past births (DPPN Sobhita 2)	boy	Sobhita	Sobhita	Pali	Buddhist	Theravada	Pali Canon	Anguttara Nikaya	AN 1.227:1.1	https://suttacentral.net/an1.219-234		disciple	personal	attested		SuttaCentral bilara-data Mahāsaṅgīti Pāli (CC0); names from DPPN, SuttaCentral sc-data edition	0.85
Soma	slug:buddhist:soma	Soma, a deva to whom sacrifice is offered; he is generally mentioned with…	boy	Soma	Soma	Pali	Buddhist	Theravada	Pali Canon	Digha Nikaya	DN 20:13.4	https://suttacentral.net/dn20		deity	divine	attested		SuttaCentral bilara-data Mahāsaṅgīti Pāli (CC0); names from DPPN, SuttaCentral sc-data edition	0.85
Somamitta	slug:buddhist:somamitta	Somamitta, a monk whose Theragāthā verses say one should avoid a lzy man and…	boy	Somamitta	Somamitta	Pali	Buddhist	Theravada	Pali Canon	Theragatha	Thag 2.14:2.5	https://suttacentral.net/thag2.14	2	disciple	personal	attested		SuttaCentral bilara-data Mahāsaṅgīti Pāli (CC0); names from DPPN, SuttaCentral sc-data edition	0.95
Soma	slug:buddhist:somaa-1	Somā, one day, as she was meditating at the foot of a tree in Andhavana,… (DPPN Somā 1)	girl	Somā	Somā	Pali	Buddhist	Theravada	Pali Canon	Therigatha	Thig 3.8:4.1	https://suttacentral.net/thig3.8		human	personal	attested		SuttaCentral bilara-data Mahāsaṅgīti Pāli (CC0); names from DPPN, SuttaCentral sc-data edition	0.85
Sorata	slug:buddhist:sorata	Sorata, a Pacceka Buddha		Sorata	Sorata	Pali	Buddhist	Theravada	Pali Canon	Majjhima Nikaya	MN 116:6.20	https://suttacentral.net/mn116		sage	personal	attested		SuttaCentral bilara-data Mahāsaṅgīti Pāli (CC0); names from DPPN, SuttaCentral sc-data edition	0.85
Soreyya	slug:buddhist:soreyya	Soreyya, town		Soreyya	Soreyya	Pali	Buddhist	Theravada	Pali Canon	Vinaya Pitaka	Bu Pj 1:4.18	https://suttacentral.net/pli-tv-bu-vb-pj1		place	word	attested		SuttaCentral bilara-data Mahāsaṅgīti Pāli (CC0); names from DPPN, SuttaCentral sc-data edition	0.85
Hatthaka	slug:buddhist:hatthaka-1	Hatthaka, a monk (DPPN Hatthaka 1)	boy	Hatthaka	Hatthaka	Pali	Buddhist	Theravada	Pali Canon	Vinaya Pitaka	Bu Pc 1:1.2	https://suttacentral.net/pli-tv-bu-vb-pc1		disciple	personal	attested		SuttaCentral bilara-data Mahāsaṅgīti Pāli (CC0); names from DPPN, SuttaCentral sc-data edition	0.85
Hatthaka	slug:buddhist:hatthaka-2	Hatthaka, an eminent lay disciple of the Buddha declared foremost among those… (DPPN Hatthaka 2)	boy	Hatthaka	Hatthaka	Pali	Buddhist	Theravada	Pali Canon	Anguttara Nikaya	AN 1.251:1.1	https://suttacentral.net/an1.248-257		disciple	personal	attested		SuttaCentral bilara-data Mahāsaṅgīti Pāli (CC0); names from DPPN, SuttaCentral sc-data edition	0.85
Alavaka	slug:buddhist:hatthaka-2	Hatthaka, an eminent lay disciple of the Buddha declared foremost among those… (DPPN Hatthaka 2)	boy	Āḷavaka	Āḷavaka	Pali	Buddhist	Theravada	Pali Canon	Anguttara Nikaya	AN 1.251:1.1	https://suttacentral.net/an1.248-257		disciple	epithet	attested	epithet of Hatthaka	SuttaCentral bilara-data Mahāsaṅgīti Pāli (CC0); names from DPPN, SuttaCentral sc-data edition	0.85
Hattharoha	slug:buddhist:hatthaaroha	Hatthāroha, a headman of Rājagaha who visited the Buddha and asked him what…	boy	Hatthāroha	Hatthāroha	Pali	Buddhist	Theravada	Pali Canon	Samyutta Nikaya	SN 42.4:1.1	https://suttacentral.net/sn42.4		human	personal	attested		SuttaCentral bilara-data Mahāsaṅgīti Pāli (CC0); names from DPPN, SuttaCentral sc-data edition	0.85
Hattharohaputta	slug:buddhist:hatthaarohaputta	Hatthārohaputta, a monk whose Theragāthā verse speaks of taming this mind like an…	boy	Hatthārohaputta	Hatthārohaputta	Pali	Buddhist	Theravada	Pali Canon	Theragatha	Thag 1.77:1.5	https://suttacentral.net/thag1.77		disciple	personal	attested		SuttaCentral bilara-data Mahāsaṅgīti Pāli (CC0); names from DPPN, SuttaCentral sc-data edition	0.85
Gonaddha	slug:buddhist:gonaddha	Gonaddha, town		Gonaddha	Gonaddha	Pali	Buddhist	Theravada	Pali Canon	Sutta Nipata	Snp 5.1:36.3	https://suttacentral.net/snp5.1	2	place	word	attested		SuttaCentral bilara-data Mahāsaṅgīti Pāli (CC0); names from DPPN, SuttaCentral sc-data edition	0.95
Hatthipala	slug:buddhist:hatthipaala	Hatthipāla, a teacher of old, with a following of many hundred disciples to whom…	boy	Hatthipāla	Hatthipāla	Pali	Buddhist	Theravada	Pali Canon	Anguttara Nikaya	AN 6.54:17.1	https://suttacentral.net/an6.54	4	human	personal	attested		SuttaCentral bilara-data Mahāsaṅgīti Pāli (CC0); names from DPPN, SuttaCentral sc-data edition	0.95
Haliddavasana	slug:buddhist:haliddavasana	Haliddavasana, town		Haliddavasana	Haliddavasana	Pali	Buddhist	Theravada	Pali Canon	Majjhima Nikaya	MN 57:1.2	https://suttacentral.net/mn57	7	place	word	attested		SuttaCentral bilara-data Mahāsaṅgīti Pāli (CC0); names from DPPN, SuttaCentral sc-data edition	0.85
Haragaja	slug:buddhist:haaragajaa	Hāragajā, a class of devas present at the preaching of the Mahāsamaya Sutta		Hāragajā	Hāragajā	Pali	Buddhist	Theravada	Pali Canon	Digha Nikaya	DN 20:17.5	https://suttacentral.net/dn20	1	mythological_being	word	attested		SuttaCentral bilara-data Mahāsaṅgīti Pāli (CC0); names from DPPN, SuttaCentral sc-data edition	0.95
Harita	slug:buddhist:haarita-1	Hārita, a Mahā Brahmā who was present at the preaching of the Mahāsamaya… (DPPN Hārita 1)	boy	Hārita	Hārita	Pali	Buddhist	Theravada	Pali Canon	Digha Nikaya	DN 20:20.12	https://suttacentral.net/dn20		deity	divine	attested		SuttaCentral bilara-data Mahāsaṅgīti Pāli (CC0); names from DPPN, SuttaCentral sc-data edition	0.85
Harita	slug:buddhist:haarita-2	Hārita, a monk whose Theragāthā verse speaks of making body and mind straight (DPPN Hārita 2)	boy	Hārita	Hārita	Pali	Buddhist	Theravada	Pali Canon	Theragatha	Thag 1.29:1.4	https://suttacentral.net/thag1.29		disciple	personal	attested		SuttaCentral bilara-data Mahāsaṅgīti Pāli (CC0); names from DPPN, SuttaCentral sc-data edition	0.85
Harita	slug:buddhist:haarita-3	Hārita, a monk whose Theragāthā verses speak of doing what is good, and the… (DPPN Hārita 3)	boy	Hārita	Hārita	Pali	Buddhist	Theravada	Pali Canon	Theragatha	Thag 3.15:3.5	https://suttacentral.net/thag3.15		disciple	personal	attested		SuttaCentral bilara-data Mahāsaṅgīti Pāli (CC0); names from DPPN, SuttaCentral sc-data edition	0.85
Haliddakani	slug:buddhist:haaliddakaani	Hāliddakāni, an eminent lay disciple of Avanti	boy	Hāliddakāni	Hāliddakāni	Pali	Buddhist	Theravada	Pali Canon	Mahaniddesa	Mnd 9:70.1	https://suttacentral.net/mnd9	2	disciple	personal	attested		SuttaCentral bilara-data Mahāsaṅgīti Pāli (CC0); names from DPPN, SuttaCentral sc-data edition	0.85
Hinga	slug:buddhist:hinga	Hiṅga, a Pacceka Buddha		Hiṅga	Hiṅga	Pali	Buddhist	Theravada	Pali Canon	Majjhima Nikaya	MN 116:6.4	https://suttacentral.net/mn116	1	sage	personal	attested		SuttaCentral bilara-data Mahāsaṅgīti Pāli (CC0); names from DPPN, SuttaCentral sc-data edition	0.95
Hingu	slug:buddhist:hinguu	Hiṅgū, a Pacceka Buddha		Hiṅgū	Hiṅgū	Pali	Buddhist	Theravada	Pali Canon	Majjhima Nikaya	MN 116:6.4	https://suttacentral.net/mn116	2	sage	personal	attested		SuttaCentral bilara-data Mahāsaṅgīti Pāli (CC0); names from DPPN, SuttaCentral sc-data edition	0.95
Himava	slug:buddhist:himavaa	Himavā, region		Himavā	Himavā	Pali	Buddhist	Theravada	Pali Canon	Majjhima Nikaya	MN 129:9.3	https://suttacentral.net/mn129	20	place	word	attested		SuttaCentral bilara-data Mahāsaṅgīti Pāli (CC0); names from DPPN, SuttaCentral sc-data edition	0.95
Himavanta	slug:buddhist:himavaa	Himavā, region		Himavanta	Himavanta	Pali	Buddhist	Theravada	Pali Canon	Digha Nikaya	DN 14:1.35.2	https://suttacentral.net/dn14	74	place	word	attested	another name of Himavā	SuttaCentral bilara-data Mahāsaṅgīti Pāli (CC0); names from DPPN, SuttaCentral sc-data edition	0.95
Hirannavati	slug:buddhist:hirannavatii	Hiraññavatī, river		Hiraññavatī	Hiraññavatī	Pali	Buddhist	Theravada	Pali Canon	Digha Nikaya	DN 16:5.1.2	https://suttacentral.net/dn16	2	place	word	attested		SuttaCentral bilara-data Mahāsaṅgīti Pāli (CC0); names from DPPN, SuttaCentral sc-data edition	0.95
Hiri	slug:buddhist:hiri	Hiri, a Yakkha chieftain to be invoked in time of need by followers of the…	boy	Hiri	Hiri	Pali	Buddhist	Theravada	Pali Canon	Digha Nikaya	DN 32:10.15	https://suttacentral.net/dn32		mythological_being	personal	attested		SuttaCentral bilara-data Mahāsaṅgīti Pāli (CC0); names from DPPN, SuttaCentral sc-data edition	0.85
Hemaka	slug:buddhist:hemaka	Hemaka, one of Bāvarī’s disciples	boy	Hemaka	Hemaka	Pali	Buddhist	Theravada	Pali Canon	Sutta Nipata	Snp 5.1:32.2	https://suttacentral.net/snp5.1	21	disciple	personal	attested		SuttaCentral bilara-data Mahāsaṅgīti Pāli (CC0); names from DPPN, SuttaCentral sc-data edition	0.95
Hemavata	slug:buddhist:hemavata	Hemavata, a Yakkha chief, to be invoked by followers of the Buddha in time of…	boy	Hemavata	Hemavata	Pali	Buddhist	Theravada	Pali Canon	Digha Nikaya	DN 20:7.7	https://suttacentral.net/dn20		mythological_being	personal	attested		SuttaCentral bilara-data Mahāsaṅgīti Pāli (CC0); names from DPPN, SuttaCentral sc-data edition	0.85
Herannakani	slug:buddhist:herannakaani	Heraññakāni, a monk whose Theragāthā verses speak of the impermanence of life, and…	boy	Heraññakāni	Heraññakāni	Pali	Buddhist	Theravada	Pali Canon	Theragatha	Thag 2.20:3.2	https://suttacentral.net/thag2.20	1	disciple	personal	attested		SuttaCentral bilara-data Mahāsaṅgīti Pāli (CC0); names from DPPN, SuttaCentral sc-data edition	0.85
Siddhattha	Q9441	Gotama, the Buddha	boy	Siddhattha	Siddhattha	Pali	Buddhist	Theravada	Pali Canon			https://suttacentral.net/define/gotama		sage	personal	related	personal name of Gotama given by DPPN (commentarial); Pali form of Sanskrit Siddhārtha; the Siddhattha of the canonical verses (Bv, Ap) is a Buddha of the past	SuttaCentral bilara-data Mahāsaṅgīti Pāli (CC0); names from DPPN, SuttaCentral sc-data edition; Wikidata (CC0)	0.7
Metteyya	Q193461	Metteyya, the future Buddha	boy	Metteyya	Metteyya	Pali	Buddhist	Theravada	Pali Canon	Digha Nikaya	DN 26:25.1	https://suttacentral.net/dn26		bodhisattva	personal	attested	Pali form of Sanskrit Maitreya	SuttaCentral bilara-data Mahāsaṅgīti Pāli (CC0); curated; Wikidata (CC0)	0.9
Vessabhu	Q7923332	Vessabhū, Buddha of the past		Vessabhū	Vessabhū	Pali	Buddhist	Theravada	Pali Canon	Digha Nikaya	DN 14:1.4.3	https://suttacentral.net/dn14		sage	personal	attested	Pali form of Sanskrit Viśvabhū	SuttaCentral bilara-data Mahāsaṅgīti Pāli (CC0); curated; Wikidata (CC0)	0.9
Dipankara	Q1227131	Dīpaṅkara, Buddha of the past		Dīpaṅkara	Dīpaṅkara	Pali	Buddhist	Theravada	Pali Canon	Apadana	Tha Ap 491:1.1	https://suttacentral.net/tha-ap491	32	sage	personal	attested	Pali form of Sanskrit Dīpaṃkara	SuttaCentral bilara-data Mahāsaṅgīti Pāli (CC0); curated; Wikidata (CC0)	0.9
Siddhattha	slug:buddhist:siddhattha-past-buddha	Siddhattha, Buddha of the past (Bv 17)		Siddhattha	Siddhattha	Pali	Buddhist	Theravada	Pali Canon	Buddhavamsa	Bv 18:1.2	https://suttacentral.net/bv18	90	sage	personal	attested	Pali form of Sanskrit Siddhārtha	SuttaCentral bilara-data Mahāsaṅgīti Pāli (CC0); curated	0.9
Shakyamuni	Q9441	Gotama, the Buddha	boy	शाक्यमुनि	Śākyamuni	Sanskrit	Buddhist	Mahayana	Lotus Sutra	Chapter 7 (pūrvayogaparivartaḥ)	Lotus Sutra ch. 7	https://gretil.sub.uni-goettingen.de/gretil/corpustei/transformations/html/sa_saddharmapuNDarIkasUtra.htm	71	sage	epithet	attested	epithet of the Buddha Gautama (Pali Sakyamunī)	GRETIL, Saddharmapuṇḍarīkasūtra, ed. P.L. Vaidya 1960 (CC BY-NC-SA 4.0); Wikidata (CC0)	0.95
Shakyamuni	Q9441	Gotama, the Buddha	boy	शाक्यमुनि	Śākyamuni	Sanskrit	Buddhist	Mahayana	Diamond Sutra	Vajracchedikā	Vajracchedikā, Vaidya p. 84	https://gretil.sub.uni-goettingen.de/gretil/corpustei/transformations/html/sa_vajracchedikA-prajJApAramitA.htm	2	sage	epithet	attested	epithet of the Buddha Gautama (Pali Sakyamunī)	GRETIL, Vajracchedikā Prajñāpāramitā, ed. P.L. Vaidya 1961 (CC BY-NC-SA 4.0); Wikidata (CC0)	0.95
Shakyamuni	Q9441	Gotama, the Buddha	boy	शाक्यमुनि	Śākyamuni	Sanskrit	Buddhist	Mahayana	Larger Sukhavativyuha	Sukhāvatīvyūha	Sukhāvatīvyūha p. 56	https://gretil.sub.uni-goettingen.de/gretil/corpustei/transformations/html/sa_sukhAvatIvyUha.htm	1	sage	epithet	attested	epithet of the Buddha Gautama (Pali Sakyamunī)	GRETIL, Sukhāvatīvyūha (larger) (CC BY-NC-SA 4.0); Wikidata (CC0)	0.95
Shakyamuni	Q9441	Gotama, the Buddha	boy	शाक्यमुनि	Śākyamuni	Sanskrit	Buddhist	Mahayana	Smaller Sukhavativyuha	Sukhāvatīvyūha (smaller)	Smaller Sukhāvatīvyūha §18	https://gretil.sub.uni-goettingen.de/gretil/corpustei/transformations/html/sa_smaller-sukhAvatIvyUha.htm	1	sage	epithet	attested	epithet of the Buddha Gautama (Pali Sakyamunī)	GRETIL, Sukhāvatīvyūha (smaller) (CC BY-NC-SA 4.0); Wikidata (CC0)	0.95
Shakyamuni	Q9441	Gotama, the Buddha	boy	शाक्यमुनि	Śākyamuni	Sanskrit	Buddhist	Mahayana	Vimalakirti Nirdesha	Chapter 1	Vimalakīrtinirdeśa 1.15	https://gretil.sub.uni-goettingen.de/gretil/corpustei/transformations/html/sa_vimalakIrtinirdeza.htm	9	sage	epithet	attested	epithet of the Buddha Gautama (Pali Sakyamunī)	GRETIL, Vimalakīrtinirdeśa, Taisho University 2006 (Potala manuscript) (CC BY-NC-SA 4.0); Wikidata (CC0)	0.95
Avalokiteshvara	Q193849	Avalokiteśvara, bodhisattva		अवलोकितेश्वर	Avalokiteśvara	Sanskrit	Buddhist	Mahayana	Lotus Sutra	Chapter 1 (nidānaparivartaḥ)	Lotus Sutra ch. 1	https://gretil.sub.uni-goettingen.de/gretil/corpustei/transformations/html/sa_saddharmapuNDarIkasUtra.htm	60	bodhisattva	personal	attested		GRETIL, Saddharmapuṇḍarīkasūtra, ed. P.L. Vaidya 1960 (CC BY-NC-SA 4.0); Wikidata (CC0)	0.95
Avalokiteshvara	Q193849	Avalokiteśvara, bodhisattva		अवलोकितेश्वर	Avalokiteśvara	Sanskrit	Buddhist	Mahayana	Heart Sutra	Prajñāpāramitāhṛdaya	Heart Sutra	https://gretil.sub.uni-goettingen.de/gretil/corpustei/transformations/html/sa_prajJApAramitAhRdayasUtra.htm	1	bodhisattva	personal	attested		GRETIL, Prajñāpāramitāhṛdayasūtra (CC BY-NC-SA 4.0); Wikidata (CC0)	0.95
Avalokiteshvara	Q193849	Avalokiteśvara, bodhisattva		अवलोकितेश्वर	Avalokiteśvara	Sanskrit	Buddhist	Mahayana	Larger Sukhavativyuha	Sukhāvatīvyūha	Sukhāvatīvyūha p. 46	https://gretil.sub.uni-goettingen.de/gretil/corpustei/transformations/html/sa_sukhAvatIvyUha.htm	2	bodhisattva	personal	attested		GRETIL, Sukhāvatīvyūha (larger) (CC BY-NC-SA 4.0); Wikidata (CC0)	0.95
Avalokiteshvara	Q193849	Avalokiteśvara, bodhisattva		अवलोकितेश्वर	Avalokiteśvara	Sanskrit	Buddhist	Mahayana	Vimalakirti Nirdesha	Chapter 1	Vimalakīrtinirdeśa 1.4	https://gretil.sub.uni-goettingen.de/gretil/corpustei/transformations/html/sa_vimalakIrtinirdeza.htm	1	bodhisattva	personal	attested		GRETIL, Vimalakīrtinirdeśa, Taisho University 2006 (Potala manuscript) (CC BY-NC-SA 4.0); Wikidata (CC0)	0.95
Manjushri	Q471696	Mañjuśrī, bodhisattva		मञ्जुश्री	Mañjuśrī	Sanskrit	Buddhist	Mahayana	Lotus Sutra	Chapter 1 (nidānaparivartaḥ)	Lotus Sutra ch. 1	https://gretil.sub.uni-goettingen.de/gretil/corpustei/transformations/html/sa_saddharmapuNDarIkasUtra.htm	66	bodhisattva	personal	attested		GRETIL, Saddharmapuṇḍarīkasūtra, ed. P.L. Vaidya 1960 (CC BY-NC-SA 4.0); Wikidata (CC0)	0.95
Manjushri	Q471696	Mañjuśrī, bodhisattva		मञ्जुश्री	Mañjuśrī	Sanskrit	Buddhist	Mahayana	Vimalakirti Nirdesha	Chapter 1	Vimalakīrtinirdeśa 1.4	https://gretil.sub.uni-goettingen.de/gretil/corpustei/transformations/html/sa_vimalakIrtinirdeza.htm	99	bodhisattva	personal	attested		GRETIL, Vimalakīrtinirdeśa, Taisho University 2006 (Potala manuscript) (CC BY-NC-SA 4.0); Wikidata (CC0)	0.95
Amitabha	Q236242	Amitābha Buddha	boy	अमिताभ	Amitābha	Sanskrit	Buddhist	Mahayana	Lotus Sutra	Chapter 24 (samantamukhaparivartaḥ)	Lotus Sutra ch. 24	https://gretil.sub.uni-goettingen.de/gretil/corpustei/transformations/html/sa_saddharmapuNDarIkasUtra.htm	3	sage	personal	attested		GRETIL, Saddharmapuṇḍarīkasūtra, ed. P.L. Vaidya 1960 (CC BY-NC-SA 4.0); Wikidata (CC0)	0.95
Amitabha	Q236242	Amitābha Buddha	boy	अमिताभ	Amitābha	Sanskrit	Buddhist	Mahayana	Larger Sukhavativyuha	Sukhāvatīvyūha	Sukhāvatīvyūha p. 1	https://gretil.sub.uni-goettingen.de/gretil/corpustei/transformations/html/sa_sukhAvatIvyUha.htm	30	sage	personal	attested		GRETIL, Sukhāvatīvyūha (larger) (CC BY-NC-SA 4.0); Wikidata (CC0)	0.95
Amitabha	Q236242	Amitābha Buddha	boy	अमिताभ	Amitābha	Sanskrit	Buddhist	Mahayana	Smaller Sukhavativyuha	Sukhāvatīvyūha (smaller)	Smaller Sukhāvatīvyūha §9	https://gretil.sub.uni-goettingen.de/gretil/corpustei/transformations/html/sa_smaller-sukhAvatIvyUha.htm	2	sage	personal	attested		GRETIL, Sukhāvatīvyūha (smaller) (CC BY-NC-SA 4.0); Wikidata (CC0)	0.95
Amitabha	Q236242	Amitābha Buddha	boy	अमिताभ	Amitābha	Sanskrit	Buddhist	Mahayana	Vimalakirti Nirdesha	Chapter 6	Vimalakīrtinirdeśa 6.13	https://gretil.sub.uni-goettingen.de/gretil/corpustei/transformations/html/sa_vimalakIrtinirdeza.htm	1	sage	personal	attested		GRETIL, Vimalakīrtinirdeśa, Taisho University 2006 (Potala manuscript) (CC BY-NC-SA 4.0); Wikidata (CC0)	0.95
Amitayus	Q236242	Amitābha Buddha	boy	अमितायुस्	Amitāyus	Sanskrit	Buddhist	Mahayana	Lotus Sutra	Chapter 22 (bhaiṣajyarājapūrvayogaparivartaḥ)	Lotus Sutra ch. 22	https://gretil.sub.uni-goettingen.de/gretil/corpustei/transformations/html/sa_saddharmapuNDarIkasUtra.htm	1	sage	epithet	attested	another name of Amitābha	GRETIL, Saddharmapuṇḍarīkasūtra, ed. P.L. Vaidya 1960 (CC BY-NC-SA 4.0); Wikidata (CC0)	0.95
Amitayus	Q236242	Amitābha Buddha	boy	अमितायुस्	Amitāyus	Sanskrit	Buddhist	Mahayana	Larger Sukhavativyuha	Sukhāvatīvyūha	Sukhāvatīvyūha p. 44	https://gretil.sub.uni-goettingen.de/gretil/corpustei/transformations/html/sa_sukhAvatIvyUha.htm	7	sage	epithet	attested	another name of Amitābha	GRETIL, Sukhāvatīvyūha (larger) (CC BY-NC-SA 4.0); Wikidata (CC0)	0.95
Amitayus	Q236242	Amitābha Buddha	boy	अमितायुस्	Amitāyus	Sanskrit	Buddhist	Mahayana	Smaller Sukhavativyuha	Sukhāvatīvyūha (smaller)	Smaller Sukhāvatīvyūha §13	https://gretil.sub.uni-goettingen.de/gretil/corpustei/transformations/html/sa_smaller-sukhAvatIvyUha.htm	1	sage	epithet	attested	another name of Amitābha	GRETIL, Sukhāvatīvyūha (smaller) (CC BY-NC-SA 4.0); Wikidata (CC0)	0.95
Maitreya	Q193461	Maitreya, the future Buddha	boy	मैत्रेय	Maitreya	Sanskrit	Buddhist	Mahayana	Lotus Sutra	Chapter 1 (nidānaparivartaḥ)	Lotus Sutra ch. 1	https://gretil.sub.uni-goettingen.de/gretil/corpustei/transformations/html/sa_saddharmapuNDarIkasUtra.htm	24	bodhisattva	personal	attested	Sanskrit form of Pali Metteyya	GRETIL, Saddharmapuṇḍarīkasūtra, ed. P.L. Vaidya 1960 (CC BY-NC-SA 4.0); Wikidata (CC0)	0.95
Maitreya	Q193461	Maitreya, the future Buddha	boy	मैत्रेय	Maitreya	Sanskrit	Buddhist	Mahayana	Larger Sukhavativyuha	Sukhāvatīvyūha	Sukhāvatīvyūha p. 2	https://gretil.sub.uni-goettingen.de/gretil/corpustei/transformations/html/sa_sukhAvatIvyUha.htm	1	bodhisattva	personal	attested	Sanskrit form of Pali Metteyya	GRETIL, Sukhāvatīvyūha (larger) (CC BY-NC-SA 4.0); Wikidata (CC0)	0.95
Maitreya	Q193461	Maitreya, the future Buddha	boy	मैत्रेय	Maitreya	Sanskrit	Buddhist	Mahayana	Vimalakirti Nirdesha	Chapter 1	Vimalakīrtinirdeśa 1.4	https://gretil.sub.uni-goettingen.de/gretil/corpustei/transformations/html/sa_vimalakIrtinirdeza.htm	28	bodhisattva	personal	attested	Sanskrit form of Pali Metteyya	GRETIL, Vimalakīrtinirdeśa, Taisho University 2006 (Potala manuscript) (CC BY-NC-SA 4.0); Wikidata (CC0)	0.95
Ajita	Q193461	Maitreya, the future Buddha	boy	अजित	Ajita	Sanskrit	Buddhist	Mahayana	Lotus Sutra	Chapter 1 (nidānaparivartaḥ)	Lotus Sutra ch. 1	https://gretil.sub.uni-goettingen.de/gretil/corpustei/transformations/html/sa_saddharmapuNDarIkasUtra.htm	41	bodhisattva	epithet	attested	epithet of Maitreya	GRETIL, Saddharmapuṇḍarīkasūtra, ed. P.L. Vaidya 1960 (CC BY-NC-SA 4.0); Wikidata (CC0)	0.85
Ajita	Q193461	Maitreya, the future Buddha	boy	अजित	Ajita	Sanskrit	Buddhist	Mahayana	Larger Sukhavativyuha	Sukhāvatīvyūha	Sukhāvatīvyūha p. 57	https://gretil.sub.uni-goettingen.de/gretil/corpustei/transformations/html/sa_sukhAvatIvyUha.htm	9	bodhisattva	epithet	attested	epithet of Maitreya	GRETIL, Sukhāvatīvyūha (larger) (CC BY-NC-SA 4.0); Wikidata (CC0)	0.85
Samantabhadra	Q868306	Samantabhadra, bodhisattva		समन्तभद्र	Samantabhadra	Sanskrit	Buddhist	Mahayana	Lotus Sutra	Chapter 26 (samantabhadrotsāhanaparivartaḥ)	Lotus Sutra ch. 26	https://gretil.sub.uni-goettingen.de/gretil/corpustei/transformations/html/sa_saddharmapuNDarIkasUtra.htm	19	bodhisattva	personal	attested		GRETIL, Saddharmapuṇḍarīkasūtra, ed. P.L. Vaidya 1960 (CC BY-NC-SA 4.0); Wikidata (CC0)	0.95
Samantabhadra	Q868306	Samantabhadra, bodhisattva		समन्तभद्र	Samantabhadra	Sanskrit	Buddhist	Mahayana	Larger Sukhavativyuha	Sukhāvatīvyūha	Sukhāvatīvyūha p. 14	https://gretil.sub.uni-goettingen.de/gretil/corpustei/transformations/html/sa_sukhAvatIvyUha.htm	1	bodhisattva	personal	attested		GRETIL, Sukhāvatīvyūha (larger) (CC BY-NC-SA 4.0); Wikidata (CC0)	0.95
Vimalakirti	Q2502143	Vimalakīrti, Licchavi layman	boy	विमलकीर्ति	Vimalakīrti	Sanskrit	Buddhist	Mahayana	Vimalakirti Nirdesha	Chapter 2	Vimalakīrtinirdeśa 2.1	https://gretil.sub.uni-goettingen.de/gretil/corpustei/transformations/html/sa_vimalakIrtinirdeza.htm	112	human	personal	attested		GRETIL, Vimalakīrtinirdeśa, Taisho University 2006 (Potala manuscript) (CC BY-NC-SA 4.0); Wikidata (CC0)	0.95
Subhuti	Q1144771	Subhūti, disciple	boy	सुभूति	Subhūti	Sanskrit	Buddhist	Mahayana	Lotus Sutra	Chapter 1 (nidānaparivartaḥ)	Lotus Sutra ch. 1	https://gretil.sub.uni-goettingen.de/gretil/corpustei/transformations/html/sa_saddharmapuNDarIkasUtra.htm	1	disciple	personal	attested	Sanskrit form of Pali Subhūti	GRETIL, Saddharmapuṇḍarīkasūtra, ed. P.L. Vaidya 1960 (CC BY-NC-SA 4.0); Wikidata (CC0)	0.95
Subhuti	Q1144771	Subhūti, disciple	boy	सुभूति	Subhūti	Sanskrit	Buddhist	Mahayana	Diamond Sutra	Vajracchedikā	Vajracchedikā, Vaidya p. 75	https://gretil.sub.uni-goettingen.de/gretil/corpustei/transformations/html/sa_vajracchedikA-prajJApAramitA.htm	175	disciple	personal	attested	Sanskrit form of Pali Subhūti	GRETIL, Vajracchedikā Prajñāpāramitā, ed. P.L. Vaidya 1961 (CC BY-NC-SA 4.0); Wikidata (CC0)	0.95
Subhuti	Q1144771	Subhūti, disciple	boy	सुभूति	Subhūti	Sanskrit	Buddhist	Mahayana	Larger Sukhavativyuha	Sukhāvatīvyūha	Sukhāvatīvyūha p. 2	https://gretil.sub.uni-goettingen.de/gretil/corpustei/transformations/html/sa_sukhAvatIvyUha.htm	1	disciple	personal	attested	Sanskrit form of Pali Subhūti	GRETIL, Sukhāvatīvyūha (larger) (CC BY-NC-SA 4.0); Wikidata (CC0)	0.95
Subhuti	Q1144771	Subhūti, disciple	boy	सुभूति	Subhūti	Sanskrit	Buddhist	Mahayana	Vimalakirti Nirdesha	Chapter 3	Vimalakīrtinirdeśa 3.15	https://gretil.sub.uni-goettingen.de/gretil/corpustei/transformations/html/sa_vimalakIrtinirdeza.htm	9	disciple	personal	attested	Sanskrit form of Pali Subhūti	GRETIL, Vimalakīrtinirdeśa, Taisho University 2006 (Potala manuscript) (CC BY-NC-SA 4.0); Wikidata (CC0)	0.95
Shariputra	Q320142	Sāriputta, chief disciple	boy	शारिपुत्र	Śāriputra	Sanskrit	Buddhist	Mahayana	Lotus Sutra	Chapter 1 (nidānaparivartaḥ)	Lotus Sutra ch. 1	https://gretil.sub.uni-goettingen.de/gretil/corpustei/transformations/html/sa_saddharmapuNDarIkasUtra.htm	144	disciple	personal	attested	Sanskrit form of Pali Sāriputta	GRETIL, Saddharmapuṇḍarīkasūtra, ed. P.L. Vaidya 1960 (CC BY-NC-SA 4.0); Wikidata (CC0)	0.95
Shariputra	Q320142	Sāriputta, chief disciple	boy	शारिपुत्र	Śāriputra	Sanskrit	Buddhist	Mahayana	Heart Sutra	Prajñāpāramitāhṛdaya	Heart Sutra	https://gretil.sub.uni-goettingen.de/gretil/corpustei/transformations/html/sa_prajJApAramitAhRdayasUtra.htm	4	disciple	personal	attested	Sanskrit form of Pali Sāriputta	GRETIL, Prajñāpāramitāhṛdayasūtra (CC BY-NC-SA 4.0); Wikidata (CC0)	0.95
Shariputra	Q320142	Sāriputta, chief disciple	boy	शारिपुत्र	Śāriputra	Sanskrit	Buddhist	Mahayana	Larger Sukhavativyuha	Sukhāvatīvyūha	Sukhāvatīvyūha p. 2	https://gretil.sub.uni-goettingen.de/gretil/corpustei/transformations/html/sa_sukhAvatIvyUha.htm	1	disciple	personal	attested	Sanskrit form of Pali Sāriputta	GRETIL, Sukhāvatīvyūha (larger) (CC BY-NC-SA 4.0); Wikidata (CC0)	0.95
Shariputra	Q320142	Sāriputta, chief disciple	boy	शारिपुत्र	Śāriputra	Sanskrit	Buddhist	Mahayana	Smaller Sukhavativyuha	Sukhāvatīvyūha (smaller)	Smaller Sukhāvatīvyūha §1	https://gretil.sub.uni-goettingen.de/gretil/corpustei/transformations/html/sa_smaller-sukhAvatIvyUha.htm	49	disciple	personal	attested	Sanskrit form of Pali Sāriputta	GRETIL, Sukhāvatīvyūha (smaller) (CC BY-NC-SA 4.0); Wikidata (CC0)	0.95
Shariputra	Q320142	Sāriputta, chief disciple	boy	शारिपुत्र	Śāriputra	Sanskrit	Buddhist	Mahayana	Vimalakirti Nirdesha	Chapter 1	Vimalakīrtinirdeśa 1.15	https://gretil.sub.uni-goettingen.de/gretil/corpustei/transformations/html/sa_vimalakIrtinirdeza.htm	106	disciple	personal	attested	Sanskrit form of Pali Sāriputta	GRETIL, Vimalakīrtinirdeśa, Taisho University 2006 (Potala manuscript) (CC BY-NC-SA 4.0); Wikidata (CC0)	0.95
Mahamaudgalyayana	Q379814	Mahāmoggallāna, chief disciple	boy	महामौद्गल्यायन	Mahāmaudgalyāyana	Sanskrit	Buddhist	Mahayana	Lotus Sutra	Chapter 1 (nidānaparivartaḥ)	Lotus Sutra ch. 1	https://gretil.sub.uni-goettingen.de/gretil/corpustei/transformations/html/sa_saddharmapuNDarIkasUtra.htm	4	disciple	personal	attested	Sanskrit form of Pali Mahāmoggallāna	GRETIL, Saddharmapuṇḍarīkasūtra, ed. P.L. Vaidya 1960 (CC BY-NC-SA 4.0); Wikidata (CC0)	0.95
Mahamaudgalyayana	Q379814	Mahāmoggallāna, chief disciple	boy	महामौद्गल्यायन	Mahāmaudgalyāyana	Sanskrit	Buddhist	Mahayana	Larger Sukhavativyuha	Sukhāvatīvyūha	Sukhāvatīvyūha p. 2	https://gretil.sub.uni-goettingen.de/gretil/corpustei/transformations/html/sa_sukhAvatIvyUha.htm	3	disciple	personal	attested	Sanskrit form of Pali Mahāmoggallāna	GRETIL, Sukhāvatīvyūha (larger) (CC BY-NC-SA 4.0); Wikidata (CC0)	0.95
Mahamaudgalyayana	Q379814	Mahāmoggallāna, chief disciple	boy	महामौद्गल्यायन	Mahāmaudgalyāyana	Sanskrit	Buddhist	Mahayana	Smaller Sukhavativyuha	Sukhāvatīvyūha (smaller)	Smaller Sukhāvatīvyūha §1	https://gretil.sub.uni-goettingen.de/gretil/corpustei/transformations/html/sa_smaller-sukhAvatIvyUha.htm	1	disciple	personal	attested	Sanskrit form of Pali Mahāmoggallāna	GRETIL, Sukhāvatīvyūha (smaller) (CC BY-NC-SA 4.0); Wikidata (CC0)	0.95
Mahamaudgalyayana	Q379814	Mahāmoggallāna, chief disciple	boy	महामौद्गल्यायन	Mahāmaudgalyāyana	Sanskrit	Buddhist	Mahayana	Vimalakirti Nirdesha	Chapter 3	Vimalakīrtinirdeśa 3.5	https://gretil.sub.uni-goettingen.de/gretil/corpustei/transformations/html/sa_vimalakIrtinirdeza.htm	9	disciple	personal	attested	Sanskrit form of Pali Mahāmoggallāna	GRETIL, Vimalakīrtinirdeśa, Taisho University 2006 (Potala manuscript) (CC BY-NC-SA 4.0); Wikidata (CC0)	0.95
Mahakashyapa	Q335304	Mahākassapa, disciple	boy	महाकाश्यप	Mahākāśyapa	Sanskrit	Buddhist	Mahayana	Lotus Sutra	Chapter 1 (nidānaparivartaḥ)	Lotus Sutra ch. 1	https://gretil.sub.uni-goettingen.de/gretil/corpustei/transformations/html/sa_saddharmapuNDarIkasUtra.htm	9	disciple	personal	attested	Sanskrit form of Pali Mahākassapa	GRETIL, Saddharmapuṇḍarīkasūtra, ed. P.L. Vaidya 1960 (CC BY-NC-SA 4.0); Wikidata (CC0)	0.95
Mahakashyapa	Q335304	Mahākassapa, disciple	boy	महाकाश्यप	Mahākāśyapa	Sanskrit	Buddhist	Mahayana	Larger Sukhavativyuha	Sukhāvatīvyūha	Sukhāvatīvyūha p. 2	https://gretil.sub.uni-goettingen.de/gretil/corpustei/transformations/html/sa_sukhAvatIvyUha.htm	1	disciple	personal	attested	Sanskrit form of Pali Mahākassapa	GRETIL, Sukhāvatīvyūha (larger) (CC BY-NC-SA 4.0); Wikidata (CC0)	0.95
Mahakashyapa	Q335304	Mahākassapa, disciple	boy	महाकाश्यप	Mahākāśyapa	Sanskrit	Buddhist	Mahayana	Smaller Sukhavativyuha	Sukhāvatīvyūha (smaller)	Smaller Sukhāvatīvyūha §1	https://gretil.sub.uni-goettingen.de/gretil/corpustei/transformations/html/sa_smaller-sukhAvatIvyUha.htm	1	disciple	personal	attested	Sanskrit form of Pali Mahākassapa	GRETIL, Sukhāvatīvyūha (smaller) (CC BY-NC-SA 4.0); Wikidata (CC0)	0.95
Mahakashyapa	Q335304	Mahākassapa, disciple	boy	महाकाश्यप	Mahākāśyapa	Sanskrit	Buddhist	Mahayana	Vimalakirti Nirdesha	Chapter 3	Vimalakīrtinirdeśa 3.10	https://gretil.sub.uni-goettingen.de/gretil/corpustei/transformations/html/sa_vimalakIrtinirdeza.htm	19	disciple	personal	attested	Sanskrit form of Pali Mahākassapa	GRETIL, Vimalakīrtinirdeśa, Taisho University 2006 (Potala manuscript) (CC BY-NC-SA 4.0); Wikidata (CC0)	0.95
Mahakatyayana	Q44277	Mahākaccāna, disciple	boy	महाकात्यायन	Mahākātyāyana	Sanskrit	Buddhist	Mahayana	Lotus Sutra	Chapter 1 (nidānaparivartaḥ)	Lotus Sutra ch. 1	https://gretil.sub.uni-goettingen.de/gretil/corpustei/transformations/html/sa_saddharmapuNDarIkasUtra.htm	4	disciple	personal	attested	Sanskrit form of Pali Mahākaccāna	GRETIL, Saddharmapuṇḍarīkasūtra, ed. P.L. Vaidya 1960 (CC BY-NC-SA 4.0); Wikidata (CC0)	0.95
Mahakatyayana	Q44277	Mahākaccāna, disciple	boy	महाकात्यायन	Mahākātyāyana	Sanskrit	Buddhist	Mahayana	Smaller Sukhavativyuha	Sukhāvatīvyūha (smaller)	Smaller Sukhāvatīvyūha §1	https://gretil.sub.uni-goettingen.de/gretil/corpustei/transformations/html/sa_smaller-sukhAvatIvyUha.htm	1	disciple	personal	attested	Sanskrit form of Pali Mahākaccāna	GRETIL, Sukhāvatīvyūha (smaller) (CC BY-NC-SA 4.0); Wikidata (CC0)	0.95
Mahakatyayana	Q44277	Mahākaccāna, disciple	boy	महाकात्यायन	Mahākātyāyana	Sanskrit	Buddhist	Mahayana	Vimalakirti Nirdesha	Chapter 3	Vimalakīrtinirdeśa 3.26	https://gretil.sub.uni-goettingen.de/gretil/corpustei/transformations/html/sa_vimalakIrtinirdeza.htm	2	disciple	personal	attested	Sanskrit form of Pali Mahākaccāna	GRETIL, Vimalakīrtinirdeśa, Taisho University 2006 (Potala manuscript) (CC BY-NC-SA 4.0); Wikidata (CC0)	0.95
Purna Maitrayaniputra	slug:buddhist:punna-4	Puṇṇa Mantāniputta, disciple	boy	पूर्ण मैत्रायणीपुत्र	Pūrṇa Maitrāyaṇīputra	Sanskrit	Buddhist	Mahayana	Lotus Sutra	Chapter 1 (nidānaparivartaḥ)	Lotus Sutra ch. 1	https://gretil.sub.uni-goettingen.de/gretil/corpustei/transformations/html/sa_saddharmapuNDarIkasUtra.htm	6	disciple	personal	attested	Sanskrit form of Pali Puṇṇa Mantāniputta	GRETIL, Saddharmapuṇḍarīkasūtra, ed. P.L. Vaidya 1960 (CC BY-NC-SA 4.0)	0.95
Purna Maitrayaniputra	slug:buddhist:punna-4	Puṇṇa Mantāniputta, disciple	boy	पूर्ण मैत्रायणीपुत्र	Pūrṇa Maitrāyaṇīputra	Sanskrit	Buddhist	Mahayana	Larger Sukhavativyuha	Sukhāvatīvyūha	Sukhāvatīvyūha p. 2	https://gretil.sub.uni-goettingen.de/gretil/corpustei/transformations/html/sa_sukhAvatIvyUha.htm	1	disciple	personal	attested	Sanskrit form of Pali Puṇṇa Mantāniputta	GRETIL, Sukhāvatīvyūha (larger) (CC BY-NC-SA 4.0)	0.95
Purna Maitrayaniputra	slug:buddhist:punna-4	Puṇṇa Mantāniputta, disciple	boy	पूर्ण मैत्रायणीपुत्र	Pūrṇa Maitrāyaṇīputra	Sanskrit	Buddhist	Mahayana	Vimalakirti Nirdesha	Chapter 3	Vimalakīrtinirdeśa 3.21	https://gretil.sub.uni-goettingen.de/gretil/corpustei/transformations/html/sa_vimalakIrtinirdeza.htm	1	disciple	personal	attested	Sanskrit form of Pali Puṇṇa Mantāniputta	GRETIL, Vimalakīrtinirdeśa, Taisho University 2006 (Potala manuscript) (CC BY-NC-SA 4.0)	0.95
Ananda	Q28988	Ānanda, the Buddha's attendant	boy	आनन्द	Ānanda	Sanskrit	Buddhist	Mahayana	Lotus Sutra	Chapter 1 (nidānaparivartaḥ)	Lotus Sutra ch. 1	https://gretil.sub.uni-goettingen.de/gretil/corpustei/transformations/html/sa_saddharmapuNDarIkasUtra.htm	13	disciple	personal	attested	Sanskrit form of Pali Ānanda	GRETIL, Saddharmapuṇḍarīkasūtra, ed. P.L. Vaidya 1960 (CC BY-NC-SA 4.0); Wikidata (CC0)	0.85
Ananda	Q28988	Ānanda, the Buddha's attendant	boy	आनन्द	Ānanda	Sanskrit	Buddhist	Mahayana	Larger Sukhavativyuha	Sukhāvatīvyūha	Sukhāvatīvyūha p. 2	https://gretil.sub.uni-goettingen.de/gretil/corpustei/transformations/html/sa_sukhAvatIvyUha.htm	100	disciple	personal	attested	Sanskrit form of Pali Ānanda	GRETIL, Sukhāvatīvyūha (larger) (CC BY-NC-SA 4.0); Wikidata (CC0)	0.85
Ananda	Q28988	Ānanda, the Buddha's attendant	boy	आनन्द	Ānanda	Sanskrit	Buddhist	Mahayana	Vimalakirti Nirdesha	Chapter 3	Vimalakīrtinirdeśa 3.42	https://gretil.sub.uni-goettingen.de/gretil/corpustei/transformations/html/sa_vimalakIrtinirdeza.htm	47	disciple	personal	attested	Sanskrit form of Pali Ānanda	GRETIL, Vimalakīrtinirdeśa, Taisho University 2006 (Potala manuscript) (CC BY-NC-SA 4.0); Wikidata (CC0)	0.85
Rahula	Q218969	Rāhula, the Buddha's son	boy	राहुल	Rāhula	Sanskrit	Buddhist	Mahayana	Lotus Sutra	Chapter 1 (nidānaparivartaḥ)	Lotus Sutra ch. 1	https://gretil.sub.uni-goettingen.de/gretil/corpustei/transformations/html/sa_saddharmapuNDarIkasUtra.htm	10	disciple	personal	attested	Sanskrit form of Pali Rāhula	GRETIL, Saddharmapuṇḍarīkasūtra, ed. P.L. Vaidya 1960 (CC BY-NC-SA 4.0); Wikidata (CC0)	0.95
Rahula	Q218969	Rāhula, the Buddha's son	boy	राहुल	Rāhula	Sanskrit	Buddhist	Mahayana	Larger Sukhavativyuha	Sukhāvatīvyūha	Sukhāvatīvyūha p. 2	https://gretil.sub.uni-goettingen.de/gretil/corpustei/transformations/html/sa_sukhAvatIvyUha.htm	1	disciple	personal	attested	Sanskrit form of Pali Rāhula	GRETIL, Sukhāvatīvyūha (larger) (CC BY-NC-SA 4.0); Wikidata (CC0)	0.95
Rahula	Q218969	Rāhula, the Buddha's son	boy	राहुल	Rāhula	Sanskrit	Buddhist	Mahayana	Smaller Sukhavativyuha	Sukhāvatīvyūha (smaller)	Smaller Sukhāvatīvyūha §1	https://gretil.sub.uni-goettingen.de/gretil/corpustei/transformations/html/sa_smaller-sukhAvatIvyUha.htm	1	disciple	personal	attested	Sanskrit form of Pali Rāhula	GRETIL, Sukhāvatīvyūha (smaller) (CC BY-NC-SA 4.0); Wikidata (CC0)	0.95
Rahula	Q218969	Rāhula, the Buddha's son	boy	राहुल	Rāhula	Sanskrit	Buddhist	Mahayana	Vimalakirti Nirdesha	Chapter 3	Vimalakīrtinirdeśa 3.38	https://gretil.sub.uni-goettingen.de/gretil/corpustei/transformations/html/sa_vimalakIrtinirdeza.htm	7	disciple	personal	attested	Sanskrit form of Pali Rāhula	GRETIL, Vimalakīrtinirdeśa, Taisho University 2006 (Potala manuscript) (CC BY-NC-SA 4.0); Wikidata (CC0)	0.95
Yashodhara	Q466572	Yasodharā (Rāhulamātā), the Buddha's wife	girl	यशोधरा	Yaśodharā	Sanskrit	Buddhist	Mahayana	Lotus Sutra	Chapter 1 (nidānaparivartaḥ)	Lotus Sutra ch. 1	https://gretil.sub.uni-goettingen.de/gretil/corpustei/transformations/html/sa_saddharmapuNDarIkasUtra.htm	6	human	personal	attested	Sanskrit form of Pali Yasodharā	GRETIL, Saddharmapuṇḍarīkasūtra, ed. P.L. Vaidya 1960 (CC BY-NC-SA 4.0); Wikidata (CC0)	0.95
Mahaprajapati	Q613944	Mahāpajāpatī Gotamī, the Buddha's foster mother	girl	महाप्रजापती	Mahāprajāpatī	Sanskrit	Buddhist	Mahayana	Lotus Sutra	Chapter 1 (nidānaparivartaḥ)	Lotus Sutra ch. 1	https://gretil.sub.uni-goettingen.de/gretil/corpustei/transformations/html/sa_saddharmapuNDarIkasUtra.htm	4	disciple	personal	attested	Sanskrit form of Pali Mahāpajāpatī	GRETIL, Saddharmapuṇḍarīkasūtra, ed. P.L. Vaidya 1960 (CC BY-NC-SA 4.0); Wikidata (CC0)	0.95
Devadatta	Q451043	Devadatta, the Buddha's cousin	boy	देवदत्त	Devadatta	Sanskrit	Buddhist	Mahayana	Lotus Sutra	Chapter 11 (stūpasaṃdarśanaparivartaḥ)	Lotus Sutra ch. 11	https://gretil.sub.uni-goettingen.de/gretil/corpustei/transformations/html/sa_saddharmapuNDarIkasUtra.htm	5	disciple	personal	attested	Sanskrit form of Pali Devadatta	GRETIL, Saddharmapuṇḍarīkasūtra, ed. P.L. Vaidya 1960 (CC BY-NC-SA 4.0); Wikidata (CC0)	0.95
Aniruddha	Q3306373	Anuruddha, disciple and the Buddha's cousin	boy	अनिरुद्ध	Aniruddha	Sanskrit	Buddhist	Mahayana	Lotus Sutra	Chapter 1 (nidānaparivartaḥ)	Lotus Sutra ch. 1	https://gretil.sub.uni-goettingen.de/gretil/corpustei/transformations/html/sa_saddharmapuNDarIkasUtra.htm	2	disciple	personal	attested	Sanskrit form of Pali Anuruddha	GRETIL, Saddharmapuṇḍarīkasūtra, ed. P.L. Vaidya 1960 (CC BY-NC-SA 4.0); Wikidata (CC0)	0.85
Aniruddha	Q3306373	Anuruddha, disciple and the Buddha's cousin	boy	अनिरुद्ध	Aniruddha	Sanskrit	Buddhist	Mahayana	Larger Sukhavativyuha	Sukhāvatīvyūha	Sukhāvatīvyūha p. 2	https://gretil.sub.uni-goettingen.de/gretil/corpustei/transformations/html/sa_sukhAvatIvyUha.htm	1	disciple	personal	attested	Sanskrit form of Pali Anuruddha	GRETIL, Sukhāvatīvyūha (larger) (CC BY-NC-SA 4.0); Wikidata (CC0)	0.85
Aniruddha	Q3306373	Anuruddha, disciple and the Buddha's cousin	boy	अनिरुद्ध	Aniruddha	Sanskrit	Buddhist	Mahayana	Vimalakirti Nirdesha	Chapter 3	Vimalakīrtinirdeśa 3.28	https://gretil.sub.uni-goettingen.de/gretil/corpustei/transformations/html/sa_vimalakIrtinirdeza.htm	4	disciple	personal	attested	Sanskrit form of Pali Anuruddha	GRETIL, Vimalakīrtinirdeśa, Taisho University 2006 (Potala manuscript) (CC BY-NC-SA 4.0); Wikidata (CC0)	0.85
Upali	Q984630	Upāli, disciple, master of the Vinaya	boy	उपालि	Upāli	Sanskrit	Buddhist	Mahayana	Vimalakirti Nirdesha	Chapter 3	Vimalakīrtinirdeśa 3.33	https://gretil.sub.uni-goettingen.de/gretil/corpustei/transformations/html/sa_vimalakIrtinirdeza.htm	4	disciple	personal	attested	Sanskrit form of Pali Upāli	GRETIL, Vimalakīrtinirdeśa, Taisho University 2006 (Potala manuscript) (CC BY-NC-SA 4.0); Wikidata (CC0)	0.85
Ajnatakaundinya	Q2708070	Aññāsi Koṇḍañña, first disciple	boy	आज्ञातकौण्डिन्य	Ājñātakauṇḍinya	Sanskrit	Buddhist	Mahayana	Lotus Sutra	Chapter 1 (nidānaparivartaḥ)	Lotus Sutra ch. 1	https://gretil.sub.uni-goettingen.de/gretil/corpustei/transformations/html/sa_saddharmapuNDarIkasUtra.htm	5	disciple	personal	attested	Sanskrit form of Pali Aññāsi Koṇḍañña	GRETIL, Saddharmapuṇḍarīkasūtra, ed. P.L. Vaidya 1960 (CC BY-NC-SA 4.0); Wikidata (CC0)	0.95
Ajnatakaundinya	Q2708070	Aññāsi Koṇḍañña, first disciple	boy	आज्ञातकौण्डिन्य	Ājñātakauṇḍinya	Sanskrit	Buddhist	Mahayana	Larger Sukhavativyuha	Sukhāvatīvyūha	Sukhāvatīvyūha p. 1	https://gretil.sub.uni-goettingen.de/gretil/corpustei/transformations/html/sa_sukhAvatIvyUha.htm	1	disciple	personal	attested	Sanskrit form of Pali Aññāsi Koṇḍañña	GRETIL, Sukhāvatīvyūha (larger) (CC BY-NC-SA 4.0); Wikidata (CC0)	0.95
Ajatashatru	Q379242	Ajātasattu, king of Magadha	boy	अजातशत्रु	Ajātaśatru	Sanskrit	Buddhist	Mahayana	Lotus Sutra	Chapter 1 (nidānaparivartaḥ)	Lotus Sutra ch. 1	https://gretil.sub.uni-goettingen.de/gretil/corpustei/transformations/html/sa_saddharmapuNDarIkasUtra.htm	1	royal	personal	attested	Sanskrit form of Pali Ajātasattu	GRETIL, Saddharmapuṇḍarīkasūtra, ed. P.L. Vaidya 1960 (CC BY-NC-SA 4.0); Wikidata (CC0)	0.95
Shakra	Q1444745	Sakka, king of the devas	boy	शक्र	Śakra	Sanskrit	Buddhist	Mahayana	Lotus Sutra	Chapter 1 (nidānaparivartaḥ)	Lotus Sutra ch. 1	https://gretil.sub.uni-goettingen.de/gretil/corpustei/transformations/html/sa_saddharmapuNDarIkasUtra.htm	3	deity	divine	attested	Sanskrit form of Pali Sakka	GRETIL, Saddharmapuṇḍarīkasūtra, ed. P.L. Vaidya 1960 (CC BY-NC-SA 4.0); Wikidata (CC0)	0.85
Shakra	Q1444745	Sakka, king of the devas	boy	शक्र	Śakra	Sanskrit	Buddhist	Mahayana	Larger Sukhavativyuha	Sukhāvatīvyūha	Sukhāvatīvyūha p. 27	https://gretil.sub.uni-goettingen.de/gretil/corpustei/transformations/html/sa_sukhAvatIvyUha.htm	2	deity	divine	attested	Sanskrit form of Pali Sakka	GRETIL, Sukhāvatīvyūha (larger) (CC BY-NC-SA 4.0); Wikidata (CC0)	0.85
Shakra	Q1444745	Sakka, king of the devas	boy	शक्र	Śakra	Sanskrit	Buddhist	Mahayana	Smaller Sukhavativyuha	Sukhāvatīvyūha (smaller)	Smaller Sukhāvatīvyūha §1	https://gretil.sub.uni-goettingen.de/gretil/corpustei/transformations/html/sa_smaller-sukhAvatIvyUha.htm	1	deity	divine	attested	Sanskrit form of Pali Sakka	GRETIL, Sukhāvatīvyūha (smaller) (CC BY-NC-SA 4.0); Wikidata (CC0)	0.85
Shakra	Q1444745	Sakka, king of the devas	boy	शक्र	Śakra	Sanskrit	Buddhist	Mahayana	Vimalakirti Nirdesha	Chapter 1	Vimalakīrtinirdeśa 1.5	https://gretil.sub.uni-goettingen.de/gretil/corpustei/transformations/html/sa_vimalakIrtinirdeza.htm	15	deity	divine	attested	Sanskrit form of Pali Sakka	GRETIL, Vimalakīrtinirdeśa, Taisho University 2006 (Potala manuscript) (CC BY-NC-SA 4.0); Wikidata (CC0)	0.85
Sahampati	Q9178677	Brahmā Sahampati		सहांपति	Sahāṃpati	Sanskrit	Buddhist	Mahayana	Lotus Sutra	Chapter 1 (nidānaparivartaḥ)	Lotus Sutra ch. 1	https://gretil.sub.uni-goettingen.de/gretil/corpustei/transformations/html/sa_saddharmapuNDarIkasUtra.htm	3	deity	divine	attested	Sanskrit form of Pali Sahampati	GRETIL, Saddharmapuṇḍarīkasūtra, ed. P.L. Vaidya 1960 (CC BY-NC-SA 4.0); Wikidata (CC0)	0.95
Sahampati	Q9178677	Brahmā Sahampati		सहांपति	Sahāṃpati	Sanskrit	Buddhist	Mahayana	Smaller Sukhavativyuha	Sukhāvatīvyūha (smaller)	Smaller Sukhāvatīvyūha §1	https://gretil.sub.uni-goettingen.de/gretil/corpustei/transformations/html/sa_smaller-sukhAvatIvyUha.htm	1	deity	divine	attested	Sanskrit form of Pali Sahampati	GRETIL, Sukhāvatīvyūha (smaller) (CC BY-NC-SA 4.0); Wikidata (CC0)	0.95
Vaishravana	Q866315	Vessavaṇa (Kuvera), Great King of the north	boy	वैश्रवण	Vaiśravaṇa	Sanskrit	Buddhist	Mahayana	Lotus Sutra	Chapter 1 (nidānaparivartaḥ)	Lotus Sutra ch. 1	https://gretil.sub.uni-goettingen.de/gretil/corpustei/transformations/html/sa_saddharmapuNDarIkasUtra.htm	5	deity	divine	attested	Sanskrit form of Pali Vessavaṇa	GRETIL, Saddharmapuṇḍarīkasūtra, ed. P.L. Vaidya 1960 (CC BY-NC-SA 4.0); Wikidata (CC0)	0.95
Dhritarashtra	Q1188767	Dhataraṭṭha, Great King of the east	boy	धृतराष्ट्र	Dhṛtarāṣṭra	Sanskrit	Buddhist	Mahayana	Lotus Sutra	Chapter 1 (nidānaparivartaḥ)	Lotus Sutra ch. 1	https://gretil.sub.uni-goettingen.de/gretil/corpustei/transformations/html/sa_saddharmapuNDarIkasUtra.htm	1	deity	divine	attested	Sanskrit form of Pali Dhataraṭṭha	GRETIL, Saddharmapuṇḍarīkasūtra, ed. P.L. Vaidya 1960 (CC BY-NC-SA 4.0); Wikidata (CC0)	0.95
Virudhaka	Q1188515	Virūḷhaka, Great King of the south	boy	विरूढक	Virūḍhaka	Sanskrit	Buddhist	Mahayana	Lotus Sutra	Chapter 1 (nidānaparivartaḥ)	Lotus Sutra ch. 1	https://gretil.sub.uni-goettingen.de/gretil/corpustei/transformations/html/sa_saddharmapuNDarIkasUtra.htm	2	deity	divine	attested	Sanskrit form of Pali Virūḷhaka	GRETIL, Saddharmapuṇḍarīkasūtra, ed. P.L. Vaidya 1960 (CC BY-NC-SA 4.0); Wikidata (CC0)	0.95
Virupaksha	Q1188714	Virūpakkha, Great King of the west	boy	विरूपाक्ष	Virūpākṣa	Sanskrit	Buddhist	Mahayana	Lotus Sutra	Chapter 1 (nidānaparivartaḥ)	Lotus Sutra ch. 1	https://gretil.sub.uni-goettingen.de/gretil/corpustei/transformations/html/sa_saddharmapuNDarIkasUtra.htm	1	deity	divine	attested	Sanskrit form of Pali Virūpakkha	GRETIL, Saddharmapuṇḍarīkasūtra, ed. P.L. Vaidya 1960 (CC BY-NC-SA 4.0); Wikidata (CC0)	0.95
Dipankara	Q1227131	Dīpaṅkara, Buddha of the past		दीपंकर	Dīpaṃkara	Sanskrit	Buddhist	Mahayana	Lotus Sutra	Chapter 1 (nidānaparivartaḥ)	Lotus Sutra ch. 1	https://gretil.sub.uni-goettingen.de/gretil/corpustei/transformations/html/sa_saddharmapuNDarIkasUtra.htm	3	sage	personal	attested	Sanskrit form of Pali Dīpaṅkara	GRETIL, Saddharmapuṇḍarīkasūtra, ed. P.L. Vaidya 1960 (CC BY-NC-SA 4.0); Wikidata (CC0)	0.95
Dipankara	Q1227131	Dīpaṅkara, Buddha of the past		दीपंकर	Dīpaṃkara	Sanskrit	Buddhist	Mahayana	Diamond Sutra	Vajracchedikā	Vajracchedikā, Vaidya p. 78	https://gretil.sub.uni-goettingen.de/gretil/corpustei/transformations/html/sa_vajracchedikA-prajJApAramitA.htm	8	sage	personal	attested	Sanskrit form of Pali Dīpaṅkara	GRETIL, Vajracchedikā Prajñāpāramitā, ed. P.L. Vaidya 1961 (CC BY-NC-SA 4.0); Wikidata (CC0)	0.95
Dipankara	Q1227131	Dīpaṅkara, Buddha of the past		दीपंकर	Dīpaṃkara	Sanskrit	Buddhist	Mahayana	Larger Sukhavativyuha	Sukhāvatīvyūha	Sukhāvatīvyūha p. 5	https://gretil.sub.uni-goettingen.de/gretil/corpustei/transformations/html/sa_sukhAvatIvyUha.htm	3	sage	personal	attested	Sanskrit form of Pali Dīpaṅkara	GRETIL, Sukhāvatīvyūha (larger) (CC BY-NC-SA 4.0); Wikidata (CC0)	0.95
Bhaishajyaraja	Q4900820	Bhaiṣajyarāja, bodhisattva		भैषज्यराज	Bhaiṣajyarāja	Sanskrit	Buddhist	Mahayana	Lotus Sutra	Chapter 1 (nidānaparivartaḥ)	Lotus Sutra ch. 1	https://gretil.sub.uni-goettingen.de/gretil/corpustei/transformations/html/sa_saddharmapuNDarIkasUtra.htm	76	bodhisattva	personal	attested		GRETIL, Saddharmapuṇḍarīkasūtra, ed. P.L. Vaidya 1960 (CC BY-NC-SA 4.0); Wikidata (CC0)	0.95
Bhaishajyaraja	Q4900820	Bhaiṣajyarāja, bodhisattva		भैषज्यराज	Bhaiṣajyarāja	Sanskrit	Buddhist	Mahayana	Vimalakirti Nirdesha	Chapter 12	Vimalakīrtinirdeśa 12.7	https://gretil.sub.uni-goettingen.de/gretil/corpustei/transformations/html/sa_vimalakIrtinirdeza.htm	9	bodhisattva	personal	attested		GRETIL, Vimalakīrtinirdeśa, Taisho University 2006 (Potala manuscript) (CC BY-NC-SA 4.0); Wikidata (CC0)	0.95
Prabhutaratna	Q1815876	Prabhūtaratna, Buddha of the past		प्रभूतरत्न	Prabhūtaratna	Sanskrit	Buddhist	Mahayana	Lotus Sutra	Chapter 11 (stūpasaṃdarśanaparivartaḥ)	Lotus Sutra ch. 11	https://gretil.sub.uni-goettingen.de/gretil/corpustei/transformations/html/sa_saddharmapuNDarIkasUtra.htm	37	sage	personal	attested		GRETIL, Saddharmapuṇḍarīkasūtra, ed. P.L. Vaidya 1960 (CC BY-NC-SA 4.0); Wikidata (CC0)	0.95
Prabhutaratna	Q1815876	Prabhūtaratna, Buddha of the past		प्रभूतरत्न	Prabhūtaratna	Sanskrit	Buddhist	Mahayana	Vimalakirti Nirdesha	Chapter 6	Vimalakīrtinirdeśa 6.13	https://gretil.sub.uni-goettingen.de/gretil/corpustei/transformations/html/sa_vimalakIrtinirdeza.htm	1	sage	personal	attested		GRETIL, Vimalakīrtinirdeśa, Taisho University 2006 (Potala manuscript) (CC BY-NC-SA 4.0); Wikidata (CC0)	0.95
Mahasthamaprapta	Q1465683	Mahāsthāmaprāpta, bodhisattva		महास्थामप्राप्त	Mahāsthāmaprāpta	Sanskrit	Buddhist	Mahayana	Lotus Sutra	Chapter 1 (nidānaparivartaḥ)	Lotus Sutra ch. 1	https://gretil.sub.uni-goettingen.de/gretil/corpustei/transformations/html/sa_saddharmapuNDarIkasUtra.htm	27	bodhisattva	personal	attested		GRETIL, Saddharmapuṇḍarīkasūtra, ed. P.L. Vaidya 1960 (CC BY-NC-SA 4.0); Wikidata (CC0)	0.95
Mahasthamaprapta	Q1465683	Mahāsthāmaprāpta, bodhisattva		महास्थामप्राप्त	Mahāsthāmaprāpta	Sanskrit	Buddhist	Mahayana	Vimalakirti Nirdesha	Chapter 1	Vimalakīrtinirdeśa 1.4	https://gretil.sub.uni-goettingen.de/gretil/corpustei/transformations/html/sa_vimalakIrtinirdeza.htm	1	bodhisattva	personal	attested		GRETIL, Vimalakīrtinirdeśa, Taisho University 2006 (Potala manuscript) (CC BY-NC-SA 4.0); Wikidata (CC0)	0.95
Akshobhya	Q756612	Akṣobhya Buddha		अक्षोभ्य	Akṣobhya	Sanskrit	Buddhist	Mahayana	Lotus Sutra	Chapter 7 (pūrvayogaparivartaḥ)	Lotus Sutra ch. 7	https://gretil.sub.uni-goettingen.de/gretil/corpustei/transformations/html/sa_saddharmapuNDarIkasUtra.htm	2	sage	personal	attested		GRETIL, Saddharmapuṇḍarīkasūtra, ed. P.L. Vaidya 1960 (CC BY-NC-SA 4.0); Wikidata (CC0)	0.95
Akshobhya	Q756612	Akṣobhya Buddha		अक्षोभ्य	Akṣobhya	Sanskrit	Buddhist	Mahayana	Smaller Sukhavativyuha	Sukhāvatīvyūha (smaller)	Smaller Sukhāvatīvyūha §11	https://gretil.sub.uni-goettingen.de/gretil/corpustei/transformations/html/sa_smaller-sukhAvatIvyUha.htm	1	sage	personal	attested		GRETIL, Sukhāvatīvyūha (smaller) (CC BY-NC-SA 4.0); Wikidata (CC0)	0.95
Akshobhya	Q756612	Akṣobhya Buddha		अक्षोभ्य	Akṣobhya	Sanskrit	Buddhist	Mahayana	Vimalakirti Nirdesha	Chapter 11	Vimalakīrtinirdeśa 11.3	https://gretil.sub.uni-goettingen.de/gretil/corpustei/transformations/html/sa_vimalakIrtinirdeza.htm	5	sage	personal	attested		GRETIL, Vimalakīrtinirdeśa, Taisho University 2006 (Potala manuscript) (CC BY-NC-SA 4.0); Wikidata (CC0)	0.95
Dharmakara	Q18649372	Dharmākara, the monk who became Amitābha		धर्माकर	Dharmākara	Sanskrit	Buddhist	Mahayana	Larger Sukhavativyuha	Sukhāvatīvyūha	Sukhāvatīvyūha p. 6	https://gretil.sub.uni-goettingen.de/gretil/corpustei/transformations/html/sa_sukhAvatIvyUha.htm	10	bodhisattva	personal	attested		GRETIL, Sukhāvatīvyūha (larger) (CC BY-NC-SA 4.0); Wikidata (CC0)	0.95
Lokeshvararaja	Q6668652	Lokeśvararāja, Buddha of the past		लोकेश्वरराज	Lokeśvararāja	Sanskrit	Buddhist	Mahayana	Larger Sukhavativyuha	Sukhāvatīvyūha	Sukhāvatīvyūha p. 6	https://gretil.sub.uni-goettingen.de/gretil/corpustei/transformations/html/sa_sukhAvatIvyUha.htm	8	sage	personal	attested		GRETIL, Sukhāvatīvyūha (larger) (CC BY-NC-SA 4.0); Wikidata (CC0)	0.95
Sadaparibhuta	Q1544983	Sadāparibhūta, bodhisattva		सदापरिभूत	Sadāparibhūta	Sanskrit	Buddhist	Mahayana	Lotus Sutra	Chapter 19 (sadāparibhūtaparivartaḥ)	Lotus Sutra ch. 19	https://gretil.sub.uni-goettingen.de/gretil/corpustei/transformations/html/sa_saddharmapuNDarIkasUtra.htm	13	bodhisattva	personal	attested		GRETIL, Saddharmapuṇḍarīkasūtra, ed. P.L. Vaidya 1960 (CC BY-NC-SA 4.0); Wikidata (CC0)	0.95
Gadgadasvara	Q17023782	Gadgadasvara, bodhisattva		गद्गदस्वर	Gadgadasvara	Sanskrit	Buddhist	Mahayana	Lotus Sutra	Chapter 23 (gadgadasvaraparivartaḥ)	Lotus Sutra ch. 23	https://gretil.sub.uni-goettingen.de/gretil/corpustei/transformations/html/sa_saddharmapuNDarIkasUtra.htm	43	bodhisattva	personal	attested		GRETIL, Saddharmapuṇḍarīkasūtra, ed. P.L. Vaidya 1960 (CC BY-NC-SA 4.0); Wikidata (CC0)	0.95
Akshayamati	Q17039583	Akṣayamati, bodhisattva		अक्षयमति	Akṣayamati	Sanskrit	Buddhist	Mahayana	Lotus Sutra	Chapter 1 (nidānaparivartaḥ)	Lotus Sutra ch. 1	https://gretil.sub.uni-goettingen.de/gretil/corpustei/transformations/html/sa_saddharmapuNDarIkasUtra.htm	10	bodhisattva	personal	attested		GRETIL, Saddharmapuṇḍarīkasūtra, ed. P.L. Vaidya 1960 (CC BY-NC-SA 4.0); Wikidata (CC0)	0.95
Akshayamati	Q17039583	Akṣayamati, bodhisattva		अक्षयमति	Akṣayamati	Sanskrit	Buddhist	Mahayana	Vimalakirti Nirdesha	Chapter 8	Vimalakīrtinirdeśa 8.20	https://gretil.sub.uni-goettingen.de/gretil/corpustei/transformations/html/sa_vimalakIrtinirdeza.htm	1	bodhisattva	personal	attested		GRETIL, Vimalakīrtinirdeśa, Taisho University 2006 (Potala manuscript) (CC BY-NC-SA 4.0); Wikidata (CC0)	0.95
Vishishtacharitra	slug:buddhist:vishishtacharitra	Viśiṣṭacāritra, bodhisattva		विशिष्टचारित्र	Viśiṣṭacāritra	Sanskrit	Buddhist	Mahayana	Lotus Sutra	Chapter 14 (bodhisattvapṛthivīvirasamudgamaparivartaḥ)	Lotus Sutra ch. 14	https://gretil.sub.uni-goettingen.de/gretil/corpustei/transformations/html/sa_saddharmapuNDarIkasUtra.htm	6	bodhisattva	personal	attested		GRETIL, Saddharmapuṇḍarīkasūtra, ed. P.L. Vaidya 1960 (CC BY-NC-SA 4.0)	0.95
Chandrasuryapradipa	slug:buddhist:candrasuryapradipa	Candrasūryapradīpa, Buddha of the past		चन्द्रसूर्यप्रदीप	Candrasūryapradīpa	Sanskrit	Buddhist	Mahayana	Lotus Sutra	Chapter 1 (nidānaparivartaḥ)	Lotus Sutra ch. 1	https://gretil.sub.uni-goettingen.de/gretil/corpustei/transformations/html/sa_saddharmapuNDarIkasUtra.htm	12	sage	personal	attested		GRETIL, Saddharmapuṇḍarīkasūtra, ed. P.L. Vaidya 1960 (CC BY-NC-SA 4.0)	0.95
Mahabhijnajnanabhibhu	slug:buddhist:mahabhijnajnanabhibhu	Mahābhijñājñānābhibhū, Buddha of the past		महाभिज्ञाज्ञानाभिभू	Mahābhijñājñānābhibhū	Sanskrit	Buddhist	Mahayana	Lotus Sutra	Chapter 7 (pūrvayogaparivartaḥ)	Lotus Sutra ch. 7	https://gretil.sub.uni-goettingen.de/gretil/corpustei/transformations/html/sa_saddharmapuNDarIkasUtra.htm	29	sage	personal	attested		GRETIL, Saddharmapuṇḍarīkasūtra, ed. P.L. Vaidya 1960 (CC BY-NC-SA 4.0)	0.95
Shubhavyuha	slug:buddhist:shubhavyuha	Śubhavyūha, king (Lotus Sutra ch. 25)		शुभव्यूह	Śubhavyūha	Sanskrit	Buddhist	Mahayana	Lotus Sutra	Chapter 25 (śubhavyūharājapūrvayogaparivartaḥ)	Lotus Sutra ch. 25	https://gretil.sub.uni-goettingen.de/gretil/corpustei/transformations/html/sa_saddharmapuNDarIkasUtra.htm	32	royal	personal	attested		GRETIL, Saddharmapuṇḍarīkasūtra, ed. P.L. Vaidya 1960 (CC BY-NC-SA 4.0)	0.95
Sagara	slug:buddhist:sagara	Sāgara, nāga king		सागर	Sāgara	Sanskrit	Buddhist	Mahayana	Lotus Sutra	Chapter 11 (stūpasaṃdarśanaparivartaḥ)	Lotus Sutra ch. 11	https://gretil.sub.uni-goettingen.de/gretil/corpustei/transformations/html/sa_saddharmapuNDarIkasUtra.htm	9	mythological_being	personal	attested		GRETIL, Saddharmapuṇḍarīkasūtra, ed. P.L. Vaidya 1960 (CC BY-NC-SA 4.0)	0.85
Ratnakara	slug:buddhist:ratnakara	Ratnākara, Licchavi youth (Vimalakīrtinirdeśa)		रत्नाकर	Ratnākara	Sanskrit	Buddhist	Mahayana	Vimalakirti Nirdesha	Chapter 1	Vimalakīrtinirdeśa 1.7	https://gretil.sub.uni-goettingen.de/gretil/corpustei/transformations/html/sa_vimalakIrtinirdeza.htm	9	human	personal	attested		GRETIL, Vimalakīrtinirdeśa, Taisho University 2006 (Potala manuscript) (CC BY-NC-SA 4.0)	0.95
Gandhahastin	slug:buddhist:gandhahastin	Gandhahastin, bodhisattva		गन्धहस्तिन्	Gandhahastin	Sanskrit	Buddhist	Mahayana	Vimalakirti Nirdesha	Chapter 1	Vimalakīrtinirdeśa 1.4	https://gretil.sub.uni-goettingen.de/gretil/corpustei/transformations/html/sa_vimalakIrtinirdeza.htm	2	bodhisattva	personal	attested		GRETIL, Vimalakīrtinirdeśa, Taisho University 2006 (Potala manuscript) (CC BY-NC-SA 4.0)	0.95
Nityodyukta	slug:buddhist:nityodyukta	Nityodyukta, bodhisattva		नित्योद्युक्त	Nityodyukta	Sanskrit	Buddhist	Mahayana	Lotus Sutra	Chapter 1 (nidānaparivartaḥ)	Lotus Sutra ch. 1	https://gretil.sub.uni-goettingen.de/gretil/corpustei/transformations/html/sa_saddharmapuNDarIkasUtra.htm	2	bodhisattva	personal	attested		GRETIL, Saddharmapuṇḍarīkasūtra, ed. P.L. Vaidya 1960 (CC BY-NC-SA 4.0)	0.95
Nityodyukta	slug:buddhist:nityodyukta	Nityodyukta, bodhisattva		नित्योद्युक्त	Nityodyukta	Sanskrit	Buddhist	Mahayana	Smaller Sukhavativyuha	Sukhāvatīvyūha (smaller)	Smaller Sukhāvatīvyūha §1	https://gretil.sub.uni-goettingen.de/gretil/corpustei/transformations/html/sa_smaller-sukhAvatIvyUha.htm	1	bodhisattva	personal	attested		GRETIL, Sukhāvatīvyūha (smaller) (CC BY-NC-SA 4.0)	0.95
