name	figure_id	figure	sex	original	translit	language	tradition	subtradition	corpus	text	passage	url	occurrences	entity_type	name_role	status	relation	source	confidence
Virata	Q2978459	Virāṭa, character from the epic Mahabharata	boy	विराट	Virāṭa	Sanskrit	Hindu		Bhagavad Gita	Chapter 1	Gita 1.4	https://gretil.sub.uni-goettingen.de/gretil/1_sanskr/2_epic/mbh/ext/bhgce__u.htm	2	human	personal	attested		GRETIL Mahabharata (BORI critical ed., Tokunaga/Smith e-text); Monier-Williams Sanskrit-English Dictionary (Cologne CDSL, CC BY-SA 4.0); Wikidata (CC0)	0.95
Dhrishtadyumna	Q2357086	Dhṛṣṭadyumna, character in the Mahabharata	boy	धृष्टद्युम्न	Dhṛṣṭadyumna	Sanskrit	Hindu		Bhagavad Gita	Chapter 1	Gita 1.17	https://gretil.sub.uni-goettingen.de/gretil/1_sanskr/2_epic/mbh/ext/bhgce__u.htm	1	human	personal	attested		GRETIL Mahabharata (BORI critical ed., Tokunaga/Smith e-text); Monier-Williams Sanskrit-English Dictionary (Cologne CDSL, CC BY-SA 4.0); Wikidata (CC0)	0.95
Dhrishtaketu	Q12434647	Dhrishtaketu	boy	धृष्टकेतु	Dhṛṣṭaketu	Sanskrit	Hindu		Bhagavad Gita	Chapter 1	Gita 1.5	https://gretil.sub.uni-goettingen.de/gretil/1_sanskr/2_epic/mbh/ext/bhgce__u.htm	1	human	personal	attested		GRETIL Mahabharata (BORI critical ed., Tokunaga/Smith e-text); Monier-Williams Sanskrit-English Dictionary (Cologne CDSL, CC BY-SA 4.0); Wikidata (CC0)	0.95
Jayadratha	Q2381146	Jayadratha, character in the Indian epic Mahabharata	boy	जयद्रथ	Jayadratha	Sanskrit	Hindu		Bhagavad Gita	Chapter 11	Gita 11.34	https://gretil.sub.uni-goettingen.de/gretil/1_sanskr/2_epic/mbh/ext/bhgce__u.htm	1	human	personal	attested		GRETIL Mahabharata (BORI critical ed., Tokunaga/Smith e-text); Monier-Williams Sanskrit-English Dictionary (Cologne CDSL, CC BY-SA 4.0); Wikidata (CC0)	0.95
Kuntibhoja	Q4210132	Kunti-Bhoja, foster-father of Kunti, the mother of the Pandavas in Hindu mythology	boy	कुन्तिभोज	Kuntibhoja	Sanskrit	Hindu		Bhagavad Gita	Chapter 1	Gita 1.5	https://gretil.sub.uni-goettingen.de/gretil/1_sanskr/2_epic/mbh/ext/bhgce__u.htm	1	human	personal	attested		GRETIL Mahabharata (BORI critical ed., Tokunaga/Smith e-text); Monier-Williams Sanskrit-English Dictionary (Cologne CDSL, CC BY-SA 4.0); Wikidata (CC0)	0.95
Satyaki	Q2381158	Sātyaki, character in Hindu epic Mahabharata	boy	सात्यकि	Sātyaki	Sanskrit	Hindu		Bhagavad Gita	Chapter 1	Gita 1.17	https://gretil.sub.uni-goettingen.de/gretil/1_sanskr/2_epic/mbh/ext/bhgce__u.htm	1	human	personal	attested		GRETIL Mahabharata (BORI critical ed., Tokunaga/Smith e-text); Monier-Williams Sanskrit-English Dictionary (Cologne CDSL, CC BY-SA 4.0); Wikidata (CC0)	0.95
Arjuna	Q185790	Arjuna, central character of Indian epic Mahabharata	boy	अर्जुन	Arjuna	Sanskrit	Hindu		Bhagavad Gita	Chapter 1	Gita 1.4	https://gretil.sub.uni-goettingen.de/gretil/1_sanskr/2_epic/mbh/ext/bhgce__u.htm	25	human	personal	attested		GRETIL Mahabharata (BORI critical ed., Tokunaga/Smith e-text); Monier-Williams Sanskrit-English Dictionary (Cologne CDSL, CC BY-SA 4.0); Wikidata (CC0)	0.85
Krishna	Q42891	Krishna, Hindu deity	boy	कृष्ण	Kṛṣṇa	Sanskrit	Hindu		Bhagavad Gita	Chapter 1	Gita 1.28	https://gretil.sub.uni-goettingen.de/gretil/1_sanskr/2_epic/mbh/ext/bhgce__u.htm	13	deity	personal	attested		GRETIL Mahabharata (BORI critical ed., Tokunaga/Smith e-text); Monier-Williams Sanskrit-English Dictionary (Cologne CDSL, CC BY-SA 4.0); Wikidata (CC0)	0.85
Ananta	Q42891	Krishna, Hindu deity	boy	अनन्त	Ananta	Sanskrit	Hindu		Bhagavad Gita	Chapter 2	Gita 2.41	https://gretil.sub.uni-goettingen.de/gretil/1_sanskr/2_epic/mbh/ext/bhgce__u.htm	11	deity	epithet	attested	epithet of Krishna (Wikidata alias)	GRETIL Mahabharata (BORI critical ed., Tokunaga/Smith e-text); Monier-Williams Sanskrit-English Dictionary (Cologne CDSL, CC BY-SA 4.0); Wikidata (CC0)	0.85
Pandava	Q236221	Pāṇḍava, main characters of the Mahabharata		पाण्डव	Pāṇḍava	Sanskrit	Hindu		Bhagavad Gita	Chapter 1	Gita 1.1	https://gretil.sub.uni-goettingen.de/gretil/1_sanskr/2_epic/mbh/ext/bhgce__u.htm	10	tribe	personal	attested		GRETIL Mahabharata (BORI critical ed., Tokunaga/Smith e-text); Monier-Williams Sanskrit-English Dictionary (Cologne CDSL, CC BY-SA 4.0); Wikidata (CC0)	0.85
Pandu	Q857071	Pāṇḍu, father of the Pandavas in the epic Mahabharata	boy	पाण्डु	Pāṇḍu	Sanskrit	Hindu		Bhagavad Gita	Chapter 1	Gita 1.14	https://gretil.sub.uni-goettingen.de/gretil/1_sanskr/2_epic/mbh/ext/bhgce__u.htm	8	human	personal	attested		GRETIL Mahabharata (BORI critical ed., Tokunaga/Smith e-text); Monier-Williams Sanskrit-English Dictionary (Cologne CDSL, CC BY-SA 4.0); Wikidata (CC0)	0.85
Sanjaya	Q2389469	Sanjaya, character from Hindu epic Mahabharata	boy	सञ्जय	Sañjaya	Sanskrit	Hindu		Bhagavad Gita	Chapter 1	Gita 1.1	https://gretil.sub.uni-goettingen.de/gretil/1_sanskr/2_epic/mbh/ext/bhgce__u.htm	8	human	personal	attested		GRETIL Mahabharata (BORI critical ed., Tokunaga/Smith e-text); Monier-Williams Sanskrit-English Dictionary (Cologne CDSL, CC BY-SA 4.0); Wikidata (CC0)	0.85
Bhishma	Q1405629	Bhīṣma, statesman of Hastinapur in the Mahabharata	boy	भीष्म	Bhīṣma	Sanskrit	Hindu		Bhagavad Gita	Chapter 1	Gita 1.8	https://gretil.sub.uni-goettingen.de/gretil/1_sanskr/2_epic/mbh/ext/bhgce__u.htm	6	human	personal	attested		GRETIL Mahabharata (BORI critical ed., Tokunaga/Smith e-text); Monier-Williams Sanskrit-English Dictionary (Cologne CDSL, CC BY-SA 4.0); Wikidata (CC0)	0.85
Madhusudana	Q42891	Krishna, Hindu deity	boy	मधुसूदन	Madhusūdana	Sanskrit	Hindu		Bhagavad Gita	Chapter 1	Gita 1.35	https://gretil.sub.uni-goettingen.de/gretil/1_sanskr/2_epic/mbh/ext/bhgce__u.htm	5	deity	epithet	attested	epithet of Krishna (Wikidata alias)	GRETIL Mahabharata (BORI critical ed., Tokunaga/Smith e-text); Monier-Williams Sanskrit-English Dictionary (Cologne CDSL, CC BY-SA 4.0); Wikidata (CC0)	0.85
Drona	Q890529	Droṇa, guru of Kauravas and Pāṇḍavas	boy	द्रोण	Droṇa	Sanskrit	Hindu		Bhagavad Gita	Chapter 1	Gita 1.25	https://gretil.sub.uni-goettingen.de/gretil/1_sanskr/2_epic/mbh/ext/bhgce__u.htm	4	human	personal	attested		GRETIL Mahabharata (BORI critical ed., Tokunaga/Smith e-text); Monier-Williams Sanskrit-English Dictionary (Cologne CDSL, CC BY-SA 4.0); Wikidata (CC0)	0.85
Gudakesha	Q185790	Arjuna, central character of Indian epic Mahabharata	boy	गुडाकेश	Guḍākeśa	Sanskrit	Hindu		Bhagavad Gita	Chapter 1	Gita 1.24	https://gretil.sub.uni-goettingen.de/gretil/1_sanskr/2_epic/mbh/ext/bhgce__u.htm	4	human	epithet	attested	epithet of Arjuna	GRETIL Mahabharata (BORI critical ed., Tokunaga/Smith e-text); Monier-Williams Sanskrit-English Dictionary (Cologne CDSL, CC BY-SA 4.0); Wikidata (CC0)	0.85
Jayanta	Q1377025	Bharata, legendary Emperor of ancient India	boy	जायन्त	Jāyanta	Sanskrit	Hindu		Bhagavad Gita	Chapter 14	Gita 14.2	https://gretil.sub.uni-goettingen.de/gretil/1_sanskr/2_epic/mbh/ext/bhgce__u.htm	3	human	epithet	attested	epithet of Bharata; patronymic	GRETIL Mahabharata (BORI critical ed., Tokunaga/Smith e-text); Monier-Williams Sanskrit-English Dictionary (Cologne CDSL, CC BY-SA 4.0); Wikidata (CC0)	0.85
Dhritarashtra	Q926150	Dhṛtarāṣṭra, character from Indian Epic Mahabharata	boy	धृतराष्ट्र	Dhṛtarāṣṭra	Sanskrit	Hindu		Bhagavad Gita	Chapter 1	Gita 1.1	https://gretil.sub.uni-goettingen.de/gretil/1_sanskr/2_epic/mbh/ext/bhgce__u.htm	2	human	personal	attested		GRETIL Mahabharata (BORI critical ed., Tokunaga/Smith e-text); Monier-Williams Sanskrit-English Dictionary (Cologne CDSL, CC BY-SA 4.0); Wikidata (CC0)	0.85
Drupada	Q2389430	Drupada, character in the Hindu epic Mahabharata	boy	द्रुपद	Drupada	Sanskrit	Hindu		Bhagavad Gita	Chapter 1	Gita 1.4	https://gretil.sub.uni-goettingen.de/gretil/1_sanskr/2_epic/mbh/ext/bhgce__u.htm	2	human	personal	attested		GRETIL Mahabharata (BORI critical ed., Tokunaga/Smith e-text); Monier-Williams Sanskrit-English Dictionary (Cologne CDSL, CC BY-SA 4.0); Wikidata (CC0)	0.85
Karna	Q2727397	Karṇa, character of epic Mahabharata	boy	कर्ण	Karṇa	Sanskrit	Hindu		Bhagavad Gita	Chapter 1	Gita 1.8	https://gretil.sub.uni-goettingen.de/gretil/1_sanskr/2_epic/mbh/ext/bhgce__u.htm	2	royal	personal	attested		GRETIL Mahabharata (BORI critical ed., Tokunaga/Smith e-text); Monier-Williams Sanskrit-English Dictionary (Cologne CDSL, CC BY-SA 4.0); Wikidata (CC0)	0.85
Yuyutsu	Q2392426	Yuyutsu, Son of Dhritrashtra and a concubine in epic Mahabharata	boy	युयुत्सु	Yuyutsu	Sanskrit	Hindu		Bhagavad Gita	Chapter 1	Gita 1.1	https://gretil.sub.uni-goettingen.de/gretil/1_sanskr/2_epic/mbh/ext/bhgce__u.htm	2	human	personal	attested		GRETIL Mahabharata (BORI critical ed., Tokunaga/Smith e-text); Monier-Williams Sanskrit-English Dictionary (Cologne CDSL, CC BY-SA 4.0); Wikidata (CC0)	0.85
Ashvatthama	Q2044550	Aśvatthāmā, character of Mahābhārata	boy	अश्वत्थामन्	Aśvatthāman	Sanskrit	Hindu		Bhagavad Gita	Chapter 1	Gita 1.8	https://gretil.sub.uni-goettingen.de/gretil/1_sanskr/2_epic/mbh/ext/bhgce__u.htm	1	human	personal	attested		GRETIL Mahabharata (BORI critical ed., Tokunaga/Smith e-text); Monier-Williams Sanskrit-English Dictionary (Cologne CDSL, CC BY-SA 4.0); Wikidata (CC0)	0.85
Drupadaputra	Q2357086	Dhṛṣṭadyumna, character in the Mahabharata	boy	द्रुपदपुत्र	Drupadaputra	Sanskrit	Hindu		Bhagavad Gita	Chapter 1	Gita 1.3	https://gretil.sub.uni-goettingen.de/gretil/1_sanskr/2_epic/mbh/ext/bhgce__u.htm	1	human	epithet	attested	epithet of Dhṛṣṭadyumna; patronymic	GRETIL Mahabharata (BORI critical ed., Tokunaga/Smith e-text); Monier-Williams Sanskrit-English Dictionary (Cologne CDSL, CC BY-SA 4.0); Wikidata (CC0)	0.85
Duryodhana	Q1405823	Duryodhana, Eldest son of Dhritarashtra & Gandhari in the Hindu epic the Mahābhārata	boy	दुर्योधन	Duryodhana	Sanskrit	Hindu		Bhagavad Gita	Chapter 1	Gita 1.2	https://gretil.sub.uni-goettingen.de/gretil/1_sanskr/2_epic/mbh/ext/bhgce__u.htm	1	human	personal	attested		GRETIL Mahabharata (BORI critical ed., Tokunaga/Smith e-text); Monier-Williams Sanskrit-English Dictionary (Cologne CDSL, CC BY-SA 4.0); Wikidata (CC0)	0.85
Keshinishudana	Q42891	Krishna, Hindu deity	boy	केशिनिषूदन	Keśiniṣūdana	Sanskrit	Hindu		Bhagavad Gita	Chapter 18	Gita 18.1	https://gretil.sub.uni-goettingen.de/gretil/1_sanskr/2_epic/mbh/ext/bhgce__u.htm	1	deity	epithet	attested	epithet of Krishna	GRETIL Mahabharata (BORI critical ed., Tokunaga/Smith e-text); Monier-Williams Sanskrit-English Dictionary (Cologne CDSL, CC BY-SA 4.0); Wikidata (CC0)	0.85
Kripa	Q2044671	Kṛpa, character in the Mahabharata, a cirañjīvī	boy	कृप	Kṛpa	Sanskrit	Hindu		Bhagavad Gita	Chapter 1	Gita 1.8	https://gretil.sub.uni-goettingen.de/gretil/1_sanskr/2_epic/mbh/ext/bhgce__u.htm	1	human	personal	attested		GRETIL Mahabharata (BORI critical ed., Tokunaga/Smith e-text); Monier-Williams Sanskrit-English Dictionary (Cologne CDSL, CC BY-SA 4.0); Wikidata (CC0)	0.85
Kurushreshtha	Q185790	Arjuna, central character of Indian epic Mahabharata	boy	कुरुश्रेष्ठ	Kuruśreṣṭha	Sanskrit	Hindu		Bhagavad Gita	Chapter 10	Gita 10.19	https://gretil.sub.uni-goettingen.de/gretil/1_sanskr/2_epic/mbh/ext/bhgce__u.htm	1	human	epithet	attested	epithet of Arjuna	GRETIL Mahabharata (BORI critical ed., Tokunaga/Smith e-text); Monier-Williams Sanskrit-English Dictionary (Cologne CDSL, CC BY-SA 4.0); Wikidata (CC0)	0.85
Kuruvriddha	Q1405629	Bhīṣma, statesman of Hastinapur in the Mahabharata	boy	कुरुवृद्ध	Kuruvṛddha	Sanskrit	Hindu		Bhagavad Gita	Chapter 1	Gita 1.12	https://gretil.sub.uni-goettingen.de/gretil/1_sanskr/2_epic/mbh/ext/bhgce__u.htm	1	human	epithet	attested	epithet of Bhīṣma	GRETIL Mahabharata (BORI critical ed., Tokunaga/Smith e-text); Monier-Williams Sanskrit-English Dictionary (Cologne CDSL, CC BY-SA 4.0); Wikidata (CC0)	0.85
Lokamaheshvara	Q42891	Krishna, Hindu deity	boy	लोकमहेश्वर	Lokamaheśvara	Sanskrit	Hindu		Bhagavad Gita	Chapter 10	Gita 10.3	https://gretil.sub.uni-goettingen.de/gretil/1_sanskr/2_epic/mbh/ext/bhgce__u.htm	1	deity	epithet	attested	epithet of Krishna	GRETIL Mahabharata (BORI critical ed., Tokunaga/Smith e-text); Monier-Williams Sanskrit-English Dictionary (Cologne CDSL, CC BY-SA 4.0); Wikidata (CC0)	0.85
Nakula	Q1978476	Nakula, character of Indian epic Mahabharata	boy	नकुल	Nakula	Sanskrit	Hindu		Bhagavad Gita	Chapter 1	Gita 1.16	https://gretil.sub.uni-goettingen.de/gretil/1_sanskr/2_epic/mbh/ext/bhgce__u.htm	1	human	personal	attested		GRETIL Mahabharata (BORI critical ed., Tokunaga/Smith e-text); Monier-Williams Sanskrit-English Dictionary (Cologne CDSL, CC BY-SA 4.0); Wikidata (CC0)	0.85
Sahadeva	Q2044641	Sahadeva, character of Indian epic Mahabharata	boy	सहदेव	Sahadeva	Sanskrit	Hindu		Bhagavad Gita	Chapter 1	Gita 1.16	https://gretil.sub.uni-goettingen.de/gretil/1_sanskr/2_epic/mbh/ext/bhgce__u.htm	1	human	personal	attested		GRETIL Mahabharata (BORI critical ed., Tokunaga/Smith e-text); Monier-Williams Sanskrit-English Dictionary (Cologne CDSL, CC BY-SA 4.0); Wikidata (CC0)	0.85
Sarvalokamaheshvara	Q42891	Krishna, Hindu deity	boy	सर्वलोकमहेश्वर	Sarvalokamaheśvara	Sanskrit	Hindu		Bhagavad Gita	Chapter 5	Gita 5.29	https://gretil.sub.uni-goettingen.de/gretil/1_sanskr/2_epic/mbh/ext/bhgce__u.htm	1	deity	epithet	attested	epithet of Krishna	GRETIL Mahabharata (BORI critical ed., Tokunaga/Smith e-text); Monier-Williams Sanskrit-English Dictionary (Cologne CDSL, CC BY-SA 4.0); Wikidata (CC0)	0.85
Shikhandi	Q2357063	Śikhaṇḍī, character in Mahabharata	boy	शिखण्डिन्	Śikhaṇḍin	Sanskrit	Hindu		Bhagavad Gita	Chapter 1	Gita 1.17	https://gretil.sub.uni-goettingen.de/gretil/1_sanskr/2_epic/mbh/ext/bhgce__u.htm	1	human	personal	attested		GRETIL Mahabharata (BORI critical ed., Tokunaga/Smith e-text); Monier-Williams Sanskrit-English Dictionary (Cologne CDSL, CC BY-SA 4.0); Wikidata (CC0)	0.85
Vikarna	Q7929388	Vikarna, character in the Indian epic Mahabharata	boy	विकर्ण	Vikarṇa	Sanskrit	Hindu		Bhagavad Gita	Chapter 1	Gita 1.8	https://gretil.sub.uni-goettingen.de/gretil/1_sanskr/2_epic/mbh/ext/bhgce__u.htm	1	human	personal	attested		GRETIL Mahabharata (BORI critical ed., Tokunaga/Smith e-text); Monier-Williams Sanskrit-English Dictionary (Cologne CDSL, CC BY-SA 4.0); Wikidata (CC0)	0.85
Yudhishthira	Q983067	Yudhiṣṭhira, character from Indian epic Mahabharata	boy	युधिष्ठिर	Yudhiṣṭhira	Sanskrit	Hindu		Bhagavad Gita	Chapter 1	Gita 1.16	https://gretil.sub.uni-goettingen.de/gretil/1_sanskr/2_epic/mbh/ext/bhgce__u.htm	1	human	personal	attested		GRETIL Mahabharata (BORI critical ed., Tokunaga/Smith e-text); Monier-Williams Sanskrit-English Dictionary (Cologne CDSL, CC BY-SA 4.0); Wikidata (CC0)	0.85
Yuyudhana	Q2381158	Sātyaki, character in Hindu epic Mahabharata	boy	युयुधान	Yuyudhāna	Sanskrit	Hindu		Bhagavad Gita	Chapter 1	Gita 1.4	https://gretil.sub.uni-goettingen.de/gretil/1_sanskr/2_epic/mbh/ext/bhgce__u.htm	1	human	epithet	attested	epithet of Sātyaki (Wikidata alias)	GRETIL Mahabharata (BORI critical ed., Tokunaga/Smith e-text); Monier-Williams Sanskrit-English Dictionary (Cologne CDSL, CC BY-SA 4.0); Wikidata (CC0)	0.85
Dhananjaya	Q185790	Arjuna, central character of Indian epic Mahabharata	boy	धनञ्जय	Dhanañjaya	Sanskrit	Hindu		Bhagavad Gita	Chapter 10	Gita 10.37	https://gretil.sub.uni-goettingen.de/gretil/1_sanskr/2_epic/mbh/ext/bhgce__u.htm	11	human	epithet	attested	epithet of Arjuna	GRETIL Mahabharata (BORI critical ed., Tokunaga/Smith e-text); Monier-Williams Sanskrit-English Dictionary (Cologne CDSL, CC BY-SA 4.0); Wikidata (CC0)	0.80
Vasudeva	Q42891	Krishna, Hindu deity	boy	वासुदेव	Vāsudeva	Sanskrit	Hindu		Bhagavad Gita	Chapter 10	Gita 10.37	https://gretil.sub.uni-goettingen.de/gretil/1_sanskr/2_epic/mbh/ext/bhgce__u.htm	4	deity	epithet	attested	epithet of Krishna (Wikidata alias)	GRETIL Mahabharata (BORI critical ed., Tokunaga/Smith e-text); Monier-Williams Sanskrit-English Dictionary (Cologne CDSL, CC BY-SA 4.0); Wikidata (CC0)	0.80
Kiriti	Q185790	Arjuna, central character of Indian epic Mahabharata	boy	किरीटिन्	Kirīṭin	Sanskrit	Hindu		Bhagavad Gita	Chapter 11	Gita 11.35	https://gretil.sub.uni-goettingen.de/gretil/1_sanskr/2_epic/mbh/ext/bhgce__u.htm	3	human	epithet	attested	epithet of Arjuna	GRETIL Mahabharata (BORI critical ed., Tokunaga/Smith e-text); Monier-Williams Sanskrit-English Dictionary (Cologne CDSL, CC BY-SA 4.0); Wikidata (CC0)	0.80
Yogeshvara	Q42891	Krishna, Hindu deity	boy	योगेश्वर	Yogeśvara	Sanskrit	Hindu		Bhagavad Gita	Chapter 18	Gita 18.75	https://gretil.sub.uni-goettingen.de/gretil/1_sanskr/2_epic/mbh/ext/bhgce__u.htm	3	deity	epithet	attested	epithet of Krishna	GRETIL Mahabharata (BORI critical ed., Tokunaga/Smith e-text); Monier-Williams Sanskrit-English Dictionary (Cologne CDSL, CC BY-SA 4.0); Wikidata (CC0)	0.80
Madhava	Q42891	Krishna, Hindu deity	boy	माधव	Mādhava	Sanskrit	Hindu		Bhagavad Gita	Chapter 1	Gita 1.14	https://gretil.sub.uni-goettingen.de/gretil/1_sanskr/2_epic/mbh/ext/bhgce__u.htm	2	deity	epithet	attested	epithet of Krishna	GRETIL Mahabharata (BORI critical ed., Tokunaga/Smith e-text); Monier-Williams Sanskrit-English Dictionary (Cologne CDSL, CC BY-SA 4.0); Wikidata (CC0)	0.80
Varshneya	Q42891	Krishna, Hindu deity	boy	वार्ष्णेय	Vārṣṇeya	Sanskrit	Hindu		Bhagavad Gita	Chapter 1	Gita 1.41	https://gretil.sub.uni-goettingen.de/gretil/1_sanskr/2_epic/mbh/ext/bhgce__u.htm	2	deity	epithet	attested	epithet of Krishna	GRETIL Mahabharata (BORI critical ed., Tokunaga/Smith e-text); Monier-Williams Sanskrit-English Dictionary (Cologne CDSL, CC BY-SA 4.0); Wikidata (CC0)	0.80
Vijaya	Q185790	Arjuna, central character of Indian epic Mahabharata	boy	विजय	Vijaya	Sanskrit	Hindu		Bhagavad Gita	Chapter 1	Gita 1.32	https://gretil.sub.uni-goettingen.de/gretil/1_sanskr/2_epic/mbh/ext/bhgce__u.htm	2	human	epithet	attested	epithet of Arjuna	GRETIL Mahabharata (BORI critical ed., Tokunaga/Smith e-text); Monier-Williams Sanskrit-English Dictionary (Cologne CDSL, CC BY-SA 4.0); Wikidata (CC0)	0.80
Partha	Q185790	Arjuna, central character of Indian epic Mahabharata	boy	पार्थ	Pārtha	Sanskrit	Hindu		Bhagavad Gita	Chapter 1	Gita 1.25	https://gretil.sub.uni-goettingen.de/gretil/1_sanskr/2_epic/mbh/ext/bhgce__u.htm	43	human	epithet	attested	epithet of Arjuna (also used of Yudhiṣṭhira, Bhīmasena); metronymic	GRETIL Mahabharata (BORI critical ed., Tokunaga/Smith e-text); Monier-Williams Sanskrit-English Dictionary (Cologne CDSL, CC BY-SA 4.0); Wikidata (CC0)	0.75
Kaunteya	Q185790	Arjuna, central character of Indian epic Mahabharata	boy	कौन्तेय	Kaunteya	Sanskrit	Hindu		Bhagavad Gita	Chapter 1	Gita 1.27	https://gretil.sub.uni-goettingen.de/gretil/1_sanskr/2_epic/mbh/ext/bhgce__u.htm	25	human	epithet	attested	epithet of Arjuna (also used of Yudhiṣṭhira, Bhīmasena); metronymic	GRETIL Mahabharata (BORI critical ed., Tokunaga/Smith e-text); Monier-Williams Sanskrit-English Dictionary (Cologne CDSL, CC BY-SA 4.0); Wikidata (CC0)	0.75
Janardana	Q42891	Krishna, Hindu deity	boy	जनार्दन	Janārdana	Sanskrit	Hindu		Bhagavad Gita	Chapter 1	Gita 1.36	https://gretil.sub.uni-goettingen.de/gretil/1_sanskr/2_epic/mbh/ext/bhgce__u.htm	6	deity	epithet	attested	epithet of Krishna (also used of Viṣṇu)	GRETIL Mahabharata (BORI critical ed., Tokunaga/Smith e-text); Monier-Williams Sanskrit-English Dictionary (Cologne CDSL, CC BY-SA 4.0); Wikidata (CC0)	0.75
Keshava	Q42891	Krishna, Hindu deity	boy	केशव	Keśava	Sanskrit	Hindu		Bhagavad Gita	Chapter 2	Gita 2.54	https://gretil.sub.uni-goettingen.de/gretil/1_sanskr/2_epic/mbh/ext/bhgce__u.htm	6	deity	epithet	attested	epithet of Krishna (also used of Viṣṇu)	GRETIL Mahabharata (BORI critical ed., Tokunaga/Smith e-text); Monier-Williams Sanskrit-English Dictionary (Cologne CDSL, CC BY-SA 4.0); Wikidata (CC0)	0.75
Jagannivasa	Q42891	Krishna, Hindu deity	boy	जगन्निवास	Jagannivāsa	Sanskrit	Hindu		Bhagavad Gita	Chapter 11	Gita 11.25	https://gretil.sub.uni-goettingen.de/gretil/1_sanskr/2_epic/mbh/ext/bhgce__u.htm	3	deity	epithet	attested	epithet of Krishna (also used of Viṣṇu)	GRETIL Mahabharata (BORI critical ed., Tokunaga/Smith e-text); Monier-Williams Sanskrit-English Dictionary (Cologne CDSL, CC BY-SA 4.0); Wikidata (CC0)	0.75
Bhima	Q3651886	Bhīma, Great Kshatriya(Rajput) warrior of Mahabharata	boy	भीम	Bhīma	Sanskrit	Hindu		Bhagavad Gita	Chapter 1	Gita 1.4	https://gretil.sub.uni-goettingen.de/gretil/1_sanskr/2_epic/mbh/ext/bhgce__u.htm	1	human	personal	attested		GRETIL Mahabharata (BORI critical ed., Tokunaga/Smith e-text); Monier-Williams Sanskrit-English Dictionary (Cologne CDSL, CC BY-SA 4.0); Wikidata (CC0)	0.75
Bhutesha	Q42891	Krishna, Hindu deity	boy	भूतेश	Bhūteśa	Sanskrit	Hindu		Bhagavad Gita	Chapter 10	Gita 10.15	https://gretil.sub.uni-goettingen.de/gretil/1_sanskr/2_epic/mbh/ext/bhgce__u.htm	1	deity	epithet	attested	epithet of Krishna (also used of Brahmā)	GRETIL Mahabharata (BORI critical ed., Tokunaga/Smith e-text); Monier-Williams Sanskrit-English Dictionary (Cologne CDSL, CC BY-SA 4.0); Wikidata (CC0)	0.75
Kunti	Q844424	Kuntī, character from Indian epic Mahabharata	girl	कुन्ती	Kuntī	Sanskrit	Hindu		Bhagavad Gita	Chapter 1	Gita 1.16	https://gretil.sub.uni-goettingen.de/gretil/1_sanskr/2_epic/mbh/ext/bhgce__u.htm	1	human	personal	attested		GRETIL Mahabharata (BORI critical ed., Tokunaga/Smith e-text); Monier-Williams Sanskrit-English Dictionary (Cologne CDSL, CC BY-SA 4.0); Wikidata (CC0)	0.75
Draupadeya	slug:hindu:draupadeya	Draupadeya, the 5 sons of Draupadī		द्रौपदेय	Draupadeya	Sanskrit	Hindu		Bhagavad Gita	Chapter 1	Gita 1.6	https://gretil.sub.uni-goettingen.de/gretil/1_sanskr/2_epic/mbh/ext/bhgce__u.htm	2	tribe	personal	attested		GRETIL Mahabharata (BORI critical ed., Tokunaga/Smith e-text); Monier-Williams Sanskrit-English Dictionary (Cologne CDSL, CC BY-SA 4.0)	0.70
Kapidhvaja	slug:hindu:arjuna-cfabove	Arjuna (cf. above)	boy	कपिध्वज	Kapidhvaja	Sanskrit	Hindu		Bhagavad Gita	Chapter 1	Gita 1.20	https://gretil.sub.uni-goettingen.de/gretil/1_sanskr/2_epic/mbh/ext/bhgce__u.htm	1	human	epithet	attested	epithet of Arjuna	GRETIL Mahabharata (BORI critical ed., Tokunaga/Smith e-text); Monier-Williams Sanskrit-English Dictionary (Cologne CDSL, CC BY-SA 4.0)	0.70
Purujit	slug:hindu:purujit	Purujit, a hero on the side of the Pāṇḍus and brother of Kunti-bhoja	boy	पुरुजित्	Purujit	Sanskrit	Hindu		Bhagavad Gita	Chapter 1	Gita 1.5	https://gretil.sub.uni-goettingen.de/gretil/1_sanskr/2_epic/mbh/ext/bhgce__u.htm	1	human	personal	attested		GRETIL Mahabharata (BORI critical ed., Tokunaga/Smith e-text); Monier-Williams Sanskrit-English Dictionary (Cologne CDSL, CC BY-SA 4.0)	0.70
Saumadatti	slug:hindu:saumadatti	Saumadatti, m. patr. fr	boy	सौमदत्ति	Saumadatti	Sanskrit	Hindu		Bhagavad Gita	Chapter 1	Gita 1.8	https://gretil.sub.uni-goettingen.de/gretil/1_sanskr/2_epic/mbh/ext/bhgce__u.htm	1	human	personal	attested		GRETIL Mahabharata (BORI critical ed., Tokunaga/Smith e-text); Monier-Williams Sanskrit-English Dictionary (Cologne CDSL, CC BY-SA 4.0)	0.70
Brahmasu	Q2879755	Aniruddha, Grandson of Lord Krishna	boy	ब्रह्मसू	Brahmasū	Sanskrit	Hindu		Bhagavad Gita	Chapter 13	Gita 13.4	https://gretil.sub.uni-goettingen.de/gretil/1_sanskr/2_epic/mbh/ext/bhgce__u.htm	1	human	epithet	attested	epithet of Aniruddha (also used of Kāmadeva)	GRETIL Mahabharata (BORI critical ed., Tokunaga/Smith e-text); Monier-Williams Sanskrit-English Dictionary (Cologne CDSL, CC BY-SA 4.0); Wikidata (CC0)	0.65
Manipushpaka	slug:hindu:manipushpaka	Manipushpaka, the conch-shell of Saha-deva		मणिपुष्पक	Maṇipuṣpaka	Sanskrit	Hindu		Bhagavad Gita	Chapter 1	Gita 1.16	https://gretil.sub.uni-goettingen.de/gretil/1_sanskr/2_epic/mbh/ext/bhgce__u.htm	1	concept	personal	attested		GRETIL Mahabharata (BORI critical ed., Tokunaga/Smith e-text); Monier-Williams Sanskrit-English Dictionary (Cologne CDSL, CC BY-SA 4.0)	0.60
Lanka	Q721272	Lanka		लङ्का	Laṅkā	Sanskrit	Hindu		Valmiki Ramayana	Bala Kanda	Ramayana 1.1.58	https://gretil.sub.uni-goettingen.de/gretil/corpustei/transformations/html/sa_rAmAyaNa.htm	313	place	personal	attested		GRETIL Valmiki Ramayana (Baroda critical ed., Tokunaga/Smith e-text, CC BY-NC-SA 4.0); Monier-Williams Sanskrit-English Dictionary (Cologne CDSL, CC BY-SA 4.0); Wikidata (CC0)	0.95
Vali	Q4390883	Vālī, figure in the Ramayana	boy	वालिन्	Vālin	Sanskrit	Hindu		Valmiki Ramayana	Bala Kanda	Ramayana 1.1.49	https://gretil.sub.uni-goettingen.de/gretil/corpustei/transformations/html/sa_rAmAyaNa.htm	173	human	personal	attested		GRETIL Valmiki Ramayana (Baroda critical ed., Tokunaga/Smith e-text, CC BY-NC-SA 4.0); Monier-Williams Sanskrit-English Dictionary (Cologne CDSL, CC BY-SA 4.0); Wikidata (CC0)	0.95
Kumbhakarna	Q1987450	Kumbhakarṇa, younger brother of Ravana in the Ramayana	boy	कुम्भकर्ण	Kumbhakarṇa	Sanskrit	Hindu		Valmiki Ramayana	Bala Kanda	Ramayana 1.3.26	https://gretil.sub.uni-goettingen.de/gretil/corpustei/transformations/html/sa_rAmAyaNa.htm	169	demon	personal	attested		GRETIL Valmiki Ramayana (Baroda critical ed., Tokunaga/Smith e-text, CC BY-NC-SA 4.0); Monier-Williams Sanskrit-English Dictionary (Cologne CDSL, CC BY-SA 4.0); Wikidata (CC0)	0.95
Hanuman	Q188618	Hanuman	boy	हनुमत्	Hanumat	Sanskrit	Hindu		Valmiki Ramayana	Bala Kanda	Ramayana 1.1.47	https://gretil.sub.uni-goettingen.de/gretil/corpustei/transformations/html/sa_rAmAyaNa.htm	152	deity	personal	attested		GRETIL Valmiki Ramayana (Baroda critical ed., Tokunaga/Smith e-text, CC BY-NC-SA 4.0); Monier-Williams Sanskrit-English Dictionary (Cologne CDSL, CC BY-SA 4.0); Wikidata (CC0)	0.95
Jatayu	Q1323463	Jaṭāyu, bird deity in Hinduism who appears in the Ramayana epic	boy	जटायु	Jaṭāyu	Sanskrit	Hindu		Valmiki Ramayana	Bala Kanda	Ramayana 1.1.42	https://gretil.sub.uni-goettingen.de/gretil/corpustei/transformations/html/sa_rAmAyaNa.htm	45	deity	personal	attested		GRETIL Valmiki Ramayana (Baroda critical ed., Tokunaga/Smith e-text, CC BY-NC-SA 4.0); Monier-Williams Sanskrit-English Dictionary (Cologne CDSL, CC BY-SA 4.0); Wikidata (CC0)	0.95
Sampati	Q2392781	Sampāti, fictional character	boy	सम्पाति	Sampāti	Sanskrit	Hindu		Valmiki Ramayana	Bala Kanda	Ramayana 1.1.57	https://gretil.sub.uni-goettingen.de/gretil/corpustei/transformations/html/sa_rAmAyaNa.htm	23	mythological_being	personal	attested		GRETIL Valmiki Ramayana (Baroda critical ed., Tokunaga/Smith e-text, CC BY-NC-SA 4.0); Monier-Williams Sanskrit-English Dictionary (Cologne CDSL, CC BY-SA 4.0); Wikidata (CC0)	0.95
Shurpanakha	Q1969788	Surpanakha, Evil character of Ramayana (Ravana's younger sister)	girl	शूर्पणखा	Śūrpaṇakhā	Sanskrit	Hindu		Valmiki Ramayana	Bala Kanda	Ramayana 1.1.36	https://gretil.sub.uni-goettingen.de/gretil/corpustei/transformations/html/sa_rAmAyaNa.htm	21	human	personal	attested		GRETIL Valmiki Ramayana (Baroda critical ed., Tokunaga/Smith e-text, CC BY-NC-SA 4.0); Monier-Williams Sanskrit-English Dictionary (Cologne CDSL, CC BY-SA 4.0); Wikidata (CC0)	0.95
Sumali	Q2978947	Sumali	boy	सुमालिन्	Sumālin	Sanskrit	Hindu		Valmiki Ramayana	Uttara Kanda	Ramayana 7.5.33	https://gretil.sub.uni-goettingen.de/gretil/corpustei/transformations/html/sa_rAmAyaNa.htm	20	human	personal	attested		GRETIL Valmiki Ramayana (Baroda critical ed., Tokunaga/Smith e-text, CC BY-NC-SA 4.0); Monier-Williams Sanskrit-English Dictionary (Cologne CDSL, CC BY-SA 4.0); Wikidata (CC0)	0.95
Devantaka	Q6965380	Narantaka-Devantaka, Hindu asuras	boy	देवान्तक	Devāntaka	Sanskrit	Hindu		Valmiki Ramayana	Yuddha Kanda	Ramayana 6.56.3	https://gretil.sub.uni-goettingen.de/gretil/corpustei/transformations/html/sa_rAmAyaNa.htm	15	human	personal	attested		GRETIL Valmiki Ramayana (Baroda critical ed., Tokunaga/Smith e-text, CC BY-NC-SA 4.0); Monier-Williams Sanskrit-English Dictionary (Cologne CDSL, CC BY-SA 4.0); Wikidata (CC0)	0.95
Jabali	Q17058396	Jabali, character in the Ramayana	boy	जाबालि	Jābāli	Sanskrit	Hindu		Valmiki Ramayana	Bala Kanda	Ramayana 1.11.6	https://gretil.sub.uni-goettingen.de/gretil/corpustei/transformations/html/sa_rAmAyaNa.htm	11	human	personal	attested		GRETIL Valmiki Ramayana (Baroda critical ed., Tokunaga/Smith e-text, CC BY-NC-SA 4.0); Monier-Williams Sanskrit-English Dictionary (Cologne CDSL, CC BY-SA 4.0); Wikidata (CC0)	0.95
Ruma	Q7379445	Ruma, wife of Sugriva	girl	रुमा	Rumā	Sanskrit	Hindu		Valmiki Ramayana	Kishkindha Kanda	Ramayana 4.18.19	https://gretil.sub.uni-goettingen.de/gretil/corpustei/transformations/html/sa_rAmAyaNa.htm	10	human	personal	attested		GRETIL Valmiki Ramayana (Baroda critical ed., Tokunaga/Smith e-text, CC BY-NC-SA 4.0); Monier-Williams Sanskrit-English Dictionary (Cologne CDSL, CC BY-SA 4.0); Wikidata (CC0)	0.95
Shunashepa	Q21027196	Shunashepa, fictional character	boy	शुनःशेप	Śunaḥśepa	Sanskrit	Hindu		Valmiki Ramayana	Bala Kanda	Ramayana 1.60.19	https://gretil.sub.uni-goettingen.de/gretil/corpustei/transformations/html/sa_rAmAyaNa.htm	8	human	personal	attested		GRETIL Valmiki Ramayana (Baroda critical ed., Tokunaga/Smith e-text, CC BY-NC-SA 4.0); Monier-Williams Sanskrit-English Dictionary (Cologne CDSL, CC BY-SA 4.0); Wikidata (CC0)	0.95
Mandodari	Q1427875	Mandodarī, Wife of Rāvaṇa	girl	मन्दोदरी	Mandodarī	Sanskrit	Hindu		Valmiki Ramayana	Sundara Kanda	Ramayana 5.8.48	https://gretil.sub.uni-goettingen.de/gretil/corpustei/transformations/html/sa_rAmAyaNa.htm	7	human	personal	attested		GRETIL Valmiki Ramayana (Baroda critical ed., Tokunaga/Smith e-text, CC BY-NC-SA 4.0); Monier-Williams Sanskrit-English Dictionary (Cologne CDSL, CC BY-SA 4.0); Wikidata (CC0)	0.95
Kaikasi	Q6347780	Kaikesi, Mother of King Ravana of Lanka	girl	कैकसी	Kaikasī	Sanskrit	Hindu		Valmiki Ramayana	Uttara Kanda	Ramayana 7.5.36	https://gretil.sub.uni-goettingen.de/gretil/corpustei/transformations/html/sa_rAmAyaNa.htm	6	royal	personal	attested		GRETIL Valmiki Ramayana (Baroda critical ed., Tokunaga/Smith e-text, CC BY-NC-SA 4.0); Monier-Williams Sanskrit-English Dictionary (Cologne CDSL, CC BY-SA 4.0); Wikidata (CC0)	0.95
Vedavati	Q3521649	Vedavati, avatar of Hindu goddess Lakshmi	girl	वेदवती	Vedavatī	Sanskrit	Hindu		Valmiki Ramayana	Uttara Kanda	Ramayana 7.17.8	https://gretil.sub.uni-goettingen.de/gretil/corpustei/transformations/html/sa_rAmAyaNa.htm	4	deity	personal	attested		GRETIL Valmiki Ramayana (Baroda critical ed., Tokunaga/Smith e-text, CC BY-NC-SA 4.0); Monier-Williams Sanskrit-English Dictionary (Cologne CDSL, CC BY-SA 4.0); Wikidata (CC0)	0.95
Angada	Q3166589	Angada, son of Vālī and Tārā	boy	अङ्गद	Aṅgada	Sanskrit	Hindu		Valmiki Ramayana	Ayodhya Kanda	Ramayana 2.29.5	https://gretil.sub.uni-goettingen.de/gretil/corpustei/transformations/html/sa_rAmAyaNa.htm	182	human	personal	attested		GRETIL Valmiki Ramayana (Baroda critical ed., Tokunaga/Smith e-text, CC BY-NC-SA 4.0); Monier-Williams Sanskrit-English Dictionary (Cologne CDSL, CC BY-SA 4.0); Wikidata (CC0)	0.90
Ahalya	Q796591	Ahalyā, Wife of the sage Gautama Maharishi in Hinduism	girl	अहल्या	Ahalyā	Sanskrit	Hindu		Valmiki Ramayana	Bala Kanda	Ramayana 1.47.16	https://gretil.sub.uni-goettingen.de/gretil/corpustei/transformations/html/sa_rAmAyaNa.htm	8	sage	personal	attested		GRETIL Valmiki Ramayana (Baroda critical ed., Tokunaga/Smith e-text, CC BY-NC-SA 4.0); Monier-Williams Sanskrit-English Dictionary (Cologne CDSL, CC BY-SA 4.0); Wikidata (CC0)	0.90
Anjana	Q12989817	Añjanā, mother of Hanuman (Ramayana)	girl	अञ्जना	Añjanā	Sanskrit	Hindu		Valmiki Ramayana	Kishkindha Kanda	Ramayana 4.36.5	https://gretil.sub.uni-goettingen.de/gretil/corpustei/transformations/html/sa_rAmAyaNa.htm	8	deity	personal	attested		GRETIL Valmiki Ramayana (Baroda critical ed., Tokunaga/Smith e-text, CC BY-NC-SA 4.0); Monier-Williams Sanskrit-English Dictionary (Cologne CDSL, CC BY-SA 4.0); Wikidata (CC0)	0.90
Menaka	Q2367292	Menakā, apsara from Hindu mythology	girl	मेनका	Menakā	Sanskrit	Hindu		Valmiki Ramayana	Bala Kanda	Ramayana 1.62.4	https://gretil.sub.uni-goettingen.de/gretil/corpustei/transformations/html/sa_rAmAyaNa.htm	3	mythological_being	personal	attested		GRETIL Valmiki Ramayana (Baroda critical ed., Tokunaga/Smith e-text, CC BY-NC-SA 4.0); Monier-Williams Sanskrit-English Dictionary (Cologne CDSL, CC BY-SA 4.0); Wikidata (CC0)	0.90
Nalakubara	Q3335383	Nalakuvara, son of Kubera in Hinduism	boy	नलकूबर	Nalakūbara	Sanskrit	Hindu		Valmiki Ramayana	Uttara Kanda	Ramayana 7.26.24	https://gretil.sub.uni-goettingen.de/gretil/corpustei/transformations/html/sa_rAmAyaNa.htm	3	human	personal	attested		GRETIL Valmiki Ramayana (Baroda critical ed., Tokunaga/Smith e-text, CC BY-NC-SA 4.0); Monier-Williams Sanskrit-English Dictionary (Cologne CDSL, CC BY-SA 4.0); Wikidata (CC0)	0.90
Rama	Q160213	Rama	boy	राम	Rāma	Sanskrit	Hindu		Valmiki Ramayana	Bala Kanda	Ramayana 1.1.21	https://gretil.sub.uni-goettingen.de/gretil/corpustei/transformations/html/sa_rAmAyaNa.htm	2245	human	personal	attested		GRETIL Valmiki Ramayana (Baroda critical ed., Tokunaga/Smith e-text, CC BY-NC-SA 4.0); Monier-Williams Sanskrit-English Dictionary (Cologne CDSL, CC BY-SA 4.0); Wikidata (CC0)	0.85
Lakshmana	Q917687	Lakshmana, An incarnation of Sheshnaga, The younger and most beloved brother of Lord Rama	boy	लक्ष्मण	Lakṣmaṇa	Sanskrit	Hindu		Valmiki Ramayana	Bala Kanda	Ramayana 1.4.24	https://gretil.sub.uni-goettingen.de/gretil/corpustei/transformations/html/sa_rAmAyaNa.htm	824	human	personal	attested		GRETIL Valmiki Ramayana (Baroda critical ed., Tokunaga/Smith e-text, CC BY-NC-SA 4.0); Monier-Williams Sanskrit-English Dictionary (Cologne CDSL, CC BY-SA 4.0); Wikidata (CC0)	0.85
Ravana	Q235102	Rāvaṇa, King of Lankā in the Hindu epic Ramayana	boy	रावण	Rāvaṇa	Sanskrit	Hindu		Valmiki Ramayana	Bala Kanda	Ramayana 1.1.39	https://gretil.sub.uni-goettingen.de/gretil/corpustei/transformations/html/sa_rAmAyaNa.htm	775	demon	personal	attested		GRETIL Valmiki Ramayana (Baroda critical ed., Tokunaga/Smith e-text, CC BY-NC-SA 4.0); Monier-Williams Sanskrit-English Dictionary (Cologne CDSL, CC BY-SA 4.0); Wikidata (CC0)	0.85
Sita	Q191114	Sita, Hindu goddess	girl	सीता	Sītā	Sanskrit	Hindu		Valmiki Ramayana	Bala Kanda	Ramayana 1.1.24	https://gretil.sub.uni-goettingen.de/gretil/corpustei/transformations/html/sa_rAmAyaNa.htm	718	deity	personal	attested		GRETIL Valmiki Ramayana (Baroda critical ed., Tokunaga/Smith e-text, CC BY-NC-SA 4.0); Monier-Williams Sanskrit-English Dictionary (Cologne CDSL, CC BY-SA 4.0); Wikidata (CC0)	0.85
Vanara	Q2321180	Vānara, mythical creatures in the Ramayana (a Hindu epic)		वानर	Vānara	Sanskrit	Hindu		Valmiki Ramayana	Bala Kanda	Ramayana 1.1.47	https://gretil.sub.uni-goettingen.de/gretil/corpustei/transformations/html/sa_rAmAyaNa.htm	575	tribe	personal	attested		GRETIL Valmiki Ramayana (Baroda critical ed., Tokunaga/Smith e-text, CC BY-NC-SA 4.0); Monier-Williams Sanskrit-English Dictionary (Cologne CDSL, CC BY-SA 4.0); Wikidata (CC0)	0.85
Sugriva	Q1987461	Sugrīva, younger brother of Vālī in Ramayana	boy	सुग्रीव	Sugrīva	Sanskrit	Hindu		Valmiki Ramayana	Bala Kanda	Ramayana 1.1.48	https://gretil.sub.uni-goettingen.de/gretil/corpustei/transformations/html/sa_rAmAyaNa.htm	469	human	personal	attested		GRETIL Valmiki Ramayana (Baroda critical ed., Tokunaga/Smith e-text, CC BY-NC-SA 4.0); Monier-Williams Sanskrit-English Dictionary (Cologne CDSL, CC BY-SA 4.0); Wikidata (CC0)	0.85
Bharata	Q1978615	Bharata, Rama's brother	boy	भरत	Bharata	Sanskrit	Hindu		Valmiki Ramayana	Bala Kanda	Ramayana 1.4.24	https://gretil.sub.uni-goettingen.de/gretil/corpustei/transformations/html/sa_rAmAyaNa.htm	427	human	personal	attested		GRETIL Valmiki Ramayana (Baroda critical ed., Tokunaga/Smith e-text, CC BY-NC-SA 4.0); Monier-Williams Sanskrit-English Dictionary (Cologne CDSL, CC BY-SA 4.0); Wikidata (CC0)	0.85
Vibhishana	Q3285505	Vibhīṣaṇa, Brother of Rāvaṇa in Ramayana	boy	विभीषण	Vibhīṣaṇa	Sanskrit	Hindu		Valmiki Ramayana	Bala Kanda	Ramayana 1.1.66	https://gretil.sub.uni-goettingen.de/gretil/corpustei/transformations/html/sa_rAmAyaNa.htm	188	demon	personal	attested		GRETIL Valmiki Ramayana (Baroda critical ed., Tokunaga/Smith e-text, CC BY-NC-SA 4.0); Monier-Williams Sanskrit-English Dictionary (Cologne CDSL, CC BY-SA 4.0); Wikidata (CC0)	0.85
Dasharatha	Q1996692	Dasharatha, Father of Rama	boy	दशरथ	Daśaratha	Sanskrit	Hindu		Valmiki Ramayana	Bala Kanda	Ramayana 1.1.21	https://gretil.sub.uni-goettingen.de/gretil/corpustei/transformations/html/sa_rAmAyaNa.htm	147	human	personal	attested		GRETIL Valmiki Ramayana (Baroda critical ed., Tokunaga/Smith e-text, CC BY-NC-SA 4.0); Monier-Williams Sanskrit-English Dictionary (Cologne CDSL, CC BY-SA 4.0); Wikidata (CC0)	0.85
Raghunandana	Q160213	Rama	boy	रघुनन्दन	Raghunandana	Sanskrit	Hindu		Valmiki Ramayana	Bala Kanda	Ramayana 1.10.23	https://gretil.sub.uni-goettingen.de/gretil/corpustei/transformations/html/sa_rAmAyaNa.htm	117	human	epithet	attested	epithet of Rama	GRETIL Valmiki Ramayana (Baroda critical ed., Tokunaga/Smith e-text, CC BY-NC-SA 4.0); Monier-Williams Sanskrit-English Dictionary (Cologne CDSL, CC BY-SA 4.0); Wikidata (CC0)	0.85
Shatrughna	Q3518451	Shatrughna, Rama's brother	boy	शत्रुघ्न	Śatrughna	Sanskrit	Hindu		Valmiki Ramayana	Bala Kanda	Ramayana 1.4.24	https://gretil.sub.uni-goettingen.de/gretil/corpustei/transformations/html/sa_rAmAyaNa.htm	115	human	personal	attested		GRETIL Valmiki Ramayana (Baroda critical ed., Tokunaga/Smith e-text, CC BY-NC-SA 4.0); Monier-Williams Sanskrit-English Dictionary (Cologne CDSL, CC BY-SA 4.0); Wikidata (CC0)	0.85
Khara	Q2978483	Khara, Hindu deity	boy	खर	Khara	Sanskrit	Hindu		Valmiki Ramayana	Bala Kanda	Ramayana 1.1.37	https://gretil.sub.uni-goettingen.de/gretil/corpustei/transformations/html/sa_rAmAyaNa.htm	110	deity	personal	attested		GRETIL Valmiki Ramayana (Baroda critical ed., Tokunaga/Smith e-text, CC BY-NC-SA 4.0); Monier-Williams Sanskrit-English Dictionary (Cologne CDSL, CC BY-SA 4.0); Wikidata (CC0)	0.85
Marutatmaja	Q188618	Hanuman	boy	मारुतात्मज	Mārutātmaja	Sanskrit	Hindu		Valmiki Ramayana	Kishkindha Kanda	Ramayana 4.2.27	https://gretil.sub.uni-goettingen.de/gretil/corpustei/transformations/html/sa_rAmAyaNa.htm	68	deity	epithet	attested	epithet of Hanuman (Wikidata alias)	GRETIL Valmiki Ramayana (Baroda critical ed., Tokunaga/Smith e-text, CC BY-NC-SA 4.0); Monier-Williams Sanskrit-English Dictionary (Cologne CDSL, CC BY-SA 4.0); Wikidata (CC0)	0.85
Prahasta	Q2581128	Prahasta, Maternal uncle of Ravana	boy	प्रहस्त	Prahasta	Sanskrit	Hindu		Valmiki Ramayana	Sundara Kanda	Ramayana 5.48.4	https://gretil.sub.uni-goettingen.de/gretil/corpustei/transformations/html/sa_rAmAyaNa.htm	66	human	personal	attested		GRETIL Valmiki Ramayana (Baroda critical ed., Tokunaga/Smith e-text, CC BY-NC-SA 4.0); Monier-Williams Sanskrit-English Dictionary (Cologne CDSL, CC BY-SA 4.0); Wikidata (CC0)	0.85
Janaka	Q1500207	Janaka, father of Sita	boy	जनक	Janaka	Sanskrit	Hindu		Valmiki Ramayana	Bala Kanda	Ramayana 1.46.19	https://gretil.sub.uni-goettingen.de/gretil/corpustei/transformations/html/sa_rAmAyaNa.htm	56	human	personal	attested		GRETIL Valmiki Ramayana (Baroda critical ed., Tokunaga/Smith e-text, CC BY-NC-SA 4.0); Monier-Williams Sanskrit-English Dictionary (Cologne CDSL, CC BY-SA 4.0); Wikidata (CC0)	0.85
Tara	Q3519424	Tārā, Queen of Kiṣkindhā and wife of the monkey (vānara) King Vālī	girl	तारा	Tārā	Sanskrit	Hindu		Valmiki Ramayana	Ayodhya Kanda	Ramayana 2.59.11	https://gretil.sub.uni-goettingen.de/gretil/corpustei/transformations/html/sa_rAmAyaNa.htm	56	royal	personal	attested		GRETIL Valmiki Ramayana (Baroda critical ed., Tokunaga/Smith e-text, CC BY-NC-SA 4.0); Monier-Williams Sanskrit-English Dictionary (Cologne CDSL, CC BY-SA 4.0); Wikidata (CC0)	0.85
Maricha	Q2474456	Mārīca, demon	boy	मारीच	Mārīca	Sanskrit	Hindu		Valmiki Ramayana	Bala Kanda	Ramayana 1.1.39	https://gretil.sub.uni-goettingen.de/gretil/corpustei/transformations/html/sa_rAmAyaNa.htm	46	human	personal	attested		GRETIL Valmiki Ramayana (Baroda critical ed., Tokunaga/Smith e-text, CC BY-NC-SA 4.0); Monier-Williams Sanskrit-English Dictionary (Cologne CDSL, CC BY-SA 4.0); Wikidata (CC0)	0.85
Bharadvaja	Q130708933	Bharadwaja, Character in Ramayana	boy	भरद्वाज	Bharadvāja	Sanskrit	Hindu		Valmiki Ramayana	Ayodhya Kanda	Ramayana 2.48.9	https://gretil.sub.uni-goettingen.de/gretil/corpustei/transformations/html/sa_rAmAyaNa.htm	44	human	personal	attested		GRETIL Valmiki Ramayana (Baroda critical ed., Tokunaga/Smith e-text, CC BY-NC-SA 4.0); Monier-Williams Sanskrit-English Dictionary (Cologne CDSL, CC BY-SA 4.0); Wikidata (CC0)	0.85
Sushena	Q12458201	Sushena	boy	सुषेण	Suṣeṇa	Sanskrit	Hindu		Valmiki Ramayana	Kishkindha Kanda	Ramayana 4.41.2	https://gretil.sub.uni-goettingen.de/gretil/corpustei/transformations/html/sa_rAmAyaNa.htm	38	human	personal	attested		GRETIL Valmiki Ramayana (Baroda critical ed., Tokunaga/Smith e-text, CC BY-NC-SA 4.0); Monier-Williams Sanskrit-English Dictionary (Cologne CDSL, CC BY-SA 4.0); Wikidata (CC0)	0.85
Maruti	Q188618	Hanuman	boy	मारुति	Māruti	Sanskrit	Hindu		Valmiki Ramayana	Sundara Kanda	Ramayana 5.1.151	https://gretil.sub.uni-goettingen.de/gretil/corpustei/transformations/html/sa_rAmAyaNa.htm	33	deity	epithet	attested	epithet of Hanuman (Wikidata alias)	GRETIL Valmiki Ramayana (Baroda critical ed., Tokunaga/Smith e-text, CC BY-NC-SA 4.0); Monier-Williams Sanskrit-English Dictionary (Cologne CDSL, CC BY-SA 4.0); Wikidata (CC0)	0.85
Atikaya	Q2581177	Atikaya, character of Indian epic Ramayana	boy	अतिकाय	Atikāya	Sanskrit	Hindu		Valmiki Ramayana	Sundara Kanda	Ramayana 5.40.5	https://gretil.sub.uni-goettingen.de/gretil/corpustei/transformations/html/sa_rAmAyaNa.htm	27	human	personal	attested		GRETIL Valmiki Ramayana (Baroda critical ed., Tokunaga/Smith e-text, CC BY-NC-SA 4.0); Monier-Williams Sanskrit-English Dictionary (Cologne CDSL, CC BY-SA 4.0); Wikidata (CC0)	0.85
Kabandha	Q2342567	Kabandha, Demon in Hindu mythology	boy	कबन्ध	Kabandha	Sanskrit	Hindu		Valmiki Ramayana	Aranya Kanda	Ramayana 3.65.27	https://gretil.sub.uni-goettingen.de/gretil/corpustei/transformations/html/sa_rAmAyaNa.htm	27	human	personal	attested		GRETIL Valmiki Ramayana (Baroda critical ed., Tokunaga/Smith e-text, CC BY-NC-SA 4.0); Monier-Williams Sanskrit-English Dictionary (Cologne CDSL, CC BY-SA 4.0); Wikidata (CC0)	0.85
Garuda	Q188676	Garuda, eagle-like divine bird in Hinduism, Buddhism and Jainism	boy	गरुड	Garuḍa	Sanskrit	Hindu		Valmiki Ramayana	Sundara Kanda	Ramayana 5.19.23	https://gretil.sub.uni-goettingen.de/gretil/corpustei/transformations/html/sa_rAmAyaNa.htm	24	deity	personal	attested		GRETIL Valmiki Ramayana (Baroda critical ed., Tokunaga/Smith e-text, CC BY-NC-SA 4.0); Monier-Williams Sanskrit-English Dictionary (Cologne CDSL, CC BY-SA 4.0); Wikidata (CC0)	0.85
Maya	Q2723049	Mayasura, ancient king of the asuras, daityas and rākṣasa races in Hindu mythology	boy	मय	Maya	Sanskrit	Hindu		Valmiki Ramayana	Aranya Kanda	Ramayana 3.52.13	https://gretil.sub.uni-goettingen.de/gretil/corpustei/transformations/html/sa_rAmAyaNa.htm	16	royal	personal	attested		GRETIL Valmiki Ramayana (Baroda critical ed., Tokunaga/Smith e-text, CC BY-NC-SA 4.0); Monier-Williams Sanskrit-English Dictionary (Cologne CDSL, CC BY-SA 4.0); Wikidata (CC0)	0.85
Chirad	Q188676	Garuda, eagle-like divine bird in Hinduism, Buddhism and Jainism	boy	चिराद्	Cirād	Sanskrit	Hindu		Valmiki Ramayana	Aranya Kanda	Ramayana 3.4.19	https://gretil.sub.uni-goettingen.de/gretil/corpustei/transformations/html/sa_rAmAyaNa.htm	15	deity	epithet	attested	epithet of Garuda	GRETIL Valmiki Ramayana (Baroda critical ed., Tokunaga/Smith e-text, CC BY-NC-SA 4.0); Monier-Williams Sanskrit-English Dictionary (Cologne CDSL, CC BY-SA 4.0); Wikidata (CC0)	0.85
Mali	Q107639073	Mali	boy	मालिन्	Mālin	Sanskrit	Hindu		Valmiki Ramayana	Uttara Kanda	Ramayana 7.6.33	https://gretil.sub.uni-goettingen.de/gretil/corpustei/transformations/html/sa_rAmAyaNa.htm	14	human	personal	attested		GRETIL Valmiki Ramayana (Baroda critical ed., Tokunaga/Smith e-text, CC BY-NC-SA 4.0); Monier-Williams Sanskrit-English Dictionary (Cologne CDSL, CC BY-SA 4.0); Wikidata (CC0)	0.85
Devaraj	Q128335	Indra	boy	देवराज्	Devarāj	Sanskrit	Hindu		Valmiki Ramayana	Bala Kanda	Ramayana 1.32.19	https://gretil.sub.uni-goettingen.de/gretil/corpustei/transformations/html/sa_rAmAyaNa.htm	12	deity	epithet	attested	epithet of Indra	GRETIL Valmiki Ramayana (Baroda critical ed., Tokunaga/Smith e-text, CC BY-NC-SA 4.0); Monier-Williams Sanskrit-English Dictionary (Cologne CDSL, CC BY-SA 4.0); Wikidata (CC0)	0.85
Vayuputra	Q188618	Hanuman	boy	वायुपुत्र	Vāyuputra	Sanskrit	Hindu		Valmiki Ramayana	Kishkindha Kanda	Ramayana 4.5.10	https://gretil.sub.uni-goettingen.de/gretil/corpustei/transformations/html/sa_rAmAyaNa.htm	12	deity	epithet	attested	epithet of Hanuman	GRETIL Valmiki Ramayana (Baroda critical ed., Tokunaga/Smith e-text, CC BY-NC-SA 4.0); Monier-Williams Sanskrit-English Dictionary (Cologne CDSL, CC BY-SA 4.0); Wikidata (CC0)	0.85
Trijata	Q2760226	Trijata, demoness in the Hindu epic Ramayana	girl	त्रिजटा	Trijaṭā	Sanskrit	Hindu		Valmiki Ramayana	Sundara Kanda	Ramayana 5.28.1	https://gretil.sub.uni-goettingen.de/gretil/corpustei/transformations/html/sa_rAmAyaNa.htm	10	demon	personal	attested		GRETIL Valmiki Ramayana (Baroda critical ed., Tokunaga/Smith e-text, CC BY-NC-SA 4.0); Monier-Williams Sanskrit-English Dictionary (Cologne CDSL, CC BY-SA 4.0); Wikidata (CC0)	0.85
Daksha	Q1157763	Daksha, Hindu celestial being	boy	दक्ष	Dakṣa	Sanskrit	Hindu		Valmiki Ramayana	Aranya Kanda	Ramayana 3.13.10	https://gretil.sub.uni-goettingen.de/gretil/corpustei/transformations/html/sa_rAmAyaNa.htm	9	deity	personal	attested		GRETIL Valmiki Ramayana (Baroda critical ed., Tokunaga/Smith e-text, CC BY-NC-SA 4.0); Monier-Williams Sanskrit-English Dictionary (Cologne CDSL, CC BY-SA 4.0); Wikidata (CC0)	0.85
Aja	Q3595876	Aja, 38th king in the Solar Dynasty		अज	Aja	Sanskrit	Hindu		Valmiki Ramayana	Bala Kanda	Ramayana 1.1.49	https://gretil.sub.uni-goettingen.de/gretil/corpustei/transformations/html/sa_rAmAyaNa.htm	8	tribe	personal	attested		GRETIL Valmiki Ramayana (Baroda critical ed., Tokunaga/Smith e-text, CC BY-NC-SA 4.0); Monier-Williams Sanskrit-English Dictionary (Cologne CDSL, CC BY-SA 4.0); Wikidata (CC0)	0.85
Bharatagraja	Q160213	Rama	boy	भरताग्रज	Bharatāgraja	Sanskrit	Hindu		Valmiki Ramayana	Bala Kanda	Ramayana 1.1.30	https://gretil.sub.uni-goettingen.de/gretil/corpustei/transformations/html/sa_rAmAyaNa.htm	8	human	epithet	attested	epithet of Rama	GRETIL Valmiki Ramayana (Baroda critical ed., Tokunaga/Smith e-text, CC BY-NC-SA 4.0); Monier-Williams Sanskrit-English Dictionary (Cologne CDSL, CC BY-SA 4.0); Wikidata (CC0)	0.85
Subahu	Q2568468	Subahu, Character in Ramayana	boy	सुबाहु	Subāhu	Sanskrit	Hindu		Valmiki Ramayana	Bala Kanda	Ramayana 1.18.5	https://gretil.sub.uni-goettingen.de/gretil/corpustei/transformations/html/sa_rAmAyaNa.htm	8	human	personal	attested		GRETIL Valmiki Ramayana (Baroda critical ed., Tokunaga/Smith e-text, CC BY-NC-SA 4.0); Monier-Williams Sanskrit-English Dictionary (Cologne CDSL, CC BY-SA 4.0); Wikidata (CC0)	0.85
Patageshvara	Q188676	Garuda, eagle-like divine bird in Hinduism, Buddhism and Jainism	boy	पतगेश्वर	Patageśvara	Sanskrit	Hindu		Valmiki Ramayana	Aranya Kanda	Ramayana 3.49.11	https://gretil.sub.uni-goettingen.de/gretil/corpustei/transformations/html/sa_rAmAyaNa.htm	7	deity	epithet	attested	epithet of Garuda	GRETIL Valmiki Ramayana (Baroda critical ed., Tokunaga/Smith e-text, CC BY-NC-SA 4.0); Monier-Williams Sanskrit-English Dictionary (Cologne CDSL, CC BY-SA 4.0); Wikidata (CC0)	0.85
Vayusunu	Q188618	Hanuman	boy	वायुसूनु	Vāyusūnu	Sanskrit	Hindu		Valmiki Ramayana	Bala Kanda	Ramayana 1.3.23	https://gretil.sub.uni-goettingen.de/gretil/corpustei/transformations/html/sa_rAmAyaNa.htm	7	deity	epithet	attested	epithet of Hanuman; patronymic	GRETIL Valmiki Ramayana (Baroda critical ed., Tokunaga/Smith e-text, CC BY-NC-SA 4.0); Monier-Williams Sanskrit-English Dictionary (Cologne CDSL, CC BY-SA 4.0); Wikidata (CC0)	0.85
Dhanadanuja	Q235102	Rāvaṇa, King of Lankā in the Hindu epic Ramayana	boy	धनदानुज	Dhanadānuja	Sanskrit	Hindu		Valmiki Ramayana	Aranya Kanda	Ramayana 3.33.7	https://gretil.sub.uni-goettingen.de/gretil/corpustei/transformations/html/sa_rAmAyaNa.htm	6	demon	epithet	attested	epithet of Rāvaṇa	GRETIL Valmiki Ramayana (Baroda critical ed., Tokunaga/Smith e-text, CC BY-NC-SA 4.0); Monier-Williams Sanskrit-English Dictionary (Cologne CDSL, CC BY-SA 4.0); Wikidata (CC0)	0.85
Surarshabha	Q128335	Indra	boy	सुरर्षभ	Surarṣabha	Sanskrit	Hindu		Valmiki Ramayana	Bala Kanda	Ramayana 1.59.23	https://gretil.sub.uni-goettingen.de/gretil/corpustei/transformations/html/sa_rAmAyaNa.htm	6	deity	epithet	attested	epithet of Indra	GRETIL Valmiki Ramayana (Baroda critical ed., Tokunaga/Smith e-text, CC BY-NC-SA 4.0); Monier-Williams Sanskrit-English Dictionary (Cologne CDSL, CC BY-SA 4.0); Wikidata (CC0)	0.85
Surashreshtha	Q128335	Indra	boy	सुरश्रेष्ठ	Suraśreṣṭha	Sanskrit	Hindu		Valmiki Ramayana	Bala Kanda	Ramayana 1.46.6	https://gretil.sub.uni-goettingen.de/gretil/corpustei/transformations/html/sa_rAmAyaNa.htm	6	deity	epithet	attested	epithet of Indra	GRETIL Valmiki Ramayana (Baroda critical ed., Tokunaga/Smith e-text, CC BY-NC-SA 4.0); Monier-Williams Sanskrit-English Dictionary (Cologne CDSL, CC BY-SA 4.0); Wikidata (CC0)	0.85
Vaishravananuja	Q235102	Rāvaṇa, King of Lankā in the Hindu epic Ramayana	boy	वैश्रवणानुज	Vaiśravaṇānuja	Sanskrit	Hindu		Valmiki Ramayana	Aranya Kanda	Ramayana 3.47.6	https://gretil.sub.uni-goettingen.de/gretil/corpustei/transformations/html/sa_rAmAyaNa.htm	6	demon	epithet	attested	epithet of Rāvaṇa	GRETIL Valmiki Ramayana (Baroda critical ed., Tokunaga/Smith e-text, CC BY-NC-SA 4.0); Monier-Williams Sanskrit-English Dictionary (Cologne CDSL, CC BY-SA 4.0); Wikidata (CC0)	0.85
Devadundubhi	Q128335	Indra	boy	देवदुन्दुभि	Devadundubhi	Sanskrit	Hindu		Valmiki Ramayana	Bala Kanda	Ramayana 1.21.5	https://gretil.sub.uni-goettingen.de/gretil/corpustei/transformations/html/sa_rAmAyaNa.htm	5	deity	epithet	attested	epithet of Indra	GRETIL Valmiki Ramayana (Baroda critical ed., Tokunaga/Smith e-text, CC BY-NC-SA 4.0); Monier-Williams Sanskrit-English Dictionary (Cologne CDSL, CC BY-SA 4.0); Wikidata (CC0)	0.85
Kapindra	Q188618	Hanuman	boy	कपीन्द्र	Kapīndra	Sanskrit	Hindu		Valmiki Ramayana	Kishkindha Kanda	Ramayana 4.3.24	https://gretil.sub.uni-goettingen.de/gretil/corpustei/transformations/html/sa_rAmAyaNa.htm	5	deity	epithet	attested	epithet of Hanuman	GRETIL Valmiki Ramayana (Baroda critical ed., Tokunaga/Smith e-text, CC BY-NC-SA 4.0); Monier-Williams Sanskrit-English Dictionary (Cologne CDSL, CC BY-SA 4.0); Wikidata (CC0)	0.85
Ramanuja	Q917687	Lakshmana, An incarnation of Sheshnaga, The younger and most beloved brother of Lord Rama	boy	रामानुज	Rāmānuja	Sanskrit	Hindu		Valmiki Ramayana	Ayodhya Kanda	Ramayana 2.53.24	https://gretil.sub.uni-goettingen.de/gretil/corpustei/transformations/html/sa_rAmAyaNa.htm	5	human	epithet	attested	epithet of Lakshmana (Wikidata alias)	GRETIL Valmiki Ramayana (Baroda critical ed., Tokunaga/Smith e-text, CC BY-NC-SA 4.0); Monier-Williams Sanskrit-English Dictionary (Cologne CDSL, CC BY-SA 4.0); Wikidata (CC0)	0.85
Surendra	Q128335	Indra	boy	सुरेन्द्र	Surendra	Sanskrit	Hindu		Valmiki Ramayana	Kishkindha Kanda	Ramayana 4.27.32	https://gretil.sub.uni-goettingen.de/gretil/corpustei/transformations/html/sa_rAmAyaNa.htm	5	deity	epithet	attested	epithet of Indra	GRETIL Valmiki Ramayana (Baroda critical ed., Tokunaga/Smith e-text, CC BY-NC-SA 4.0); Monier-Williams Sanskrit-English Dictionary (Cologne CDSL, CC BY-SA 4.0); Wikidata (CC0)	0.85
Vatatmaja	Q188618	Hanuman	boy	वातात्मज	Vātātmaja	Sanskrit	Hindu		Valmiki Ramayana	Sundara Kanda	Ramayana 5.1.131	https://gretil.sub.uni-goettingen.de/gretil/corpustei/transformations/html/sa_rAmAyaNa.htm	5	deity	epithet	attested	epithet of Hanuman; patronymic	GRETIL Valmiki Ramayana (Baroda critical ed., Tokunaga/Smith e-text, CC BY-NC-SA 4.0); Monier-Williams Sanskrit-English Dictionary (Cologne CDSL, CC BY-SA 4.0); Wikidata (CC0)	0.85
Kapishvara	Q1987461	Sugrīva, younger brother of Vālī in Ramayana	boy	कपीश्वर	Kapīśvara	Sanskrit	Hindu		Valmiki Ramayana	Kishkindha Kanda	Ramayana 4.28.25	https://gretil.sub.uni-goettingen.de/gretil/corpustei/transformations/html/sa_rAmAyaNa.htm	4	human	epithet	attested	epithet of Sugrīva	GRETIL Valmiki Ramayana (Baroda critical ed., Tokunaga/Smith e-text, CC BY-NC-SA 4.0); Monier-Williams Sanskrit-English Dictionary (Cologne CDSL, CC BY-SA 4.0); Wikidata (CC0)	0.85
Meghanada	Q2043788	Indrajit, Son of Rāvaṇa and Mandodarī in Indian epic Ramayana	boy	मेघनाद	Meghanāda	Sanskrit	Hindu		Valmiki Ramayana	Uttara Kanda	Ramayana 7.12.26	https://gretil.sub.uni-goettingen.de/gretil/corpustei/transformations/html/sa_rAmAyaNa.htm	4	demon	personal	attested		GRETIL Valmiki Ramayana (Baroda critical ed., Tokunaga/Smith e-text, CC BY-NC-SA 4.0); Monier-Williams Sanskrit-English Dictionary (Cologne CDSL, CC BY-SA 4.0); Wikidata (CC0)	0.85
Raghuttama	Q160213	Rama	boy	रघूत्तम	Raghūttama	Sanskrit	Hindu		Valmiki Ramayana	Bala Kanda	Ramayana 1.72.23	https://gretil.sub.uni-goettingen.de/gretil/corpustei/transformations/html/sa_rAmAyaNa.htm	4	human	epithet	attested	epithet of Rama	GRETIL Valmiki Ramayana (Baroda critical ed., Tokunaga/Smith e-text, CC BY-NC-SA 4.0); Monier-Williams Sanskrit-English Dictionary (Cologne CDSL, CC BY-SA 4.0); Wikidata (CC0)	0.85
Saudasa	Q17006691	Kalmāṣapāda, King in Hindu mythology	boy	सौदास	Saudāsa	Sanskrit	Hindu		Valmiki Ramayana	Ayodhya Kanda	Ramayana 2.102.23	https://gretil.sub.uni-goettingen.de/gretil/corpustei/transformations/html/sa_rAmAyaNa.htm	4	royal	epithet	attested	epithet of Kalmāṣapāda (Wikidata alias)	GRETIL Valmiki Ramayana (Baroda critical ed., Tokunaga/Smith e-text, CC BY-NC-SA 4.0); Monier-Williams Sanskrit-English Dictionary (Cologne CDSL, CC BY-SA 4.0); Wikidata (CC0)	0.85
Tareya	Q3166589	Angada, son of Vālī and Tārā	boy	तारेय	Tāreya	Sanskrit	Hindu		Valmiki Ramayana	Kishkindha Kanda	Ramayana 4.22.12	https://gretil.sub.uni-goettingen.de/gretil/corpustei/transformations/html/sa_rAmAyaNa.htm	4	human	epithet	attested	epithet of Angada	GRETIL Valmiki Ramayana (Baroda critical ed., Tokunaga/Smith e-text, CC BY-NC-SA 4.0); Monier-Williams Sanskrit-English Dictionary (Cologne CDSL, CC BY-SA 4.0); Wikidata (CC0)	0.85
Arundhati	Q2992957	Arundhati, wife of the sage Vashistha	girl	अरुन्धती	Arundhatī	Sanskrit	Hindu		Valmiki Ramayana	Yuddha Kanda	Ramayana 6.99.15	https://gretil.sub.uni-goettingen.de/gretil/corpustei/transformations/html/sa_rAmAyaNa.htm	3	sage	personal	attested		GRETIL Valmiki Ramayana (Baroda critical ed., Tokunaga/Smith e-text, CC BY-NC-SA 4.0); Monier-Williams Sanskrit-English Dictionary (Cologne CDSL, CC BY-SA 4.0); Wikidata (CC0)	0.85
Dhanadhipa	Q223617	Kubera	boy	धनाधिप	Dhanādhipa	Sanskrit	Hindu		Valmiki Ramayana	Uttara Kanda	Ramayana 7.13.27	https://gretil.sub.uni-goettingen.de/gretil/corpustei/transformations/html/sa_rAmAyaNa.htm	3	deity	epithet	attested	epithet of Kubera	GRETIL Valmiki Ramayana (Baroda critical ed., Tokunaga/Smith e-text, CC BY-NC-SA 4.0); Monier-Williams Sanskrit-English Dictionary (Cologne CDSL, CC BY-SA 4.0); Wikidata (CC0)	0.85
Lankeshvara	Q235102	Rāvaṇa, King of Lankā in the Hindu epic Ramayana	boy	लङ्केश्वर	Laṅkeśvara	Sanskrit	Hindu		Valmiki Ramayana	Sundara Kanda	Ramayana 5.7.69	https://gretil.sub.uni-goettingen.de/gretil/corpustei/transformations/html/sa_rAmAyaNa.htm	3	demon	epithet	attested	epithet of Rāvaṇa	GRETIL Valmiki Ramayana (Baroda critical ed., Tokunaga/Smith e-text, CC BY-NC-SA 4.0); Monier-Williams Sanskrit-English Dictionary (Cologne CDSL, CC BY-SA 4.0); Wikidata (CC0)	0.85
Parameshvara	Q128335	Indra	boy	परमेश्वर	Parameśvara	Sanskrit	Hindu		Valmiki Ramayana	Bala Kanda	Ramayana 1.56.6	https://gretil.sub.uni-goettingen.de/gretil/corpustei/transformations/html/sa_rAmAyaNa.htm	3	deity	epithet	attested	epithet of Indra	GRETIL Valmiki Ramayana (Baroda critical ed., Tokunaga/Smith e-text, CC BY-NC-SA 4.0); Monier-Williams Sanskrit-English Dictionary (Cologne CDSL, CC BY-SA 4.0); Wikidata (CC0)	0.85
Patatriraja	Q188676	Garuda, eagle-like divine bird in Hinduism, Buddhism and Jainism	boy	पतत्रिराज	Patatrirāja	Sanskrit	Hindu		Valmiki Ramayana	Sundara Kanda	Ramayana 5.45.34	https://gretil.sub.uni-goettingen.de/gretil/corpustei/transformations/html/sa_rAmAyaNa.htm	3	deity	epithet	attested	epithet of Garuda	GRETIL Valmiki Ramayana (Baroda critical ed., Tokunaga/Smith e-text, CC BY-NC-SA 4.0); Monier-Williams Sanskrit-English Dictionary (Cologne CDSL, CC BY-SA 4.0); Wikidata (CC0)	0.85
Prayaga	Q128335	Indra	boy	प्रयाग	Prayāga	Sanskrit	Hindu		Valmiki Ramayana	Ayodhya Kanda	Ramayana 2.48.5	https://gretil.sub.uni-goettingen.de/gretil/corpustei/transformations/html/sa_rAmAyaNa.htm	3	deity	epithet	attested	epithet of Indra	GRETIL Valmiki Ramayana (Baroda critical ed., Tokunaga/Smith e-text, CC BY-NC-SA 4.0); Monier-Williams Sanskrit-English Dictionary (Cologne CDSL, CC BY-SA 4.0); Wikidata (CC0)	0.85
Rakshasesha	Q235102	Rāvaṇa, King of Lankā in the Hindu epic Ramayana	boy	राक्षसेश	Rākṣaseśa	Sanskrit	Hindu		Valmiki Ramayana	Sundara Kanda	Ramayana 5.56.115	https://gretil.sub.uni-goettingen.de/gretil/corpustei/transformations/html/sa_rAmAyaNa.htm	3	demon	epithet	attested	epithet of Rāvaṇa	GRETIL Valmiki Ramayana (Baroda critical ed., Tokunaga/Smith e-text, CC BY-NC-SA 4.0); Monier-Williams Sanskrit-English Dictionary (Cologne CDSL, CC BY-SA 4.0); Wikidata (CC0)	0.85
Ramaduta	Q188618	Hanuman	boy	रामदूत	Rāmadūta	Sanskrit	Hindu		Valmiki Ramayana	Kishkindha Kanda	Ramayana 4.61.11	https://gretil.sub.uni-goettingen.de/gretil/corpustei/transformations/html/sa_rAmAyaNa.htm	3	deity	epithet	attested	epithet of Hanuman (Wikidata alias)	GRETIL Valmiki Ramayana (Baroda critical ed., Tokunaga/Smith e-text, CC BY-NC-SA 4.0); Monier-Williams Sanskrit-English Dictionary (Cologne CDSL, CC BY-SA 4.0); Wikidata (CC0)	0.85
Tridashendrashatru	Q235102	Rāvaṇa, King of Lankā in the Hindu epic Ramayana	boy	त्रिदशेन्द्रशत्रु	Tridaśendraśatru	Sanskrit	Hindu		Valmiki Ramayana	Yuddha Kanda	Ramayana 6.47.99	https://gretil.sub.uni-goettingen.de/gretil/corpustei/transformations/html/sa_rAmAyaNa.htm	3	demon	epithet	attested	epithet of Rāvaṇa	GRETIL Valmiki Ramayana (Baroda critical ed., Tokunaga/Smith e-text, CC BY-NC-SA 4.0); Monier-Williams Sanskrit-English Dictionary (Cologne CDSL, CC BY-SA 4.0); Wikidata (CC0)	0.85
Vittesha	Q223617	Kubera	boy	वित्तेश	Vitteśa	Sanskrit	Hindu		Valmiki Ramayana	Uttara Kanda	Ramayana 7.11.10	https://gretil.sub.uni-goettingen.de/gretil/corpustei/transformations/html/sa_rAmAyaNa.htm	3	deity	epithet	attested	epithet of Kubera	GRETIL Valmiki Ramayana (Baroda critical ed., Tokunaga/Smith e-text, CC BY-NC-SA 4.0); Monier-Williams Sanskrit-English Dictionary (Cologne CDSL, CC BY-SA 4.0); Wikidata (CC0)	0.85
Devavarnini	Q5997246	Ilavida, Mother of Kubera	girl	देववर्णिनी	Devavarṇinī	Sanskrit	Hindu		Valmiki Ramayana	Uttara Kanda	Ramayana 7.3.3	https://gretil.sub.uni-goettingen.de/gretil/corpustei/transformations/html/sa_rAmAyaNa.htm	2	human	epithet	attested	epithet of Ilavida (Wikidata alias)	GRETIL Valmiki Ramayana (Baroda critical ed., Tokunaga/Smith e-text, CC BY-NC-SA 4.0); Monier-Williams Sanskrit-English Dictionary (Cologne CDSL, CC BY-SA 4.0); Wikidata (CC0)	0.85
Gadheya	Q2773345	Viśvāmitra, ancient Indian sage	boy	गाधेय	Gādheya	Sanskrit	Hindu		Valmiki Ramayana	Bala Kanda	Ramayana 1.51.19	https://gretil.sub.uni-goettingen.de/gretil/corpustei/transformations/html/sa_rAmAyaNa.htm	2	sage	epithet	attested	epithet of Viśvāmitra; patronymic	GRETIL Valmiki Ramayana (Baroda critical ed., Tokunaga/Smith e-text, CC BY-NC-SA 4.0); Monier-Williams Sanskrit-English Dictionary (Cologne CDSL, CC BY-SA 4.0); Wikidata (CC0)	0.85
Harivahana	Q128335	Indra	boy	हरिवाहन	Harivāhana	Sanskrit	Hindu		Valmiki Ramayana	Sundara Kanda	Ramayana 5.7.7	https://gretil.sub.uni-goettingen.de/gretil/corpustei/transformations/html/sa_rAmAyaNa.htm	2	deity	epithet	attested	epithet of Indra	GRETIL Valmiki Ramayana (Baroda critical ed., Tokunaga/Smith e-text, CC BY-NC-SA 4.0); Monier-Williams Sanskrit-English Dictionary (Cologne CDSL, CC BY-SA 4.0); Wikidata (CC0)	0.85
Jayanta	Q1978615	Bharata, Rama's brother	boy	जायन्त	Jāyanta	Sanskrit	Hindu		Valmiki Ramayana	Yuddha Kanda	Ramayana 6.26.26	https://gretil.sub.uni-goettingen.de/gretil/corpustei/transformations/html/sa_rAmAyaNa.htm	2	human	epithet	attested	epithet of Bharata; patronymic	GRETIL Valmiki Ramayana (Baroda critical ed., Tokunaga/Smith e-text, CC BY-NC-SA 4.0); Monier-Williams Sanskrit-English Dictionary (Cologne CDSL, CC BY-SA 4.0); Wikidata (CC0)	0.85
Lankesha	Q235102	Rāvaṇa, King of Lankā in the Hindu epic Ramayana	boy	लङ्केश	Laṅkeśa	Sanskrit	Hindu		Valmiki Ramayana	Uttara Kanda	Ramayana 7.13.38	https://gretil.sub.uni-goettingen.de/gretil/corpustei/transformations/html/sa_rAmAyaNa.htm	2	demon	epithet	attested	epithet of Rāvaṇa	GRETIL Valmiki Ramayana (Baroda critical ed., Tokunaga/Smith e-text, CC BY-NC-SA 4.0); Monier-Williams Sanskrit-English Dictionary (Cologne CDSL, CC BY-SA 4.0); Wikidata (CC0)	0.85
Mitrasaha	Q17006691	Kalmāṣapāda, King in Hindu mythology	boy	मित्रसह	Mitrasaha	Sanskrit	Hindu		Valmiki Ramayana	Uttara Kanda	Ramayana 7.57.10	https://gretil.sub.uni-goettingen.de/gretil/corpustei/transformations/html/sa_rAmAyaNa.htm	2	royal	epithet	attested	epithet of Kalmāṣapāda (Wikidata alias)	GRETIL Valmiki Ramayana (Baroda critical ed., Tokunaga/Smith e-text, CC BY-NC-SA 4.0); Monier-Williams Sanskrit-English Dictionary (Cologne CDSL, CC BY-SA 4.0); Wikidata (CC0)	0.85
Nagamatri	Q19898522	Surasā, daughter of Daksha in Hindu legends	girl	नागमातृ	Nāgamātṛ	Sanskrit	Hindu		Valmiki Ramayana	Sundara Kanda	Ramayana 5.1.130	https://gretil.sub.uni-goettingen.de/gretil/corpustei/transformations/html/sa_rAmAyaNa.htm	2	deity	epithet	attested	epithet of Surasā	GRETIL Valmiki Ramayana (Baroda critical ed., Tokunaga/Smith e-text, CC BY-NC-SA 4.0); Monier-Williams Sanskrit-English Dictionary (Cologne CDSL, CC BY-SA 4.0); Wikidata (CC0)	0.85
Plavagendra	Q188618	Hanuman	boy	प्लवगेन्द्र	Plavagendra	Sanskrit	Hindu		Valmiki Ramayana	Sundara Kanda	Ramayana 5.1.88	https://gretil.sub.uni-goettingen.de/gretil/corpustei/transformations/html/sa_rAmAyaNa.htm	2	deity	epithet	attested	epithet of Hanuman	GRETIL Valmiki Ramayana (Baroda critical ed., Tokunaga/Smith e-text, CC BY-NC-SA 4.0); Monier-Williams Sanskrit-English Dictionary (Cologne CDSL, CC BY-SA 4.0); Wikidata (CC0)	0.85
Suradhipa	Q128335	Indra	boy	सुराधिप	Surādhipa	Sanskrit	Hindu		Valmiki Ramayana	Ayodhya Kanda	Ramayana 2.68.22	https://gretil.sub.uni-goettingen.de/gretil/corpustei/transformations/html/sa_rAmAyaNa.htm	2	deity	epithet	attested	epithet of Indra	GRETIL Valmiki Ramayana (Baroda critical ed., Tokunaga/Smith e-text, CC BY-NC-SA 4.0); Monier-Williams Sanskrit-English Dictionary (Cologne CDSL, CC BY-SA 4.0); Wikidata (CC0)	0.85
Tridashapungava	Q160213	Rama	boy	त्रिदशपुङ्गव	Tridaśapuṅgava	Sanskrit	Hindu		Valmiki Ramayana	Uttara Kanda	Ramayana 7.22.34	https://gretil.sub.uni-goettingen.de/gretil/corpustei/transformations/html/sa_rAmAyaNa.htm	2	human	epithet	attested	epithet of Rama	GRETIL Valmiki Ramayana (Baroda critical ed., Tokunaga/Smith e-text, CC BY-NC-SA 4.0); Monier-Williams Sanskrit-English Dictionary (Cologne CDSL, CC BY-SA 4.0); Wikidata (CC0)	0.85
Yojanabahu	Q235102	Rāvaṇa, King of Lankā in the Hindu epic Ramayana	boy	योजनबाहु	Yojanabāhu	Sanskrit	Hindu		Valmiki Ramayana	Yuddha Kanda	Ramayana 6.82.16	https://gretil.sub.uni-goettingen.de/gretil/corpustei/transformations/html/sa_rAmAyaNa.htm	2	demon	epithet	attested	epithet of Rāvaṇa	GRETIL Valmiki Ramayana (Baroda critical ed., Tokunaga/Smith e-text, CC BY-NC-SA 4.0); Monier-Williams Sanskrit-English Dictionary (Cologne CDSL, CC BY-SA 4.0); Wikidata (CC0)	0.85
Daityaha	Q128335	Indra	boy	दैत्यहन्	Daityahan	Sanskrit	Hindu		Valmiki Ramayana	Uttara Kanda	Ramayana 7.76.8	https://gretil.sub.uni-goettingen.de/gretil/corpustei/transformations/html/sa_rAmAyaNa.htm	1	deity	epithet	attested	epithet of Indra	GRETIL Valmiki Ramayana (Baroda critical ed., Tokunaga/Smith e-text, CC BY-NC-SA 4.0); Monier-Williams Sanskrit-English Dictionary (Cologne CDSL, CC BY-SA 4.0); Wikidata (CC0)	0.85
Dashashiras	Q235102	Rāvaṇa, King of Lankā in the Hindu epic Ramayana	boy	दशशिरस्	Daśaśiras	Sanskrit	Hindu		Valmiki Ramayana	Kishkindha Kanda	Ramayana 4.41.40	https://gretil.sub.uni-goettingen.de/gretil/corpustei/transformations/html/sa_rAmAyaNa.htm	1	demon	epithet	attested	epithet of Rāvaṇa	GRETIL Valmiki Ramayana (Baroda critical ed., Tokunaga/Smith e-text, CC BY-NC-SA 4.0); Monier-Williams Sanskrit-English Dictionary (Cologne CDSL, CC BY-SA 4.0); Wikidata (CC0)	0.85
Dhanarakshaka	Q223617	Kubera	boy	धनरक्षक	Dhanarakṣaka	Sanskrit	Hindu		Valmiki Ramayana	Uttara Kanda	Ramayana 7.13.35	https://gretil.sub.uni-goettingen.de/gretil/corpustei/transformations/html/sa_rAmAyaNa.htm	1	deity	epithet	attested	epithet of Kubera	GRETIL Valmiki Ramayana (Baroda critical ed., Tokunaga/Smith e-text, CC BY-NC-SA 4.0); Monier-Williams Sanskrit-English Dictionary (Cologne CDSL, CC BY-SA 4.0); Wikidata (CC0)	0.85
Madhuhantri	Q160213	Rama	boy	मधुहन्तृ	Madhuhantṛ	Sanskrit	Hindu		Valmiki Ramayana	Bala Kanda	Ramayana 1.75.17	https://gretil.sub.uni-goettingen.de/gretil/corpustei/transformations/html/sa_rAmAyaNa.htm	1	human	epithet	attested	epithet of Rama	GRETIL Valmiki Ramayana (Baroda critical ed., Tokunaga/Smith e-text, CC BY-NC-SA 4.0); Monier-Williams Sanskrit-English Dictionary (Cologne CDSL, CC BY-SA 4.0); Wikidata (CC0)	0.85
Patatriraj	Q188676	Garuda, eagle-like divine bird in Hinduism, Buddhism and Jainism	boy	पतत्रिराज्	Patatrirāj	Sanskrit	Hindu		Valmiki Ramayana	Yuddha Kanda	Ramayana 6.40.45	https://gretil.sub.uni-goettingen.de/gretil/corpustei/transformations/html/sa_rAmAyaNa.htm	1	deity	epithet	attested	epithet of Garuda	GRETIL Valmiki Ramayana (Baroda critical ed., Tokunaga/Smith e-text, CC BY-NC-SA 4.0); Monier-Williams Sanskrit-English Dictionary (Cologne CDSL, CC BY-SA 4.0); Wikidata (CC0)	0.85
Puranasinha	Q160213	Rama	boy	पुराणसिंह	Purāṇasiṃha	Sanskrit	Hindu		Valmiki Ramayana	Uttara Kanda	Ramayana 7.7.45	https://gretil.sub.uni-goettingen.de/gretil/corpustei/transformations/html/sa_rAmAyaNa.htm	1	human	epithet	attested	epithet of Rama	GRETIL Valmiki Ramayana (Baroda critical ed., Tokunaga/Smith e-text, CC BY-NC-SA 4.0); Monier-Williams Sanskrit-English Dictionary (Cologne CDSL, CC BY-SA 4.0); Wikidata (CC0)	0.85
Raghavasinha	Q160213	Rama	boy	राघवसिंह	Rāghavasiṃha	Sanskrit	Hindu		Valmiki Ramayana	Bala Kanda	Ramayana 1.3.17	https://gretil.sub.uni-goettingen.de/gretil/corpustei/transformations/html/sa_rAmAyaNa.htm	1	human	epithet	attested	epithet of Rama	GRETIL Valmiki Ramayana (Baroda critical ed., Tokunaga/Smith e-text, CC BY-NC-SA 4.0); Monier-Williams Sanskrit-English Dictionary (Cologne CDSL, CC BY-SA 4.0); Wikidata (CC0)	0.85
Raghusuta	Q160213	Rama	boy	रघुसुत	Raghusuta	Sanskrit	Hindu		Valmiki Ramayana	Yuddha Kanda	Ramayana 6.78.51	https://gretil.sub.uni-goettingen.de/gretil/corpustei/transformations/html/sa_rAmAyaNa.htm	1	human	epithet	attested	epithet of Rama; patronymic	GRETIL Valmiki Ramayana (Baroda critical ed., Tokunaga/Smith e-text, CC BY-NC-SA 4.0); Monier-Williams Sanskrit-English Dictionary (Cologne CDSL, CC BY-SA 4.0); Wikidata (CC0)	0.85
Rakshasalaya	Q721272	Lanka		राक्षसालय	Rākṣasālaya	Sanskrit	Hindu		Valmiki Ramayana	Sundara Kanda	Ramayana 5.9.31	https://gretil.sub.uni-goettingen.de/gretil/corpustei/transformations/html/sa_rAmAyaNa.htm	1	place	epithet	attested	epithet of Lanka	GRETIL Valmiki Ramayana (Baroda critical ed., Tokunaga/Smith e-text, CC BY-NC-SA 4.0); Monier-Williams Sanskrit-English Dictionary (Cologne CDSL, CC BY-SA 4.0); Wikidata (CC0)	0.85
Suravara	Q128335	Indra	boy	सुरवर	Suravara	Sanskrit	Hindu		Valmiki Ramayana	Bala Kanda	Ramayana 1.48.4	https://gretil.sub.uni-goettingen.de/gretil/corpustei/transformations/html/sa_rAmAyaNa.htm	1	deity	epithet	attested	epithet of Indra	GRETIL Valmiki Ramayana (Baroda critical ed., Tokunaga/Smith e-text, CC BY-NC-SA 4.0); Monier-Williams Sanskrit-English Dictionary (Cologne CDSL, CC BY-SA 4.0); Wikidata (CC0)	0.85
Trailokyanatha	Q160213	Rama	boy	त्रैलोक्यनाथ	Trailokyanātha	Sanskrit	Hindu		Valmiki Ramayana	Bala Kanda	Ramayana 1.75.19	https://gretil.sub.uni-goettingen.de/gretil/corpustei/transformations/html/sa_rAmAyaNa.htm	1	human	epithet	attested	epithet of Rama	GRETIL Valmiki Ramayana (Baroda critical ed., Tokunaga/Smith e-text, CC BY-NC-SA 4.0); Monier-Williams Sanskrit-English Dictionary (Cologne CDSL, CC BY-SA 4.0); Wikidata (CC0)	0.85
Vedatma	Q160213	Rama	boy	वेदात्मन्	Vedātman	Sanskrit	Hindu		Valmiki Ramayana	Yuddha Kanda	Ramayana 6.105.17	https://gretil.sub.uni-goettingen.de/gretil/corpustei/transformations/html/sa_rAmAyaNa.htm	1	human	epithet	attested	epithet of Rama	GRETIL Valmiki Ramayana (Baroda critical ed., Tokunaga/Smith e-text, CC BY-NC-SA 4.0); Monier-Williams Sanskrit-English Dictionary (Cologne CDSL, CC BY-SA 4.0); Wikidata (CC0)	0.85
Videhaja	Q191114	Sita, Hindu goddess	girl	विदेहजा	Videhajā	Sanskrit	Hindu		Valmiki Ramayana	Kishkindha Kanda	Ramayana 4.42.61	https://gretil.sub.uni-goettingen.de/gretil/corpustei/transformations/html/sa_rAmAyaNa.htm	1	deity	epithet	attested	epithet of Sita	GRETIL Valmiki Ramayana (Baroda critical ed., Tokunaga/Smith e-text, CC BY-NC-SA 4.0); Monier-Williams Sanskrit-English Dictionary (Cologne CDSL, CC BY-SA 4.0); Wikidata (CC0)	0.85
Vinshadbahu	Q235102	Rāvaṇa, King of Lankā in the Hindu epic Ramayana	boy	विंशद्बाहु	Viṃśadbāhu	Sanskrit	Hindu		Valmiki Ramayana	Uttara Kanda	Ramayana 7.32.49	https://gretil.sub.uni-goettingen.de/gretil/corpustei/transformations/html/sa_rAmAyaNa.htm	1	demon	epithet	attested	epithet of Rāvaṇa	GRETIL Valmiki Ramayana (Baroda critical ed., Tokunaga/Smith e-text, CC BY-NC-SA 4.0); Monier-Williams Sanskrit-English Dictionary (Cologne CDSL, CC BY-SA 4.0); Wikidata (CC0)	0.85
Vaidehi	Q191114	Sita, Hindu goddess	girl	वैदेही	Vaidehī	Sanskrit	Hindu		Valmiki Ramayana	Bala Kanda	Ramayana 1.3.12	https://gretil.sub.uni-goettingen.de/gretil/corpustei/transformations/html/sa_rAmAyaNa.htm	348	deity	epithet	attested	epithet of Sita (Wikidata alias)	GRETIL Valmiki Ramayana (Baroda critical ed., Tokunaga/Smith e-text, CC BY-NC-SA 4.0); Monier-Williams Sanskrit-English Dictionary (Cologne CDSL, CC BY-SA 4.0); Wikidata (CC0)	0.80
Kakutstha	Q160213	Rama	boy	काकुत्स्थ	Kākutstha	Sanskrit	Hindu		Valmiki Ramayana	Bala Kanda	Ramayana 1.18.16	https://gretil.sub.uni-goettingen.de/gretil/corpustei/transformations/html/sa_rAmAyaNa.htm	242	human	epithet	attested	epithet of Rama	GRETIL Valmiki Ramayana (Baroda critical ed., Tokunaga/Smith e-text, CC BY-NC-SA 4.0); Monier-Williams Sanskrit-English Dictionary (Cologne CDSL, CC BY-SA 4.0); Wikidata (CC0)	0.80
Janaki	Q191114	Sita, Hindu goddess	girl	जानकी	Jānakī	Sanskrit	Hindu		Valmiki Ramayana	Bala Kanda	Ramayana 1.3.4	https://gretil.sub.uni-goettingen.de/gretil/corpustei/transformations/html/sa_rAmAyaNa.htm	64	deity	epithet	attested	epithet of Sita (Wikidata alias)	GRETIL Valmiki Ramayana (Baroda critical ed., Tokunaga/Smith e-text, CC BY-NC-SA 4.0); Monier-Williams Sanskrit-English Dictionary (Cologne CDSL, CC BY-SA 4.0); Wikidata (CC0)	0.80
Dasharathi	Q160213	Rama	boy	दाशरथि	Dāśarathi	Sanskrit	Hindu		Valmiki Ramayana	Bala Kanda	Ramayana 1.3.5	https://gretil.sub.uni-goettingen.de/gretil/corpustei/transformations/html/sa_rAmAyaNa.htm	57	human	epithet	attested	epithet of Rama; patronymic	GRETIL Valmiki Ramayana (Baroda critical ed., Tokunaga/Smith e-text, CC BY-NC-SA 4.0); Monier-Williams Sanskrit-English Dictionary (Cologne CDSL, CC BY-SA 4.0); Wikidata (CC0)	0.80
Narayana	Q160213	Rama	boy	नारायण	Nārāyaṇa	Sanskrit	Hindu		Valmiki Ramayana	Ayodhya Kanda	Ramayana 2.6.1	https://gretil.sub.uni-goettingen.de/gretil/corpustei/transformations/html/sa_rAmAyaNa.htm	18	human	epithet	attested	epithet of Rama (Wikidata alias)	GRETIL Valmiki Ramayana (Baroda critical ed., Tokunaga/Smith e-text, CC BY-NC-SA 4.0); Monier-Williams Sanskrit-English Dictionary (Cologne CDSL, CC BY-SA 4.0); Wikidata (CC0)	0.80
Dasharatha	Q160213	Rama	boy	दाशरथ	Dāśaratha	Sanskrit	Hindu		Valmiki Ramayana	Bala Kanda	Ramayana 1.74.1	https://gretil.sub.uni-goettingen.de/gretil/corpustei/transformations/html/sa_rAmAyaNa.htm	7	human	epithet	attested	epithet of Rama; patronymic	GRETIL Valmiki Ramayana (Baroda critical ed., Tokunaga/Smith e-text, CC BY-NC-SA 4.0); Monier-Williams Sanskrit-English Dictionary (Cologne CDSL, CC BY-SA 4.0); Wikidata (CC0)	0.80
Rakshapati	Q235102	Rāvaṇa, King of Lankā in the Hindu epic Ramayana	boy	रक्षःपति	Rakṣaḥpati	Sanskrit	Hindu		Valmiki Ramayana	Sundara Kanda	Ramayana 5.5.28	https://gretil.sub.uni-goettingen.de/gretil/corpustei/transformations/html/sa_rAmAyaNa.htm	5	demon	epithet	attested	epithet of Rāvaṇa	GRETIL Valmiki Ramayana (Baroda critical ed., Tokunaga/Smith e-text, CC BY-NC-SA 4.0); Monier-Williams Sanskrit-English Dictionary (Cologne CDSL, CC BY-SA 4.0); Wikidata (CC0)	0.80
Vamana	Q160213	Rama	boy	वामन	Vāmana	Sanskrit	Hindu		Valmiki Ramayana	Bala Kanda	Ramayana 1.28.2	https://gretil.sub.uni-goettingen.de/gretil/corpustei/transformations/html/sa_rAmAyaNa.htm	5	human	epithet	attested	epithet of Rama	GRETIL Valmiki Ramayana (Baroda critical ed., Tokunaga/Smith e-text, CC BY-NC-SA 4.0); Monier-Williams Sanskrit-English Dictionary (Cologne CDSL, CC BY-SA 4.0); Wikidata (CC0)	0.80
Saumitra	Q917687	Lakshmana, An incarnation of Sheshnaga, The younger and most beloved brother of Lord Rama	boy	सौमित्र	Saumitra	Sanskrit	Hindu		Valmiki Ramayana	Bala Kanda	Ramayana 1.29.7	https://gretil.sub.uni-goettingen.de/gretil/corpustei/transformations/html/sa_rAmAyaNa.htm	2	human	epithet	attested	epithet of Lakshmana; metronymic	GRETIL Valmiki Ramayana (Baroda critical ed., Tokunaga/Smith e-text, CC BY-NC-SA 4.0); Monier-Williams Sanskrit-English Dictionary (Cologne CDSL, CC BY-SA 4.0); Wikidata (CC0)	0.80
Harihaya	Q128335	Indra	boy	हरिहय	Harihaya	Sanskrit	Hindu		Valmiki Ramayana	Kishkindha Kanda	Ramayana 4.41.29	https://gretil.sub.uni-goettingen.de/gretil/corpustei/transformations/html/sa_rAmAyaNa.htm	1	deity	epithet	attested	epithet of Indra	GRETIL Valmiki Ramayana (Baroda critical ed., Tokunaga/Smith e-text, CC BY-NC-SA 4.0); Monier-Williams Sanskrit-English Dictionary (Cologne CDSL, CC BY-SA 4.0); Wikidata (CC0)	0.80
Indrakarma	Q160213	Rama	boy	इन्द्रकर्मन्	Indrakarman	Sanskrit	Hindu		Valmiki Ramayana	Yuddha Kanda	Ramayana 6.105.16	https://gretil.sub.uni-goettingen.de/gretil/corpustei/transformations/html/sa_rAmAyaNa.htm	1	human	epithet	attested	epithet of Rama	GRETIL Valmiki Ramayana (Baroda critical ed., Tokunaga/Smith e-text, CC BY-NC-SA 4.0); Monier-Williams Sanskrit-English Dictionary (Cologne CDSL, CC BY-SA 4.0); Wikidata (CC0)	0.80
Lokakantaka	Q235102	Rāvaṇa, King of Lankā in the Hindu epic Ramayana	boy	लोककण्टक	Lokakaṇṭaka	Sanskrit	Hindu		Valmiki Ramayana	Bala Kanda	Ramayana 1.14.19	https://gretil.sub.uni-goettingen.de/gretil/corpustei/transformations/html/sa_rAmAyaNa.htm	1	demon	epithet	attested	epithet of Rāvaṇa	GRETIL Valmiki Ramayana (Baroda critical ed., Tokunaga/Smith e-text, CC BY-NC-SA 4.0); Monier-Williams Sanskrit-English Dictionary (Cologne CDSL, CC BY-SA 4.0); Wikidata (CC0)	0.80
Pitavasas	Q160213	Rama	boy	पीतवासस्	Pītavāsas	Sanskrit	Hindu		Valmiki Ramayana	Uttara Kanda	Ramayana 7.6.28	https://gretil.sub.uni-goettingen.de/gretil/corpustei/transformations/html/sa_rAmAyaNa.htm	1	human	epithet	attested	epithet of Rama	GRETIL Valmiki Ramayana (Baroda critical ed., Tokunaga/Smith e-text, CC BY-NC-SA 4.0); Monier-Williams Sanskrit-English Dictionary (Cologne CDSL, CC BY-SA 4.0); Wikidata (CC0)	0.80
Ranantakrit	Q160213	Rama	boy	रणान्तकृत्	Raṇāntakṛt	Sanskrit	Hindu		Valmiki Ramayana	Yuddha Kanda	Ramayana 6.105.16	https://gretil.sub.uni-goettingen.de/gretil/corpustei/transformations/html/sa_rAmAyaNa.htm	1	human	epithet	attested	epithet of Rama	GRETIL Valmiki Ramayana (Baroda critical ed., Tokunaga/Smith e-text, CC BY-NC-SA 4.0); Monier-Williams Sanskrit-English Dictionary (Cologne CDSL, CC BY-SA 4.0); Wikidata (CC0)	0.80
Suryaputra	Q1987461	Sugrīva, younger brother of Vālī in Ramayana	boy	सूर्यपुत्र	Sūryaputra	Sanskrit	Hindu		Valmiki Ramayana	Bala Kanda	Ramayana 1.16.19	https://gretil.sub.uni-goettingen.de/gretil/corpustei/transformations/html/sa_rAmAyaNa.htm	1	human	epithet	attested	epithet of Sugrīva	GRETIL Valmiki Ramayana (Baroda critical ed., Tokunaga/Smith e-text, CC BY-NC-SA 4.0); Monier-Williams Sanskrit-English Dictionary (Cologne CDSL, CC BY-SA 4.0); Wikidata (CC0)	0.80
Upasunda	Q7898182	Upasunda, Father of Suvahu in Ramayana	boy	उपसुन्द	Upasunda	Sanskrit	Hindu		Valmiki Ramayana	Bala Kanda	Ramayana 1.19.24	https://gretil.sub.uni-goettingen.de/gretil/corpustei/transformations/html/sa_rAmAyaNa.htm	1	human	personal	attested		GRETIL Valmiki Ramayana (Baroda critical ed., Tokunaga/Smith e-text, CC BY-NC-SA 4.0); Monier-Williams Sanskrit-English Dictionary (Cologne CDSL, CC BY-SA 4.0); Wikidata (CC0)	0.80
Raghava	Q160213	Rama	boy	राघव	Rāghava	Sanskrit	Hindu		Valmiki Ramayana	Bala Kanda	Ramayana 1.1.43	https://gretil.sub.uni-goettingen.de/gretil/corpustei/transformations/html/sa_rAmAyaNa.htm	1039	human	epithet	attested	epithet of Rama (also used of Aja, Daśaratha); patronymic	GRETIL Valmiki Ramayana (Baroda critical ed., Tokunaga/Smith e-text, CC BY-NC-SA 4.0); Monier-Williams Sanskrit-English Dictionary (Cologne CDSL, CC BY-SA 4.0); Wikidata (CC0)	0.75
Vanarendra	Q1987461	Sugrīva, younger brother of Vālī in Ramayana	boy	वानरेन्द्र	Vānarendra	Sanskrit	Hindu		Valmiki Ramayana	Aranya Kanda	Ramayana 3.71.25	https://gretil.sub.uni-goettingen.de/gretil/corpustei/transformations/html/sa_rAmAyaNa.htm	63	human	epithet	attested	epithet of Sugrīva (also used of Hanumat)	GRETIL Valmiki Ramayana (Baroda critical ed., Tokunaga/Smith e-text, CC BY-NC-SA 4.0); Monier-Williams Sanskrit-English Dictionary (Cologne CDSL, CC BY-SA 4.0); Wikidata (CC0)	0.75
Devendra	Q128335	Indra	boy	देवेन्द्र	Devendra	Sanskrit	Hindu		Valmiki Ramayana	Ayodhya Kanda	Ramayana 2.3.22	https://gretil.sub.uni-goettingen.de/gretil/corpustei/transformations/html/sa_rAmAyaNa.htm	7	deity	epithet	attested	epithet of Indra (also used of Śiva)	GRETIL Valmiki Ramayana (Baroda critical ed., Tokunaga/Smith e-text, CC BY-NC-SA 4.0); Monier-Williams Sanskrit-English Dictionary (Cologne CDSL, CC BY-SA 4.0); Wikidata (CC0)	0.75
Iraja	Q188618	Hanuman	boy	ईरज	Īraja	Sanskrit	Hindu		Valmiki Ramayana	Bala Kanda	Ramayana 1.23.19	https://gretil.sub.uni-goettingen.de/gretil/corpustei/transformations/html/sa_rAmAyaNa.htm	7	deity	epithet	attested	epithet of Hanuman	GRETIL Valmiki Ramayana (Baroda critical ed., Tokunaga/Smith e-text, CC BY-NC-SA 4.0); Monier-Williams Sanskrit-English Dictionary (Cologne CDSL, CC BY-SA 4.0); Wikidata (CC0)	0.75
Pakshiraj	Q188676	Garuda, eagle-like divine bird in Hinduism, Buddhism and Jainism	boy	पक्षिराज्	Pakṣirāj	Sanskrit	Hindu		Valmiki Ramayana	Kishkindha Kanda	Ramayana 4.65.29	https://gretil.sub.uni-goettingen.de/gretil/corpustei/transformations/html/sa_rAmAyaNa.htm	2	deity	epithet	attested	epithet of Garuda (also used of Jaṭāyu)	GRETIL Valmiki Ramayana (Baroda critical ed., Tokunaga/Smith e-text, CC BY-NC-SA 4.0); Monier-Williams Sanskrit-English Dictionary (Cologne CDSL, CC BY-SA 4.0); Wikidata (CC0)	0.75
Pakshiraja	Q188676	Garuda, eagle-like divine bird in Hinduism, Buddhism and Jainism	boy	पक्षिराज	Pakṣirāja	Sanskrit	Hindu		Valmiki Ramayana	Kishkindha Kanda	Ramayana 4.65.29	https://gretil.sub.uni-goettingen.de/gretil/corpustei/transformations/html/sa_rAmAyaNa.htm	2	deity	epithet	attested	epithet of Garuda (also used of Jaṭāyu)	GRETIL Valmiki Ramayana (Baroda critical ed., Tokunaga/Smith e-text, CC BY-NC-SA 4.0); Monier-Williams Sanskrit-English Dictionary (Cologne CDSL, CC BY-SA 4.0); Wikidata (CC0)	0.75
Prajadhyaksha	Q1157763	Daksha, Hindu celestial being	boy	प्रजाध्यक्ष	Prajādhyakṣa	Sanskrit	Hindu		Valmiki Ramayana	Uttara Kanda	Ramayana 7.6.3	https://gretil.sub.uni-goettingen.de/gretil/corpustei/transformations/html/sa_rAmAyaNa.htm	2	deity	epithet	attested	epithet of Daksha (also used of Kardama)	GRETIL Valmiki Ramayana (Baroda critical ed., Tokunaga/Smith e-text, CC BY-NC-SA 4.0); Monier-Williams Sanskrit-English Dictionary (Cologne CDSL, CC BY-SA 4.0); Wikidata (CC0)	0.75
Tridashendra	Q128335	Indra	boy	त्रिदशेन्द्र	Tridaśendra	Sanskrit	Hindu		Valmiki Ramayana	Yuddha Kanda	Ramayana 6.59.79	https://gretil.sub.uni-goettingen.de/gretil/corpustei/transformations/html/sa_rAmAyaNa.htm	2	deity	epithet	attested	epithet of Indra	GRETIL Valmiki Ramayana (Baroda critical ed., Tokunaga/Smith e-text, CC BY-NC-SA 4.0); Monier-Williams Sanskrit-English Dictionary (Cologne CDSL, CC BY-SA 4.0); Wikidata (CC0)	0.75
Amararaja	Q128335	Indra	boy	अमरराज	Amararāja	Sanskrit	Hindu		Valmiki Ramayana	Kishkindha Kanda	Ramayana 4.17.45	https://gretil.sub.uni-goettingen.de/gretil/corpustei/transformations/html/sa_rAmAyaNa.htm	1	deity	epithet	attested	epithet of Indra	GRETIL Valmiki Ramayana (Baroda critical ed., Tokunaga/Smith e-text, CC BY-NC-SA 4.0); Monier-Williams Sanskrit-English Dictionary (Cologne CDSL, CC BY-SA 4.0); Wikidata (CC0)	0.75
Amararajashatru	Q235102	Rāvaṇa, King of Lankā in the Hindu epic Ramayana	boy	अमरराजशत्रु	Amararājaśatru	Sanskrit	Hindu		Valmiki Ramayana	Yuddha Kanda	Ramayana 6.47.7	https://gretil.sub.uni-goettingen.de/gretil/corpustei/transformations/html/sa_rAmAyaNa.htm	1	demon	epithet	attested	epithet of Rāvaṇa	GRETIL Valmiki Ramayana (Baroda critical ed., Tokunaga/Smith e-text, CC BY-NC-SA 4.0); Monier-Williams Sanskrit-English Dictionary (Cologne CDSL, CC BY-SA 4.0); Wikidata (CC0)	0.75
Chakrayudha	Q160213	Rama	boy	चक्रायुध	Cakrāyudha	Sanskrit	Hindu		Valmiki Ramayana	Yuddha Kanda	Ramayana 6.105.12	https://gretil.sub.uni-goettingen.de/gretil/corpustei/transformations/html/sa_rAmAyaNa.htm	1	human	epithet	attested	epithet of Rama (also used of Kṛṣṇa)	GRETIL Valmiki Ramayana (Baroda critical ed., Tokunaga/Smith e-text, CC BY-NC-SA 4.0); Monier-Williams Sanskrit-English Dictionary (Cologne CDSL, CC BY-SA 4.0); Wikidata (CC0)	0.75
Kameshvara	Q223617	Kubera	boy	कामेश्वर	Kāmeśvara	Sanskrit	Hindu		Valmiki Ramayana	Kishkindha Kanda	Ramayana 4.50.13	https://gretil.sub.uni-goettingen.de/gretil/corpustei/transformations/html/sa_rAmAyaNa.htm	1	deity	epithet	attested	epithet of Kubera	GRETIL Valmiki Ramayana (Baroda critical ed., Tokunaga/Smith e-text, CC BY-NC-SA 4.0); Monier-Williams Sanskrit-English Dictionary (Cologne CDSL, CC BY-SA 4.0); Wikidata (CC0)	0.75
Khadira	Q128335	Indra	boy	खदिर	Khadira	Sanskrit	Hindu		Valmiki Ramayana	Aranya Kanda	Ramayana 3.14.18	https://gretil.sub.uni-goettingen.de/gretil/corpustei/transformations/html/sa_rAmAyaNa.htm	1	deity	epithet	attested	epithet of Indra	GRETIL Valmiki Ramayana (Baroda critical ed., Tokunaga/Smith e-text, CC BY-NC-SA 4.0); Monier-Williams Sanskrit-English Dictionary (Cologne CDSL, CC BY-SA 4.0); Wikidata (CC0)	0.75
Suparnaraja	Q188676	Garuda, eagle-like divine bird in Hinduism, Buddhism and Jainism	boy	सुपर्णराज	Suparṇarāja	Sanskrit	Hindu		Valmiki Ramayana	Kishkindha Kanda	Ramayana 4.66.20	https://gretil.sub.uni-goettingen.de/gretil/corpustei/transformations/html/sa_rAmAyaNa.htm	1	deity	epithet	attested	epithet of Garuda	GRETIL Valmiki Ramayana (Baroda critical ed., Tokunaga/Smith e-text, CC BY-NC-SA 4.0); Monier-Williams Sanskrit-English Dictionary (Cologne CDSL, CC BY-SA 4.0); Wikidata (CC0)	0.75
Upendra	Q160213	Rama	boy	उपेन्द्र	Upendra	Sanskrit	Hindu		Valmiki Ramayana	Yuddha Kanda	Ramayana 6.105.15	https://gretil.sub.uni-goettingen.de/gretil/corpustei/transformations/html/sa_rAmAyaNa.htm	1	human	epithet	attested	epithet of Rama (also used of Kṛṣṇa)	GRETIL Valmiki Ramayana (Baroda critical ed., Tokunaga/Smith e-text, CC BY-NC-SA 4.0); Monier-Williams Sanskrit-English Dictionary (Cologne CDSL, CC BY-SA 4.0); Wikidata (CC0)	0.75
Vinatasuta	Q188676	Garuda, eagle-like divine bird in Hinduism, Buddhism and Jainism	boy	विनतासुत	Vinatāsuta	Sanskrit	Hindu		Valmiki Ramayana	Sundara Kanda	Ramayana 5.40.33	https://gretil.sub.uni-goettingen.de/gretil/corpustei/transformations/html/sa_rAmAyaNa.htm	1	deity	epithet	attested	epithet of Garuda (also used of Aruṇa)	GRETIL Valmiki Ramayana (Baroda critical ed., Tokunaga/Smith e-text, CC BY-NC-SA 4.0); Monier-Williams Sanskrit-English Dictionary (Cologne CDSL, CC BY-SA 4.0); Wikidata (CC0)	0.75
Vishalaka	Q188676	Garuda, eagle-like divine bird in Hinduism, Buddhism and Jainism	boy	विशालक	Viśālaka	Sanskrit	Hindu		Valmiki Ramayana	Yuddha Kanda	Ramayana 6.111.31	https://gretil.sub.uni-goettingen.de/gretil/corpustei/transformations/html/sa_rAmAyaNa.htm	1	deity	epithet	attested	epithet of Garuda	GRETIL Valmiki Ramayana (Baroda critical ed., Tokunaga/Smith e-text, CC BY-NC-SA 4.0); Monier-Williams Sanskrit-English Dictionary (Cologne CDSL, CC BY-SA 4.0); Wikidata (CC0)	0.75
Saumitri	slug:hindu:lakshmana-dulandsatrughna	Lakshmana (du. = ‘L˚ and Śatru-ghna’)	boy	सौमित्रि	Saumitri	Sanskrit	Hindu		Valmiki Ramayana	Bala Kanda	Ramayana 1.2.32	https://gretil.sub.uni-goettingen.de/gretil/corpustei/transformations/html/sa_rAmAyaNa.htm	241	human	epithet	attested	epithet of Lakshmana; metronymic	GRETIL Valmiki Ramayana (Baroda critical ed., Tokunaga/Smith e-text, CC BY-NC-SA 4.0); Monier-Williams Sanskrit-English Dictionary (Cologne CDSL, CC BY-SA 4.0)	0.70
Ravani	slug:hindu:indrajit	Indrajit, the son of Rāvaṇa	boy	रावणि	Rāvaṇi	Sanskrit	Hindu		Valmiki Ramayana	Yuddha Kanda	Ramayana 6.34.27	https://gretil.sub.uni-goettingen.de/gretil/corpustei/transformations/html/sa_rAmAyaNa.htm	57	human	epithet	attested	epithet of Indrajit; patronymic	GRETIL Valmiki Ramayana (Baroda critical ed., Tokunaga/Smith e-text, CC BY-NC-SA 4.0); Monier-Williams Sanskrit-English Dictionary (Cologne CDSL, CC BY-SA 4.0)	0.70
Kishkindha	slug:hindu:kishkindha	Kishkindha, the cave contained in the mountain Kiṣkindha		किष्किन्धा	Kiṣkindhā	Sanskrit	Hindu		Valmiki Ramayana	Bala Kanda	Ramayana 1.1.53	https://gretil.sub.uni-goettingen.de/gretil/corpustei/transformations/html/sa_rAmAyaNa.htm	36	place	personal	attested		GRETIL Valmiki Ramayana (Baroda critical ed., Tokunaga/Smith e-text, CC BY-NC-SA 4.0); Monier-Williams Sanskrit-English Dictionary (Cologne CDSL, CC BY-SA 4.0)	0.70
Mainda	slug:hindu:mainda	Mainda, a monkey-demon killed by Kṛṣṇa	boy	मैन्द	Mainda	Sanskrit	Hindu		Valmiki Ramayana	Kishkindha Kanda	Ramayana 4.25.32	https://gretil.sub.uni-goettingen.de/gretil/corpustei/transformations/html/sa_rAmAyaNa.htm	33	demon	personal	attested		GRETIL Valmiki Ramayana (Baroda critical ed., Tokunaga/Smith e-text, CC BY-NC-SA 4.0); Monier-Williams Sanskrit-English Dictionary (Cologne CDSL, CC BY-SA 4.0)	0.70
Godavari	slug:hindu:godavari	Godavari, a river in the Dekhan		गोदावरी	Godāvarī	Sanskrit	Hindu		Valmiki Ramayana	Aranya Kanda	Ramayana 3.12.18	https://gretil.sub.uni-goettingen.de/gretil/corpustei/transformations/html/sa_rAmAyaNa.htm	20	place	personal	attested		GRETIL Valmiki Ramayana (Baroda critical ed., Tokunaga/Smith e-text, CC BY-NC-SA 4.0); Monier-Williams Sanskrit-English Dictionary (Cologne CDSL, CC BY-SA 4.0)	0.70
Rishyamuka	slug:hindu:rishyamuka	Rishyamuka, a mountain		ऋश्यमूक	Ṛśyamūka	Sanskrit	Hindu		Valmiki Ramayana	Aranya Kanda	Ramayana 3.71.7	https://gretil.sub.uni-goettingen.de/gretil/corpustei/transformations/html/sa_rAmAyaNa.htm	17	place	personal	attested		GRETIL Valmiki Ramayana (Baroda critical ed., Tokunaga/Smith e-text, CC BY-NC-SA 4.0); Monier-Williams Sanskrit-English Dictionary (Cologne CDSL, CC BY-SA 4.0)	0.70
Sarama	slug:hindu:sarama-gandharva	Sarama, of a daughter of the Gandharva king Śailūṣa and wife of Vibhīṣaṇa	girl	सरमा	Saramā	Sanskrit	Hindu		Valmiki Ramayana	Yuddha Kanda	Ramayana 6.24.1	https://gretil.sub.uni-goettingen.de/gretil/corpustei/transformations/html/sa_rAmAyaNa.htm	11	mythological_being	personal	attested		GRETIL Valmiki Ramayana (Baroda critical ed., Tokunaga/Smith e-text, CC BY-NC-SA 4.0); Monier-Williams Sanskrit-English Dictionary (Cologne CDSL, CC BY-SA 4.0)	0.70
Shatananda	slug:hindu:shatananda	Shatananda, of a sage and other men	boy	शतानन्द	Śatānanda	Sanskrit	Hindu		Valmiki Ramayana	Bala Kanda	Ramayana 1.49.6	https://gretil.sub.uni-goettingen.de/gretil/corpustei/transformations/html/sa_rAmAyaNa.htm	10	sage	personal	attested		GRETIL Valmiki Ramayana (Baroda critical ed., Tokunaga/Smith e-text, CC BY-NC-SA 4.0); Monier-Williams Sanskrit-English Dictionary (Cologne CDSL, CC BY-SA 4.0)	0.70
Praghasa	slug:hindu:praghasa	Praghasa, of a monkey follower of Rāma	boy	प्रघस	Praghasa	Sanskrit	Hindu		Valmiki Ramayana	Sundara Kanda	Ramayana 5.22.36	https://gretil.sub.uni-goettingen.de/gretil/corpustei/transformations/html/sa_rAmAyaNa.htm	9	mythological_being	personal	attested		GRETIL Valmiki Ramayana (Baroda critical ed., Tokunaga/Smith e-text, CC BY-NC-SA 4.0); Monier-Williams Sanskrit-English Dictionary (Cologne CDSL, CC BY-SA 4.0)	0.70
Svayambhu	slug:hindu:svayambhu	Svayambhu, Brahman	boy	स्वयम्भु	Svayambhu	Sanskrit	Hindu		Valmiki Ramayana	Bala Kanda	Ramayana 1.13.37	https://gretil.sub.uni-goettingen.de/gretil/corpustei/transformations/html/sa_rAmAyaNa.htm	8	human	personal	attested		GRETIL Valmiki Ramayana (Baroda critical ed., Tokunaga/Smith e-text, CC BY-NC-SA 4.0); Monier-Williams Sanskrit-English Dictionary (Cologne CDSL, CC BY-SA 4.0)	0.70
Danu	slug:hindu:danu-daksha	Danu, a daughter of Dakṣa	girl	दनु	Danu	Sanskrit	Hindu		Valmiki Ramayana	Aranya Kanda	Ramayana 3.13.13	https://gretil.sub.uni-goettingen.de/gretil/corpustei/transformations/html/sa_rAmAyaNa.htm	7	human	personal	attested		GRETIL Valmiki Ramayana (Baroda critical ed., Tokunaga/Smith e-text, CC BY-NC-SA 4.0); Monier-Williams Sanskrit-English Dictionary (Cologne CDSL, CC BY-SA 4.0)	0.70
Sarvalokapitamaha	slug:hindu:brahma	Brahma	boy	सर्वलोकपितामह	Sarvalokapitāmaha	Sanskrit	Hindu		Valmiki Ramayana	Bala Kanda	Ramayana 1.36.5	https://gretil.sub.uni-goettingen.de/gretil/corpustei/transformations/html/sa_rAmAyaNa.htm	7	deity	epithet	attested	epithet of Brahma	GRETIL Valmiki Ramayana (Baroda critical ed., Tokunaga/Smith e-text, CC BY-NC-SA 4.0); Monier-Williams Sanskrit-English Dictionary (Cologne CDSL, CC BY-SA 4.0)	0.70
Yupaksha	slug:hindu:yupaksha	Yupaksha, a Rākṣasa	boy	यूपाक्ष	Yūpākṣa	Sanskrit	Hindu		Valmiki Ramayana	Sundara Kanda	Ramayana 5.44.2	https://gretil.sub.uni-goettingen.de/gretil/corpustei/transformations/html/sa_rAmAyaNa.htm	6	demon	personal	attested		GRETIL Valmiki Ramayana (Baroda critical ed., Tokunaga/Smith e-text, CC BY-NC-SA 4.0); Monier-Williams Sanskrit-English Dictionary (Cologne CDSL, CC BY-SA 4.0)	0.70
Chandraketu	slug:hindu:chandraketu	Chandraketu, a son of Lakṣmaṇa	boy	चन्द्रकेतु	Candraketu	Sanskrit	Hindu		Valmiki Ramayana	Uttara Kanda	Ramayana 7.92.2	https://gretil.sub.uni-goettingen.de/gretil/corpustei/transformations/html/sa_rAmAyaNa.htm	5	human	personal	attested		GRETIL Valmiki Ramayana (Baroda critical ed., Tokunaga/Smith e-text, CC BY-NC-SA 4.0); Monier-Williams Sanskrit-English Dictionary (Cologne CDSL, CC BY-SA 4.0)	0.70
Pavaki	slug:hindu:skanda	Skanda	boy	पावकि	Pāvaki	Sanskrit	Hindu		Valmiki Ramayana	Bala Kanda	Ramayana 1.21.8	https://gretil.sub.uni-goettingen.de/gretil/corpustei/transformations/html/sa_rAmAyaNa.htm	5	human	epithet	attested	epithet of Skanda	GRETIL Valmiki Ramayana (Baroda critical ed., Tokunaga/Smith e-text, CC BY-NC-SA 4.0); Monier-Williams Sanskrit-English Dictionary (Cologne CDSL, CC BY-SA 4.0)	0.70
Vegadarshi	slug:hindu:vegadarshin	Vegadarshin, a monkey	boy	वेगदर्शिन्	Vegadarśin	Sanskrit	Hindu		Valmiki Ramayana	Yuddha Kanda	Ramayana 6.4.17	https://gretil.sub.uni-goettingen.de/gretil/corpustei/transformations/html/sa_rAmAyaNa.htm	5	mythological_being	personal	attested		GRETIL Valmiki Ramayana (Baroda critical ed., Tokunaga/Smith e-text, CC BY-NC-SA 4.0); Monier-Williams Sanskrit-English Dictionary (Cologne CDSL, CC BY-SA 4.0)	0.70
Vritravadha	slug:hindu:vritravadha	Vritravadha, a drama and of partic. chapters of the and the )	boy	वृत्रवध	Vṛtravadha	Sanskrit	Hindu		Valmiki Ramayana	Bala Kanda	Ramayana 1.23.17	https://gretil.sub.uni-goettingen.de/gretil/corpustei/transformations/html/sa_rAmAyaNa.htm	5	human	personal	attested		GRETIL Valmiki Ramayana (Baroda critical ed., Tokunaga/Smith e-text, CC BY-NC-SA 4.0); Monier-Williams Sanskrit-English Dictionary (Cologne CDSL, CC BY-SA 4.0)	0.70
Dhruvasandhi	slug:hindu:dhruvasandhi	Dhruvasandhi, a son of Susaṃdhi or Suṣaṃdhi and father of Bharata	boy	ध्रुवसन्धि	Dhruvasandhi	Sanskrit	Hindu		Valmiki Ramayana	Bala Kanda	Ramayana 1.69.23	https://gretil.sub.uni-goettingen.de/gretil/corpustei/transformations/html/sa_rAmAyaNa.htm	4	human	personal	attested		GRETIL Valmiki Ramayana (Baroda critical ed., Tokunaga/Smith e-text, CC BY-NC-SA 4.0); Monier-Williams Sanskrit-English Dictionary (Cologne CDSL, CC BY-SA 4.0)	0.70
Lokapitamaha	slug:hindu:brahma	Brahma	boy	लोकपितामह	Lokapitāmaha	Sanskrit	Hindu		Valmiki Ramayana	Bala Kanda	Ramayana 1.2.26	https://gretil.sub.uni-goettingen.de/gretil/corpustei/transformations/html/sa_rAmAyaNa.htm	4	deity	epithet	attested	epithet of Brahma	GRETIL Valmiki Ramayana (Baroda critical ed., Tokunaga/Smith e-text, CC BY-NC-SA 4.0); Monier-Williams Sanskrit-English Dictionary (Cologne CDSL, CC BY-SA 4.0)	0.70
Madhusudana	slug:hindu:krishna	Krishna	boy	मधुसूदन	Madhusūdana	Sanskrit	Hindu		Valmiki Ramayana	Ayodhya Kanda	Ramayana 2.6.7	https://gretil.sub.uni-goettingen.de/gretil/corpustei/transformations/html/sa_rAmAyaNa.htm	4	human	epithet	attested	epithet of Krishna	GRETIL Valmiki Ramayana (Baroda critical ed., Tokunaga/Smith e-text, CC BY-NC-SA 4.0); Monier-Williams Sanskrit-English Dictionary (Cologne CDSL, CC BY-SA 4.0)	0.70
Yajnakopa	slug:hindu:yajnakopa	Yajnakopa, a Rākṣasa	boy	यज्ञकोप	Yajñakopa	Sanskrit	Hindu		Valmiki Ramayana	Yuddha Kanda	Ramayana 6.9.1	https://gretil.sub.uni-goettingen.de/gretil/corpustei/transformations/html/sa_rAmAyaNa.htm	4	demon	personal	attested		GRETIL Valmiki Ramayana (Baroda critical ed., Tokunaga/Smith e-text, CC BY-NC-SA 4.0); Monier-Williams Sanskrit-English Dictionary (Cologne CDSL, CC BY-SA 4.0)	0.70
Dharmapasha	slug:hindu:dharmapasha	Dharmapasha, a partic. mythical weapon		धर्मपाश	Dharmapāśa	Sanskrit	Hindu		Valmiki Ramayana	Bala Kanda	Ramayana 1.1.21	https://gretil.sub.uni-goettingen.de/gretil/corpustei/transformations/html/sa_rAmAyaNa.htm	3	concept	personal	attested		GRETIL Valmiki Ramayana (Baroda critical ed., Tokunaga/Smith e-text, CC BY-NC-SA 4.0); Monier-Williams Sanskrit-English Dictionary (Cologne CDSL, CC BY-SA 4.0)	0.70
Katyayana	slug:hindu:katyayana	Katyayana, the author of several treatises on ritual, grammar, , and	boy	कात्यायन	Kātyāyana	Sanskrit	Hindu		Valmiki Ramayana	Bala Kanda	Ramayana 1.68.4	https://gretil.sub.uni-goettingen.de/gretil/corpustei/transformations/html/sa_rAmAyaNa.htm	3	human	personal	attested		GRETIL Valmiki Ramayana (Baroda critical ed., Tokunaga/Smith e-text, CC BY-NC-SA 4.0); Monier-Williams Sanskrit-English Dictionary (Cologne CDSL, CC BY-SA 4.0)	0.70
Keshini	slug:hindu:keshini	Keshini, of the daughter of the king of Vidarbha	girl	केशिनी	Keśinī	Sanskrit	Hindu		Valmiki Ramayana	Bala Kanda	Ramayana 1.37.3	https://gretil.sub.uni-goettingen.de/gretil/corpustei/transformations/html/sa_rAmAyaNa.htm	3	royal	personal	attested		GRETIL Valmiki Ramayana (Baroda critical ed., Tokunaga/Smith e-text, CC BY-NC-SA 4.0); Monier-Williams Sanskrit-English Dictionary (Cologne CDSL, CC BY-SA 4.0)	0.70
Sanhradi	slug:hindu:sanhradi	Sanhradi, a Rākṣasa	boy	संह्रादि	Saṃhrādi	Sanskrit	Hindu		Valmiki Ramayana	Yuddha Kanda	Ramayana 6.52.22	https://gretil.sub.uni-goettingen.de/gretil/corpustei/transformations/html/sa_rAmAyaNa.htm	3	demon	personal	attested		GRETIL Valmiki Ramayana (Baroda critical ed., Tokunaga/Smith e-text, CC BY-NC-SA 4.0); Monier-Williams Sanskrit-English Dictionary (Cologne CDSL, CC BY-SA 4.0)	0.70
Shiteshu	slug:hindu:shiteshu	Shiteshu, a mythical missile		शीतेषु	Śīteṣu	Sanskrit	Hindu		Valmiki Ramayana	Bala Kanda	Ramayana 1.26.19	https://gretil.sub.uni-goettingen.de/gretil/corpustei/transformations/html/sa_rAmAyaNa.htm	3	concept	personal	attested		GRETIL Valmiki Ramayana (Baroda critical ed., Tokunaga/Smith e-text, CC BY-NC-SA 4.0); Monier-Williams Sanskrit-English Dictionary (Cologne CDSL, CC BY-SA 4.0)	0.70
Suptaghna	slug:hindu:suptaghna	Suptaghna, a Rākṣasa	boy	सुप्तघ्न	Suptaghna	Sanskrit	Hindu		Valmiki Ramayana	Yuddha Kanda	Ramayana 6.9.1	https://gretil.sub.uni-goettingen.de/gretil/corpustei/transformations/html/sa_rAmAyaNa.htm	3	demon	personal	attested		GRETIL Valmiki Ramayana (Baroda critical ed., Tokunaga/Smith e-text, CC BY-NC-SA 4.0); Monier-Williams Sanskrit-English Dictionary (Cologne CDSL, CC BY-SA 4.0)	0.70
Deveshvara	slug:hindu:shiva	Shiva	boy	देवेश्वर	Deveśvara	Sanskrit	Hindu		Valmiki Ramayana	Bala Kanda	Ramayana 1.22.13	https://gretil.sub.uni-goettingen.de/gretil/corpustei/transformations/html/sa_rAmAyaNa.htm	2	deity	epithet	attested	epithet of Shiva	GRETIL Valmiki Ramayana (Baroda critical ed., Tokunaga/Smith e-text, CC BY-NC-SA 4.0); Monier-Williams Sanskrit-English Dictionary (Cologne CDSL, CC BY-SA 4.0)	0.70
Dhumrashva	slug:hindu:dhumrashva	Dhumrashva, a son of Su-candra and father of Sṛñjaya	boy	धूम्राश्व	Dhūmrāśva	Sanskrit	Hindu		Valmiki Ramayana	Bala Kanda	Ramayana 1.46.14	https://gretil.sub.uni-goettingen.de/gretil/corpustei/transformations/html/sa_rAmAyaNa.htm	2	human	personal	attested		GRETIL Valmiki Ramayana (Baroda critical ed., Tokunaga/Smith e-text, CC BY-NC-SA 4.0); Monier-Williams Sanskrit-English Dictionary (Cologne CDSL, CC BY-SA 4.0)	0.70
Kamari	slug:hindu:shiva	Shiva	boy	कामारि	Kāmāri	Sanskrit	Hindu		Valmiki Ramayana	Uttara Kanda	Ramayana 7.6.2	https://gretil.sub.uni-goettingen.de/gretil/corpustei/transformations/html/sa_rAmAyaNa.htm	2	deity	epithet	attested	epithet of Shiva	GRETIL Valmiki Ramayana (Baroda critical ed., Tokunaga/Smith e-text, CC BY-NC-SA 4.0); Monier-Williams Sanskrit-English Dictionary (Cologne CDSL, CC BY-SA 4.0)	0.70
Ketumati	slug:hindu:ketumati	Ketumati, the wife of Sumālin	girl	केतुमती	Ketumatī	Sanskrit	Hindu		Valmiki Ramayana	Uttara Kanda	Ramayana 7.5.33	https://gretil.sub.uni-goettingen.de/gretil/corpustei/transformations/html/sa_rAmAyaNa.htm	2	human	personal	attested		GRETIL Valmiki Ramayana (Baroda critical ed., Tokunaga/Smith e-text, CC BY-NC-SA 4.0); Monier-Williams Sanskrit-English Dictionary (Cologne CDSL, CC BY-SA 4.0)	0.70
Kumbhasambhava	slug:hindu:agastya	Agastya	boy	कुम्भसम्भव	Kumbhasambhava	Sanskrit	Hindu		Valmiki Ramayana	Uttara Kanda	Ramayana 7.71.1	https://gretil.sub.uni-goettingen.de/gretil/corpustei/transformations/html/sa_rAmAyaNa.htm	2	human	epithet	attested	epithet of Agastya	GRETIL Valmiki Ramayana (Baroda critical ed., Tokunaga/Smith e-text, CC BY-NC-SA 4.0); Monier-Williams Sanskrit-English Dictionary (Cologne CDSL, CC BY-SA 4.0)	0.70
Mandakarni	slug:hindu:mandakarni	Mandakarni, a Muni	boy	माण्डकर्णि	Māṇḍakarṇi	Sanskrit	Hindu		Valmiki Ramayana	Aranya Kanda	Ramayana 3.10.11	https://gretil.sub.uni-goettingen.de/gretil/corpustei/transformations/html/sa_rAmAyaNa.htm	2	sage	personal	attested		GRETIL Valmiki Ramayana (Baroda critical ed., Tokunaga/Smith e-text, CC BY-NC-SA 4.0); Monier-Williams Sanskrit-English Dictionary (Cologne CDSL, CC BY-SA 4.0)	0.70
Mithi	slug:hindu:mithi	Mithi, a son of Nimi and prince of Míthilā	boy	मिथि	Mithi	Sanskrit	Hindu		Valmiki Ramayana	Bala Kanda	Ramayana 1.70.4	https://gretil.sub.uni-goettingen.de/gretil/corpustei/transformations/html/sa_rAmAyaNa.htm	2	royal	personal	attested		GRETIL Valmiki Ramayana (Baroda critical ed., Tokunaga/Smith e-text, CC BY-NC-SA 4.0); Monier-Williams Sanskrit-English Dictionary (Cologne CDSL, CC BY-SA 4.0)	0.70
Pinaki	slug:hindu:rudra	Rudra	boy	पिनाकिन्	Pinākin	Sanskrit	Hindu		Valmiki Ramayana	Aranya Kanda	Ramayana 3.23.27	https://gretil.sub.uni-goettingen.de/gretil/corpustei/transformations/html/sa_rAmAyaNa.htm	2	deity	epithet	attested	epithet of Rudra	GRETIL Valmiki Ramayana (Baroda critical ed., Tokunaga/Smith e-text, CC BY-NC-SA 4.0); Monier-Williams Sanskrit-English Dictionary (Cologne CDSL, CC BY-SA 4.0)	0.70
Sankashya	slug:hindu:sankashya	Sankashya, the town of Kuśa-dhvaja		साङ्काश्य	Sāṅkāśya	Sanskrit	Hindu		Valmiki Ramayana	Bala Kanda	Ramayana 1.70.16	https://gretil.sub.uni-goettingen.de/gretil/corpustei/transformations/html/sa_rAmAyaNa.htm	2	place	personal	attested		GRETIL Valmiki Ramayana (Baroda critical ed., Tokunaga/Smith e-text, CC BY-NC-SA 4.0); Monier-Williams Sanskrit-English Dictionary (Cologne CDSL, CC BY-SA 4.0)	0.70
Shatrunjaya	slug:hindu:shatrunjaya	Shatrunjaya, of an elephant	boy	शत्रुञ्जय	Śatruñjaya	Sanskrit	Hindu		Valmiki Ramayana	Ayodhya Kanda	Ramayana 2.91.13	https://gretil.sub.uni-goettingen.de/gretil/corpustei/transformations/html/sa_rAmAyaNa.htm	2	mythological_being	personal	attested		GRETIL Valmiki Ramayana (Baroda critical ed., Tokunaga/Smith e-text, CC BY-NC-SA 4.0); Monier-Williams Sanskrit-English Dictionary (Cologne CDSL, CC BY-SA 4.0)	0.70
Svargapuri	slug:hindu:amaravati	Amaravati	girl	स्वर्गपुरी	Svargapurī	Sanskrit	Hindu		Valmiki Ramayana	Uttara Kanda	Ramayana 7.31.6	https://gretil.sub.uni-goettingen.de/gretil/corpustei/transformations/html/sa_rAmAyaNa.htm	2	human	epithet	attested	epithet of Amaravati	GRETIL Valmiki Ramayana (Baroda critical ed., Tokunaga/Smith e-text, CC BY-NC-SA 4.0); Monier-Williams Sanskrit-English Dictionary (Cologne CDSL, CC BY-SA 4.0)	0.70
Udavasu	slug:hindu:udavasu	Udavasu, a son of Janaka	boy	उदावसु	Udāvasu	Sanskrit	Hindu		Valmiki Ramayana	Bala Kanda	Ramayana 1.70.4	https://gretil.sub.uni-goettingen.de/gretil/corpustei/transformations/html/sa_rAmAyaNa.htm	2	human	personal	attested		GRETIL Valmiki Ramayana (Baroda critical ed., Tokunaga/Smith e-text, CC BY-NC-SA 4.0); Monier-Williams Sanskrit-English Dictionary (Cologne CDSL, CC BY-SA 4.0)	0.70
Virabahu	slug:hindu:virabahu	Virabahu, of a monkey	boy	वीरबाहु	Vīrabāhu	Sanskrit	Hindu		Valmiki Ramayana	Kishkindha Kanda	Ramayana 4.32.10	https://gretil.sub.uni-goettingen.de/gretil/corpustei/transformations/html/sa_rAmAyaNa.htm	2	mythological_being	personal	attested		GRETIL Valmiki Ramayana (Baroda critical ed., Tokunaga/Smith e-text, CC BY-NC-SA 4.0); Monier-Williams Sanskrit-English Dictionary (Cologne CDSL, CC BY-SA 4.0)	0.70
Avindhya	slug:hindu:avindhya	Avindhya, a minister of Rāvaṇa	boy	अविन्ध्य	Avindhya	Sanskrit	Hindu		Valmiki Ramayana	Sundara Kanda	Ramayana 5.35.12	https://gretil.sub.uni-goettingen.de/gretil/corpustei/transformations/html/sa_rAmAyaNa.htm	1	human	personal	attested		GRETIL Valmiki Ramayana (Baroda critical ed., Tokunaga/Smith e-text, CC BY-NC-SA 4.0); Monier-Williams Sanskrit-English Dictionary (Cologne CDSL, CC BY-SA 4.0)	0.70
Dhumragiri	slug:hindu:dhumragiri	Dhumragiri, a mountain		धूम्रगिरि	Dhūmragiri	Sanskrit	Hindu		Valmiki Ramayana	Kishkindha Kanda	Ramayana 4.36.6	https://gretil.sub.uni-goettingen.de/gretil/corpustei/transformations/html/sa_rAmAyaNa.htm	1	place	personal	attested		GRETIL Valmiki Ramayana (Baroda critical ed., Tokunaga/Smith e-text, CC BY-NC-SA 4.0); Monier-Williams Sanskrit-English Dictionary (Cologne CDSL, CC BY-SA 4.0)	0.70
Girivraja	slug:hindu:girivraja	Girivraja, the capital of Magadha		गिरिव्रज	Girivraja	Sanskrit	Hindu		Valmiki Ramayana	Bala Kanda	Ramayana 1.31.5	https://gretil.sub.uni-goettingen.de/gretil/corpustei/transformations/html/sa_rAmAyaNa.htm	1	place	personal	attested		GRETIL Valmiki Ramayana (Baroda critical ed., Tokunaga/Smith e-text, CC BY-NC-SA 4.0); Monier-Williams Sanskrit-English Dictionary (Cologne CDSL, CC BY-SA 4.0)	0.70
Gopatidhvaja	slug:hindu:shiva	Shiva	boy	गोपतिध्वज	Gopatidhvaja	Sanskrit	Hindu		Valmiki Ramayana	Uttara Kanda	Ramayana 7.78.12	https://gretil.sub.uni-goettingen.de/gretil/corpustei/transformations/html/sa_rAmAyaNa.htm	1	deity	epithet	attested	epithet of Shiva	GRETIL Valmiki Ramayana (Baroda critical ed., Tokunaga/Smith e-text, CC BY-NC-SA 4.0); Monier-Williams Sanskrit-English Dictionary (Cologne CDSL, CC BY-SA 4.0)	0.70
Harihayanuja	slug:hindu:krishna	Krishna	boy	हरिहयानुज	Harihayānuja	Sanskrit	Hindu		Valmiki Ramayana	Uttara Kanda	Ramayana 7.7.37	https://gretil.sub.uni-goettingen.de/gretil/corpustei/transformations/html/sa_rAmAyaNa.htm	1	human	epithet	attested	epithet of Krishna	GRETIL Valmiki Ramayana (Baroda critical ed., Tokunaga/Smith e-text, CC BY-NC-SA 4.0); Monier-Williams Sanskrit-English Dictionary (Cologne CDSL, CC BY-SA 4.0)	0.70
Kushavati	slug:hindu:kushavati	Kushavati, a town		कुशावती	Kuśāvatī	Sanskrit	Hindu		Valmiki Ramayana	Uttara Kanda	Ramayana 7.98.4	https://gretil.sub.uni-goettingen.de/gretil/corpustei/transformations/html/sa_rAmAyaNa.htm	1	place	personal	attested		GRETIL Valmiki Ramayana (Baroda critical ed., Tokunaga/Smith e-text, CC BY-NC-SA 4.0); Monier-Williams Sanskrit-English Dictionary (Cologne CDSL, CC BY-SA 4.0)	0.70
Mandavi	slug:hindu:mandavi	Mandavi, of a daughter of Kuśa-dhvaja and wife of Bharata	girl	माण्डवी	Māṇḍavī	Sanskrit	Hindu		Valmiki Ramayana	Bala Kanda	Ramayana 1.72.19	https://gretil.sub.uni-goettingen.de/gretil/corpustei/transformations/html/sa_rAmAyaNa.htm	1	human	personal	attested		GRETIL Valmiki Ramayana (Baroda critical ed., Tokunaga/Smith e-text, CC BY-NC-SA 4.0); Monier-Williams Sanskrit-English Dictionary (Cologne CDSL, CC BY-SA 4.0)	0.70
Marichipattana	slug:hindu:marichipattana	Marichipattana, a town		मरीचिपत्तन	Marīcipattana	Sanskrit	Hindu		Valmiki Ramayana	Kishkindha Kanda	Ramayana 4.41.10	https://gretil.sub.uni-goettingen.de/gretil/corpustei/transformations/html/sa_rAmAyaNa.htm	1	place	personal	attested		GRETIL Valmiki Ramayana (Baroda critical ed., Tokunaga/Smith e-text, CC BY-NC-SA 4.0); Monier-Williams Sanskrit-English Dictionary (Cologne CDSL, CC BY-SA 4.0)	0.70
Matangasarasa	slug:hindu:matangasarasa	Matangasarasa, a lake		मतङ्गसरस	Mataṅgasarasa	Sanskrit	Hindu		Valmiki Ramayana	Aranya Kanda	Ramayana 3.71.13	https://gretil.sub.uni-goettingen.de/gretil/corpustei/transformations/html/sa_rAmAyaNa.htm	1	place	personal	attested		GRETIL Valmiki Ramayana (Baroda critical ed., Tokunaga/Smith e-text, CC BY-NC-SA 4.0); Monier-Williams Sanskrit-English Dictionary (Cologne CDSL, CC BY-SA 4.0)	0.70
Panchapsaras	slug:hindu:panchapsaras	Panchapsaras, a lake or pool, supposed to have been produced by Manda-karṇi through the power of his…		पञ्चाप्सरस्	Pañcāpsaras	Sanskrit	Hindu		Valmiki Ramayana	Aranya Kanda	Ramayana 3.10.11	https://gretil.sub.uni-goettingen.de/gretil/corpustei/transformations/html/sa_rAmAyaNa.htm	1	place	personal	attested		GRETIL Valmiki Ramayana (Baroda critical ed., Tokunaga/Smith e-text, CC BY-NC-SA 4.0); Monier-Williams Sanskrit-English Dictionary (Cologne CDSL, CC BY-SA 4.0)	0.70
Rahushatru	slug:hindu:vishnu-accordingtoothersthemoon	Vishnu (according to others ‘the moon’)	boy	राहुशत्रु	Rāhuśatru	Sanskrit	Hindu		Valmiki Ramayana	Ayodhya Kanda	Ramayana 2.106.3	https://gretil.sub.uni-goettingen.de/gretil/corpustei/transformations/html/sa_rAmAyaNa.htm	1	deity	epithet	attested	epithet of Vishnu	GRETIL Valmiki Ramayana (Baroda critical ed., Tokunaga/Smith e-text, CC BY-NC-SA 4.0); Monier-Williams Sanskrit-English Dictionary (Cologne CDSL, CC BY-SA 4.0)	0.70
Rupakartri	slug:hindu:vishvakrit	Vishvakrit	boy	रूपकर्तृ	Rūpakartṛ	Sanskrit	Hindu		Valmiki Ramayana	Sundara Kanda	Ramayana 5.18.13	https://gretil.sub.uni-goettingen.de/gretil/corpustei/transformations/html/sa_rAmAyaNa.htm	1	human	epithet	attested	epithet of Vishvakrit	GRETIL Valmiki Ramayana (Baroda critical ed., Tokunaga/Smith e-text, CC BY-NC-SA 4.0); Monier-Williams Sanskrit-English Dictionary (Cologne CDSL, CC BY-SA 4.0)	0.70
Sanyodhakantaka	slug:hindu:sanyodhakantaka	Sanyodhakantaka, a Yakṣa	boy	संयोधकण्टक	Saṃyodhakaṇṭaka	Sanskrit	Hindu		Valmiki Ramayana	Uttara Kanda	Ramayana 7.14.18	https://gretil.sub.uni-goettingen.de/gretil/corpustei/transformations/html/sa_rAmAyaNa.htm	1	mythological_being	personal	attested		GRETIL Valmiki Ramayana (Baroda critical ed., Tokunaga/Smith e-text, CC BY-NC-SA 4.0); Monier-Williams Sanskrit-English Dictionary (Cologne CDSL, CC BY-SA 4.0)	0.70
Sarvalokamaheshvara	slug:hindu:shiva	Shiva	boy	सर्वलोकमहेश्वर	Sarvalokamaheśvara	Sanskrit	Hindu		Valmiki Ramayana	Bala Kanda	Ramayana 1.35.12	https://gretil.sub.uni-goettingen.de/gretil/corpustei/transformations/html/sa_rAmAyaNa.htm	1	deity	epithet	attested	epithet of Shiva	GRETIL Valmiki Ramayana (Baroda critical ed., Tokunaga/Smith e-text, CC BY-NC-SA 4.0); Monier-Williams Sanskrit-English Dictionary (Cologne CDSL, CC BY-SA 4.0)	0.70
Suryabhanu	slug:hindu:suryabhanu	Suryabhanu, a Yakṣa	boy	सूर्यभानु	Sūryabhānu	Sanskrit	Hindu		Valmiki Ramayana	Uttara Kanda	Ramayana 7.14.22	https://gretil.sub.uni-goettingen.de/gretil/corpustei/transformations/html/sa_rAmAyaNa.htm	1	mythological_being	personal	attested		GRETIL Valmiki Ramayana (Baroda critical ed., Tokunaga/Smith e-text, CC BY-NC-SA 4.0); Monier-Williams Sanskrit-English Dictionary (Cologne CDSL, CC BY-SA 4.0)	0.70
Trijatasvapnadarshana	slug:hindu:trijatasvapnadarshana	Trijatasvapnadarshana, n. ‘dream of Tri-jaṭā’, N. of		त्रिजटास्वप्नदर्शन	Trijaṭāsvapnadarśana	Sanskrit	Hindu		Valmiki Ramayana	Bala Kanda	Ramayana 1.3.21	https://gretil.sub.uni-goettingen.de/gretil/corpustei/transformations/html/sa_rAmAyaNa.htm	1	human	personal	attested		GRETIL Valmiki Ramayana (Baroda critical ed., Tokunaga/Smith e-text, CC BY-NC-SA 4.0); Monier-Williams Sanskrit-English Dictionary (Cologne CDSL, CC BY-SA 4.0)	0.70
Vajrajvala	slug:hindu:vajrajvala	Vajrajvala, a granddaughter of Vairocana	girl	वज्रज्वाला	Vajrajvālā	Sanskrit	Hindu		Valmiki Ramayana	Uttara Kanda	Ramayana 7.12.21	https://gretil.sub.uni-goettingen.de/gretil/corpustei/transformations/html/sa_rAmAyaNa.htm	1	human	personal	attested		GRETIL Valmiki Ramayana (Baroda critical ed., Tokunaga/Smith e-text, CC BY-NC-SA 4.0); Monier-Williams Sanskrit-English Dictionary (Cologne CDSL, CC BY-SA 4.0)	0.70
Vayupatha	slug:hindu:vayupatha	Vayupatha, a partic. region in the atmosphere		वायुपथ	Vāyupatha	Sanskrit	Hindu		Valmiki Ramayana	Kishkindha Kanda	Ramayana 4.60.14	https://gretil.sub.uni-goettingen.de/gretil/corpustei/transformations/html/sa_rAmAyaNa.htm	1	place	personal	attested		GRETIL Valmiki Ramayana (Baroda critical ed., Tokunaga/Smith e-text, CC BY-NC-SA 4.0); Monier-Williams Sanskrit-English Dictionary (Cologne CDSL, CC BY-SA 4.0)	0.70
Tara	slug:hindu:tara	Tara, of one of Rāma's monkey generals	boy	तार	Tāra	Sanskrit	Hindu		Valmiki Ramayana	Kishkindha Kanda	Ramayana 4.2.22	https://gretil.sub.uni-goettingen.de/gretil/corpustei/transformations/html/sa_rAmAyaNa.htm	14	mythological_being	personal	attested		GRETIL Valmiki Ramayana (Baroda critical ed., Tokunaga/Smith e-text, CC BY-NC-SA 4.0); Monier-Williams Sanskrit-English Dictionary (Cologne CDSL, CC BY-SA 4.0)	0.60
Vamadeva	slug:hindu:vamadeva	Vamadeva, of minister of Daśa-ratha	boy	वामदेव	Vāmadeva	Sanskrit	Hindu		Valmiki Ramayana	Bala Kanda	Ramayana 1.11.6	https://gretil.sub.uni-goettingen.de/gretil/corpustei/transformations/html/sa_rAmAyaNa.htm	12	human	personal	attested		GRETIL Valmiki Ramayana (Baroda critical ed., Tokunaga/Smith e-text, CC BY-NC-SA 4.0); Monier-Williams Sanskrit-English Dictionary (Cologne CDSL, CC BY-SA 4.0)	0.60
Suyajna	slug:hindu:suyajna	Suyajna, of a son of Vasiṣṭha	boy	सुयज्ञ	Suyajña	Sanskrit	Hindu		Valmiki Ramayana	Bala Kanda	Ramayana 1.11.6	https://gretil.sub.uni-goettingen.de/gretil/corpustei/transformations/html/sa_rAmAyaNa.htm	8	human	personal	attested		GRETIL Valmiki Ramayana (Baroda critical ed., Tokunaga/Smith e-text, CC BY-NC-SA 4.0); Monier-Williams Sanskrit-English Dictionary (Cologne CDSL, CC BY-SA 4.0)	0.60
Arjuna	slug:hindu:indra-qv	Indra (= , q.v.)	boy	आर्जुन	Ārjuna	Sanskrit	Hindu		Valmiki Ramayana	Aranya Kanda	Ramayana 3.58.14	https://gretil.sub.uni-goettingen.de/gretil/corpustei/transformations/html/sa_rAmAyaNa.htm	7	deity	epithet	attested	epithet of Indra	GRETIL Valmiki Ramayana (Baroda critical ed., Tokunaga/Smith e-text, CC BY-NC-SA 4.0); Monier-Williams Sanskrit-English Dictionary (Cologne CDSL, CC BY-SA 4.0)	0.60
Sitaharana	slug:hindu:sitaharana	Sitaharana, a ch. of		सीताहरण	Sītāharaṇa	Sanskrit	Hindu		Valmiki Ramayana	Aranya Kanda	Ramayana 3.59.6	https://gretil.sub.uni-goettingen.de/gretil/corpustei/transformations/html/sa_rAmAyaNa.htm	7	human	personal	attested		GRETIL Valmiki Ramayana (Baroda critical ed., Tokunaga/Smith e-text, CC BY-NC-SA 4.0); Monier-Williams Sanskrit-English Dictionary (Cologne CDSL, CC BY-SA 4.0)	0.60
Durmukha	slug:hindu:durmukha-rakshas	Durmukha, of a Rakṣas	boy	दुर्मुख	Durmukha	Sanskrit	Hindu		Valmiki Ramayana	Kishkindha Kanda	Ramayana 4.38.29	https://gretil.sub.uni-goettingen.de/gretil/corpustei/transformations/html/sa_rAmAyaNa.htm	6	demon	personal	attested		GRETIL Valmiki Ramayana (Baroda critical ed., Tokunaga/Smith e-text, CC BY-NC-SA 4.0); Monier-Williams Sanskrit-English Dictionary (Cologne CDSL, CC BY-SA 4.0)	0.60
Sarana	slug:hindu:sarana	Sarana, of one of Rāvaṇa's ministers	boy	सारण	Sāraṇa	Sanskrit	Hindu		Valmiki Ramayana	Yuddha Kanda	Ramayana 6.17.1	https://gretil.sub.uni-goettingen.de/gretil/corpustei/transformations/html/sa_rAmAyaNa.htm	6	human	personal	attested		GRETIL Valmiki Ramayana (Baroda critical ed., Tokunaga/Smith e-text, CC BY-NC-SA 4.0); Monier-Williams Sanskrit-English Dictionary (Cologne CDSL, CC BY-SA 4.0)	0.60
Nabhaga	slug:hindu:nabhaga-yayati	Nabhaga, of a s˚ of Yayāti and f˚ of Aja	boy	नाभाग	Nābhāga	Sanskrit	Hindu		Valmiki Ramayana	Bala Kanda	Ramayana 1.69.30	https://gretil.sub.uni-goettingen.de/gretil/corpustei/transformations/html/sa_rAmAyaNa.htm	4	human	personal	attested		GRETIL Valmiki Ramayana (Baroda critical ed., Tokunaga/Smith e-text, CC BY-NC-SA 4.0); Monier-Williams Sanskrit-English Dictionary (Cologne CDSL, CC BY-SA 4.0)	0.60
Prajangha	slug:hindu:prajangha	Prajangha, a monkey and of a Rākṣasa	boy	प्रजङ्घ	Prajaṅgha	Sanskrit	Hindu		Valmiki Ramayana	Yuddha Kanda	Ramayana 6.33.7	https://gretil.sub.uni-goettingen.de/gretil/corpustei/transformations/html/sa_rAmAyaNa.htm	4	demon	personal	attested		GRETIL Valmiki Ramayana (Baroda critical ed., Tokunaga/Smith e-text, CC BY-NC-SA 4.0); Monier-Williams Sanskrit-English Dictionary (Cologne CDSL, CC BY-SA 4.0)	0.60
Agniketu	slug:hindu:agniketu	Agniketu, a Rakṣas	boy	अग्निकेतु	Agniketu	Sanskrit	Hindu		Valmiki Ramayana	Yuddha Kanda	Ramayana 6.33.11	https://gretil.sub.uni-goettingen.de/gretil/corpustei/transformations/html/sa_rAmAyaNa.htm	3	demon	personal	attested		GRETIL Valmiki Ramayana (Baroda critical ed., Tokunaga/Smith e-text, CC BY-NC-SA 4.0); Monier-Williams Sanskrit-English Dictionary (Cologne CDSL, CC BY-SA 4.0)	0.60
Arthasadhaka	slug:hindu:arthasadhaka	Arthasadhaka, a minister of king Daśaratha	boy	अर्थसाधक	Arthasādhaka	Sanskrit	Hindu		Valmiki Ramayana	Yuddha Kanda	Ramayana 6.73.1	https://gretil.sub.uni-goettingen.de/gretil/corpustei/transformations/html/sa_rAmAyaNa.htm	3	royal	personal	attested		GRETIL Valmiki Ramayana (Baroda critical ed., Tokunaga/Smith e-text, CC BY-NC-SA 4.0); Monier-Williams Sanskrit-English Dictionary (Cologne CDSL, CC BY-SA 4.0)	0.60
Asita	slug:hindu:asita	Asita, of a son of Bharata	boy	असित	Asita	Sanskrit	Hindu		Valmiki Ramayana	Bala Kanda	Ramayana 1.69.24	https://gretil.sub.uni-goettingen.de/gretil/corpustei/transformations/html/sa_rAmAyaNa.htm	3	human	personal	attested		GRETIL Valmiki Ramayana (Baroda critical ed., Tokunaga/Smith e-text, CC BY-NC-SA 4.0); Monier-Williams Sanskrit-English Dictionary (Cologne CDSL, CC BY-SA 4.0)	0.60
Sarvalokeshvara	slug:hindu:brahma	Brahma	boy	सर्वलोकेश्वर	Sarvalokeśvara	Sanskrit	Hindu		Valmiki Ramayana	Ayodhya Kanda	Ramayana 2.97.24	https://gretil.sub.uni-goettingen.de/gretil/corpustei/transformations/html/sa_rAmAyaNa.htm	1	deity	epithet	attested	epithet of Brahma	GRETIL Valmiki Ramayana (Baroda critical ed., Tokunaga/Smith e-text, CC BY-NC-SA 4.0); Monier-Williams Sanskrit-English Dictionary (Cologne CDSL, CC BY-SA 4.0)	0.60
Supatala	slug:hindu:supatala	Supatala, a monkey	boy	सुपाटल	Supāṭala	Sanskrit	Hindu		Valmiki Ramayana	Kishkindha Kanda	Ramayana 4.32.11	https://gretil.sub.uni-goettingen.de/gretil/corpustei/transformations/html/sa_rAmAyaNa.htm	1	mythological_being	personal	attested		GRETIL Valmiki Ramayana (Baroda critical ed., Tokunaga/Smith e-text, CC BY-NC-SA 4.0); Monier-Williams Sanskrit-English Dictionary (Cologne CDSL, CC BY-SA 4.0)	0.60
Vasvokasara	slug:hindu:vasvokasara	Vasvokasara, a river		वस्वोकसारा	Vasvokasārā	Sanskrit	Hindu		Valmiki Ramayana	Sundara Kanda	Ramayana 5.3.12	https://gretil.sub.uni-goettingen.de/gretil/corpustei/transformations/html/sa_rAmAyaNa.htm	1	place	personal	attested		GRETIL Valmiki Ramayana (Baroda critical ed., Tokunaga/Smith e-text, CC BY-NC-SA 4.0); Monier-Williams Sanskrit-English Dictionary (Cologne CDSL, CC BY-SA 4.0)	0.60
Bhimasena	Q3651886	Bhīma, Great Kshatriya(Rajput) warrior of Mahabharata	boy	भीमसेन	Bhīmasena	Sanskrit	Hindu		Mahabharata	Adi Parva	MBh 1.1.66	https://gretil.sub.uni-goettingen.de/gretil/1_sanskr/2_epic/mbh/mbh_01_u.htm	1124	human	personal	attested		GRETIL Mahabharata (BORI critical ed., Tokunaga/Smith e-text); Monier-Williams Sanskrit-English Dictionary (Cologne CDSL, CC BY-SA 4.0); Wikidata (CC0)	0.95
Satyaki	Q2381158	Sātyaki, character in Hindu epic Mahabharata	boy	सात्यकि	Sātyaki	Sanskrit	Hindu		Mahabharata	Adi Parva	MBh 1.2.182	https://gretil.sub.uni-goettingen.de/gretil/1_sanskr/2_epic/mbh/mbh_01_u.htm	533	human	personal	attested		GRETIL Mahabharata (BORI critical ed., Tokunaga/Smith e-text); Monier-Williams Sanskrit-English Dictionary (Cologne CDSL, CC BY-SA 4.0); Wikidata (CC0)	0.95
Dhrishtadyumna	Q2357086	Dhṛṣṭadyumna, character in the Mahabharata	boy	धृष्टद्युम्न	Dhṛṣṭadyumna	Sanskrit	Hindu		Mahabharata	Adi Parva	MBh 1.1.143	https://gretil.sub.uni-goettingen.de/gretil/1_sanskr/2_epic/mbh/mbh_01_u.htm	455	human	personal	attested		GRETIL Mahabharata (BORI critical ed., Tokunaga/Smith e-text); Monier-Williams Sanskrit-English Dictionary (Cologne CDSL, CC BY-SA 4.0); Wikidata (CC0)	0.95
Virata	Q2978459	Virāṭa, character from the epic Mahabharata	boy	विराट	Virāṭa	Sanskrit	Hindu		Mahabharata	Adi Parva	MBh 1.1.114	https://gretil.sub.uni-goettingen.de/gretil/1_sanskr/2_epic/mbh/mbh_01_u.htm	289	human	personal	attested		GRETIL Mahabharata (BORI critical ed., Tokunaga/Smith e-text); Monier-Williams Sanskrit-English Dictionary (Cologne CDSL, CC BY-SA 4.0); Wikidata (CC0)	0.95
Draupadi	Q1057886	Draupadī, main female character in the Hindu epic Mahabharata	girl	द्रौपदी	Draupadī	Sanskrit	Hindu		Mahabharata	Adi Parva	MBh 1.1.106	https://gretil.sub.uni-goettingen.de/gretil/1_sanskr/2_epic/mbh/mbh_01_u.htm	284	human	personal	attested		GRETIL Mahabharata (BORI critical ed., Tokunaga/Smith e-text); Monier-Williams Sanskrit-English Dictionary (Cologne CDSL, CC BY-SA 4.0); Wikidata (CC0)	0.95
Janamejaya	Q616654	Janamejaya, kuru King	boy	जनमेजय	Janamejaya	Sanskrit	Hindu		Mahabharata	Adi Parva	MBh 1.1.8	https://gretil.sub.uni-goettingen.de/gretil/1_sanskr/2_epic/mbh/mbh_01_u.htm	266	royal	personal	attested		GRETIL Mahabharata (BORI critical ed., Tokunaga/Smith e-text); Monier-Williams Sanskrit-English Dictionary (Cologne CDSL, CC BY-SA 4.0); Wikidata (CC0)	0.95
Kritavarma	Q2669309	Kritavarma, one of the Yadava warriors	boy	कृतवर्मन्	Kṛtavarman	Sanskrit	Hindu		Mahabharata	Adi Parva	MBh 1.1.140	https://gretil.sub.uni-goettingen.de/gretil/1_sanskr/2_epic/mbh/mbh_01_u.htm	221	human	personal	attested		GRETIL Mahabharata (BORI critical ed., Tokunaga/Smith e-text); Monier-Williams Sanskrit-English Dictionary (Cologne CDSL, CC BY-SA 4.0); Wikidata (CC0)	0.95
Jayadratha	Q2381146	Jayadratha, character in the Indian epic Mahabharata	boy	जयद्रथ	Jayadratha	Sanskrit	Hindu		Mahabharata	Adi Parva	MBh 1.2.57	https://gretil.sub.uni-goettingen.de/gretil/1_sanskr/2_epic/mbh/mbh_01_u.htm	189	human	personal	attested		GRETIL Mahabharata (BORI critical ed., Tokunaga/Smith e-text); Monier-Williams Sanskrit-English Dictionary (Cologne CDSL, CC BY-SA 4.0); Wikidata (CC0)	0.95
Ghatotkacha	Q1976196	Ghaṭotkaca, son of Bhima in the Indian epic Mahabharata	boy	घटोत्कच	Ghaṭotkaca	Sanskrit	Hindu		Mahabharata	Adi Parva	MBh 1.1.141	https://gretil.sub.uni-goettingen.de/gretil/1_sanskr/2_epic/mbh/mbh_01_u.htm	181	demon	personal	attested		GRETIL Mahabharata (BORI critical ed., Tokunaga/Smith e-text); Monier-Williams Sanskrit-English Dictionary (Cologne CDSL, CC BY-SA 4.0); Wikidata (CC0)	0.95
Yayati	Q2091602	Yayāti, legendary ancestor of the Kuru and Yadu dynasty		ययाति	Yayāti	Sanskrit	Hindu		Mahabharata	Adi Parva	MBh 1.1.169	https://gretil.sub.uni-goettingen.de/gretil/1_sanskr/2_epic/mbh/mbh_01_u.htm	160	tribe	personal	attested		GRETIL Mahabharata (BORI critical ed., Tokunaga/Smith e-text); Monier-Williams Sanskrit-English Dictionary (Cologne CDSL, CC BY-SA 4.0); Wikidata (CC0)	0.95
Bhagadatta	Q1114098	Bhagadatta, character in the Mahabharata	boy	भगदत्त	Bhagadatta	Sanskrit	Hindu		Mahabharata	Adi Parva	MBh 1.2.161	https://gretil.sub.uni-goettingen.de/gretil/1_sanskr/2_epic/mbh/mbh_01_u.htm	118	human	personal	attested		GRETIL Mahabharata (BORI critical ed., Tokunaga/Smith e-text); Monier-Williams Sanskrit-English Dictionary (Cologne CDSL, CC BY-SA 4.0); Wikidata (CC0)	0.95
Damayanti	Q3521321	Damayantī, Hindu mythological character	girl	दमयन्ती	Damayantī	Sanskrit	Hindu		Mahabharata	Adi Parva	MBh 1.2.109	https://gretil.sub.uni-goettingen.de/gretil/1_sanskr/2_epic/mbh/mbh_01_u.htm	117	human	personal	attested		GRETIL Mahabharata (BORI critical ed., Tokunaga/Smith e-text); Monier-Williams Sanskrit-English Dictionary (Cologne CDSL, CC BY-SA 4.0); Wikidata (CC0)	0.95
Jarasandha	Q2723062	Jarāsandha, Mythical ruler	boy	जरासन्ध	Jarāsandha	Sanskrit	Hindu		Mahabharata	Adi Parva	MBh 1.1.86	https://gretil.sub.uni-goettingen.de/gretil/1_sanskr/2_epic/mbh/mbh_01_u.htm	101	royal	personal	attested		GRETIL Mahabharata (BORI critical ed., Tokunaga/Smith e-text); Monier-Williams Sanskrit-English Dictionary (Cologne CDSL, CC BY-SA 4.0); Wikidata (CC0)	0.95
Dhrishtaketu	Q12434647	Dhrishtaketu	boy	धृष्टकेतु	Dhṛṣṭaketu	Sanskrit	Hindu		Mahabharata	Adi Parva	MBh 1.1.177	https://gretil.sub.uni-goettingen.de/gretil/1_sanskr/2_epic/mbh/mbh_01_u.htm	72	human	personal	attested		GRETIL Mahabharata (BORI critical ed., Tokunaga/Smith e-text); Monier-Williams Sanskrit-English Dictionary (Cologne CDSL, CC BY-SA 4.0); Wikidata (CC0)	0.95
Satyavati	Q2044655	Satyavatī, character from Indian epic Mahabharata	girl	सत्यवती	Satyavatī	Sanskrit	Hindu		Mahabharata	Adi Parva	MBh 1.50.7	https://gretil.sub.uni-goettingen.de/gretil/1_sanskr/2_epic/mbh/mbh_01_u.htm	63	human	personal	attested		GRETIL Mahabharata (BORI critical ed., Tokunaga/Smith e-text); Monier-Williams Sanskrit-English Dictionary (Cologne CDSL, CC BY-SA 4.0); Wikidata (CC0)	0.95
Sharmishtha	Q7489930	Sharmishtha, character in Mahabharata	girl	शर्मिष्ठा	Śarmiṣṭhā	Sanskrit	Hindu		Mahabharata	Adi Parva	MBh 1.70.31	https://gretil.sub.uni-goettingen.de/gretil/1_sanskr/2_epic/mbh/mbh_01_u.htm	52	human	personal	attested		GRETIL Mahabharata (BORI critical ed., Tokunaga/Smith e-text); Monier-Williams Sanskrit-English Dictionary (Cologne CDSL, CC BY-SA 4.0); Wikidata (CC0)	0.95
Brihadbala	Q12442387	Brihadbala, character in the Mahabharata	boy	बृहद्बल	Bṛhadbala	Sanskrit	Hindu		Mahabharata	Adi Parva	MBh 1.1.177	https://gretil.sub.uni-goettingen.de/gretil/1_sanskr/2_epic/mbh/mbh_01_u.htm	45	human	personal	attested		GRETIL Mahabharata (BORI critical ed., Tokunaga/Smith e-text); Monier-Williams Sanskrit-English Dictionary (Cologne CDSL, CC BY-SA 4.0); Wikidata (CC0)	0.95
Kuntibhoja	Q4210132	Kunti-Bhoja, foster-father of Kunti, the mother of the Pandavas in Hindu mythology	boy	कुन्तिभोज	Kuntibhoja	Sanskrit	Hindu		Mahabharata	Adi Parva	MBh 1.104.3	https://gretil.sub.uni-goettingen.de/gretil/1_sanskr/2_epic/mbh/mbh_01_u.htm	44	human	personal	attested		GRETIL Mahabharata (BORI critical ed., Tokunaga/Smith e-text); Monier-Williams Sanskrit-English Dictionary (Cologne CDSL, CC BY-SA 4.0); Wikidata (CC0)	0.95
Vichitravirya	Q1987279	Vichitravirya, character from Indian epic Mahabharata	boy	विचित्रवीर्य	Vicitravīrya	Sanskrit	Hindu		Mahabharata	Adi Parva	MBh 1.1.54	https://gretil.sub.uni-goettingen.de/gretil/1_sanskr/2_epic/mbh/mbh_01_u.htm	39	human	personal	attested		GRETIL Mahabharata (BORI critical ed., Tokunaga/Smith e-text); Monier-Williams Sanskrit-English Dictionary (Cologne CDSL, CC BY-SA 4.0); Wikidata (CC0)	0.95
Avanti	Q2019782	Avanti, historical kingdom described in Mahabharata		अवन्ति	Avanti	Sanskrit	Hindu		Mahabharata	Vana Parva	MBh 3.87.1	https://gretil.sub.uni-goettingen.de/gretil/1_sanskr/2_epic/mbh/mbh_03_u.htm	33	place	personal	attested		GRETIL Mahabharata (BORI critical ed., Tokunaga/Smith e-text); Monier-Williams Sanskrit-English Dictionary (Cologne CDSL, CC BY-SA 4.0); Wikidata (CC0)	0.95
Aruni	Q2724299	Aruni, Vedic sage	boy	आरुणि	Āruṇi	Sanskrit	Hindu		Mahabharata	Adi Parva	MBh 1.3.19	https://gretil.sub.uni-goettingen.de/gretil/1_sanskr/2_epic/mbh/mbh_01_u.htm	30	sage	personal	attested		GRETIL Mahabharata (BORI critical ed., Tokunaga/Smith e-text); Monier-Williams Sanskrit-English Dictionary (Cologne CDSL, CC BY-SA 4.0); Wikidata (CC0)	0.95
Lanka	Q721272	Lanka		लङ्का	Laṅkā	Sanskrit	Hindu		Mahabharata	Vana Parva	MBh 3.149.15	https://gretil.sub.uni-goettingen.de/gretil/1_sanskr/2_epic/mbh/mbh_03_u.htm	24	place	personal	attested		GRETIL Mahabharata (BORI critical ed., Tokunaga/Smith e-text); Monier-Williams Sanskrit-English Dictionary (Cologne CDSL, CC BY-SA 4.0); Wikidata (CC0)	0.95
Devapi	Q4259965	Devapi, fictional character	boy	देवापि	Devāpi	Sanskrit	Hindu		Mahabharata	Adi Parva	MBh 1.89.52	https://gretil.sub.uni-goettingen.de/gretil/1_sanskr/2_epic/mbh/mbh_01_u.htm	21	human	personal	attested		GRETIL Mahabharata (BORI critical ed., Tokunaga/Smith e-text); Monier-Williams Sanskrit-English Dictionary (Cologne CDSL, CC BY-SA 4.0); Wikidata (CC0)	0.95
Muchukunda	Q3631282	Mucukunda, mahabharata character	boy	मुचुकुन्द	Mucukunda	Sanskrit	Hindu		Mahabharata	Sabha Parva	MBh 2.8.20	https://gretil.sub.uni-goettingen.de/gretil/1_sanskr/2_epic/mbh/mbh_02_u.htm	20	human	personal	attested		GRETIL Mahabharata (BORI critical ed., Tokunaga/Smith e-text); Monier-Williams Sanskrit-English Dictionary (Cologne CDSL, CC BY-SA 4.0); Wikidata (CC0)	0.95
Ugrasena	Q2978451	Ugrasena, King of Mathura	boy	उग्रसेन	Ugrasena	Sanskrit	Hindu		Mahabharata	Adi Parva	MBh 1.3.1	https://gretil.sub.uni-goettingen.de/gretil/1_sanskr/2_epic/mbh/mbh_01_u.htm	20	royal	personal	attested		GRETIL Mahabharata (BORI critical ed., Tokunaga/Smith e-text); Monier-Williams Sanskrit-English Dictionary (Cologne CDSL, CC BY-SA 4.0); Wikidata (CC0)	0.95
Babhruvahana	Q2472921	Babhruvāhana, Son of Arjuna	boy	बभ्रुवाहन	Babhruvāhana	Sanskrit	Hindu		Mahabharata	Adi Parva	MBh 1.2.91	https://gretil.sub.uni-goettingen.de/gretil/1_sanskr/2_epic/mbh/mbh_01_u.htm	19	human	personal	attested		GRETIL Mahabharata (BORI critical ed., Tokunaga/Smith e-text); Monier-Williams Sanskrit-English Dictionary (Cologne CDSL, CC BY-SA 4.0); Wikidata (CC0)	0.95
Ulupi	Q2723089	Ulūpī, a character in the Hindu epic Mahabharata	girl	उलूपी	Ulūpī	Sanskrit	Hindu		Mahabharata	Adi Parva	MBh 1.2.91	https://gretil.sub.uni-goettingen.de/gretil/1_sanskr/2_epic/mbh/mbh_01_u.htm	17	mythological_being	personal	attested		GRETIL Mahabharata (BORI critical ed., Tokunaga/Smith e-text); Monier-Williams Sanskrit-English Dictionary (Cologne CDSL, CC BY-SA 4.0); Wikidata (CC0)	0.95
Ekalavya	Q1987473	Ekalavya, character in the Hindu epic Mahābhārata	boy	एकलव्य	Ekalavya	Sanskrit	Hindu		Mahabharata	Adi Parva	MBh 1.61.58	https://gretil.sub.uni-goettingen.de/gretil/1_sanskr/2_epic/mbh/mbh_01_u.htm	16	human	personal	attested		GRETIL Mahabharata (BORI critical ed., Tokunaga/Smith e-text); Monier-Williams Sanskrit-English Dictionary (Cologne CDSL, CC BY-SA 4.0); Wikidata (CC0)	0.95
Indradyumna	Q6026868	Indradyumna, son of King Sumati and the grandson of Bharata	boy	इन्द्रद्युम्न	Indradyumna	Sanskrit	Hindu		Mahabharata	Adi Parva	MBh 1.110.45	https://gretil.sub.uni-goettingen.de/gretil/1_sanskr/2_epic/mbh/mbh_01_u.htm	13	royal	personal	attested		GRETIL Mahabharata (BORI critical ed., Tokunaga/Smith e-text); Monier-Williams Sanskrit-English Dictionary (Cologne CDSL, CC BY-SA 4.0); Wikidata (CC0)	0.95
Vajradatta	Q18208171	Vajradatta, asura king in Hindu mythology	boy	वज्रदत्त	Vajradatta	Sanskrit	Hindu		Mahabharata	Ashvamedhika Parva	MBh 14.74.2	https://gretil.sub.uni-goettingen.de/gretil/1_sanskr/2_epic/mbh/mbh_14_u.htm	9	royal	personal	attested		GRETIL Mahabharata (BORI critical ed., Tokunaga/Smith e-text); Monier-Williams Sanskrit-English Dictionary (Cologne CDSL, CC BY-SA 4.0); Wikidata (CC0)	0.95
Kindama	Q6410536	Kindama, Sage in Hindu epic Mahabharata	boy	किन्दम	Kindama	Sanskrit	Hindu		Mahabharata	Adi Parva	MBh 1.109.26	https://gretil.sub.uni-goettingen.de/gretil/1_sanskr/2_epic/mbh/mbh_01_u.htm	1	sage	personal	attested		GRETIL Mahabharata (BORI critical ed., Tokunaga/Smith e-text); Monier-Williams Sanskrit-English Dictionary (Cologne CDSL, CC BY-SA 4.0); Wikidata (CC0)	0.95
Vaishampayana	Q2477603	Vaisampayana, 6th Century BCE	boy	वैशम्पायन	Vaiśampāyana	Sanskrit	Hindu		Mahabharata	Adi Parva	MBh 1.1.9	https://gretil.sub.uni-goettingen.de/gretil/1_sanskr/2_epic/mbh/mbh_01_u.htm	1036	human	personal	attested		GRETIL Mahabharata (BORI critical ed., Tokunaga/Smith e-text); Monier-Williams Sanskrit-English Dictionary (Cologne CDSL, CC BY-SA 4.0); Wikidata (CC0)	0.90
Abhimanyu	Q320606	Abhimanyu, tragic hero of the Indian epic Mahabharata	boy	अभिमन्यु	Abhimanyu	Sanskrit	Hindu		Mahabharata	Adi Parva	MBh 1.1.133	https://gretil.sub.uni-goettingen.de/gretil/1_sanskr/2_epic/mbh/mbh_01_u.htm	185	human	personal	attested		GRETIL Mahabharata (BORI critical ed., Tokunaga/Smith e-text); Monier-Williams Sanskrit-English Dictionary (Cologne CDSL, CC BY-SA 4.0); Wikidata (CC0)	0.90
Shishupala	Q2978464	Śiśupāla, Mighty Demigod from Mahabharata age	boy	शिशुपाल	Śiśupāla	Sanskrit	Hindu		Mahabharata	Adi Parva	MBh 1.61.5	https://gretil.sub.uni-goettingen.de/gretil/1_sanskr/2_epic/mbh/mbh_01_u.htm	33	human	personal	attested		GRETIL Mahabharata (BORI critical ed., Tokunaga/Smith e-text); Monier-Williams Sanskrit-English Dictionary (Cologne CDSL, CC BY-SA 4.0); Wikidata (CC0)	0.90
Shakuntala	Q955123	Śakuntalā, wife of Duṣyanta and mother of Emperor Bharata in Hinduism	girl	शकुन्तला	Śakuntalā	Sanskrit	Hindu		Mahabharata	Adi Parva	MBh 1.65.9	https://gretil.sub.uni-goettingen.de/gretil/1_sanskr/2_epic/mbh/mbh_01_u.htm	25	human	personal	attested		GRETIL Mahabharata (BORI critical ed., Tokunaga/Smith e-text); Monier-Williams Sanskrit-English Dictionary (Cologne CDSL, CC BY-SA 4.0); Wikidata (CC0)	0.90
Pandava	Q236221	Pāṇḍava, main characters of the Mahabharata		पाण्डव	Pāṇḍava	Sanskrit	Hindu		Mahabharata	Adi Parva	MBh 1.1.73	https://gretil.sub.uni-goettingen.de/gretil/1_sanskr/2_epic/mbh/mbh_01_u.htm	2815	tribe	personal	attested		GRETIL Mahabharata (BORI critical ed., Tokunaga/Smith e-text); Monier-Williams Sanskrit-English Dictionary (Cologne CDSL, CC BY-SA 4.0); Wikidata (CC0)	0.85
Yudhishthira	Q983067	Yudhiṣṭhira, character from Indian epic Mahabharata	boy	युधिष्ठिर	Yudhiṣṭhira	Sanskrit	Hindu		Mahabharata	Adi Parva	MBh 1.1.66	https://gretil.sub.uni-goettingen.de/gretil/1_sanskr/2_epic/mbh/mbh_01_u.htm	2047	human	personal	attested		GRETIL Mahabharata (BORI critical ed., Tokunaga/Smith e-text); Monier-Williams Sanskrit-English Dictionary (Cologne CDSL, CC BY-SA 4.0); Wikidata (CC0)	0.85
Bhishma	Q1405629	Bhīṣma, statesman of Hastinapur in the Mahabharata	boy	भीष्म	Bhīṣma	Sanskrit	Hindu		Mahabharata	Adi Parva	MBh 1.1.94	https://gretil.sub.uni-goettingen.de/gretil/1_sanskr/2_epic/mbh/mbh_01_u.htm	1864	human	personal	attested		GRETIL Mahabharata (BORI critical ed., Tokunaga/Smith e-text); Monier-Williams Sanskrit-English Dictionary (Cologne CDSL, CC BY-SA 4.0); Wikidata (CC0)	0.85
Karna	Q2727397	Karṇa, character of epic Mahabharata	boy	कर्ण	Karṇa	Sanskrit	Hindu		Mahabharata	Adi Parva	MBh 1.1.65	https://gretil.sub.uni-goettingen.de/gretil/1_sanskr/2_epic/mbh/mbh_01_u.htm	1567	royal	personal	attested		GRETIL Mahabharata (BORI critical ed., Tokunaga/Smith e-text); Monier-Williams Sanskrit-English Dictionary (Cologne CDSL, CC BY-SA 4.0); Wikidata (CC0)	0.85
Drona	Q890529	Droṇa, guru of Kauravas and Pāṇḍavas	boy	द्रोण	Droṇa	Sanskrit	Hindu		Mahabharata	Adi Parva	MBh 1.1.94	https://gretil.sub.uni-goettingen.de/gretil/1_sanskr/2_epic/mbh/mbh_01_u.htm	1321	human	personal	attested		GRETIL Mahabharata (BORI critical ed., Tokunaga/Smith e-text); Monier-Williams Sanskrit-English Dictionary (Cologne CDSL, CC BY-SA 4.0); Wikidata (CC0)	0.85
Krishna	Q42891	Krishna, Hindu deity	boy	कृष्ण	Kṛṣṇa	Sanskrit	Hindu		Mahabharata	Adi Parva	MBh 1.1.66	https://gretil.sub.uni-goettingen.de/gretil/1_sanskr/2_epic/mbh/mbh_01_u.htm	1164	deity	personal	attested		GRETIL Mahabharata (BORI critical ed., Tokunaga/Smith e-text); Monier-Williams Sanskrit-English Dictionary (Cologne CDSL, CC BY-SA 4.0); Wikidata (CC0)	0.85
Bhima	Q3651886	Bhīma, Great Kshatriya(Rajput) warrior of Mahabharata	boy	भीम	Bhīma	Sanskrit	Hindu		Mahabharata	Adi Parva	MBh 1.1.86	https://gretil.sub.uni-goettingen.de/gretil/1_sanskr/2_epic/mbh/mbh_01_u.htm	1156	human	personal	attested		GRETIL Mahabharata (BORI critical ed., Tokunaga/Smith e-text); Monier-Williams Sanskrit-English Dictionary (Cologne CDSL, CC BY-SA 4.0); Wikidata (CC0)	0.85
Sanjaya	Q2389469	Sanjaya, character from Hindu epic Mahabharata	boy	सञ्जय	Sañjaya	Sanskrit	Hindu		Mahabharata	Adi Parva	MBh 1.1.95	https://gretil.sub.uni-goettingen.de/gretil/1_sanskr/2_epic/mbh/mbh_01_u.htm	1029	human	personal	attested		GRETIL Mahabharata (BORI critical ed., Tokunaga/Smith e-text); Monier-Williams Sanskrit-English Dictionary (Cologne CDSL, CC BY-SA 4.0); Wikidata (CC0)	0.85
Duryodhana	Q1405823	Duryodhana, Eldest son of Dhritarashtra & Gandhari in the Hindu epic the Mahābhārata	boy	दुर्योधन	Duryodhana	Sanskrit	Hindu		Mahabharata	Adi Parva	MBh 1.1.65	https://gretil.sub.uni-goettingen.de/gretil/1_sanskr/2_epic/mbh/mbh_01_u.htm	986	human	personal	attested		GRETIL Mahabharata (BORI critical ed., Tokunaga/Smith e-text); Monier-Williams Sanskrit-English Dictionary (Cologne CDSL, CC BY-SA 4.0); Wikidata (CC0)	0.85
Pandu	Q857071	Pāṇḍu, father of the Pandavas in the epic Mahabharata	boy	पाण्डु	Pāṇḍu	Sanskrit	Hindu		Mahabharata	Adi Parva	MBh 1.1.55	https://gretil.sub.uni-goettingen.de/gretil/1_sanskr/2_epic/mbh/mbh_01_u.htm	912	human	personal	attested		GRETIL Mahabharata (BORI critical ed., Tokunaga/Smith e-text); Monier-Williams Sanskrit-English Dictionary (Cologne CDSL, CC BY-SA 4.0); Wikidata (CC0)	0.85
Dhritarashtra	Q926150	Dhṛtarāṣṭra, character from Indian Epic Mahabharata	boy	धृतराष्ट्र	Dhṛtarāṣṭra	Sanskrit	Hindu		Mahabharata	Adi Parva	MBh 1.1.55	https://gretil.sub.uni-goettingen.de/gretil/1_sanskr/2_epic/mbh/mbh_01_u.htm	807	human	personal	attested		GRETIL Mahabharata (BORI critical ed., Tokunaga/Smith e-text); Monier-Williams Sanskrit-English Dictionary (Cologne CDSL, CC BY-SA 4.0); Wikidata (CC0)	0.85
Arjuna	Q185790	Arjuna, central character of Indian epic Mahabharata	boy	अर्जुन	Arjuna	Sanskrit	Hindu		Mahabharata	Adi Parva	MBh 1.1.86	https://gretil.sub.uni-goettingen.de/gretil/1_sanskr/2_epic/mbh/mbh_01_u.htm	779	human	personal	attested		GRETIL Mahabharata (BORI critical ed., Tokunaga/Smith e-text); Monier-Williams Sanskrit-English Dictionary (Cologne CDSL, CC BY-SA 4.0); Wikidata (CC0)	0.85
Kaurava	Q1648561	Kaurava, Descendants of Kuru		कौरव	Kaurava	Sanskrit	Hindu		Mahabharata	Adi Parva	MBh 1.1.73	https://gretil.sub.uni-goettingen.de/gretil/1_sanskr/2_epic/mbh/mbh_01_u.htm	443	tribe	personal	attested		GRETIL Mahabharata (BORI critical ed., Tokunaga/Smith e-text); Monier-Williams Sanskrit-English Dictionary (Cologne CDSL, CC BY-SA 4.0); Wikidata (CC0)	0.85
Kunti	Q844424	Kuntī, character from Indian epic Mahabharata	girl	कुन्ती	Kuntī	Sanskrit	Hindu		Mahabharata	Adi Parva	MBh 1.1.59	https://gretil.sub.uni-goettingen.de/gretil/1_sanskr/2_epic/mbh/mbh_01_u.htm	419	human	personal	attested		GRETIL Mahabharata (BORI critical ed., Tokunaga/Smith e-text); Monier-Williams Sanskrit-English Dictionary (Cologne CDSL, CC BY-SA 4.0); Wikidata (CC0)	0.85
Shalya	Q2381126	Śalya, character from Indian epic Mahabharata	boy	शल्य	Śalya	Sanskrit	Hindu		Mahabharata	Adi Parva	MBh 1.2.27	https://gretil.sub.uni-goettingen.de/gretil/1_sanskr/2_epic/mbh/mbh_01_u.htm	401	human	personal	attested		GRETIL Mahabharata (BORI critical ed., Tokunaga/Smith e-text); Monier-Williams Sanskrit-English Dictionary (Cologne CDSL, CC BY-SA 4.0); Wikidata (CC0)	0.85
Kripa	Q2044671	Kṛpa, character in the Mahabharata, a cirañjīvī	boy	कृप	Kṛpa	Sanskrit	Hindu		Mahabharata	Adi Parva	MBh 1.1.94	https://gretil.sub.uni-goettingen.de/gretil/1_sanskr/2_epic/mbh/mbh_01_u.htm	379	human	personal	attested		GRETIL Mahabharata (BORI critical ed., Tokunaga/Smith e-text); Monier-Williams Sanskrit-English Dictionary (Cologne CDSL, CC BY-SA 4.0); Wikidata (CC0)	0.85
Vidura	Q2002511	Vidura, Polymath and Man of Dharma	boy	विदुर	Vidura	Sanskrit	Hindu		Mahabharata	Adi Parva	MBh 1.1.55	https://gretil.sub.uni-goettingen.de/gretil/1_sanskr/2_epic/mbh/mbh_01_u.htm	377	human	personal	attested		GRETIL Mahabharata (BORI critical ed., Tokunaga/Smith e-text); Monier-Williams Sanskrit-English Dictionary (Cologne CDSL, CC BY-SA 4.0); Wikidata (CC0)	0.85
Sahadeva	Q2044641	Sahadeva, character of Indian epic Mahabharata	boy	सहदेव	Sahadeva	Sanskrit	Hindu		Mahabharata	Adi Parva	MBh 1.1.149	https://gretil.sub.uni-goettingen.de/gretil/1_sanskr/2_epic/mbh/mbh_01_u.htm	329	human	personal	attested		GRETIL Mahabharata (BORI critical ed., Tokunaga/Smith e-text); Monier-Williams Sanskrit-English Dictionary (Cologne CDSL, CC BY-SA 4.0); Wikidata (CC0)	0.85
Shikhandi	Q2357063	Śikhaṇḍī, character in Mahabharata	boy	शिखण्डिन्	Śikhaṇḍin	Sanskrit	Hindu		Mahabharata	Adi Parva	MBh 1.1.126	https://gretil.sub.uni-goettingen.de/gretil/1_sanskr/2_epic/mbh/mbh_01_u.htm	306	human	personal	attested		GRETIL Mahabharata (BORI critical ed., Tokunaga/Smith e-text); Monier-Williams Sanskrit-English Dictionary (Cologne CDSL, CC BY-SA 4.0); Wikidata (CC0)	0.85
Nakula	Q1978476	Nakula, character of Indian epic Mahabharata	boy	नकुल	Nakula	Sanskrit	Hindu		Mahabharata	Adi Parva	MBh 1.1.144	https://gretil.sub.uni-goettingen.de/gretil/1_sanskr/2_epic/mbh/mbh_01_u.htm	304	human	personal	attested		GRETIL Mahabharata (BORI critical ed., Tokunaga/Smith e-text); Monier-Williams Sanskrit-English Dictionary (Cologne CDSL, CC BY-SA 4.0); Wikidata (CC0)	0.85
Shakuni	Q1992668	Śakuni, character from Hindu epic Mahabharata	boy	शकुनि	Śakuni	Sanskrit	Hindu		Mahabharata	Adi Parva	MBh 1.1.65	https://gretil.sub.uni-goettingen.de/gretil/1_sanskr/2_epic/mbh/mbh_01_u.htm	304	human	personal	attested		GRETIL Mahabharata (BORI critical ed., Tokunaga/Smith e-text); Monier-Williams Sanskrit-English Dictionary (Cologne CDSL, CC BY-SA 4.0); Wikidata (CC0)	0.85
Ananta	Q42891	Krishna, Hindu deity	boy	अनन्त	Ananta	Sanskrit	Hindu		Mahabharata	Adi Parva	MBh 1.2.58	https://gretil.sub.uni-goettingen.de/gretil/1_sanskr/2_epic/mbh/mbh_01_u.htm	263	deity	epithet	attested	epithet of Krishna (Wikidata alias)	GRETIL Mahabharata (BORI critical ed., Tokunaga/Smith e-text); Monier-Williams Sanskrit-English Dictionary (Cologne CDSL, CC BY-SA 4.0); Wikidata (CC0)	0.85
Dushasana	Q2044646	Duḥśāsana, character from Hindu epic Mahabharata	boy	दुःशासन	Duḥśāsana	Sanskrit	Hindu		Mahabharata	Adi Parva	MBh 1.1.65	https://gretil.sub.uni-goettingen.de/gretil/1_sanskr/2_epic/mbh/mbh_01_u.htm	256	human	personal	attested		GRETIL Mahabharata (BORI critical ed., Tokunaga/Smith e-text); Monier-Williams Sanskrit-English Dictionary (Cologne CDSL, CC BY-SA 4.0); Wikidata (CC0)	0.85
Drupada	Q2389430	Drupada, character in the Hindu epic Mahabharata	boy	द्रुपद	Drupada	Sanskrit	Hindu		Mahabharata	Adi Parva	MBh 1.2.88	https://gretil.sub.uni-goettingen.de/gretil/1_sanskr/2_epic/mbh/mbh_01_u.htm	238	human	personal	attested		GRETIL Mahabharata (BORI critical ed., Tokunaga/Smith e-text); Monier-Williams Sanskrit-English Dictionary (Cologne CDSL, CC BY-SA 4.0); Wikidata (CC0)	0.85
Madhusudana	Q42891	Krishna, Hindu deity	boy	मधुसूदन	Madhusūdana	Sanskrit	Hindu		Mahabharata	Adi Parva	MBh 1.191.18	https://gretil.sub.uni-goettingen.de/gretil/1_sanskr/2_epic/mbh/mbh_01_u.htm	202	deity	epithet	attested	epithet of Krishna (Wikidata alias)	GRETIL Mahabharata (BORI critical ed., Tokunaga/Smith e-text); Monier-Williams Sanskrit-English Dictionary (Cologne CDSL, CC BY-SA 4.0); Wikidata (CC0)	0.85
Nala	Q2588460	Nala, character in Hindu mythology	boy	नल	Nala	Sanskrit	Hindu		Mahabharata	Adi Parva	MBh 1.1.175	https://gretil.sub.uni-goettingen.de/gretil/1_sanskr/2_epic/mbh/mbh_01_u.htm	196	human	personal	attested		GRETIL Mahabharata (BORI critical ed., Tokunaga/Smith e-text); Monier-Williams Sanskrit-English Dictionary (Cologne CDSL, CC BY-SA 4.0); Wikidata (CC0)	0.85
Gandhari	Q1849082	Gāndhārī, character in the Hindu epic	girl	गान्धारी	Gāndhārī	Sanskrit	Hindu		Mahabharata	Adi Parva	MBh 1.1.59	https://gretil.sub.uni-goettingen.de/gretil/1_sanskr/2_epic/mbh/mbh_01_u.htm	186	human	personal	attested		GRETIL Mahabharata (BORI critical ed., Tokunaga/Smith e-text); Monier-Williams Sanskrit-English Dictionary (Cologne CDSL, CC BY-SA 4.0); Wikidata (CC0)	0.85
Madri	Q1770690	Mādrī, character from Indian epic Mahabharata	girl	माद्री	Mādrī	Sanskrit	Hindu		Mahabharata	Adi Parva	MBh 1.1.66	https://gretil.sub.uni-goettingen.de/gretil/1_sanskr/2_epic/mbh/mbh_01_u.htm	178	human	personal	attested		GRETIL Mahabharata (BORI critical ed., Tokunaga/Smith e-text); Monier-Williams Sanskrit-English Dictionary (Cologne CDSL, CC BY-SA 4.0); Wikidata (CC0)	0.85
Uttara	Q4209828	Uttara, character from the epic Mahabharata	boy	उत्तर	Uttara	Sanskrit	Hindu		Mahabharata	Adi Parva	MBh 1.3.141	https://gretil.sub.uni-goettingen.de/gretil/1_sanskr/2_epic/mbh/mbh_01_u.htm	169	human	personal	attested		GRETIL Mahabharata (BORI critical ed., Tokunaga/Smith e-text); Monier-Williams Sanskrit-English Dictionary (Cologne CDSL, CC BY-SA 4.0); Wikidata (CC0)	0.85
Ashvatthama	Q2044550	Aśvatthāmā, character of Mahābhārata	boy	अश्वत्थामन्	Aśvatthāman	Sanskrit	Hindu		Mahabharata	Adi Parva	MBh 1.1.154	https://gretil.sub.uni-goettingen.de/gretil/1_sanskr/2_epic/mbh/mbh_01_u.htm	150	human	personal	attested		GRETIL Mahabharata (BORI critical ed., Tokunaga/Smith e-text); Monier-Williams Sanskrit-English Dictionary (Cologne CDSL, CC BY-SA 4.0); Wikidata (CC0)	0.85
Yuyudhana	Q2381158	Sātyaki, character in Hindu epic Mahabharata	boy	युयुधान	Yuyudhāna	Sanskrit	Hindu		Mahabharata	Adi Parva	MBh 1.1.138	https://gretil.sub.uni-goettingen.de/gretil/1_sanskr/2_epic/mbh/mbh_01_u.htm	148	human	epithet	attested	epithet of Sātyaki (Wikidata alias)	GRETIL Mahabharata (BORI critical ed., Tokunaga/Smith e-text); Monier-Williams Sanskrit-English Dictionary (Cologne CDSL, CC BY-SA 4.0); Wikidata (CC0)	0.85
Nahusha	Q2633157	Nahuṣa, Indian king	boy	नहुष	Nahuṣa	Sanskrit	Hindu		Mahabharata	Adi Parva	MBh 1.70.28	https://gretil.sub.uni-goettingen.de/gretil/1_sanskr/2_epic/mbh/mbh_01_u.htm	137	royal	personal	attested		GRETIL Mahabharata (BORI critical ed., Tokunaga/Smith e-text); Monier-Williams Sanskrit-English Dictionary (Cologne CDSL, CC BY-SA 4.0); Wikidata (CC0)	0.85
Chitrasena	Q5102358	Chitrasena, Gandharva king in the Hindu epic, Mahabharata	boy	चित्रसेन	Citrasena	Sanskrit	Hindu		Mahabharata	Adi Parva	MBh 1.89.48	https://gretil.sub.uni-goettingen.de/gretil/1_sanskr/2_epic/mbh/mbh_01_u.htm	129	royal	personal	attested		GRETIL Mahabharata (BORI critical ed., Tokunaga/Smith e-text); Monier-Williams Sanskrit-English Dictionary (Cologne CDSL, CC BY-SA 4.0); Wikidata (CC0)	0.85
Shantanu	Q1973947	Śāntanu, character from Indian epic Mahabharata	boy	शान्तनु	Śāntanu	Sanskrit	Hindu		Mahabharata	Adi Parva	MBh 1.1.128	https://gretil.sub.uni-goettingen.de/gretil/1_sanskr/2_epic/mbh/mbh_01_u.htm	120	human	personal	attested		GRETIL Mahabharata (BORI critical ed., Tokunaga/Smith e-text); Monier-Williams Sanskrit-English Dictionary (Cologne CDSL, CC BY-SA 4.0); Wikidata (CC0)	0.85
Vikarna	Q7929388	Vikarna, character in the Indian epic Mahabharata	boy	विकर्ण	Vikarṇa	Sanskrit	Hindu		Mahabharata	Adi Parva	MBh 1.90.62	https://gretil.sub.uni-goettingen.de/gretil/1_sanskr/2_epic/mbh/mbh_01_u.htm	110	human	personal	attested		GRETIL Mahabharata (BORI critical ed., Tokunaga/Smith e-text); Monier-Williams Sanskrit-English Dictionary (Cologne CDSL, CC BY-SA 4.0); Wikidata (CC0)	0.85
Devaraj	Q128335	Indra	boy	देवराज्	Devarāj	Sanskrit	Hindu		Mahabharata	Adi Parva	MBh 1.1.104	https://gretil.sub.uni-goettingen.de/gretil/1_sanskr/2_epic/mbh/mbh_01_u.htm	109	deity	epithet	attested	epithet of Indra	GRETIL Mahabharata (BORI critical ed., Tokunaga/Smith e-text); Monier-Williams Sanskrit-English Dictionary (Cologne CDSL, CC BY-SA 4.0); Wikidata (CC0)	0.85
Yuyutsu	Q2392426	Yuyutsu, Son of Dhritrashtra and a concubine in epic Mahabharata	boy	युयुत्सु	Yuyutsu	Sanskrit	Hindu		Mahabharata	Adi Parva	MBh 1.57.99	https://gretil.sub.uni-goettingen.de/gretil/1_sanskr/2_epic/mbh/mbh_01_u.htm	101	human	personal	attested		GRETIL Mahabharata (BORI critical ed., Tokunaga/Smith e-text); Monier-Williams Sanskrit-English Dictionary (Cologne CDSL, CC BY-SA 4.0); Wikidata (CC0)	0.85
Kurushreshtha	Q185790	Arjuna, central character of Indian epic Mahabharata	boy	कुरुश्रेष्ठ	Kuruśreṣṭha	Sanskrit	Hindu		Mahabharata	Adi Parva	MBh 1.46.16	https://gretil.sub.uni-goettingen.de/gretil/1_sanskr/2_epic/mbh/mbh_01_u.htm	96	human	epithet	attested	epithet of Arjuna	GRETIL Mahabharata (BORI critical ed., Tokunaga/Smith e-text); Monier-Williams Sanskrit-English Dictionary (Cologne CDSL, CC BY-SA 4.0); Wikidata (CC0)	0.85
Bharata	Q1377025	Bharata, legendary Emperor of ancient India	boy	भरत	Bharata	Sanskrit	Hindu		Mahabharata	Adi Parva	MBh 1.70.1	https://gretil.sub.uni-goettingen.de/gretil/1_sanskr/2_epic/mbh/mbh_01_u.htm	95	human	personal	attested		GRETIL Mahabharata (BORI critical ed., Tokunaga/Smith e-text); Monier-Williams Sanskrit-English Dictionary (Cologne CDSL, CC BY-SA 4.0); Wikidata (CC0)	0.85
Gandivadhanva	Q185790	Arjuna, central character of Indian epic Mahabharata	boy	गाण्डीवधन्वन्	Gāṇḍīvadhanvan	Sanskrit	Hindu		Mahabharata	Sabha Parva	MBh 2.54.22	https://gretil.sub.uni-goettingen.de/gretil/1_sanskr/2_epic/mbh/mbh_02_u.htm	86	human	epithet	attested	epithet of Arjuna	GRETIL Mahabharata (BORI critical ed., Tokunaga/Smith e-text); Monier-Williams Sanskrit-English Dictionary (Cologne CDSL, CC BY-SA 4.0); Wikidata (CC0)	0.85
Kichaka	Q2382488	Kīcaka, character in Mahabharata	boy	कीचक	Kīcaka	Sanskrit	Hindu		Mahabharata	Virata Parva	MBh 4.14.1	https://gretil.sub.uni-goettingen.de/gretil/1_sanskr/2_epic/mbh/mbh_04_u.htm	83	human	personal	attested		GRETIL Mahabharata (BORI critical ed., Tokunaga/Smith e-text); Monier-Williams Sanskrit-English Dictionary (Cologne CDSL, CC BY-SA 4.0); Wikidata (CC0)	0.85
Jayanta	Q1377025	Bharata, legendary Emperor of ancient India	boy	जायन्त	Jāyanta	Sanskrit	Hindu		Mahabharata	Adi Parva	MBh 1.2.237	https://gretil.sub.uni-goettingen.de/gretil/1_sanskr/2_epic/mbh/mbh_01_u.htm	82	human	epithet	attested	epithet of Bharata; patronymic	GRETIL Mahabharata (BORI critical ed., Tokunaga/Smith e-text); Monier-Williams Sanskrit-English Dictionary (Cologne CDSL, CC BY-SA 4.0); Wikidata (CC0)	0.85
Sharadvata	Q2044671	Kṛpa, character in the Mahabharata, a cirañjīvī	boy	शारद्वत	Śāradvata	Sanskrit	Hindu		Mahabharata	Adi Parva	MBh 1.1.94	https://gretil.sub.uni-goettingen.de/gretil/1_sanskr/2_epic/mbh/mbh_01_u.htm	76	human	epithet	attested	epithet of Kṛpa	GRETIL Mahabharata (BORI critical ed., Tokunaga/Smith e-text); Monier-Williams Sanskrit-English Dictionary (Cologne CDSL, CC BY-SA 4.0); Wikidata (CC0)	0.85
Adhirathi	Q2727397	Karṇa, character of epic Mahabharata	boy	आधिरथि	Ādhirathi	Sanskrit	Hindu		Mahabharata	Vana Parva	MBh 3.294.2	https://gretil.sub.uni-goettingen.de/gretil/1_sanskr/2_epic/mbh/mbh_03_u.htm	74	royal	epithet	attested	epithet of Karṇa	GRETIL Mahabharata (BORI critical ed., Tokunaga/Smith e-text); Monier-Williams Sanskrit-English Dictionary (Cologne CDSL, CC BY-SA 4.0); Wikidata (CC0)	0.85
Rakshasendra	Q235102	Rāvaṇa, King of Lankā in the Hindu epic Ramayana	boy	राक्षसेन्द्र	Rākṣasendra	Sanskrit	Hindu		Mahabharata	Adi Parva	MBh 1.140.18	https://gretil.sub.uni-goettingen.de/gretil/1_sanskr/2_epic/mbh/mbh_01_u.htm	72	demon	epithet	attested	epithet of Rāvaṇa	GRETIL Mahabharata (BORI critical ed., Tokunaga/Smith e-text); Monier-Williams Sanskrit-English Dictionary (Cologne CDSL, CC BY-SA 4.0); Wikidata (CC0)	0.85
Uttara	Q2389445	Uttarā, character from Indian epic Mahabharata	girl	उत्तरा	Uttarā	Sanskrit	Hindu		Mahabharata	Adi Parva	MBh 1.1.115	https://gretil.sub.uni-goettingen.de/gretil/1_sanskr/2_epic/mbh/mbh_01_u.htm	68	human	personal	attested		GRETIL Mahabharata (BORI critical ed., Tokunaga/Smith e-text); Monier-Williams Sanskrit-English Dictionary (Cologne CDSL, CC BY-SA 4.0); Wikidata (CC0)	0.85
Pradyumna	Q3764980	Pradyumna, Son of Lord Krishna & Rukmini	boy	प्रद्युम्न	Pradyumna	Sanskrit	Hindu		Mahabharata	Adi Parva	MBh 1.59.43	https://gretil.sub.uni-goettingen.de/gretil/1_sanskr/2_epic/mbh/mbh_01_u.htm	63	human	personal	attested		GRETIL Mahabharata (BORI critical ed., Tokunaga/Smith e-text); Monier-Williams Sanskrit-English Dictionary (Cologne CDSL, CC BY-SA 4.0); Wikidata (CC0)	0.85
Kururaja	Q983067	Yudhiṣṭhira, character from Indian epic Mahabharata	boy	कुरुराज	Kururāja	Sanskrit	Hindu		Mahabharata	Adi Parva	MBh 1.2.43	https://gretil.sub.uni-goettingen.de/gretil/1_sanskr/2_epic/mbh/mbh_01_u.htm	61	human	epithet	attested	epithet of Yudhiṣṭhira	GRETIL Mahabharata (BORI critical ed., Tokunaga/Smith e-text); Monier-Williams Sanskrit-English Dictionary (Cologne CDSL, CC BY-SA 4.0); Wikidata (CC0)	0.85
Kali	Q1580107	Kali, satan demon in Hindu mythology	boy	कलि	Kali	Sanskrit	Hindu		Mahabharata	Adi Parva	MBh 1.59.43	https://gretil.sub.uni-goettingen.de/gretil/1_sanskr/2_epic/mbh/mbh_01_u.htm	59	human	personal	attested		GRETIL Mahabharata (BORI critical ed., Tokunaga/Smith e-text); Monier-Williams Sanskrit-English Dictionary (Cologne CDSL, CC BY-SA 4.0); Wikidata (CC0)	0.85
Uluka	Q7880794	Uluka, character in the Mahabharata	boy	उलूक	Ulūka	Sanskrit	Hindu		Mahabharata	Adi Parva	MBh 1.2.150	https://gretil.sub.uni-goettingen.de/gretil/1_sanskr/2_epic/mbh/mbh_01_u.htm	58	human	personal	attested		GRETIL Mahabharata (BORI critical ed., Tokunaga/Smith e-text); Monier-Williams Sanskrit-English Dictionary (Cologne CDSL, CC BY-SA 4.0); Wikidata (CC0)	0.85
Subhadra	Q1982348	Subhadrā, character from Indian epic Mahabharata	girl	सुभद्रा	Subhadrā	Sanskrit	Hindu		Mahabharata	Adi Parva	MBh 1.1.103	https://gretil.sub.uni-goettingen.de/gretil/1_sanskr/2_epic/mbh/mbh_01_u.htm	57	human	personal	attested		GRETIL Mahabharata (BORI critical ed., Tokunaga/Smith e-text); Monier-Williams Sanskrit-English Dictionary (Cologne CDSL, CC BY-SA 4.0); Wikidata (CC0)	0.85
Puru	Q6411966	Puru, Son of Yayati	boy	पूरु	Pūru	Sanskrit	Hindu		Mahabharata	Adi Parva	MBh 1.61.81	https://gretil.sub.uni-goettingen.de/gretil/1_sanskr/2_epic/mbh/mbh_01_u.htm	54	human	personal	attested		GRETIL Mahabharata (BORI critical ed., Tokunaga/Smith e-text); Monier-Williams Sanskrit-English Dictionary (Cologne CDSL, CC BY-SA 4.0); Wikidata (CC0)	0.85
Devayani	Q3521317	Devayānī, Daughter of Shukra	girl	देवयानी	Devayānī	Sanskrit	Hindu		Mahabharata	Adi Parva	MBh 1.70.31	https://gretil.sub.uni-goettingen.de/gretil/1_sanskr/2_epic/mbh/mbh_01_u.htm	52	human	personal	attested		GRETIL Mahabharata (BORI critical ed., Tokunaga/Smith e-text); Monier-Williams Sanskrit-English Dictionary (Cologne CDSL, CC BY-SA 4.0); Wikidata (CC0)	0.85
Maya	Q2723049	Mayasura, ancient king of the asuras, daityas and rākṣasa races in Hindu mythology	boy	मय	Maya	Sanskrit	Hindu		Mahabharata	Adi Parva	MBh 1.1.89	https://gretil.sub.uni-goettingen.de/gretil/1_sanskr/2_epic/mbh/mbh_01_u.htm	52	royal	personal	attested		GRETIL Mahabharata (BORI critical ed., Tokunaga/Smith e-text); Monier-Williams Sanskrit-English Dictionary (Cologne CDSL, CC BY-SA 4.0); Wikidata (CC0)	0.85
Bhrigunandana	Q2073479	Śaunaka, Sanskrit grammarian	boy	भृगुनन्दन	Bhṛgunandana	Sanskrit	Hindu		Mahabharata	Adi Parva	MBh 1.5.5	https://gretil.sub.uni-goettingen.de/gretil/1_sanskr/2_epic/mbh/mbh_01_u.htm	49	human	epithet	attested	epithet of Śaunaka; patronymic	GRETIL Mahabharata (BORI critical ed., Tokunaga/Smith e-text); Monier-Williams Sanskrit-English Dictionary (Cologne CDSL, CC BY-SA 4.0); Wikidata (CC0)	0.85
Shini	Q2381158	Sātyaki, character in Hindu epic Mahabharata	boy	शिनि	Śini	Sanskrit	Hindu		Mahabharata	Sabha Parva	MBh 2.4.27	https://gretil.sub.uni-goettingen.de/gretil/1_sanskr/2_epic/mbh/mbh_02_u.htm	49	human	epithet	attested	epithet of Sātyaki	GRETIL Mahabharata (BORI critical ed., Tokunaga/Smith e-text); Monier-Williams Sanskrit-English Dictionary (Cologne CDSL, CC BY-SA 4.0); Wikidata (CC0)	0.85
Pakashasana	Q128335	Indra	boy	पाकशासन	Pākaśāsana	Sanskrit	Hindu		Mahabharata	Adi Parva	MBh 1.194.17	https://gretil.sub.uni-goettingen.de/gretil/1_sanskr/2_epic/mbh/mbh_01_u.htm	46	deity	epithet	attested	epithet of Indra	GRETIL Mahabharata (BORI critical ed., Tokunaga/Smith e-text); Monier-Williams Sanskrit-English Dictionary (Cologne CDSL, CC BY-SA 4.0); Wikidata (CC0)	0.85
Yajnaseni	Q1057886	Draupadī, main female character in the Hindu epic Mahabharata	girl	याज्ञसेनी	Yājñasenī	Sanskrit	Hindu		Mahabharata	Adi Parva	MBh 1.153.7	https://gretil.sub.uni-goettingen.de/gretil/1_sanskr/2_epic/mbh/mbh_01_u.htm	45	human	epithet	attested	epithet of Draupadī (Wikidata alias)	GRETIL Mahabharata (BORI critical ed., Tokunaga/Smith e-text); Monier-Williams Sanskrit-English Dictionary (Cologne CDSL, CC BY-SA 4.0); Wikidata (CC0)	0.85
Sudakshina	Q7633279	Sudakshina, kambojas king in mahabharata	boy	सुदक्षिण	Sudakṣiṇa	Sanskrit	Hindu		Mahabharata	Adi Parva	MBh 1.177.15	https://gretil.sub.uni-goettingen.de/gretil/1_sanskr/2_epic/mbh/mbh_01_u.htm	43	royal	personal	attested		GRETIL Mahabharata (BORI critical ed., Tokunaga/Smith e-text); Monier-Williams Sanskrit-English Dictionary (Cologne CDSL, CC BY-SA 4.0); Wikidata (CC0)	0.85
Dharmasuta	Q983067	Yudhiṣṭhira, character from Indian epic Mahabharata	boy	धर्मसुत	Dharmasuta	Sanskrit	Hindu		Mahabharata	Adi Parva	MBh 1.2.101	https://gretil.sub.uni-goettingen.de/gretil/1_sanskr/2_epic/mbh/mbh_01_u.htm	39	human	epithet	attested	epithet of Yudhiṣṭhira	GRETIL Mahabharata (BORI critical ed., Tokunaga/Smith e-text); Monier-Williams Sanskrit-English Dictionary (Cologne CDSL, CC BY-SA 4.0); Wikidata (CC0)	0.85
Kacha	Q3536310	Kacha, Son of Brihaspati	boy	कच	Kaca	Sanskrit	Hindu		Mahabharata	Adi Parva	MBh 1.71.20	https://gretil.sub.uni-goettingen.de/gretil/1_sanskr/2_epic/mbh/mbh_01_u.htm	39	human	personal	attested		GRETIL Mahabharata (BORI critical ed., Tokunaga/Smith e-text); Monier-Williams Sanskrit-English Dictionary (Cologne CDSL, CC BY-SA 4.0); Wikidata (CC0)	0.85
Shaunaka	Q2073479	Śaunaka, Sanskrit grammarian	boy	शौनक	Śaunaka	Sanskrit	Hindu		Mahabharata	Adi Parva	MBh 1.13.1	https://gretil.sub.uni-goettingen.de/gretil/1_sanskr/2_epic/mbh/mbh_01_u.htm	39	human	personal	attested		GRETIL Mahabharata (BORI critical ed., Tokunaga/Smith e-text); Monier-Williams Sanskrit-English Dictionary (Cologne CDSL, CC BY-SA 4.0); Wikidata (CC0)	0.85
Bhaimaseni	Q1976196	Ghaṭotkaca, son of Bhima in the Indian epic Mahabharata	boy	भैमसेनि	Bhaimaseni	Sanskrit	Hindu		Mahabharata	Udyoga Parva	MBh 5.115.1	https://gretil.sub.uni-goettingen.de/gretil/1_sanskr/2_epic/mbh/mbh_05_u.htm	36	demon	epithet	attested	epithet of Ghaṭotkaca	GRETIL Mahabharata (BORI critical ed., Tokunaga/Smith e-text); Monier-Williams Sanskrit-English Dictionary (Cologne CDSL, CC BY-SA 4.0); Wikidata (CC0)	0.85
Brihannada	Q185790	Arjuna, central character of Indian epic Mahabharata	boy	बृहन्नड	Bṛhannaḍa	Sanskrit	Hindu		Mahabharata	Virata Parva	MBh 4.2.22	https://gretil.sub.uni-goettingen.de/gretil/1_sanskr/2_epic/mbh/mbh_04_u.htm	32	human	epithet	attested	epithet of Arjuna	GRETIL Mahabharata (BORI critical ed., Tokunaga/Smith e-text); Monier-Williams Sanskrit-English Dictionary (Cologne CDSL, CC BY-SA 4.0); Wikidata (CC0)	0.85
Gudakesha	Q185790	Arjuna, central character of Indian epic Mahabharata	boy	गुडाकेश	Guḍākeśa	Sanskrit	Hindu		Mahabharata	Adi Parva	MBh 1.205.25	https://gretil.sub.uni-goettingen.de/gretil/1_sanskr/2_epic/mbh/mbh_01_u.htm	32	human	epithet	attested	epithet of Arjuna	GRETIL Mahabharata (BORI critical ed., Tokunaga/Smith e-text); Monier-Williams Sanskrit-English Dictionary (Cologne CDSL, CC BY-SA 4.0); Wikidata (CC0)	0.85
Samba	Q2841495	Samba, Son of Krishna & Jambavati	boy	साम्ब	Sāmba	Sanskrit	Hindu		Mahabharata	Adi Parva	MBh 1.213.27	https://gretil.sub.uni-goettingen.de/gretil/1_sanskr/2_epic/mbh/mbh_01_u.htm	31	human	personal	attested		GRETIL Mahabharata (BORI critical ed., Tokunaga/Smith e-text); Monier-Williams Sanskrit-English Dictionary (Cologne CDSL, CC BY-SA 4.0); Wikidata (CC0)	0.85
Dhritarashtraja	Q1405823	Duryodhana, Eldest son of Dhritarashtra & Gandhari in the Hindu epic the Mahābhārata	boy	धृतराष्ट्रज	Dhṛtarāṣṭraja	Sanskrit	Hindu		Mahabharata	Adi Parva	MBh 1.55.9	https://gretil.sub.uni-goettingen.de/gretil/1_sanskr/2_epic/mbh/mbh_01_u.htm	30	human	epithet	attested	epithet of Duryodhana	GRETIL Mahabharata (BORI critical ed., Tokunaga/Smith e-text); Monier-Williams Sanskrit-English Dictionary (Cologne CDSL, CC BY-SA 4.0); Wikidata (CC0)	0.85
Gavalgani	Q2389469	Sanjaya, character from Hindu epic Mahabharata	boy	गावल्गणि	Gāvalgaṇi	Sanskrit	Hindu		Mahabharata	Adi Parva	MBh 1.1.162	https://gretil.sub.uni-goettingen.de/gretil/1_sanskr/2_epic/mbh/mbh_01_u.htm	30	human	epithet	attested	epithet of Sanjaya; patronymic	GRETIL Mahabharata (BORI critical ed., Tokunaga/Smith e-text); Monier-Williams Sanskrit-English Dictionary (Cologne CDSL, CC BY-SA 4.0); Wikidata (CC0)	0.85
Halayudha	Q1061606	Balarama, elder brother of Krishna, a deity in Vaishnavism and Jainism	boy	हलायुध	Halāyudha	Sanskrit	Hindu		Mahabharata	Adi Parva	MBh 1.178.8	https://gretil.sub.uni-goettingen.de/gretil/1_sanskr/2_epic/mbh/mbh_01_u.htm	30	deity	epithet	attested	epithet of Balarama (Wikidata alias)	GRETIL Mahabharata (BORI critical ed., Tokunaga/Smith e-text); Monier-Williams Sanskrit-English Dictionary (Cologne CDSL, CC BY-SA 4.0); Wikidata (CC0)	0.85
Susharma	Q25927082	Suśarmā, King of Trigata	boy	सुशर्मन्	Suśarman	Sanskrit	Hindu		Mahabharata	Virata Parva	MBh 4.29.1	https://gretil.sub.uni-goettingen.de/gretil/1_sanskr/2_epic/mbh/mbh_04_u.htm	29	royal	personal	attested		GRETIL Mahabharata (BORI critical ed., Tokunaga/Smith e-text); Monier-Williams Sanskrit-English Dictionary (Cologne CDSL, CC BY-SA 4.0); Wikidata (CC0)	0.85
Vasavi	Q185790	Arjuna, central character of Indian epic Mahabharata	boy	वासवि	Vāsavi	Sanskrit	Hindu		Mahabharata	Adi Parva	MBh 1.22.5	https://gretil.sub.uni-goettingen.de/gretil/1_sanskr/2_epic/mbh/mbh_01_u.htm	29	human	epithet	attested	epithet of Arjuna	GRETIL Mahabharata (BORI critical ed., Tokunaga/Smith e-text); Monier-Williams Sanskrit-English Dictionary (Cologne CDSL, CC BY-SA 4.0); Wikidata (CC0)	0.85
Shurasena	Q4211174	Shurasena, Character from the ancient Indian epic Mahabharata	boy	शूरसेन	Śūrasena	Sanskrit	Hindu		Mahabharata	Sabha Parva	MBh 2.13.43	https://gretil.sub.uni-goettingen.de/gretil/1_sanskr/2_epic/mbh/mbh_02_u.htm	28	human	personal	attested		GRETIL Mahabharata (BORI critical ed., Tokunaga/Smith e-text); Monier-Williams Sanskrit-English Dictionary (Cologne CDSL, CC BY-SA 4.0); Wikidata (CC0)	0.85
Yajnasena	Q2389430	Drupada, character in the Hindu epic Mahabharata	boy	यज्ञसेन	Yajñasena	Sanskrit	Hindu		Mahabharata	Adi Parva	MBh 1.122.26	https://gretil.sub.uni-goettingen.de/gretil/1_sanskr/2_epic/mbh/mbh_01_u.htm	28	human	epithet	attested	epithet of Drupada (Wikidata alias)	GRETIL Mahabharata (BORI critical ed., Tokunaga/Smith e-text); Monier-Williams Sanskrit-English Dictionary (Cologne CDSL, CC BY-SA 4.0); Wikidata (CC0)	0.85
Baladeva	Q1061606	Balarama, elder brother of Krishna, a deity in Vaishnavism and Jainism	boy	बलदेव	Baladeva	Sanskrit	Hindu		Mahabharata	Adi Parva	MBh 1.61.91	https://gretil.sub.uni-goettingen.de/gretil/1_sanskr/2_epic/mbh/mbh_01_u.htm	25	deity	epithet	attested	epithet of Balarama (Wikidata alias)	GRETIL Mahabharata (BORI critical ed., Tokunaga/Smith e-text); Monier-Williams Sanskrit-English Dictionary (Cologne CDSL, CC BY-SA 4.0); Wikidata (CC0)	0.85
Pandavashreshtha	Q983067	Yudhiṣṭhira, character from Indian epic Mahabharata	boy	पाण्डवश्रेष्ठ	Pāṇḍavaśreṣṭha	Sanskrit	Hindu		Mahabharata	Adi Parva	MBh 1.133.18	https://gretil.sub.uni-goettingen.de/gretil/1_sanskr/2_epic/mbh/mbh_01_u.htm	25	human	epithet	attested	epithet of Yudhiṣṭhira	GRETIL Mahabharata (BORI critical ed., Tokunaga/Smith e-text); Monier-Williams Sanskrit-English Dictionary (Cologne CDSL, CC BY-SA 4.0); Wikidata (CC0)	0.85
Amba	Q2721773	Ambā, character of Mahabharata	girl	अम्बा	Ambā	Sanskrit	Hindu		Mahabharata	Udyoga Parva	MBh 5.170.10	https://gretil.sub.uni-goettingen.de/gretil/1_sanskr/2_epic/mbh/mbh_05_u.htm	24	human	personal	attested		GRETIL Mahabharata (BORI critical ed., Tokunaga/Smith e-text); Monier-Williams Sanskrit-English Dictionary (Cologne CDSL, CC BY-SA 4.0); Wikidata (CC0)	0.85
Devakiputra	Q42891	Krishna, Hindu deity	boy	देवकीपुत्र	Devakīputra	Sanskrit	Hindu		Mahabharata	Adi Parva	MBh 1.181.29	https://gretil.sub.uni-goettingen.de/gretil/1_sanskr/2_epic/mbh/mbh_01_u.htm	23	deity	epithet	attested	epithet of Krishna	GRETIL Mahabharata (BORI critical ed., Tokunaga/Smith e-text); Monier-Williams Sanskrit-English Dictionary (Cologne CDSL, CC BY-SA 4.0); Wikidata (CC0)	0.85
Pakashasani	Q185790	Arjuna, central character of Indian epic Mahabharata	boy	पाकशासनि	Pākaśāsani	Sanskrit	Hindu		Mahabharata	Adi Parva	MBh 1.126.8	https://gretil.sub.uni-goettingen.de/gretil/1_sanskr/2_epic/mbh/mbh_01_u.htm	23	human	epithet	attested	epithet of Arjuna	GRETIL Mahabharata (BORI critical ed., Tokunaga/Smith e-text); Monier-Williams Sanskrit-English Dictionary (Cologne CDSL, CC BY-SA 4.0); Wikidata (CC0)	0.85
Raukmineya	Q3764980	Pradyumna, Son of Lord Krishna & Rukmini	boy	रौक्मिणेय	Raukmiṇeya	Sanskrit	Hindu		Mahabharata	Adi Parva	MBh 1.177.16	https://gretil.sub.uni-goettingen.de/gretil/1_sanskr/2_epic/mbh/mbh_01_u.htm	23	human	epithet	attested	epithet of Pradyumna	GRETIL Mahabharata (BORI critical ed., Tokunaga/Smith e-text); Monier-Williams Sanskrit-English Dictionary (Cologne CDSL, CC BY-SA 4.0); Wikidata (CC0)	0.85
Bhrigudvaha	Q2073479	Śaunaka, Sanskrit grammarian	boy	भृगूद्वह	Bhṛgūdvaha	Sanskrit	Hindu		Mahabharata	Adi Parva	MBh 1.5.12	https://gretil.sub.uni-goettingen.de/gretil/1_sanskr/2_epic/mbh/mbh_01_u.htm	22	human	epithet	attested	epithet of Śaunaka	GRETIL Mahabharata (BORI critical ed., Tokunaga/Smith e-text); Monier-Williams Sanskrit-English Dictionary (Cologne CDSL, CC BY-SA 4.0); Wikidata (CC0)	0.85
Rauhineya	Q1061606	Balarama, elder brother of Krishna, a deity in Vaishnavism and Jainism	boy	रौहिणेय	Rauhiṇeya	Sanskrit	Hindu		Mahabharata	Adi Parva	MBh 1.183.2	https://gretil.sub.uni-goettingen.de/gretil/1_sanskr/2_epic/mbh/mbh_01_u.htm	22	deity	epithet	attested	epithet of Balarama; metronymic	GRETIL Mahabharata (BORI critical ed., Tokunaga/Smith e-text); Monier-Williams Sanskrit-English Dictionary (Cologne CDSL, CC BY-SA 4.0); Wikidata (CC0)	0.85
Aniruddha	Q2879755	Aniruddha, Grandson of Lord Krishna	boy	अनिरुद्ध	Aniruddha	Sanskrit	Hindu		Mahabharata	Sabha Parva	MBh 2.31.15	https://gretil.sub.uni-goettingen.de/gretil/1_sanskr/2_epic/mbh/mbh_02_u.htm	21	human	personal	attested		GRETIL Mahabharata (BORI critical ed., Tokunaga/Smith e-text); Monier-Williams Sanskrit-English Dictionary (Cologne CDSL, CC BY-SA 4.0); Wikidata (CC0)	0.85
Parikshita	Q616654	Janamejaya, kuru King	boy	पारिक्षित	Pārikṣita	Sanskrit	Hindu		Mahabharata	Adi Parva	MBh 1.1.8	https://gretil.sub.uni-goettingen.de/gretil/1_sanskr/2_epic/mbh/mbh_01_u.htm	21	royal	epithet	attested	epithet of Janamejaya; patronymic	GRETIL Mahabharata (BORI critical ed., Tokunaga/Smith e-text); Monier-Williams Sanskrit-English Dictionary (Cologne CDSL, CC BY-SA 4.0); Wikidata (CC0)	0.85
Vasudeva	Q890382	Vasudeva, father of Hindu deity Krishna	boy	वसुदेव	Vasudeva	Sanskrit	Hindu		Mahabharata	Adi Parva	MBh 1.57.83	https://gretil.sub.uni-goettingen.de/gretil/1_sanskr/2_epic/mbh/mbh_01_u.htm	21	human	personal	attested		GRETIL Mahabharata (BORI critical ed., Tokunaga/Smith e-text); Monier-Williams Sanskrit-English Dictionary (Cologne CDSL, CC BY-SA 4.0); Wikidata (CC0)	0.85
Brihadratha	Q15220325	Brihadratha, father of Jarasandha	boy	बृहद्रथ	Bṛhadratha	Sanskrit	Hindu		Mahabharata	Adi Parva	MBh 1.1.175	https://gretil.sub.uni-goettingen.de/gretil/1_sanskr/2_epic/mbh/mbh_01_u.htm	20	human	personal	attested		GRETIL Mahabharata (BORI critical ed., Tokunaga/Smith e-text); Monier-Williams Sanskrit-English Dictionary (Cologne CDSL, CC BY-SA 4.0); Wikidata (CC0)	0.85
Devaki	Q379581	Devakī, Mother of Lord Krishna	girl	देवकी	Devakī	Sanskrit	Hindu		Mahabharata	Adi Parva	MBh 1.57.83	https://gretil.sub.uni-goettingen.de/gretil/1_sanskr/2_epic/mbh/mbh_01_u.htm	20	human	personal	attested		GRETIL Mahabharata (BORI critical ed., Tokunaga/Smith e-text); Monier-Williams Sanskrit-English Dictionary (Cologne CDSL, CC BY-SA 4.0); Wikidata (CC0)	0.85
Krishnasarathi	Q185790	Arjuna, central character of Indian epic Mahabharata	boy	कृष्णसारथि	Kṛṣṇasārathi	Sanskrit	Hindu		Mahabharata	Adi Parva	MBh 1.56.10	https://gretil.sub.uni-goettingen.de/gretil/1_sanskr/2_epic/mbh/mbh_01_u.htm	20	human	epithet	attested	epithet of Arjuna	GRETIL Mahabharata (BORI critical ed., Tokunaga/Smith e-text); Monier-Williams Sanskrit-English Dictionary (Cologne CDSL, CC BY-SA 4.0); Wikidata (CC0)	0.85
Kuruvriddha	Q1405629	Bhīṣma, statesman of Hastinapur in the Mahabharata	boy	कुरुवृद्ध	Kuruvṛddha	Sanskrit	Hindu		Mahabharata	Sabha Parva	MBh 2.60.34	https://gretil.sub.uni-goettingen.de/gretil/1_sanskr/2_epic/mbh/mbh_02_u.htm	20	human	epithet	attested	epithet of Bhīṣma	GRETIL Mahabharata (BORI critical ed., Tokunaga/Smith e-text); Monier-Williams Sanskrit-English Dictionary (Cologne CDSL, CC BY-SA 4.0); Wikidata (CC0)	0.85
Markandeya	Q249381	Mārkaṇḍeya, sage in Hindu scriptures	boy	मार्कण्डेय	Mārkaṇḍeya	Sanskrit	Hindu		Mahabharata	Vana Parva	MBh 3.182.1	https://gretil.sub.uni-goettingen.de/gretil/1_sanskr/2_epic/mbh/mbh_03_u.htm	20	sage	personal	attested		GRETIL Mahabharata (BORI critical ed., Tokunaga/Smith e-text); Monier-Williams Sanskrit-English Dictionary (Cologne CDSL, CC BY-SA 4.0); Wikidata (CC0)	0.85
Parikshit	Q2046277	Parīkṣit, king of Kuru Kingdom	boy	परीक्षित्	Parīkṣit	Sanskrit	Hindu		Mahabharata	Adi Parva	MBh 1.179.6	https://gretil.sub.uni-goettingen.de/gretil/1_sanskr/2_epic/mbh/mbh_01_u.htm	19	royal	epithet	attested	epithet of Parīkṣit (Wikidata alias)	GRETIL Mahabharata (BORI critical ed., Tokunaga/Smith e-text); Monier-Williams Sanskrit-English Dictionary (Cologne CDSL, CC BY-SA 4.0); Wikidata (CC0)	0.85
Shvetahaya	Q185790	Arjuna, central character of Indian epic Mahabharata	boy	श्वेतहय	Śvetahaya	Sanskrit	Hindu		Mahabharata	Udyoga Parva	MBh 5.47.45	https://gretil.sub.uni-goettingen.de/gretil/1_sanskr/2_epic/mbh/mbh_05_u.htm	19	human	epithet	attested	epithet of Arjuna	GRETIL Mahabharata (BORI critical ed., Tokunaga/Smith e-text); Monier-Williams Sanskrit-English Dictionary (Cologne CDSL, CC BY-SA 4.0); Wikidata (CC0)	0.85
Bhaimi	Q1976196	Ghaṭotkaca, son of Bhima in the Indian epic Mahabharata	boy	भैमि	Bhaimi	Sanskrit	Hindu		Mahabharata	Vana Parva	MBh 3.50.12	https://gretil.sub.uni-goettingen.de/gretil/1_sanskr/2_epic/mbh/mbh_03_u.htm	18	demon	epithet	attested	epithet of Ghaṭotkaca; patronymic	GRETIL Mahabharata (BORI critical ed., Tokunaga/Smith e-text); Monier-Williams Sanskrit-English Dictionary (Cologne CDSL, CC BY-SA 4.0); Wikidata (CC0)	0.85
Saudasa	Q17006691	Kalmāṣapāda, King in Hindu mythology	boy	सौदास	Saudāsa	Sanskrit	Hindu		Mahabharata	Adi Parva	MBh 1.113.21	https://gretil.sub.uni-goettingen.de/gretil/1_sanskr/2_epic/mbh/mbh_01_u.htm	18	royal	epithet	attested	epithet of Kalmāṣapāda (Wikidata alias)	GRETIL Mahabharata (BORI critical ed., Tokunaga/Smith e-text); Monier-Williams Sanskrit-English Dictionary (Cologne CDSL, CC BY-SA 4.0); Wikidata (CC0)	0.85
Parikshit	Q616654	Janamejaya, kuru King	boy	पारिक्षित्	Pārikṣit	Sanskrit	Hindu		Mahabharata	Adi Parva	MBh 1.3.1	https://gretil.sub.uni-goettingen.de/gretil/1_sanskr/2_epic/mbh/mbh_01_u.htm	16	royal	epithet	attested	epithet of Janamejaya; patronymic	GRETIL Mahabharata (BORI critical ed., Tokunaga/Smith e-text); Monier-Williams Sanskrit-English Dictionary (Cologne CDSL, CC BY-SA 4.0); Wikidata (CC0)	0.85
Suradhipa	Q128335	Indra	boy	सुराधिप	Surādhipa	Sanskrit	Hindu		Mahabharata	Vana Parva	MBh 3.10.11	https://gretil.sub.uni-goettingen.de/gretil/1_sanskr/2_epic/mbh/mbh_03_u.htm	16	deity	epithet	attested	epithet of Indra	GRETIL Mahabharata (BORI critical ed., Tokunaga/Smith e-text); Monier-Williams Sanskrit-English Dictionary (Cologne CDSL, CC BY-SA 4.0); Wikidata (CC0)	0.85
Chitrangada	Q1994800	Chitrāngada, minor character in the epic Mahabharata	boy	चित्राङ्गदा	Citrāṅgadā	Sanskrit	Hindu		Mahabharata	Adi Parva	MBh 1.96.1	https://gretil.sub.uni-goettingen.de/gretil/1_sanskr/2_epic/mbh/mbh_01_u.htm	14	human	personal	attested		GRETIL Mahabharata (BORI critical ed., Tokunaga/Smith e-text); Monier-Williams Sanskrit-English Dictionary (Cologne CDSL, CC BY-SA 4.0); Wikidata (CC0)	0.85
Vaishyaputra	Q2392426	Yuyutsu, Son of Dhritrashtra and a concubine in epic Mahabharata	boy	वैश्यापुत्र	Vaiśyāputra	Sanskrit	Hindu		Mahabharata	Adi Parva	MBh 1.119.40	https://gretil.sub.uni-goettingen.de/gretil/1_sanskr/2_epic/mbh/mbh_01_u.htm	14	human	epithet	attested	epithet of Yuyutsu	GRETIL Mahabharata (BORI critical ed., Tokunaga/Smith e-text); Monier-Williams Sanskrit-English Dictionary (Cologne CDSL, CC BY-SA 4.0); Wikidata (CC0)	0.85
Apageya	Q1405629	Bhīṣma, statesman of Hastinapur in the Mahabharata	boy	आपगेय	Āpageya	Sanskrit	Hindu		Mahabharata	Sabha Parva	MBh 2.34.3	https://gretil.sub.uni-goettingen.de/gretil/1_sanskr/2_epic/mbh/mbh_02_u.htm	13	human	epithet	attested	epithet of Bhīṣma	GRETIL Mahabharata (BORI critical ed., Tokunaga/Smith e-text); Monier-Williams Sanskrit-English Dictionary (Cologne CDSL, CC BY-SA 4.0); Wikidata (CC0)	0.85
Naravahana	Q223617	Kubera	boy	नरवाहन	Naravāhana	Sanskrit	Hindu		Mahabharata	Vana Parva	MBh 3.87.3	https://gretil.sub.uni-goettingen.de/gretil/1_sanskr/2_epic/mbh/mbh_03_u.htm	13	deity	epithet	attested	epithet of Kubera	GRETIL Mahabharata (BORI critical ed., Tokunaga/Smith e-text); Monier-Williams Sanskrit-English Dictionary (Cologne CDSL, CC BY-SA 4.0); Wikidata (CC0)	0.85
Drupadaputra	Q2357086	Dhṛṣṭadyumna, character in the Mahabharata	boy	द्रुपदपुत्र	Drupadaputra	Sanskrit	Hindu		Mahabharata	Adi Parva	MBh 1.153.10	https://gretil.sub.uni-goettingen.de/gretil/1_sanskr/2_epic/mbh/mbh_01_u.htm	12	human	epithet	attested	epithet of Dhṛṣṭadyumna; patronymic	GRETIL Mahabharata (BORI critical ed., Tokunaga/Smith e-text); Monier-Williams Sanskrit-English Dictionary (Cologne CDSL, CC BY-SA 4.0); Wikidata (CC0)	0.85
Saubaleya	Q1992668	Śakuni, character from Hindu epic Mahabharata	boy	सौबलेय	Saubaleya	Sanskrit	Hindu		Mahabharata	Vana Parva	MBh 3.1.12	https://gretil.sub.uni-goettingen.de/gretil/1_sanskr/2_epic/mbh/mbh_03_u.htm	12	human	epithet	attested	epithet of Śakuni (Wikidata alias)	GRETIL Mahabharata (BORI critical ed., Tokunaga/Smith e-text); Monier-Williams Sanskrit-English Dictionary (Cologne CDSL, CC BY-SA 4.0); Wikidata (CC0)	0.85
Ambikasuta	Q926150	Dhṛtarāṣṭra, character from Indian Epic Mahabharata	boy	अम्बिकासुत	Ambikāsuta	Sanskrit	Hindu		Mahabharata	Adi Parva	MBh 1.131.6	https://gretil.sub.uni-goettingen.de/gretil/1_sanskr/2_epic/mbh/mbh_01_u.htm	11	human	epithet	attested	epithet of Dhṛtarāṣṭra	GRETIL Mahabharata (BORI critical ed., Tokunaga/Smith e-text); Monier-Williams Sanskrit-English Dictionary (Cologne CDSL, CC BY-SA 4.0); Wikidata (CC0)	0.85
Balavritraha	Q128335	Indra	boy	बलवृत्रहन्	Balavṛtrahan	Sanskrit	Hindu		Mahabharata	Vana Parva	MBh 3.51.15	https://gretil.sub.uni-goettingen.de/gretil/1_sanskr/2_epic/mbh/mbh_03_u.htm	11	deity	epithet	attested	epithet of Indra	GRETIL Mahabharata (BORI critical ed., Tokunaga/Smith e-text); Monier-Williams Sanskrit-English Dictionary (Cologne CDSL, CC BY-SA 4.0); Wikidata (CC0)	0.85
Bhrigushardula	Q825682	Parashurama, sixth avatar of Hindu god Vishnu	boy	भृगुशार्दूल	Bhṛguśārdūla	Sanskrit	Hindu		Mahabharata	Adi Parva	MBh 1.13.45	https://gretil.sub.uni-goettingen.de/gretil/1_sanskr/2_epic/mbh/mbh_01_u.htm	11	deity	epithet	attested	epithet of Parashurama	GRETIL Mahabharata (BORI critical ed., Tokunaga/Smith e-text); Monier-Williams Sanskrit-English Dictionary (Cologne CDSL, CC BY-SA 4.0); Wikidata (CC0)	0.85
Devakinandana	Q42891	Krishna, Hindu deity	boy	देवकिनन्दन	Devakinandana	Sanskrit	Hindu		Mahabharata	Adi Parva	MBh 1.2.93	https://gretil.sub.uni-goettingen.de/gretil/1_sanskr/2_epic/mbh/mbh_01_u.htm	10	deity	epithet	attested	epithet of Krishna (Wikidata alias)	GRETIL Mahabharata (BORI critical ed., Tokunaga/Smith e-text); Monier-Williams Sanskrit-English Dictionary (Cologne CDSL, CC BY-SA 4.0); Wikidata (CC0)	0.85
Rakshaseshvara	Q235102	Rāvaṇa, King of Lankā in the Hindu epic Ramayana	boy	राक्षसेश्वर	Rākṣaseśvara	Sanskrit	Hindu		Mahabharata	Adi Parva	MBh 1.140.1	https://gretil.sub.uni-goettingen.de/gretil/1_sanskr/2_epic/mbh/mbh_01_u.htm	10	demon	epithet	attested	epithet of Rāvaṇa	GRETIL Mahabharata (BORI critical ed., Tokunaga/Smith e-text); Monier-Williams Sanskrit-English Dictionary (Cologne CDSL, CC BY-SA 4.0); Wikidata (CC0)	0.85
Vairochani	Q4390883	Vālī, figure in the Ramayana	boy	वैरोचनि	Vairocani	Sanskrit	Hindu		Mahabharata	Vana Parva	MBh 3.27.13	https://gretil.sub.uni-goettingen.de/gretil/1_sanskr/2_epic/mbh/mbh_03_u.htm	10	human	epithet	attested	epithet of Vālī; patronymic	GRETIL Mahabharata (BORI critical ed., Tokunaga/Smith e-text); Monier-Williams Sanskrit-English Dictionary (Cologne CDSL, CC BY-SA 4.0); Wikidata (CC0)	0.85
Artayani	Q2381126	Śalya, character from Indian epic Mahabharata	boy	आर्तायनि	Ārtāyani	Sanskrit	Hindu		Mahabharata	Bhishma Parva	MBh 6.48.28	https://gretil.sub.uni-goettingen.de/gretil/1_sanskr/2_epic/mbh/mbh_06_u.htm	9	human	epithet	attested	epithet of Śalya	GRETIL Mahabharata (BORI critical ed., Tokunaga/Smith e-text); Monier-Williams Sanskrit-English Dictionary (Cologne CDSL, CC BY-SA 4.0); Wikidata (CC0)	0.85
Damodara	Q42891	Krishna, Hindu deity	boy	दामोदर	Dāmodara	Sanskrit	Hindu		Mahabharata	Adi Parva	MBh 1.180.17	https://gretil.sub.uni-goettingen.de/gretil/1_sanskr/2_epic/mbh/mbh_01_u.htm	9	deity	epithet	attested	epithet of Krishna (Wikidata alias)	GRETIL Mahabharata (BORI critical ed., Tokunaga/Smith e-text); Monier-Williams Sanskrit-English Dictionary (Cologne CDSL, CC BY-SA 4.0); Wikidata (CC0)	0.85
Draunayani	Q2044550	Aśvatthāmā, character of Mahābhārata	boy	द्रौणायनि	Drauṇāyani	Sanskrit	Hindu		Mahabharata	Bhishma Parva	MBh 6.90.19	https://gretil.sub.uni-goettingen.de/gretil/1_sanskr/2_epic/mbh/mbh_06_u.htm	9	human	epithet	attested	epithet of Aśvatthāmā; patronymic	GRETIL Mahabharata (BORI critical ed., Tokunaga/Smith e-text); Monier-Williams Sanskrit-English Dictionary (Cologne CDSL, CC BY-SA 4.0); Wikidata (CC0)	0.85
Gadagraja	Q42891	Krishna, Hindu deity	boy	गदाग्रज	Gadāgraja	Sanskrit	Hindu		Mahabharata	Vana Parva	MBh 3.19.17	https://gretil.sub.uni-goettingen.de/gretil/1_sanskr/2_epic/mbh/mbh_03_u.htm	9	deity	epithet	attested	epithet of Krishna	GRETIL Mahabharata (BORI critical ed., Tokunaga/Smith e-text); Monier-Williams Sanskrit-English Dictionary (Cologne CDSL, CC BY-SA 4.0); Wikidata (CC0)	0.85
Yadushreshtha	Q42891	Krishna, Hindu deity	boy	यदुश्रेष्ठ	Yaduśreṣṭha	Sanskrit	Hindu		Mahabharata	Adi Parva	MBh 1.2.224	https://gretil.sub.uni-goettingen.de/gretil/1_sanskr/2_epic/mbh/mbh_01_u.htm	9	deity	epithet	attested	epithet of Krishna	GRETIL Mahabharata (BORI critical ed., Tokunaga/Smith e-text); Monier-Williams Sanskrit-English Dictionary (Cologne CDSL, CC BY-SA 4.0); Wikidata (CC0)	0.85
Bhrigushreshtha	Q825682	Parashurama, sixth avatar of Hindu god Vishnu	boy	भृगुश्रेष्ठ	Bhṛguśreṣṭha	Sanskrit	Hindu		Mahabharata	Adi Parva	MBh 1.75.1	https://gretil.sub.uni-goettingen.de/gretil/1_sanskr/2_epic/mbh/mbh_01_u.htm	8	deity	epithet	attested	epithet of Parashurama	GRETIL Mahabharata (BORI critical ed., Tokunaga/Smith e-text); Monier-Williams Sanskrit-English Dictionary (Cologne CDSL, CC BY-SA 4.0); Wikidata (CC0)	0.85
Jarasandhi	Q2044641	Sahadeva, character of Indian epic Mahabharata	boy	जारासन्धि	Jārāsandhi	Sanskrit	Hindu		Mahabharata	Sabha Parva	MBh 2.27.16	https://gretil.sub.uni-goettingen.de/gretil/1_sanskr/2_epic/mbh/mbh_02_u.htm	8	human	epithet	attested	epithet of Sahadeva; patronymic	GRETIL Mahabharata (BORI critical ed., Tokunaga/Smith e-text); Monier-Williams Sanskrit-English Dictionary (Cologne CDSL, CC BY-SA 4.0); Wikidata (CC0)	0.85
Kalmashapada	Q17006691	Kalmāṣapāda, King in Hindu mythology	boy	कल्माषपाद	Kalmāṣapāda	Sanskrit	Hindu		Mahabharata	Adi Parva	MBh 1.173.1	https://gretil.sub.uni-goettingen.de/gretil/1_sanskr/2_epic/mbh/mbh_01_u.htm	8	royal	personal	attested		GRETIL Mahabharata (BORI critical ed., Tokunaga/Smith e-text); Monier-Williams Sanskrit-English Dictionary (Cologne CDSL, CC BY-SA 4.0); Wikidata (CC0)	0.85
Maruti	Q3651886	Bhīma, Great Kshatriya(Rajput) warrior of Mahabharata	boy	मारुति	Māruti	Sanskrit	Hindu		Mahabharata	Drona Parva	MBh 7.83.19	https://gretil.sub.uni-goettingen.de/gretil/1_sanskr/2_epic/mbh/mbh_07_u.htm	8	human	epithet	attested	epithet of Bhīma	GRETIL Mahabharata (BORI critical ed., Tokunaga/Smith e-text); Monier-Williams Sanskrit-English Dictionary (Cologne CDSL, CC BY-SA 4.0); Wikidata (CC0)	0.85
Niramitra	Q10337003	Niramitra	boy	निरमित्र	Niramitra	Sanskrit	Hindu		Mahabharata	Adi Parva	MBh 1.90.86	https://gretil.sub.uni-goettingen.de/gretil/1_sanskr/2_epic/mbh/mbh_01_u.htm	8	human	personal	attested		GRETIL Mahabharata (BORI critical ed., Tokunaga/Smith e-text); Monier-Williams Sanskrit-English Dictionary (Cologne CDSL, CC BY-SA 4.0); Wikidata (CC0)	0.85
Nishadhadhipa	Q2588460	Nala, character in Hindu mythology	boy	निषधाधिप	Niṣadhādhipa	Sanskrit	Hindu		Mahabharata	Vana Parva	MBh 3.54.19	https://gretil.sub.uni-goettingen.de/gretil/1_sanskr/2_epic/mbh/mbh_03_u.htm	8	human	epithet	attested	epithet of Nala	GRETIL Mahabharata (BORI critical ed., Tokunaga/Smith e-text); Monier-Williams Sanskrit-English Dictionary (Cologne CDSL, CC BY-SA 4.0); Wikidata (CC0)	0.85
Harivahana	Q128335	Indra	boy	हरिवाहन	Harivāhana	Sanskrit	Hindu		Mahabharata	Adi Parva	MBh 1.22.1	https://gretil.sub.uni-goettingen.de/gretil/1_sanskr/2_epic/mbh/mbh_01_u.htm	7	deity	epithet	attested	epithet of Indra	GRETIL Mahabharata (BORI critical ed., Tokunaga/Smith e-text); Monier-Williams Sanskrit-English Dictionary (Cologne CDSL, CC BY-SA 4.0); Wikidata (CC0)	0.85
Haladhara	Q1061606	Balarama, elder brother of Krishna, a deity in Vaishnavism and Jainism	boy	हलधर	Haladhara	Sanskrit	Hindu		Mahabharata	Adi Parva	MBh 1.211.7	https://gretil.sub.uni-goettingen.de/gretil/1_sanskr/2_epic/mbh/mbh_01_u.htm	6	deity	epithet	attested	epithet of Balarama (Wikidata alias)	GRETIL Mahabharata (BORI critical ed., Tokunaga/Smith e-text); Monier-Williams Sanskrit-English Dictionary (Cologne CDSL, CC BY-SA 4.0); Wikidata (CC0)	0.85
Haidimbi	Q1976196	Ghaṭotkaca, son of Bhima in the Indian epic Mahabharata	boy	हैडिम्बि	Haiḍimbi	Sanskrit	Hindu		Mahabharata	Drona Parva	MBh 7.131.57	https://gretil.sub.uni-goettingen.de/gretil/1_sanskr/2_epic/mbh/mbh_07_u.htm	5	demon	epithet	attested	epithet of Ghaṭotkaca; metronymic	GRETIL Mahabharata (BORI critical ed., Tokunaga/Smith e-text); Monier-Williams Sanskrit-English Dictionary (Cologne CDSL, CC BY-SA 4.0); Wikidata (CC0)	0.85
Kamavirya	Q188676	Garuda, eagle-like divine bird in Hinduism, Buddhism and Jainism	boy	कामवीर्य	Kāmavīrya	Sanskrit	Hindu		Mahabharata	Adi Parva	MBh 1.27.3	https://gretil.sub.uni-goettingen.de/gretil/1_sanskr/2_epic/mbh/mbh_01_u.htm	5	deity	epithet	attested	epithet of Garuda	GRETIL Mahabharata (BORI critical ed., Tokunaga/Smith e-text); Monier-Williams Sanskrit-English Dictionary (Cologne CDSL, CC BY-SA 4.0); Wikidata (CC0)	0.85
Madravati	Q1770690	Mādrī, character from Indian epic Mahabharata	girl	माद्रवती	Mādravatī	Sanskrit	Hindu		Mahabharata	Adi Parva	MBh 1.90.93	https://gretil.sub.uni-goettingen.de/gretil/1_sanskr/2_epic/mbh/mbh_01_u.htm	5	human	epithet	attested	epithet of Mādrī (Wikidata alias)	GRETIL Mahabharata (BORI critical ed., Tokunaga/Smith e-text); Monier-Williams Sanskrit-English Dictionary (Cologne CDSL, CC BY-SA 4.0); Wikidata (CC0)	0.85
Saubaleyi	Q1849082	Gāndhārī, character in the Hindu epic	girl	सौबलेयी	Saubaleyī	Sanskrit	Hindu		Mahabharata	Adi Parva	MBh 1.107.14	https://gretil.sub.uni-goettingen.de/gretil/1_sanskr/2_epic/mbh/mbh_01_u.htm	5	human	epithet	attested	epithet of Gāndhārī	GRETIL Mahabharata (BORI critical ed., Tokunaga/Smith e-text); Monier-Williams Sanskrit-English Dictionary (Cologne CDSL, CC BY-SA 4.0); Wikidata (CC0)	0.85
Shakratmaja	Q185790	Arjuna, central character of Indian epic Mahabharata	boy	शक्रात्मज	Śakrātmaja	Sanskrit	Hindu		Mahabharata	Vana Parva	MBh 3.43.11	https://gretil.sub.uni-goettingen.de/gretil/1_sanskr/2_epic/mbh/mbh_03_u.htm	5	human	epithet	attested	epithet of Arjuna	GRETIL Mahabharata (BORI critical ed., Tokunaga/Smith e-text); Monier-Williams Sanskrit-English Dictionary (Cologne CDSL, CC BY-SA 4.0); Wikidata (CC0)	0.85
Vayuputra	Q3651886	Bhīma, Great Kshatriya(Rajput) warrior of Mahabharata	boy	वायुपुत्र	Vāyuputra	Sanskrit	Hindu		Mahabharata	Vana Parva	MBh 3.147.4	https://gretil.sub.uni-goettingen.de/gretil/1_sanskr/2_epic/mbh/mbh_03_u.htm	5	human	epithet	attested	epithet of Bhīma (Wikidata alias)	GRETIL Mahabharata (BORI critical ed., Tokunaga/Smith e-text); Monier-Williams Sanskrit-English Dictionary (Cologne CDSL, CC BY-SA 4.0); Wikidata (CC0)	0.85
Adhiratha	Q2472652	Adhiratha, character in the Mahabharata	boy	अधिरथ	Adhiratha	Sanskrit	Hindu		Mahabharata	Karna Parva	MBh 8.5.10	https://gretil.sub.uni-goettingen.de/gretil/1_sanskr/2_epic/mbh/mbh_08_u.htm	4	human	personal	attested		GRETIL Mahabharata (BORI critical ed., Tokunaga/Smith e-text); Monier-Williams Sanskrit-English Dictionary (Cologne CDSL, CC BY-SA 4.0); Wikidata (CC0)	0.85
Lakshmana	Q14589858	Lakshmana, Krishna's wife	girl	लक्ष्मणा	Lakṣmaṇā	Sanskrit	Hindu		Mahabharata	Shalya Parva	MBh 9.3.14	https://gretil.sub.uni-goettingen.de/gretil/1_sanskr/2_epic/mbh/mbh_09_u.htm	4	human	personal	attested		GRETIL Mahabharata (BORI critical ed., Tokunaga/Smith e-text); Monier-Williams Sanskrit-English Dictionary (Cologne CDSL, CC BY-SA 4.0); Wikidata (CC0)	0.85
Mahabhima	Q1973947	Śāntanu, character from Indian epic Mahabharata	boy	महाभीम	Mahābhīma	Sanskrit	Hindu		Mahabharata	Bhishma Parva	MBh 6.44.44	https://gretil.sub.uni-goettingen.de/gretil/1_sanskr/2_epic/mbh/mbh_06_u.htm	4	human	epithet	attested	epithet of Śāntanu	GRETIL Mahabharata (BORI critical ed., Tokunaga/Smith e-text); Monier-Williams Sanskrit-English Dictionary (Cologne CDSL, CC BY-SA 4.0); Wikidata (CC0)	0.85
Mitrasaha	Q17006691	Kalmāṣapāda, King in Hindu mythology	boy	मित्रसह	Mitrasaha	Sanskrit	Hindu		Mahabharata	Adi Parva	MBh 1.166.21	https://gretil.sub.uni-goettingen.de/gretil/1_sanskr/2_epic/mbh/mbh_01_u.htm	4	royal	epithet	attested	epithet of Kalmāṣapāda (Wikidata alias)	GRETIL Mahabharata (BORI critical ed., Tokunaga/Smith e-text); Monier-Williams Sanskrit-English Dictionary (Cologne CDSL, CC BY-SA 4.0); Wikidata (CC0)	0.85
Rukmininandana	Q3764980	Pradyumna, Son of Lord Krishna & Rukmini	boy	रुक्मिणिनन्दन	Rukmiṇinandana	Sanskrit	Hindu		Mahabharata	Vana Parva	MBh 3.18.16	https://gretil.sub.uni-goettingen.de/gretil/1_sanskr/2_epic/mbh/mbh_03_u.htm	4	human	epithet	attested	epithet of Pradyumna	GRETIL Mahabharata (BORI critical ed., Tokunaga/Smith e-text); Monier-Williams Sanskrit-English Dictionary (Cologne CDSL, CC BY-SA 4.0); Wikidata (CC0)	0.85
Sarvalokamaheshvara	Q42891	Krishna, Hindu deity	boy	सर्वलोकमहेश्वर	Sarvalokamaheśvara	Sanskrit	Hindu		Mahabharata	Udyoga Parva	MBh 5.67.1	https://gretil.sub.uni-goettingen.de/gretil/1_sanskr/2_epic/mbh/mbh_05_u.htm	4	deity	epithet	attested	epithet of Krishna	GRETIL Mahabharata (BORI critical ed., Tokunaga/Smith e-text); Monier-Williams Sanskrit-English Dictionary (Cologne CDSL, CC BY-SA 4.0); Wikidata (CC0)	0.85
Varddhakshatri	Q2381146	Jayadratha, character in the Indian epic Mahabharata	boy	वार्द्धक्षत्रि	Vārddhakṣatri	Sanskrit	Hindu		Mahabharata	Vana Parva	MBh 3.248.6	https://gretil.sub.uni-goettingen.de/gretil/1_sanskr/2_epic/mbh/mbh_03_u.htm	4	human	epithet	attested	epithet of Jayadratha; patronymic	GRETIL Mahabharata (BORI critical ed., Tokunaga/Smith e-text); Monier-Williams Sanskrit-English Dictionary (Cologne CDSL, CC BY-SA 4.0); Wikidata (CC0)	0.85
Yadukulodvaha	Q42891	Krishna, Hindu deity	boy	यदुकुलोद्वह	Yadukulodvaha	Sanskrit	Hindu		Mahabharata	Shalya Parva	MBh 9.59.35	https://gretil.sub.uni-goettingen.de/gretil/1_sanskr/2_epic/mbh/mbh_09_u.htm	4	deity	epithet	attested	epithet of Krishna	GRETIL Mahabharata (BORI critical ed., Tokunaga/Smith e-text); Monier-Williams Sanskrit-English Dictionary (Cologne CDSL, CC BY-SA 4.0); Wikidata (CC0)	0.85
Ambika	Q2044636	Ambika, character of Mahabharata	girl	अम्बिका	Ambikā	Sanskrit	Hindu		Mahabharata	Adi Parva	MBh 1.119.11	https://gretil.sub.uni-goettingen.de/gretil/1_sanskr/2_epic/mbh/mbh_01_u.htm	3	human	personal	attested		GRETIL Mahabharata (BORI critical ed., Tokunaga/Smith e-text); Monier-Williams Sanskrit-English Dictionary (Cologne CDSL, CC BY-SA 4.0); Wikidata (CC0)	0.85
Angaraj	Q2727397	Karṇa, character of epic Mahabharata	boy	अङ्गराज्	Aṅgarāj	Sanskrit	Hindu		Mahabharata	Adi Parva	MBh 1.127.4	https://gretil.sub.uni-goettingen.de/gretil/1_sanskr/2_epic/mbh/mbh_01_u.htm	3	royal	epithet	attested	epithet of Karṇa	GRETIL Mahabharata (BORI critical ed., Tokunaga/Smith e-text); Monier-Williams Sanskrit-English Dictionary (Cologne CDSL, CC BY-SA 4.0); Wikidata (CC0)	0.85
Balahantri	Q128335	Indra	boy	बलहन्तृ	Balahantṛ	Sanskrit	Hindu		Mahabharata	Drona Parva	MBh 7.26.8	https://gretil.sub.uni-goettingen.de/gretil/1_sanskr/2_epic/mbh/mbh_07_u.htm	3	deity	epithet	attested	epithet of Indra	GRETIL Mahabharata (BORI critical ed., Tokunaga/Smith e-text); Monier-Williams Sanskrit-English Dictionary (Cologne CDSL, CC BY-SA 4.0); Wikidata (CC0)	0.85
Balavritraghna	Q128335	Indra	boy	बलवृत्रघ्न	Balavṛtraghna	Sanskrit	Hindu		Mahabharata	Vana Parva	MBh 3.284.29	https://gretil.sub.uni-goettingen.de/gretil/1_sanskr/2_epic/mbh/mbh_03_u.htm	3	deity	epithet	attested	epithet of Indra	GRETIL Mahabharata (BORI critical ed., Tokunaga/Smith e-text); Monier-Williams Sanskrit-English Dictionary (Cologne CDSL, CC BY-SA 4.0); Wikidata (CC0)	0.85
Devarata	Q21027196	Shunashepa, fictional character	boy	देवरात	Devarāta	Sanskrit	Hindu		Mahabharata	Sabha Parva	MBh 2.4.22	https://gretil.sub.uni-goettingen.de/gretil/1_sanskr/2_epic/mbh/mbh_02_u.htm	3	human	epithet	attested	epithet of Shunashepa	GRETIL Mahabharata (BORI critical ed., Tokunaga/Smith e-text); Monier-Williams Sanskrit-English Dictionary (Cologne CDSL, CC BY-SA 4.0); Wikidata (CC0)	0.85
Musalapani	Q1061606	Balarama, elder brother of Krishna, a deity in Vaishnavism and Jainism	boy	मुसलपाणि	Musalapāṇi	Sanskrit	Hindu		Mahabharata	Adi Parva	MBh 1.63.2	https://gretil.sub.uni-goettingen.de/gretil/1_sanskr/2_epic/mbh/mbh_01_u.htm	3	deity	epithet	attested	epithet of Balarama	GRETIL Mahabharata (BORI critical ed., Tokunaga/Smith e-text); Monier-Williams Sanskrit-English Dictionary (Cologne CDSL, CC BY-SA 4.0); Wikidata (CC0)	0.85
Musalayudha	Q1061606	Balarama, elder brother of Krishna, a deity in Vaishnavism and Jainism	boy	मुसलायुध	Musalāyudha	Sanskrit	Hindu		Mahabharata	Vana Parva	MBh 3.170.4	https://gretil.sub.uni-goettingen.de/gretil/1_sanskr/2_epic/mbh/mbh_03_u.htm	3	deity	epithet	attested	epithet of Balarama	GRETIL Mahabharata (BORI critical ed., Tokunaga/Smith e-text); Monier-Williams Sanskrit-English Dictionary (Cologne CDSL, CC BY-SA 4.0); Wikidata (CC0)	0.85
Sagaragasuta	Q1405629	Bhīṣma, statesman of Hastinapur in the Mahabharata	boy	सागरगासुत	Sāgaragāsuta	Sanskrit	Hindu		Mahabharata	Adi Parva	MBh 1.96.43	https://gretil.sub.uni-goettingen.de/gretil/1_sanskr/2_epic/mbh/mbh_01_u.htm	3	human	epithet	attested	epithet of Bhīṣma; metronymic	GRETIL Mahabharata (BORI critical ed., Tokunaga/Smith e-text); Monier-Williams Sanskrit-English Dictionary (Cologne CDSL, CC BY-SA 4.0); Wikidata (CC0)	0.85
Shrikrishna	Q42891	Krishna, Hindu deity	boy	श्रीकृष्ण	Śrīkṛṣṇa	Sanskrit	Hindu		Mahabharata	Sabha Parva	MBh 2.13.1	https://gretil.sub.uni-goettingen.de/gretil/1_sanskr/2_epic/mbh/mbh_02_u.htm	3	deity	epithet	attested	epithet of Krishna (Wikidata alias)	GRETIL Mahabharata (BORI critical ed., Tokunaga/Smith e-text); Monier-Williams Sanskrit-English Dictionary (Cologne CDSL, CC BY-SA 4.0); Wikidata (CC0)	0.85
Subalaputra	Q1992668	Śakuni, character from Hindu epic Mahabharata	boy	सुबलपुत्र	Subalaputra	Sanskrit	Hindu		Mahabharata	Karna Parva	MBh 8.35.29	https://gretil.sub.uni-goettingen.de/gretil/1_sanskr/2_epic/mbh/mbh_08_u.htm	3	human	epithet	attested	epithet of Śakuni (Wikidata alias)	GRETIL Mahabharata (BORI critical ed., Tokunaga/Smith e-text); Monier-Williams Sanskrit-English Dictionary (Cologne CDSL, CC BY-SA 4.0); Wikidata (CC0)	0.85
Sutatanaya	Q2727397	Karṇa, character of epic Mahabharata	boy	सूततनय	Sūtatanaya	Sanskrit	Hindu		Mahabharata	Drona Parva	MBh 7.106.3	https://gretil.sub.uni-goettingen.de/gretil/1_sanskr/2_epic/mbh/mbh_07_u.htm	3	royal	epithet	attested	epithet of Karṇa	GRETIL Mahabharata (BORI critical ed., Tokunaga/Smith e-text); Monier-Williams Sanskrit-English Dictionary (Cologne CDSL, CC BY-SA 4.0); Wikidata (CC0)	0.85
Vanaraketana	Q185790	Arjuna, central character of Indian epic Mahabharata	boy	वानरकेतन	Vānaraketana	Sanskrit	Hindu		Mahabharata	Drona Parva	MBh 7.121.24	https://gretil.sub.uni-goettingen.de/gretil/1_sanskr/2_epic/mbh/mbh_07_u.htm	3	human	epithet	attested	epithet of Arjuna	GRETIL Mahabharata (BORI critical ed., Tokunaga/Smith e-text); Monier-Williams Sanskrit-English Dictionary (Cologne CDSL, CC BY-SA 4.0); Wikidata (CC0)	0.85
Angaraja	Q2727397	Karṇa, character of epic Mahabharata	boy	अङ्गराज	Aṅgarāja	Sanskrit	Hindu		Mahabharata	Vana Parva	MBh 3.113.15	https://gretil.sub.uni-goettingen.de/gretil/1_sanskr/2_epic/mbh/mbh_03_u.htm	2	royal	epithet	attested	epithet of Karṇa (Wikidata alias)	GRETIL Mahabharata (BORI critical ed., Tokunaga/Smith e-text); Monier-Williams Sanskrit-English Dictionary (Cologne CDSL, CC BY-SA 4.0); Wikidata (CC0)	0.85
Ashvineya	Q2044641	Sahadeva, character of Indian epic Mahabharata	boy	आश्विनेय	Āśvineya	Sanskrit	Hindu		Mahabharata	Sabha Parva	MBh 2.28.10	https://gretil.sub.uni-goettingen.de/gretil/1_sanskr/2_epic/mbh/mbh_02_u.htm	2	human	epithet	attested	epithet of Sahadeva	GRETIL Mahabharata (BORI critical ed., Tokunaga/Smith e-text); Monier-Williams Sanskrit-English Dictionary (Cologne CDSL, CC BY-SA 4.0); Wikidata (CC0)	0.85
Balavritranishudana	Q128335	Indra	boy	बलवृत्रनिषूदन	Balavṛtraniṣūdana	Sanskrit	Hindu		Mahabharata	Sabha Parva	MBh 2.7.22	https://gretil.sub.uni-goettingen.de/gretil/1_sanskr/2_epic/mbh/mbh_02_u.htm	2	deity	epithet	attested	epithet of Indra	GRETIL Mahabharata (BORI critical ed., Tokunaga/Smith e-text); Monier-Williams Sanskrit-English Dictionary (Cologne CDSL, CC BY-SA 4.0); Wikidata (CC0)	0.85
Bhimapurvaja	Q983067	Yudhiṣṭhira, character from Indian epic Mahabharata	boy	भीमपूर्वज	Bhīmapūrvaja	Sanskrit	Hindu		Mahabharata	Udyoga Parva	MBh 5.136.13	https://gretil.sub.uni-goettingen.de/gretil/1_sanskr/2_epic/mbh/mbh_05_u.htm	2	human	epithet	attested	epithet of Yudhiṣṭhira	GRETIL Mahabharata (BORI critical ed., Tokunaga/Smith e-text); Monier-Williams Sanskrit-English Dictionary (Cologne CDSL, CC BY-SA 4.0); Wikidata (CC0)	0.85
Daivarati	Q1500207	Janaka, father of Sita	boy	दैवराति	Daivarāti	Sanskrit	Hindu		Mahabharata	Shanti Parva	MBh 12.298.4	https://gretil.sub.uni-goettingen.de/gretil/1_sanskr/2_epic/mbh/mbh_12_u.htm	2	human	epithet	attested	epithet of Janaka; patronymic	GRETIL Mahabharata (BORI critical ed., Tokunaga/Smith e-text); Monier-Williams Sanskrit-English Dictionary (Cologne CDSL, CC BY-SA 4.0); Wikidata (CC0)	0.85
Gabhastinemi	Q42891	Krishna, Hindu deity	boy	गभस्तिनेमि	Gabhastinemi	Sanskrit	Hindu		Mahabharata	Shanti Parva	MBh 12.43.14	https://gretil.sub.uni-goettingen.de/gretil/1_sanskr/2_epic/mbh/mbh_12_u.htm	2	deity	epithet	attested	epithet of Krishna	GRETIL Mahabharata (BORI critical ed., Tokunaga/Smith e-text); Monier-Williams Sanskrit-English Dictionary (Cologne CDSL, CC BY-SA 4.0); Wikidata (CC0)	0.85
Gangasuta	Q1405629	Bhīṣma, statesman of Hastinapur in the Mahabharata	boy	गङ्गासुत	Gaṅgāsuta	Sanskrit	Hindu		Mahabharata	Bhishma Parva	MBh 6.76.7	https://gretil.sub.uni-goettingen.de/gretil/1_sanskr/2_epic/mbh/mbh_06_u.htm	2	human	epithet	attested	epithet of Bhīṣma (Wikidata alias)	GRETIL Mahabharata (BORI critical ed., Tokunaga/Smith e-text); Monier-Williams Sanskrit-English Dictionary (Cologne CDSL, CC BY-SA 4.0); Wikidata (CC0)	0.85
Halabhrit	Q1061606	Balarama, elder brother of Krishna, a deity in Vaishnavism and Jainism	boy	हलभृत्	Halabhṛt	Sanskrit	Hindu		Mahabharata	Shalya Parva	MBh 9.34.29	https://gretil.sub.uni-goettingen.de/gretil/1_sanskr/2_epic/mbh/mbh_09_u.htm	2	deity	epithet	attested	epithet of Balarama	GRETIL Mahabharata (BORI critical ed., Tokunaga/Smith e-text); Monier-Williams Sanskrit-English Dictionary (Cologne CDSL, CC BY-SA 4.0); Wikidata (CC0)	0.85
Hariman	Q128335	Indra	boy	हरिमत्	Harimat	Sanskrit	Hindu		Mahabharata	Sabha Parva	MBh 2.11.21	https://gretil.sub.uni-goettingen.de/gretil/1_sanskr/2_epic/mbh/mbh_02_u.htm	2	deity	epithet	attested	epithet of Indra	GRETIL Mahabharata (BORI critical ed., Tokunaga/Smith e-text); Monier-Williams Sanskrit-English Dictionary (Cologne CDSL, CC BY-SA 4.0); Wikidata (CC0)	0.85
Kamapala	Q1061606	Balarama, elder brother of Krishna, a deity in Vaishnavism and Jainism	boy	कामपाल	Kāmapāla	Sanskrit	Hindu		Mahabharata	Adi Parva	MBh 1.212.25	https://gretil.sub.uni-goettingen.de/gretil/1_sanskr/2_epic/mbh/mbh_01_u.htm	2	deity	epithet	attested	epithet of Balarama	GRETIL Mahabharata (BORI critical ed., Tokunaga/Smith e-text); Monier-Williams Sanskrit-English Dictionary (Cologne CDSL, CC BY-SA 4.0); Wikidata (CC0)	0.85
Keshinishudana	Q42891	Krishna, Hindu deity	boy	केशिनिषूदन	Keśiniṣūdana	Sanskrit	Hindu		Mahabharata	Vana Parva	MBh 3.15.10	https://gretil.sub.uni-goettingen.de/gretil/1_sanskr/2_epic/mbh/mbh_03_u.htm	2	deity	epithet	attested	epithet of Krishna	GRETIL Mahabharata (BORI critical ed., Tokunaga/Smith e-text); Monier-Williams Sanskrit-English Dictionary (Cologne CDSL, CC BY-SA 4.0); Wikidata (CC0)	0.85
Kiritabhrit	Q185790	Arjuna, central character of Indian epic Mahabharata	boy	किरीटभृत्	Kirīṭabhṛt	Sanskrit	Hindu		Mahabharata	Drona Parva	MBh 7.64.17	https://gretil.sub.uni-goettingen.de/gretil/1_sanskr/2_epic/mbh/mbh_07_u.htm	2	human	epithet	attested	epithet of Arjuna	GRETIL Mahabharata (BORI critical ed., Tokunaga/Smith e-text); Monier-Williams Sanskrit-English Dictionary (Cologne CDSL, CC BY-SA 4.0); Wikidata (CC0)	0.85
Madhuniha	Q42891	Krishna, Hindu deity	boy	मधुनिहन्	Madhunihan	Sanskrit	Hindu		Mahabharata	Vana Parva	MBh 3.19.24	https://gretil.sub.uni-goettingen.de/gretil/1_sanskr/2_epic/mbh/mbh_03_u.htm	2	deity	epithet	attested	epithet of Krishna	GRETIL Mahabharata (BORI critical ed., Tokunaga/Smith e-text); Monier-Williams Sanskrit-English Dictionary (Cologne CDSL, CC BY-SA 4.0); Wikidata (CC0)	0.85
Madhunishudana	Q42891	Krishna, Hindu deity	boy	मधुनिषूदन	Madhuniṣūdana	Sanskrit	Hindu		Mahabharata	Vana Parva	MBh 3.45.25	https://gretil.sub.uni-goettingen.de/gretil/1_sanskr/2_epic/mbh/mbh_03_u.htm	2	deity	epithet	attested	epithet of Krishna	GRETIL Mahabharata (BORI critical ed., Tokunaga/Smith e-text); Monier-Williams Sanskrit-English Dictionary (Cologne CDSL, CC BY-SA 4.0); Wikidata (CC0)	0.85
Shambaraha	Q128335	Indra	boy	शम्बरहन्	Śambarahan	Sanskrit	Hindu		Mahabharata	Sabha Parva	MBh 2.49.21	https://gretil.sub.uni-goettingen.de/gretil/1_sanskr/2_epic/mbh/mbh_02_u.htm	2	deity	epithet	attested	epithet of Indra	GRETIL Mahabharata (BORI critical ed., Tokunaga/Smith e-text); Monier-Williams Sanskrit-English Dictionary (Cologne CDSL, CC BY-SA 4.0); Wikidata (CC0)	0.85
Sharngi	Q42891	Krishna, Hindu deity	boy	शार्ङ्गिन्	Śārṅgin	Sanskrit	Hindu		Mahabharata	Adi Parva	MBh 1.220.16	https://gretil.sub.uni-goettingen.de/gretil/1_sanskr/2_epic/mbh/mbh_01_u.htm	2	deity	epithet	attested	epithet of Krishna	GRETIL Mahabharata (BORI critical ed., Tokunaga/Smith e-text); Monier-Williams Sanskrit-English Dictionary (Cologne CDSL, CC BY-SA 4.0); Wikidata (CC0)	0.85
Suradhyaksha	Q42891	Krishna, Hindu deity	boy	सुराध्यक्ष	Surādhyakṣa	Sanskrit	Hindu		Mahabharata	Anushasana Parva	MBh 13.17.74	https://gretil.sub.uni-goettingen.de/gretil/1_sanskr/2_epic/mbh/mbh_13_u.htm	2	deity	epithet	attested	epithet of Krishna	GRETIL Mahabharata (BORI critical ed., Tokunaga/Smith e-text); Monier-Williams Sanskrit-English Dictionary (Cologne CDSL, CC BY-SA 4.0); Wikidata (CC0)	0.85
Vishtarashravas	Q42891	Krishna, Hindu deity	boy	विष्टरश्रवस्	Viṣṭaraśravas	Sanskrit	Hindu		Mahabharata	Shanti Parva	MBh 12.38.27	https://gretil.sub.uni-goettingen.de/gretil/1_sanskr/2_epic/mbh/mbh_12_u.htm	2	deity	epithet	attested	epithet of Krishna	GRETIL Mahabharata (BORI critical ed., Tokunaga/Smith e-text); Monier-Williams Sanskrit-English Dictionary (Cologne CDSL, CC BY-SA 4.0); Wikidata (CC0)	0.85
Vritrahantri	Q128335	Indra	boy	वृत्रहन्तृ	Vṛtrahantṛ	Sanskrit	Hindu		Mahabharata	Vana Parva	MBh 3.173.1	https://gretil.sub.uni-goettingen.de/gretil/1_sanskr/2_epic/mbh/mbh_03_u.htm	2	deity	epithet	attested	epithet of Indra	GRETIL Mahabharata (BORI critical ed., Tokunaga/Smith e-text); Monier-Williams Sanskrit-English Dictionary (Cologne CDSL, CC BY-SA 4.0); Wikidata (CC0)	0.85
Yadavashardula	Q42891	Krishna, Hindu deity	boy	यादवशार्दूल	Yādavaśārdūla	Sanskrit	Hindu		Mahabharata	Udyoga Parva	MBh 5.81.70	https://gretil.sub.uni-goettingen.de/gretil/1_sanskr/2_epic/mbh/mbh_05_u.htm	2	deity	epithet	attested	epithet of Krishna	GRETIL Mahabharata (BORI critical ed., Tokunaga/Smith e-text); Monier-Williams Sanskrit-English Dictionary (Cologne CDSL, CC BY-SA 4.0); Wikidata (CC0)	0.85
Yakshadhipa	Q223617	Kubera	boy	यक्षाधिप	Yakṣādhipa	Sanskrit	Hindu		Mahabharata	Vana Parva	MBh 3.275.18	https://gretil.sub.uni-goettingen.de/gretil/1_sanskr/2_epic/mbh/mbh_03_u.htm	2	deity	epithet	attested	epithet of Kubera	GRETIL Mahabharata (BORI critical ed., Tokunaga/Smith e-text); Monier-Williams Sanskrit-English Dictionary (Cologne CDSL, CC BY-SA 4.0); Wikidata (CC0)	0.85
Aindradyumni	Q1500207	Janaka, father of Sita	boy	ऐन्द्रद्युम्नि	Aindradyumni	Sanskrit	Hindu		Mahabharata	Vana Parva	MBh 3.133.4	https://gretil.sub.uni-goettingen.de/gretil/1_sanskr/2_epic/mbh/mbh_03_u.htm	1	human	epithet	attested	epithet of Janaka	GRETIL Mahabharata (BORI critical ed., Tokunaga/Smith e-text); Monier-Williams Sanskrit-English Dictionary (Cologne CDSL, CC BY-SA 4.0); Wikidata (CC0)	0.85
Daityapa	Q4390883	Vālī, figure in the Ramayana	boy	दैत्यप	Daityapa	Sanskrit	Hindu		Mahabharata	Anushasana Parva	MBh 13.101.21	https://gretil.sub.uni-goettingen.de/gretil/1_sanskr/2_epic/mbh/mbh_13_u.htm	1	human	epithet	attested	epithet of Vālī	GRETIL Mahabharata (BORI critical ed., Tokunaga/Smith e-text); Monier-Williams Sanskrit-English Dictionary (Cologne CDSL, CC BY-SA 4.0); Wikidata (CC0)	0.85
Devaganeshvara	Q128335	Indra	boy	देवगणेश्वर	Devagaṇeśvara	Sanskrit	Hindu		Mahabharata	Ashvamedhika Parva	MBh 14.5.23	https://gretil.sub.uni-goettingen.de/gretil/1_sanskr/2_epic/mbh/mbh_14_u.htm	1	deity	epithet	attested	epithet of Indra	GRETIL Mahabharata (BORI critical ed., Tokunaga/Smith e-text); Monier-Williams Sanskrit-English Dictionary (Cologne CDSL, CC BY-SA 4.0); Wikidata (CC0)	0.85
Devakimatri	Q42891	Krishna, Hindu deity	boy	देवकीमातृ	Devakīmātṛ	Sanskrit	Hindu		Mahabharata	Ashvamedhika Parva	MBh 14.16.5	https://gretil.sub.uni-goettingen.de/gretil/1_sanskr/2_epic/mbh/mbh_14_u.htm	1	deity	epithet	attested	epithet of Krishna	GRETIL Mahabharata (BORI critical ed., Tokunaga/Smith e-text); Monier-Williams Sanskrit-English Dictionary (Cologne CDSL, CC BY-SA 4.0); Wikidata (CC0)	0.85
Dhanadhigoptri	Q223617	Kubera	boy	धनाधिगोप्तृ	Dhanādhigoptṛ	Sanskrit	Hindu		Mahabharata	Udyoga Parva	MBh 5.193.31	https://gretil.sub.uni-goettingen.de/gretil/1_sanskr/2_epic/mbh/mbh_05_u.htm	1	deity	epithet	attested	epithet of Kubera	GRETIL Mahabharata (BORI critical ed., Tokunaga/Smith e-text); Monier-Williams Sanskrit-English Dictionary (Cologne CDSL, CC BY-SA 4.0); Wikidata (CC0)	0.85
Gadheyi	Q2044655	Satyavatī, character from Indian epic Mahabharata	girl	गाधेयी	Gādheyī	Sanskrit	Hindu		Mahabharata	Anushasana Parva	MBh 13.4.42	https://gretil.sub.uni-goettingen.de/gretil/1_sanskr/2_epic/mbh/mbh_13_u.htm	1	human	epithet	attested	epithet of Satyavatī; patronymic	GRETIL Mahabharata (BORI critical ed., Tokunaga/Smith e-text); Monier-Williams Sanskrit-English Dictionary (Cologne CDSL, CC BY-SA 4.0); Wikidata (CC0)	0.85
Gautaminandana	Q2044550	Aśvatthāmā, character of Mahābhārata	boy	गौतमिनन्दन	Gautaminandana	Sanskrit	Hindu		Mahabharata	Drona Parva	MBh 7.131.81	https://gretil.sub.uni-goettingen.de/gretil/1_sanskr/2_epic/mbh/mbh_07_u.htm	1	human	epithet	attested	epithet of Aśvatthāmā; metronymic	GRETIL Mahabharata (BORI critical ed., Tokunaga/Smith e-text); Monier-Williams Sanskrit-English Dictionary (Cologne CDSL, CC BY-SA 4.0); Wikidata (CC0)	0.85
Krishnasakha	Q185790	Arjuna, central character of Indian epic Mahabharata	boy	कृष्णसख	Kṛṣṇasakha	Sanskrit	Hindu		Mahabharata	Drona Parva	MBh 7.118.14	https://gretil.sub.uni-goettingen.de/gretil/1_sanskr/2_epic/mbh/mbh_07_u.htm	1	human	epithet	attested	epithet of Arjuna	GRETIL Mahabharata (BORI critical ed., Tokunaga/Smith e-text); Monier-Williams Sanskrit-English Dictionary (Cologne CDSL, CC BY-SA 4.0); Wikidata (CC0)	0.85
Kuntimatri	Q185790	Arjuna, central character of Indian epic Mahabharata	boy	कुन्तीमातृ	Kuntīmātṛ	Sanskrit	Hindu		Mahabharata	Vana Parva	MBh 3.177.2	https://gretil.sub.uni-goettingen.de/gretil/1_sanskr/2_epic/mbh/mbh_03_u.htm	1	human	epithet	attested	epithet of Arjuna	GRETIL Mahabharata (BORI critical ed., Tokunaga/Smith e-text); Monier-Williams Sanskrit-English Dictionary (Cologne CDSL, CC BY-SA 4.0); Wikidata (CC0)	0.85
Lokamaheshvara	Q42891	Krishna, Hindu deity	boy	लोकमहेश्वर	Lokamaheśvara	Sanskrit	Hindu		Mahabharata	Bhishma Parva	MBh 6.32.3	https://gretil.sub.uni-goettingen.de/gretil/1_sanskr/2_epic/mbh/mbh_06_u.htm	1	deity	epithet	attested	epithet of Krishna	GRETIL Mahabharata (BORI critical ed., Tokunaga/Smith e-text); Monier-Williams Sanskrit-English Dictionary (Cologne CDSL, CC BY-SA 4.0); Wikidata (CC0)	0.85
Namuchighna	Q128335	Indra	boy	नमुचिघ्न	Namucighna	Sanskrit	Hindu		Mahabharata	Adi Parva	MBh 1.21.7	https://gretil.sub.uni-goettingen.de/gretil/1_sanskr/2_epic/mbh/mbh_01_u.htm	1	deity	epithet	attested	epithet of Indra	GRETIL Mahabharata (BORI critical ed., Tokunaga/Smith e-text); Monier-Williams Sanskrit-English Dictionary (Cologne CDSL, CC BY-SA 4.0); Wikidata (CC0)	0.85
Nimnagasuta	Q1405629	Bhīṣma, statesman of Hastinapur in the Mahabharata	boy	निम्नगासुत	Nimnagāsuta	Sanskrit	Hindu		Mahabharata	Anushasana Parva	MBh 13.153.18	https://gretil.sub.uni-goettingen.de/gretil/1_sanskr/2_epic/mbh/mbh_13_u.htm	1	human	epithet	attested	epithet of Bhīṣma	GRETIL Mahabharata (BORI critical ed., Tokunaga/Smith e-text); Monier-Williams Sanskrit-English Dictionary (Cologne CDSL, CC BY-SA 4.0); Wikidata (CC0)	0.85
Nishadheshvara	Q2588460	Nala, character in Hindu mythology	boy	निषधेश्वर	Niṣadheśvara	Sanskrit	Hindu		Mahabharata	Vana Parva	MBh 3.63.19	https://gretil.sub.uni-goettingen.de/gretil/1_sanskr/2_epic/mbh/mbh_03_u.htm	1	human	epithet	attested	epithet of Nala	GRETIL Mahabharata (BORI critical ed., Tokunaga/Smith e-text); Monier-Williams Sanskrit-English Dictionary (Cologne CDSL, CC BY-SA 4.0); Wikidata (CC0)	0.85
Padmavati	Q1518806	Manasa, Hindu folk goddess of snakes	girl	पद्मावती	Padmāvatī	Sanskrit	Hindu		Mahabharata	Shalya Parva	MBh 9.45.9	https://gretil.sub.uni-goettingen.de/gretil/1_sanskr/2_epic/mbh/mbh_09_u.htm	1	deity	epithet	attested	epithet of Manasa (Wikidata alias)	GRETIL Mahabharata (BORI critical ed., Tokunaga/Smith e-text); Monier-Williams Sanskrit-English Dictionary (Cologne CDSL, CC BY-SA 4.0); Wikidata (CC0)	0.85
Paravatashva	Q2357086	Dhṛṣṭadyumna, character in the Mahabharata	boy	पारावताश्व	Pārāvatāśva	Sanskrit	Hindu		Mahabharata	Bhishma Parva	MBh 6.50.89	https://gretil.sub.uni-goettingen.de/gretil/1_sanskr/2_epic/mbh/mbh_06_u.htm	1	human	epithet	attested	epithet of Dhṛṣṭadyumna	GRETIL Mahabharata (BORI critical ed., Tokunaga/Smith e-text); Monier-Williams Sanskrit-English Dictionary (Cologne CDSL, CC BY-SA 4.0); Wikidata (CC0)	0.85
Patageshvara	Q188676	Garuda, eagle-like divine bird in Hinduism, Buddhism and Jainism	boy	पतगेश्वर	Patageśvara	Sanskrit	Hindu		Mahabharata	Adi Parva	MBh 1.20.10	https://gretil.sub.uni-goettingen.de/gretil/1_sanskr/2_epic/mbh/mbh_01_u.htm	1	deity	epithet	attested	epithet of Garuda	GRETIL Mahabharata (BORI critical ed., Tokunaga/Smith e-text); Monier-Williams Sanskrit-English Dictionary (Cologne CDSL, CC BY-SA 4.0); Wikidata (CC0)	0.85
Pratipa	Q1973947	Śāntanu, character from Indian epic Mahabharata	boy	प्रातीप	Prātīpa	Sanskrit	Hindu		Mahabharata	Udyoga Parva	MBh 5.146.2	https://gretil.sub.uni-goettingen.de/gretil/1_sanskr/2_epic/mbh/mbh_05_u.htm	1	human	epithet	attested	epithet of Śāntanu; patronymic	GRETIL Mahabharata (BORI critical ed., Tokunaga/Smith e-text); Monier-Williams Sanskrit-English Dictionary (Cologne CDSL, CC BY-SA 4.0); Wikidata (CC0)	0.85
Pushpadharana	Q42891	Krishna, Hindu deity	boy	पुष्पधारण	Puṣpadhāraṇa	Sanskrit	Hindu		Mahabharata	Shanti Parva	MBh 12.43.14	https://gretil.sub.uni-goettingen.de/gretil/1_sanskr/2_epic/mbh/mbh_12_u.htm	1	deity	epithet	attested	epithet of Krishna	GRETIL Mahabharata (BORI critical ed., Tokunaga/Smith e-text); Monier-Williams Sanskrit-English Dictionary (Cologne CDSL, CC BY-SA 4.0); Wikidata (CC0)	0.85
Radhabhartri	Q2472652	Adhiratha, character in the Mahabharata	boy	राधाभर्तृ	Rādhābhartṛ	Sanskrit	Hindu		Mahabharata	Adi Parva	MBh 1.104.14	https://gretil.sub.uni-goettingen.de/gretil/1_sanskr/2_epic/mbh/mbh_01_u.htm	1	human	epithet	attested	epithet of Adhiratha	GRETIL Mahabharata (BORI critical ed., Tokunaga/Smith e-text); Monier-Williams Sanskrit-English Dictionary (Cologne CDSL, CC BY-SA 4.0); Wikidata (CC0)	0.85
Rohininandana	Q1061606	Balarama, elder brother of Krishna, a deity in Vaishnavism and Jainism	boy	रोहिणिनन्दन	Rohiṇinandana	Sanskrit	Hindu		Mahabharata	Drona Parva	MBh 7.156.10	https://gretil.sub.uni-goettingen.de/gretil/1_sanskr/2_epic/mbh/mbh_07_u.htm	1	deity	epithet	attested	epithet of Balarama; metronymic	GRETIL Mahabharata (BORI critical ed., Tokunaga/Smith e-text); Monier-Williams Sanskrit-English Dictionary (Cologne CDSL, CC BY-SA 4.0); Wikidata (CC0)	0.85
Shrautashrava	Q2978464	Śiśupāla, Mighty Demigod from Mahabharata age	boy	श्रौतश्रव	Śrautaśrava	Sanskrit	Hindu		Mahabharata	Vana Parva	MBh 3.16.2	https://gretil.sub.uni-goettingen.de/gretil/1_sanskr/2_epic/mbh/mbh_03_u.htm	1	human	epithet	attested	epithet of Śiśupāla; metronymic	GRETIL Mahabharata (BORI critical ed., Tokunaga/Smith e-text); Monier-Williams Sanskrit-English Dictionary (Cologne CDSL, CC BY-SA 4.0); Wikidata (CC0)	0.85
Shripadma	Q42891	Krishna, Hindu deity	boy	श्रीपद्म	Śrīpadma	Sanskrit	Hindu		Mahabharata	Shanti Parva	MBh 12.43.14	https://gretil.sub.uni-goettingen.de/gretil/1_sanskr/2_epic/mbh/mbh_12_u.htm	1	deity	epithet	attested	epithet of Krishna	GRETIL Mahabharata (BORI critical ed., Tokunaga/Smith e-text); Monier-Williams Sanskrit-English Dictionary (Cologne CDSL, CC BY-SA 4.0); Wikidata (CC0)	0.85
Sirayudha	Q1061606	Balarama, elder brother of Krishna, a deity in Vaishnavism and Jainism	boy	सीरायुध	Sīrāyudha	Sanskrit	Hindu		Mahabharata	Shalya Parva	MBh 9.48.15	https://gretil.sub.uni-goettingen.de/gretil/1_sanskr/2_epic/mbh/mbh_09_u.htm	1	deity	epithet	attested	epithet of Balarama	GRETIL Mahabharata (BORI critical ed., Tokunaga/Smith e-text); Monier-Williams Sanskrit-English Dictionary (Cologne CDSL, CC BY-SA 4.0); Wikidata (CC0)	0.85
Suparnaketu	Q42891	Krishna, Hindu deity	boy	सुपर्णकेतु	Suparṇaketu	Sanskrit	Hindu		Mahabharata	Vana Parva	MBh 3.173.15	https://gretil.sub.uni-goettingen.de/gretil/1_sanskr/2_epic/mbh/mbh_03_u.htm	1	deity	epithet	attested	epithet of Krishna	GRETIL Mahabharata (BORI critical ed., Tokunaga/Smith e-text); Monier-Williams Sanskrit-English Dictionary (Cologne CDSL, CC BY-SA 4.0); Wikidata (CC0)	0.85
Vaishaleya	Q2633766	Takṣaka, Indian Mythological Serpent	boy	वैशालेय	Vaiśāleya	Sanskrit	Hindu		Mahabharata	Karna Parva	MBh 8.63.37	https://gretil.sub.uni-goettingen.de/gretil/1_sanskr/2_epic/mbh/mbh_08_u.htm	1	mythological_being	epithet	attested	epithet of Takṣaka; patronymic	GRETIL Mahabharata (BORI critical ed., Tokunaga/Smith e-text); Monier-Williams Sanskrit-English Dictionary (Cologne CDSL, CC BY-SA 4.0); Wikidata (CC0)	0.85
Vasavaja	Q185790	Arjuna, central character of Indian epic Mahabharata	boy	वासवज	Vāsavaja	Sanskrit	Hindu		Mahabharata	Virata Parva	MBh 4.49.15	https://gretil.sub.uni-goettingen.de/gretil/1_sanskr/2_epic/mbh/mbh_04_u.htm	1	human	epithet	attested	epithet of Arjuna; patronymic	GRETIL Mahabharata (BORI critical ed., Tokunaga/Smith e-text); Monier-Williams Sanskrit-English Dictionary (Cologne CDSL, CC BY-SA 4.0); Wikidata (CC0)	0.85
Vasudevaputra	Q42891	Krishna, Hindu deity	boy	वसुदेवपुत्र	Vasudevaputra	Sanskrit	Hindu		Mahabharata	Bhishma Parva	MBh 6.55.86	https://gretil.sub.uni-goettingen.de/gretil/1_sanskr/2_epic/mbh/mbh_06_u.htm	1	deity	epithet	attested	epithet of Krishna	GRETIL Mahabharata (BORI critical ed., Tokunaga/Smith e-text); Monier-Williams Sanskrit-English Dictionary (Cologne CDSL, CC BY-SA 4.0); Wikidata (CC0)	0.85
Vatatmaja	Q3651886	Bhīma, Great Kshatriya(Rajput) warrior of Mahabharata	boy	वातात्मज	Vātātmaja	Sanskrit	Hindu		Mahabharata	Udyoga Parva	MBh 5.159.5	https://gretil.sub.uni-goettingen.de/gretil/1_sanskr/2_epic/mbh/mbh_05_u.htm	1	human	epithet	attested	epithet of Bhīma	GRETIL Mahabharata (BORI critical ed., Tokunaga/Smith e-text); Monier-Williams Sanskrit-English Dictionary (Cologne CDSL, CC BY-SA 4.0); Wikidata (CC0)	0.85
Vidarbhatanaya	Q3521321	Damayantī, Hindu mythological character	girl	विदर्भतनया	Vidarbhatanayā	Sanskrit	Hindu		Mahabharata	Vana Parva	MBh 3.61.11	https://gretil.sub.uni-goettingen.de/gretil/1_sanskr/2_epic/mbh/mbh_03_u.htm	1	human	epithet	attested	epithet of Damayantī	GRETIL Mahabharata (BORI critical ed., Tokunaga/Smith e-text); Monier-Williams Sanskrit-English Dictionary (Cologne CDSL, CC BY-SA 4.0); Wikidata (CC0)	0.85
Vipulaskandha	Q185790	Arjuna, central character of Indian epic Mahabharata	boy	विपुलस्कन्ध	Vipulaskandha	Sanskrit	Hindu		Mahabharata	Anushasana Parva	MBh 13.14.108	https://gretil.sub.uni-goettingen.de/gretil/1_sanskr/2_epic/mbh/mbh_13_u.htm	1	human	epithet	attested	epithet of Arjuna	GRETIL Mahabharata (BORI critical ed., Tokunaga/Smith e-text); Monier-Williams Sanskrit-English Dictionary (Cologne CDSL, CC BY-SA 4.0); Wikidata (CC0)	0.85
Yadaviputra	Q983067	Yudhiṣṭhira, character from Indian epic Mahabharata	boy	यादवीपुत्र	Yādavīputra	Sanskrit	Hindu		Mahabharata	Shanti Parva	MBh 12.69.69	https://gretil.sub.uni-goettingen.de/gretil/1_sanskr/2_epic/mbh/mbh_12_u.htm	1	human	epithet	attested	epithet of Yudhiṣṭhira; metronymic	GRETIL Mahabharata (BORI critical ed., Tokunaga/Smith e-text); Monier-Williams Sanskrit-English Dictionary (Cologne CDSL, CC BY-SA 4.0); Wikidata (CC0)	0.85
Yadudvaha	Q42891	Krishna, Hindu deity	boy	यदूद्वह	Yadūdvaha	Sanskrit	Hindu		Mahabharata	Ashvamedhika Parva	MBh 14.60.38	https://gretil.sub.uni-goettingen.de/gretil/1_sanskr/2_epic/mbh/mbh_14_u.htm	1	deity	epithet	attested	epithet of Krishna	GRETIL Mahabharata (BORI critical ed., Tokunaga/Smith e-text); Monier-Williams Sanskrit-English Dictionary (Cologne CDSL, CC BY-SA 4.0); Wikidata (CC0)	0.85
Yajnaguhya	Q42891	Krishna, Hindu deity	boy	यज्ञगुह्य	Yajñaguhya	Sanskrit	Hindu		Mahabharata	Anushasana Parva	MBh 13.135.118	https://gretil.sub.uni-goettingen.de/gretil/1_sanskr/2_epic/mbh/mbh_13_u.htm	1	deity	epithet	attested	epithet of Krishna	GRETIL Mahabharata (BORI critical ed., Tokunaga/Smith e-text); Monier-Williams Sanskrit-English Dictionary (Cologne CDSL, CC BY-SA 4.0); Wikidata (CC0)	0.85
Yajnantakrit	Q42891	Krishna, Hindu deity	boy	यज्ञान्तकृत्	Yajñāntakṛt	Sanskrit	Hindu		Mahabharata	Anushasana Parva	MBh 13.135.118	https://gretil.sub.uni-goettingen.de/gretil/1_sanskr/2_epic/mbh/mbh_13_u.htm	1	deity	epithet	attested	epithet of Krishna	GRETIL Mahabharata (BORI critical ed., Tokunaga/Smith e-text); Monier-Williams Sanskrit-English Dictionary (Cologne CDSL, CC BY-SA 4.0); Wikidata (CC0)	0.85
Yaksharaja	Q223617	Kubera	boy	यक्षराज	Yakṣarāja	Sanskrit	Hindu		Mahabharata	Vana Parva	MBh 3.151.7	https://gretil.sub.uni-goettingen.de/gretil/1_sanskr/2_epic/mbh/mbh_03_u.htm	1	deity	epithet	attested	epithet of Kubera	GRETIL Mahabharata (BORI critical ed., Tokunaga/Smith e-text); Monier-Williams Sanskrit-English Dictionary (Cologne CDSL, CC BY-SA 4.0); Wikidata (CC0)	0.85
Dhananjaya	Q185790	Arjuna, central character of Indian epic Mahabharata	boy	धनञ्जय	Dhanañjaya	Sanskrit	Hindu		Mahabharata	Adi Parva	MBh 1.1.110	https://gretil.sub.uni-goettingen.de/gretil/1_sanskr/2_epic/mbh/mbh_01_u.htm	756	human	epithet	attested	epithet of Arjuna	GRETIL Mahabharata (BORI critical ed., Tokunaga/Smith e-text); Monier-Williams Sanskrit-English Dictionary (Cologne CDSL, CC BY-SA 4.0); Wikidata (CC0)	0.80
Vasudeva	Q42891	Krishna, Hindu deity	boy	वासुदेव	Vāsudeva	Sanskrit	Hindu		Mahabharata	Adi Parva	MBh 1.1.60	https://gretil.sub.uni-goettingen.de/gretil/1_sanskr/2_epic/mbh/mbh_01_u.htm	555	deity	epithet	attested	epithet of Krishna (Wikidata alias)	GRETIL Mahabharata (BORI critical ed., Tokunaga/Smith e-text); Monier-Williams Sanskrit-English Dictionary (Cologne CDSL, CC BY-SA 4.0); Wikidata (CC0)	0.80
Dharmaraja	Q983067	Yudhiṣṭhira, character from Indian epic Mahabharata	boy	धर्मराज	Dharmarāja	Sanskrit	Hindu		Mahabharata	Adi Parva	MBh 1.1.108	https://gretil.sub.uni-goettingen.de/gretil/1_sanskr/2_epic/mbh/mbh_01_u.htm	470	human	epithet	attested	epithet of Yudhiṣṭhira (Wikidata alias)	GRETIL Mahabharata (BORI critical ed., Tokunaga/Smith e-text); Monier-Williams Sanskrit-English Dictionary (Cologne CDSL, CC BY-SA 4.0); Wikidata (CC0)	0.80
Madhava	Q42891	Krishna, Hindu deity	boy	माधव	Mādhava	Sanskrit	Hindu		Mahabharata	Adi Parva	MBh 1.1.118	https://gretil.sub.uni-goettingen.de/gretil/1_sanskr/2_epic/mbh/mbh_01_u.htm	296	deity	epithet	attested	epithet of Krishna	GRETIL Mahabharata (BORI critical ed., Tokunaga/Smith e-text); Monier-Williams Sanskrit-English Dictionary (Cologne CDSL, CC BY-SA 4.0); Wikidata (CC0)	0.80
Phalguna	Q185790	Arjuna, central character of Indian epic Mahabharata	boy	फल्गुन	Phalguna	Sanskrit	Hindu		Mahabharata	Adi Parva	MBh 1.123.67	https://gretil.sub.uni-goettingen.de/gretil/1_sanskr/2_epic/mbh/mbh_01_u.htm	245	human	epithet	attested	epithet of Arjuna	GRETIL Mahabharata (BORI critical ed., Tokunaga/Smith e-text); Monier-Williams Sanskrit-English Dictionary (Cologne CDSL, CC BY-SA 4.0); Wikidata (CC0)	0.80
Vijaya	Q185790	Arjuna, central character of Indian epic Mahabharata	boy	विजय	Vijaya	Sanskrit	Hindu		Mahabharata	Adi Parva	MBh 1.1.102	https://gretil.sub.uni-goettingen.de/gretil/1_sanskr/2_epic/mbh/mbh_01_u.htm	228	human	epithet	attested	epithet of Arjuna	GRETIL Mahabharata (BORI critical ed., Tokunaga/Smith e-text); Monier-Williams Sanskrit-English Dictionary (Cologne CDSL, CC BY-SA 4.0); Wikidata (CC0)	0.80
Saubala	Q1992668	Śakuni, character from Hindu epic Mahabharata	boy	सौबल	Saubala	Sanskrit	Hindu		Mahabharata	Adi Parva	MBh 1.1.105	https://gretil.sub.uni-goettingen.de/gretil/1_sanskr/2_epic/mbh/mbh_01_u.htm	211	human	epithet	attested	epithet of Śakuni; patronymic	GRETIL Mahabharata (BORI critical ed., Tokunaga/Smith e-text); Monier-Williams Sanskrit-English Dictionary (Cologne CDSL, CC BY-SA 4.0); Wikidata (CC0)	0.80
Savyasachi	Q185790	Arjuna, central character of Indian epic Mahabharata	boy	सव्यसाचिन्	Savyasācin	Sanskrit	Hindu		Mahabharata	Adi Parva	MBh 1.1.142	https://gretil.sub.uni-goettingen.de/gretil/1_sanskr/2_epic/mbh/mbh_01_u.htm	202	human	epithet	attested	epithet of Arjuna	GRETIL Mahabharata (BORI critical ed., Tokunaga/Smith e-text); Monier-Williams Sanskrit-English Dictionary (Cologne CDSL, CC BY-SA 4.0); Wikidata (CC0)	0.80
Bibhatsu	Q185790	Arjuna, central character of Indian epic Mahabharata	boy	बीभत्सु	Bībhatsu	Sanskrit	Hindu		Mahabharata	Adi Parva	MBh 1.55.33	https://gretil.sub.uni-goettingen.de/gretil/1_sanskr/2_epic/mbh/mbh_01_u.htm	177	human	epithet	attested	epithet of Arjuna	GRETIL Mahabharata (BORI critical ed., Tokunaga/Smith e-text); Monier-Williams Sanskrit-English Dictionary (Cologne CDSL, CC BY-SA 4.0); Wikidata (CC0)	0.80
Kiriti	Q185790	Arjuna, central character of Indian epic Mahabharata	boy	किरीटिन्	Kirīṭin	Sanskrit	Hindu		Mahabharata	Adi Parva	MBh 1.2.92	https://gretil.sub.uni-goettingen.de/gretil/1_sanskr/2_epic/mbh/mbh_01_u.htm	170	human	epithet	attested	epithet of Arjuna	GRETIL Mahabharata (BORI critical ed., Tokunaga/Smith e-text); Monier-Williams Sanskrit-English Dictionary (Cologne CDSL, CC BY-SA 4.0); Wikidata (CC0)	0.80
Varshneya	Q42891	Krishna, Hindu deity	boy	वार्ष्णेय	Vārṣṇeya	Sanskrit	Hindu		Mahabharata	Adi Parva	MBh 1.1.138	https://gretil.sub.uni-goettingen.de/gretil/1_sanskr/2_epic/mbh/mbh_01_u.htm	154	deity	epithet	attested	epithet of Krishna	GRETIL Mahabharata (BORI critical ed., Tokunaga/Smith e-text); Monier-Williams Sanskrit-English Dictionary (Cologne CDSL, CC BY-SA 4.0); Wikidata (CC0)	0.80
Dasharha	Q42891	Krishna, Hindu deity	boy	दाशार्ह	Dāśārha	Sanskrit	Hindu		Mahabharata	Adi Parva	MBh 1.197.25	https://gretil.sub.uni-goettingen.de/gretil/1_sanskr/2_epic/mbh/mbh_01_u.htm	103	deity	epithet	attested	epithet of Krishna	GRETIL Mahabharata (BORI critical ed., Tokunaga/Smith e-text); Monier-Williams Sanskrit-English Dictionary (Cologne CDSL, CC BY-SA 4.0); Wikidata (CC0)	0.80
Hardikya	Q2669309	Kritavarma, one of the Yadava warriors	boy	हार्दिक्य	Hārdikya	Sanskrit	Hindu		Mahabharata	Adi Parva	MBh 1.177.17	https://gretil.sub.uni-goettingen.de/gretil/1_sanskr/2_epic/mbh/mbh_01_u.htm	82	human	epithet	attested	epithet of Kritavarma; patronymic	GRETIL Mahabharata (BORI critical ed., Tokunaga/Smith e-text); Monier-Williams Sanskrit-English Dictionary (Cologne CDSL, CC BY-SA 4.0); Wikidata (CC0)	0.80
Naishadha	Q2588460	Nala, character in Hindu mythology	boy	नैषध	Naiṣadha	Sanskrit	Hindu		Mahabharata	Adi Parva	MBh 1.1.175	https://gretil.sub.uni-goettingen.de/gretil/1_sanskr/2_epic/mbh/mbh_01_u.htm	63	human	epithet	attested	epithet of Nala	GRETIL Mahabharata (BORI critical ed., Tokunaga/Smith e-text); Monier-Williams Sanskrit-English Dictionary (Cologne CDSL, CC BY-SA 4.0); Wikidata (CC0)	0.80
Vrishasena	Q2727397	Karṇa, character of epic Mahabharata	boy	वृषसेन	Vṛṣasena	Sanskrit	Hindu		Mahabharata	Drona Parva	MBh 7.15.1	https://gretil.sub.uni-goettingen.de/gretil/1_sanskr/2_epic/mbh/mbh_07_u.htm	63	royal	epithet	attested	epithet of Karṇa	GRETIL Mahabharata (BORI critical ed., Tokunaga/Smith e-text); Monier-Williams Sanskrit-English Dictionary (Cologne CDSL, CC BY-SA 4.0); Wikidata (CC0)	0.80
Devavrata	Q1405629	Bhīṣma, statesman of Hastinapur in the Mahabharata	boy	देवव्रत	Devavrata	Sanskrit	Hindu		Mahabharata	Adi Parva	MBh 1.90.50	https://gretil.sub.uni-goettingen.de/gretil/1_sanskr/2_epic/mbh/mbh_01_u.htm	47	human	epithet	attested	epithet of Bhīṣma	GRETIL Mahabharata (BORI critical ed., Tokunaga/Smith e-text); Monier-Williams Sanskrit-English Dictionary (Cologne CDSL, CC BY-SA 4.0); Wikidata (CC0)	0.80
Pragjyotisha	Q1114098	Bhagadatta, character in the Mahabharata	boy	प्राग्ज्योतिष	Prāgjyotiṣa	Sanskrit	Hindu		Mahabharata	Sabha Parva	MBh 2.31.9	https://gretil.sub.uni-goettingen.de/gretil/1_sanskr/2_epic/mbh/mbh_02_u.htm	35	human	epithet	attested	epithet of Bhagadatta	GRETIL Mahabharata (BORI critical ed., Tokunaga/Smith e-text); Monier-Williams Sanskrit-English Dictionary (Cologne CDSL, CC BY-SA 4.0); Wikidata (CC0)	0.80
Shvetavahana	Q185790	Arjuna, central character of Indian epic Mahabharata	boy	श्वेतवाहन	Śvetavāhana	Sanskrit	Hindu		Mahabharata	Adi Parva	MBh 1.192.10	https://gretil.sub.uni-goettingen.de/gretil/1_sanskr/2_epic/mbh/mbh_01_u.htm	35	human	epithet	attested	epithet of Arjuna	GRETIL Mahabharata (BORI critical ed., Tokunaga/Smith e-text); Monier-Williams Sanskrit-English Dictionary (Cologne CDSL, CC BY-SA 4.0); Wikidata (CC0)	0.80
Vaidehi	Q191114	Sita, Hindu goddess	girl	वैदेही	Vaidehī	Sanskrit	Hindu		Mahabharata	Vana Parva	MBh 3.275.63	https://gretil.sub.uni-goettingen.de/gretil/1_sanskr/2_epic/mbh/mbh_03_u.htm	33	deity	epithet	attested	epithet of Sita	GRETIL Mahabharata (BORI critical ed., Tokunaga/Smith e-text); Monier-Williams Sanskrit-English Dictionary (Cologne CDSL, CC BY-SA 4.0); Wikidata (CC0)	0.80
Shvetashva	Q185790	Arjuna, central character of Indian epic Mahabharata	boy	श्वेताश्व	Śvetāśva	Sanskrit	Hindu		Mahabharata	Sabha Parva	MBh 2.43.19	https://gretil.sub.uni-goettingen.de/gretil/1_sanskr/2_epic/mbh/mbh_02_u.htm	30	human	epithet	attested	epithet of Arjuna	GRETIL Mahabharata (BORI critical ed., Tokunaga/Smith e-text); Monier-Williams Sanskrit-English Dictionary (Cologne CDSL, CC BY-SA 4.0); Wikidata (CC0)	0.80
Kiritamali	Q185790	Arjuna, central character of Indian epic Mahabharata	boy	किरीटमालिन्	Kirīṭamālin	Sanskrit	Hindu		Mahabharata	Vana Parva	MBh 3.180.14	https://gretil.sub.uni-goettingen.de/gretil/1_sanskr/2_epic/mbh/mbh_03_u.htm	22	human	epithet	attested	epithet of Arjuna	GRETIL Mahabharata (BORI critical ed., Tokunaga/Smith e-text); Monier-Williams Sanskrit-English Dictionary (Cologne CDSL, CC BY-SA 4.0); Wikidata (CC0)	0.80
Naranarayana	Q42891	Krishna, Hindu deity	boy	नरनारायण	Naranārāyaṇa	Sanskrit	Hindu		Mahabharata	Adi Parva	MBh 1.1.117	https://gretil.sub.uni-goettingen.de/gretil/1_sanskr/2_epic/mbh/mbh_01_u.htm	22	deity	epithet	attested	epithet of Krishna	GRETIL Mahabharata (BORI critical ed., Tokunaga/Smith e-text); Monier-Williams Sanskrit-English Dictionary (Cologne CDSL, CC BY-SA 4.0); Wikidata (CC0)	0.80
Dasharathi	Q160213	Rama	boy	दाशरथि	Dāśarathi	Sanskrit	Hindu		Mahabharata	Adi Parva	MBh 1.1.168	https://gretil.sub.uni-goettingen.de/gretil/1_sanskr/2_epic/mbh/mbh_01_u.htm	20	human	epithet	attested	epithet of Rama; patronymic	GRETIL Mahabharata (BORI critical ed., Tokunaga/Smith e-text); Monier-Williams Sanskrit-English Dictionary (Cologne CDSL, CC BY-SA 4.0); Wikidata (CC0)	0.80
Balasudana	Q128335	Indra	boy	बलसूदन	Balasūdana	Sanskrit	Hindu		Mahabharata	Udyoga Parva	MBh 5.13.19	https://gretil.sub.uni-goettingen.de/gretil/1_sanskr/2_epic/mbh/mbh_05_u.htm	18	deity	epithet	attested	epithet of Indra	GRETIL Mahabharata (BORI critical ed., Tokunaga/Smith e-text); Monier-Williams Sanskrit-English Dictionary (Cologne CDSL, CC BY-SA 4.0); Wikidata (CC0)	0.80
Babhru	Q42891	Krishna, Hindu deity	boy	बभ्रु	Babhru	Sanskrit	Hindu		Mahabharata	Sabha Parva	MBh 2.31.15	https://gretil.sub.uni-goettingen.de/gretil/1_sanskr/2_epic/mbh/mbh_02_u.htm	17	deity	epithet	attested	epithet of Krishna	GRETIL Mahabharata (BORI critical ed., Tokunaga/Smith e-text); Monier-Williams Sanskrit-English Dictionary (Cologne CDSL, CC BY-SA 4.0); Wikidata (CC0)	0.80
Lokanatha	Q42891	Krishna, Hindu deity	boy	लोकनाथ	Lokanātha	Sanskrit	Hindu		Mahabharata	Shalya Parva	MBh 9.2.30	https://gretil.sub.uni-goettingen.de/gretil/1_sanskr/2_epic/mbh/mbh_09_u.htm	16	deity	epithet	attested	epithet of Krishna	GRETIL Mahabharata (BORI critical ed., Tokunaga/Smith e-text); Monier-Williams Sanskrit-English Dictionary (Cologne CDSL, CC BY-SA 4.0); Wikidata (CC0)	0.80
Janaki	Q191114	Sita, Hindu goddess	girl	जानकी	Jānakī	Sanskrit	Hindu		Mahabharata	Vana Parva	MBh 3.262.35	https://gretil.sub.uni-goettingen.de/gretil/1_sanskr/2_epic/mbh/mbh_03_u.htm	9	deity	epithet	attested	epithet of Sita; patronymic	GRETIL Mahabharata (BORI critical ed., Tokunaga/Smith e-text); Monier-Williams Sanskrit-English Dictionary (Cologne CDSL, CC BY-SA 4.0); Wikidata (CC0)	0.80
Yogeshvara	Q42891	Krishna, Hindu deity	boy	योगेश्वर	Yogeśvara	Sanskrit	Hindu		Mahabharata	Bhishma Parva	MBh 6.40.75	https://gretil.sub.uni-goettingen.de/gretil/1_sanskr/2_epic/mbh/mbh_06_u.htm	9	deity	epithet	attested	epithet of Krishna	GRETIL Mahabharata (BORI critical ed., Tokunaga/Smith e-text); Monier-Williams Sanskrit-English Dictionary (Cologne CDSL, CC BY-SA 4.0); Wikidata (CC0)	0.80
Balabhid	Q128335	Indra	boy	बलभिद्	Balabhid	Sanskrit	Hindu		Mahabharata	Karna Parva	MBh 8.69.2	https://gretil.sub.uni-goettingen.de/gretil/1_sanskr/2_epic/mbh/mbh_08_u.htm	8	deity	epithet	attested	epithet of Indra	GRETIL Mahabharata (BORI critical ed., Tokunaga/Smith e-text); Monier-Williams Sanskrit-English Dictionary (Cologne CDSL, CC BY-SA 4.0); Wikidata (CC0)	0.80
Sindhupati	Q2381146	Jayadratha, character in the Indian epic Mahabharata	boy	सिन्धुपति	Sindhupati	Sanskrit	Hindu		Mahabharata	Drona Parva	MBh 7.41.13	https://gretil.sub.uni-goettingen.de/gretil/1_sanskr/2_epic/mbh/mbh_07_u.htm	7	human	epithet	attested	epithet of Jayadratha	GRETIL Mahabharata (BORI critical ed., Tokunaga/Smith e-text); Monier-Williams Sanskrit-English Dictionary (Cologne CDSL, CC BY-SA 4.0); Wikidata (CC0)	0.80
Aindri	Q185790	Arjuna, central character of Indian epic Mahabharata	boy	ऐन्द्रि	Aindri	Sanskrit	Hindu		Mahabharata	Adi Parva	MBh 1.114.4	https://gretil.sub.uni-goettingen.de/gretil/1_sanskr/2_epic/mbh/mbh_01_u.htm	6	human	epithet	attested	epithet of Arjuna	GRETIL Mahabharata (BORI critical ed., Tokunaga/Smith e-text); Monier-Williams Sanskrit-English Dictionary (Cologne CDSL, CC BY-SA 4.0); Wikidata (CC0)	0.80
Barhadratha	Q2723062	Jarāsandha, Mythical ruler	boy	बार्हद्रथ	Bārhadratha	Sanskrit	Hindu		Mahabharata	Sabha Parva	MBh 2.14.12	https://gretil.sub.uni-goettingen.de/gretil/1_sanskr/2_epic/mbh/mbh_02_u.htm	6	royal	epithet	attested	epithet of Jarāsandha; patronymic	GRETIL Mahabharata (BORI critical ed., Tokunaga/Smith e-text); Monier-Williams Sanskrit-English Dictionary (Cologne CDSL, CC BY-SA 4.0); Wikidata (CC0)	0.80
Varshaparvani	Q7489930	Sharmishtha, character in Mahabharata	girl	वार्षपर्वणी	Vārṣaparvaṇī	Sanskrit	Hindu		Mahabharata	Adi Parva	MBh 1.73.31	https://gretil.sub.uni-goettingen.de/gretil/1_sanskr/2_epic/mbh/mbh_01_u.htm	6	human	epithet	attested	epithet of Sharmishtha; patronymic	GRETIL Mahabharata (BORI critical ed., Tokunaga/Smith e-text); Monier-Williams Sanskrit-English Dictionary (Cologne CDSL, CC BY-SA 4.0); Wikidata (CC0)	0.80
Yakshendra	Q223617	Kubera	boy	यक्षेन्द्र	Yakṣendra	Sanskrit	Hindu		Mahabharata	Vana Parva	MBh 3.81.42	https://gretil.sub.uni-goettingen.de/gretil/1_sanskr/2_epic/mbh/mbh_03_u.htm	6	deity	epithet	attested	epithet of Kubera	GRETIL Mahabharata (BORI critical ed., Tokunaga/Smith e-text); Monier-Williams Sanskrit-English Dictionary (Cologne CDSL, CC BY-SA 4.0); Wikidata (CC0)	0.80
Rajaraja	Q223617	Kubera	boy	राजराज	Rājarāja	Sanskrit	Hindu		Mahabharata	Vana Parva	MBh 3.259.3	https://gretil.sub.uni-goettingen.de/gretil/1_sanskr/2_epic/mbh/mbh_03_u.htm	5	deity	epithet	attested	epithet of Kubera	GRETIL Mahabharata (BORI critical ed., Tokunaga/Smith e-text); Monier-Williams Sanskrit-English Dictionary (Cologne CDSL, CC BY-SA 4.0); Wikidata (CC0)	0.80
Ambikeya	Q926150	Dhṛtarāṣṭra, character from Indian Epic Mahabharata	boy	आम्बिकेय	Āmbikeya	Sanskrit	Hindu		Mahabharata	Vana Parva	MBh 3.14.2	https://gretil.sub.uni-goettingen.de/gretil/1_sanskr/2_epic/mbh/mbh_03_u.htm	4	human	epithet	attested	epithet of Dhṛtarāṣṭra	GRETIL Mahabharata (BORI critical ed., Tokunaga/Smith e-text); Monier-Williams Sanskrit-English Dictionary (Cologne CDSL, CC BY-SA 4.0); Wikidata (CC0)	0.80
Bhojaraja	Q2092267	Kamsa, tyrant ruler of Mathura in Hindu mythology	boy	भोजराज	Bhojarāja	Sanskrit	Hindu		Mahabharata	Udyoga Parva	MBh 5.155.17	https://gretil.sub.uni-goettingen.de/gretil/1_sanskr/2_epic/mbh/mbh_05_u.htm	4	royal	epithet	attested	epithet of Kamsa	GRETIL Mahabharata (BORI critical ed., Tokunaga/Smith e-text); Monier-Williams Sanskrit-English Dictionary (Cologne CDSL, CC BY-SA 4.0); Wikidata (CC0)	0.80
Madhuha	Q42891	Krishna, Hindu deity	boy	मधुहन्	Madhuhan	Sanskrit	Hindu		Mahabharata	Vana Parva	MBh 3.180.15	https://gretil.sub.uni-goettingen.de/gretil/1_sanskr/2_epic/mbh/mbh_03_u.htm	4	deity	epithet	attested	epithet of Krishna	GRETIL Mahabharata (BORI critical ed., Tokunaga/Smith e-text); Monier-Williams Sanskrit-English Dictionary (Cologne CDSL, CC BY-SA 4.0); Wikidata (CC0)	0.80
Nishadhadhipati	Q2588460	Nala, character in Hindu mythology	boy	निषधाधिपति	Niṣadhādhipati	Sanskrit	Hindu		Mahabharata	Vana Parva	MBh 3.61.32	https://gretil.sub.uni-goettingen.de/gretil/1_sanskr/2_epic/mbh/mbh_03_u.htm	4	human	epithet	attested	epithet of Nala	GRETIL Mahabharata (BORI critical ed., Tokunaga/Smith e-text); Monier-Williams Sanskrit-English Dictionary (Cologne CDSL, CC BY-SA 4.0); Wikidata (CC0)	0.80
Talaketu	Q1405629	Bhīṣma, statesman of Hastinapur in the Mahabharata	boy	तालकेतु	Tālaketu	Sanskrit	Hindu		Mahabharata	Udyoga Parva	MBh 5.148.5	https://gretil.sub.uni-goettingen.de/gretil/1_sanskr/2_epic/mbh/mbh_05_u.htm	4	human	epithet	attested	epithet of Bhīṣma	GRETIL Mahabharata (BORI critical ed., Tokunaga/Smith e-text); Monier-Williams Sanskrit-English Dictionary (Cologne CDSL, CC BY-SA 4.0); Wikidata (CC0)	0.80
Prishnigarbha	Q42891	Krishna, Hindu deity	boy	पृश्निगर्भ	Pṛśnigarbha	Sanskrit	Hindu		Mahabharata	Shanti Parva	MBh 12.43.6	https://gretil.sub.uni-goettingen.de/gretil/1_sanskr/2_epic/mbh/mbh_12_u.htm	3	deity	epithet	attested	epithet of Krishna	GRETIL Mahabharata (BORI critical ed., Tokunaga/Smith e-text); Monier-Williams Sanskrit-English Dictionary (Cologne CDSL, CC BY-SA 4.0); Wikidata (CC0)	0.80
Bhargavi	Q3521317	Devayānī, Daughter of Shukra	girl	भार्गवी	Bhārgavī	Sanskrit	Hindu		Mahabharata	Adi Parva	MBh 1.77.23	https://gretil.sub.uni-goettingen.de/gretil/1_sanskr/2_epic/mbh/mbh_01_u.htm	2	human	epithet	attested	epithet of Devayānī	GRETIL Mahabharata (BORI critical ed., Tokunaga/Smith e-text); Monier-Williams Sanskrit-English Dictionary (Cologne CDSL, CC BY-SA 4.0); Wikidata (CC0)	0.80
Nagabala	Q3651886	Bhīma, Great Kshatriya(Rajput) warrior of Mahabharata	boy	नागबल	Nāgabala	Sanskrit	Hindu		Mahabharata	Adi Parva	MBh 1.1.138	https://gretil.sub.uni-goettingen.de/gretil/1_sanskr/2_epic/mbh/mbh_01_u.htm	2	human	epithet	attested	epithet of Bhīma	GRETIL Mahabharata (BORI critical ed., Tokunaga/Smith e-text); Monier-Williams Sanskrit-English Dictionary (Cologne CDSL, CC BY-SA 4.0); Wikidata (CC0)	0.80
Balabhadra	Q1061606	Balarama, elder brother of Krishna, a deity in Vaishnavism and Jainism	boy	बलभद्र	Balabhadra	Sanskrit	Hindu		Mahabharata	Shalya Parva	MBh 9.38.33	https://gretil.sub.uni-goettingen.de/gretil/1_sanskr/2_epic/mbh/mbh_09_u.htm	1	deity	epithet	attested	epithet of Balarama (Wikidata alias)	GRETIL Mahabharata (BORI critical ed., Tokunaga/Smith e-text); Monier-Williams Sanskrit-English Dictionary (Cologne CDSL, CC BY-SA 4.0); Wikidata (CC0)	0.80
Dharmanandana	Q983067	Yudhiṣṭhira, character from Indian epic Mahabharata	boy	धर्मनन्दन	Dharmanandana	Sanskrit	Hindu		Mahabharata	Karna Parva	MBh 8.50.23	https://gretil.sub.uni-goettingen.de/gretil/1_sanskr/2_epic/mbh/mbh_08_u.htm	1	human	epithet	attested	epithet of Yudhiṣṭhira	GRETIL Mahabharata (BORI critical ed., Tokunaga/Smith e-text); Monier-Williams Sanskrit-English Dictionary (Cologne CDSL, CC BY-SA 4.0); Wikidata (CC0)	0.80
Parshati	Q1057886	Draupadī, main female character in the Hindu epic Mahabharata	girl	पार्षती	Pārṣatī	Sanskrit	Hindu		Mahabharata	Vana Parva	MBh 3.4.7	https://gretil.sub.uni-goettingen.de/gretil/1_sanskr/2_epic/mbh/mbh_03_u.htm	1	human	epithet	attested	epithet of Draupadī; patronymic	GRETIL Mahabharata (BORI critical ed., Tokunaga/Smith e-text); Monier-Williams Sanskrit-English Dictionary (Cologne CDSL, CC BY-SA 4.0); Wikidata (CC0)	0.80
Pitambara	Q42891	Krishna, Hindu deity	boy	पीताम्बर	Pītāmbara	Sanskrit	Hindu		Mahabharata	Mausala Parva	MBh 16.5.20	https://gretil.sub.uni-goettingen.de/gretil/1_sanskr/2_epic/mbh/mbh_16_u.htm	1	deity	epithet	attested	epithet of Krishna	GRETIL Mahabharata (BORI critical ed., Tokunaga/Smith e-text); Monier-Williams Sanskrit-English Dictionary (Cologne CDSL, CC BY-SA 4.0); Wikidata (CC0)	0.80
Suri	Q42891	Krishna, Hindu deity	boy	सूरि	Sūri	Sanskrit	Hindu		Mahabharata	Shanti Parva	MBh 12.177.30	https://gretil.sub.uni-goettingen.de/gretil/1_sanskr/2_epic/mbh/mbh_12_u.htm	1	deity	epithet	attested	epithet of Krishna	GRETIL Mahabharata (BORI critical ed., Tokunaga/Smith e-text); Monier-Williams Sanskrit-English Dictionary (Cologne CDSL, CC BY-SA 4.0); Wikidata (CC0)	0.80
Partha	Q185790	Arjuna, central character of Indian epic Mahabharata	boy	पार्थ	Pārtha	Sanskrit	Hindu		Mahabharata	Adi Parva	MBh 1.1.68	https://gretil.sub.uni-goettingen.de/gretil/1_sanskr/2_epic/mbh/mbh_01_u.htm	1905	human	epithet	attested	epithet of Arjuna (also used of Yudhiṣṭhira, Bhīmasena); metronymic	GRETIL Mahabharata (BORI critical ed., Tokunaga/Smith e-text); Monier-Williams Sanskrit-English Dictionary (Cologne CDSL, CC BY-SA 4.0); Wikidata (CC0)	0.75
Kaunteya	Q983067	Yudhiṣṭhira, character from Indian epic Mahabharata	boy	कौन्तेय	Kaunteya	Sanskrit	Hindu		Mahabharata	Adi Parva	MBh 1.1.129	https://gretil.sub.uni-goettingen.de/gretil/1_sanskr/2_epic/mbh/mbh_01_u.htm	624	human	epithet	attested	epithet of Yudhiṣṭhira (also used of Bhīmasena, Arjuna); metronymic	GRETIL Mahabharata (BORI critical ed., Tokunaga/Smith e-text); Monier-Williams Sanskrit-English Dictionary (Cologne CDSL, CC BY-SA 4.0); Wikidata (CC0)	0.75
Keshava	Q42891	Krishna, Hindu deity	boy	केशव	Keśava	Sanskrit	Hindu		Mahabharata	Adi Parva	MBh 1.1.119	https://gretil.sub.uni-goettingen.de/gretil/1_sanskr/2_epic/mbh/mbh_01_u.htm	422	deity	epithet	attested	epithet of Krishna (also used of Viṣṇu)	GRETIL Mahabharata (BORI critical ed., Tokunaga/Smith e-text); Monier-Williams Sanskrit-English Dictionary (Cologne CDSL, CC BY-SA 4.0); Wikidata (CC0)	0.75
Janardana	Q42891	Krishna, Hindu deity	boy	जनार्दन	Janārdana	Sanskrit	Hindu		Mahabharata	Adi Parva	MBh 1.178.10	https://gretil.sub.uni-goettingen.de/gretil/1_sanskr/2_epic/mbh/mbh_01_u.htm	349	deity	epithet	attested	epithet of Krishna (also used of Viṣṇu)	GRETIL Mahabharata (BORI critical ed., Tokunaga/Smith e-text); Monier-Williams Sanskrit-English Dictionary (Cologne CDSL, CC BY-SA 4.0); Wikidata (CC0)	0.75
Shaineya	Q2381158	Sātyaki, character in Hindu epic Mahabharata	boy	शैनेय	Śaineya	Sanskrit	Hindu		Mahabharata	Udyoga Parva	MBh 5.47.7	https://gretil.sub.uni-goettingen.de/gretil/1_sanskr/2_epic/mbh/mbh_05_u.htm	133	human	epithet	attested	epithet of Sātyaki (also used of Satyaka); patronymic	GRETIL Mahabharata (BORI critical ed., Tokunaga/Smith e-text); Monier-Williams Sanskrit-English Dictionary (Cologne CDSL, CC BY-SA 4.0); Wikidata (CC0)	0.75
Devendra	Q128335	Indra	boy	देवेन्द्र	Devendra	Sanskrit	Hindu		Mahabharata	Adi Parva	MBh 1.26.35	https://gretil.sub.uni-goettingen.de/gretil/1_sanskr/2_epic/mbh/mbh_01_u.htm	80	deity	epithet	attested	epithet of Indra (also used of Śiva)	GRETIL Mahabharata (BORI critical ed., Tokunaga/Smith e-text); Monier-Williams Sanskrit-English Dictionary (Cologne CDSL, CC BY-SA 4.0); Wikidata (CC0)	0.75
Pundarikaksha	Q42891	Krishna, Hindu deity	boy	पुण्डरीकाक्ष	Puṇḍarīkākṣa	Sanskrit	Hindu		Mahabharata	Adi Parva	MBh 1.213.22	https://gretil.sub.uni-goettingen.de/gretil/1_sanskr/2_epic/mbh/mbh_01_u.htm	69	deity	epithet	attested	epithet of Krishna (also used of Viṣṇu)	GRETIL Mahabharata (BORI critical ed., Tokunaga/Smith e-text); Monier-Williams Sanskrit-English Dictionary (Cologne CDSL, CC BY-SA 4.0); Wikidata (CC0)	0.75
Ajatashatru	Q983067	Yudhiṣṭhira, character from Indian epic Mahabharata	boy	अजातशत्रु	Ajātaśatru	Sanskrit	Hindu		Mahabharata	Adi Parva	MBh 1.133.25	https://gretil.sub.uni-goettingen.de/gretil/1_sanskr/2_epic/mbh/mbh_01_u.htm	58	human	epithet	attested	epithet of Yudhiṣṭhira (also used of Śiva)	GRETIL Mahabharata (BORI critical ed., Tokunaga/Smith e-text); Monier-Williams Sanskrit-English Dictionary (Cologne CDSL, CC BY-SA 4.0); Wikidata (CC0)	0.75
Vaichitravirya	Q926150	Dhṛtarāṣṭra, character from Indian Epic Mahabharata	boy	वैचित्रवीर्य	Vaicitravīrya	Sanskrit	Hindu		Mahabharata	Adi Parva	MBh 1.192.18	https://gretil.sub.uni-goettingen.de/gretil/1_sanskr/2_epic/mbh/mbh_01_u.htm	31	human	epithet	attested	epithet of Dhṛtarāṣṭra (also used of Vidura, Pāṇḍu); patronymic	GRETIL Mahabharata (BORI critical ed., Tokunaga/Smith e-text); Monier-Williams Sanskrit-English Dictionary (Cologne CDSL, CC BY-SA 4.0); Wikidata (CC0)	0.75
Punyashloka	Q2588460	Nala, character in Hindu mythology	boy	पुण्यश्लोक	Puṇyaśloka	Sanskrit	Hindu		Mahabharata	Vana Parva	MBh 3.56.18	https://gretil.sub.uni-goettingen.de/gretil/1_sanskr/2_epic/mbh/mbh_03_u.htm	19	human	epithet	attested	epithet of Nala (also used of Yudhiṣṭhira, Kṛṣṇa)	GRETIL Mahabharata (BORI critical ed., Tokunaga/Smith e-text); Monier-Williams Sanskrit-English Dictionary (Cologne CDSL, CC BY-SA 4.0); Wikidata (CC0)	0.75
Dharmaraj	Q983067	Yudhiṣṭhira, character from Indian epic Mahabharata	boy	धर्मराज्	Dharmarāj	Sanskrit	Hindu		Mahabharata	Sabha Parva	MBh 2.47.5	https://gretil.sub.uni-goettingen.de/gretil/1_sanskr/2_epic/mbh/mbh_02_u.htm	16	human	epithet	attested	epithet of Yudhiṣṭhira	GRETIL Mahabharata (BORI critical ed., Tokunaga/Smith e-text); Monier-Williams Sanskrit-English Dictionary (Cologne CDSL, CC BY-SA 4.0); Wikidata (CC0)	0.75
Madravatisuta	Q2044641	Sahadeva, character of Indian epic Mahabharata	boy	माद्रवतीसुत	Mādravatīsuta	Sanskrit	Hindu		Mahabharata	Sabha Parva	MBh 2.28.50	https://gretil.sub.uni-goettingen.de/gretil/1_sanskr/2_epic/mbh/mbh_02_u.htm	16	human	epithet	attested	epithet of Sahadeva (also used of Nakula); metronymic	GRETIL Mahabharata (BORI critical ed., Tokunaga/Smith e-text); Monier-Williams Sanskrit-English Dictionary (Cologne CDSL, CC BY-SA 4.0); Wikidata (CC0)	0.75
Bhutesha	Q42891	Krishna, Hindu deity	boy	भूतेश	Bhūteśa	Sanskrit	Hindu		Mahabharata	Vana Parva	MBh 3.38.43	https://gretil.sub.uni-goettingen.de/gretil/1_sanskr/2_epic/mbh/mbh_03_u.htm	14	deity	epithet	attested	epithet of Krishna (also used of Brahmā)	GRETIL Mahabharata (BORI critical ed., Tokunaga/Smith e-text); Monier-Williams Sanskrit-English Dictionary (Cologne CDSL, CC BY-SA 4.0); Wikidata (CC0)	0.75
Madreya	Q2044641	Sahadeva, character of Indian epic Mahabharata	boy	माद्रेय	Mādreya	Sanskrit	Hindu		Mahabharata	Sabha Parva	MBh 2.28.30	https://gretil.sub.uni-goettingen.de/gretil/1_sanskr/2_epic/mbh/mbh_02_u.htm	14	human	epithet	attested	epithet of Sahadeva (also used of Nakula); metronymic	GRETIL Mahabharata (BORI critical ed., Tokunaga/Smith e-text); Monier-Williams Sanskrit-English Dictionary (Cologne CDSL, CC BY-SA 4.0); Wikidata (CC0)	0.75
Adhokshaja	Q42891	Krishna, Hindu deity	boy	अधोक्षज	Adhokṣaja	Sanskrit	Hindu		Mahabharata	Sabha Parva	MBh 2.21.1	https://gretil.sub.uni-goettingen.de/gretil/1_sanskr/2_epic/mbh/mbh_02_u.htm	12	deity	epithet	attested	epithet of Krishna (also used of Viṣṇu)	GRETIL Mahabharata (BORI critical ed., Tokunaga/Smith e-text); Monier-Williams Sanskrit-English Dictionary (Cologne CDSL, CC BY-SA 4.0); Wikidata (CC0)	0.75
Upendra	Q42891	Krishna, Hindu deity	boy	उपेन्द्र	Upendra	Sanskrit	Hindu		Mahabharata	Udyoga Parva	MBh 5.59.20	https://gretil.sub.uni-goettingen.de/gretil/1_sanskr/2_epic/mbh/mbh_05_u.htm	6	deity	epithet	attested	epithet of Krishna (also used of Viṣṇu)	GRETIL Mahabharata (BORI critical ed., Tokunaga/Smith e-text); Monier-Williams Sanskrit-English Dictionary (Cologne CDSL, CC BY-SA 4.0); Wikidata (CC0)	0.75
Punarvasu	Q42891	Krishna, Hindu deity	boy	पुनर्वसु	Punarvasu	Sanskrit	Hindu		Mahabharata	Karna Parva	MBh 8.33.16	https://gretil.sub.uni-goettingen.de/gretil/1_sanskr/2_epic/mbh/mbh_08_u.htm	5	deity	epithet	attested	epithet of Krishna (also used of Viṣṇu)	GRETIL Mahabharata (BORI critical ed., Tokunaga/Smith e-text); Monier-Williams Sanskrit-English Dictionary (Cologne CDSL, CC BY-SA 4.0); Wikidata (CC0)	0.75
Suraraj	Q128335	Indra	boy	सुरराज्	Surarāj	Sanskrit	Hindu		Mahabharata	Vana Parva	MBh 3.161.24	https://gretil.sub.uni-goettingen.de/gretil/1_sanskr/2_epic/mbh/mbh_03_u.htm	5	deity	epithet	attested	epithet of Indra	GRETIL Mahabharata (BORI critical ed., Tokunaga/Smith e-text); Monier-Williams Sanskrit-English Dictionary (Cologne CDSL, CC BY-SA 4.0); Wikidata (CC0)	0.75
Chakrayudha	Q42891	Krishna, Hindu deity	boy	चक्रायुध	Cakrāyudha	Sanskrit	Hindu		Mahabharata	Adi Parva	MBh 1.17.6	https://gretil.sub.uni-goettingen.de/gretil/1_sanskr/2_epic/mbh/mbh_01_u.htm	4	deity	epithet	attested	epithet of Krishna (also used of Viṣṇu)	GRETIL Mahabharata (BORI critical ed., Tokunaga/Smith e-text); Monier-Williams Sanskrit-English Dictionary (Cologne CDSL, CC BY-SA 4.0); Wikidata (CC0)	0.75
Gadabhrit	Q42891	Krishna, Hindu deity	boy	गदाभृत्	Gadābhṛt	Sanskrit	Hindu		Mahabharata	Sabha Parva	MBh 2.58.24	https://gretil.sub.uni-goettingen.de/gretil/1_sanskr/2_epic/mbh/mbh_02_u.htm	4	deity	epithet	attested	epithet of Krishna	GRETIL Mahabharata (BORI critical ed., Tokunaga/Smith e-text); Monier-Williams Sanskrit-English Dictionary (Cologne CDSL, CC BY-SA 4.0); Wikidata (CC0)	0.75
Indravaraja	Q42891	Krishna, Hindu deity	boy	इन्द्रावरज	Indrāvaraja	Sanskrit	Hindu		Mahabharata	Bhishma Parva	MBh 6.55.88	https://gretil.sub.uni-goettingen.de/gretil/1_sanskr/2_epic/mbh/mbh_06_u.htm	4	deity	epithet	attested	epithet of Krishna (also used of Viṣṇu)	GRETIL Mahabharata (BORI critical ed., Tokunaga/Smith e-text); Monier-Williams Sanskrit-English Dictionary (Cologne CDSL, CC BY-SA 4.0); Wikidata (CC0)	0.75
Jagannivasa	Q42891	Krishna, Hindu deity	boy	जगन्निवास	Jagannivāsa	Sanskrit	Hindu		Mahabharata	Bhishma Parva	MBh 6.33.25	https://gretil.sub.uni-goettingen.de/gretil/1_sanskr/2_epic/mbh/mbh_06_u.htm	4	deity	epithet	attested	epithet of Krishna (also used of Viṣṇu)	GRETIL Mahabharata (BORI critical ed., Tokunaga/Smith e-text); Monier-Williams Sanskrit-English Dictionary (Cologne CDSL, CC BY-SA 4.0); Wikidata (CC0)	0.75
Indranuja	Q42891	Krishna, Hindu deity	boy	इन्द्रानुज	Indrānuja	Sanskrit	Hindu		Mahabharata	Adi Parva	MBh 1.125.7	https://gretil.sub.uni-goettingen.de/gretil/1_sanskr/2_epic/mbh/mbh_01_u.htm	3	deity	epithet	attested	epithet of Krishna (also used of Viṣṇu)	GRETIL Mahabharata (BORI critical ed., Tokunaga/Smith e-text); Monier-Williams Sanskrit-English Dictionary (Cologne CDSL, CC BY-SA 4.0); Wikidata (CC0)	0.75
Indrasuta	Q185790	Arjuna, central character of Indian epic Mahabharata	boy	इन्द्रसुत	Indrasuta	Sanskrit	Hindu		Mahabharata	Adi Parva	MBh 1.76.10	https://gretil.sub.uni-goettingen.de/gretil/1_sanskr/2_epic/mbh/mbh_01_u.htm	3	human	epithet	attested	epithet of Arjuna	GRETIL Mahabharata (BORI critical ed., Tokunaga/Smith e-text); Monier-Williams Sanskrit-English Dictionary (Cologne CDSL, CC BY-SA 4.0); Wikidata (CC0)	0.75
Anili	Q3651886	Bhīma, Great Kshatriya(Rajput) warrior of Mahabharata	boy	आनिलि	Ānili	Sanskrit	Hindu		Mahabharata	Vana Parva	MBh 3.22.10	https://gretil.sub.uni-goettingen.de/gretil/1_sanskr/2_epic/mbh/mbh_03_u.htm	2	human	epithet	attested	epithet of Bhīma	GRETIL Mahabharata (BORI critical ed., Tokunaga/Smith e-text); Monier-Williams Sanskrit-English Dictionary (Cologne CDSL, CC BY-SA 4.0); Wikidata (CC0)	0.75
Kururaj	Q1405823	Duryodhana, Eldest son of Dhritarashtra & Gandhari in the Hindu epic the Mahābhārata	boy	कुरुराज्	Kururāj	Sanskrit	Hindu		Mahabharata	Adi Parva	MBh 1.95.12	https://gretil.sub.uni-goettingen.de/gretil/1_sanskr/2_epic/mbh/mbh_01_u.htm	2	human	epithet	attested	epithet of Duryodhana	GRETIL Mahabharata (BORI critical ed., Tokunaga/Smith e-text); Monier-Williams Sanskrit-English Dictionary (Cologne CDSL, CC BY-SA 4.0); Wikidata (CC0)	0.75
Madrinandana	Q1978476	Nakula, character of Indian epic Mahabharata	boy	माद्रिनन्दन	Mādrinandana	Sanskrit	Hindu		Mahabharata	Vana Parva	MBh 3.1.17	https://gretil.sub.uni-goettingen.de/gretil/1_sanskr/2_epic/mbh/mbh_03_u.htm	2	human	epithet	attested	epithet of Nakula (also used of Sahadeva); metronymic	GRETIL Mahabharata (BORI critical ed., Tokunaga/Smith e-text); Monier-Williams Sanskrit-English Dictionary (Cologne CDSL, CC BY-SA 4.0); Wikidata (CC0)	0.75
Pralambaha	Q1061606	Balarama, elder brother of Krishna, a deity in Vaishnavism and Jainism	boy	प्रलम्बहन्	Pralambahan	Sanskrit	Hindu		Mahabharata	Shalya Parva	MBh 9.46.12	https://gretil.sub.uni-goettingen.de/gretil/1_sanskr/2_epic/mbh/mbh_09_u.htm	2	deity	epithet	attested	epithet of Balarama (also used of Kṛṣṇa)	GRETIL Mahabharata (BORI critical ed., Tokunaga/Smith e-text); Monier-Williams Sanskrit-English Dictionary (Cologne CDSL, CC BY-SA 4.0); Wikidata (CC0)	0.75
Pundarikekshana	Q42891	Krishna, Hindu deity	boy	पुण्डरीकेक्षण	Puṇḍarīkekṣaṇa	Sanskrit	Hindu		Mahabharata	Sabha Parva	MBh 2.22.28	https://gretil.sub.uni-goettingen.de/gretil/1_sanskr/2_epic/mbh/mbh_02_u.htm	2	deity	epithet	attested	epithet of Krishna (also used of Viṣṇu)	GRETIL Mahabharata (BORI critical ed., Tokunaga/Smith e-text); Monier-Williams Sanskrit-English Dictionary (Cologne CDSL, CC BY-SA 4.0); Wikidata (CC0)	0.75
Dharanidhara	Q42891	Krishna, Hindu deity	boy	धरणिधर	Dharaṇidhara	Sanskrit	Hindu		Mahabharata	Shanti Parva	MBh 12.334.13	https://gretil.sub.uni-goettingen.de/gretil/1_sanskr/2_epic/mbh/mbh_12_u.htm	1	deity	epithet	attested	epithet of Krishna (also used of Viṣṇu)	GRETIL Mahabharata (BORI critical ed., Tokunaga/Smith e-text); Monier-Williams Sanskrit-English Dictionary (Cologne CDSL, CC BY-SA 4.0); Wikidata (CC0)	0.75
Harimedha	Q42891	Krishna, Hindu deity	boy	हरिमेध	Harimedha	Sanskrit	Hindu		Mahabharata	Shanti Parva	MBh 12.325.4	https://gretil.sub.uni-goettingen.de/gretil/1_sanskr/2_epic/mbh/mbh_12_u.htm	1	deity	epithet	attested	epithet of Krishna (also used of Narāyaṇa)	GRETIL Mahabharata (BORI critical ed., Tokunaga/Smith e-text); Monier-Williams Sanskrit-English Dictionary (Cologne CDSL, CC BY-SA 4.0); Wikidata (CC0)	0.75
Kansaha	Q42891	Krishna, Hindu deity	boy	कंसहन्	Kaṃsahan	Sanskrit	Hindu		Mahabharata	Shanti Parva	MBh 12.326.82	https://gretil.sub.uni-goettingen.de/gretil/1_sanskr/2_epic/mbh/mbh_12_u.htm	1	deity	epithet	attested	epithet of Krishna	GRETIL Mahabharata (BORI critical ed., Tokunaga/Smith e-text); Monier-Williams Sanskrit-English Dictionary (Cologne CDSL, CC BY-SA 4.0); Wikidata (CC0)	0.75
Muladeva	Q2092267	Kamsa, tyrant ruler of Mathura in Hindu mythology	boy	मूलदेव	Mūladeva	Sanskrit	Hindu		Mahabharata	Shanti Parva	MBh 12.185.3	https://gretil.sub.uni-goettingen.de/gretil/1_sanskr/2_epic/mbh/mbh_12_u.htm	1	royal	epithet	attested	epithet of Kamsa	GRETIL Mahabharata (BORI critical ed., Tokunaga/Smith e-text); Monier-Williams Sanskrit-English Dictionary (Cologne CDSL, CC BY-SA 4.0); Wikidata (CC0)	0.75
Patatrivara	Q188676	Garuda, eagle-like divine bird in Hinduism, Buddhism and Jainism	boy	पतत्रिवर	Patatrivara	Sanskrit	Hindu		Mahabharata	Drona Parva	MBh 7.15.14	https://gretil.sub.uni-goettingen.de/gretil/1_sanskr/2_epic/mbh/mbh_07_u.htm	1	deity	epithet	attested	epithet of Garuda	GRETIL Mahabharata (BORI critical ed., Tokunaga/Smith e-text); Monier-Williams Sanskrit-English Dictionary (Cologne CDSL, CC BY-SA 4.0); Wikidata (CC0)	0.75
Pritharani	Q844424	Kuntī, character from Indian epic Mahabharata	girl	पृथारणि	Pṛthāraṇi	Sanskrit	Hindu		Mahabharata	Adi Parva	MBh 1.125.17	https://gretil.sub.uni-goettingen.de/gretil/1_sanskr/2_epic/mbh/mbh_01_u.htm	1	human	epithet	attested	epithet of Kuntī	GRETIL Mahabharata (BORI critical ed., Tokunaga/Smith e-text); Monier-Williams Sanskrit-English Dictionary (Cologne CDSL, CC BY-SA 4.0); Wikidata (CC0)	0.75
Shvetavaji	Q185790	Arjuna, central character of Indian epic Mahabharata	boy	श्वेतवाजिन्	Śvetavājin	Sanskrit	Hindu		Mahabharata	Vana Parva	MBh 3.84.11	https://gretil.sub.uni-goettingen.de/gretil/1_sanskr/2_epic/mbh/mbh_03_u.htm	1	human	epithet	attested	epithet of Arjuna	GRETIL Mahabharata (BORI critical ed., Tokunaga/Smith e-text); Monier-Williams Sanskrit-English Dictionary (Cologne CDSL, CC BY-SA 4.0); Wikidata (CC0)	0.75
Vasubhadra	Q42891	Krishna, Hindu deity	boy	वासुभद्र	Vāsubhadra	Sanskrit	Hindu		Mahabharata	Drona Parva	MBh 7.47.39	https://gretil.sub.uni-goettingen.de/gretil/1_sanskr/2_epic/mbh/mbh_07_u.htm	1	deity	epithet	attested	epithet of Krishna	GRETIL Mahabharata (BORI critical ed., Tokunaga/Smith e-text); Monier-Williams Sanskrit-English Dictionary (Cologne CDSL, CC BY-SA 4.0); Wikidata (CC0)	0.75
Vedamatri	Q12456719	Savitri, wife of Satyavan	girl	वेदमातृ	Vedamātṛ	Sanskrit	Hindu		Mahabharata	Shanti Parva	MBh 12.192.8	https://gretil.sub.uni-goettingen.de/gretil/1_sanskr/2_epic/mbh/mbh_12_u.htm	1	human	epithet	attested	epithet of Savitri (also used of Sarasvatī, Gāyatrī)	GRETIL Mahabharata (BORI critical ed., Tokunaga/Smith e-text); Monier-Williams Sanskrit-English Dictionary (Cologne CDSL, CC BY-SA 4.0); Wikidata (CC0)	0.75
Vittagoptri	Q223617	Kubera	boy	वित्तगोप्तृ	Vittagoptṛ	Sanskrit	Hindu		Mahabharata	Karna Parva	MBh 8.66.15	https://gretil.sub.uni-goettingen.de/gretil/1_sanskr/2_epic/mbh/mbh_08_u.htm	1	deity	epithet	attested	epithet of Kubera	GRETIL Mahabharata (BORI critical ed., Tokunaga/Smith e-text); Monier-Williams Sanskrit-English Dictionary (Cologne CDSL, CC BY-SA 4.0); Wikidata (CC0)	0.75
Srinjaya	slug:hindu:srinjaya	Srinjaya, of various other men	boy	सृञ्जय	Sṛñjaya	Sanskrit	Hindu		Mahabharata	Adi Parva	MBh 1.1.166	https://gretil.sub.uni-goettingen.de/gretil/1_sanskr/2_epic/mbh/mbh_01_u.htm	237	human	personal	attested		GRETIL Mahabharata (BORI critical ed., Tokunaga/Smith e-text); Monier-Williams Sanskrit-English Dictionary (Cologne CDSL, CC BY-SA 4.0)	0.70
Sahaya	slug:hindu:shiva	Shiva, the disintegrating or destroying and reproducing deity	boy	सहाय	Sahāya	Sanskrit	Hindu		Mahabharata	Adi Parva	MBh 1.27.30	https://gretil.sub.uni-goettingen.de/gretil/1_sanskr/2_epic/mbh/mbh_01_u.htm	221	deity	epithet	attested	epithet of Shiva	GRETIL Mahabharata (BORI critical ed., Tokunaga/Smith e-text); Monier-Williams Sanskrit-English Dictionary (Cologne CDSL, CC BY-SA 4.0)	0.70
Suyodhana	slug:hindu:duryodhana-qv	Duryodhana (q.v.)	boy	सुयोधन	Suyodhana	Sanskrit	Hindu		Mahabharata	Adi Parva	MBh 1.124.30	https://gretil.sub.uni-goettingen.de/gretil/1_sanskr/2_epic/mbh/mbh_01_u.htm	207	human	epithet	attested	epithet of Duryodhana	GRETIL Mahabharata (BORI critical ed., Tokunaga/Smith e-text); Monier-Williams Sanskrit-English Dictionary (Cologne CDSL, CC BY-SA 4.0)	0.70
Draupadeya	slug:hindu:draupadeya	Draupadeya, the 5 sons of Draupadī		द्रौपदेय	Draupadeya	Sanskrit	Hindu		Mahabharata	Adi Parva	MBh 1.1.153	https://gretil.sub.uni-goettingen.de/gretil/1_sanskr/2_epic/mbh/mbh_01_u.htm	133	tribe	personal	attested		GRETIL Mahabharata (BORI critical ed., Tokunaga/Smith e-text); Monier-Williams Sanskrit-English Dictionary (Cologne CDSL, CC BY-SA 4.0)	0.70
Yashasvini	slug:hindu:yashasvini	Yashasvini, of one of the Mātṛs attending on Skanda	girl	यशस्विनी	Yaśasvinī	Sanskrit	Hindu		Mahabharata	Adi Parva	MBh 1.27.24	https://gretil.sub.uni-goettingen.de/gretil/1_sanskr/2_epic/mbh/mbh_01_u.htm	115	human	personal	attested		GRETIL Mahabharata (BORI critical ed., Tokunaga/Smith e-text); Monier-Williams Sanskrit-English Dictionary (Cologne CDSL, CC BY-SA 4.0)	0.70
Bhurishravas	slug:hindu:bhurishravas	Bhurishravas, a son of Soma-datta	boy	भूरिश्रवस्	Bhūriśravas	Sanskrit	Hindu		Mahabharata	Adi Parva	MBh 1.177.14	https://gretil.sub.uni-goettingen.de/gretil/1_sanskr/2_epic/mbh/mbh_01_u.htm	102	human	personal	attested		GRETIL Mahabharata (BORI critical ed., Tokunaga/Smith e-text); Monier-Williams Sanskrit-English Dictionary (Cologne CDSL, CC BY-SA 4.0)	0.70
Dhaumya	slug:hindu:dhaumya-devala	Dhaumya, of a younger brother of Devala and family priest of the Pāṇḍavas		धौम्य	Dhaumya	Sanskrit	Hindu		Mahabharata	Adi Parva	MBh 1.3.19	https://gretil.sub.uni-goettingen.de/gretil/1_sanskr/2_epic/mbh/mbh_01_u.htm	100	tribe	personal	attested		GRETIL Mahabharata (BORI critical ed., Tokunaga/Smith e-text); Monier-Williams Sanskrit-English Dictionary (Cologne CDSL, CC BY-SA 4.0)	0.70
Somadatta	slug:hindu:somadatta	Somadatta, various kings	boy	सोमदत्त	Somadatta	Sanskrit	Hindu		Mahabharata	Adi Parva	MBh 1.117.13	https://gretil.sub.uni-goettingen.de/gretil/1_sanskr/2_epic/mbh/mbh_01_u.htm	91	human	personal	attested		GRETIL Mahabharata (BORI critical ed., Tokunaga/Smith e-text); Monier-Williams Sanskrit-English Dictionary (Cologne CDSL, CC BY-SA 4.0)	0.70
Bahlika	slug:hindu:bahlika	Bahlika, a people		बाह्लीक	Bāhlīka	Sanskrit	Hindu		Mahabharata	Adi Parva	MBh 1.1.167	https://gretil.sub.uni-goettingen.de/gretil/1_sanskr/2_epic/mbh/mbh_01_u.htm	79	tribe	personal	attested		GRETIL Mahabharata (BORI critical ed., Tokunaga/Smith e-text); Monier-Williams Sanskrit-English Dictionary (Cologne CDSL, CC BY-SA 4.0)	0.70
Shantanava	slug:hindu:bhishma-assonofkingsamtanutherep	Bhishma (as son of king Śaṃtanu, the reputed great uncle of the Pāṇḍavas)	boy	शान्तनव	Śāntanava	Sanskrit	Hindu		Mahabharata	Adi Parva	MBh 1.1.121	https://gretil.sub.uni-goettingen.de/gretil/1_sanskr/2_epic/mbh/mbh_01_u.htm	69	human	epithet	attested	epithet of Bhishma; patronymic	GRETIL Mahabharata (BORI critical ed., Tokunaga/Smith e-text); Monier-Williams Sanskrit-English Dictionary (Cologne CDSL, CC BY-SA 4.0)	0.70
Krishnadvaipayana	slug:hindu:vyasa-compileroftheandofthepur	Vyasa (compiler of the and of the Purāṇas; so named because of his dark complexion and because he was brought forth by Satyavatī on a dvīpa or island in the Ganges)	boy	कृष्णद्वैपायन	Kṛṣṇadvaipāyana	Sanskrit	Hindu		Mahabharata	Adi Parva	MBh 1.1.9	https://gretil.sub.uni-goettingen.de/gretil/1_sanskr/2_epic/mbh/mbh_01_u.htm	62	sage	epithet	attested	epithet of Vyasa	GRETIL Mahabharata (BORI critical ed., Tokunaga/Smith e-text); Monier-Williams Sanskrit-English Dictionary (Cologne CDSL, CC BY-SA 4.0)	0.70
Saumadatti	slug:hindu:saumadatti	Saumadatti, m. patr. fr	boy	सौमदत्ति	Saumadatti	Sanskrit	Hindu		Mahabharata	Adi Parva	MBh 1.2.164	https://gretil.sub.uni-goettingen.de/gretil/1_sanskr/2_epic/mbh/mbh_01_u.htm	61	human	personal	attested		GRETIL Mahabharata (BORI critical ed., Tokunaga/Smith e-text); Monier-Williams Sanskrit-English Dictionary (Cologne CDSL, CC BY-SA 4.0)	0.70
Shauri	slug:hindu:krishna-alsoamongthenamesofthesu	Krishna (also among the names of the sun)	boy	शौरि	Śauri	Sanskrit	Hindu		Mahabharata	Adi Parva	MBh 1.2.224	https://gretil.sub.uni-goettingen.de/gretil/1_sanskr/2_epic/mbh/mbh_01_u.htm	53	deity	epithet	attested	epithet of Krishna	GRETIL Mahabharata (BORI critical ed., Tokunaga/Smith e-text); Monier-Williams Sanskrit-English Dictionary (Cologne CDSL, CC BY-SA 4.0)	0.70
Vasuki	slug:hindu:vasuki	Vasuki, of a serpent-king	boy	वासुकि	Vāsuki	Sanskrit	Hindu		Mahabharata	Adi Parva	MBh 1.13.31	https://gretil.sub.uni-goettingen.de/gretil/1_sanskr/2_epic/mbh/mbh_01_u.htm	53	mythological_being	personal	attested		GRETIL Mahabharata (BORI critical ed., Tokunaga/Smith e-text); Monier-Williams Sanskrit-English Dictionary (Cologne CDSL, CC BY-SA 4.0)	0.70
Brihadashva	slug:hindu:brihadashva	Brihadashva, of various men	boy	बृहदश्व	Bṛhadaśva	Sanskrit	Hindu		Mahabharata	Adi Parva	MBh 1.2.108	https://gretil.sub.uni-goettingen.de/gretil/1_sanskr/2_epic/mbh/mbh_01_u.htm	50	human	personal	attested		GRETIL Mahabharata (BORI critical ed., Tokunaga/Smith e-text); Monier-Williams Sanskrit-English Dictionary (Cologne CDSL, CC BY-SA 4.0)	0.70
Kamyaka	slug:hindu:kamyaka	Kamyaka, a forest		काम्यक	Kāmyaka	Sanskrit	Hindu		Mahabharata	Sabha Parva	MBh 2.48.19	https://gretil.sub.uni-goettingen.de/gretil/1_sanskr/2_epic/mbh/mbh_02_u.htm	44	place	personal	attested		GRETIL Mahabharata (BORI critical ed., Tokunaga/Smith e-text); Monier-Williams Sanskrit-English Dictionary (Cologne CDSL, CC BY-SA 4.0)	0.70
Mandhatri	slug:hindu:mandhatri	Mandhatri, a king	boy	मान्धातृ	Māndhātṛ	Sanskrit	Hindu		Mahabharata	Adi Parva	MBh 1.50.13	https://gretil.sub.uni-goettingen.de/gretil/1_sanskr/2_epic/mbh/mbh_01_u.htm	44	royal	personal	attested		GRETIL Mahabharata (BORI critical ed., Tokunaga/Smith e-text); Monier-Williams Sanskrit-English Dictionary (Cologne CDSL, CC BY-SA 4.0)	0.70
Chedi	slug:hindu:chedi	Chedi, a people		चेदि	Cedi	Sanskrit	Hindu		Mahabharata	Adi Parva	MBh 1.57.9	https://gretil.sub.uni-goettingen.de/gretil/1_sanskr/2_epic/mbh/mbh_01_u.htm	42	tribe	personal	attested		GRETIL Mahabharata (BORI critical ed., Tokunaga/Smith e-text); Monier-Williams Sanskrit-English Dictionary (Cologne CDSL, CC BY-SA 4.0)	0.70
Bhagirathi	slug:hindu:bhagirathi	Bhagirathi, the Ganges	girl	भागीरथी	Bhāgīrathī	Sanskrit	Hindu		Mahabharata	Adi Parva	MBh 1.2.78	https://gretil.sub.uni-goettingen.de/gretil/1_sanskr/2_epic/mbh/mbh_01_u.htm	41	human	personal	attested		GRETIL Mahabharata (BORI critical ed., Tokunaga/Smith e-text); Monier-Williams Sanskrit-English Dictionary (Cologne CDSL, CC BY-SA 4.0)	0.70
Jalasandha	slug:hindu:jalasandha	Jalasandha, a son of Dhṛtarāṣṭra	boy	जलसन्ध	Jalasandha	Sanskrit	Hindu		Mahabharata	Adi Parva	MBh 1.2.164	https://gretil.sub.uni-goettingen.de/gretil/1_sanskr/2_epic/mbh/mbh_01_u.htm	41	human	personal	attested		GRETIL Mahabharata (BORI critical ed., Tokunaga/Smith e-text); Monier-Williams Sanskrit-English Dictionary (Cologne CDSL, CC BY-SA 4.0)	0.70
Shrutayu	slug:hindu:shrutayu	Shrutayu, a king of the solar race		श्रुतायु	Śrutāyu	Sanskrit	Hindu		Mahabharata	Adi Parva	MBh 1.2.164	https://gretil.sub.uni-goettingen.de/gretil/1_sanskr/2_epic/mbh/mbh_01_u.htm	41	tribe	personal	attested		GRETIL Mahabharata (BORI critical ed., Tokunaga/Smith e-text); Monier-Williams Sanskrit-English Dictionary (Cologne CDSL, CC BY-SA 4.0)	0.70
Yadu	slug:hindu:yadu	Yadu, an ancient hero	boy	यदु	Yadu	Sanskrit	Hindu		Mahabharata	Adi Parva	MBh 1.1.44	https://gretil.sub.uni-goettingen.de/gretil/1_sanskr/2_epic/mbh/mbh_01_u.htm	39	human	personal	attested		GRETIL Mahabharata (BORI critical ed., Tokunaga/Smith e-text); Monier-Williams Sanskrit-English Dictionary (Cologne CDSL, CC BY-SA 4.0)	0.70
Prativindhya	slug:hindu:prativindhya-vindhya	Prativindhya, a king who ruled over a particular part of the Vindhya mountains	boy	प्रतिविन्ध्य	Prativindhya	Sanskrit	Hindu		Mahabharata	Adi Parva	MBh 1.57.102	https://gretil.sub.uni-goettingen.de/gretil/1_sanskr/2_epic/mbh/mbh_01_u.htm	36	royal	personal	attested		GRETIL Mahabharata (BORI critical ed., Tokunaga/Smith e-text); Monier-Williams Sanskrit-English Dictionary (Cologne CDSL, CC BY-SA 4.0)	0.70
Kartavirya	slug:hindu:arjuna-aprinceofthehaihayaskill	Arjuna (a prince of the Haihayas, killed by Paraśurāma)	boy	कार्तवीर्य	Kārtavīrya	Sanskrit	Hindu		Mahabharata	Adi Parva	MBh 1.2.117	https://gretil.sub.uni-goettingen.de/gretil/1_sanskr/2_epic/mbh/mbh_01_u.htm	35	human	epithet	attested	epithet of Arjuna	GRETIL Mahabharata (BORI critical ed., Tokunaga/Smith e-text); Monier-Williams Sanskrit-English Dictionary (Cologne CDSL, CC BY-SA 4.0)	0.70
Gajanika	slug:hindu:gajanika	Gajanika, a man	boy	गजानीक	Gajānīka	Sanskrit	Hindu		Mahabharata	Bhishma Parva	MBh 6.20.12	https://gretil.sub.uni-goettingen.de/gretil/1_sanskr/2_epic/mbh/mbh_06_u.htm	34	human	personal	attested		GRETIL Mahabharata (BORI critical ed., Tokunaga/Smith e-text); Monier-Williams Sanskrit-English Dictionary (Cologne CDSL, CC BY-SA 4.0)	0.70
Manasvini	slug:hindu:manasvini	Manasvini, the mother of the moon	girl	मनस्विनी	Manasvinī	Sanskrit	Hindu		Mahabharata	Adi Parva	MBh 1.43.14	https://gretil.sub.uni-goettingen.de/gretil/1_sanskr/2_epic/mbh/mbh_01_u.htm	34	human	personal	attested		GRETIL Mahabharata (BORI critical ed., Tokunaga/Smith e-text); Monier-Williams Sanskrit-English Dictionary (Cologne CDSL, CC BY-SA 4.0)	0.70
Varanavata	slug:hindu:varanavata	Varanavata, a town		वारणावत	Vāraṇāvata	Sanskrit	Hindu		Mahabharata	Adi Parva	MBh 1.2.83	https://gretil.sub.uni-goettingen.de/gretil/1_sanskr/2_epic/mbh/mbh_01_u.htm	34	place	personal	attested		GRETIL Mahabharata (BORI critical ed., Tokunaga/Smith e-text); Monier-Williams Sanskrit-English Dictionary (Cologne CDSL, CC BY-SA 4.0)	0.70
Saumitri	slug:hindu:lakshmana-dulandsatrughna	Lakshmana (du. = ‘L˚ and Śatru-ghna’)	boy	सौमित्रि	Saumitri	Sanskrit	Hindu		Mahabharata	Vana Parva	MBh 3.263.24	https://gretil.sub.uni-goettingen.de/gretil/1_sanskr/2_epic/mbh/mbh_03_u.htm	32	human	epithet	attested	epithet of Lakshmana; metronymic	GRETIL Mahabharata (BORI critical ed., Tokunaga/Smith e-text); Monier-Williams Sanskrit-English Dictionary (Cologne CDSL, CC BY-SA 4.0)	0.70
Ajamidha	slug:hindu:ajamidha	Ajamidha, a famous king	boy	आजमीढ	Ājamīḍha	Sanskrit	Hindu		Mahabharata	Adi Parva	MBh 1.50.6	https://gretil.sub.uni-goettingen.de/gretil/1_sanskr/2_epic/mbh/mbh_01_u.htm	31	royal	personal	attested		GRETIL Mahabharata (BORI critical ed., Tokunaga/Smith e-text); Monier-Williams Sanskrit-English Dictionary (Cologne CDSL, CC BY-SA 4.0)	0.70
Pavaki	slug:hindu:skanda	Skanda	boy	पावकि	Pāvaki	Sanskrit	Hindu		Mahabharata	Adi Parva	MBh 1.53.3	https://gretil.sub.uni-goettingen.de/gretil/1_sanskr/2_epic/mbh/mbh_01_u.htm	31	human	epithet	attested	epithet of Skanda	GRETIL Mahabharata (BORI critical ed., Tokunaga/Smith e-text); Monier-Williams Sanskrit-English Dictionary (Cologne CDSL, CC BY-SA 4.0)	0.70
Subala	slug:hindu:subala-gandhara	Subala, of a king of the Gāndhāras	boy	सुबल	Subala	Sanskrit	Hindu		Mahabharata	Adi Parva	MBh 1.1.176	https://gretil.sub.uni-goettingen.de/gretil/1_sanskr/2_epic/mbh/mbh_01_u.htm	31	royal	personal	attested		GRETIL Mahabharata (BORI critical ed., Tokunaga/Smith e-text); Monier-Williams Sanskrit-English Dictionary (Cologne CDSL, CC BY-SA 4.0)	0.70
Yudhamanyu	slug:hindu:yudhamanyu	Yudhamanyu, a warrior on the side of the Pāṇḍavas	boy	युधामन्यु	Yudhāmanyu	Sanskrit	Hindu		Mahabharata	Udyoga Parva	MBh 5.56.32	https://gretil.sub.uni-goettingen.de/gretil/1_sanskr/2_epic/mbh/mbh_05_u.htm	31	human	personal	attested		GRETIL Mahabharata (BORI critical ed., Tokunaga/Smith e-text); Monier-Williams Sanskrit-English Dictionary (Cologne CDSL, CC BY-SA 4.0)	0.70
Apava	slug:hindu:vasishtha	Vasishtha, a celebrated Vedic Ṛṣi or sage	boy	आपव	Āpava	Sanskrit	Hindu		Mahabharata	Adi Parva	MBh 1.92.54	https://gretil.sub.uni-goettingen.de/gretil/1_sanskr/2_epic/mbh/mbh_01_u.htm	30	sage	epithet	attested	epithet of Vasishtha	GRETIL Mahabharata (BORI critical ed., Tokunaga/Smith e-text); Monier-Williams Sanskrit-English Dictionary (Cologne CDSL, CC BY-SA 4.0)	0.70
Jayatsena	slug:hindu:jayatsena-pandu	Jayatsena, a N. assumed by a Pāṇḍu prince at Virāṭa's court	boy	जयत्सेन	Jayatsena	Sanskrit	Hindu		Mahabharata	Adi Parva	MBh 1.61.46	https://gretil.sub.uni-goettingen.de/gretil/1_sanskr/2_epic/mbh/mbh_01_u.htm	30	royal	personal	attested		GRETIL Mahabharata (BORI critical ed., Tokunaga/Smith e-text); Monier-Williams Sanskrit-English Dictionary (Cologne CDSL, CC BY-SA 4.0)	0.70
Vairati	slug:hindu:vairati	Vairati, m. patr. fr	boy	वैराटि	Vairāṭi	Sanskrit	Hindu		Mahabharata	Virata Parva	MBh 4.32.23	https://gretil.sub.uni-goettingen.de/gretil/1_sanskr/2_epic/mbh/mbh_04_u.htm	30	human	personal	attested		GRETIL Mahabharata (BORI critical ed., Tokunaga/Smith e-text); Monier-Williams Sanskrit-English Dictionary (Cologne CDSL, CC BY-SA 4.0)	0.70
Indraprastha	slug:hindu:indraprastha	Indraprastha, a city		इन्द्रप्रस्थ	Indraprastha	Sanskrit	Hindu		Mahabharata	Adi Parva	MBh 1.1.103	https://gretil.sub.uni-goettingen.de/gretil/1_sanskr/2_epic/mbh/mbh_01_u.htm	27	place	personal	attested		GRETIL Mahabharata (BORI critical ed., Tokunaga/Smith e-text); Monier-Williams Sanskrit-English Dictionary (Cologne CDSL, CC BY-SA 4.0)	0.70
Alayudha	slug:hindu:alayudha	Alayudha, a Rākṣasa	boy	अलायुध	Alāyudha	Sanskrit	Hindu		Mahabharata	Udyoga Parva	MBh 5.164.33	https://gretil.sub.uni-goettingen.de/gretil/1_sanskr/2_epic/mbh/mbh_05_u.htm	25	demon	personal	attested		GRETIL Mahabharata (BORI critical ed., Tokunaga/Smith e-text); Monier-Williams Sanskrit-English Dictionary (Cologne CDSL, CC BY-SA 4.0)	0.70
Mainaka	slug:hindu:mainaka	Mainaka, a mountain		मैनाक	Maināka	Sanskrit	Hindu		Mahabharata	Sabha Parva	MBh 2.3.2	https://gretil.sub.uni-goettingen.de/gretil/1_sanskr/2_epic/mbh/mbh_02_u.htm	25	place	personal	attested		GRETIL Mahabharata (BORI critical ed., Tokunaga/Smith e-text); Monier-Williams Sanskrit-English Dictionary (Cologne CDSL, CC BY-SA 4.0)	0.70
Nriga	slug:hindu:nriga	Nriga, an ancient king	boy	नृग	Nṛga	Sanskrit	Hindu		Mahabharata	Adi Parva	MBh 1.50.5	https://gretil.sub.uni-goettingen.de/gretil/1_sanskr/2_epic/mbh/mbh_01_u.htm	24	royal	personal	attested		GRETIL Mahabharata (BORI critical ed., Tokunaga/Smith e-text); Monier-Williams Sanskrit-English Dictionary (Cologne CDSL, CC BY-SA 4.0)	0.70
Sanatkumara	slug:hindu:sanatkumara	Sanatkumara, one of the four or seven sons of Brahmā	boy	सनत्कुमार	Sanatkumāra	Sanskrit	Hindu		Mahabharata	Adi Parva	MBh 1.61.91	https://gretil.sub.uni-goettingen.de/gretil/1_sanskr/2_epic/mbh/mbh_01_u.htm	24	human	personal	attested		GRETIL Mahabharata (BORI critical ed., Tokunaga/Smith e-text); Monier-Williams Sanskrit-English Dictionary (Cologne CDSL, CC BY-SA 4.0)	0.70
Bhimabala	slug:hindu:bhimabala-deva	Bhimabala, one of the Devas called Yajña-muṣ	boy	भीमबल	Bhīmabala	Sanskrit	Hindu		Mahabharata	Adi Parva	MBh 1.108.7	https://gretil.sub.uni-goettingen.de/gretil/1_sanskr/2_epic/mbh/mbh_01_u.htm	23	human	personal	attested		GRETIL Mahabharata (BORI critical ed., Tokunaga/Smith e-text); Monier-Williams Sanskrit-English Dictionary (Cologne CDSL, CC BY-SA 4.0)	0.70
Karusha	slug:hindu:karusha	Karusha, a people		करूष	Karūṣa	Sanskrit	Hindu		Mahabharata	Adi Parva	MBh 1.70.13	https://gretil.sub.uni-goettingen.de/gretil/1_sanskr/2_epic/mbh/mbh_01_u.htm	23	tribe	personal	attested		GRETIL Mahabharata (BORI critical ed., Tokunaga/Smith e-text); Monier-Williams Sanskrit-English Dictionary (Cologne CDSL, CC BY-SA 4.0)	0.70
Nakuli	slug:hindu:shatanika	Shatanika	boy	नाकुलि	Nākuli	Sanskrit	Hindu		Mahabharata	Adi Parva	MBh 1.57.102	https://gretil.sub.uni-goettingen.de/gretil/1_sanskr/2_epic/mbh/mbh_01_u.htm	22	human	epithet	attested	epithet of Shatanika; patronymic	GRETIL Mahabharata (BORI critical ed., Tokunaga/Smith e-text); Monier-Williams Sanskrit-English Dictionary (Cologne CDSL, CC BY-SA 4.0)	0.70
Sarvayudha	slug:hindu:shiva	Shiva, the disintegrating or destroying and reproducing deity	boy	सर्वायुध	Sarvāyudha	Sanskrit	Hindu		Mahabharata	Adi Parva	MBh 1.124.10	https://gretil.sub.uni-goettingen.de/gretil/1_sanskr/2_epic/mbh/mbh_01_u.htm	22	deity	epithet	attested	epithet of Shiva	GRETIL Mahabharata (BORI critical ed., Tokunaga/Smith e-text); Monier-Williams Sanskrit-English Dictionary (Cologne CDSL, CC BY-SA 4.0)	0.70
Sauti	slug:hindu:karna-socalledfromhavingbeenbr	Karna (so called from having been brought up by the Sūta Adhi-ratha; see)	boy	सौति	Sauti	Sanskrit	Hindu		Mahabharata	Adi Parva	MBh 1.1.7	https://gretil.sub.uni-goettingen.de/gretil/1_sanskr/2_epic/mbh/mbh_01_u.htm	22	royal	epithet	attested	epithet of Karna; patronymic	GRETIL Mahabharata (BORI critical ed., Tokunaga/Smith e-text); Monier-Williams Sanskrit-English Dictionary (Cologne CDSL, CC BY-SA 4.0)	0.70
Sutanandana	slug:hindu:ugrashravas	Ugrashravas, a man	boy	सूतनन्दन	Sūtanandana	Sanskrit	Hindu		Mahabharata	Adi Parva	MBh 1.1.2	https://gretil.sub.uni-goettingen.de/gretil/1_sanskr/2_epic/mbh/mbh_01_u.htm	22	human	epithet	attested	epithet of Ugrashravas	GRETIL Mahabharata (BORI critical ed., Tokunaga/Smith e-text); Monier-Williams Sanskrit-English Dictionary (Cologne CDSL, CC BY-SA 4.0)	0.70
Khandavaprastha	slug:hindu:khandavaprastha	Khandavaprastha, a town situated in the Khāṇḍava forest		खाण्डवप्रस्थ	Khāṇḍavaprastha	Sanskrit	Hindu		Mahabharata	Adi Parva	MBh 1.2.89	https://gretil.sub.uni-goettingen.de/gretil/1_sanskr/2_epic/mbh/mbh_01_u.htm	20	place	personal	attested		GRETIL Mahabharata (BORI critical ed., Tokunaga/Smith e-text); Monier-Williams Sanskrit-English Dictionary (Cologne CDSL, CC BY-SA 4.0)	0.70
Dilipa	slug:hindu:dilipa	Dilipa, certain kings	boy	दिलीप	Dilīpa	Sanskrit	Hindu		Mahabharata	Adi Parva	MBh 1.50.13	https://gretil.sub.uni-goettingen.de/gretil/1_sanskr/2_epic/mbh/mbh_01_u.htm	19	human	personal	attested		GRETIL Mahabharata (BORI critical ed., Tokunaga/Smith e-text); Monier-Williams Sanskrit-English Dictionary (Cologne CDSL, CC BY-SA 4.0)	0.70
Sanatsujata	slug:hindu:sanatsujata	Sanatsujata, one of the seven mind-born sons of Brahmā	boy	सनत्सुजात	Sanatsujāta	Sanskrit	Hindu		Mahabharata	Adi Parva	MBh 1.2.143	https://gretil.sub.uni-goettingen.de/gretil/1_sanskr/2_epic/mbh/mbh_01_u.htm	19	human	personal	attested		GRETIL Mahabharata (BORI critical ed., Tokunaga/Smith e-text); Monier-Williams Sanskrit-English Dictionary (Cologne CDSL, CC BY-SA 4.0)	0.70
Vishvaksena	slug:hindu:krishna-orofaparticformofthatdei	Krishna (or of a partic. form of that deity to whom the fragments of a sacrifice are offered)	boy	विष्वक्सेन	Viṣvaksena	Sanskrit	Hindu		Mahabharata	Sabha Parva	MBh 2.7.16	https://gretil.sub.uni-goettingen.de/gretil/1_sanskr/2_epic/mbh/mbh_02_u.htm	19	deity	epithet	attested	epithet of Krishna	GRETIL Mahabharata (BORI critical ed., Tokunaga/Smith e-text); Monier-Williams Sanskrit-English Dictionary (Cologne CDSL, CC BY-SA 4.0)	0.70
Dyumatsena	slug:hindu:dyumatsena	Dyumatsena, a prince of Śālva, father of Satyavat	boy	द्युमत्सेन	Dyumatsena	Sanskrit	Hindu		Mahabharata	Sabha Parva	MBh 2.4.27	https://gretil.sub.uni-goettingen.de/gretil/1_sanskr/2_epic/mbh/mbh_02_u.htm	18	royal	personal	attested		GRETIL Mahabharata (BORI critical ed., Tokunaga/Smith e-text); Monier-Williams Sanskrit-English Dictionary (Cologne CDSL, CC BY-SA 4.0)	0.70
Purumitra	slug:hindu:purumitra	Purumitra, of a warrior on the side of the Kurus	boy	पुरुमित्र	Purumitra	Sanskrit	Hindu		Mahabharata	Sabha Parva	MBh 2.52.13	https://gretil.sub.uni-goettingen.de/gretil/1_sanskr/2_epic/mbh/mbh_02_u.htm	18	human	personal	attested		GRETIL Mahabharata (BORI critical ed., Tokunaga/Smith e-text); Monier-Williams Sanskrit-English Dictionary (Cologne CDSL, CC BY-SA 4.0)	0.70
Satyasena	slug:hindu:satyasena	Satyasena, various men	boy	सत्यसेन	Satyasena	Sanskrit	Hindu		Mahabharata	Karna Parva	MBh 8.4.100	https://gretil.sub.uni-goettingen.de/gretil/1_sanskr/2_epic/mbh/mbh_08_u.htm	18	human	personal	attested		GRETIL Mahabharata (BORI critical ed., Tokunaga/Smith e-text); Monier-Williams Sanskrit-English Dictionary (Cologne CDSL, CC BY-SA 4.0)	0.70
Charudeshna	slug:hindu:charudeshna	Charudeshna, of a son of Kṛṣṇa	boy	चारुदेष्ण	Cārudeṣṇa	Sanskrit	Hindu		Mahabharata	Adi Parva	MBh 1.177.16	https://gretil.sub.uni-goettingen.de/gretil/1_sanskr/2_epic/mbh/mbh_01_u.htm	17	human	personal	attested		GRETIL Mahabharata (BORI critical ed., Tokunaga/Smith e-text); Monier-Williams Sanskrit-English Dictionary (Cologne CDSL, CC BY-SA 4.0)	0.70
Rajapura	slug:hindu:rajapura	Rajapura, a city		राजपुर	Rājapura	Sanskrit	Hindu		Mahabharata	Adi Parva	MBh 1.40.5	https://gretil.sub.uni-goettingen.de/gretil/1_sanskr/2_epic/mbh/mbh_01_u.htm	17	place	personal	attested		GRETIL Mahabharata (BORI critical ed., Tokunaga/Smith e-text); Monier-Williams Sanskrit-English Dictionary (Cologne CDSL, CC BY-SA 4.0)	0.70
Chitrayudha	slug:hindu:chitrayudha	Chitrayudha, a son of Dhṛtarāṣṭra	boy	चित्रायुध	Citrāyudha	Sanskrit	Hindu		Mahabharata	Adi Parva	MBh 1.177.10	https://gretil.sub.uni-goettingen.de/gretil/1_sanskr/2_epic/mbh/mbh_01_u.htm	16	human	personal	attested		GRETIL Mahabharata (BORI critical ed., Tokunaga/Smith e-text); Monier-Williams Sanskrit-English Dictionary (Cologne CDSL, CC BY-SA 4.0)	0.70
Satyavatisuta	slug:hindu:satyavatisuta	Satyavatisuta, the poet, Vyāsa	boy	सत्यवतीसुत	Satyavatīsuta	Sanskrit	Hindu		Mahabharata	Adi Parva	MBh 1.1.52	https://gretil.sub.uni-goettingen.de/gretil/1_sanskr/2_epic/mbh/mbh_01_u.htm	16	human	personal	attested		GRETIL Mahabharata (BORI critical ed., Tokunaga/Smith e-text); Monier-Williams Sanskrit-English Dictionary (Cologne CDSL, CC BY-SA 4.0)	0.70
Dasharna	slug:hindu:dasharna	Dasharna, a people		दाशार्ण	Dāśārṇa	Sanskrit	Hindu		Mahabharata	Sabha Parva	MBh 2.26.5	https://gretil.sub.uni-goettingen.de/gretil/1_sanskr/2_epic/mbh/mbh_02_u.htm	15	tribe	personal	attested		GRETIL Mahabharata (BORI critical ed., Tokunaga/Smith e-text); Monier-Williams Sanskrit-English Dictionary (Cologne CDSL, CC BY-SA 4.0)	0.70
Kapidhvaja	slug:hindu:arjuna-cfabove	Arjuna (cf. above)	boy	कपिध्वज	Kapidhvaja	Sanskrit	Hindu		Mahabharata	Udyoga Parva	MBh 5.137.4	https://gretil.sub.uni-goettingen.de/gretil/1_sanskr/2_epic/mbh/mbh_05_u.htm	15	human	epithet	attested	epithet of Arjuna	GRETIL Mahabharata (BORI critical ed., Tokunaga/Smith e-text); Monier-Williams Sanskrit-English Dictionary (Cologne CDSL, CC BY-SA 4.0)	0.70
Nagapura	slug:hindu:nagapura	Nagapura, a town		नागपुर	Nāgapura	Sanskrit	Hindu		Mahabharata	Adi Parva	MBh 1.105.18	https://gretil.sub.uni-goettingen.de/gretil/1_sanskr/2_epic/mbh/mbh_01_u.htm	15	place	personal	attested		GRETIL Mahabharata (BORI critical ed., Tokunaga/Smith e-text); Monier-Williams Sanskrit-English Dictionary (Cologne CDSL, CC BY-SA 4.0)	0.70
Rukmini	slug:hindu:rukmini	Rukmini, a daughter of Bhīṣmaka and sister of Rukmin	girl	रुक्मिणी	Rukmiṇī	Sanskrit	Hindu		Mahabharata	Sabha Parva	MBh 2.42.15	https://gretil.sub.uni-goettingen.de/gretil/1_sanskr/2_epic/mbh/mbh_02_u.htm	15	human	personal	attested		GRETIL Mahabharata (BORI critical ed., Tokunaga/Smith e-text); Monier-Williams Sanskrit-English Dictionary (Cologne CDSL, CC BY-SA 4.0)	0.70
Vijetri	slug:hindu:shiva	Shiva, the disintegrating or destroying and reproducing deity	boy	विजेतृ	Vijetṛ	Sanskrit	Hindu		Mahabharata	Adi Parva	MBh 1.65.39	https://gretil.sub.uni-goettingen.de/gretil/1_sanskr/2_epic/mbh/mbh_01_u.htm	15	deity	epithet	attested	epithet of Shiva	GRETIL Mahabharata (BORI critical ed., Tokunaga/Smith e-text); Monier-Williams Sanskrit-English Dictionary (Cologne CDSL, CC BY-SA 4.0)	0.70
Kaitabha	slug:hindu:kaitabha	Kaitabha, an Asura	boy	कैटभ	Kaiṭabha	Sanskrit	Hindu		Mahabharata	Sabha Parva	MBh 2.9.15	https://gretil.sub.uni-goettingen.de/gretil/1_sanskr/2_epic/mbh/mbh_02_u.htm	14	demon	personal	attested		GRETIL Mahabharata (BORI critical ed., Tokunaga/Smith e-text); Monier-Williams Sanskrit-English Dictionary (Cologne CDSL, CC BY-SA 4.0)	0.70
Keshini	slug:hindu:keshini-damayanti	Keshini, of a servant of Damayantī	girl	केशिनी	Keśinī	Sanskrit	Hindu		Mahabharata	Vana Parva	MBh 3.72.1	https://gretil.sub.uni-goettingen.de/gretil/1_sanskr/2_epic/mbh/mbh_03_u.htm	14	human	personal	attested		GRETIL Mahabharata (BORI critical ed., Tokunaga/Smith e-text); Monier-Williams Sanskrit-English Dictionary (Cologne CDSL, CC BY-SA 4.0)	0.70
Devasena	slug:hindu:skanda	Skanda	girl	देवसेना	Devasenā	Sanskrit	Hindu		Mahabharata	Vana Parva	MBh 3.213.5	https://gretil.sub.uni-goettingen.de/gretil/1_sanskr/2_epic/mbh/mbh_03_u.htm	13	human	epithet	attested	epithet of Skanda	GRETIL Mahabharata (BORI critical ed., Tokunaga/Smith e-text); Monier-Williams Sanskrit-English Dictionary (Cologne CDSL, CC BY-SA 4.0)	0.70
Druhyu	slug:hindu:druhyu	Druhyu, a son of Yayāti and brother of Yadu	boy	द्रुह्यु	Druhyu	Sanskrit	Hindu		Mahabharata	Adi Parva	MBh 1.70.32	https://gretil.sub.uni-goettingen.de/gretil/1_sanskr/2_epic/mbh/mbh_01_u.htm	13	human	personal	attested		GRETIL Mahabharata (BORI critical ed., Tokunaga/Smith e-text); Monier-Williams Sanskrit-English Dictionary (Cologne CDSL, CC BY-SA 4.0)	0.70
Satyabhama	slug:hindu:satyabhama	Satyabhama, a daughter of Satrā-jit and one of the eight wives of Kṛṣṇa	girl	सत्यभामा	Satyabhāmā	Sanskrit	Hindu		Mahabharata	Vana Parva	MBh 3.180.7	https://gretil.sub.uni-goettingen.de/gretil/1_sanskr/2_epic/mbh/mbh_03_u.htm	13	human	personal	attested		GRETIL Mahabharata (BORI critical ed., Tokunaga/Smith e-text); Monier-Williams Sanskrit-English Dictionary (Cologne CDSL, CC BY-SA 4.0)	0.70
Yauvanashva	slug:hindu:mandhatri	Mandhatri, a king	boy	यौवनाश्व	Yauvanāśva	Sanskrit	Hindu		Mahabharata	Sabha Parva	MBh 2.3.5	https://gretil.sub.uni-goettingen.de/gretil/1_sanskr/2_epic/mbh/mbh_02_u.htm	13	royal	epithet	attested	epithet of Mandhatri; patronymic	GRETIL Mahabharata (BORI critical ed., Tokunaga/Smith e-text); Monier-Williams Sanskrit-English Dictionary (Cologne CDSL, CC BY-SA 4.0)	0.70
Dushala	slug:hindu:dushala	Dushala, a son of Dhṛtarāṣṭra	boy	दुःशल	Duḥśala	Sanskrit	Hindu		Mahabharata	Adi Parva	MBh 1.107.37	https://gretil.sub.uni-goettingen.de/gretil/1_sanskr/2_epic/mbh/mbh_01_u.htm	12	human	personal	attested		GRETIL Mahabharata (BORI critical ed., Tokunaga/Smith e-text); Monier-Williams Sanskrit-English Dictionary (Cologne CDSL, CC BY-SA 4.0)	0.70
Karaka	slug:hindu:karaka	Karaka, a people		करक	Karaka	Sanskrit	Hindu		Mahabharata	Adi Parva	MBh 1.105.14	https://gretil.sub.uni-goettingen.de/gretil/1_sanskr/2_epic/mbh/mbh_01_u.htm	12	tribe	personal	attested		GRETIL Mahabharata (BORI critical ed., Tokunaga/Smith e-text); Monier-Williams Sanskrit-English Dictionary (Cologne CDSL, CC BY-SA 4.0)	0.70
Kshatradeva	slug:hindu:kshatradeva	Kshatradeva, a man	boy	क्षत्रदेव	Kṣatradeva	Sanskrit	Hindu		Mahabharata	Udyoga Parva	MBh 5.56.32	https://gretil.sub.uni-goettingen.de/gretil/1_sanskr/2_epic/mbh/mbh_05_u.htm	12	human	personal	attested		GRETIL Mahabharata (BORI critical ed., Tokunaga/Smith e-text); Monier-Williams Sanskrit-English Dictionary (Cologne CDSL, CC BY-SA 4.0)	0.70
Phalguni	slug:hindu:phalguni	Phalguni, m. patr. fr	boy	फाल्गुनि	Phālguni	Sanskrit	Hindu		Mahabharata	Bhishma Parva	MBh 6.43.68	https://gretil.sub.uni-goettingen.de/gretil/1_sanskr/2_epic/mbh/mbh_06_u.htm	12	human	personal	attested		GRETIL Mahabharata (BORI critical ed., Tokunaga/Smith e-text); Monier-Williams Sanskrit-English Dictionary (Cologne CDSL, CC BY-SA 4.0)	0.70
Turvasu	slug:hindu:turvasu	Turvasu, a son of Yayāti by Devayānī and brother of Yadu	boy	तुर्वसु	Turvasu	Sanskrit	Hindu		Mahabharata	Adi Parva	MBh 1.70.32	https://gretil.sub.uni-goettingen.de/gretil/1_sanskr/2_epic/mbh/mbh_01_u.htm	12	human	personal	attested		GRETIL Mahabharata (BORI critical ed., Tokunaga/Smith e-text); Monier-Williams Sanskrit-English Dictionary (Cologne CDSL, CC BY-SA 4.0)	0.70
Vasushena	slug:hindu:karna-halfbrotherofthepandupri	Karna (half brother of the Pāṇḍu princes by the same mother, Pṛthā; the name is supposed by some to have reference to his wealth which he distributed liberally; cf.)	boy	वसुषेण	Vasuṣeṇa	Sanskrit	Hindu		Mahabharata	Adi Parva	MBh 1.104.15	https://gretil.sub.uni-goettingen.de/gretil/1_sanskr/2_epic/mbh/mbh_01_u.htm	12	royal	epithet	attested	epithet of Karna	GRETIL Mahabharata (BORI critical ed., Tokunaga/Smith e-text); Monier-Williams Sanskrit-English Dictionary (Cologne CDSL, CC BY-SA 4.0)	0.70
Jatasura	slug:hindu:jatasura	Jatasura, a Rakṣas	boy	जटासुर	Jaṭāsura	Sanskrit	Hindu		Mahabharata	Adi Parva	MBh 1.2.44	https://gretil.sub.uni-goettingen.de/gretil/1_sanskr/2_epic/mbh/mbh_01_u.htm	11	demon	personal	attested		GRETIL Mahabharata (BORI critical ed., Tokunaga/Smith e-text); Monier-Williams Sanskrit-English Dictionary (Cologne CDSL, CC BY-SA 4.0)	0.70
Kumbhayoni	slug:hindu:kumbhayoni	Kumbhayoni, an Apsaras	girl	कुम्भयोनि	Kumbhayoni	Sanskrit	Hindu		Mahabharata	Vana Parva	MBh 3.44.30	https://gretil.sub.uni-goettingen.de/gretil/1_sanskr/2_epic/mbh/mbh_03_u.htm	11	mythological_being	personal	attested		GRETIL Mahabharata (BORI critical ed., Tokunaga/Smith e-text); Monier-Williams Sanskrit-English Dictionary (Cologne CDSL, CC BY-SA 4.0)	0.70
Pinaki	slug:hindu:shiva	Shiva, the disintegrating or destroying and reproducing deity	boy	पिनाकि	Pināki	Sanskrit	Hindu		Mahabharata	Adi Parva	MBh 1.28.20	https://gretil.sub.uni-goettingen.de/gretil/1_sanskr/2_epic/mbh/mbh_01_u.htm	11	deity	epithet	attested	epithet of Shiva	GRETIL Mahabharata (BORI critical ed., Tokunaga/Smith e-text); Monier-Williams Sanskrit-English Dictionary (Cologne CDSL, CC BY-SA 4.0)	0.70
Satyaka	slug:hindu:satyaka	Satyaka, m. patr. =	boy	सात्यक	Sātyaka	Sanskrit	Hindu		Mahabharata	Udyoga Parva	MBh 5.22.9	https://gretil.sub.uni-goettingen.de/gretil/1_sanskr/2_epic/mbh/mbh_05_u.htm	11	human	personal	attested		GRETIL Mahabharata (BORI critical ed., Tokunaga/Smith e-text); Monier-Williams Sanskrit-English Dictionary (Cologne CDSL, CC BY-SA 4.0)	0.70
Avikshita	slug:hindu:marutta	Marutta	boy	आविक्षित	Āvikṣita	Sanskrit	Hindu		Mahabharata	Shanti Parva	MBh 12.20.13	https://gretil.sub.uni-goettingen.de/gretil/1_sanskr/2_epic/mbh/mbh_12_u.htm	10	human	epithet	attested	epithet of Marutta	GRETIL Mahabharata (BORI critical ed., Tokunaga/Smith e-text); Monier-Williams Sanskrit-English Dictionary (Cologne CDSL, CC BY-SA 4.0)	0.70
Dushkarna	slug:hindu:dushkarna	Dushkarna, a son of Dhṛtarāṣṭra	boy	दुष्कर्ण	Duṣkarṇa	Sanskrit	Hindu		Mahabharata	Adi Parva	MBh 1.108.3	https://gretil.sub.uni-goettingen.de/gretil/1_sanskr/2_epic/mbh/mbh_01_u.htm	10	human	personal	attested		GRETIL Mahabharata (BORI critical ed., Tokunaga/Smith e-text); Monier-Williams Sanskrit-English Dictionary (Cologne CDSL, CC BY-SA 4.0)	0.70
Hridika	slug:hindu:hridika	Hridika, the father of Kṛta-varman	boy	हृदिक	Hṛdika	Sanskrit	Hindu		Mahabharata	Adi Parva	MBh 1.57.88	https://gretil.sub.uni-goettingen.de/gretil/1_sanskr/2_epic/mbh/mbh_01_u.htm	10	human	personal	attested		GRETIL Mahabharata (BORI critical ed., Tokunaga/Smith e-text); Monier-Williams Sanskrit-English Dictionary (Cologne CDSL, CC BY-SA 4.0)	0.70
Karkotaka	slug:hindu:karkotaka-naga	Karkotaka, a Nāga	boy	कर्कोटक	Karkoṭaka	Sanskrit	Hindu		Mahabharata	Adi Parva	MBh 1.31.5	https://gretil.sub.uni-goettingen.de/gretil/1_sanskr/2_epic/mbh/mbh_01_u.htm	10	mythological_being	personal	attested		GRETIL Mahabharata (BORI critical ed., Tokunaga/Smith e-text); Monier-Williams Sanskrit-English Dictionary (Cologne CDSL, CC BY-SA 4.0)	0.70
Shatrunjaya	slug:hindu:shatrunjaya	Shatrunjaya, of a king	boy	शत्रुञ्जय	Śatruñjaya	Sanskrit	Hindu		Mahabharata	Vana Parva	MBh 3.249.10	https://gretil.sub.uni-goettingen.de/gretil/1_sanskr/2_epic/mbh/mbh_03_u.htm	10	royal	personal	attested		GRETIL Mahabharata (BORI critical ed., Tokunaga/Smith e-text); Monier-Williams Sanskrit-English Dictionary (Cologne CDSL, CC BY-SA 4.0)	0.70
Suvasa	slug:hindu:shiva	Shiva, the disintegrating or destroying and reproducing deity	boy	सुवास	Suvāsa	Sanskrit	Hindu		Mahabharata	Adi Parva	MBh 1.213.45	https://gretil.sub.uni-goettingen.de/gretil/1_sanskr/2_epic/mbh/mbh_01_u.htm	10	deity	epithet	attested	epithet of Shiva	GRETIL Mahabharata (BORI critical ed., Tokunaga/Smith e-text); Monier-Williams Sanskrit-English Dictionary (Cologne CDSL, CC BY-SA 4.0)	0.70
Yaudhishthiri	slug:hindu:yaudhishthiri	Yaudhishthiri, m. patr. fr	boy	यौधिष्ठिरि	Yaudhiṣṭhiri	Sanskrit	Hindu		Mahabharata	Virata Parva	MBh 4.18.8	https://gretil.sub.uni-goettingen.de/gretil/1_sanskr/2_epic/mbh/mbh_04_u.htm	10	human	personal	attested		GRETIL Mahabharata (BORI critical ed., Tokunaga/Smith e-text); Monier-Williams Sanskrit-English Dictionary (Cologne CDSL, CC BY-SA 4.0)	0.70
Kunda	slug:hindu:vishnu	Vishnu, one of the principal Hindū deities	boy	कुन्द	Kunda	Sanskrit	Hindu		Mahabharata	Sabha Parva	MBh 2.48.13	https://gretil.sub.uni-goettingen.de/gretil/1_sanskr/2_epic/mbh/mbh_02_u.htm	9	deity	epithet	attested	epithet of Vishnu	GRETIL Mahabharata (BORI critical ed., Tokunaga/Smith e-text); Monier-Williams Sanskrit-English Dictionary (Cologne CDSL, CC BY-SA 4.0)	0.70
Mahabhisha	slug:hindu:mahabhisha	Mahabhisha, a sovereign of the race of Ikṣvāku		महाभिष	Mahābhiṣa	Sanskrit	Hindu		Mahabharata	Adi Parva	MBh 1.91.1	https://gretil.sub.uni-goettingen.de/gretil/1_sanskr/2_epic/mbh/mbh_01_u.htm	9	tribe	personal	attested		GRETIL Mahabharata (BORI critical ed., Tokunaga/Smith e-text); Monier-Williams Sanskrit-English Dictionary (Cologne CDSL, CC BY-SA 4.0)	0.70
Parashava	slug:hindu:parashava	Parashava, a mixed caste, the son of a Brāhman by a Śūdra woman		पारशव	Pāraśava	Sanskrit	Hindu		Mahabharata	Virata Parva	MBh 4.38.28	https://gretil.sub.uni-goettingen.de/gretil/1_sanskr/2_epic/mbh/mbh_04_u.htm	9	tribe	personal	attested		GRETIL Mahabharata (BORI critical ed., Tokunaga/Smith e-text); Monier-Williams Sanskrit-English Dictionary (Cologne CDSL, CC BY-SA 4.0)	0.70
Sanyati	slug:hindu:sanyati-nahusha	Sanyati, a son of Nahuṣa	boy	संयाति	Saṃyāti	Sanskrit	Hindu		Mahabharata	Adi Parva	MBh 1.70.28	https://gretil.sub.uni-goettingen.de/gretil/1_sanskr/2_epic/mbh/mbh_01_u.htm	9	human	personal	attested		GRETIL Mahabharata (BORI critical ed., Tokunaga/Smith e-text); Monier-Williams Sanskrit-English Dictionary (Cologne CDSL, CC BY-SA 4.0)	0.70
Varanasahvaya	slug:hindu:hastinapura	Hastinapura, a city founded by king Hastin q.v		वारणसाह्वय	Vāraṇasāhvaya	Sanskrit	Hindu		Mahabharata	Adi Parva	MBh 1.119.3	https://gretil.sub.uni-goettingen.de/gretil/1_sanskr/2_epic/mbh/mbh_01_u.htm	9	place	epithet	attested	epithet of Hastinapura	GRETIL Mahabharata (BORI critical ed., Tokunaga/Smith e-text); Monier-Williams Sanskrit-English Dictionary (Cologne CDSL, CC BY-SA 4.0)	0.70
Abhishaha	slug:hindu:abhishaha	Abhishaha, a people		अभीषाह	Abhīṣāha	Sanskrit	Hindu		Mahabharata	Bhishma Parva	MBh 6.18.12	https://gretil.sub.uni-goettingen.de/gretil/1_sanskr/2_epic/mbh/mbh_06_u.htm	8	tribe	personal	attested		GRETIL Mahabharata (BORI critical ed., Tokunaga/Smith e-text); Monier-Williams Sanskrit-English Dictionary (Cologne CDSL, CC BY-SA 4.0)	0.70
Bhimaratha	slug:hindu:bhimaratha	Bhimaratha, of sev. men	boy	भीमरथ	Bhīmaratha	Sanskrit	Hindu		Mahabharata	Adi Parva	MBh 1.108.12	https://gretil.sub.uni-goettingen.de/gretil/1_sanskr/2_epic/mbh/mbh_01_u.htm	8	human	personal	attested		GRETIL Mahabharata (BORI critical ed., Tokunaga/Smith e-text); Monier-Williams Sanskrit-English Dictionary (Cologne CDSL, CC BY-SA 4.0)	0.70
Raivataka	slug:hindu:raivataka	Raivataka, a mountain		रैवतक	Raivataka	Sanskrit	Hindu		Mahabharata	Adi Parva	MBh 1.210.8	https://gretil.sub.uni-goettingen.de/gretil/1_sanskr/2_epic/mbh/mbh_01_u.htm	8	place	personal	attested		GRETIL Mahabharata (BORI critical ed., Tokunaga/Smith e-text); Monier-Williams Sanskrit-English Dictionary (Cologne CDSL, CC BY-SA 4.0)	0.70
Ravani	slug:hindu:indrajit	Indrajit	boy	रावणि	Rāvaṇi	Sanskrit	Hindu		Mahabharata	Vana Parva	MBh 3.272.12	https://gretil.sub.uni-goettingen.de/gretil/1_sanskr/2_epic/mbh/mbh_03_u.htm	8	human	epithet	attested	epithet of Indrajit; patronymic	GRETIL Mahabharata (BORI critical ed., Tokunaga/Smith e-text); Monier-Williams Sanskrit-English Dictionary (Cologne CDSL, CC BY-SA 4.0)	0.70
Sarvakamada	slug:hindu:shiva	Shiva, the disintegrating or destroying and reproducing deity	boy	सर्वकामद	Sarvakāmada	Sanskrit	Hindu		Mahabharata	Adi Parva	MBh 1.155.10	https://gretil.sub.uni-goettingen.de/gretil/1_sanskr/2_epic/mbh/mbh_01_u.htm	8	deity	epithet	attested	epithet of Shiva	GRETIL Mahabharata (BORI critical ed., Tokunaga/Smith e-text); Monier-Williams Sanskrit-English Dictionary (Cologne CDSL, CC BY-SA 4.0)	0.70
Shatayupa	slug:hindu:shatayupa	Shatayupa, a Rājarṣi	boy	शतयूप	Śatayūpa	Sanskrit	Hindu		Mahabharata	Ashramavasika Parva	MBh 15.25.9	https://gretil.sub.uni-goettingen.de/gretil/1_sanskr/2_epic/mbh/mbh_15_u.htm	8	human	personal	attested		GRETIL Mahabharata (BORI critical ed., Tokunaga/Smith e-text); Monier-Williams Sanskrit-English Dictionary (Cologne CDSL, CC BY-SA 4.0)	0.70
Shrimati	slug:hindu:shrimati	Shrimati, one of the Mātṛs attendant on Skanda	girl	श्रीमती	Śrīmatī	Sanskrit	Hindu		Mahabharata	Adi Parva	MBh 1.65.10	https://gretil.sub.uni-goettingen.de/gretil/1_sanskr/2_epic/mbh/mbh_01_u.htm	8	human	personal	attested		GRETIL Mahabharata (BORI critical ed., Tokunaga/Smith e-text); Monier-Williams Sanskrit-English Dictionary (Cologne CDSL, CC BY-SA 4.0)	0.70
Sumahasvana	slug:hindu:shiva	Shiva, the disintegrating or destroying and reproducing deity	boy	सुमहास्वन	Sumahāsvana	Sanskrit	Hindu		Mahabharata	Adi Parva	MBh 1.125.15	https://gretil.sub.uni-goettingen.de/gretil/1_sanskr/2_epic/mbh/mbh_01_u.htm	8	deity	epithet	attested	epithet of Shiva	GRETIL Mahabharata (BORI critical ed., Tokunaga/Smith e-text); Monier-Williams Sanskrit-English Dictionary (Cologne CDSL, CC BY-SA 4.0)	0.70
Upasunda	slug:hindu:upasunda	Upasunda, a Daitya	boy	उपसुन्द	Upasunda	Sanskrit	Hindu		Mahabharata	Adi Parva	MBh 1.2.90	https://gretil.sub.uni-goettingen.de/gretil/1_sanskr/2_epic/mbh/mbh_01_u.htm	8	demon	personal	attested		GRETIL Mahabharata (BORI critical ed., Tokunaga/Smith e-text); Monier-Williams Sanskrit-English Dictionary (Cologne CDSL, CC BY-SA 4.0)	0.70
Ashvasena	slug:hindu:ashvasena	Ashvasena, a Nāga	boy	अश्वसेन	Aśvasena	Sanskrit	Hindu		Mahabharata	Adi Parva	MBh 1.3.145	https://gretil.sub.uni-goettingen.de/gretil/1_sanskr/2_epic/mbh/mbh_01_u.htm	7	mythological_being	personal	attested		GRETIL Mahabharata (BORI critical ed., Tokunaga/Smith e-text); Monier-Williams Sanskrit-English Dictionary (Cologne CDSL, CC BY-SA 4.0)	0.70
Devadevesha	slug:hindu:shiva	Shiva, the disintegrating or destroying and reproducing deity	boy	देवदेवेश	Devadeveśa	Sanskrit	Hindu		Mahabharata	Adi Parva	MBh 1.21.7	https://gretil.sub.uni-goettingen.de/gretil/1_sanskr/2_epic/mbh/mbh_01_u.htm	7	deity	epithet	attested	epithet of Shiva	GRETIL Mahabharata (BORI critical ed., Tokunaga/Smith e-text); Monier-Williams Sanskrit-English Dictionary (Cologne CDSL, CC BY-SA 4.0)	0.70
Haha	slug:hindu:haha	Haha, a Gandharva	boy	हाहा	Hāhā	Sanskrit	Hindu		Mahabharata	Adi Parva	MBh 1.110.39	https://gretil.sub.uni-goettingen.de/gretil/1_sanskr/2_epic/mbh/mbh_01_u.htm	7	mythological_being	personal	attested		GRETIL Mahabharata (BORI critical ed., Tokunaga/Smith e-text); Monier-Williams Sanskrit-English Dictionary (Cologne CDSL, CC BY-SA 4.0)	0.70
Purujit	slug:hindu:purujit	Purujit, a hero on the side of the Pāṇḍus and brother of Kunti-bhoja	boy	पुरुजित्	Purujit	Sanskrit	Hindu		Mahabharata	Sabha Parva	MBh 2.13.16	https://gretil.sub.uni-goettingen.de/gretil/1_sanskr/2_epic/mbh/mbh_02_u.htm	7	human	personal	attested		GRETIL Mahabharata (BORI critical ed., Tokunaga/Smith e-text); Monier-Williams Sanskrit-English Dictionary (Cologne CDSL, CC BY-SA 4.0)	0.70
Sanyamani	slug:hindu:shala	Shala, of a serpent-demon	boy	सांयमनि	Sāṃyamani	Sanskrit	Hindu		Mahabharata	Bhishma Parva	MBh 6.57.1	https://gretil.sub.uni-goettingen.de/gretil/1_sanskr/2_epic/mbh/mbh_06_u.htm	7	demon	epithet	attested	epithet of Shala; patronymic	GRETIL Mahabharata (BORI critical ed., Tokunaga/Smith e-text); Monier-Williams Sanskrit-English Dictionary (Cologne CDSL, CC BY-SA 4.0)	0.70
Sinhaga	slug:hindu:shiva	Shiva, the disintegrating or destroying and reproducing deity	boy	सिंहग	Siṃhaga	Sanskrit	Hindu		Mahabharata	Sabha Parva	MBh 2.60.3	https://gretil.sub.uni-goettingen.de/gretil/1_sanskr/2_epic/mbh/mbh_02_u.htm	7	deity	epithet	attested	epithet of Shiva	GRETIL Mahabharata (BORI critical ed., Tokunaga/Smith e-text); Monier-Williams Sanskrit-English Dictionary (Cologne CDSL, CC BY-SA 4.0)	0.70
Uddhava	slug:hindu:uddhava	Uddhava, a Yādava	boy	उद्धव	Uddhava	Sanskrit	Hindu		Mahabharata	Adi Parva	MBh 1.61.59	https://gretil.sub.uni-goettingen.de/gretil/1_sanskr/2_epic/mbh/mbh_01_u.htm	7	human	personal	attested		GRETIL Mahabharata (BORI critical ed., Tokunaga/Smith e-text); Monier-Williams Sanskrit-English Dictionary (Cologne CDSL, CC BY-SA 4.0)	0.70
Varahakarna	slug:hindu:varahakarna-yaksha	Varahakarna, a Yakṣa	boy	वराहकर्ण	Varāhakarṇa	Sanskrit	Hindu		Mahabharata	Sabha Parva	MBh 2.10.16	https://gretil.sub.uni-goettingen.de/gretil/1_sanskr/2_epic/mbh/mbh_02_u.htm	7	mythological_being	personal	attested		GRETIL Mahabharata (BORI critical ed., Tokunaga/Smith e-text); Monier-Williams Sanskrit-English Dictionary (Cologne CDSL, CC BY-SA 4.0)	0.70
Vyaghradatta	slug:hindu:vyaghradatta	Vyaghradatta, a man	boy	व्याघ्रदत्त	Vyāghradatta	Sanskrit	Hindu		Mahabharata	Udyoga Parva	MBh 5.168.18	https://gretil.sub.uni-goettingen.de/gretil/1_sanskr/2_epic/mbh/mbh_05_u.htm	7	human	personal	attested		GRETIL Mahabharata (BORI critical ed., Tokunaga/Smith e-text); Monier-Williams Sanskrit-English Dictionary (Cologne CDSL, CC BY-SA 4.0)	0.70
Yupaketu	slug:hindu:bhurishravas	Bhurishravas, a son of Soma-datta	boy	यूपकेतु	Yūpaketu	Sanskrit	Hindu		Mahabharata	Bhishma Parva	MBh 6.70.12	https://gretil.sub.uni-goettingen.de/gretil/1_sanskr/2_epic/mbh/mbh_06_u.htm	7	human	epithet	attested	epithet of Bhurishravas	GRETIL Mahabharata (BORI critical ed., Tokunaga/Smith e-text); Monier-Williams Sanskrit-English Dictionary (Cologne CDSL, CC BY-SA 4.0)	0.70
Ashmaka	slug:hindu:ashmaka	Ashmaka, a son of Vasiṣṭha and Madayantī	boy	अश्मक	Aśmaka	Sanskrit	Hindu		Mahabharata	Adi Parva	MBh 1.113.22	https://gretil.sub.uni-goettingen.de/gretil/1_sanskr/2_epic/mbh/mbh_01_u.htm	6	human	personal	attested		GRETIL Mahabharata (BORI critical ed., Tokunaga/Smith e-text); Monier-Williams Sanskrit-English Dictionary (Cologne CDSL, CC BY-SA 4.0)	0.70
Bhuridyumna	slug:hindu:bhuridyumna	Bhuridyumna, a pious prince	boy	भूरिद्युम्न	Bhūridyumna	Sanskrit	Hindu		Mahabharata	Sabha Parva	MBh 2.8.18	https://gretil.sub.uni-goettingen.de/gretil/1_sanskr/2_epic/mbh/mbh_02_u.htm	6	royal	personal	attested		GRETIL Mahabharata (BORI critical ed., Tokunaga/Smith e-text); Monier-Williams Sanskrit-English Dictionary (Cologne CDSL, CC BY-SA 4.0)	0.70
Kadraveya	slug:hindu:kasarnira	Kasarnira	boy	काद्रवेय	Kādraveya	Sanskrit	Hindu		Mahabharata	Adi Parva	MBh 1.3.144	https://gretil.sub.uni-goettingen.de/gretil/1_sanskr/2_epic/mbh/mbh_01_u.htm	6	human	epithet	attested	epithet of Kasarnira	GRETIL Mahabharata (BORI critical ed., Tokunaga/Smith e-text); Monier-Williams Sanskrit-English Dictionary (Cologne CDSL, CC BY-SA 4.0)	0.70
Kakshasena	slug:hindu:kakshasena	Kakshasena, a Rājarṣi	boy	कक्षसेन	Kakṣasena	Sanskrit	Hindu		Mahabharata	Adi Parva	MBh 1.89.48	https://gretil.sub.uni-goettingen.de/gretil/1_sanskr/2_epic/mbh/mbh_01_u.htm	6	human	personal	attested		GRETIL Mahabharata (BORI critical ed., Tokunaga/Smith e-text); Monier-Williams Sanskrit-English Dictionary (Cologne CDSL, CC BY-SA 4.0)	0.70
Krittivasas	slug:hindu:shiva	Shiva, the disintegrating or destroying and reproducing deity	boy	कृत्तिवासस्	Kṛttivāsas	Sanskrit	Hindu		Mahabharata	Karna Parva	MBh 8.24.48	https://gretil.sub.uni-goettingen.de/gretil/1_sanskr/2_epic/mbh/mbh_08_u.htm	6	deity	epithet	attested	epithet of Shiva	GRETIL Mahabharata (BORI critical ed., Tokunaga/Smith e-text); Monier-Williams Sanskrit-English Dictionary (Cologne CDSL, CC BY-SA 4.0)	0.70
Kshemaka	slug:hindu:kshemaka-naga	Kshemaka, a Nāga	boy	क्षेमक	Kṣemaka	Sanskrit	Hindu		Mahabharata	Adi Parva	MBh 1.31.11	https://gretil.sub.uni-goettingen.de/gretil/1_sanskr/2_epic/mbh/mbh_01_u.htm	6	mythological_being	personal	attested		GRETIL Mahabharata (BORI critical ed., Tokunaga/Smith e-text); Monier-Williams Sanskrit-English Dictionary (Cologne CDSL, CC BY-SA 4.0)	0.70
Mishrakeshi	slug:hindu:mishrakeshi	Mishrakeshi, an Apsaras	girl	मिश्रकेशी	Miśrakeśī	Sanskrit	Hindu		Mahabharata	Adi Parva	MBh 1.114.50	https://gretil.sub.uni-goettingen.de/gretil/1_sanskr/2_epic/mbh/mbh_01_u.htm	6	mythological_being	personal	attested		GRETIL Mahabharata (BORI critical ed., Tokunaga/Smith e-text); Monier-Williams Sanskrit-English Dictionary (Cologne CDSL, CC BY-SA 4.0)	0.70
Sarvabhutapitamaha	slug:hindu:brahma	Brahma	boy	सर्वभूतपितामह	Sarvabhūtapitāmaha	Sanskrit	Hindu		Mahabharata	Adi Parva	MBh 1.57.87	https://gretil.sub.uni-goettingen.de/gretil/1_sanskr/2_epic/mbh/mbh_01_u.htm	6	deity	epithet	attested	epithet of Brahma	GRETIL Mahabharata (BORI critical ed., Tokunaga/Smith e-text); Monier-Williams Sanskrit-English Dictionary (Cologne CDSL, CC BY-SA 4.0)	0.70
Sindhudvipa	slug:hindu:sindhudvipa	Sindhudvipa, a king	boy	सिन्धुद्वीप	Sindhudvīpa	Sanskrit	Hindu		Mahabharata	Shalya Parva	MBh 9.38.32	https://gretil.sub.uni-goettingen.de/gretil/1_sanskr/2_epic/mbh/mbh_09_u.htm	6	royal	personal	attested		GRETIL Mahabharata (BORI critical ed., Tokunaga/Smith e-text); Monier-Williams Sanskrit-English Dictionary (Cologne CDSL, CC BY-SA 4.0)	0.70
Vrishanka	slug:hindu:shiva	Shiva, the disintegrating or destroying and reproducing deity	boy	वृषाङ्क	Vṛṣāṅka	Sanskrit	Hindu		Mahabharata	Drona Parva	MBh 7.57.67	https://gretil.sub.uni-goettingen.de/gretil/1_sanskr/2_epic/mbh/mbh_07_u.htm	6	deity	epithet	attested	epithet of Shiva	GRETIL Mahabharata (BORI critical ed., Tokunaga/Smith e-text); Monier-Williams Sanskrit-English Dictionary (Cologne CDSL, CC BY-SA 4.0)	0.70
Angaraparna	slug:hindu:chitraratha	Chitraratha, of a king of the Aṅgas	boy	अङ्गारपर्ण	Aṅgāraparṇa	Sanskrit	Hindu		Mahabharata	Adi Parva	MBh 1.2.86	https://gretil.sub.uni-goettingen.de/gretil/1_sanskr/2_epic/mbh/mbh_01_u.htm	5	royal	epithet	attested	epithet of Chitraratha	GRETIL Mahabharata (BORI critical ed., Tokunaga/Smith e-text); Monier-Williams Sanskrit-English Dictionary (Cologne CDSL, CC BY-SA 4.0)	0.70
Anjalika	slug:hindu:anjalika	Anjalika, one of Arjuna's arrows	boy	अञ्जलिक	Añjalika	Sanskrit	Hindu		Mahabharata	Bhishma Parva	MBh 6.58.38	https://gretil.sub.uni-goettingen.de/gretil/1_sanskr/2_epic/mbh/mbh_06_u.htm	5	human	personal	attested		GRETIL Mahabharata (BORI critical ed., Tokunaga/Smith e-text); Monier-Williams Sanskrit-English Dictionary (Cologne CDSL, CC BY-SA 4.0)	0.70
Bakula	slug:hindu:shiva	Shiva, the disintegrating or destroying and reproducing deity	boy	बकुल	Bakula	Sanskrit	Hindu		Mahabharata	Adi Parva	MBh 1.199.40	https://gretil.sub.uni-goettingen.de/gretil/1_sanskr/2_epic/mbh/mbh_01_u.htm	5	deity	epithet	attested	epithet of Shiva	GRETIL Mahabharata (BORI critical ed., Tokunaga/Smith e-text); Monier-Williams Sanskrit-English Dictionary (Cologne CDSL, CC BY-SA 4.0)	0.70
Gandharaka	slug:hindu:gandharaka	Gandharaka, the people called Gāndhāra, and		गान्धारक	Gāndhāraka	Sanskrit	Hindu		Mahabharata	Drona Parva	MBh 7.6.3	https://gretil.sub.uni-goettingen.de/gretil/1_sanskr/2_epic/mbh/mbh_07_u.htm	5	tribe	personal	attested		GRETIL Mahabharata (BORI critical ed., Tokunaga/Smith e-text); Monier-Williams Sanskrit-English Dictionary (Cologne CDSL, CC BY-SA 4.0)	0.70
Kshemavriddhi	slug:hindu:kshemavriddhi	Kshemavriddhi, a Śālva general	boy	क्षेमवृद्धि	Kṣemavṛddhi	Sanskrit	Hindu		Mahabharata	Vana Parva	MBh 3.17.11	https://gretil.sub.uni-goettingen.de/gretil/1_sanskr/2_epic/mbh/mbh_03_u.htm	5	human	personal	attested		GRETIL Mahabharata (BORI critical ed., Tokunaga/Smith e-text); Monier-Williams Sanskrit-English Dictionary (Cologne CDSL, CC BY-SA 4.0)	0.70
Padmayoni	slug:hindu:brahma	Brahma	boy	पद्मयोनि	Padmayoni	Sanskrit	Hindu		Mahabharata	Drona Parva	MBh 7.172.32	https://gretil.sub.uni-goettingen.de/gretil/1_sanskr/2_epic/mbh/mbh_07_u.htm	5	deity	epithet	attested	epithet of Brahma	GRETIL Mahabharata (BORI critical ed., Tokunaga/Smith e-text); Monier-Williams Sanskrit-English Dictionary (Cologne CDSL, CC BY-SA 4.0)	0.70
Pitriraja	slug:hindu:yama	Yama, the god who presides over the Pitṛs and rules the spirits of the dead	boy	पितृराज	Pitṛrāja	Sanskrit	Hindu		Mahabharata	Adi Parva	MBh 1.48.23	https://gretil.sub.uni-goettingen.de/gretil/1_sanskr/2_epic/mbh/mbh_01_u.htm	5	deity	epithet	attested	epithet of Yama	GRETIL Mahabharata (BORI critical ed., Tokunaga/Smith e-text); Monier-Williams Sanskrit-English Dictionary (Cologne CDSL, CC BY-SA 4.0)	0.70
Prishadhra	slug:hindu:prishadhra-manu	Prishadhra, of a son of one of the Manus	boy	पृषध्र	Pṛṣadhra	Sanskrit	Hindu		Mahabharata	Adi Parva	MBh 1.70.14	https://gretil.sub.uni-goettingen.de/gretil/1_sanskr/2_epic/mbh/mbh_01_u.htm	5	human	personal	attested		GRETIL Mahabharata (BORI critical ed., Tokunaga/Smith e-text); Monier-Williams Sanskrit-English Dictionary (Cologne CDSL, CC BY-SA 4.0)	0.70
Shaishupali	slug:hindu:shaishupali	Shaishupali, or , m. patr. fr	boy	शैशुपालि	Śaiśupāli	Sanskrit	Hindu		Mahabharata	Udyoga Parva	MBh 5.49.41	https://gretil.sub.uni-goettingen.de/gretil/1_sanskr/2_epic/mbh/mbh_05_u.htm	5	human	personal	attested		GRETIL Mahabharata (BORI critical ed., Tokunaga/Smith e-text); Monier-Williams Sanskrit-English Dictionary (Cologne CDSL, CC BY-SA 4.0)	0.70
Shrutashravas	slug:hindu:shrutashravas	Shrutashravas, various men	boy	श्रुतश्रवस्	Śrutaśravas	Sanskrit	Hindu		Mahabharata	Adi Parva	MBh 1.3.12	https://gretil.sub.uni-goettingen.de/gretil/1_sanskr/2_epic/mbh/mbh_01_u.htm	5	human	personal	attested		GRETIL Mahabharata (BORI critical ed., Tokunaga/Smith e-text); Monier-Williams Sanskrit-English Dictionary (Cologne CDSL, CC BY-SA 4.0)	0.70
Ugrashravas	slug:hindu:ugrashravas	Ugrashravas, a man	boy	उग्रश्रवस्	Ugraśravas	Sanskrit	Hindu		Mahabharata	Adi Parva	MBh 1.1.1	https://gretil.sub.uni-goettingen.de/gretil/1_sanskr/2_epic/mbh/mbh_01_u.htm	5	human	personal	attested		GRETIL Mahabharata (BORI critical ed., Tokunaga/Smith e-text); Monier-Williams Sanskrit-English Dictionary (Cologne CDSL, CC BY-SA 4.0)	0.70
Virasenasuta	slug:hindu:nala-theheroofseveralwellknow	Nala (the hero of several well-known poems, e.g. the Nalopākhyāna, Naiṣadha, Nalodaya)	boy	वीरसेनसुत	Vīrasenasuta	Sanskrit	Hindu		Mahabharata	Vana Parva	MBh 3.14.5	https://gretil.sub.uni-goettingen.de/gretil/1_sanskr/2_epic/mbh/mbh_03_u.htm	5	royal	epithet	attested	epithet of Nala	GRETIL Mahabharata (BORI critical ed., Tokunaga/Smith e-text); Monier-Williams Sanskrit-English Dictionary (Cologne CDSL, CC BY-SA 4.0)	0.70
Vishvagashva	slug:hindu:vishvagashva	Vishvagashva, a king	boy	विष्वगश्व	Viṣvagaśva	Sanskrit	Hindu		Mahabharata	Adi Parva	MBh 1.1.172	https://gretil.sub.uni-goettingen.de/gretil/1_sanskr/2_epic/mbh/mbh_01_u.htm	5	royal	personal	attested		GRETIL Mahabharata (BORI critical ed., Tokunaga/Smith e-text); Monier-Williams Sanskrit-English Dictionary (Cologne CDSL, CC BY-SA 4.0)	0.70
Bhuminjaya	slug:hindu:bhuminjaya	Bhuminjaya, a son of Virāṭa	boy	भूमिञ्जय	Bhūmiñjaya	Sanskrit	Hindu		Mahabharata	Virata Parva	MBh 4.33.9	https://gretil.sub.uni-goettingen.de/gretil/1_sanskr/2_epic/mbh/mbh_04_u.htm	4	human	personal	attested		GRETIL Mahabharata (BORI critical ed., Tokunaga/Smith e-text); Monier-Williams Sanskrit-English Dictionary (Cologne CDSL, CC BY-SA 4.0)	0.70
Chandradeva	slug:hindu:chandradeva	Chandradeva, a warrior, and	boy	चन्द्रदेव	Candradeva	Sanskrit	Hindu		Mahabharata	Drona Parva	MBh 7.22.50	https://gretil.sub.uni-goettingen.de/gretil/1_sanskr/2_epic/mbh/mbh_07_u.htm	4	human	personal	attested		GRETIL Mahabharata (BORI critical ed., Tokunaga/Smith e-text); Monier-Williams Sanskrit-English Dictionary (Cologne CDSL, CC BY-SA 4.0)	0.70
Charuchitra	slug:hindu:charuchitra	Charuchitra, a son of Dhṛtarāṣṭra	boy	चारुचित्र	Cārucitra	Sanskrit	Hindu		Mahabharata	Adi Parva	MBh 1.108.4	https://gretil.sub.uni-goettingen.de/gretil/1_sanskr/2_epic/mbh/mbh_01_u.htm	4	human	personal	attested		GRETIL Mahabharata (BORI critical ed., Tokunaga/Smith e-text); Monier-Williams Sanskrit-English Dictionary (Cologne CDSL, CC BY-SA 4.0)	0.70
Gopali	slug:hindu:shiva	Shiva, the disintegrating or destroying and reproducing deity	boy	गोपालि	Gopāli	Sanskrit	Hindu		Mahabharata	Adi Parva	MBh 1.213.17	https://gretil.sub.uni-goettingen.de/gretil/1_sanskr/2_epic/mbh/mbh_01_u.htm	4	deity	epithet	attested	epithet of Shiva	GRETIL Mahabharata (BORI critical ed., Tokunaga/Smith e-text); Monier-Williams Sanskrit-English Dictionary (Cologne CDSL, CC BY-SA 4.0)	0.70
Kampilya	slug:hindu:kampilya	Kampilya, a city of the Pañcālas		काम्पिल्य	Kāmpilya	Sanskrit	Hindu		Mahabharata	Adi Parva	MBh 1.128.15	https://gretil.sub.uni-goettingen.de/gretil/1_sanskr/2_epic/mbh/mbh_01_u.htm	4	place	personal	attested		GRETIL Mahabharata (BORI critical ed., Tokunaga/Smith e-text); Monier-Williams Sanskrit-English Dictionary (Cologne CDSL, CC BY-SA 4.0)	0.70
Nagashata	slug:hindu:nagashata	Nagashata, a mountain		नागशत	Nāgaśata	Sanskrit	Hindu		Mahabharata	Adi Parva	MBh 1.63.1	https://gretil.sub.uni-goettingen.de/gretil/1_sanskr/2_epic/mbh/mbh_01_u.htm	4	place	personal	attested		GRETIL Mahabharata (BORI critical ed., Tokunaga/Smith e-text); Monier-Williams Sanskrit-English Dictionary (Cologne CDSL, CC BY-SA 4.0)	0.70
Sanatanatama	slug:hindu:vishnu	Vishnu, one of the principal Hindū deities	boy	सनातनतम	Sanātanatama	Sanskrit	Hindu		Mahabharata	Udyoga Parva	MBh 5.69.5	https://gretil.sub.uni-goettingen.de/gretil/1_sanskr/2_epic/mbh/mbh_05_u.htm	4	deity	epithet	attested	epithet of Vishnu	GRETIL Mahabharata (BORI critical ed., Tokunaga/Smith e-text); Monier-Williams Sanskrit-English Dictionary (Cologne CDSL, CC BY-SA 4.0)	0.70
Saumaki	slug:hindu:saumaki	Saumaki, m. patr. fr	boy	सौमकि	Saumaki	Sanskrit	Hindu		Mahabharata	Adi Parva	MBh 1.185.25	https://gretil.sub.uni-goettingen.de/gretil/1_sanskr/2_epic/mbh/mbh_01_u.htm	4	human	personal	attested		GRETIL Mahabharata (BORI critical ed., Tokunaga/Smith e-text); Monier-Williams Sanskrit-English Dictionary (Cologne CDSL, CC BY-SA 4.0)	0.70
Shubhangada	slug:hindu:shubhangada	Shubhangada, a king	boy	शुभाङ्गद	Śubhāṅgada	Sanskrit	Hindu		Mahabharata	Adi Parva	MBh 1.177.20	https://gretil.sub.uni-goettingen.de/gretil/1_sanskr/2_epic/mbh/mbh_01_u.htm	4	royal	personal	attested		GRETIL Mahabharata (BORI critical ed., Tokunaga/Smith e-text); Monier-Williams Sanskrit-English Dictionary (Cologne CDSL, CC BY-SA 4.0)	0.70
Shulabhrit	slug:hindu:shiva	Shiva, the disintegrating or destroying and reproducing deity	boy	शूलभृत्	Śūlabhṛt	Sanskrit	Hindu		Mahabharata	Bhishma Parva	MBh 6.58.61	https://gretil.sub.uni-goettingen.de/gretil/1_sanskr/2_epic/mbh/mbh_06_u.htm	4	deity	epithet	attested	epithet of Shiva	GRETIL Mahabharata (BORI critical ed., Tokunaga/Smith e-text); Monier-Williams Sanskrit-English Dictionary (Cologne CDSL, CC BY-SA 4.0)	0.70
Surariha	slug:hindu:shiva	Shiva, the disintegrating or destroying and reproducing deity	boy	सुरारिहन्	Surārihan	Sanskrit	Hindu		Mahabharata	Adi Parva	MBh 1.163.19	https://gretil.sub.uni-goettingen.de/gretil/1_sanskr/2_epic/mbh/mbh_01_u.htm	4	deity	epithet	attested	epithet of Shiva	GRETIL Mahabharata (BORI critical ed., Tokunaga/Smith e-text); Monier-Williams Sanskrit-English Dictionary (Cologne CDSL, CC BY-SA 4.0)	0.70
Tandya	slug:hindu:tandya	Tandya, a teacher	boy	ताण्ड्य	Tāṇḍya	Sanskrit	Hindu		Mahabharata	Shanti Parva	MBh 12.236.17	https://gretil.sub.uni-goettingen.de/gretil/1_sanskr/2_epic/mbh/mbh_12_u.htm	4	sage	personal	attested		GRETIL Mahabharata (BORI critical ed., Tokunaga/Smith e-text); Monier-Williams Sanskrit-English Dictionary (Cologne CDSL, CC BY-SA 4.0)	0.70
Balanika	slug:hindu:balanika	Balanika, a man	boy	बलानीक	Balānīka	Sanskrit	Hindu		Mahabharata	Drona Parva	MBh 7.131.127	https://gretil.sub.uni-goettingen.de/gretil/1_sanskr/2_epic/mbh/mbh_07_u.htm	3	human	personal	attested		GRETIL Mahabharata (BORI critical ed., Tokunaga/Smith e-text); Monier-Williams Sanskrit-English Dictionary (Cologne CDSL, CC BY-SA 4.0)	0.70
Bhaluki	slug:hindu:bhaluki	Bhaluki, a Muni	boy	भालुकि	Bhāluki	Sanskrit	Hindu		Mahabharata	Sabha Parva	MBh 2.4.13	https://gretil.sub.uni-goettingen.de/gretil/1_sanskr/2_epic/mbh/mbh_02_u.htm	3	sage	personal	attested		GRETIL Mahabharata (BORI critical ed., Tokunaga/Smith e-text); Monier-Williams Sanskrit-English Dictionary (Cologne CDSL, CC BY-SA 4.0)	0.70
Chanura	slug:hindu:chanura	Chanura, a prince	boy	चाणूर	Cāṇūra	Sanskrit	Hindu		Mahabharata	Sabha Parva	MBh 2.4.22	https://gretil.sub.uni-goettingen.de/gretil/1_sanskr/2_epic/mbh/mbh_02_u.htm	3	royal	personal	attested		GRETIL Mahabharata (BORI critical ed., Tokunaga/Smith e-text); Monier-Williams Sanskrit-English Dictionary (Cologne CDSL, CC BY-SA 4.0)	0.70
Dantakura	slug:hindu:dantakura	Dantakura, a place, and		दन्तकूर	Dantakūra	Sanskrit	Hindu		Mahabharata	Vana Parva	MBh 3.119.18	https://gretil.sub.uni-goettingen.de/gretil/1_sanskr/2_epic/mbh/mbh_03_u.htm	3	place	personal	attested		GRETIL Mahabharata (BORI critical ed., Tokunaga/Smith e-text); Monier-Williams Sanskrit-English Dictionary (Cologne CDSL, CC BY-SA 4.0)	0.70
Dhumorna	slug:hindu:dhumorna-yama	Dhumorna, the wife of Yama	girl	धूमोर्णा	Dhūmorṇā	Sanskrit	Hindu		Mahabharata	Udyoga Parva	MBh 5.115.9	https://gretil.sub.uni-goettingen.de/gretil/1_sanskr/2_epic/mbh/mbh_05_u.htm	3	human	personal	attested		GRETIL Mahabharata (BORI critical ed., Tokunaga/Smith e-text); Monier-Williams Sanskrit-English Dictionary (Cologne CDSL, CC BY-SA 4.0)	0.70
Draupadiharana	slug:hindu:draupadiharana	Draupadiharana, ch. of		द्रौपदीहरण	Draupadīharaṇa	Sanskrit	Hindu		Mahabharata	Adi Parva	MBh 1.2.47	https://gretil.sub.uni-goettingen.de/gretil/1_sanskr/2_epic/mbh/mbh_01_u.htm	3	human	personal	attested		GRETIL Mahabharata (BORI critical ed., Tokunaga/Smith e-text); Monier-Williams Sanskrit-English Dictionary (Cologne CDSL, CC BY-SA 4.0)	0.70
Dvadashabhuja	slug:hindu:dvadashabhuja	Dvadashabhuja, one of Skanda's attendants	boy	द्वादशभुज	Dvādaśabhuja	Sanskrit	Hindu		Mahabharata	Shalya Parva	MBh 9.44.52	https://gretil.sub.uni-goettingen.de/gretil/1_sanskr/2_epic/mbh/mbh_09_u.htm	3	human	personal	attested		GRETIL Mahabharata (BORI critical ed., Tokunaga/Smith e-text); Monier-Williams Sanskrit-English Dictionary (Cologne CDSL, CC BY-SA 4.0)	0.70
Harahuna	slug:hindu:harahuna	Harahuna, a people		हारहूण	Hārahūṇa	Sanskrit	Hindu		Mahabharata	Sabha Parva	MBh 2.29.11	https://gretil.sub.uni-goettingen.de/gretil/1_sanskr/2_epic/mbh/mbh_02_u.htm	3	tribe	personal	attested		GRETIL Mahabharata (BORI critical ed., Tokunaga/Smith e-text); Monier-Williams Sanskrit-English Dictionary (Cologne CDSL, CC BY-SA 4.0)	0.70
Indrota	slug:hindu:indrota	Indrota, a teacher	boy	इन्द्रोत	Indrota	Sanskrit	Hindu		Mahabharata	Shanti Parva	MBh 12.146.2	https://gretil.sub.uni-goettingen.de/gretil/1_sanskr/2_epic/mbh/mbh_12_u.htm	3	sage	personal	attested		GRETIL Mahabharata (BORI critical ed., Tokunaga/Smith e-text); Monier-Williams Sanskrit-English Dictionary (Cologne CDSL, CC BY-SA 4.0)	0.70
Krishnanetra	slug:hindu:shiva	Shiva, the disintegrating or destroying and reproducing deity	boy	कृष्णनेत्र	Kṛṣṇanetra	Sanskrit	Hindu		Mahabharata	Shalya Parva	MBh 9.3.17	https://gretil.sub.uni-goettingen.de/gretil/1_sanskr/2_epic/mbh/mbh_09_u.htm	3	deity	epithet	attested	epithet of Shiva	GRETIL Mahabharata (BORI critical ed., Tokunaga/Smith e-text); Monier-Williams Sanskrit-English Dictionary (Cologne CDSL, CC BY-SA 4.0)	0.70
Mahaniyama	slug:hindu:vishnu	Vishnu, one of the principal Hindū deities	boy	महानियम	Mahāniyama	Sanskrit	Hindu		Mahabharata	Shanti Parva	MBh 12.325.4	https://gretil.sub.uni-goettingen.de/gretil/1_sanskr/2_epic/mbh/mbh_12_u.htm	3	deity	epithet	attested	epithet of Vishnu	GRETIL Mahabharata (BORI critical ed., Tokunaga/Smith e-text); Monier-Williams Sanskrit-English Dictionary (Cologne CDSL, CC BY-SA 4.0)	0.70
Mitradeva	slug:hindu:mitradeva	Mitradeva, of another man	boy	मित्रदेव	Mitradeva	Sanskrit	Hindu		Mahabharata	Karna Parva	MBh 8.19.3	https://gretil.sub.uni-goettingen.de/gretil/1_sanskr/2_epic/mbh/mbh_08_u.htm	3	human	personal	attested		GRETIL Mahabharata (BORI critical ed., Tokunaga/Smith e-text); Monier-Williams Sanskrit-English Dictionary (Cologne CDSL, CC BY-SA 4.0)	0.70
Mitravarma	slug:hindu:mitravarman	Mitravarman, a man	boy	मित्रवर्मन्	Mitravarman	Sanskrit	Hindu		Mahabharata	Karna Parva	MBh 8.19.3	https://gretil.sub.uni-goettingen.de/gretil/1_sanskr/2_epic/mbh/mbh_08_u.htm	3	human	personal	attested		GRETIL Mahabharata (BORI critical ed., Tokunaga/Smith e-text); Monier-Williams Sanskrit-English Dictionary (Cologne CDSL, CC BY-SA 4.0)	0.70
Nadijangha	slug:hindu:nadijangha	Nadijangha, a fabulous crane	boy	नाडीजङ्घ	Nāḍījaṅgha	Sanskrit	Hindu		Mahabharata	Vana Parva	MBh 3.191.9	https://gretil.sub.uni-goettingen.de/gretil/1_sanskr/2_epic/mbh/mbh_03_u.htm	3	human	personal	attested		GRETIL Mahabharata (BORI critical ed., Tokunaga/Smith e-text); Monier-Williams Sanskrit-English Dictionary (Cologne CDSL, CC BY-SA 4.0)	0.70
Paratangana	slug:hindu:paratangana	Paratangana, a people		परतङ्गण	Parataṅgaṇa	Sanskrit	Hindu		Mahabharata	Sabha Parva	MBh 2.48.3	https://gretil.sub.uni-goettingen.de/gretil/1_sanskr/2_epic/mbh/mbh_02_u.htm	3	tribe	personal	attested		GRETIL Mahabharata (BORI critical ed., Tokunaga/Smith e-text); Monier-Williams Sanskrit-English Dictionary (Cologne CDSL, CC BY-SA 4.0)	0.70
Pitriraj	slug:hindu:yama	Yama, the god who presides over the Pitṛs and rules the spirits of the dead	boy	पितृराज्	Pitṛrāj	Sanskrit	Hindu		Mahabharata	Adi Parva	MBh 1.180.16	https://gretil.sub.uni-goettingen.de/gretil/1_sanskr/2_epic/mbh/mbh_01_u.htm	3	deity	epithet	attested	epithet of Yama	GRETIL Mahabharata (BORI critical ed., Tokunaga/Smith e-text); Monier-Williams Sanskrit-English Dictionary (Cologne CDSL, CC BY-SA 4.0)	0.70
Sarvalakshanalakshita	slug:hindu:shiva	Shiva, the disintegrating or destroying and reproducing deity	boy	सर्वलक्षणलक्षित	Sarvalakṣaṇalakṣita	Sanskrit	Hindu		Mahabharata	Adi Parva	MBh 1.15.3	https://gretil.sub.uni-goettingen.de/gretil/1_sanskr/2_epic/mbh/mbh_01_u.htm	3	deity	epithet	attested	epithet of Shiva	GRETIL Mahabharata (BORI critical ed., Tokunaga/Smith e-text); Monier-Williams Sanskrit-English Dictionary (Cologne CDSL, CC BY-SA 4.0)	0.70
Sarvalokakrit	slug:hindu:shiva	Shiva, the disintegrating or destroying and reproducing deity	boy	सर्वलोककृत्	Sarvalokakṛt	Sanskrit	Hindu		Mahabharata	Vana Parva	MBh 3.187.34	https://gretil.sub.uni-goettingen.de/gretil/1_sanskr/2_epic/mbh/mbh_03_u.htm	3	deity	epithet	attested	epithet of Shiva	GRETIL Mahabharata (BORI critical ed., Tokunaga/Smith e-text); Monier-Williams Sanskrit-English Dictionary (Cologne CDSL, CC BY-SA 4.0)	0.70
Sauchitti	slug:hindu:satyadhriti	Satyadhriti, of several other persons	boy	सौचित्ति	Saucitti	Sanskrit	Hindu		Mahabharata	Bhishma Parva	MBh 6.89.12	https://gretil.sub.uni-goettingen.de/gretil/1_sanskr/2_epic/mbh/mbh_06_u.htm	3	human	epithet	attested	epithet of Satyadhriti; patronymic	GRETIL Mahabharata (BORI critical ed., Tokunaga/Smith e-text); Monier-Williams Sanskrit-English Dictionary (Cologne CDSL, CC BY-SA 4.0)	0.70
Shatananda	slug:hindu:shatananda	Shatananda, of a sage and other men	boy	शतानन्द	Śatānanda	Sanskrit	Hindu		Mahabharata	Shalya Parva	MBh 9.45.11	https://gretil.sub.uni-goettingen.de/gretil/1_sanskr/2_epic/mbh/mbh_09_u.htm	3	sage	personal	attested		GRETIL Mahabharata (BORI critical ed., Tokunaga/Smith e-text); Monier-Williams Sanskrit-English Dictionary (Cologne CDSL, CC BY-SA 4.0)	0.70
Shuchishravas	slug:hindu:vishnu	Vishnu, one of the principal Hindū deities	boy	शुचिश्रवस्	Śuciśravas	Sanskrit	Hindu		Mahabharata	Shanti Parva	MBh 12.43.7	https://gretil.sub.uni-goettingen.de/gretil/1_sanskr/2_epic/mbh/mbh_12_u.htm	3	deity	epithet	attested	epithet of Vishnu	GRETIL Mahabharata (BORI critical ed., Tokunaga/Smith e-text); Monier-Williams Sanskrit-English Dictionary (Cologne CDSL, CC BY-SA 4.0)	0.70
Sukshmatma	slug:hindu:shiva	Shiva, the disintegrating or destroying and reproducing deity	boy	सूक्ष्मात्मन्	Sūkṣmātman	Sanskrit	Hindu		Mahabharata	Vana Parva	MBh 3.3.28	https://gretil.sub.uni-goettingen.de/gretil/1_sanskr/2_epic/mbh/mbh_03_u.htm	3	deity	epithet	attested	epithet of Shiva	GRETIL Mahabharata (BORI critical ed., Tokunaga/Smith e-text); Monier-Williams Sanskrit-English Dictionary (Cologne CDSL, CC BY-SA 4.0)	0.70
Varishena	slug:hindu:varishena	Varishena, a king	boy	वारिषेण	Vāriṣeṇa	Sanskrit	Hindu		Mahabharata	Adi Parva	MBh 1.110.43	https://gretil.sub.uni-goettingen.de/gretil/1_sanskr/2_epic/mbh/mbh_01_u.htm	3	royal	personal	attested		GRETIL Mahabharata (BORI critical ed., Tokunaga/Smith e-text); Monier-Williams Sanskrit-English Dictionary (Cologne CDSL, CC BY-SA 4.0)	0.70
Ailavila	slug:hindu:dilipa	Dilipa, certain kings	boy	ऐलविल	Ailavila	Sanskrit	Hindu		Mahabharata	Udyoga Parva	MBh 5.109.18	https://gretil.sub.uni-goettingen.de/gretil/1_sanskr/2_epic/mbh/mbh_05_u.htm	2	human	epithet	attested	epithet of Dilipa	GRETIL Mahabharata (BORI critical ed., Tokunaga/Smith e-text); Monier-Williams Sanskrit-English Dictionary (Cologne CDSL, CC BY-SA 4.0)	0.70
Anilasarathi	slug:hindu:anilasarathi	Anilasarathi, fire	boy	अनिलसारथि	Anilasārathi	Sanskrit	Hindu		Mahabharata	Adi Parva	MBh 1.13.35	https://gretil.sub.uni-goettingen.de/gretil/1_sanskr/2_epic/mbh/mbh_01_u.htm	2	human	personal	attested		GRETIL Mahabharata (BORI critical ed., Tokunaga/Smith e-text); Monier-Williams Sanskrit-English Dictionary (Cologne CDSL, CC BY-SA 4.0)	0.70
Archikaparvata	slug:hindu:archikaparvata	Archikaparvata, a mountain		आर्चीकपर्वत	Ārcīkaparvata	Sanskrit	Hindu		Mahabharata	Vana Parva	MBh 3.125.13	https://gretil.sub.uni-goettingen.de/gretil/1_sanskr/2_epic/mbh/mbh_03_u.htm	2	place	personal	attested		GRETIL Mahabharata (BORI critical ed., Tokunaga/Smith e-text); Monier-Williams Sanskrit-English Dictionary (Cologne CDSL, CC BY-SA 4.0)	0.70
Balaksha	slug:hindu:balaksha	Balaksha, a prince	boy	बलाक्ष	Balākṣa	Sanskrit	Hindu		Mahabharata	Vana Parva	MBh 3.133.20	https://gretil.sub.uni-goettingen.de/gretil/1_sanskr/2_epic/mbh/mbh_03_u.htm	2	royal	personal	attested		GRETIL Mahabharata (BORI critical ed., Tokunaga/Smith e-text); Monier-Williams Sanskrit-English Dictionary (Cologne CDSL, CC BY-SA 4.0)	0.70
Bhagaghna	slug:hindu:shiva	Shiva, the disintegrating or destroying and reproducing deity	boy	भगघ्न	Bhagaghna	Sanskrit	Hindu		Mahabharata	Drona Parva	MBh 7.57.50	https://gretil.sub.uni-goettingen.de/gretil/1_sanskr/2_epic/mbh/mbh_07_u.htm	2	deity	epithet	attested	epithet of Shiva	GRETIL Mahabharata (BORI critical ed., Tokunaga/Smith e-text); Monier-Williams Sanskrit-English Dictionary (Cologne CDSL, CC BY-SA 4.0)	0.70
Bhaganetrahara	slug:hindu:shiva	Shiva, the disintegrating or destroying and reproducing deity	boy	भगनेत्रहर	Bhaganetrahara	Sanskrit	Hindu		Mahabharata	Adi Parva	MBh 1.103.9	https://gretil.sub.uni-goettingen.de/gretil/1_sanskr/2_epic/mbh/mbh_01_u.htm	2	deity	epithet	attested	epithet of Shiva	GRETIL Mahabharata (BORI critical ed., Tokunaga/Smith e-text); Monier-Williams Sanskrit-English Dictionary (Cologne CDSL, CC BY-SA 4.0)	0.70
Bhrikuti	slug:hindu:bhrikuti	Bhrikuti, a goddess	girl	भृकुटी	Bhṛkuṭī	Sanskrit	Hindu		Mahabharata	Vana Parva	MBh 3.149.5	https://gretil.sub.uni-goettingen.de/gretil/1_sanskr/2_epic/mbh/mbh_03_u.htm	2	deity	personal	attested		GRETIL Mahabharata (BORI critical ed., Tokunaga/Smith e-text); Monier-Williams Sanskrit-English Dictionary (Cologne CDSL, CC BY-SA 4.0)	0.70
Bhuribala	slug:hindu:bhuribala	Bhuribala, a son of Dhṛtarāṣṭra	boy	भूरिबल	Bhūribala	Sanskrit	Hindu		Mahabharata	Shalya Parva	MBh 9.25.4	https://gretil.sub.uni-goettingen.de/gretil/1_sanskr/2_epic/mbh/mbh_09_u.htm	2	human	personal	attested		GRETIL Mahabharata (BORI critical ed., Tokunaga/Smith e-text); Monier-Williams Sanskrit-English Dictionary (Cologne CDSL, CC BY-SA 4.0)	0.70
Brihanmanas	slug:hindu:brihanmanas	Brihanmanas, a grandson of Brahmā	boy	बृहन्मनस्	Bṛhanmanas	Sanskrit	Hindu		Mahabharata	Vana Parva	MBh 3.208.2	https://gretil.sub.uni-goettingen.de/gretil/1_sanskr/2_epic/mbh/mbh_03_u.htm	2	human	personal	attested		GRETIL Mahabharata (BORI critical ed., Tokunaga/Smith e-text); Monier-Williams Sanskrit-English Dictionary (Cologne CDSL, CC BY-SA 4.0)	0.70
Chakranemi	slug:hindu:chakranemi	Chakranemi, one of the mothers attending on Skanda	girl	चक्रनेमि	Cakranemi	Sanskrit	Hindu		Mahabharata	Karna Parva	MBh 8.31.40	https://gretil.sub.uni-goettingen.de/gretil/1_sanskr/2_epic/mbh/mbh_08_u.htm	2	human	personal	attested		GRETIL Mahabharata (BORI critical ed., Tokunaga/Smith e-text); Monier-Williams Sanskrit-English Dictionary (Cologne CDSL, CC BY-SA 4.0)	0.70
Daurmukhi	slug:hindu:daurmukhi	Daurmukhi, m. patr. fr	boy	दौर्मुखि	Daurmukhi	Sanskrit	Hindu		Mahabharata	Drona Parva	MBh 7.133.36	https://gretil.sub.uni-goettingen.de/gretil/1_sanskr/2_epic/mbh/mbh_07_u.htm	2	human	personal	attested		GRETIL Mahabharata (BORI critical ed., Tokunaga/Smith e-text); Monier-Williams Sanskrit-English Dictionary (Cologne CDSL, CC BY-SA 4.0)	0.70
Dauryodhani	slug:hindu:dauryodhani	Dauryodhani, m. patr. fr. D˚-yodhana	boy	दौर्योधनि	Dauryodhani	Sanskrit	Hindu		Mahabharata	Bhishma Parva	MBh 6.51.9	https://gretil.sub.uni-goettingen.de/gretil/1_sanskr/2_epic/mbh/mbh_06_u.htm	2	human	personal	attested		GRETIL Mahabharata (BORI critical ed., Tokunaga/Smith e-text); Monier-Williams Sanskrit-English Dictionary (Cologne CDSL, CC BY-SA 4.0)	0.70
Dharshtadyumna	slug:hindu:dharshtadyumna	Dharshtadyumna, or , m. patr. fr. Dhṛṣṭa-dyumna	boy	धार्ष्टद्युम्न	Dhārṣṭadyumna	Sanskrit	Hindu		Mahabharata	Karna Parva	MBh 8.60.9	https://gretil.sub.uni-goettingen.de/gretil/1_sanskr/2_epic/mbh/mbh_08_u.htm	2	human	personal	attested		GRETIL Mahabharata (BORI critical ed., Tokunaga/Smith e-text); Monier-Williams Sanskrit-English Dictionary (Cologne CDSL, CC BY-SA 4.0)	0.70
Dhurjati	slug:hindu:rudra	Rudra	boy	धूर्जटि	Dhūrjaṭi	Sanskrit	Hindu		Mahabharata	Drona Parva	MBh 7.173.88	https://gretil.sub.uni-goettingen.de/gretil/1_sanskr/2_epic/mbh/mbh_07_u.htm	2	deity	epithet	attested	epithet of Rudra	GRETIL Mahabharata (BORI critical ed., Tokunaga/Smith e-text); Monier-Williams Sanskrit-English Dictionary (Cologne CDSL, CC BY-SA 4.0)	0.70
Gargasrotas	slug:hindu:gargasrotas	Gargasrotas, a Tīrtha		गर्गस्रोतस्	Gargasrotas	Sanskrit	Hindu		Mahabharata	Shalya Parva	MBh 9.36.14	https://gretil.sub.uni-goettingen.de/gretil/1_sanskr/2_epic/mbh/mbh_09_u.htm	2	place	personal	attested		GRETIL Mahabharata (BORI critical ed., Tokunaga/Smith e-text); Monier-Williams Sanskrit-English Dictionary (Cologne CDSL, CC BY-SA 4.0)	0.70
Gavijata	slug:hindu:gavijata	Gavijata, a muni	boy	गविजात	Gavijāta	Sanskrit	Hindu		Mahabharata	Anushasana Parva	MBh 13.51.15	https://gretil.sub.uni-goettingen.de/gretil/1_sanskr/2_epic/mbh/mbh_13_u.htm	2	mythological_being	personal	attested		GRETIL Mahabharata (BORI critical ed., Tokunaga/Smith e-text); Monier-Williams Sanskrit-English Dictionary (Cologne CDSL, CC BY-SA 4.0)	0.70
Ghurnika	slug:hindu:ghurnika	Ghurnika, a woman	girl	घूर्णिका	Ghūrṇikā	Sanskrit	Hindu		Mahabharata	Adi Parva	MBh 1.73.24	https://gretil.sub.uni-goettingen.de/gretil/1_sanskr/2_epic/mbh/mbh_01_u.htm	2	human	personal	attested		GRETIL Mahabharata (BORI critical ed., Tokunaga/Smith e-text); Monier-Williams Sanskrit-English Dictionary (Cologne CDSL, CC BY-SA 4.0)	0.70
Ikshumati	slug:hindu:ikshumati	Ikshumati, a river in Kurukṣetra		इक्षुमती	Ikṣumatī	Sanskrit	Hindu		Mahabharata	Adi Parva	MBh 1.3.145	https://gretil.sub.uni-goettingen.de/gretil/1_sanskr/2_epic/mbh/mbh_01_u.htm	2	place	personal	attested		GRETIL Mahabharata (BORI critical ed., Tokunaga/Smith e-text); Monier-Williams Sanskrit-English Dictionary (Cologne CDSL, CC BY-SA 4.0)	0.70
Indraparvata	slug:hindu:indraparvata	Indraparvata, a mountain		इन्द्रपर्वत	Indraparvata	Sanskrit	Hindu		Mahabharata	Adi Parva	MBh 1.207.13	https://gretil.sub.uni-goettingen.de/gretil/1_sanskr/2_epic/mbh/mbh_01_u.htm	2	place	personal	attested		GRETIL Mahabharata (BORI critical ed., Tokunaga/Smith e-text); Monier-Williams Sanskrit-English Dictionary (Cologne CDSL, CC BY-SA 4.0)	0.70
Janaki	slug:hindu:janaki	Janaki, of a king	boy	जानकि	Jānaki	Sanskrit	Hindu		Mahabharata	Adi Parva	MBh 1.61.36	https://gretil.sub.uni-goettingen.de/gretil/1_sanskr/2_epic/mbh/mbh_01_u.htm	2	royal	personal	attested		GRETIL Mahabharata (BORI critical ed., Tokunaga/Smith e-text); Monier-Williams Sanskrit-English Dictionary (Cologne CDSL, CC BY-SA 4.0)	0.70
Jayadbala	slug:hindu:jayadbala	Jayadbala, m. ‘of victorious power’, a N. assumed by a Pāṇḍu prince at Virāṭa's court	boy	जयद्बल	Jayadbala	Sanskrit	Hindu		Mahabharata	Virata Parva	MBh 4.5.30	https://gretil.sub.uni-goettingen.de/gretil/1_sanskr/2_epic/mbh/mbh_04_u.htm	2	royal	personal	attested		GRETIL Mahabharata (BORI critical ed., Tokunaga/Smith e-text); Monier-Williams Sanskrit-English Dictionary (Cologne CDSL, CC BY-SA 4.0)	0.70
Jyotika	slug:hindu:jyotika	Jyotika, a Nāga	boy	ज्योतिक	Jyotika	Sanskrit	Hindu		Mahabharata	Adi Parva	MBh 1.31.13	https://gretil.sub.uni-goettingen.de/gretil/1_sanskr/2_epic/mbh/mbh_01_u.htm	2	mythological_being	personal	attested		GRETIL Mahabharata (BORI critical ed., Tokunaga/Smith e-text); Monier-Williams Sanskrit-English Dictionary (Cologne CDSL, CC BY-SA 4.0)	0.70
Kakutstha	slug:hindu:kakutstha	Kakutstha, a son of Śaśāda and grandson of Ikṣvāku	boy	ककुत्स्थ	Kakutstha	Sanskrit	Hindu		Mahabharata	Adi Parva	MBh 1.1.172	https://gretil.sub.uni-goettingen.de/gretil/1_sanskr/2_epic/mbh/mbh_01_u.htm	2	human	personal	attested		GRETIL Mahabharata (BORI critical ed., Tokunaga/Smith e-text); Monier-Williams Sanskrit-English Dictionary (Cologne CDSL, CC BY-SA 4.0)	0.70
Kalayogi	slug:hindu:shiva	Shiva, the disintegrating or destroying and reproducing deity	boy	कालयोगिन्	Kālayogin	Sanskrit	Hindu		Mahabharata	Vana Parva	MBh 3.148.20	https://gretil.sub.uni-goettingen.de/gretil/1_sanskr/2_epic/mbh/mbh_03_u.htm	2	deity	epithet	attested	epithet of Shiva	GRETIL Mahabharata (BORI critical ed., Tokunaga/Smith e-text); Monier-Williams Sanskrit-English Dictionary (Cologne CDSL, CC BY-SA 4.0)	0.70
Kanakayu	slug:hindu:kanakayu	Kanakayu, a son of Dhṛtarāṣṭra	boy	कनकायु	Kanakāyu	Sanskrit	Hindu		Mahabharata	Adi Parva	MBh 1.108.8	https://gretil.sub.uni-goettingen.de/gretil/1_sanskr/2_epic/mbh/mbh_01_u.htm	2	human	personal	attested		GRETIL Mahabharata (BORI critical ed., Tokunaga/Smith e-text); Monier-Williams Sanskrit-English Dictionary (Cologne CDSL, CC BY-SA 4.0)	0.70
Kapali	slug:hindu:shiva	Shiva, the disintegrating or destroying and reproducing deity	boy	कापालिन्	Kāpālin	Sanskrit	Hindu		Mahabharata	Drona Parva	MBh 7.5.25	https://gretil.sub.uni-goettingen.de/gretil/1_sanskr/2_epic/mbh/mbh_07_u.htm	2	deity	epithet	attested	epithet of Shiva	GRETIL Mahabharata (BORI critical ed., Tokunaga/Smith e-text); Monier-Williams Sanskrit-English Dictionary (Cologne CDSL, CC BY-SA 4.0)	0.70
Kapiketana	slug:hindu:arjuna-thethirdsonofpandu	Arjuna (the third son of Pāṇḍu)	boy	कपिकेतन	Kapiketana	Sanskrit	Hindu		Mahabharata	Karna Parva	MBh 8.63.78	https://gretil.sub.uni-goettingen.de/gretil/1_sanskr/2_epic/mbh/mbh_08_u.htm	2	human	epithet	attested	epithet of Arjuna	GRETIL Mahabharata (BORI critical ed., Tokunaga/Smith e-text); Monier-Williams Sanskrit-English Dictionary (Cologne CDSL, CC BY-SA 4.0)	0.70
Kapilashva	slug:hindu:kapilashva	Kapilashva, a man	boy	कपिलाश्व	Kapilāśva	Sanskrit	Hindu		Mahabharata	Vana Parva	MBh 3.195.34	https://gretil.sub.uni-goettingen.de/gretil/1_sanskr/2_epic/mbh/mbh_03_u.htm	2	human	personal	attested		GRETIL Mahabharata (BORI critical ed., Tokunaga/Smith e-text); Monier-Williams Sanskrit-English Dictionary (Cologne CDSL, CC BY-SA 4.0)	0.70
Kapindra	slug:hindu:vishnu	Vishnu, one of the principal Hindū deities	boy	कपीन्द्र	Kapīndra	Sanskrit	Hindu		Mahabharata	Anushasana Parva	MBh 13.14.24	https://gretil.sub.uni-goettingen.de/gretil/1_sanskr/2_epic/mbh/mbh_13_u.htm	2	deity	epithet	attested	epithet of Vishnu	GRETIL Mahabharata (BORI critical ed., Tokunaga/Smith e-text); Monier-Williams Sanskrit-English Dictionary (Cologne CDSL, CC BY-SA 4.0)	0.70
Kapotaroma	slug:hindu:kapotaroman	Kapotaroman, a king	boy	कपोतरोमन्	Kapotaroman	Sanskrit	Hindu		Mahabharata	Sabha Parva	MBh 2.8.16	https://gretil.sub.uni-goettingen.de/gretil/1_sanskr/2_epic/mbh/mbh_02_u.htm	2	royal	personal	attested		GRETIL Mahabharata (BORI critical ed., Tokunaga/Smith e-text); Monier-Williams Sanskrit-English Dictionary (Cologne CDSL, CC BY-SA 4.0)	0.70
Ketushringa	slug:hindu:ketushringa	Ketushringa, a king	boy	केतुशृङ्ग	Ketuśṛṅga	Sanskrit	Hindu		Mahabharata	Adi Parva	MBh 1.1.177	https://gretil.sub.uni-goettingen.de/gretil/1_sanskr/2_epic/mbh/mbh_01_u.htm	2	royal	personal	attested		GRETIL Mahabharata (BORI critical ed., Tokunaga/Smith e-text); Monier-Williams Sanskrit-English Dictionary (Cologne CDSL, CC BY-SA 4.0)	0.70
Lokadhatri	slug:hindu:shiva	Shiva, the disintegrating or destroying and reproducing deity	boy	लोकधातृ	Lokadhātṛ	Sanskrit	Hindu		Mahabharata	Karna Parva	MBh 8.24.125	https://gretil.sub.uni-goettingen.de/gretil/1_sanskr/2_epic/mbh/mbh_08_u.htm	2	deity	epithet	attested	epithet of Shiva	GRETIL Mahabharata (BORI critical ed., Tokunaga/Smith e-text); Monier-Williams Sanskrit-English Dictionary (Cologne CDSL, CC BY-SA 4.0)	0.70
Mahashva	slug:hindu:mahashva	Mahashva, a man	boy	महाश्व	Mahāśva	Sanskrit	Hindu		Mahabharata	Sabha Parva	MBh 2.8.18	https://gretil.sub.uni-goettingen.de/gretil/1_sanskr/2_epic/mbh/mbh_02_u.htm	2	human	personal	attested		GRETIL Mahabharata (BORI critical ed., Tokunaga/Smith e-text); Monier-Williams Sanskrit-English Dictionary (Cologne CDSL, CC BY-SA 4.0)	0.70
Malada	slug:hindu:malada	Malada, a people		मलद	Malada	Sanskrit	Hindu		Mahabharata	Bhishma Parva	MBh 6.10.48	https://gretil.sub.uni-goettingen.de/gretil/1_sanskr/2_epic/mbh/mbh_06_u.htm	2	tribe	personal	attested		GRETIL Mahabharata (BORI critical ed., Tokunaga/Smith e-text); Monier-Williams Sanskrit-English Dictionary (Cologne CDSL, CC BY-SA 4.0)	0.70
Nairriti	slug:hindu:nairriti	Nairriti, a demon	boy	नैरृति	Nairṛti	Sanskrit	Hindu		Mahabharata	Shalya Parva	MBh 9.45.49	https://gretil.sub.uni-goettingen.de/gretil/1_sanskr/2_epic/mbh/mbh_09_u.htm	2	demon	personal	attested		GRETIL Mahabharata (BORI critical ed., Tokunaga/Smith e-text); Monier-Williams Sanskrit-English Dictionary (Cologne CDSL, CC BY-SA 4.0)	0.70
Nilagriva	slug:hindu:shiva	Shiva, the disintegrating or destroying and reproducing deity	boy	नीलग्रीव	Nīlagrīva	Sanskrit	Hindu		Mahabharata	Drona Parva	MBh 7.57.51	https://gretil.sub.uni-goettingen.de/gretil/1_sanskr/2_epic/mbh/mbh_07_u.htm	2	deity	epithet	attested	epithet of Shiva	GRETIL Mahabharata (BORI critical ed., Tokunaga/Smith e-text); Monier-Williams Sanskrit-English Dictionary (Cologne CDSL, CC BY-SA 4.0)	0.70
Nilayudha	slug:hindu:nilayudha	Nilayudha, a people		नीलायुध	Nīlāyudha	Sanskrit	Hindu		Mahabharata	Udyoga Parva	MBh 5.19.23	https://gretil.sub.uni-goettingen.de/gretil/1_sanskr/2_epic/mbh/mbh_05_u.htm	2	tribe	personal	attested		GRETIL Mahabharata (BORI critical ed., Tokunaga/Smith e-text); Monier-Williams Sanskrit-English Dictionary (Cologne CDSL, CC BY-SA 4.0)	0.70
Niruktaga	slug:hindu:brahma	Brahma	boy	निरुक्तग	Niruktaga	Sanskrit	Hindu		Mahabharata	Shanti Parva	MBh 12.326.47	https://gretil.sub.uni-goettingen.de/gretil/1_sanskr/2_epic/mbh/mbh_12_u.htm	2	deity	epithet	attested	epithet of Brahma	GRETIL Mahabharata (BORI critical ed., Tokunaga/Smith e-text); Monier-Williams Sanskrit-English Dictionary (Cologne CDSL, CC BY-SA 4.0)	0.70
Pauravaka	slug:hindu:pauravaka	Pauravaka, a people		पौरवक	Pauravaka	Sanskrit	Hindu		Mahabharata	Bhishma Parva	MBh 6.17.26	https://gretil.sub.uni-goettingen.de/gretil/1_sanskr/2_epic/mbh/mbh_06_u.htm	2	tribe	personal	attested		GRETIL Mahabharata (BORI critical ed., Tokunaga/Smith e-text); Monier-Williams Sanskrit-English Dictionary (Cologne CDSL, CC BY-SA 4.0)	0.70
Pavakasuta	slug:hindu:sudarshana	Sudarshana, of a son of Agni and Sudarśanā	boy	पावकसुत	Pāvakasuta	Sanskrit	Hindu		Mahabharata	Anushasana Parva	MBh 13.2.41	https://gretil.sub.uni-goettingen.de/gretil/1_sanskr/2_epic/mbh/mbh_13_u.htm	2	human	epithet	attested	epithet of Sudarshana; patronymic	GRETIL Mahabharata (BORI critical ed., Tokunaga/Smith e-text); Monier-Williams Sanskrit-English Dictionary (Cologne CDSL, CC BY-SA 4.0)	0.70
Prachinvan	slug:hindu:prachinvat	Prachinvat, a son of Janam-ejaya	boy	प्राचिन्वत्	Prācinvat	Sanskrit	Hindu		Mahabharata	Adi Parva	MBh 1.90.12	https://gretil.sub.uni-goettingen.de/gretil/1_sanskr/2_epic/mbh/mbh_01_u.htm	2	human	personal	attested		GRETIL Mahabharata (BORI critical ed., Tokunaga/Smith e-text); Monier-Williams Sanskrit-English Dictionary (Cologne CDSL, CC BY-SA 4.0)	0.70
Pratismriti	slug:hindu:pratismriti	Pratismriti, a partic. kind of magic	girl	प्रतिस्मृति	Pratismṛti	Sanskrit	Hindu		Mahabharata	Vana Parva	MBh 3.37.27	https://gretil.sub.uni-goettingen.de/gretil/1_sanskr/2_epic/mbh/mbh_03_u.htm	2	human	personal	attested		GRETIL Mahabharata (BORI critical ed., Tokunaga/Smith e-text); Monier-Williams Sanskrit-English Dictionary (Cologne CDSL, CC BY-SA 4.0)	0.70
Raudrashva	slug:hindu:raudrashva	Raudrashva, a son or a more distant descendant of Puru	boy	रौद्राश्व	Raudrāśva	Sanskrit	Hindu		Mahabharata	Adi Parva	MBh 1.89.5	https://gretil.sub.uni-goettingen.de/gretil/1_sanskr/2_epic/mbh/mbh_01_u.htm	2	human	personal	attested		GRETIL Mahabharata (BORI critical ed., Tokunaga/Smith e-text); Monier-Williams Sanskrit-English Dictionary (Cologne CDSL, CC BY-SA 4.0)	0.70
Sadanira	slug:hindu:sadanira	Sadanira, a river		सदानीरा	Sadānīrā	Sanskrit	Hindu		Mahabharata	Sabha Parva	MBh 2.18.27	https://gretil.sub.uni-goettingen.de/gretil/1_sanskr/2_epic/mbh/mbh_02_u.htm	2	place	personal	attested		GRETIL Mahabharata (BORI critical ed., Tokunaga/Smith e-text); Monier-Williams Sanskrit-English Dictionary (Cologne CDSL, CC BY-SA 4.0)	0.70
Sahadevi	slug:hindu:sahadevi	Sahadevi, m. patr. fr	boy	साहदेवि	Sāhadevi	Sanskrit	Hindu		Mahabharata	Bhishma Parva	MBh 6.43.64	https://gretil.sub.uni-goettingen.de/gretil/1_sanskr/2_epic/mbh/mbh_06_u.htm	2	human	personal	attested		GRETIL Mahabharata (BORI critical ed., Tokunaga/Smith e-text); Monier-Williams Sanskrit-English Dictionary (Cologne CDSL, CC BY-SA 4.0)	0.70
Sahasramurdha	slug:hindu:vishnu	Vishnu, one of the principal Hindū deities	boy	सहस्रमूर्ध	Sahasramūrdha	Sanskrit	Hindu		Mahabharata	Anushasana Parva	MBh 13.17.129	https://gretil.sub.uni-goettingen.de/gretil/1_sanskr/2_epic/mbh/mbh_13_u.htm	2	deity	epithet	attested	epithet of Vishnu	GRETIL Mahabharata (BORI critical ed., Tokunaga/Smith e-text); Monier-Williams Sanskrit-English Dictionary (Cologne CDSL, CC BY-SA 4.0)	0.70
Sarvadhari	slug:hindu:shiva	Shiva, the disintegrating or destroying and reproducing deity	boy	सर्वधारिन्	Sarvadhārin	Sanskrit	Hindu		Mahabharata	Shanti Parva	MBh 12.315.53	https://gretil.sub.uni-goettingen.de/gretil/1_sanskr/2_epic/mbh/mbh_12_u.htm	2	deity	epithet	attested	epithet of Shiva	GRETIL Mahabharata (BORI critical ed., Tokunaga/Smith e-text); Monier-Williams Sanskrit-English Dictionary (Cologne CDSL, CC BY-SA 4.0)	0.70
Sarvavasa	slug:hindu:shiva	Shiva, the disintegrating or destroying and reproducing deity	boy	सर्ववास	Sarvavāsa	Sanskrit	Hindu		Mahabharata	Anushasana Parva	MBh 13.17.48	https://gretil.sub.uni-goettingen.de/gretil/1_sanskr/2_epic/mbh/mbh_13_u.htm	2	deity	epithet	attested	epithet of Shiva	GRETIL Mahabharata (BORI critical ed., Tokunaga/Smith e-text); Monier-Williams Sanskrit-English Dictionary (Cologne CDSL, CC BY-SA 4.0)	0.70
Satrajiti	slug:hindu:satyabhama	Satyabhama, a daughter of Satrā-jit and one of the eight wives of Kṛṣṇa	girl	सात्राजिती	Sātrājitī	Sanskrit	Hindu		Mahabharata	Vana Parva	MBh 3.222.3	https://gretil.sub.uni-goettingen.de/gretil/1_sanskr/2_epic/mbh/mbh_03_u.htm	2	human	epithet	attested	epithet of Satyabhama; patronymic	GRETIL Mahabharata (BORI critical ed., Tokunaga/Smith e-text); Monier-Williams Sanskrit-English Dictionary (Cologne CDSL, CC BY-SA 4.0)	0.70
Shalishiras	slug:hindu:shalishiras	Shalishiras, a Deva-gandharva	boy	शालिशिरस्	Śāliśiras	Sanskrit	Hindu		Mahabharata	Adi Parva	MBh 1.59.43	https://gretil.sub.uni-goettingen.de/gretil/1_sanskr/2_epic/mbh/mbh_01_u.htm	2	deity	personal	attested		GRETIL Mahabharata (BORI critical ed., Tokunaga/Smith e-text); Monier-Williams Sanskrit-English Dictionary (Cologne CDSL, CC BY-SA 4.0)	0.70
Shamatha	slug:hindu:shamatha	Shamatha, a Brahman	boy	शमठ	Śamaṭha	Sanskrit	Hindu		Mahabharata	Adi Parva	MBh 1.48.7	https://gretil.sub.uni-goettingen.de/gretil/1_sanskr/2_epic/mbh/mbh_01_u.htm	2	human	personal	attested		GRETIL Mahabharata (BORI critical ed., Tokunaga/Smith e-text); Monier-Williams Sanskrit-English Dictionary (Cologne CDSL, CC BY-SA 4.0)	0.70
Shataratha	slug:hindu:shataratha	Shataratha, a king	boy	शतरथ	Śataratha	Sanskrit	Hindu		Mahabharata	Adi Parva	MBh 1.1.173	https://gretil.sub.uni-goettingen.de/gretil/1_sanskr/2_epic/mbh/mbh_01_u.htm	2	royal	personal	attested		GRETIL Mahabharata (BORI critical ed., Tokunaga/Smith e-text); Monier-Williams Sanskrit-English Dictionary (Cologne CDSL, CC BY-SA 4.0)	0.70
Shatruvinashana	slug:hindu:shiva	Shiva, the disintegrating or destroying and reproducing deity	boy	शत्रुविनाशन	Śatruvināśana	Sanskrit	Hindu		Mahabharata	Drona Parva	MBh 7.80.31	https://gretil.sub.uni-goettingen.de/gretil/1_sanskr/2_epic/mbh/mbh_07_u.htm	2	deity	epithet	attested	epithet of Shiva	GRETIL Mahabharata (BORI critical ed., Tokunaga/Smith e-text); Monier-Williams Sanskrit-English Dictionary (Cologne CDSL, CC BY-SA 4.0)	0.70
Surapravira	slug:hindu:surapravira	Surapravira, a fire	boy	सुरप्रवीर	Surapravīra	Sanskrit	Hindu		Mahabharata	Vana Parva	MBh 3.210.13	https://gretil.sub.uni-goettingen.de/gretil/1_sanskr/2_epic/mbh/mbh_03_u.htm	2	human	personal	attested		GRETIL Mahabharata (BORI critical ed., Tokunaga/Smith e-text); Monier-Williams Sanskrit-English Dictionary (Cologne CDSL, CC BY-SA 4.0)	0.70
Surasuraguru	slug:hindu:shiva	Shiva, the disintegrating or destroying and reproducing deity	boy	सुरासुरगुरु	Surāsuraguru	Sanskrit	Hindu		Mahabharata	Shanti Parva	MBh 12.324.20	https://gretil.sub.uni-goettingen.de/gretil/1_sanskr/2_epic/mbh/mbh_12_u.htm	2	deity	epithet	attested	epithet of Shiva	GRETIL Mahabharata (BORI critical ed., Tokunaga/Smith e-text); Monier-Williams Sanskrit-English Dictionary (Cologne CDSL, CC BY-SA 4.0)	0.70
Svarbhanusudana	slug:hindu:svarbhanusudana	Svarbhanusudana, the Sun	boy	स्वर्भानुसूदन	Svarbhānusūdana	Sanskrit	Hindu		Mahabharata	Vana Parva	MBh 3.284.38	https://gretil.sub.uni-goettingen.de/gretil/1_sanskr/2_epic/mbh/mbh_03_u.htm	2	human	personal	attested		GRETIL Mahabharata (BORI critical ed., Tokunaga/Smith e-text); Monier-Williams Sanskrit-English Dictionary (Cologne CDSL, CC BY-SA 4.0)	0.70
Trailokyakartri	slug:hindu:shiva	Shiva, the disintegrating or destroying and reproducing deity	boy	त्रैलोक्यकर्तृ	Trailokyakartṛ	Sanskrit	Hindu		Mahabharata	Udyoga Parva	MBh 5.190.5	https://gretil.sub.uni-goettingen.de/gretil/1_sanskr/2_epic/mbh/mbh_05_u.htm	2	deity	epithet	attested	epithet of Shiva	GRETIL Mahabharata (BORI critical ed., Tokunaga/Smith e-text); Monier-Williams Sanskrit-English Dictionary (Cologne CDSL, CC BY-SA 4.0)	0.70
Trinabindu	slug:hindu:trinabindu	Trinabindu, an ancient sage and prince	boy	तृणबिन्दु	Tṛṇabindu	Sanskrit	Hindu		Mahabharata	Vana Parva	MBh 3.248.5	https://gretil.sub.uni-goettingen.de/gretil/1_sanskr/2_epic/mbh/mbh_03_u.htm	2	sage	personal	attested		GRETIL Mahabharata (BORI critical ed., Tokunaga/Smith e-text); Monier-Williams Sanskrit-English Dictionary (Cologne CDSL, CC BY-SA 4.0)	0.70
Veni	slug:hindu:venin	Venin, a serpent-demon	boy	वेणिन्	Veṇin	Sanskrit	Hindu		Mahabharata	Vana Parva	MBh 3.265.25	https://gretil.sub.uni-goettingen.de/gretil/1_sanskr/2_epic/mbh/mbh_03_u.htm	2	demon	personal	attested		GRETIL Mahabharata (BORI critical ed., Tokunaga/Smith e-text); Monier-Williams Sanskrit-English Dictionary (Cologne CDSL, CC BY-SA 4.0)	0.70
Vidyutparna	slug:hindu:vidyutparna	Vidyutparna, an Apsaras	girl	विद्युत्पर्णा	Vidyutparṇā	Sanskrit	Hindu		Mahabharata	Adi Parva	MBh 1.59.48	https://gretil.sub.uni-goettingen.de/gretil/1_sanskr/2_epic/mbh/mbh_01_u.htm	2	mythological_being	personal	attested		GRETIL Mahabharata (BORI critical ed., Tokunaga/Smith e-text); Monier-Williams Sanskrit-English Dictionary (Cologne CDSL, CC BY-SA 4.0)	0.70
Virincha	slug:hindu:brahma-butalsoappliedtovisnuand	Brahma (but also applied to Viṣṇu and Śiva)	boy	विरिञ्च	Viriñca	Sanskrit	Hindu		Mahabharata	Shanti Parva	MBh 12.291.17	https://gretil.sub.uni-goettingen.de/gretil/1_sanskr/2_epic/mbh/mbh_12_u.htm	2	deity	epithet	attested	epithet of Brahma	GRETIL Mahabharata (BORI critical ed., Tokunaga/Smith e-text); Monier-Williams Sanskrit-English Dictionary (Cologne CDSL, CC BY-SA 4.0)	0.70
Yajnamush	slug:hindu:yajnamush	Yajnamush, a malicious demon	boy	यज्ञमुष्	Yajñamuṣ	Sanskrit	Hindu		Mahabharata	Vana Parva	MBh 3.210.10	https://gretil.sub.uni-goettingen.de/gretil/1_sanskr/2_epic/mbh/mbh_03_u.htm	2	demon	personal	attested		GRETIL Mahabharata (BORI critical ed., Tokunaga/Smith e-text); Monier-Williams Sanskrit-English Dictionary (Cologne CDSL, CC BY-SA 4.0)	0.70
Adidaitya	slug:hindu:hiranyakashipu	Hiranyakashipu, a Daitya king noted for impiety	boy	आदिदैत्य	Ādidaitya	Sanskrit	Hindu		Mahabharata	Vana Parva	MBh 3.100.20	https://gretil.sub.uni-goettingen.de/gretil/1_sanskr/2_epic/mbh/mbh_03_u.htm	1	demon	epithet	attested	epithet of Hiranyakashipu	GRETIL Mahabharata (BORI critical ed., Tokunaga/Smith e-text); Monier-Williams Sanskrit-English Dictionary (Cologne CDSL, CC BY-SA 4.0)	0.70
Ashokatirtha	slug:hindu:ashokatirtha	Ashokatirtha, a Tīrtha		अशोकतीर्थ	Aśokatīrtha	Sanskrit	Hindu		Mahabharata	Vana Parva	MBh 3.86.10	https://gretil.sub.uni-goettingen.de/gretil/1_sanskr/2_epic/mbh/mbh_03_u.htm	1	place	personal	attested		GRETIL Mahabharata (BORI critical ed., Tokunaga/Smith e-text); Monier-Williams Sanskrit-English Dictionary (Cologne CDSL, CC BY-SA 4.0)	0.70
Autathya	slug:hindu:dirghatamas	Dirghatamas, a Ṛṣi with the patron. Aucathya and the metron. Māmateya	boy	औतथ्य	Autathya	Sanskrit	Hindu		Mahabharata	Adi Parva	MBh 1.98.9	https://gretil.sub.uni-goettingen.de/gretil/1_sanskr/2_epic/mbh/mbh_01_u.htm	1	sage	epithet	attested	epithet of Dirghatamas	GRETIL Mahabharata (BORI critical ed., Tokunaga/Smith e-text); Monier-Williams Sanskrit-English Dictionary (Cologne CDSL, CC BY-SA 4.0)	0.70
Bahyakarna	slug:hindu:bahyakarna	Bahyakarna, two Nāgas	boy	बाह्यकर्ण	Bāhyakarṇa	Sanskrit	Hindu		Mahabharata	Adi Parva	MBh 1.31.9	https://gretil.sub.uni-goettingen.de/gretil/1_sanskr/2_epic/mbh/mbh_01_u.htm	1	human	personal	attested		GRETIL Mahabharata (BORI critical ed., Tokunaga/Smith e-text); Monier-Williams Sanskrit-English Dictionary (Cologne CDSL, CC BY-SA 4.0)	0.70
Bhagaha	slug:hindu:shiva-transferredtovisnu	Shiva (transferred to Viṣṇu)	boy	भगहन्	Bhagahan	Sanskrit	Hindu		Mahabharata	Anushasana Parva	MBh 13.135.73	https://gretil.sub.uni-goettingen.de/gretil/1_sanskr/2_epic/mbh/mbh_13_u.htm	1	deity	epithet	attested	epithet of Shiva	GRETIL Mahabharata (BORI critical ed., Tokunaga/Smith e-text); Monier-Williams Sanskrit-English Dictionary (Cologne CDSL, CC BY-SA 4.0)	0.70
Bharatacharya	slug:hindu:arjunamishra-schon	Arjunamishra (Sch. on)	boy	भारताचार्य	Bhāratācārya	Sanskrit	Hindu		Mahabharata	Virata Parva	MBh 4.46.9	https://gretil.sub.uni-goettingen.de/gretil/1_sanskr/2_epic/mbh/mbh_04_u.htm	1	human	epithet	attested	epithet of Arjunamishra	GRETIL Mahabharata (BORI critical ed., Tokunaga/Smith e-text); Monier-Williams Sanskrit-English Dictionary (Cologne CDSL, CC BY-SA 4.0)	0.70
Bhimajanu	slug:hindu:bhimajanu	Bhimajanu, a king	boy	भीमजानु	Bhīmajānu	Sanskrit	Hindu		Mahabharata	Sabha Parva	MBh 2.8.19	https://gretil.sub.uni-goettingen.de/gretil/1_sanskr/2_epic/mbh/mbh_02_u.htm	1	royal	personal	attested		GRETIL Mahabharata (BORI critical ed., Tokunaga/Smith e-text); Monier-Williams Sanskrit-English Dictionary (Cologne CDSL, CC BY-SA 4.0)	0.70
Brahmeshaya	slug:hindu:vishnu	Vishnu, one of the principal Hindū deities	boy	ब्रह्मेशय	Brahmeśaya	Sanskrit	Hindu		Mahabharata	Shanti Parva	MBh 12.325.4	https://gretil.sub.uni-goettingen.de/gretil/1_sanskr/2_epic/mbh/mbh_12_u.htm	1	deity	epithet	attested	epithet of Vishnu	GRETIL Mahabharata (BORI critical ed., Tokunaga/Smith e-text); Monier-Williams Sanskrit-English Dictionary (Cologne CDSL, CC BY-SA 4.0)	0.70
Brihaka	slug:hindu:brihaka	Brihaka, a Deva-gandharva	boy	बृहक	Bṛhaka	Sanskrit	Hindu		Mahabharata	Adi Parva	MBh 1.114.46	https://gretil.sub.uni-goettingen.de/gretil/1_sanskr/2_epic/mbh/mbh_01_u.htm	1	deity	personal	attested		GRETIL Mahabharata (BORI critical ed., Tokunaga/Smith e-text); Monier-Williams Sanskrit-English Dictionary (Cologne CDSL, CC BY-SA 4.0)	0.70
Chakradeva	slug:hindu:chakradeva	Chakradeva, a warrior	boy	चक्रदेव	Cakradeva	Sanskrit	Hindu		Mahabharata	Sabha Parva	MBh 2.13.56	https://gretil.sub.uni-goettingen.de/gretil/1_sanskr/2_epic/mbh/mbh_02_u.htm	1	deity	personal	attested		GRETIL Mahabharata (BORI critical ed., Tokunaga/Smith e-text); Monier-Williams Sanskrit-English Dictionary (Cologne CDSL, CC BY-SA 4.0)	0.70
Charushravas	slug:hindu:charushravas	Charushravas, a son of Kṛṣṇa	boy	चारुश्रवस्	Cāruśravas	Sanskrit	Hindu		Mahabharata	Anushasana Parva	MBh 13.14.17	https://gretil.sub.uni-goettingen.de/gretil/1_sanskr/2_epic/mbh/mbh_13_u.htm	1	human	personal	attested		GRETIL Mahabharata (BORI critical ed., Tokunaga/Smith e-text); Monier-Williams Sanskrit-English Dictionary (Cologne CDSL, CC BY-SA 4.0)	0.70
Charuyashas	slug:hindu:charuyashas	Charuyashas, a son of Kṛṣṇa	boy	चारुयशस्	Cāruyaśas	Sanskrit	Hindu		Mahabharata	Anushasana Parva	MBh 13.14.17	https://gretil.sub.uni-goettingen.de/gretil/1_sanskr/2_epic/mbh/mbh_13_u.htm	1	human	personal	attested		GRETIL Mahabharata (BORI critical ed., Tokunaga/Smith e-text); Monier-Williams Sanskrit-English Dictionary (Cologne CDSL, CC BY-SA 4.0)	0.70
Chhandodeva	slug:hindu:matanga	Matanga, of a Muni and his family		छन्दोदेव	Chandodeva	Sanskrit	Hindu		Mahabharata	Anushasana Parva	MBh 13.30.14	https://gretil.sub.uni-goettingen.de/gretil/1_sanskr/2_epic/mbh/mbh_13_u.htm	1	tribe	epithet	attested	epithet of Matanga	GRETIL Mahabharata (BORI critical ed., Tokunaga/Smith e-text); Monier-Williams Sanskrit-English Dictionary (Cologne CDSL, CC BY-SA 4.0)	0.70
Daityaha	slug:hindu:shiva	Shiva, the disintegrating or destroying and reproducing deity	boy	दैत्यहन्	Daityahan	Sanskrit	Hindu		Mahabharata	Anushasana Parva	MBh 13.17.47	https://gretil.sub.uni-goettingen.de/gretil/1_sanskr/2_epic/mbh/mbh_13_u.htm	1	deity	epithet	attested	epithet of Shiva	GRETIL Mahabharata (BORI critical ed., Tokunaga/Smith e-text); Monier-Williams Sanskrit-English Dictionary (Cologne CDSL, CC BY-SA 4.0)	0.70
Daityanashana	slug:hindu:vishnu	Vishnu, one of the principal Hindū deities	boy	दैत्यनाशन	Daityanāśana	Sanskrit	Hindu		Mahabharata	Shanti Parva	MBh 12.47.23	https://gretil.sub.uni-goettingen.de/gretil/1_sanskr/2_epic/mbh/mbh_12_u.htm	1	deity	epithet	attested	epithet of Vishnu	GRETIL Mahabharata (BORI critical ed., Tokunaga/Smith e-text); Monier-Williams Sanskrit-English Dictionary (Cologne CDSL, CC BY-SA 4.0)	0.70
Daivachintaka	slug:hindu:shiva	Shiva, the disintegrating or destroying and reproducing deity	boy	दैवचिन्तक	Daivacintaka	Sanskrit	Hindu		Mahabharata	Shanti Parva	MBh 12.121.45	https://gretil.sub.uni-goettingen.de/gretil/1_sanskr/2_epic/mbh/mbh_12_u.htm	1	deity	epithet	attested	epithet of Shiva	GRETIL Mahabharata (BORI critical ed., Tokunaga/Smith e-text); Monier-Williams Sanskrit-English Dictionary (Cologne CDSL, CC BY-SA 4.0)	0.70
Devahvaya	slug:hindu:devahvaya	Devahvaya, a prince	boy	देवाह्वय	Devāhvaya	Sanskrit	Hindu		Mahabharata	Adi Parva	MBh 1.1.175	https://gretil.sub.uni-goettingen.de/gretil/1_sanskr/2_epic/mbh/mbh_01_u.htm	1	deity	personal	attested		GRETIL Mahabharata (BORI critical ed., Tokunaga/Smith e-text); Monier-Williams Sanskrit-English Dictionary (Cologne CDSL, CC BY-SA 4.0)	0.70
Devamidha	slug:hindu:devamidha	Devamidha, a Yādava and grandfather of Vasu-deva	boy	देवमीढ	Devamīḍha	Sanskrit	Hindu		Mahabharata	Drona Parva	MBh 7.119.6	https://gretil.sub.uni-goettingen.de/gretil/1_sanskr/2_epic/mbh/mbh_07_u.htm	1	deity	personal	attested		GRETIL Mahabharata (BORI critical ed., Tokunaga/Smith e-text); Monier-Williams Sanskrit-English Dictionary (Cologne CDSL, CC BY-SA 4.0)	0.70
Devashuni	slug:hindu:sarama	Sarama, a female dog belonging to Indra and the gods	girl	देवशुनी	Devaśunī	Sanskrit	Hindu		Mahabharata	Adi Parva	MBh 1.3.9	https://gretil.sub.uni-goettingen.de/gretil/1_sanskr/2_epic/mbh/mbh_01_u.htm	1	human	epithet	attested	epithet of Sarama	GRETIL Mahabharata (BORI critical ed., Tokunaga/Smith e-text); Monier-Williams Sanskrit-English Dictionary (Cologne CDSL, CC BY-SA 4.0)	0.70
Devasureshvara	slug:hindu:shiva	Shiva, the disintegrating or destroying and reproducing deity	boy	देवासुरेश्वर	Devāsureśvara	Sanskrit	Hindu		Mahabharata	Anushasana Parva	MBh 13.17.143	https://gretil.sub.uni-goettingen.de/gretil/1_sanskr/2_epic/mbh/mbh_13_u.htm	1	deity	epithet	attested	epithet of Shiva	GRETIL Mahabharata (BORI critical ed., Tokunaga/Smith e-text); Monier-Williams Sanskrit-English Dictionary (Cologne CDSL, CC BY-SA 4.0)	0.70
Dharshtadyumni	slug:hindu:dharshtadyumni	Dharshtadyumni, or , m. patr. fr. Dhṛṣṭa-dyumna	boy	धार्ष्टद्युम्नि	Dhārṣṭadyumni	Sanskrit	Hindu		Mahabharata	Karna Parva	MBh 8.60.10	https://gretil.sub.uni-goettingen.de/gretil/1_sanskr/2_epic/mbh/mbh_08_u.htm	1	human	personal	attested		GRETIL Mahabharata (BORI critical ed., Tokunaga/Smith e-text); Monier-Williams Sanskrit-English Dictionary (Cologne CDSL, CC BY-SA 4.0)	0.70
Dhiroshni	slug:hindu:dhiroshnin	Dhiroshnin, one of the Viśve Devās	boy	धीरोष्णिन्	Dhīroṣṇin	Sanskrit	Hindu		Mahabharata	Anushasana Parva	MBh 13.91.36	https://gretil.sub.uni-goettingen.de/gretil/1_sanskr/2_epic/mbh/mbh_13_u.htm	1	deity	personal	attested		GRETIL Mahabharata (BORI critical ed., Tokunaga/Smith e-text); Monier-Williams Sanskrit-English Dictionary (Cologne CDSL, CC BY-SA 4.0)	0.70
Dhruvakshara	slug:hindu:vishnu	Vishnu, one of the principal Hindū deities		ध्रुवाक्षर	Dhruvākṣara	Sanskrit	Hindu		Mahabharata	Adi Parva	MBh 1.57.85	https://gretil.sub.uni-goettingen.de/gretil/1_sanskr/2_epic/mbh/mbh_01_u.htm	1	deity	epithet	attested	epithet of Vishnu	GRETIL Mahabharata (BORI critical ed., Tokunaga/Smith e-text); Monier-Williams Sanskrit-English Dictionary (Cologne CDSL, CC BY-SA 4.0)	0.70
Dinasadhaka	slug:hindu:shiva	Shiva, the disintegrating or destroying and reproducing deity	boy	दीनसाधक	Dīnasādhaka	Sanskrit	Hindu		Mahabharata	Anushasana Parva	MBh 13.17.38	https://gretil.sub.uni-goettingen.de/gretil/1_sanskr/2_epic/mbh/mbh_13_u.htm	1	deity	epithet	attested	epithet of Shiva	GRETIL Mahabharata (BORI critical ed., Tokunaga/Smith e-text); Monier-Williams Sanskrit-English Dictionary (Cologne CDSL, CC BY-SA 4.0)	0.70
Diptaketu	slug:hindu:diptaketu	Diptaketu, a king	boy	दीप्तकेतु	Dīptaketu	Sanskrit	Hindu		Mahabharata	Adi Parva	MBh 1.1.177	https://gretil.sub.uni-goettingen.de/gretil/1_sanskr/2_epic/mbh/mbh_01_u.htm	1	royal	personal	attested		GRETIL Mahabharata (BORI critical ed., Tokunaga/Smith e-text); Monier-Williams Sanskrit-English Dictionary (Cologne CDSL, CC BY-SA 4.0)	0.70
Dridhasandha	slug:hindu:dridhasandha	Dridhasandha, a son of Dhṛtarāṣṭra	boy	दृढसन्ध	Dṛḍhasandha	Sanskrit	Hindu		Mahabharata	Adi Parva	MBh 1.108.9	https://gretil.sub.uni-goettingen.de/gretil/1_sanskr/2_epic/mbh/mbh_01_u.htm	1	human	personal	attested		GRETIL Mahabharata (BORI critical ed., Tokunaga/Smith e-text); Monier-Williams Sanskrit-English Dictionary (Cologne CDSL, CC BY-SA 4.0)	0.70
Dridhashva	slug:hindu:dridhashva	Dridhashva, a son of Dhundhu-māra	boy	दृढाश्व	Dṛḍhāśva	Sanskrit	Hindu		Mahabharata	Vana Parva	MBh 3.195.34	https://gretil.sub.uni-goettingen.de/gretil/1_sanskr/2_epic/mbh/mbh_03_u.htm	1	human	personal	attested		GRETIL Mahabharata (BORI critical ed., Tokunaga/Smith e-text); Monier-Williams Sanskrit-English Dictionary (Cologne CDSL, CC BY-SA 4.0)	0.70
Durariha	slug:hindu:vishnu	Vishnu, one of the principal Hindū deities	boy	दुरारिहन्	Durārihan	Sanskrit	Hindu		Mahabharata	Anushasana Parva	MBh 13.135.96	https://gretil.sub.uni-goettingen.de/gretil/1_sanskr/2_epic/mbh/mbh_13_u.htm	1	deity	epithet	attested	epithet of Vishnu	GRETIL Mahabharata (BORI critical ed., Tokunaga/Smith e-text); Monier-Williams Sanskrit-English Dictionary (Cologne CDSL, CC BY-SA 4.0)	0.70
Durgashaila	slug:hindu:durgashaila	Durgashaila, a mountain		दुर्गशैल	Durgaśaila	Sanskrit	Hindu		Mahabharata	Bhishma Parva	MBh 6.12.21	https://gretil.sub.uni-goettingen.de/gretil/1_sanskr/2_epic/mbh/mbh_06_u.htm	1	place	personal	attested		GRETIL Mahabharata (BORI critical ed., Tokunaga/Smith e-text); Monier-Williams Sanskrit-English Dictionary (Cologne CDSL, CC BY-SA 4.0)	0.70
Dushparajaya	slug:hindu:dushparajaya	Dushparajaya, a son of Dhṛtarāṣṭra	boy	दुष्पराजय	Duṣparājaya	Sanskrit	Hindu		Mahabharata	Adi Parva	MBh 1.108.9	https://gretil.sub.uni-goettingen.de/gretil/1_sanskr/2_epic/mbh/mbh_01_u.htm	1	human	personal	attested		GRETIL Mahabharata (BORI critical ed., Tokunaga/Smith e-text); Monier-Williams Sanskrit-English Dictionary (Cologne CDSL, CC BY-SA 4.0)	0.70
Gandhadhari	slug:hindu:shiva	Shiva, the disintegrating or destroying and reproducing deity	boy	गन्धधारिन्	Gandhadhārin	Sanskrit	Hindu		Mahabharata	Anushasana Parva	MBh 13.17.45	https://gretil.sub.uni-goettingen.de/gretil/1_sanskr/2_epic/mbh/mbh_13_u.htm	1	deity	epithet	attested	epithet of Shiva	GRETIL Mahabharata (BORI critical ed., Tokunaga/Smith e-text); Monier-Williams Sanskrit-English Dictionary (Cologne CDSL, CC BY-SA 4.0)	0.70
Gandhakali	slug:hindu:gandhakali	Gandhakali, the mother of the poet Vyāsa	girl	गन्धकाली	Gandhakālī	Sanskrit	Hindu		Mahabharata	Adi Parva	MBh 1.90.51	https://gretil.sub.uni-goettingen.de/gretil/1_sanskr/2_epic/mbh/mbh_01_u.htm	1	human	personal	attested		GRETIL Mahabharata (BORI critical ed., Tokunaga/Smith e-text); Monier-Williams Sanskrit-English Dictionary (Cologne CDSL, CC BY-SA 4.0)	0.70
Gavalgana	slug:hindu:gavalgana	Gavalgana, Saṃjaya's father	boy	गवल्गण	Gavalgaṇa	Sanskrit	Hindu		Mahabharata	Adi Parva	MBh 1.57.82	https://gretil.sub.uni-goettingen.de/gretil/1_sanskr/2_epic/mbh/mbh_01_u.htm	1	human	personal	attested		GRETIL Mahabharata (BORI critical ed., Tokunaga/Smith e-text); Monier-Williams Sanskrit-English Dictionary (Cologne CDSL, CC BY-SA 4.0)	0.70
Govrishabhanka	slug:hindu:shiva	Shiva, the disintegrating or destroying and reproducing deity	boy	गोवृषभाङ्क	Govṛṣabhāṅka	Sanskrit	Hindu		Mahabharata	Anushasana Parva	MBh 13.126.9	https://gretil.sub.uni-goettingen.de/gretil/1_sanskr/2_epic/mbh/mbh_13_u.htm	1	deity	epithet	attested	epithet of Shiva	GRETIL Mahabharata (BORI critical ed., Tokunaga/Smith e-text); Monier-Williams Sanskrit-English Dictionary (Cologne CDSL, CC BY-SA 4.0)	0.70
Gridhrakuta	slug:hindu:gridhrakuta	Gridhrakuta, a mountain near Rājagṛha		गृध्रकूट	Gṛdhrakūṭa	Sanskrit	Hindu		Mahabharata	Shanti Parva	MBh 12.49.73	https://gretil.sub.uni-goettingen.de/gretil/1_sanskr/2_epic/mbh/mbh_12_u.htm	1	place	personal	attested		GRETIL Mahabharata (BORI critical ed., Tokunaga/Smith e-text); Monier-Williams Sanskrit-English Dictionary (Cologne CDSL, CC BY-SA 4.0)	0.70
Hansakuta	slug:hindu:hansakuta	Hansakuta, one of the peaks of the Himālaya		हंसकूट	Haṃsakūṭa	Sanskrit	Hindu		Mahabharata	Adi Parva	MBh 1.110.45	https://gretil.sub.uni-goettingen.de/gretil/1_sanskr/2_epic/mbh/mbh_01_u.htm	1	place	personal	attested		GRETIL Mahabharata (BORI critical ed., Tokunaga/Smith e-text); Monier-Williams Sanskrit-English Dictionary (Cologne CDSL, CC BY-SA 4.0)	0.70
Havidhra	slug:hindu:havidhra	Havidhra, a king	boy	हविध्र	Havidhra	Sanskrit	Hindu		Mahabharata	Anushasana Parva	MBh 13.151.50	https://gretil.sub.uni-goettingen.de/gretil/1_sanskr/2_epic/mbh/mbh_13_u.htm	1	royal	personal	attested		GRETIL Mahabharata (BORI critical ed., Tokunaga/Smith e-text); Monier-Williams Sanskrit-English Dictionary (Cologne CDSL, CC BY-SA 4.0)	0.70
Havishravas	slug:hindu:havishravas	Havishravas, a son of Dhṛtarāṣṭra	boy	हविःश्रवस्	Haviḥśravas	Sanskrit	Hindu		Mahabharata	Adi Parva	MBh 1.89.51	https://gretil.sub.uni-goettingen.de/gretil/1_sanskr/2_epic/mbh/mbh_01_u.htm	1	human	personal	attested		GRETIL Mahabharata (BORI critical ed., Tokunaga/Smith e-text); Monier-Williams Sanskrit-English Dictionary (Cologne CDSL, CC BY-SA 4.0)	0.70
Hemaguha	slug:hindu:hemaguha	Hemaguha, a serpent-demon	boy	हेमगुह	Hemaguha	Sanskrit	Hindu		Mahabharata	Adi Parva	MBh 1.31.9	https://gretil.sub.uni-goettingen.de/gretil/1_sanskr/2_epic/mbh/mbh_01_u.htm	1	demon	personal	attested		GRETIL Mahabharata (BORI critical ed., Tokunaga/Smith e-text); Monier-Williams Sanskrit-English Dictionary (Cologne CDSL, CC BY-SA 4.0)	0.70
Hiranyavaha	slug:hindu:shiva	Shiva, the disintegrating or destroying and reproducing deity	boy	हिरण्यवाह	Hiraṇyavāha	Sanskrit	Hindu		Mahabharata	Adi Parva	MBh 1.52.6	https://gretil.sub.uni-goettingen.de/gretil/1_sanskr/2_epic/mbh/mbh_01_u.htm	1	deity	epithet	attested	epithet of Shiva	GRETIL Mahabharata (BORI critical ed., Tokunaga/Smith e-text); Monier-Williams Sanskrit-English Dictionary (Cologne CDSL, CC BY-SA 4.0)	0.70
Hutashanasahaya	slug:hindu:shiva	Shiva, the disintegrating or destroying and reproducing deity	boy	हुताशनसहाय	Hutāśanasahāya	Sanskrit	Hindu		Mahabharata	Anushasana Parva	MBh 13.17.54	https://gretil.sub.uni-goettingen.de/gretil/1_sanskr/2_epic/mbh/mbh_13_u.htm	1	deity	epithet	attested	epithet of Shiva	GRETIL Mahabharata (BORI critical ed., Tokunaga/Smith e-text); Monier-Williams Sanskrit-English Dictionary (Cologne CDSL, CC BY-SA 4.0)	0.70
Ida	slug:hindu:durga	Durga, two rivers	girl	इडा	Iḍā	Sanskrit	Hindu		Mahabharata	Udyoga Parva	MBh 5.134.4	https://gretil.sub.uni-goettingen.de/gretil/1_sanskr/2_epic/mbh/mbh_05_u.htm	1	human	epithet	attested	epithet of Durga	GRETIL Mahabharata (BORI critical ed., Tokunaga/Smith e-text); Monier-Williams Sanskrit-English Dictionary (Cologne CDSL, CC BY-SA 4.0)	0.70
Janghari	slug:hindu:janghari	Janghari, a man	boy	जङ्घारि	Jaṅghāri	Sanskrit	Hindu		Mahabharata	Anushasana Parva	MBh 13.4.56	https://gretil.sub.uni-goettingen.de/gretil/1_sanskr/2_epic/mbh/mbh_13_u.htm	1	human	personal	attested		GRETIL Mahabharata (BORI critical ed., Tokunaga/Smith e-text); Monier-Williams Sanskrit-English Dictionary (Cologne CDSL, CC BY-SA 4.0)	0.70
Jaruthi	slug:hindu:jaruthi	Jaruthi, a town		जारूथी	Jārūthī	Sanskrit	Hindu		Mahabharata	Vana Parva	MBh 3.13.27	https://gretil.sub.uni-goettingen.de/gretil/1_sanskr/2_epic/mbh/mbh_03_u.htm	1	place	personal	attested		GRETIL Mahabharata (BORI critical ed., Tokunaga/Smith e-text); Monier-Williams Sanskrit-English Dictionary (Cologne CDSL, CC BY-SA 4.0)	0.70
Kalakatankata	slug:hindu:shiva	Shiva, the disintegrating or destroying and reproducing deity	boy	कालकटङ्कट	Kālakaṭaṅkaṭa	Sanskrit	Hindu		Mahabharata	Anushasana Parva	MBh 13.17.56	https://gretil.sub.uni-goettingen.de/gretil/1_sanskr/2_epic/mbh/mbh_13_u.htm	1	deity	epithet	attested	epithet of Shiva	GRETIL Mahabharata (BORI critical ed., Tokunaga/Smith e-text); Monier-Williams Sanskrit-English Dictionary (Cologne CDSL, CC BY-SA 4.0)	0.70
Kalarupi	slug:hindu:shiva	Shiva, the disintegrating or destroying and reproducing deity	boy	कालरूपिन्	Kālarūpin	Sanskrit	Hindu		Mahabharata	Anushasana Parva	MBh 13.17.104	https://gretil.sub.uni-goettingen.de/gretil/1_sanskr/2_epic/mbh/mbh_13_u.htm	1	deity	epithet	attested	epithet of Shiva	GRETIL Mahabharata (BORI critical ed., Tokunaga/Smith e-text); Monier-Williams Sanskrit-English Dictionary (Cologne CDSL, CC BY-SA 4.0)	0.70
Karnashravas	slug:hindu:karnashravas	Karnashravas, a man	boy	कर्णश्रवस्	Karṇaśravas	Sanskrit	Hindu		Mahabharata	Vana Parva	MBh 3.27.23	https://gretil.sub.uni-goettingen.de/gretil/1_sanskr/2_epic/mbh/mbh_03_u.htm	1	human	personal	attested		GRETIL Mahabharata (BORI critical ed., Tokunaga/Smith e-text); Monier-Williams Sanskrit-English Dictionary (Cologne CDSL, CC BY-SA 4.0)	0.70
Kasheruman	slug:hindu:kasherumat	Kasherumat, a Yavana king	boy	कशेरुमत्	Kaśerumat	Sanskrit	Hindu		Mahabharata	Vana Parva	MBh 3.13.29	https://gretil.sub.uni-goettingen.de/gretil/1_sanskr/2_epic/mbh/mbh_03_u.htm	1	royal	personal	attested		GRETIL Mahabharata (BORI critical ed., Tokunaga/Smith e-text); Monier-Williams Sanskrit-English Dictionary (Cologne CDSL, CC BY-SA 4.0)	0.70
Kharajangha	slug:hindu:kharajangha	Kharajangha, one of the mothers in Skanda's retinue	girl	खरजङ्घा	Kharajaṅghā	Sanskrit	Hindu		Mahabharata	Shalya Parva	MBh 9.45.21	https://gretil.sub.uni-goettingen.de/gretil/1_sanskr/2_epic/mbh/mbh_09_u.htm	1	human	personal	attested		GRETIL Mahabharata (BORI critical ed., Tokunaga/Smith e-text); Monier-Williams Sanskrit-English Dictionary (Cologne CDSL, CC BY-SA 4.0)	0.70
Kritachetas	slug:hindu:kritachetas	Kritachetas, a Brāhman	boy	कृतचेतस्	Kṛtacetas	Sanskrit	Hindu		Mahabharata	Vana Parva	MBh 3.27.22	https://gretil.sub.uni-goettingen.de/gretil/1_sanskr/2_epic/mbh/mbh_03_u.htm	1	sage	personal	attested		GRETIL Mahabharata (BORI critical ed., Tokunaga/Smith e-text); Monier-Williams Sanskrit-English Dictionary (Cologne CDSL, CC BY-SA 4.0)	0.70
Kritavega	slug:hindu:kritavega	Kritavega, a prince	boy	कृतवेग	Kṛtavega	Sanskrit	Hindu		Mahabharata	Sabha Parva	MBh 2.8.9	https://gretil.sub.uni-goettingen.de/gretil/1_sanskr/2_epic/mbh/mbh_02_u.htm	1	royal	personal	attested		GRETIL Mahabharata (BORI critical ed., Tokunaga/Smith e-text); Monier-Williams Sanskrit-English Dictionary (Cologne CDSL, CC BY-SA 4.0)	0.70
Kukkutika	slug:hindu:kukkutika	Kukkutika, one of the mothers in Skanda's retinue	girl	कुक्कुटिका	Kukkuṭikā	Sanskrit	Hindu		Mahabharata	Shalya Parva	MBh 9.45.14	https://gretil.sub.uni-goettingen.de/gretil/1_sanskr/2_epic/mbh/mbh_09_u.htm	1	human	personal	attested		GRETIL Mahabharata (BORI critical ed., Tokunaga/Smith e-text); Monier-Williams Sanskrit-English Dictionary (Cologne CDSL, CC BY-SA 4.0)	0.70
Kundaja	slug:hindu:kundaja	Kundaja, a son of Dhṛtarāṣṭra	boy	कुण्डज	Kuṇḍaja	Sanskrit	Hindu		Mahabharata	Adi Parva	MBh 1.177.3	https://gretil.sub.uni-goettingen.de/gretil/1_sanskr/2_epic/mbh/mbh_01_u.htm	1	human	personal	attested		GRETIL Mahabharata (BORI critical ed., Tokunaga/Smith e-text); Monier-Williams Sanskrit-English Dictionary (Cologne CDSL, CC BY-SA 4.0)	0.70
Kundara	slug:hindu:vishnu	Vishnu, one of the principal Hindū deities	boy	कुन्दर	Kundara	Sanskrit	Hindu		Mahabharata	Anushasana Parva	MBh 13.135.100	https://gretil.sub.uni-goettingen.de/gretil/1_sanskr/2_epic/mbh/mbh_13_u.htm	1	deity	epithet	attested	epithet of Vishnu	GRETIL Mahabharata (BORI critical ed., Tokunaga/Smith e-text); Monier-Williams Sanskrit-English Dictionary (Cologne CDSL, CC BY-SA 4.0)	0.70
Kushadhara	slug:hindu:kushadhara	Kushadhara, a river		कुशधारा	Kuśadhārā	Sanskrit	Hindu		Mahabharata	Bhishma Parva	MBh 6.10.23	https://gretil.sub.uni-goettingen.de/gretil/1_sanskr/2_epic/mbh/mbh_06_u.htm	1	place	personal	attested		GRETIL Mahabharata (BORI critical ed., Tokunaga/Smith e-text); Monier-Williams Sanskrit-English Dictionary (Cologne CDSL, CC BY-SA 4.0)	0.70
Kushamba	slug:hindu:kushamba	Kushamba, a son of Vasu Uparicara	boy	कुशाम्ब	Kuśāmba	Sanskrit	Hindu		Mahabharata	Adi Parva	MBh 1.57.29	https://gretil.sub.uni-goettingen.de/gretil/1_sanskr/2_epic/mbh/mbh_01_u.htm	1	deity	personal	attested		GRETIL Mahabharata (BORI critical ed., Tokunaga/Smith e-text); Monier-Williams Sanskrit-English Dictionary (Cologne CDSL, CC BY-SA 4.0)	0.70
Kuvaleshaya	slug:hindu:vishnu	Vishnu, one of the principal Hindū deities	boy	कुवलेशय	Kuvaleśaya	Sanskrit	Hindu		Mahabharata	Anushasana Parva	MBh 13.135.76	https://gretil.sub.uni-goettingen.de/gretil/1_sanskr/2_epic/mbh/mbh_13_u.htm	1	deity	epithet	attested	epithet of Vishnu	GRETIL Mahabharata (BORI critical ed., Tokunaga/Smith e-text); Monier-Williams Sanskrit-English Dictionary (Cologne CDSL, CC BY-SA 4.0)	0.70
Langaladhvaja	slug:hindu:balarama-qv	Balarama (q.v.)	boy	लाङ्गलध्वज	Lāṅgaladhvaja	Sanskrit	Hindu		Mahabharata	Udyoga Parva	MBh 5.3.4	https://gretil.sub.uni-goettingen.de/gretil/1_sanskr/2_epic/mbh/mbh_05_u.htm	1	human	epithet	attested	epithet of Balarama	GRETIL Mahabharata (BORI critical ed., Tokunaga/Smith e-text); Monier-Williams Sanskrit-English Dictionary (Cologne CDSL, CC BY-SA 4.0)	0.70
Lavanashva	slug:hindu:lavanashva	Lavanashva, a Brāhman	boy	लवणाश्व	Lavaṇāśva	Sanskrit	Hindu		Mahabharata	Vana Parva	MBh 3.27.23	https://gretil.sub.uni-goettingen.de/gretil/1_sanskr/2_epic/mbh/mbh_03_u.htm	1	sage	personal	attested		GRETIL Mahabharata (BORI critical ed., Tokunaga/Smith e-text); Monier-Williams Sanskrit-English Dictionary (Cologne CDSL, CC BY-SA 4.0)	0.70
Lokasaranga	slug:hindu:vishnu	Vishnu, one of the principal Hindū deities	boy	लोकसारङ्ग	Lokasāraṅga	Sanskrit	Hindu		Mahabharata	Anushasana Parva	MBh 13.135.97	https://gretil.sub.uni-goettingen.de/gretil/1_sanskr/2_epic/mbh/mbh_13_u.htm	1	deity	epithet	attested	epithet of Vishnu	GRETIL Mahabharata (BORI critical ed., Tokunaga/Smith e-text); Monier-Williams Sanskrit-English Dictionary (Cologne CDSL, CC BY-SA 4.0)	0.70
Mahagita	slug:hindu:shiva	Shiva, the disintegrating or destroying and reproducing deity	boy	महागीत	Mahāgīta	Sanskrit	Hindu		Mahabharata	Anushasana Parva	MBh 13.17.114	https://gretil.sub.uni-goettingen.de/gretil/1_sanskr/2_epic/mbh/mbh_13_u.htm	1	deity	epithet	attested	epithet of Shiva	GRETIL Mahabharata (BORI critical ed., Tokunaga/Smith e-text); Monier-Williams Sanskrit-English Dictionary (Cologne CDSL, CC BY-SA 4.0)	0.70
Mahamayadhara	slug:hindu:vishnu	Vishnu, one of the principal Hindū deities	boy	महामायाधर	Mahāmāyādhara	Sanskrit	Hindu		Mahabharata	Shanti Parva	MBh 12.325.4	https://gretil.sub.uni-goettingen.de/gretil/1_sanskr/2_epic/mbh/mbh_12_u.htm	1	deity	epithet	attested	epithet of Vishnu	GRETIL Mahabharata (BORI critical ed., Tokunaga/Smith e-text); Monier-Williams Sanskrit-English Dictionary (Cologne CDSL, CC BY-SA 4.0)	0.70
Mahameghanivasi	slug:hindu:shiva	Shiva, the disintegrating or destroying and reproducing deity	boy	महामेघनिवासिन्	Mahāmeghanivāsin	Sanskrit	Hindu		Mahabharata	Anushasana Parva	MBh 13.17.79	https://gretil.sub.uni-goettingen.de/gretil/1_sanskr/2_epic/mbh/mbh_13_u.htm	1	deity	epithet	attested	epithet of Shiva	GRETIL Mahabharata (BORI critical ed., Tokunaga/Smith e-text); Monier-Williams Sanskrit-English Dictionary (Cologne CDSL, CC BY-SA 4.0)	0.70
Maharajika	slug:hindu:vishnu	Vishnu, one of the principal Hindū deities	boy	महाराजिक	Mahārājika	Sanskrit	Hindu		Mahabharata	Shanti Parva	MBh 12.325.4	https://gretil.sub.uni-goettingen.de/gretil/1_sanskr/2_epic/mbh/mbh_12_u.htm	1	deity	epithet	attested	epithet of Vishnu	GRETIL Mahabharata (BORI critical ed., Tokunaga/Smith e-text); Monier-Williams Sanskrit-English Dictionary (Cologne CDSL, CC BY-SA 4.0)	0.70
Mahatushita	slug:hindu:vishnu	Vishnu, one of the principal Hindū deities	boy	महातुषित	Mahātuṣita	Sanskrit	Hindu		Mahabharata	Shanti Parva	MBh 12.325.4	https://gretil.sub.uni-goettingen.de/gretil/1_sanskr/2_epic/mbh/mbh_12_u.htm	1	deity	epithet	attested	epithet of Vishnu	GRETIL Mahabharata (BORI critical ed., Tokunaga/Smith e-text); Monier-Williams Sanskrit-English Dictionary (Cologne CDSL, CC BY-SA 4.0)	0.70
Mahayajnabhagahara	slug:hindu:vishnu	Vishnu, one of the principal Hindū deities	boy	महायज्ञभागहर	Mahāyajñabhāgahara	Sanskrit	Hindu		Mahabharata	Shanti Parva	MBh 12.325.4	https://gretil.sub.uni-goettingen.de/gretil/1_sanskr/2_epic/mbh/mbh_12_u.htm	1	deity	epithet	attested	epithet of Vishnu	GRETIL Mahabharata (BORI critical ed., Tokunaga/Smith e-text); Monier-Williams Sanskrit-English Dictionary (Cologne CDSL, CC BY-SA 4.0)	0.70
Mahayamya	slug:hindu:vishnu	Vishnu, one of the principal Hindū deities	boy	महायाम्य	Mahāyāmya	Sanskrit	Hindu		Mahabharata	Shanti Parva	MBh 12.325.4	https://gretil.sub.uni-goettingen.de/gretil/1_sanskr/2_epic/mbh/mbh_12_u.htm	1	deity	epithet	attested	epithet of Vishnu	GRETIL Mahabharata (BORI critical ed., Tokunaga/Smith e-text); Monier-Williams Sanskrit-English Dictionary (Cologne CDSL, CC BY-SA 4.0)	0.70
Makaraketuman	slug:hindu:kamadeva	Kamadeva	boy	मकरकेतुमत्	Makaraketumat	Sanskrit	Hindu		Mahabharata	Vana Parva	MBh 3.19.11	https://gretil.sub.uni-goettingen.de/gretil/1_sanskr/2_epic/mbh/mbh_03_u.htm	1	human	epithet	attested	epithet of Kamadeva	GRETIL Mahabharata (BORI critical ed., Tokunaga/Smith e-text); Monier-Williams Sanskrit-English Dictionary (Cologne CDSL, CC BY-SA 4.0)	0.70
Medhaja	slug:hindu:vishnu	Vishnu, one of the principal Hindū deities	boy	मेधज	Medhaja	Sanskrit	Hindu		Mahabharata	Anushasana Parva	MBh 13.135.93	https://gretil.sub.uni-goettingen.de/gretil/1_sanskr/2_epic/mbh/mbh_13_u.htm	1	deity	epithet	attested	epithet of Vishnu	GRETIL Mahabharata (BORI critical ed., Tokunaga/Smith e-text); Monier-Williams Sanskrit-English Dictionary (Cologne CDSL, CC BY-SA 4.0)	0.70
Medhraja	slug:hindu:shiva	Shiva, the disintegrating or destroying and reproducing deity	boy	मेढ्रज	Meḍhraja	Sanskrit	Hindu		Mahabharata	Anushasana Parva	MBh 13.17.58	https://gretil.sub.uni-goettingen.de/gretil/1_sanskr/2_epic/mbh/mbh_13_u.htm	1	deity	epithet	attested	epithet of Shiva	GRETIL Mahabharata (BORI critical ed., Tokunaga/Smith e-text); Monier-Williams Sanskrit-English Dictionary (Cologne CDSL, CC BY-SA 4.0)	0.70
Mitrabhanu	slug:hindu:mitrabhanu	Mitrabhanu, a king	boy	मित्रभानु	Mitrabhānu	Sanskrit	Hindu		Mahabharata	Anushasana Parva	MBh 13.151.46	https://gretil.sub.uni-goettingen.de/gretil/1_sanskr/2_epic/mbh/mbh_13_u.htm	1	royal	personal	attested		GRETIL Mahabharata (BORI critical ed., Tokunaga/Smith e-text); Monier-Williams Sanskrit-English Dictionary (Cologne CDSL, CC BY-SA 4.0)	0.70
Modagiri	slug:hindu:modagiri	Modagiri, a country		मोदागिरि	Modāgiri	Sanskrit	Hindu		Mahabharata	Sabha Parva	MBh 2.27.19	https://gretil.sub.uni-goettingen.de/gretil/1_sanskr/2_epic/mbh/mbh_02_u.htm	1	place	personal	attested		GRETIL Mahabharata (BORI critical ed., Tokunaga/Smith e-text); Monier-Williams Sanskrit-English Dictionary (Cologne CDSL, CC BY-SA 4.0)	0.70
Modapura	slug:hindu:modapura	Modapura, a town		मोदापुर	Modāpura	Sanskrit	Hindu		Mahabharata	Sabha Parva	MBh 2.24.10	https://gretil.sub.uni-goettingen.de/gretil/1_sanskr/2_epic/mbh/mbh_02_u.htm	1	place	personal	attested		GRETIL Mahabharata (BORI critical ed., Tokunaga/Smith e-text); Monier-Williams Sanskrit-English Dictionary (Cologne CDSL, CC BY-SA 4.0)	0.70
Mudgarapindaka	slug:hindu:mudgarapindaka	Mudgarapindaka, two Nāgas	boy	मुद्गरपिण्डक	Mudgarapiṇḍaka	Sanskrit	Hindu		Mahabharata	Adi Parva	MBh 1.31.9	https://gretil.sub.uni-goettingen.de/gretil/1_sanskr/2_epic/mbh/mbh_01_u.htm	1	human	personal	attested		GRETIL Mahabharata (BORI critical ed., Tokunaga/Smith e-text); Monier-Williams Sanskrit-English Dictionary (Cologne CDSL, CC BY-SA 4.0)	0.70
Nagadvipa	slug:hindu:nagadvipa	Nagadvipa, a Dvīpa in Jambū-khaṇḍa or Bhārata-varṣa		नागद्वीप	Nāgadvīpa	Sanskrit	Hindu		Mahabharata	Bhishma Parva	MBh 6.7.52	https://gretil.sub.uni-goettingen.de/gretil/1_sanskr/2_epic/mbh/mbh_06_u.htm	1	place	personal	attested		GRETIL Mahabharata (BORI critical ed., Tokunaga/Smith e-text); Monier-Williams Sanskrit-English Dictionary (Cologne CDSL, CC BY-SA 4.0)	0.70
Nakshatranemi	slug:hindu:vishnu	Vishnu, one of the principal Hindū deities	boy	नक्षत्रनेमि	Nakṣatranemi	Sanskrit	Hindu		Mahabharata	Anushasana Parva	MBh 13.135.60	https://gretil.sub.uni-goettingen.de/gretil/1_sanskr/2_epic/mbh/mbh_13_u.htm	1	deity	epithet	attested	epithet of Vishnu	GRETIL Mahabharata (BORI critical ed., Tokunaga/Smith e-text); Monier-Williams Sanskrit-English Dictionary (Cologne CDSL, CC BY-SA 4.0)	0.70
Nakshatri	slug:hindu:vishnu	Vishnu, one of the principal Hindū deities	boy	नक्षत्रिन्	Nakṣatrin	Sanskrit	Hindu		Mahabharata	Anushasana Parva	MBh 13.135.60	https://gretil.sub.uni-goettingen.de/gretil/1_sanskr/2_epic/mbh/mbh_13_u.htm	1	deity	epithet	attested	epithet of Vishnu	GRETIL Mahabharata (BORI critical ed., Tokunaga/Smith e-text); Monier-Williams Sanskrit-English Dictionary (Cologne CDSL, CC BY-SA 4.0)	0.70
Nandivega	slug:hindu:nandivega	Nandivega, a people		नन्दिवेग	Nandivega	Sanskrit	Hindu		Mahabharata	Udyoga Parva	MBh 5.72.17	https://gretil.sub.uni-goettingen.de/gretil/1_sanskr/2_epic/mbh/mbh_05_u.htm	1	tribe	personal	attested		GRETIL Mahabharata (BORI critical ed., Tokunaga/Smith e-text); Monier-Williams Sanskrit-English Dictionary (Cologne CDSL, CC BY-SA 4.0)	0.70
Nikharvata	slug:hindu:nikharvata	Nikharvata, a Rakṣas	boy	निखर्वट	Nikharvaṭa	Sanskrit	Hindu		Mahabharata	Vana Parva	MBh 3.269.8	https://gretil.sub.uni-goettingen.de/gretil/1_sanskr/2_epic/mbh/mbh_03_u.htm	1	demon	personal	attested		GRETIL Mahabharata (BORI critical ed., Tokunaga/Smith e-text); Monier-Williams Sanskrit-English Dictionary (Cologne CDSL, CC BY-SA 4.0)	0.70
Niramarda	slug:hindu:niramarda	Niramarda, a king	boy	निरामर्द	Nirāmarda	Sanskrit	Hindu		Mahabharata	Adi Parva	MBh 1.1.177	https://gretil.sub.uni-goettingen.de/gretil/1_sanskr/2_epic/mbh/mbh_01_u.htm	1	royal	personal	attested		GRETIL Mahabharata (BORI critical ed., Tokunaga/Smith e-text); Monier-Williams Sanskrit-English Dictionary (Cologne CDSL, CC BY-SA 4.0)	0.70
Nitambhu	slug:hindu:nitambhu	Nitambhu, a man	boy	नितम्भू	Nitambhū	Sanskrit	Hindu		Mahabharata	Anushasana Parva	MBh 13.27.8	https://gretil.sub.uni-goettingen.de/gretil/1_sanskr/2_epic/mbh/mbh_13_u.htm	1	human	personal	attested		GRETIL Mahabharata (BORI critical ed., Tokunaga/Smith e-text); Monier-Williams Sanskrit-English Dictionary (Cologne CDSL, CC BY-SA 4.0)	0.70
Padmagriha	slug:hindu:lakshmi	Lakshmi, the goddess of fortune and beauty	girl	पद्मगृहा	Padmagṛhā	Sanskrit	Hindu		Mahabharata	Adi Parva	MBh 1.60.50	https://gretil.sub.uni-goettingen.de/gretil/1_sanskr/2_epic/mbh/mbh_01_u.htm	1	deity	epithet	attested	epithet of Lakshmi	GRETIL Mahabharata (BORI critical ed., Tokunaga/Smith e-text); Monier-Williams Sanskrit-English Dictionary (Cologne CDSL, CC BY-SA 4.0)	0.70
Padmamalini	slug:hindu:shri	Shri	girl	पद्ममालिनी	Padmamālinī	Sanskrit	Hindu		Mahabharata	Shanti Parva	MBh 12.221.20	https://gretil.sub.uni-goettingen.de/gretil/1_sanskr/2_epic/mbh/mbh_12_u.htm	1	human	epithet	attested	epithet of Shri	GRETIL Mahabharata (BORI critical ed., Tokunaga/Smith e-text); Monier-Williams Sanskrit-English Dictionary (Cologne CDSL, CC BY-SA 4.0)	0.70
Padmarupa	slug:hindu:shri	Shri	girl	पद्मरूपा	Padmarūpā	Sanskrit	Hindu		Mahabharata	Vana Parva	MBh 3.218.3	https://gretil.sub.uni-goettingen.de/gretil/1_sanskr/2_epic/mbh/mbh_03_u.htm	1	human	epithet	attested	epithet of Shri	GRETIL Mahabharata (BORI critical ed., Tokunaga/Smith e-text); Monier-Williams Sanskrit-English Dictionary (Cologne CDSL, CC BY-SA 4.0)	0.70
Padmeshaya	slug:hindu:vishnu	Vishnu, one of the principal Hindū deities	boy	पद्मेशय	Padmeśaya	Sanskrit	Hindu		Mahabharata	Shanti Parva	MBh 12.325.4	https://gretil.sub.uni-goettingen.de/gretil/1_sanskr/2_epic/mbh/mbh_12_u.htm	1	deity	epithet	attested	epithet of Vishnu	GRETIL Mahabharata (BORI critical ed., Tokunaga/Smith e-text); Monier-Williams Sanskrit-English Dictionary (Cologne CDSL, CC BY-SA 4.0)	0.70
Panchamahakalpa	slug:hindu:vishnu	Vishnu, one of the principal Hindū deities	boy	पञ्चमहाकल्प	Pañcamahākalpa	Sanskrit	Hindu		Mahabharata	Shanti Parva	MBh 12.325.4	https://gretil.sub.uni-goettingen.de/gretil/1_sanskr/2_epic/mbh/mbh_12_u.htm	1	deity	epithet	attested	epithet of Vishnu	GRETIL Mahabharata (BORI critical ed., Tokunaga/Smith e-text); Monier-Williams Sanskrit-English Dictionary (Cologne CDSL, CC BY-SA 4.0)	0.70
Paramakrodhi	slug:hindu:paramakrodhin	Paramakrodhin, one of the Viśve-devās	boy	परमक्रोधिन्	Paramakrodhin	Sanskrit	Hindu		Mahabharata	Anushasana Parva	MBh 13.91.36	https://gretil.sub.uni-goettingen.de/gretil/1_sanskr/2_epic/mbh/mbh_13_u.htm	1	human	personal	attested		GRETIL Mahabharata (BORI critical ed., Tokunaga/Smith e-text); Monier-Williams Sanskrit-English Dictionary (Cologne CDSL, CC BY-SA 4.0)	0.70
Paramesha	slug:hindu:vishnu	Vishnu, one of the principal Hindū deities	boy	परमेश	Parameśa	Sanskrit	Hindu		Mahabharata	Bhishma Parva	MBh 6.61.58	https://gretil.sub.uni-goettingen.de/gretil/1_sanskr/2_epic/mbh/mbh_06_u.htm	1	deity	epithet	attested	epithet of Vishnu	GRETIL Mahabharata (BORI critical ed., Tokunaga/Smith e-text); Monier-Williams Sanskrit-English Dictionary (Cologne CDSL, CC BY-SA 4.0)	0.70
Patusha	slug:hindu:patusha	Patusha, a Rākṣasa	boy	पटुश	Paṭuśa	Sanskrit	Hindu		Mahabharata	Vana Parva	MBh 3.269.8	https://gretil.sub.uni-goettingen.de/gretil/1_sanskr/2_epic/mbh/mbh_03_u.htm	1	demon	personal	attested		GRETIL Mahabharata (BORI critical ed., Tokunaga/Smith e-text); Monier-Williams Sanskrit-English Dictionary (Cologne CDSL, CC BY-SA 4.0)	0.70
Paurukutsa	slug:hindu:trasadasyu	Trasadasyu, a prince	boy	पौरुकुत्स	Paurukutsa	Sanskrit	Hindu		Mahabharata	Vana Parva	MBh 3.96.12	https://gretil.sub.uni-goettingen.de/gretil/1_sanskr/2_epic/mbh/mbh_03_u.htm	1	royal	epithet	attested	epithet of Trasadasyu; patronymic	GRETIL Mahabharata (BORI critical ed., Tokunaga/Smith e-text); Monier-Williams Sanskrit-English Dictionary (Cologne CDSL, CC BY-SA 4.0)	0.70
Paushti	slug:hindu:paushti	Paushti, the wife of Pūru	girl	पौष्टी	Pauṣṭī	Sanskrit	Hindu		Mahabharata	Adi Parva	MBh 1.89.5	https://gretil.sub.uni-goettingen.de/gretil/1_sanskr/2_epic/mbh/mbh_01_u.htm	1	human	personal	attested		GRETIL Mahabharata (BORI critical ed., Tokunaga/Smith e-text); Monier-Williams Sanskrit-English Dictionary (Cologne CDSL, CC BY-SA 4.0)	0.70
Pramuchu	slug:hindu:pramuchu	Pramuchu, a Ṛṣi	boy	प्रमुचु	Pramucu	Sanskrit	Hindu		Mahabharata	Anushasana Parva	MBh 13.151.32	https://gretil.sub.uni-goettingen.de/gretil/1_sanskr/2_epic/mbh/mbh_13_u.htm	1	sage	personal	attested		GRETIL Mahabharata (BORI critical ed., Tokunaga/Smith e-text); Monier-Williams Sanskrit-English Dictionary (Cologne CDSL, CC BY-SA 4.0)	0.70
Prasritaja	slug:hindu:prasritaja	Prasritaja, a partic. class of sons	boy	प्रसृतज	Prasṛtaja	Sanskrit	Hindu		Mahabharata	Anushasana Parva	MBh 13.49.3	https://gretil.sub.uni-goettingen.de/gretil/1_sanskr/2_epic/mbh/mbh_13_u.htm	1	human	personal	attested		GRETIL Mahabharata (BORI critical ed., Tokunaga/Smith e-text); Monier-Williams Sanskrit-English Dictionary (Cologne CDSL, CC BY-SA 4.0)	0.70
Prastotri	slug:hindu:prastotri	Prastotri, the assistant of the Udgātṛ	boy	प्रस्तोतृ	Prastotṛ	Sanskrit	Hindu		Mahabharata	Udyoga Parva	MBh 5.139.33	https://gretil.sub.uni-goettingen.de/gretil/1_sanskr/2_epic/mbh/mbh_05_u.htm	1	human	personal	attested		GRETIL Mahabharata (BORI critical ed., Tokunaga/Smith e-text); Monier-Williams Sanskrit-English Dictionary (Cologne CDSL, CC BY-SA 4.0)	0.70
Prathamatrisauparna	slug:hindu:vishnu	Vishnu, one of the principal Hindū deities	boy	प्रथमत्रिसौपर्ण	Prathamatrisauparṇa	Sanskrit	Hindu		Mahabharata	Shanti Parva	MBh 12.325.4	https://gretil.sub.uni-goettingen.de/gretil/1_sanskr/2_epic/mbh/mbh_12_u.htm	1	deity	epithet	attested	epithet of Vishnu	GRETIL Mahabharata (BORI critical ed., Tokunaga/Smith e-text); Monier-Williams Sanskrit-English Dictionary (Cologne CDSL, CC BY-SA 4.0)	0.70
Pratyagraha	slug:hindu:pratyagraha	Pratyagraha, a son of Vasu and king of the Cedis	boy	प्रत्यग्रह	Pratyagraha	Sanskrit	Hindu		Mahabharata	Adi Parva	MBh 1.57.29	https://gretil.sub.uni-goettingen.de/gretil/1_sanskr/2_epic/mbh/mbh_01_u.htm	1	deity	personal	attested		GRETIL Mahabharata (BORI critical ed., Tokunaga/Smith e-text); Monier-Williams Sanskrit-English Dictionary (Cologne CDSL, CC BY-SA 4.0)	0.70
Prithuhara	slug:hindu:shiva	Shiva, the disintegrating or destroying and reproducing deity	boy	पृथुहर	Pṛthuhara	Sanskrit	Hindu		Mahabharata	Ashvamedhika Parva	MBh 14.8.29	https://gretil.sub.uni-goettingen.de/gretil/1_sanskr/2_epic/mbh/mbh_14_u.htm	1	deity	epithet	attested	epithet of Shiva	GRETIL Mahabharata (BORI critical ed., Tokunaga/Smith e-text); Monier-Williams Sanskrit-English Dictionary (Cologne CDSL, CC BY-SA 4.0)	0.70
Puranjaya	slug:hindu:puranjaya	Puranjaya, a hero on the side of the Kurus		पुरञ्जय	Purañjaya	Sanskrit	Hindu		Mahabharata	Drona Parva	MBh 7.131.85	https://gretil.sub.uni-goettingen.de/gretil/1_sanskr/2_epic/mbh/mbh_07_u.htm	1	place	personal	attested		GRETIL Mahabharata (BORI critical ed., Tokunaga/Smith e-text); Monier-Williams Sanskrit-English Dictionary (Cologne CDSL, CC BY-SA 4.0)	0.70
Purnangada	slug:hindu:purnangada	Purnangada, a serpent-demon	boy	पूर्णाङ्गद	Pūrṇāṅgada	Sanskrit	Hindu		Mahabharata	Adi Parva	MBh 1.52.14	https://gretil.sub.uni-goettingen.de/gretil/1_sanskr/2_epic/mbh/mbh_01_u.htm	1	demon	personal	attested		GRETIL Mahabharata (BORI critical ed., Tokunaga/Smith e-text); Monier-Williams Sanskrit-English Dictionary (Cologne CDSL, CC BY-SA 4.0)	0.70
Purvapali	slug:hindu:purvapalin	Purvapalin, a prince	boy	पूर्वपालिन्	Pūrvapālin	Sanskrit	Hindu		Mahabharata	Udyoga Parva	MBh 5.4.22	https://gretil.sub.uni-goettingen.de/gretil/1_sanskr/2_epic/mbh/mbh_05_u.htm	1	royal	personal	attested		GRETIL Mahabharata (BORI critical ed., Tokunaga/Smith e-text); Monier-Williams Sanskrit-English Dictionary (Cologne CDSL, CC BY-SA 4.0)	0.70
Pushanuja	slug:hindu:parjanya	Parjanya, of a Deva-gandharva or Gandharva	boy	पूषानुज	Pūṣānuja	Sanskrit	Hindu		Mahabharata	Karna Parva	MBh 8.15.27	https://gretil.sub.uni-goettingen.de/gretil/1_sanskr/2_epic/mbh/mbh_08_u.htm	1	mythological_being	epithet	attested	epithet of Parjanya	GRETIL Mahabharata (BORI critical ed., Tokunaga/Smith e-text); Monier-Williams Sanskrit-English Dictionary (Cologne CDSL, CC BY-SA 4.0)	0.70
Ramanaka	slug:hindu:ramanaka	Ramanaka, a Varṣa		रमणक	Ramaṇaka	Sanskrit	Hindu		Mahabharata	Bhishma Parva	MBh 6.9.2	https://gretil.sub.uni-goettingen.de/gretil/1_sanskr/2_epic/mbh/mbh_06_u.htm	1	place	personal	attested		GRETIL Mahabharata (BORI critical ed., Tokunaga/Smith e-text); Monier-Williams Sanskrit-English Dictionary (Cologne CDSL, CC BY-SA 4.0)	0.70
Rudratanaya	slug:hindu:rudratanaya	Rudratanaya, Punishment	boy	रुद्रतनय	Rudratanaya	Sanskrit	Hindu		Mahabharata	Shanti Parva	MBh 12.121.21	https://gretil.sub.uni-goettingen.de/gretil/1_sanskr/2_epic/mbh/mbh_12_u.htm	1	human	personal	attested		GRETIL Mahabharata (BORI critical ed., Tokunaga/Smith e-text); Monier-Williams Sanskrit-English Dictionary (Cologne CDSL, CC BY-SA 4.0)	0.70
Sabhavana	slug:hindu:shiva	Shiva, the disintegrating or destroying and reproducing deity	boy	सभावन	Sabhāvana	Sanskrit	Hindu		Mahabharata	Anushasana Parva	MBh 13.17.109	https://gretil.sub.uni-goettingen.de/gretil/1_sanskr/2_epic/mbh/mbh_13_u.htm	1	deity	epithet	attested	epithet of Shiva	GRETIL Mahabharata (BORI critical ed., Tokunaga/Smith e-text); Monier-Williams Sanskrit-English Dictionary (Cologne CDSL, CC BY-SA 4.0)	0.70
Saindhavayana	slug:hindu:saindhavayana	Saindhavayana, a Ṛṣi	boy	सैन्धवायन	Saindhavāyana	Sanskrit	Hindu		Mahabharata	Anushasana Parva	MBh 13.4.50	https://gretil.sub.uni-goettingen.de/gretil/1_sanskr/2_epic/mbh/mbh_13_u.htm	1	sage	personal	attested		GRETIL Mahabharata (BORI critical ed., Tokunaga/Smith e-text); Monier-Williams Sanskrit-English Dictionary (Cologne CDSL, CC BY-SA 4.0)	0.70
Samaramardana	slug:hindu:shiva	Shiva, the disintegrating or destroying and reproducing deity	boy	समरमर्दन	Samaramardana	Sanskrit	Hindu		Mahabharata	Anushasana Parva	MBh 13.17.78	https://gretil.sub.uni-goettingen.de/gretil/1_sanskr/2_epic/mbh/mbh_13_u.htm	1	deity	epithet	attested	epithet of Shiva	GRETIL Mahabharata (BORI critical ed., Tokunaga/Smith e-text); Monier-Williams Sanskrit-English Dictionary (Cologne CDSL, CC BY-SA 4.0)	0.70
Sankhyamukhya	slug:hindu:shiva	Shiva, the disintegrating or destroying and reproducing deity	boy	साङ्ख्यमुख्य	Sāṅkhyamukhya	Sanskrit	Hindu		Mahabharata	Shanti Parva	MBh 12.308.27	https://gretil.sub.uni-goettingen.de/gretil/1_sanskr/2_epic/mbh/mbh_12_u.htm	1	deity	epithet	attested	epithet of Shiva	GRETIL Mahabharata (BORI critical ed., Tokunaga/Smith e-text); Monier-Williams Sanskrit-English Dictionary (Cologne CDSL, CC BY-SA 4.0)	0.70
Sankhyasamapana	slug:hindu:shiva	Shiva, the disintegrating or destroying and reproducing deity	boy	सङ्ख्यासमापन	Saṅkhyāsamāpana	Sanskrit	Hindu		Mahabharata	Anushasana Parva	MBh 13.17.138	https://gretil.sub.uni-goettingen.de/gretil/1_sanskr/2_epic/mbh/mbh_13_u.htm	1	deity	epithet	attested	epithet of Shiva	GRETIL Mahabharata (BORI critical ed., Tokunaga/Smith e-text); Monier-Williams Sanskrit-English Dictionary (Cologne CDSL, CC BY-SA 4.0)	0.70
Saphalodaya	slug:hindu:shiva	Shiva, the disintegrating or destroying and reproducing deity	boy	सफलोदय	Saphalodaya	Sanskrit	Hindu		Mahabharata	Anushasana Parva	MBh 13.17.124	https://gretil.sub.uni-goettingen.de/gretil/1_sanskr/2_epic/mbh/mbh_13_u.htm	1	deity	epithet	attested	epithet of Shiva	GRETIL Mahabharata (BORI critical ed., Tokunaga/Smith e-text); Monier-Williams Sanskrit-English Dictionary (Cologne CDSL, CC BY-SA 4.0)	0.70
Saragriva	slug:hindu:shiva	Shiva, the disintegrating or destroying and reproducing deity	boy	सारग्रीव	Sāragrīva	Sanskrit	Hindu		Mahabharata	Anushasana Parva	MBh 13.17.107	https://gretil.sub.uni-goettingen.de/gretil/1_sanskr/2_epic/mbh/mbh_13_u.htm	1	deity	epithet	attested	epithet of Shiva	GRETIL Mahabharata (BORI critical ed., Tokunaga/Smith e-text); Monier-Williams Sanskrit-English Dictionary (Cologne CDSL, CC BY-SA 4.0)	0.70
Sarvabhavakara	slug:hindu:shiva	Shiva, the disintegrating or destroying and reproducing deity	boy	सर्वभावकर	Sarvabhāvakara	Sanskrit	Hindu		Mahabharata	Anushasana Parva	MBh 13.17.41	https://gretil.sub.uni-goettingen.de/gretil/1_sanskr/2_epic/mbh/mbh_13_u.htm	1	deity	epithet	attested	epithet of Shiva	GRETIL Mahabharata (BORI critical ed., Tokunaga/Smith e-text); Monier-Williams Sanskrit-English Dictionary (Cologne CDSL, CC BY-SA 4.0)	0.70
Sarvakalaprasada	slug:hindu:shiva	Shiva, the disintegrating or destroying and reproducing deity	boy	सर्वकालप्रसाद	Sarvakālaprasāda	Sanskrit	Hindu		Mahabharata	Anushasana Parva	MBh 13.17.64	https://gretil.sub.uni-goettingen.de/gretil/1_sanskr/2_epic/mbh/mbh_13_u.htm	1	deity	epithet	attested	epithet of Shiva	GRETIL Mahabharata (BORI critical ed., Tokunaga/Smith e-text); Monier-Williams Sanskrit-English Dictionary (Cologne CDSL, CC BY-SA 4.0)	0.70
Sarvakara	slug:hindu:shiva	Shiva, the disintegrating or destroying and reproducing deity	boy	सर्वकर	Sarvakara	Sanskrit	Hindu		Mahabharata	Anushasana Parva	MBh 13.17.30	https://gretil.sub.uni-goettingen.de/gretil/1_sanskr/2_epic/mbh/mbh_13_u.htm	1	deity	epithet	attested	epithet of Shiva	GRETIL Mahabharata (BORI critical ed., Tokunaga/Smith e-text); Monier-Williams Sanskrit-English Dictionary (Cologne CDSL, CC BY-SA 4.0)	0.70
Sarvangarupa	slug:hindu:shiva	Shiva, the disintegrating or destroying and reproducing deity	boy	सर्वाङ्गरूप	Sarvāṅgarūpa	Sanskrit	Hindu		Mahabharata	Anushasana Parva	MBh 13.17.97	https://gretil.sub.uni-goettingen.de/gretil/1_sanskr/2_epic/mbh/mbh_13_u.htm	1	deity	epithet	attested	epithet of Shiva	GRETIL Mahabharata (BORI critical ed., Tokunaga/Smith e-text); Monier-Williams Sanskrit-English Dictionary (Cologne CDSL, CC BY-SA 4.0)	0.70
Sarvapujita	slug:hindu:shiva	Shiva, the disintegrating or destroying and reproducing deity	boy	सर्वपूजित	Sarvapūjita	Sanskrit	Hindu		Mahabharata	Anushasana Parva	MBh 13.17.93	https://gretil.sub.uni-goettingen.de/gretil/1_sanskr/2_epic/mbh/mbh_13_u.htm	1	deity	epithet	attested	epithet of Shiva	GRETIL Mahabharata (BORI critical ed., Tokunaga/Smith e-text); Monier-Williams Sanskrit-English Dictionary (Cologne CDSL, CC BY-SA 4.0)	0.70
Sarvasadhunishevita	slug:hindu:shiva	Shiva, the disintegrating or destroying and reproducing deity	boy	सर्वसाधुनिषेवित	Sarvasādhuniṣevita	Sanskrit	Hindu		Mahabharata	Anushasana Parva	MBh 13.17.61	https://gretil.sub.uni-goettingen.de/gretil/1_sanskr/2_epic/mbh/mbh_13_u.htm	1	deity	epithet	attested	epithet of Shiva	GRETIL Mahabharata (BORI critical ed., Tokunaga/Smith e-text); Monier-Williams Sanskrit-English Dictionary (Cologne CDSL, CC BY-SA 4.0)	0.70
Sarvashaya	slug:hindu:shiva	Shiva, the disintegrating or destroying and reproducing deity	boy	सर्वाशय	Sarvāśaya	Sanskrit	Hindu		Mahabharata	Anushasana Parva	MBh 13.17.105	https://gretil.sub.uni-goettingen.de/gretil/1_sanskr/2_epic/mbh/mbh_13_u.htm	1	deity	epithet	attested	epithet of Shiva	GRETIL Mahabharata (BORI critical ed., Tokunaga/Smith e-text); Monier-Williams Sanskrit-English Dictionary (Cologne CDSL, CC BY-SA 4.0)	0.70
Sarvavikhyata	slug:hindu:shiva	Shiva, the disintegrating or destroying and reproducing deity	boy	सर्वविख्यात	Sarvavikhyāta	Sanskrit	Hindu		Mahabharata	Anushasana Parva	MBh 13.17.30	https://gretil.sub.uni-goettingen.de/gretil/1_sanskr/2_epic/mbh/mbh_13_u.htm	1	deity	epithet	attested	epithet of Shiva	GRETIL Mahabharata (BORI critical ed., Tokunaga/Smith e-text); Monier-Williams Sanskrit-English Dictionary (Cologne CDSL, CC BY-SA 4.0)	0.70
Saubalya	slug:hindu:saubalya	Saubalya, a people		सौबल्य	Saubalya	Sanskrit	Hindu		Mahabharata	Bhishma Parva	MBh 6.10.38	https://gretil.sub.uni-goettingen.de/gretil/1_sanskr/2_epic/mbh/mbh_06_u.htm	1	tribe	personal	attested		GRETIL Mahabharata (BORI critical ed., Tokunaga/Smith e-text); Monier-Williams Sanskrit-English Dictionary (Cologne CDSL, CC BY-SA 4.0)	0.70
Saudeva	slug:hindu:divodasa	Divodasa, of the father of Pra-tardana	boy	सौदेव	Saudeva	Sanskrit	Hindu		Mahabharata	Anushasana Parva	MBh 13.31.26	https://gretil.sub.uni-goettingen.de/gretil/1_sanskr/2_epic/mbh/mbh_13_u.htm	1	human	epithet	attested	epithet of Divodasa; patronymic	GRETIL Mahabharata (BORI critical ed., Tokunaga/Smith e-text); Monier-Williams Sanskrit-English Dictionary (Cologne CDSL, CC BY-SA 4.0)	0.70
Shakrasuta	slug:hindu:arjuna-cf	Arjuna (cf.)	boy	शक्रसुत	Śakrasuta	Sanskrit	Hindu		Mahabharata	Bhishma Parva	MBh 6.81.3	https://gretil.sub.uni-goettingen.de/gretil/1_sanskr/2_epic/mbh/mbh_06_u.htm	1	human	epithet	attested	epithet of Arjuna	GRETIL Mahabharata (BORI critical ed., Tokunaga/Smith e-text); Monier-Williams Sanskrit-English Dictionary (Cologne CDSL, CC BY-SA 4.0)	0.70
Shalankayana	slug:hindu:shalankayana	Shalankayana, a Ṛṣi	boy	शालङ्कायन	Śālaṅkāyana	Sanskrit	Hindu		Mahabharata	Anushasana Parva	MBh 13.4.51	https://gretil.sub.uni-goettingen.de/gretil/1_sanskr/2_epic/mbh/mbh_13_u.htm	1	sage	personal	attested		GRETIL Mahabharata (BORI critical ed., Tokunaga/Smith e-text); Monier-Williams Sanskrit-English Dictionary (Cologne CDSL, CC BY-SA 4.0)	0.70
Shalveyaka	slug:hindu:shalveyaka	Shalveyaka, a people		शाल्वेयक	Śālveyaka	Sanskrit	Hindu		Mahabharata	Udyoga Parva	MBh 5.160.10	https://gretil.sub.uni-goettingen.de/gretil/1_sanskr/2_epic/mbh/mbh_05_u.htm	1	tribe	personal	attested		GRETIL Mahabharata (BORI critical ed., Tokunaga/Smith e-text); Monier-Williams Sanskrit-English Dictionary (Cologne CDSL, CC BY-SA 4.0)	0.70
Shankhashirsha	slug:hindu:shankhashirsha	Shankhashirsha, a serpent-demon	boy	शङ्खशीर्ष	Śaṅkhaśīrṣa	Sanskrit	Hindu		Mahabharata	Udyoga Parva	MBh 5.101.15	https://gretil.sub.uni-goettingen.de/gretil/1_sanskr/2_epic/mbh/mbh_05_u.htm	1	demon	personal	attested		GRETIL Mahabharata (BORI critical ed., Tokunaga/Smith e-text); Monier-Williams Sanskrit-English Dictionary (Cologne CDSL, CC BY-SA 4.0)	0.70
Sharavanalaya	slug:hindu:karttikeya	Karttikeya, a son of Śiva and Pārvatī	boy	शरवणालय	Śaravaṇālaya	Sanskrit	Hindu		Mahabharata	Adi Parva	MBh 1.60.22	https://gretil.sub.uni-goettingen.de/gretil/1_sanskr/2_epic/mbh/mbh_01_u.htm	1	human	epithet	attested	epithet of Karttikeya	GRETIL Mahabharata (BORI critical ed., Tokunaga/Smith e-text); Monier-Williams Sanskrit-English Dictionary (Cologne CDSL, CC BY-SA 4.0)	0.70
Shasholukamukhi	slug:hindu:shasholukamukhi	Shasholukamukhi, one of the Mātṛs attending on Skanda	girl	शशोलूकमुखी	Śaśolūkamukhī	Sanskrit	Hindu		Mahabharata	Shalya Parva	MBh 9.45.21	https://gretil.sub.uni-goettingen.de/gretil/1_sanskr/2_epic/mbh/mbh_09_u.htm	1	human	personal	attested		GRETIL Mahabharata (BORI critical ed., Tokunaga/Smith e-text); Monier-Williams Sanskrit-English Dictionary (Cologne CDSL, CC BY-SA 4.0)	0.70
Shashtibhaga	slug:hindu:shiva	Shiva, the disintegrating or destroying and reproducing deity	boy	षष्टिभाग	Ṣaṣṭibhāga	Sanskrit	Hindu		Mahabharata	Anushasana Parva	MBh 13.17.70	https://gretil.sub.uni-goettingen.de/gretil/1_sanskr/2_epic/mbh/mbh_13_u.htm	1	deity	epithet	attested	epithet of Shiva	GRETIL Mahabharata (BORI critical ed., Tokunaga/Smith e-text); Monier-Williams Sanskrit-English Dictionary (Cologne CDSL, CC BY-SA 4.0)	0.70
Shringapriya	slug:hindu:shiva-cf	Shiva (cf.)	boy	शृङ्गप्रिय	Śṛṅgapriya	Sanskrit	Hindu		Mahabharata	Anushasana Parva	MBh 13.17.147	https://gretil.sub.uni-goettingen.de/gretil/1_sanskr/2_epic/mbh/mbh_13_u.htm	1	deity	epithet	attested	epithet of Shiva	GRETIL Mahabharata (BORI critical ed., Tokunaga/Smith e-text); Monier-Williams Sanskrit-English Dictionary (Cologne CDSL, CC BY-SA 4.0)	0.70
Shrivaha	slug:hindu:shrivaha	Shrivaha, a serpent-demon	boy	श्रीवह	Śrīvaha	Sanskrit	Hindu		Mahabharata	Adi Parva	MBh 1.31.13	https://gretil.sub.uni-goettingen.de/gretil/1_sanskr/2_epic/mbh/mbh_01_u.htm	1	demon	personal	attested		GRETIL Mahabharata (BORI critical ed., Tokunaga/Smith e-text); Monier-Williams Sanskrit-English Dictionary (Cologne CDSL, CC BY-SA 4.0)	0.70
Shrutanta	slug:hindu:shrutanta	Shrutanta, men	boy	श्रुतान्त	Śrutānta	Sanskrit	Hindu		Mahabharata	Shalya Parva	MBh 9.25.8	https://gretil.sub.uni-goettingen.de/gretil/1_sanskr/2_epic/mbh/mbh_09_u.htm	1	human	personal	attested		GRETIL Mahabharata (BORI critical ed., Tokunaga/Smith e-text); Monier-Williams Sanskrit-English Dictionary (Cologne CDSL, CC BY-SA 4.0)	0.70
Siddharthakari	slug:hindu:shiva	Shiva, the disintegrating or destroying and reproducing deity	boy	सिद्धार्थकारिन्	Siddhārthakārin	Sanskrit	Hindu		Mahabharata	Anushasana Parva	MBh 13.17.108	https://gretil.sub.uni-goettingen.de/gretil/1_sanskr/2_epic/mbh/mbh_13_u.htm	1	deity	epithet	attested	epithet of Shiva	GRETIL Mahabharata (BORI critical ed., Tokunaga/Smith e-text); Monier-Williams Sanskrit-English Dictionary (Cologne CDSL, CC BY-SA 4.0)	0.70
Sthunakarna	slug:hindu:sthunakarna	Sthunakarna, a Ṛṣi	boy	स्थूणकर्ण	Sthūṇakarṇa	Sanskrit	Hindu		Mahabharata	Vana Parva	MBh 3.27.23	https://gretil.sub.uni-goettingen.de/gretil/1_sanskr/2_epic/mbh/mbh_03_u.htm	1	sage	personal	attested		GRETIL Mahabharata (BORI critical ed., Tokunaga/Smith e-text); Monier-Williams Sanskrit-English Dictionary (Cologne CDSL, CC BY-SA 4.0)	0.70
Subandhanavimochana	slug:hindu:shiva	Shiva, the disintegrating or destroying and reproducing deity	boy	सुबन्धनविमोचन	Subandhanavimocana	Sanskrit	Hindu		Mahabharata	Anushasana Parva	MBh 13.17.98	https://gretil.sub.uni-goettingen.de/gretil/1_sanskr/2_epic/mbh/mbh_13_u.htm	1	deity	epithet	attested	epithet of Shiva	GRETIL Mahabharata (BORI critical ed., Tokunaga/Smith e-text); Monier-Williams Sanskrit-English Dictionary (Cologne CDSL, CC BY-SA 4.0)	0.70
Subandhava	slug:hindu:shiva	Shiva, the disintegrating or destroying and reproducing deity	boy	सुबान्धव	Subāndhava	Sanskrit	Hindu		Mahabharata	Anushasana Parva	MBh 13.17.96	https://gretil.sub.uni-goettingen.de/gretil/1_sanskr/2_epic/mbh/mbh_13_u.htm	1	deity	epithet	attested	epithet of Shiva	GRETIL Mahabharata (BORI critical ed., Tokunaga/Smith e-text); Monier-Williams Sanskrit-English Dictionary (Cologne CDSL, CC BY-SA 4.0)	0.70
Sugandhara	slug:hindu:shiva-accordto	Shiva (accord. to =)	boy	सुगन्धार	Sugandhāra	Sanskrit	Hindu		Mahabharata	Anushasana Parva	MBh 13.17.125	https://gretil.sub.uni-goettingen.de/gretil/1_sanskr/2_epic/mbh/mbh_13_u.htm	1	deity	epithet	attested	epithet of Shiva	GRETIL Mahabharata (BORI critical ed., Tokunaga/Smith e-text); Monier-Williams Sanskrit-English Dictionary (Cologne CDSL, CC BY-SA 4.0)	0.70
Sumanyu	slug:hindu:sumanyu-devagandharva	Sumanyu, a Deva-gandharva	boy	सुमन्यु	Sumanyu	Sanskrit	Hindu		Mahabharata	Adi Parva	MBh 1.89.51	https://gretil.sub.uni-goettingen.de/gretil/1_sanskr/2_epic/mbh/mbh_01_u.htm	1	deity	personal	attested		GRETIL Mahabharata (BORI critical ed., Tokunaga/Smith e-text); Monier-Williams Sanskrit-English Dictionary (Cologne CDSL, CC BY-SA 4.0)	0.70
Supratima	slug:hindu:supratima	Supratima, a king	boy	सुप्रतिम	Supratima	Sanskrit	Hindu		Mahabharata	Adi Parva	MBh 1.1.175	https://gretil.sub.uni-goettingen.de/gretil/1_sanskr/2_epic/mbh/mbh_01_u.htm	1	royal	personal	attested		GRETIL Mahabharata (BORI critical ed., Tokunaga/Smith e-text); Monier-Williams Sanskrit-English Dictionary (Cologne CDSL, CC BY-SA 4.0)	0.70
Suryadhvaja	slug:hindu:suryadhvaja	Suryadhvaja, a man	boy	सूर्यध्वज	Sūryadhvaja	Sanskrit	Hindu		Mahabharata	Adi Parva	MBh 1.177.10	https://gretil.sub.uni-goettingen.de/gretil/1_sanskr/2_epic/mbh/mbh_01_u.htm	1	human	personal	attested		GRETIL Mahabharata (BORI critical ed., Tokunaga/Smith e-text); Monier-Williams Sanskrit-English Dictionary (Cologne CDSL, CC BY-SA 4.0)	0.70
Susankula	slug:hindu:susankula	Susankula, a king	boy	सुसङ्कुल	Susaṅkula	Sanskrit	Hindu		Mahabharata	Sabha Parva	MBh 2.24.10	https://gretil.sub.uni-goettingen.de/gretil/1_sanskr/2_epic/mbh/mbh_02_u.htm	1	royal	personal	attested		GRETIL Mahabharata (BORI critical ed., Tokunaga/Smith e-text); Monier-Williams Sanskrit-English Dictionary (Cologne CDSL, CC BY-SA 4.0)	0.70
Sushadha	slug:hindu:shiva	Shiva, the disintegrating or destroying and reproducing deity	boy	सुषाढ	Suṣāḍha	Sanskrit	Hindu		Mahabharata	Anushasana Parva	MBh 13.17.117	https://gretil.sub.uni-goettingen.de/gretil/1_sanskr/2_epic/mbh/mbh_13_u.htm	1	deity	epithet	attested	epithet of Shiva	GRETIL Mahabharata (BORI critical ed., Tokunaga/Smith e-text); Monier-Williams Sanskrit-English Dictionary (Cologne CDSL, CC BY-SA 4.0)	0.70
Sutantu	slug:hindu:vishnu	Vishnu, one of the principal Hindū deities	boy	सुतन्तु	Sutantu	Sanskrit	Hindu		Mahabharata	Anushasana Parva	MBh 13.135.97	https://gretil.sub.uni-goettingen.de/gretil/1_sanskr/2_epic/mbh/mbh_13_u.htm	1	deity	epithet	attested	epithet of Vishnu	GRETIL Mahabharata (BORI critical ed., Tokunaga/Smith e-text); Monier-Williams Sanskrit-English Dictionary (Cologne CDSL, CC BY-SA 4.0)	0.70
Suvarchasi	slug:hindu:shiva-cfprec	Shiva (cf. prec.)	boy	सुवर्चसिन्	Suvarcasin	Sanskrit	Hindu		Mahabharata	Anushasana Parva	MBh 13.17.65	https://gretil.sub.uni-goettingen.de/gretil/1_sanskr/2_epic/mbh/mbh_13_u.htm	1	deity	epithet	attested	epithet of Shiva	GRETIL Mahabharata (BORI critical ed., Tokunaga/Smith e-text); Monier-Williams Sanskrit-English Dictionary (Cologne CDSL, CC BY-SA 4.0)	0.70
Suvarnaksha	slug:hindu:shiva	Shiva, the disintegrating or destroying and reproducing deity	boy	सुवर्णाक्ष	Suvarṇākṣa	Sanskrit	Hindu		Mahabharata	Vana Parva	MBh 3.82.16	https://gretil.sub.uni-goettingen.de/gretil/1_sanskr/2_epic/mbh/mbh_03_u.htm	1	deity	epithet	attested	epithet of Shiva	GRETIL Mahabharata (BORI critical ed., Tokunaga/Smith e-text); Monier-Williams Sanskrit-English Dictionary (Cologne CDSL, CC BY-SA 4.0)	0.70
Tantuvardhana	slug:hindu:vishnu	Vishnu, one of the principal Hindū deities	boy	तन्तुवर्धन	Tantuvardhana	Sanskrit	Hindu		Mahabharata	Anushasana Parva	MBh 13.135.97	https://gretil.sub.uni-goettingen.de/gretil/1_sanskr/2_epic/mbh/mbh_13_u.htm	1	deity	epithet	attested	epithet of Vishnu	GRETIL Mahabharata (BORI critical ed., Tokunaga/Smith e-text); Monier-Williams Sanskrit-English Dictionary (Cologne CDSL, CC BY-SA 4.0)	0.70
Umakanta	slug:hindu:shiva	Shiva, the disintegrating or destroying and reproducing deity	boy	उमाकान्त	Umākānta	Sanskrit	Hindu		Mahabharata	Anushasana Parva	MBh 13.17.134	https://gretil.sub.uni-goettingen.de/gretil/1_sanskr/2_epic/mbh/mbh_13_u.htm	1	deity	epithet	attested	epithet of Shiva	GRETIL Mahabharata (BORI critical ed., Tokunaga/Smith e-text); Monier-Williams Sanskrit-English Dictionary (Cologne CDSL, CC BY-SA 4.0)	0.70
Urdhvagatma	slug:hindu:shiva	Shiva, the disintegrating or destroying and reproducing deity	boy	ऊर्ध्वगात्मन्	Ūrdhvagātman	Sanskrit	Hindu		Mahabharata	Anushasana Parva	MBh 13.17.132	https://gretil.sub.uni-goettingen.de/gretil/1_sanskr/2_epic/mbh/mbh_13_u.htm	1	deity	epithet	attested	epithet of Shiva	GRETIL Mahabharata (BORI critical ed., Tokunaga/Smith e-text); Monier-Williams Sanskrit-English Dictionary (Cologne CDSL, CC BY-SA 4.0)	0.70
Urdhvasanhanana	slug:hindu:shiva	Shiva, the disintegrating or destroying and reproducing deity	boy	ऊर्ध्वसंहनन	Ūrdhvasaṃhanana	Sanskrit	Hindu		Mahabharata	Anushasana Parva	MBh 13.17.127	https://gretil.sub.uni-goettingen.de/gretil/1_sanskr/2_epic/mbh/mbh_13_u.htm	1	deity	epithet	attested	epithet of Shiva	GRETIL Mahabharata (BORI critical ed., Tokunaga/Smith e-text); Monier-Williams Sanskrit-English Dictionary (Cologne CDSL, CC BY-SA 4.0)	0.70
Urdhvashayi	slug:hindu:shiva	Shiva, the disintegrating or destroying and reproducing deity	boy	ऊर्ध्वशायिन्	Ūrdhvaśāyin	Sanskrit	Hindu		Mahabharata	Anushasana Parva	MBh 13.17.45	https://gretil.sub.uni-goettingen.de/gretil/1_sanskr/2_epic/mbh/mbh_13_u.htm	1	deity	epithet	attested	epithet of Shiva	GRETIL Mahabharata (BORI critical ed., Tokunaga/Smith e-text); Monier-Williams Sanskrit-English Dictionary (Cologne CDSL, CC BY-SA 4.0)	0.70
Vaidambha	slug:hindu:shiva	Shiva, the disintegrating or destroying and reproducing deity	boy	वैदम्भ	Vaidambha	Sanskrit	Hindu		Mahabharata	Anushasana Parva	MBh 13.17.76	https://gretil.sub.uni-goettingen.de/gretil/1_sanskr/2_epic/mbh/mbh_13_u.htm	1	deity	epithet	attested	epithet of Shiva	GRETIL Mahabharata (BORI critical ed., Tokunaga/Smith e-text); Monier-Williams Sanskrit-English Dictionary (Cologne CDSL, CC BY-SA 4.0)	0.70
Vaikhana	slug:hindu:vishnu	Vishnu, one of the principal Hindū deities	boy	वैखान	Vaikhāna	Sanskrit	Hindu		Mahabharata	Anushasana Parva	MBh 13.135.119	https://gretil.sub.uni-goettingen.de/gretil/1_sanskr/2_epic/mbh/mbh_13_u.htm	1	deity	epithet	attested	epithet of Vishnu	GRETIL Mahabharata (BORI critical ed., Tokunaga/Smith e-text); Monier-Williams Sanskrit-English Dictionary (Cologne CDSL, CC BY-SA 4.0)	0.70
Varahashva	slug:hindu:varahashva	Varahashva, a Daitya	boy	वराहाश्व	Varāhāśva	Sanskrit	Hindu		Mahabharata	Shanti Parva	MBh 12.220.52	https://gretil.sub.uni-goettingen.de/gretil/1_sanskr/2_epic/mbh/mbh_12_u.htm	1	demon	personal	attested		GRETIL Mahabharata (BORI critical ed., Tokunaga/Smith e-text); Monier-Williams Sanskrit-English Dictionary (Cologne CDSL, CC BY-SA 4.0)	0.70
Venuvinadhara	slug:hindu:venuvinadhara	Venuvinadhara, one of the Mātṛs attendant on Skanda	girl	वेणुवीणाधरा	Veṇuvīṇādharā	Sanskrit	Hindu		Mahabharata	Shalya Parva	MBh 9.45.21	https://gretil.sub.uni-goettingen.de/gretil/1_sanskr/2_epic/mbh/mbh_09_u.htm	1	human	personal	attested		GRETIL Mahabharata (BORI critical ed., Tokunaga/Smith e-text); Monier-Williams Sanskrit-English Dictionary (Cologne CDSL, CC BY-SA 4.0)	0.70
Vichakhnu	slug:hindu:vichakhnu	Vichakhnu, a king	boy	विचख्नु	Vicakhnu	Sanskrit	Hindu		Mahabharata	Shanti Parva	MBh 12.257.1	https://gretil.sub.uni-goettingen.de/gretil/1_sanskr/2_epic/mbh/mbh_12_u.htm	1	royal	personal	attested		GRETIL Mahabharata (BORI critical ed., Tokunaga/Smith e-text); Monier-Williams Sanskrit-English Dictionary (Cologne CDSL, CC BY-SA 4.0)	0.70
Vikunja	slug:hindu:vikunja	Vikunja, a people		विकुञ्ज	Vikuñja	Sanskrit	Hindu		Mahabharata	Bhishma Parva	MBh 6.52.9	https://gretil.sub.uni-goettingen.de/gretil/1_sanskr/2_epic/mbh/mbh_06_u.htm	1	tribe	personal	attested		GRETIL Mahabharata (BORI critical ed., Tokunaga/Smith e-text); Monier-Williams Sanskrit-English Dictionary (Cologne CDSL, CC BY-SA 4.0)	0.70
Vratesha	slug:hindu:shiva	Shiva, the disintegrating or destroying and reproducing deity	boy	व्रतेश	Vrateśa	Sanskrit	Hindu		Mahabharata	Anushasana Parva	MBh 13.14.8	https://gretil.sub.uni-goettingen.de/gretil/1_sanskr/2_epic/mbh/mbh_13_u.htm	1	deity	epithet	attested	epithet of Shiva	GRETIL Mahabharata (BORI critical ed., Tokunaga/Smith e-text); Monier-Williams Sanskrit-English Dictionary (Cologne CDSL, CC BY-SA 4.0)	0.70
Vrishaketana	slug:hindu:shiva	Shiva, the disintegrating or destroying and reproducing deity	boy	वृषकेतन	Vṛṣaketana	Sanskrit	Hindu		Mahabharata	Vana Parva	MBh 3.221.19	https://gretil.sub.uni-goettingen.de/gretil/1_sanskr/2_epic/mbh/mbh_03_u.htm	1	deity	epithet	attested	epithet of Shiva	GRETIL Mahabharata (BORI critical ed., Tokunaga/Smith e-text); Monier-Williams Sanskrit-English Dictionary (Cologne CDSL, CC BY-SA 4.0)	0.70
Vrishanda	slug:hindu:vrishanda	Vrishanda, an Asura	boy	वृषाण्ड	Vṛṣāṇḍa	Sanskrit	Hindu		Mahabharata	Shanti Parva	MBh 12.220.52	https://gretil.sub.uni-goettingen.de/gretil/1_sanskr/2_epic/mbh/mbh_12_u.htm	1	demon	personal	attested		GRETIL Mahabharata (BORI critical ed., Tokunaga/Smith e-text); Monier-Williams Sanskrit-English Dictionary (Cologne CDSL, CC BY-SA 4.0)	0.70
Yauyudhani	slug:hindu:yauyudhani	Yauyudhani, m. patr. fr	boy	यौयुधानि	Yauyudhāni	Sanskrit	Hindu		Mahabharata	Mausala Parva	MBh 16.8.69	https://gretil.sub.uni-goettingen.de/gretil/1_sanskr/2_epic/mbh/mbh_16_u.htm	1	human	personal	attested		GRETIL Mahabharata (BORI critical ed., Tokunaga/Smith e-text); Monier-Williams Sanskrit-English Dictionary (Cologne CDSL, CC BY-SA 4.0)	0.70
Yayatija	slug:hindu:madhavi	Madhavi, of one of the Mātṛs attending on Skanda	girl	ययातिजा	Yayātijā	Sanskrit	Hindu		Mahabharata	Udyoga Parva	MBh 5.118.6	https://gretil.sub.uni-goettingen.de/gretil/1_sanskr/2_epic/mbh/mbh_05_u.htm	1	human	epithet	attested	epithet of Madhavi; patronymic	GRETIL Mahabharata (BORI critical ed., Tokunaga/Smith e-text); Monier-Williams Sanskrit-English Dictionary (Cologne CDSL, CC BY-SA 4.0)	0.70
Yojanagandha	slug:hindu:satyavati-motherofvyasa	Satyavati (mother of Vyāsa)	girl	योजनगन्धा	Yojanagandhā	Sanskrit	Hindu		Mahabharata	Adi Parva	MBh 1.57.68	https://gretil.sub.uni-goettingen.de/gretil/1_sanskr/2_epic/mbh/mbh_01_u.htm	1	human	epithet	attested	epithet of Satyavati	GRETIL Mahabharata (BORI critical ed., Tokunaga/Smith e-text); Monier-Williams Sanskrit-English Dictionary (Cologne CDSL, CC BY-SA 4.0)	0.70
Brahmasu	Q2879755	Aniruddha, Grandson of Lord Krishna	boy	ब्रह्मसू	Brahmasū	Sanskrit	Hindu		Mahabharata	Bhishma Parva	MBh 6.35.4	https://gretil.sub.uni-goettingen.de/gretil/1_sanskr/2_epic/mbh/mbh_06_u.htm	2	human	epithet	attested	epithet of Aniruddha (also used of Kāmadeva)	GRETIL Mahabharata (BORI critical ed., Tokunaga/Smith e-text); Monier-Williams Sanskrit-English Dictionary (Cologne CDSL, CC BY-SA 4.0); Wikidata (CC0)	0.65
Sharava	slug:hindu:sharava	Sharava, a people		शरव	Śarava	Sanskrit	Hindu		Mahabharata	Sabha Parva	MBh 2.71.15	https://gretil.sub.uni-goettingen.de/gretil/1_sanskr/2_epic/mbh/mbh_02_u.htm	101	tribe	personal	attested		GRETIL Mahabharata (BORI critical ed., Tokunaga/Smith e-text); Monier-Williams Sanskrit-English Dictionary (Cologne CDSL, CC BY-SA 4.0)	0.60
Vrishaparva	slug:hindu:vrishaparvan-danava	Vrishaparvan, of a Dānava	boy	वृषपर्वन्	Vṛṣaparvan	Sanskrit	Hindu		Mahabharata	Adi Parva	MBh 1.71.3	https://gretil.sub.uni-goettingen.de/gretil/1_sanskr/2_epic/mbh/mbh_01_u.htm	41	demon	personal	attested		GRETIL Mahabharata (BORI critical ed., Tokunaga/Smith e-text); Monier-Williams Sanskrit-English Dictionary (Cologne CDSL, CC BY-SA 4.0)	0.60
Durmarshana	slug:hindu:durmarshana	Durmarshana, a son of Dhṛtarāṣṭra	boy	दुर्मर्षण	Durmarṣaṇa	Sanskrit	Hindu		Mahabharata	Adi Parva	MBh 1.108.3	https://gretil.sub.uni-goettingen.de/gretil/1_sanskr/2_epic/mbh/mbh_01_u.htm	30	human	personal	attested		GRETIL Mahabharata (BORI critical ed., Tokunaga/Smith e-text); Monier-Williams Sanskrit-English Dictionary (Cologne CDSL, CC BY-SA 4.0)	0.60
Parikshit	slug:hindu:parikshit-abhimanyu	Parikshit, an ancient king	boy	परिक्षित्	Parikṣit	Sanskrit	Hindu		Mahabharata	Adi Parva	MBh 1.2.207	https://gretil.sub.uni-goettingen.de/gretil/1_sanskr/2_epic/mbh/mbh_01_u.htm	29	royal	personal	attested		GRETIL Mahabharata (BORI critical ed., Tokunaga/Smith e-text); Monier-Williams Sanskrit-English Dictionary (Cologne CDSL, CC BY-SA 4.0)	0.60
Nahusha	slug:hindu:nahusha	Nahusha, a serpent-demon	boy	नाहुष	Nāhuṣa	Sanskrit	Hindu		Mahabharata	Adi Parva	MBh 1.70.29	https://gretil.sub.uni-goettingen.de/gretil/1_sanskr/2_epic/mbh/mbh_01_u.htm	28	demon	personal	attested		GRETIL Mahabharata (BORI critical ed., Tokunaga/Smith e-text); Monier-Williams Sanskrit-English Dictionary (Cologne CDSL, CC BY-SA 4.0)	0.60
Mahayogi	slug:hindu:vishnu	Vishnu, one of the principal Hindū deities	boy	महायोगिन्	Mahāyogin	Sanskrit	Hindu		Mahabharata	Adi Parva	MBh 1.99.13	https://gretil.sub.uni-goettingen.de/gretil/1_sanskr/2_epic/mbh/mbh_01_u.htm	27	deity	epithet	attested	epithet of Vishnu (also used of Śiva)	GRETIL Mahabharata (BORI critical ed., Tokunaga/Smith e-text); Monier-Williams Sanskrit-English Dictionary (Cologne CDSL, CC BY-SA 4.0)	0.60
Bhimavega	slug:hindu:bhimavega	Bhimavega, of one of the sons of Dhṛtarāṣṭra	boy	भीमवेग	Bhīmavega	Sanskrit	Hindu		Mahabharata	Adi Parva	MBh 1.119.34	https://gretil.sub.uni-goettingen.de/gretil/1_sanskr/2_epic/mbh/mbh_01_u.htm	20	human	personal	attested		GRETIL Mahabharata (BORI critical ed., Tokunaga/Smith e-text); Monier-Williams Sanskrit-English Dictionary (Cologne CDSL, CC BY-SA 4.0)	0.60
Drupadatmaja	slug:hindu:krishna	Krishna, of one of the mothers in Skanda's retinue	girl	द्रुपदात्मजा	Drupadātmajā	Sanskrit	Hindu		Mahabharata	Adi Parva	MBh 1.178.4	https://gretil.sub.uni-goettingen.de/gretil/1_sanskr/2_epic/mbh/mbh_01_u.htm	20	human	epithet	attested	epithet of Krishna (also used of Draupadī); patronymic	GRETIL Mahabharata (BORI critical ed., Tokunaga/Smith e-text); Monier-Williams Sanskrit-English Dictionary (Cologne CDSL, CC BY-SA 4.0)	0.60
Shaibya	slug:hindu:shaibya	Shaibya, one of the four horses of Viṣṇu	boy	शैब्य	Śaibya	Sanskrit	Hindu		Mahabharata	Adi Parva	MBh 1.90.83	https://gretil.sub.uni-goettingen.de/gretil/1_sanskr/2_epic/mbh/mbh_01_u.htm	20	human	personal	attested		GRETIL Mahabharata (BORI critical ed., Tokunaga/Smith e-text); Monier-Williams Sanskrit-English Dictionary (Cologne CDSL, CC BY-SA 4.0)	0.60
Dhurandhara	slug:hindu:dhurandhara	Dhurandhara, a people		धुरन्धर	Dhurandhara	Sanskrit	Hindu		Mahabharata	Udyoga Parva	MBh 5.5.1	https://gretil.sub.uni-goettingen.de/gretil/1_sanskr/2_epic/mbh/mbh_05_u.htm	18	tribe	personal	attested		GRETIL Mahabharata (BORI critical ed., Tokunaga/Smith e-text); Monier-Williams Sanskrit-English Dictionary (Cologne CDSL, CC BY-SA 4.0)	0.60
Sudurjaya	slug:hindu:sudurjaya	Sudurjaya, a son of Suvīra	boy	सुदुर्जय	Sudurjaya	Sanskrit	Hindu		Mahabharata	Bhishma Parva	MBh 6.68.1	https://gretil.sub.uni-goettingen.de/gretil/1_sanskr/2_epic/mbh/mbh_06_u.htm	18	human	personal	attested		GRETIL Mahabharata (BORI critical ed., Tokunaga/Smith e-text); Monier-Williams Sanskrit-English Dictionary (Cologne CDSL, CC BY-SA 4.0)	0.60
Upaplavya	slug:hindu:upaplavya	Upaplavya, the capital of the		उपप्लव्य	Upaplavya	Sanskrit	Hindu		Mahabharata	Adi Parva	MBh 1.2.136	https://gretil.sub.uni-goettingen.de/gretil/1_sanskr/2_epic/mbh/mbh_01_u.htm	18	place	personal	attested		GRETIL Mahabharata (BORI critical ed., Tokunaga/Smith e-text); Monier-Williams Sanskrit-English Dictionary (Cologne CDSL, CC BY-SA 4.0)	0.60
Ariha	slug:hindu:ariha	Ariha, a prince	boy	अरिह	Ariha	Sanskrit	Hindu		Mahabharata	Adi Parva	MBh 1.61.24	https://gretil.sub.uni-goettingen.de/gretil/1_sanskr/2_epic/mbh/mbh_01_u.htm	17	royal	personal	attested		GRETIL Mahabharata (BORI critical ed., Tokunaga/Smith e-text); Monier-Williams Sanskrit-English Dictionary (Cologne CDSL, CC BY-SA 4.0)	0.60
Kashiraja	slug:hindu:kashiraja	Kashiraja, the Dānava Dīrgha-jihva	boy	काशिराज	Kāśirāja	Sanskrit	Hindu		Mahabharata	Sabha Parva	MBh 2.27.6	https://gretil.sub.uni-goettingen.de/gretil/1_sanskr/2_epic/mbh/mbh_02_u.htm	17	demon	personal	attested		GRETIL Mahabharata (BORI critical ed., Tokunaga/Smith e-text); Monier-Williams Sanskrit-English Dictionary (Cologne CDSL, CC BY-SA 4.0)	0.60
Mahasattva	slug:hindu:mahasattva	Mahasattva, a Bodhisattva)		महासत्त्व	Mahāsattva	Sanskrit	Hindu		Mahabharata	Adi Parva	MBh 1.94.2	https://gretil.sub.uni-goettingen.de/gretil/1_sanskr/2_epic/mbh/mbh_01_u.htm	16	human	personal	attested		GRETIL Mahabharata (BORI critical ed., Tokunaga/Smith e-text); Monier-Williams Sanskrit-English Dictionary (Cologne CDSL, CC BY-SA 4.0)	0.60
Vasati	slug:hindu:vasati-janamejaya	Vasati, a son of Janam-ejaya	boy	वसाति	Vasāti	Sanskrit	Hindu		Mahabharata	Udyoga Parva	MBh 5.196.7	https://gretil.sub.uni-goettingen.de/gretil/1_sanskr/2_epic/mbh/mbh_05_u.htm	16	human	personal	attested		GRETIL Mahabharata (BORI critical ed., Tokunaga/Smith e-text); Monier-Williams Sanskrit-English Dictionary (Cologne CDSL, CC BY-SA 4.0)	0.60
Pataki	slug:hindu:patakin	Patakin, a warrior on the side of the Kurus	boy	पताकिन्	Patākin	Sanskrit	Hindu		Mahabharata	Sabha Parva	MBh 2.9.10	https://gretil.sub.uni-goettingen.de/gretil/1_sanskr/2_epic/mbh/mbh_02_u.htm	15	human	personal	attested		GRETIL Mahabharata (BORI critical ed., Tokunaga/Smith e-text); Monier-Williams Sanskrit-English Dictionary (Cologne CDSL, CC BY-SA 4.0)	0.60
Chitrangada	slug:hindu:chitrangada-dasharna	Chitrangada, a king of Daśārṇa	boy	चित्राङ्गद	Citrāṅgada	Sanskrit	Hindu		Mahabharata	Adi Parva	MBh 1.2.80	https://gretil.sub.uni-goettingen.de/gretil/1_sanskr/2_epic/mbh/mbh_01_u.htm	14	royal	personal	attested		GRETIL Mahabharata (BORI critical ed., Tokunaga/Smith e-text); Monier-Williams Sanskrit-English Dictionary (Cologne CDSL, CC BY-SA 4.0)	0.60
Kshudraka	slug:hindu:kshudraka	Kshudraka, a people living by warfare		क्षुद्रक	Kṣudraka	Sanskrit	Hindu		Mahabharata	Bhishma Parva	MBh 6.43.21	https://gretil.sub.uni-goettingen.de/gretil/1_sanskr/2_epic/mbh/mbh_06_u.htm	14	tribe	personal	attested		GRETIL Mahabharata (BORI critical ed., Tokunaga/Smith e-text); Monier-Williams Sanskrit-English Dictionary (Cologne CDSL, CC BY-SA 4.0)	0.60
Samitinjaya	slug:hindu:samitinjaya	Samitinjaya, a warrior	boy	समितिञ्जय	Samitiñjaya	Sanskrit	Hindu		Mahabharata	Sabha Parva	MBh 2.13.57	https://gretil.sub.uni-goettingen.de/gretil/1_sanskr/2_epic/mbh/mbh_02_u.htm	14	human	personal	attested		GRETIL Mahabharata (BORI critical ed., Tokunaga/Smith e-text); Monier-Williams Sanskrit-English Dictionary (Cologne CDSL, CC BY-SA 4.0)	0.60
Sudharma	slug:hindu:sudharma	Sudharma, the wife of Mātali	girl	सुधर्मा	Sudharmā	Sanskrit	Hindu		Mahabharata	Sabha Parva	MBh 2.4.24	https://gretil.sub.uni-goettingen.de/gretil/1_sanskr/2_epic/mbh/mbh_02_u.htm	13	human	personal	attested		GRETIL Mahabharata (BORI critical ed., Tokunaga/Smith e-text); Monier-Williams Sanskrit-English Dictionary (Cologne CDSL, CC BY-SA 4.0)	0.60
Senani	slug:hindu:senani	Senani, of a son of Dhṛtarāṣṭra	boy	सेनानी	Senānī	Sanskrit	Hindu		Mahabharata	Adi Parva	MBh 1.108.9	https://gretil.sub.uni-goettingen.de/gretil/1_sanskr/2_epic/mbh/mbh_01_u.htm	11	human	personal	attested		GRETIL Mahabharata (BORI critical ed., Tokunaga/Smith e-text); Monier-Williams Sanskrit-English Dictionary (Cologne CDSL, CC BY-SA 4.0)	0.60
Kirmira	slug:hindu:kirmira	Kirmira, a Rākṣasa conquered by Bhīma-sena	boy	किर्मीर	Kirmīra	Sanskrit	Hindu		Mahabharata	Vana Parva	MBh 3.11.37	https://gretil.sub.uni-goettingen.de/gretil/1_sanskr/2_epic/mbh/mbh_03_u.htm	10	demon	personal	attested		GRETIL Mahabharata (BORI critical ed., Tokunaga/Smith e-text); Monier-Williams Sanskrit-English Dictionary (Cologne CDSL, CC BY-SA 4.0)	0.60
Ballava	slug:hindu:ballava-bhimasena	Ballava, N. assumed by Bhīma-sena when cook to king Virāṭa	boy	बल्लव	Ballava	Sanskrit	Hindu		Mahabharata	Vana Parva	MBh 3.228.2	https://gretil.sub.uni-goettingen.de/gretil/1_sanskr/2_epic/mbh/mbh_03_u.htm	9	royal	personal	attested		GRETIL Mahabharata (BORI critical ed., Tokunaga/Smith e-text); Monier-Williams Sanskrit-English Dictionary (Cologne CDSL, CC BY-SA 4.0)	0.60
Durmada	slug:hindu:durmada	Durmada, a son of Dhṛtarāṣṭra	boy	दुर्मद	Durmada	Sanskrit	Hindu		Mahabharata	Bhishma Parva	MBh 6.73.6	https://gretil.sub.uni-goettingen.de/gretil/1_sanskr/2_epic/mbh/mbh_06_u.htm	9	human	personal	attested		GRETIL Mahabharata (BORI critical ed., Tokunaga/Smith e-text); Monier-Williams Sanskrit-English Dictionary (Cologne CDSL, CC BY-SA 4.0)	0.60
Kanchanavarma	slug:hindu:kanchanavarman	Kanchanavarman, a prince	boy	काञ्चनवर्मन्	Kāñcanavarman	Sanskrit	Hindu		Mahabharata	Udyoga Parva	MBh 5.190.20	https://gretil.sub.uni-goettingen.de/gretil/1_sanskr/2_epic/mbh/mbh_05_u.htm	9	royal	personal	attested		GRETIL Mahabharata (BORI critical ed., Tokunaga/Smith e-text); Monier-Williams Sanskrit-English Dictionary (Cologne CDSL, CC BY-SA 4.0)	0.60
Rukmi	slug:hindu:rukmin	Rukmin, the eldest son of Bhīṣmaka and adversary of Kṛṣṇa	boy	रुक्मिन्	Rukmin	Sanskrit	Hindu		Mahabharata	Adi Parva	MBh 1.61.57	https://gretil.sub.uni-goettingen.de/gretil/1_sanskr/2_epic/mbh/mbh_01_u.htm	9	human	personal	attested		GRETIL Mahabharata (BORI critical ed., Tokunaga/Smith e-text); Monier-Williams Sanskrit-English Dictionary (Cologne CDSL, CC BY-SA 4.0)	0.60
Sudharma	slug:hindu:sudharman	Sudharman, of a king of the Daśārṇas	boy	सुधर्मन्	Sudharman	Sanskrit	Hindu		Mahabharata	Sabha Parva	MBh 2.4.24	https://gretil.sub.uni-goettingen.de/gretil/1_sanskr/2_epic/mbh/mbh_02_u.htm	9	royal	personal	attested		GRETIL Mahabharata (BORI critical ed., Tokunaga/Smith e-text); Monier-Williams Sanskrit-English Dictionary (Cologne CDSL, CC BY-SA 4.0)	0.60
Sughosha	slug:hindu:sughosha	Sughosha, the conch of Nakula		सुघोष	Sughoṣa	Sanskrit	Hindu		Mahabharata	Udyoga Parva	MBh 5.81.20	https://gretil.sub.uni-goettingen.de/gretil/1_sanskr/2_epic/mbh/mbh_05_u.htm	9	concept	personal	attested		GRETIL Mahabharata (BORI critical ed., Tokunaga/Smith e-text); Monier-Williams Sanskrit-English Dictionary (Cologne CDSL, CC BY-SA 4.0)	0.60
Durvishaha	slug:hindu:durvishaha	Durvishaha, of a son of Dhṛtarāṣṭra	boy	दुर्विषह	Durviṣaha	Sanskrit	Hindu		Mahabharata	Adi Parva	MBh 1.177.1	https://gretil.sub.uni-goettingen.de/gretil/1_sanskr/2_epic/mbh/mbh_01_u.htm	8	human	personal	attested		GRETIL Mahabharata (BORI critical ed., Tokunaga/Smith e-text); Monier-Williams Sanskrit-English Dictionary (Cologne CDSL, CC BY-SA 4.0)	0.60
Maitravaruni	slug:hindu:agastya	Agastya	boy	मैत्रावरुणि	Maitrāvaruṇi	Sanskrit	Hindu		Mahabharata	Vana Parva	MBh 3.101.13	https://gretil.sub.uni-goettingen.de/gretil/1_sanskr/2_epic/mbh/mbh_03_u.htm	8	human	epithet	attested	epithet of Agastya (also used of Mānya); patronymic	GRETIL Mahabharata (BORI critical ed., Tokunaga/Smith e-text); Monier-Williams Sanskrit-English Dictionary (Cologne CDSL, CC BY-SA 4.0)	0.60
Sarvabhauma	slug:hindu:sarvabhauma	Sarvabhauma, a son of Ahaṃ-yāti	boy	सार्वभौम	Sārvabhauma	Sanskrit	Hindu		Mahabharata	Adi Parva	MBh 1.84.13	https://gretil.sub.uni-goettingen.de/gretil/1_sanskr/2_epic/mbh/mbh_01_u.htm	8	human	personal	attested		GRETIL Mahabharata (BORI critical ed., Tokunaga/Smith e-text); Monier-Williams Sanskrit-English Dictionary (Cologne CDSL, CC BY-SA 4.0)	0.60
Tunda	slug:hindu:tunda	Tunda, a Rakṣas	boy	तुण्ड	Tuṇḍa	Sanskrit	Hindu		Mahabharata	Vana Parva	MBh 3.269.8	https://gretil.sub.uni-goettingen.de/gretil/1_sanskr/2_epic/mbh/mbh_03_u.htm	8	demon	personal	attested		GRETIL Mahabharata (BORI critical ed., Tokunaga/Smith e-text); Monier-Williams Sanskrit-English Dictionary (Cologne CDSL, CC BY-SA 4.0)	0.60
Vama	slug:hindu:vama	Vama, of one of the Mātṛs attending on Skanda	girl	वामा	Vāmā	Sanskrit	Hindu		Mahabharata	Adi Parva	MBh 1.204.13	https://gretil.sub.uni-goettingen.de/gretil/1_sanskr/2_epic/mbh/mbh_01_u.htm	8	human	personal	attested		GRETIL Mahabharata (BORI critical ed., Tokunaga/Smith e-text); Monier-Williams Sanskrit-English Dictionary (Cologne CDSL, CC BY-SA 4.0)	0.60
Vijiti	slug:hindu:vijiti	Vijiti, a goddess	girl	विजिति	Vijiti	Sanskrit	Hindu		Mahabharata	Sabha Parva	MBh 2.58.16	https://gretil.sub.uni-goettingen.de/gretil/1_sanskr/2_epic/mbh/mbh_02_u.htm	8	deity	personal	attested		GRETIL Mahabharata (BORI critical ed., Tokunaga/Smith e-text); Monier-Williams Sanskrit-English Dictionary (Cologne CDSL, CC BY-SA 4.0)	0.60
Kritakshana	slug:hindu:kritakshana	Kritakshana, a prince	boy	कृतक्षण	Kṛtakṣaṇa	Sanskrit	Hindu		Mahabharata	Sabha Parva	MBh 2.4.24	https://gretil.sub.uni-goettingen.de/gretil/1_sanskr/2_epic/mbh/mbh_02_u.htm	7	royal	personal	attested		GRETIL Mahabharata (BORI critical ed., Tokunaga/Smith e-text); Monier-Williams Sanskrit-English Dictionary (Cologne CDSL, CC BY-SA 4.0)	0.60
Nishtanaka	slug:hindu:nishtanaka	Nishtanaka, a serpent-demon	boy	निष्टानक	Niṣṭānaka	Sanskrit	Hindu		Mahabharata	Bhishma Parva	MBh 6.79.30	https://gretil.sub.uni-goettingen.de/gretil/1_sanskr/2_epic/mbh/mbh_06_u.htm	7	demon	personal	attested		GRETIL Mahabharata (BORI critical ed., Tokunaga/Smith e-text); Monier-Williams Sanskrit-English Dictionary (Cologne CDSL, CC BY-SA 4.0)	0.60
Prishata	slug:hindu:prishata	Prishata, the father of Dru-pada	boy	पृषत	Pṛṣata	Sanskrit	Hindu		Mahabharata	Adi Parva	MBh 1.121.8	https://gretil.sub.uni-goettingen.de/gretil/1_sanskr/2_epic/mbh/mbh_01_u.htm	7	human	personal	attested		GRETIL Mahabharata (BORI critical ed., Tokunaga/Smith e-text); Monier-Williams Sanskrit-English Dictionary (Cologne CDSL, CC BY-SA 4.0)	0.60
Rukmangada	slug:hindu:rukmangada	Rukmangada, various men	boy	रुक्माङ्गद	Rukmāṅgada	Sanskrit	Hindu		Mahabharata	Adi Parva	MBh 1.177.13	https://gretil.sub.uni-goettingen.de/gretil/1_sanskr/2_epic/mbh/mbh_01_u.htm	7	human	personal	attested		GRETIL Mahabharata (BORI critical ed., Tokunaga/Smith e-text); Monier-Williams Sanskrit-English Dictionary (Cologne CDSL, CC BY-SA 4.0)	0.60
Sharadvan	slug:hindu:sharadvat	Sharadvat, a son or other descendant of Gotama and other men	boy	शरद्वत्	Śaradvat	Sanskrit	Hindu		Mahabharata	Adi Parva	MBh 1.181.28	https://gretil.sub.uni-goettingen.de/gretil/1_sanskr/2_epic/mbh/mbh_01_u.htm	7	human	personal	attested		GRETIL Mahabharata (BORI critical ed., Tokunaga/Smith e-text); Monier-Williams Sanskrit-English Dictionary (Cologne CDSL, CC BY-SA 4.0)	0.60
Bhishmaka	slug:hindu:bhishmaka	Bhishmaka, another king	boy	भीष्मक	Bhīṣmaka	Sanskrit	Hindu		Mahabharata	Sabha Parva	MBh 2.4.27	https://gretil.sub.uni-goettingen.de/gretil/1_sanskr/2_epic/mbh/mbh_02_u.htm	6	royal	personal	attested		GRETIL Mahabharata (BORI critical ed., Tokunaga/Smith e-text); Monier-Williams Sanskrit-English Dictionary (Cologne CDSL, CC BY-SA 4.0)	0.60
Mohana	slug:hindu:mohana	Mohana, a town		मोहन	Mohana	Sanskrit	Hindu		Mahabharata	Drona Parva	MBh 7.3.5	https://gretil.sub.uni-goettingen.de/gretil/1_sanskr/2_epic/mbh/mbh_07_u.htm	6	place	personal	attested		GRETIL Mahabharata (BORI critical ed., Tokunaga/Smith e-text); Monier-Williams Sanskrit-English Dictionary (Cologne CDSL, CC BY-SA 4.0)	0.60
Senajit	slug:hindu:senajit	Senajit, a king	boy	सेनजित्	Senajit	Sanskrit	Hindu		Mahabharata	Udyoga Parva	MBh 5.139.27	https://gretil.sub.uni-goettingen.de/gretil/1_sanskr/2_epic/mbh/mbh_05_u.htm	6	royal	personal	attested		GRETIL Mahabharata (BORI critical ed., Tokunaga/Smith e-text); Monier-Williams Sanskrit-English Dictionary (Cologne CDSL, CC BY-SA 4.0)	0.60
Shatashringa	slug:hindu:shatashringa	Shatashringa, a mountain		शतशृङ्ग	Śataśṛṅga	Sanskrit	Hindu		Mahabharata	Adi Parva	MBh 1.110.45	https://gretil.sub.uni-goettingen.de/gretil/1_sanskr/2_epic/mbh/mbh_01_u.htm	6	place	personal	attested		GRETIL Mahabharata (BORI critical ed., Tokunaga/Smith e-text); Monier-Williams Sanskrit-English Dictionary (Cologne CDSL, CC BY-SA 4.0)	0.60
Sulochana	slug:hindu:sulochana	Sulochana, of a son of Dhṛtarāṣṭra	boy	सुलोचन	Sulocana	Sanskrit	Hindu		Mahabharata	Adi Parva	MBh 1.108.4	https://gretil.sub.uni-goettingen.de/gretil/1_sanskr/2_epic/mbh/mbh_01_u.htm	6	human	personal	attested		GRETIL Mahabharata (BORI critical ed., Tokunaga/Smith e-text); Monier-Williams Sanskrit-English Dictionary (Cologne CDSL, CC BY-SA 4.0)	0.60
Vanava	slug:hindu:vanava	Vanava, a people		वानव	Vānava	Sanskrit	Hindu		Mahabharata	Sabha Parva	MBh 2.31.11	https://gretil.sub.uni-goettingen.de/gretil/1_sanskr/2_epic/mbh/mbh_02_u.htm	6	tribe	personal	attested		GRETIL Mahabharata (BORI critical ed., Tokunaga/Smith e-text); Monier-Williams Sanskrit-English Dictionary (Cologne CDSL, CC BY-SA 4.0)	0.60
Vasavi	slug:hindu:vasavi	Vasavi, the mother of Vyāsa	girl	वासवी	Vāsavī	Sanskrit	Hindu		Mahabharata	Vana Parva	MBh 3.294.34	https://gretil.sub.uni-goettingen.de/gretil/1_sanskr/2_epic/mbh/mbh_03_u.htm	6	human	personal	attested		GRETIL Mahabharata (BORI critical ed., Tokunaga/Smith e-text); Monier-Williams Sanskrit-English Dictionary (Cologne CDSL, CC BY-SA 4.0)	0.60
Chandrodaya	slug:hindu:chandrodaya	Chandrodaya, a Pāṇḍava warrior	boy	चन्द्रोदय	Candrodaya	Sanskrit	Hindu		Mahabharata	Drona Parva	MBh 7.89.14	https://gretil.sub.uni-goettingen.de/gretil/1_sanskr/2_epic/mbh/mbh_07_u.htm	5	human	personal	attested		GRETIL Mahabharata (BORI critical ed., Tokunaga/Smith e-text); Monier-Williams Sanskrit-English Dictionary (Cologne CDSL, CC BY-SA 4.0)	0.60
Dushpradharshana	slug:hindu:dushpradharshana	Dushpradharshana, a son of Dhṛtarāṣṭra	boy	दुष्प्रधर्षण	Duṣpradharṣaṇa	Sanskrit	Hindu		Mahabharata	Adi Parva	MBh 1.108.3	https://gretil.sub.uni-goettingen.de/gretil/1_sanskr/2_epic/mbh/mbh_01_u.htm	5	human	personal	attested		GRETIL Mahabharata (BORI critical ed., Tokunaga/Smith e-text); Monier-Williams Sanskrit-English Dictionary (Cologne CDSL, CC BY-SA 4.0)	0.60
Kundabhedi	slug:hindu:kundabhedin	Kundabhedin, a son of Dhṛtarāṣṭra	boy	कुण्डभेदिन्	Kuṇḍabhedin	Sanskrit	Hindu		Mahabharata	Drona Parva	MBh 7.36.25	https://gretil.sub.uni-goettingen.de/gretil/1_sanskr/2_epic/mbh/mbh_07_u.htm	5	human	personal	attested		GRETIL Mahabharata (BORI critical ed., Tokunaga/Smith e-text); Monier-Williams Sanskrit-English Dictionary (Cologne CDSL, CC BY-SA 4.0)	0.60
Kutimukha	slug:hindu:kutimukha	Kutimukha, one of the attendants of Kubera	boy	कुटीमुख	Kuṭīmukha	Sanskrit	Hindu		Mahabharata	Vana Parva	MBh 3.147.19	https://gretil.sub.uni-goettingen.de/gretil/1_sanskr/2_epic/mbh/mbh_03_u.htm	5	human	personal	attested		GRETIL Mahabharata (BORI critical ed., Tokunaga/Smith e-text); Monier-Williams Sanskrit-English Dictionary (Cologne CDSL, CC BY-SA 4.0)	0.60
Satvati	slug:hindu:satvati	Satvati, the mother of Śiśu-Pāla)	girl	सात्वती	Sātvatī	Sanskrit	Hindu		Mahabharata	Ashramavasika Parva	MBh 15.1.21	https://gretil.sub.uni-goettingen.de/gretil/1_sanskr/2_epic/mbh/mbh_15_u.htm	5	royal	personal	attested		GRETIL Mahabharata (BORI critical ed., Tokunaga/Smith e-text); Monier-Williams Sanskrit-English Dictionary (Cologne CDSL, CC BY-SA 4.0)	0.60
Shrutasena	slug:hindu:shrutasena-sahadeva	Shrutasena, of a son of Saha-deva	boy	श्रुतसेन	Śrutasena	Sanskrit	Hindu		Mahabharata	Adi Parva	MBh 1.3.1	https://gretil.sub.uni-goettingen.de/gretil/1_sanskr/2_epic/mbh/mbh_01_u.htm	5	human	personal	attested		GRETIL Mahabharata (BORI critical ed., Tokunaga/Smith e-text); Monier-Williams Sanskrit-English Dictionary (Cologne CDSL, CC BY-SA 4.0)	0.60
Akarsha	slug:hindu:akarsha	Akarsha, a prince, , ed. Calc	boy	आकर्ष	Ākarṣa	Sanskrit	Hindu		Mahabharata	Sabha Parva	MBh 2.56.6	https://gretil.sub.uni-goettingen.de/gretil/1_sanskr/2_epic/mbh/mbh_02_u.htm	4	royal	personal	attested		GRETIL Mahabharata (BORI critical ed., Tokunaga/Smith e-text); Monier-Williams Sanskrit-English Dictionary (Cologne CDSL, CC BY-SA 4.0)	0.60
Ashadha	slug:hindu:ashadha	Ashadha, a prince	boy	आषाढ	Āṣāḍha	Sanskrit	Hindu		Mahabharata	Adi Parva	MBh 1.61.58	https://gretil.sub.uni-goettingen.de/gretil/1_sanskr/2_epic/mbh/mbh_01_u.htm	4	royal	personal	attested		GRETIL Mahabharata (BORI critical ed., Tokunaga/Smith e-text); Monier-Williams Sanskrit-English Dictionary (Cologne CDSL, CC BY-SA 4.0)	0.60
Khanaka	slug:hindu:khanaka	Khanaka, a friend of Vidura	boy	खनक	Khanaka	Sanskrit	Hindu		Mahabharata	Adi Parva	MBh 1.135.1	https://gretil.sub.uni-goettingen.de/gretil/1_sanskr/2_epic/mbh/mbh_01_u.htm	4	human	personal	attested		GRETIL Mahabharata (BORI critical ed., Tokunaga/Smith e-text); Monier-Williams Sanskrit-English Dictionary (Cologne CDSL, CC BY-SA 4.0)	0.60
Patachchara	slug:hindu:patachchara	Patachchara, a people		पटच्चर	Paṭaccara	Sanskrit	Hindu		Mahabharata	Sabha Parva	MBh 2.13.25	https://gretil.sub.uni-goettingen.de/gretil/1_sanskr/2_epic/mbh/mbh_02_u.htm	4	tribe	personal	attested		GRETIL Mahabharata (BORI critical ed., Tokunaga/Smith e-text); Monier-Williams Sanskrit-English Dictionary (Cologne CDSL, CC BY-SA 4.0)	0.60
Pishanga	slug:hindu:pishanga	Pishanga, a serpent-demon	boy	पिशङ्ग	Piśaṅga	Sanskrit	Hindu		Mahabharata	Bhishma Parva	MBh 6.45.7	https://gretil.sub.uni-goettingen.de/gretil/1_sanskr/2_epic/mbh/mbh_06_u.htm	4	demon	personal	attested		GRETIL Mahabharata (BORI critical ed., Tokunaga/Smith e-text); Monier-Williams Sanskrit-English Dictionary (Cologne CDSL, CC BY-SA 4.0)	0.60
Prajagara	slug:hindu:prajagara	Prajagara, an Apsaras	girl	प्रजागरा	Prajāgarā	Sanskrit	Hindu		Mahabharata	Vana Parva	MBh 3.44.30	https://gretil.sub.uni-goettingen.de/gretil/1_sanskr/2_epic/mbh/mbh_03_u.htm	4	mythological_being	personal	attested		GRETIL Mahabharata (BORI critical ed., Tokunaga/Smith e-text); Monier-Williams Sanskrit-English Dictionary (Cologne CDSL, CC BY-SA 4.0)	0.60
Prithivinjaya	slug:hindu:prithivinjaya-virata	Prithivinjaya, of a son of Virāṭa	boy	पृथिवीञ्जय	Pṛthivīñjaya	Sanskrit	Hindu		Mahabharata	Virata Parva	MBh 4.36.1	https://gretil.sub.uni-goettingen.de/gretil/1_sanskr/2_epic/mbh/mbh_04_u.htm	4	human	personal	attested		GRETIL Mahabharata (BORI critical ed., Tokunaga/Smith e-text); Monier-Williams Sanskrit-English Dictionary (Cologne CDSL, CC BY-SA 4.0)	0.60
Sangramajit	slug:hindu:sangramajit	Sangramajit, a man	boy	सङ्ग्रामजित्	Saṅgrāmajit	Sanskrit	Hindu		Mahabharata	Sabha Parva	MBh 2.4.19	https://gretil.sub.uni-goettingen.de/gretil/1_sanskr/2_epic/mbh/mbh_02_u.htm	4	human	personal	attested		GRETIL Mahabharata (BORI critical ed., Tokunaga/Smith e-text); Monier-Williams Sanskrit-English Dictionary (Cologne CDSL, CC BY-SA 4.0)	0.60
Sanhrada	slug:hindu:sanhrada	Sanhrada, an Asura	boy	संह्राद	Saṃhrāda	Sanskrit	Hindu		Mahabharata	Adi Parva	MBh 1.61.6	https://gretil.sub.uni-goettingen.de/gretil/1_sanskr/2_epic/mbh/mbh_01_u.htm	4	demon	personal	attested		GRETIL Mahabharata (BORI critical ed., Tokunaga/Smith e-text); Monier-Williams Sanskrit-English Dictionary (Cologne CDSL, CC BY-SA 4.0)	0.60
Shalveya	slug:hindu:shalveya	Shalveya, a people		शाल्वेय	Śālveya	Sanskrit	Hindu		Mahabharata	Udyoga Parva	MBh 5.22.18	https://gretil.sub.uni-goettingen.de/gretil/1_sanskr/2_epic/mbh/mbh_05_u.htm	4	tribe	personal	attested		GRETIL Mahabharata (BORI critical ed., Tokunaga/Smith e-text); Monier-Williams Sanskrit-English Dictionary (Cologne CDSL, CC BY-SA 4.0)	0.60
Vairata	slug:hindu:vairata	Vairata, m. patr. fr	boy	वैराट	Vairāṭa	Sanskrit	Hindu		Mahabharata	Adi Parva	MBh 1.2.48	https://gretil.sub.uni-goettingen.de/gretil/1_sanskr/2_epic/mbh/mbh_01_u.htm	4	human	personal	attested		GRETIL Mahabharata (BORI critical ed., Tokunaga/Smith e-text); Monier-Williams Sanskrit-English Dictionary (Cologne CDSL, CC BY-SA 4.0)	0.60
Vajranabha	slug:hindu:vajranabha	Vajranabha, one of Skanda's attendants	boy	वज्रनाभ	Vajranābha	Sanskrit	Hindu		Mahabharata	Adi Parva	MBh 1.216.21	https://gretil.sub.uni-goettingen.de/gretil/1_sanskr/2_epic/mbh/mbh_01_u.htm	4	human	personal	attested		GRETIL Mahabharata (BORI critical ed., Tokunaga/Smith e-text); Monier-Williams Sanskrit-English Dictionary (Cologne CDSL, CC BY-SA 4.0)	0.60
Vastu	slug:hindu:vastu	Vastu, a river		वास्तु	Vāstu	Sanskrit	Hindu		Mahabharata	Vana Parva	MBh 3.147.6	https://gretil.sub.uni-goettingen.de/gretil/1_sanskr/2_epic/mbh/mbh_03_u.htm	4	place	personal	attested		GRETIL Mahabharata (BORI critical ed., Tokunaga/Smith e-text); Monier-Williams Sanskrit-English Dictionary (Cologne CDSL, CC BY-SA 4.0)	0.60
Vedavyasa	slug:hindu:vyasa	Vyasa, a celebrated mythical sage and author	boy	वेदव्यास	Vedavyāsa	Sanskrit	Hindu		Mahabharata	Drona Parva	MBh 7.172.43	https://gretil.sub.uni-goettingen.de/gretil/1_sanskr/2_epic/mbh/mbh_07_u.htm	4	sage	epithet	attested	epithet of Vyasa (also used of Bādarāyaṇa)	GRETIL Mahabharata (BORI critical ed., Tokunaga/Smith e-text); Monier-Williams Sanskrit-English Dictionary (Cologne CDSL, CC BY-SA 4.0)	0.60
Aghanta	slug:hindu:shiva	Shiva, the disintegrating or destroying and reproducing deity	boy	अघण्ट	Aghaṇṭa	Sanskrit	Hindu		Mahabharata	Karna Parva	MBh 8.68.16	https://gretil.sub.uni-goettingen.de/gretil/1_sanskr/2_epic/mbh/mbh_08_u.htm	3	deity	epithet	attested	epithet of Shiva	GRETIL Mahabharata (BORI critical ed., Tokunaga/Smith e-text); Monier-Williams Sanskrit-English Dictionary (Cologne CDSL, CC BY-SA 4.0)	0.60
Granthika	slug:hindu:granthika	Granthika, a N. assumed by Nakula, and	boy	ग्रन्थिक	Granthika	Sanskrit	Hindu		Mahabharata	Virata Parva	MBh 4.3.2	https://gretil.sub.uni-goettingen.de/gretil/1_sanskr/2_epic/mbh/mbh_04_u.htm	3	human	personal	attested		GRETIL Mahabharata (BORI critical ed., Tokunaga/Smith e-text); Monier-Williams Sanskrit-English Dictionary (Cologne CDSL, CC BY-SA 4.0)	0.60
Ishupa	slug:hindu:ishupa	Ishupa, an Asura	boy	इषुप	Iṣupa	Sanskrit	Hindu		Mahabharata	Virata Parva	MBh 4.48.8	https://gretil.sub.uni-goettingen.de/gretil/1_sanskr/2_epic/mbh/mbh_04_u.htm	3	demon	personal	attested		GRETIL Mahabharata (BORI critical ed., Tokunaga/Smith e-text); Monier-Williams Sanskrit-English Dictionary (Cologne CDSL, CC BY-SA 4.0)	0.60
Mitravan	slug:hindu:mitravat	Mitravat, a demon	boy	मित्रवत्	Mitravat	Sanskrit	Hindu		Mahabharata	Adi Parva	MBh 1.192.22	https://gretil.sub.uni-goettingen.de/gretil/1_sanskr/2_epic/mbh/mbh_01_u.htm	3	demon	personal	attested		GRETIL Mahabharata (BORI critical ed., Tokunaga/Smith e-text); Monier-Williams Sanskrit-English Dictionary (Cologne CDSL, CC BY-SA 4.0)	0.60
Samanga	slug:hindu:samanga	Samanga, two men	boy	समङ्ग	Samaṅga	Sanskrit	Hindu		Mahabharata	Vana Parva	MBh 3.228.2	https://gretil.sub.uni-goettingen.de/gretil/1_sanskr/2_epic/mbh/mbh_03_u.htm	3	human	personal	attested		GRETIL Mahabharata (BORI critical ed., Tokunaga/Smith e-text); Monier-Williams Sanskrit-English Dictionary (Cologne CDSL, CC BY-SA 4.0)	0.60
Sukratu	slug:hindu:sukratu	Sukratu, various kings	boy	सुक्रतु	Sukratu	Sanskrit	Hindu		Mahabharata	Adi Parva	MBh 1.1.175	https://gretil.sub.uni-goettingen.de/gretil/1_sanskr/2_epic/mbh/mbh_01_u.htm	3	human	personal	attested		GRETIL Mahabharata (BORI critical ed., Tokunaga/Smith e-text); Monier-Williams Sanskrit-English Dictionary (Cologne CDSL, CC BY-SA 4.0)	0.60
Varayu	slug:hindu:varayu	Varayu, a man	boy	वरयु	Varayu	Sanskrit	Hindu		Mahabharata	Bhishma Parva	MBh 6.48.59	https://gretil.sub.uni-goettingen.de/gretil/1_sanskr/2_epic/mbh/mbh_06_u.htm	3	human	personal	attested		GRETIL Mahabharata (BORI critical ed., Tokunaga/Smith e-text); Monier-Williams Sanskrit-English Dictionary (Cologne CDSL, CC BY-SA 4.0)	0.60
Chitrachapa	slug:hindu:chitrachapa	Chitrachapa, a son of Dhṛtarāṣṭra		चित्रचाप	Citracāpa	Sanskrit	Hindu		Mahabharata	Virata Parva	MBh 4.53.35	https://gretil.sub.uni-goettingen.de/gretil/1_sanskr/2_epic/mbh/mbh_04_u.htm	2	concept	personal	attested		GRETIL Mahabharata (BORI critical ed., Tokunaga/Smith e-text); Monier-Williams Sanskrit-English Dictionary (Cologne CDSL, CC BY-SA 4.0)	0.60
Damaghosha	slug:hindu:damaghosha	Damaghosha, a Cedi prince, -	boy	दमघोष	Damaghoṣa	Sanskrit	Hindu		Mahabharata	Sabha Parva	MBh 2.42.30	https://gretil.sub.uni-goettingen.de/gretil/1_sanskr/2_epic/mbh/mbh_02_u.htm	2	royal	personal	attested		GRETIL Mahabharata (BORI critical ed., Tokunaga/Smith e-text); Monier-Williams Sanskrit-English Dictionary (Cologne CDSL, CC BY-SA 4.0)	0.60
Durvisha	slug:hindu:shiva	Shiva, the disintegrating or destroying and reproducing deity	boy	दुर्विष	Durviṣa	Sanskrit	Hindu		Mahabharata	Bhishma Parva	MBh 6.20.4	https://gretil.sub.uni-goettingen.de/gretil/1_sanskr/2_epic/mbh/mbh_06_u.htm	2	deity	epithet	attested	epithet of Shiva	GRETIL Mahabharata (BORI critical ed., Tokunaga/Smith e-text); Monier-Williams Sanskrit-English Dictionary (Cologne CDSL, CC BY-SA 4.0)	0.60
Indrabha	slug:hindu:indrabha	Indrabha, a son of Dhṛtarāṣṭra	boy	इन्द्राभ	Indrābha	Sanskrit	Hindu		Mahabharata	Adi Parva	MBh 1.89.51	https://gretil.sub.uni-goettingen.de/gretil/1_sanskr/2_epic/mbh/mbh_01_u.htm	2	human	personal	attested		GRETIL Mahabharata (BORI critical ed., Tokunaga/Smith e-text); Monier-Williams Sanskrit-English Dictionary (Cologne CDSL, CC BY-SA 4.0)	0.60
Manipushpaka	slug:hindu:manipushpaka	Manipushpaka, the conch-shell of Saha-deva		मणिपुष्पक	Maṇipuṣpaka	Sanskrit	Hindu		Mahabharata	Bhishma Parva	MBh 6.23.16	https://gretil.sub.uni-goettingen.de/gretil/1_sanskr/2_epic/mbh/mbh_06_u.htm	2	concept	personal	attested		GRETIL Mahabharata (BORI critical ed., Tokunaga/Smith e-text); Monier-Williams Sanskrit-English Dictionary (Cologne CDSL, CC BY-SA 4.0)	0.60
Naparajit	slug:hindu:shiva	Shiva, the disintegrating or destroying and reproducing deity	boy	नपराजित्	Naparājit	Sanskrit	Hindu		Mahabharata	Drona Parva	MBh 7.57.51	https://gretil.sub.uni-goettingen.de/gretil/1_sanskr/2_epic/mbh/mbh_07_u.htm	2	deity	epithet	attested	epithet of Shiva	GRETIL Mahabharata (BORI critical ed., Tokunaga/Smith e-text); Monier-Williams Sanskrit-English Dictionary (Cologne CDSL, CC BY-SA 4.0)	0.60
Prahradi	slug:hindu:virochana	Virochana	boy	प्राह्रादि	Prāhrādi	Sanskrit	Hindu		Mahabharata	Vana Parva	MBh 3.97.26	https://gretil.sub.uni-goettingen.de/gretil/1_sanskr/2_epic/mbh/mbh_03_u.htm	2	human	epithet	attested	epithet of Virochana (also used of Bali); patronymic	GRETIL Mahabharata (BORI critical ed., Tokunaga/Smith e-text); Monier-Williams Sanskrit-English Dictionary (Cologne CDSL, CC BY-SA 4.0)	0.60
Sarvavadi	slug:hindu:shiva	Shiva, the disintegrating or destroying and reproducing deity	boy	सर्ववादिन्	Sarvavādin	Sanskrit	Hindu		Mahabharata	Adi Parva	MBh 1.118.10	https://gretil.sub.uni-goettingen.de/gretil/1_sanskr/2_epic/mbh/mbh_01_u.htm	2	deity	epithet	attested	epithet of Shiva	GRETIL Mahabharata (BORI critical ed., Tokunaga/Smith e-text); Monier-Williams Sanskrit-English Dictionary (Cologne CDSL, CC BY-SA 4.0)	0.60
Adipurusha	slug:hindu:hiranyakashipu	Hiranyakashipu, a Daitya king noted for impiety	boy	आदिपुरुष	Ādipuruṣa	Sanskrit	Hindu		Mahabharata	Anushasana Parva	MBh 13.61.56	https://gretil.sub.uni-goettingen.de/gretil/1_sanskr/2_epic/mbh/mbh_13_u.htm	1	demon	epithet	attested	epithet of Hiranyakashipu	GRETIL Mahabharata (BORI critical ed., Tokunaga/Smith e-text); Monier-Williams Sanskrit-English Dictionary (Cologne CDSL, CC BY-SA 4.0)	0.60
Bara	slug:hindu:balarama-	Balarama (=)	boy	बर	Bara	Sanskrit	Hindu		Mahabharata	Shanti Parva	MBh 12.159.53	https://gretil.sub.uni-goettingen.de/gretil/1_sanskr/2_epic/mbh/mbh_12_u.htm	1	human	epithet	attested	epithet of Balarama	GRETIL Mahabharata (BORI critical ed., Tokunaga/Smith e-text); Monier-Williams Sanskrit-English Dictionary (Cologne CDSL, CC BY-SA 4.0)	0.60
Chandravarma	slug:hindu:chandravarman	Chandravarman, a Kāmboja king	boy	चन्द्रवर्मन्	Candravarman	Sanskrit	Hindu		Mahabharata	Drona Parva	MBh 7.31.63	https://gretil.sub.uni-goettingen.de/gretil/1_sanskr/2_epic/mbh/mbh_07_u.htm	1	royal	personal	attested		GRETIL Mahabharata (BORI critical ed., Tokunaga/Smith e-text); Monier-Williams Sanskrit-English Dictionary (Cologne CDSL, CC BY-SA 4.0)	0.60
Guptaka	slug:hindu:guptaka	Guptaka, a Sauvīraka prince	boy	गुप्तक	Guptaka	Sanskrit	Hindu		Mahabharata	Vana Parva	MBh 3.249.10	https://gretil.sub.uni-goettingen.de/gretil/1_sanskr/2_epic/mbh/mbh_03_u.htm	1	royal	personal	attested		GRETIL Mahabharata (BORI critical ed., Tokunaga/Smith e-text); Monier-Williams Sanskrit-English Dictionary (Cologne CDSL, CC BY-SA 4.0)	0.60
Kalavega	slug:hindu:kalavega	Kalavega, a Nāga	boy	कालवेग	Kālavega	Sanskrit	Hindu		Mahabharata	Shanti Parva	MBh 12.26.9	https://gretil.sub.uni-goettingen.de/gretil/1_sanskr/2_epic/mbh/mbh_12_u.htm	1	mythological_being	personal	attested		GRETIL Mahabharata (BORI critical ed., Tokunaga/Smith e-text); Monier-Williams Sanskrit-English Dictionary (Cologne CDSL, CC BY-SA 4.0)	0.60
Kalpamatra	slug:hindu:shiva	Shiva, the disintegrating or destroying and reproducing deity	boy	कल्पमात्र	Kalpamātra	Sanskrit	Hindu		Mahabharata	Ashvamedhika Parva	MBh 14.22.20	https://gretil.sub.uni-goettingen.de/gretil/1_sanskr/2_epic/mbh/mbh_14_u.htm	1	deity	epithet	attested	epithet of Shiva	GRETIL Mahabharata (BORI critical ed., Tokunaga/Smith e-text); Monier-Williams Sanskrit-English Dictionary (Cologne CDSL, CC BY-SA 4.0)	0.60
Katankata	slug:hindu:shiva	Shiva, the disintegrating or destroying and reproducing deity	boy	कटङ्कट	Kaṭaṅkaṭa	Sanskrit	Hindu		Mahabharata	Drona Parva	MBh 7.84.24	https://gretil.sub.uni-goettingen.de/gretil/1_sanskr/2_epic/mbh/mbh_07_u.htm	1	deity	epithet	attested	epithet of Shiva	GRETIL Mahabharata (BORI critical ed., Tokunaga/Smith e-text); Monier-Williams Sanskrit-English Dictionary (Cologne CDSL, CC BY-SA 4.0)	0.60
Kritisuta	slug:hindu:ruchiparvan	Ruchiparvan, a man	boy	कृतीसुत	Kṛtīsuta	Sanskrit	Hindu		Mahabharata	Drona Parva	MBh 7.25.44	https://gretil.sub.uni-goettingen.de/gretil/1_sanskr/2_epic/mbh/mbh_07_u.htm	1	human	epithet	attested	epithet of Ruchiparvan	GRETIL Mahabharata (BORI critical ed., Tokunaga/Smith e-text); Monier-Williams Sanskrit-English Dictionary (Cologne CDSL, CC BY-SA 4.0)	0.60
Mahakrichchhra	slug:hindu:vishnu	Vishnu, one of the principal Hindū deities		महाकृच्छ्र	Mahākṛcchra	Sanskrit	Hindu		Mahabharata	Shanti Parva	MBh 12.325.4	https://gretil.sub.uni-goettingen.de/gretil/1_sanskr/2_epic/mbh/mbh_12_u.htm	1	deity	epithet	attested	epithet of Vishnu	GRETIL Mahabharata (BORI critical ed., Tokunaga/Smith e-text); Monier-Williams Sanskrit-English Dictionary (Cologne CDSL, CC BY-SA 4.0)	0.60
Manivahana	slug:hindu:kushamba	Kushamba, a son of Vasu Uparicara	boy	मणिवाहन	Maṇivāhana	Sanskrit	Hindu		Mahabharata	Adi Parva	MBh 1.57.29	https://gretil.sub.uni-goettingen.de/gretil/1_sanskr/2_epic/mbh/mbh_01_u.htm	1	deity	epithet	attested	epithet of Kushamba (also used of Kuśa)	GRETIL Mahabharata (BORI critical ed., Tokunaga/Smith e-text); Monier-Williams Sanskrit-English Dictionary (Cologne CDSL, CC BY-SA 4.0)	0.60
Nagavartma	slug:hindu:nagavartman	Nagavartman, a Tīrtha		नागवर्त्मन्	Nāgavartman	Sanskrit	Hindu		Mahabharata	Adi Parva	MBh 1.3.141	https://gretil.sub.uni-goettingen.de/gretil/1_sanskr/2_epic/mbh/mbh_01_u.htm	1	place	personal	attested		GRETIL Mahabharata (BORI critical ed., Tokunaga/Smith e-text); Monier-Williams Sanskrit-English Dictionary (Cologne CDSL, CC BY-SA 4.0)	0.60
Padmalaya	slug:hindu:brahma	Brahma	boy	पद्मालय	Padmālaya	Sanskrit	Hindu		Mahabharata	Vana Parva	MBh 3.186.76	https://gretil.sub.uni-goettingen.de/gretil/1_sanskr/2_epic/mbh/mbh_03_u.htm	1	deity	epithet	attested	epithet of Brahma	GRETIL Mahabharata (BORI critical ed., Tokunaga/Smith e-text); Monier-Williams Sanskrit-English Dictionary (Cologne CDSL, CC BY-SA 4.0)	0.60
Purvajadeva	slug:hindu:brahma	Brahma	boy	पूर्वजदेव	Pūrvajadeva	Sanskrit	Hindu		Mahabharata	Adi Parva	MBh 1.189.9	https://gretil.sub.uni-goettingen.de/gretil/1_sanskr/2_epic/mbh/mbh_01_u.htm	1	deity	epithet	attested	epithet of Brahma	GRETIL Mahabharata (BORI critical ed., Tokunaga/Smith e-text); Monier-Williams Sanskrit-English Dictionary (Cologne CDSL, CC BY-SA 4.0)	0.60
Sarvabandhavimochana	slug:hindu:shiva	Shiva, the disintegrating or destroying and reproducing deity	boy	सर्वबन्धविमोचन	Sarvabandhavimocana	Sanskrit	Hindu		Mahabharata	Anushasana Parva	MBh 13.17.60	https://gretil.sub.uni-goettingen.de/gretil/1_sanskr/2_epic/mbh/mbh_13_u.htm	1	deity	epithet	attested	epithet of Shiva	GRETIL Mahabharata (BORI critical ed., Tokunaga/Smith e-text); Monier-Williams Sanskrit-English Dictionary (Cologne CDSL, CC BY-SA 4.0)	0.60
Sukhasakta	slug:hindu:shiva	Shiva, the disintegrating or destroying and reproducing deity	boy	सुखासक्त	Sukhāsakta	Sanskrit	Hindu		Mahabharata	Shanti Parva	MBh 12.169.19	https://gretil.sub.uni-goettingen.de/gretil/1_sanskr/2_epic/mbh/mbh_12_u.htm	1	deity	epithet	attested	epithet of Shiva	GRETIL Mahabharata (BORI critical ed., Tokunaga/Smith e-text); Monier-Williams Sanskrit-English Dictionary (Cologne CDSL, CC BY-SA 4.0)	0.60
Suvarnashthivi	slug:hindu:suvarnashthivi	Suvarnashthivi, a son of Sṛñjaya	boy	सुवर्णष्ठीवि	Suvarṇaṣṭhīvi	Sanskrit	Hindu		Mahabharata	Shanti Parva	MBh 12.31.1	https://gretil.sub.uni-goettingen.de/gretil/1_sanskr/2_epic/mbh/mbh_12_u.htm	1	human	personal	attested		GRETIL Mahabharata (BORI critical ed., Tokunaga/Smith e-text); Monier-Williams Sanskrit-English Dictionary (Cologne CDSL, CC BY-SA 4.0)	0.60
Upakrishnaka	slug:hindu:upakrishnaka	Upakrishnaka, a being in Skanda's retinue	boy	उपकृष्णक	Upakṛṣṇaka	Sanskrit	Hindu		Mahabharata	Shalya Parva	MBh 9.44.52	https://gretil.sub.uni-goettingen.de/gretil/1_sanskr/2_epic/mbh/mbh_09_u.htm	1	mythological_being	personal	attested		GRETIL Mahabharata (BORI critical ed., Tokunaga/Smith e-text); Monier-Williams Sanskrit-English Dictionary (Cologne CDSL, CC BY-SA 4.0)	0.60
Vahi	slug:hindu:vahi	Vahi, a Piśāca	boy	वहि	Vahi	Sanskrit	Hindu		Mahabharata	Udyoga Parva	MBh 5.91.3	https://gretil.sub.uni-goettingen.de/gretil/1_sanskr/2_epic/mbh/mbh_05_u.htm	1	demon	personal	attested		GRETIL Mahabharata (BORI critical ed., Tokunaga/Smith e-text); Monier-Williams Sanskrit-English Dictionary (Cologne CDSL, CC BY-SA 4.0)	0.60
Vasudevapriya	slug:hindu:karttikeya	Karttikeya, a son of Śiva and Pārvatī	boy	वासुदेवप्रिय	Vāsudevapriya	Sanskrit	Hindu		Mahabharata	Udyoga Parva	MBh 5.155.19	https://gretil.sub.uni-goettingen.de/gretil/1_sanskr/2_epic/mbh/mbh_05_u.htm	1	human	epithet	attested	epithet of Karttikeya	GRETIL Mahabharata (BORI critical ed., Tokunaga/Smith e-text); Monier-Williams Sanskrit-English Dictionary (Cologne CDSL, CC BY-SA 4.0)	0.60
Vishnuyashas	slug:hindu:kalki	Kalki, the tenth incarnation of Viṣṇu when he is to appear mounted on a white horse and…	boy	विष्णुयशस्	Viṣṇuyaśas	Sanskrit	Hindu		Mahabharata	Vana Parva	MBh 3.188.89	https://gretil.sub.uni-goettingen.de/gretil/1_sanskr/2_epic/mbh/mbh_03_u.htm	1	mythological_being	epithet	attested	epithet of Kalki (also used of Kalkin)	GRETIL Mahabharata (BORI critical ed., Tokunaga/Smith e-text); Monier-Williams Sanskrit-English Dictionary (Cologne CDSL, CC BY-SA 4.0)	0.60
Hari	slug:sikh:hari	Hari, God		ਹਰਿ	Hari	Gurmukhi/Punjabi	Sikh		Guru Granth Sahib		Ang 10	https://www.sikhitothemax.org/ang?ang=10&source=G	9338	deity	divine	attested	name of God	Guru Granth Sahib text via BaniDB API (Khalis Foundation)	0.90
Nanak	Q83322	Guru Nanak, first Sikh Guru	boy	ਨਾਨਕ	Nānak	Gurmukhi/Punjabi	Sikh		Guru Granth Sahib		Ang 1	https://www.sikhitothemax.org/ang?ang=1&source=G	5128	saint	personal	attested	also the signature of Gurus 2-5 and 9	Guru Granth Sahib text via BaniDB API (Khalis Foundation); Wikidata (CC0)	0.90
Ram	slug:sikh:ram	Ram, God		ਰਾਮ	Rām	Gurmukhi/Punjabi	Sikh		Guru Granth Sahib		Ang 8	https://www.sikhitothemax.org/ang?ang=8&source=G	2058	deity	divine	attested	name of God, the all-pervading (not the epic king)	Guru Granth Sahib text via BaniDB API (Khalis Foundation)	0.90
Kabir	Q312551	Kabir, bhagat	boy	ਕਬੀਰ	Kabīr	Gurmukhi/Punjabi	Sikh		Guru Granth Sahib		Ang 67	https://www.sikhitothemax.org/ang?ang=67&source=G	593	saint	personal	attested		Guru Granth Sahib text via BaniDB API (Khalis Foundation); Wikidata (CC0)	0.90
Gobind	slug:sikh:gobind	Gobind, God		ਗੋਬਿੰਦ	Gobind	Gurmukhi/Punjabi	Sikh		Guru Granth Sahib		Ang 12	https://www.sikhitothemax.org/ang?ang=12&source=G	303	deity	divine	attested	name of God	Guru Granth Sahib text via BaniDB API (Khalis Foundation)	0.90
Govind	slug:sikh:gobind	Gobind, God		ਗੋਵਿੰਦ	Govind	Gurmukhi/Punjabi	Sikh		Guru Granth Sahib		Ang 6	https://www.sikhitothemax.org/ang?ang=6&source=G	201	deity	divine	attested	name of God; spelling variant of Gobind	Guru Granth Sahib text via BaniDB API (Khalis Foundation)	0.90
Gopal	slug:sikh:gopal	Gopal, God		ਗੋਪਾਲ	Gopāl	Gurmukhi/Punjabi	Sikh		Guru Granth Sahib		Ang 45	https://www.sikhitothemax.org/ang?ang=45&source=G	144	deity	divine	attested	name of God	Guru Granth Sahib text via BaniDB API (Khalis Foundation)	0.90
Murari	slug:sikh:murari	Murari, God		ਮੁਰਾਰਿ	Murāri	Gurmukhi/Punjabi	Sikh		Guru Granth Sahib		Ang 18	https://www.sikhitothemax.org/ang?ang=18&source=G	107	deity	divine	attested	name of God	Guru Granth Sahib text via BaniDB API (Khalis Foundation)	0.90
Farid	Q3244622	Baba Farid (Shaikh Farid), bhagat	boy	ਫਰੀਦ	Farīd	Gurmukhi/Punjabi	Sikh		Guru Granth Sahib		Ang 488	https://www.sikhitothemax.org/ang?ang=488&source=G	104	saint	personal	attested		Guru Granth Sahib text via BaniDB API (Khalis Foundation); Wikidata (CC0)	0.90
Nirankar	slug:sikh:nirankar	Nirankar, the Formless One		ਨਿਰੰਕਾਰ	Nirankār	Gurmukhi/Punjabi	Sikh		Guru Granth Sahib		Ang 3	https://www.sikhitothemax.org/ang?ang=3&source=G	94	deity	divine	attested	name of God (the Formless)	Guru Granth Sahib text via BaniDB API (Khalis Foundation)	0.90
Narayan	slug:sikh:narayan	Narayan, God		ਨਾਰਾਇਣ	Nārāiṇ	Gurmukhi/Punjabi	Sikh		Guru Granth Sahib		Ang 92	https://www.sikhitothemax.org/ang?ang=92&source=G	74	deity	divine	attested	name of God	Guru Granth Sahib text via BaniDB API (Khalis Foundation)	0.90
Ravidas	Q2639769	Ravidas, bhagat	boy	ਰਵਿਦਾਸ	Ravidās	Gurmukhi/Punjabi	Sikh		Guru Granth Sahib		Ang 93	https://www.sikhitothemax.org/ang?ang=93&source=G	64	saint	personal	attested		Guru Granth Sahib text via BaniDB API (Khalis Foundation); Wikidata (CC0)	0.90
Kartar	slug:sikh:kartar	Kartar, God the Creator		ਕਰਤਾਰ	Kartār	Gurmukhi/Punjabi	Sikh		Guru Granth Sahib		Ang 15	https://www.sikhitothemax.org/ang?ang=15&source=G	62	deity	divine	attested	name of God (the Creator)	Guru Granth Sahib text via BaniDB API (Khalis Foundation)	0.90
Madho	slug:sikh:madho	Madho (Madhav), God		ਮਾਧੋ	Mādho	Gurmukhi/Punjabi	Sikh		Guru Granth Sahib		Ang 10	https://www.sikhitothemax.org/ang?ang=10&source=G	44	deity	divine	attested	name of God	Guru Granth Sahib text via BaniDB API (Khalis Foundation)	0.90
Allah	slug:sikh:allah	Allah, God		ਅਲਹ	Allah	Gurmukhi/Punjabi	Sikh		Guru Granth Sahib		Ang 53	https://www.sikhitothemax.org/ang?ang=53&source=G	36	deity	divine	attested	name of God	Guru Granth Sahib text via BaniDB API (Khalis Foundation)	0.90
Amar Das	Q454703	Guru Amar Das, third Sikh Guru	boy	ਅਮਰਦਾਸ	Amar Dās	Gurmukhi/Punjabi	Sikh		Guru Granth Sahib		Ang 1392	https://www.sikhitothemax.org/ang?ang=1392&source=G	29	saint	personal	attested		Guru Granth Sahib text via BaniDB API (Khalis Foundation); Wikidata (CC0)	0.90
Banwari	slug:sikh:banwari	Banwari, God		ਬਨਵਾਰੀ	Banvārī	Gurmukhi/Punjabi	Sikh		Guru Granth Sahib		Ang 79	https://www.sikhitothemax.org/ang?ang=79&source=G	26	deity	divine	attested	name of God	Guru Granth Sahib text via BaniDB API (Khalis Foundation)	0.90
Lehna	Q370204	Guru Angad, second Sikh Guru	boy	ਲਹਣਾ	Lahṇā	Gurmukhi/Punjabi	Sikh		Guru Granth Sahib		Ang 106	https://www.sikhitothemax.org/ang?ang=106&source=G	24	saint	personal	attested	birth name of Guru Angad	Guru Granth Sahib text via BaniDB API (Khalis Foundation); Wikidata (CC0)	0.90
Mukand	slug:sikh:mukand	Mukand (Mukunda), God		ਮੁਕੰਦ	Mukand	Gurmukhi/Punjabi	Sikh		Guru Granth Sahib		Ang 248	https://www.sikhitothemax.org/ang?ang=248&source=G	22	deity	divine	attested	name of God	Guru Granth Sahib text via BaniDB API (Khalis Foundation)	0.90
Angad	Q370204	Guru Angad, second Sikh Guru	boy	ਅੰਗਦ	Aṅgad	Gurmukhi/Punjabi	Sikh		Guru Granth Sahib		Ang 307	https://www.sikhitothemax.org/ang?ang=307&source=G	19	saint	personal	attested		Guru Granth Sahib text via BaniDB API (Khalis Foundation); Wikidata (CC0)	0.90
Trilochan	Q25623550	Trilochan, bhagat	boy	ਤ੍ਰਿਲੋਚਨ	Trilocan	Gurmukhi/Punjabi	Sikh		Guru Granth Sahib		Ang 92	https://www.sikhitothemax.org/ang?ang=92&source=G	19	saint	personal	attested		Guru Granth Sahib text via BaniDB API (Khalis Foundation); Wikidata (CC0)	0.90
Waheguru	slug:sikh:waheguru	Waheguru, God		ਵਾਹਿਗੁਰੂ	Vāhigurū	Gurmukhi/Punjabi	Sikh		Guru Granth Sahib		Ang 1402	https://www.sikhitothemax.org/ang?ang=1402&source=G	16	deity	divine	attested	name of God	Guru Granth Sahib text via BaniDB API (Khalis Foundation)	0.90
Jaidev	Q335015	Jaidev (Jayadeva), bhagat	boy	ਜੈਦੇਉ	Jaidev	Gurmukhi/Punjabi	Sikh		Guru Granth Sahib		Ang 330	https://www.sikhitothemax.org/ang?ang=330&source=G	12	saint	personal	attested		Guru Granth Sahib text via BaniDB API (Khalis Foundation); Wikidata (CC0)	0.90
Beni	Q4900593	Beni, bhagat	boy	ਬੇਣੀ	Beṇī	Gurmukhi/Punjabi	Sikh		Guru Granth Sahib		Ang 93	https://www.sikhitothemax.org/ang?ang=93&source=G	11	saint	personal	attested		Guru Granth Sahib text via BaniDB API (Khalis Foundation); Wikidata (CC0)	0.90
Bithal	slug:sikh:bithal	Bithal (Vitthal), God		ਬੀਠਲ	Bīṭhal	Gurmukhi/Punjabi	Sikh		Guru Granth Sahib		Ang 485	https://www.sikhitothemax.org/ang?ang=485&source=G	11	deity	divine	attested	name of God in Namdev's bani	Guru Granth Sahib text via BaniDB API (Khalis Foundation)	0.90
Damodar	slug:sikh:damodar	Damodar, God		ਦਾਮੋਦਰ	Dāmodar	Gurmukhi/Punjabi	Sikh		Guru Granth Sahib		Ang 248	https://www.sikhitothemax.org/ang?ang=248&source=G	10	deity	divine	attested	name of God	Guru Granth Sahib text via BaniDB API (Khalis Foundation)	0.90
Bhikhan	Q4900597	Bhikhan, bhagat	boy	ਭੀਖਨ	Bhīkhan	Gurmukhi/Punjabi	Sikh		Guru Granth Sahib		Ang 659	https://www.sikhitothemax.org/ang?ang=659&source=G	3	saint	personal	attested		Guru Granth Sahib text via BaniDB API (Khalis Foundation); Wikidata (CC0)	0.90
Mardana	Q3696391	Bhai Mardana, companion of Guru Nanak	boy	ਮਰਦਾਨਾ	Mardānā	Gurmukhi/Punjabi	Sikh		Guru Granth Sahib		Ang 553	https://www.sikhitothemax.org/ang?ang=553&source=G	3	disciple	personal	attested		Guru Granth Sahib text via BaniDB API (Khalis Foundation); Wikidata (CC0)	0.90
Raghunath	slug:sikh:raghunath	Raghunath, God		ਰਘੁਨਾਥ	Raghunāth	Gurmukhi/Punjabi	Sikh		Guru Granth Sahib		Ang 710	https://www.sikhitothemax.org/ang?ang=710&source=G	3	deity	divine	attested	name of God	Guru Granth Sahib text via BaniDB API (Khalis Foundation)	0.90
Ramanand	Q2672093	Ramanand, bhagat	boy	ਰਾਮਾਨੰਦ	Rāmānand	Gurmukhi/Punjabi	Sikh		Guru Granth Sahib		Ang 695	https://www.sikhitothemax.org/ang?ang=695&source=G	3	saint	personal	attested		Guru Granth Sahib text via BaniDB API (Khalis Foundation); Wikidata (CC0)	0.90
Pipa	slug:sikh:pipa	Pipa, bhagat		ਪੀਪਾ	Pīpā	Gurmukhi/Punjabi	Sikh		Guru Granth Sahib		Ang 695	https://www.sikhitothemax.org/ang?ang=695&source=G	2	saint	personal	attested		Guru Granth Sahib text via BaniDB API (Khalis Foundation)	0.90
Sadhna	Q2739798	Sadhna, bhagat	boy	ਸਧਨਾ	Sadhnā	Gurmukhi/Punjabi	Sikh		Guru Granth Sahib		Ang 858	https://www.sikhitothemax.org/ang?ang=858&source=G	2	saint	personal	attested		Guru Granth Sahib text via BaniDB API (Khalis Foundation); Wikidata (CC0)	0.90
Surdas	slug:sikh:surdas	Surdas, bhagat		ਸੂਰਦਾਸ	Sūrdās	Gurmukhi/Punjabi	Sikh		Guru Granth Sahib		Ang 1253	https://www.sikhitothemax.org/ang?ang=1253&source=G	2	saint	personal	attested		Guru Granth Sahib text via BaniDB API (Khalis Foundation)	0.90
Tegh Bahadur	Q2019145	Guru Tegh Bahadur, ninth Sikh Guru	boy	ਤੇਗ ਬਹਾਦਰ	Tegh Bahādur	Gurmukhi/Punjabi	Sikh		Guru Granth Sahib		Ang 219	https://www.sikhitothemax.org/ang?ang=219&source=G		saint	personal	association	author of the Mahala 9 bani; signs as Nanak, his own name is not in the text	Guru Granth Sahib text via BaniDB API (Khalis Foundation); Wikidata (CC0)	0.90
Namdev	Q2602417	Namdev, bhagat	boy	ਨਾਮਦੇਵ	Nāmdev	Gurmukhi/Punjabi	Sikh		Guru Granth Sahib		Ang 67	https://www.sikhitothemax.org/ang?ang=67&source=G	99	saint	personal	attested	also written ਨਾਮਾ (Nama)	Guru Granth Sahib text via BaniDB API (Khalis Foundation); Wikidata (CC0)	0.80
Ram Das	Q335353	Guru Ram Das, fourth Sikh Guru	boy	ਰਾਮਦਾਸ	Rām Dās	Gurmukhi/Punjabi	Sikh		Guru Granth Sahib		Ang 923	https://www.sikhitothemax.org/ang?ang=923&source=G	50	saint	personal	attested		Guru Granth Sahib text via BaniDB API (Khalis Foundation); Wikidata (CC0)	0.80
Arjan	Q369920	Guru Arjan, fifth Sikh Guru	boy	ਅਰਜੁਨ	Arjan	Gurmukhi/Punjabi	Sikh		Guru Granth Sahib		Ang 968	https://www.sikhitothemax.org/ang?ang=968&source=G	21	saint	personal	attested	written ਅਰਜੁਨ (Arjun) in the Bhatts' swayyas	Guru Granth Sahib text via BaniDB API (Khalis Foundation); Wikidata (CC0)	0.80
Dhanna	Q5269003	Dhanna, bhagat	boy	ਧੰਨਾ	Dhannā	Gurmukhi/Punjabi	Sikh		Guru Granth Sahib		Ang 487	https://www.sikhitothemax.org/ang?ang=487&source=G	5	saint	personal	attested		Guru Granth Sahib text via BaniDB API (Khalis Foundation); Wikidata (CC0)	0.80
Sain	Q4900605	Sain, bhagat	boy	ਸੈਨੁ	Sain	Gurmukhi/Punjabi	Sikh		Guru Granth Sahib		Ang 695	https://www.sikhitothemax.org/ang?ang=695&source=G	5	saint	personal	attested		Guru Granth Sahib text via BaniDB API (Khalis Foundation); Wikidata (CC0)	0.80
Parmanand	Q4900601	Parmanand, bhagat	boy	ਪਰਮਾਨੰਦ	Parmānand	Gurmukhi/Punjabi	Sikh		Guru Granth Sahib		Ang 1253	https://www.sikhitothemax.org/ang?ang=1253&source=G	3	saint	personal	attested		Guru Granth Sahib text via BaniDB API (Khalis Foundation); Wikidata (CC0)	0.80
Mahavira	Q9422	Mahavira (Vardhamana), 24th Tirthankara	boy		Mahāvīra	Prakrit	Jain	Shvetambara	Kalpa Sutra	Lives of the Jinas	Kalpa Sutra, Lives of the Jinas §1	https://archive.org/details/jainasutrasparti029233mbp	41	saint	personal	attested		Kalpa Sutra, tr. H. Jacobi, Sacred Books of the East 22 (1884, public domain), archive.org OCR; Wikidata (CC0)	0.75
Siddhartha	Q7508053	Siddhartha, father of Mahavira	boy		Siddhārtha	Prakrit	Jain	Shvetambara	Kalpa Sutra	Lives of the Jinas	Kalpa Sutra, Lives of the Jinas §22	https://archive.org/details/jainasutrasparti029233mbp	33	royal	personal	attested		Kalpa Sutra, tr. H. Jacobi, Sacred Books of the East 22 (1884, public domain), archive.org OCR; Wikidata (CC0)	0.75
Devananda	Q29383248	Devananda, Brahmin mother of Mahavira's first conception			Devānandā	Prakrit	Jain	Shvetambara	Kalpa Sutra	Lives of the Jinas	Kalpa Sutra, Lives of the Jinas §1	https://archive.org/details/jainasutrasparti029233mbp	17	human	personal	attested		Kalpa Sutra, tr. H. Jacobi, Sacred Books of the East 22 (1884, public domain), archive.org OCR; Wikidata (CC0)	0.75
Arishtanemi	Q1746328	Arishtanemi (Neminatha), 22nd Tirthankara	boy		Ariṣṭanemi	Prakrit	Jain	Shvetambara	Kalpa Sutra	Lives of the Jinas	Kalpa Sutra, Lives of the Jinas §170	https://archive.org/details/jainasutrasparti029233mbp	16	saint	personal	attested		Kalpa Sutra, tr. H. Jacobi, Sacred Books of the East 22 (1884, public domain), archive.org OCR; Wikidata (CC0)	0.75
Trishala	Q7844032	Trishala, mother of Mahavira	girl		Triśalā	Prakrit	Jain	Shvetambara	Kalpa Sutra	Lives of the Jinas	Kalpa Sutra, Lives of the Jinas §1	https://archive.org/details/jainasutrasparti029233mbp	15	human	personal	attested		Kalpa Sutra, tr. H. Jacobi, Sacred Books of the East 22 (1884, public domain), archive.org OCR; Wikidata (CC0)	0.75
Rishabha	Q9429	Rishabha (Adinatha), 1st Tirthankara	boy		Ṛṣabha	Prakrit	Jain	Shvetambara	Kalpa Sutra	Lives of the Jinas	Kalpa Sutra, Lives of the Jinas §12	https://archive.org/details/jainasutrasparti029233mbp	11	saint	personal	attested		Kalpa Sutra, tr. H. Jacobi, Sacred Books of the East 22 (1884, public domain), archive.org OCR; Wikidata (CC0)	0.75
Malli	Q2790254	Malli, 19th Tirthankara	boy		Malli	Prakrit	Jain	Shvetambara	Kalpa Sutra	Lives of the Jinas	Kalpa Sutra, Lives of the Jinas §203	https://archive.org/details/jainasutrasparti029233mbp	8	saint	personal	attested	Shvetambaras hold Malli was a woman	Kalpa Sutra, tr. H. Jacobi, Sacred Books of the East 22 (1884, public domain), archive.org OCR; Wikidata (CC0)	0.75
Sudharman	Q7633775	Arya Sudharman, ganadhara	boy		Sudharman	Prakrit	Jain	Shvetambara	Kalpa Sutra	Lives of the Jinas	Kalpa Sutra, Lives of the Jinas §14	https://archive.org/details/jainasutrasparti029233mbp	8	disciple	personal	attested		Kalpa Sutra, tr. H. Jacobi, Sacred Books of the East 22 (1884, public domain), archive.org OCR; Wikidata (CC0)	0.75
Munisuvrata	Q2790039	Munisuvrata, 20th Tirthankara	boy		Munisuvrata	Prakrit	Jain	Shvetambara	Kalpa Sutra	Lives of the Jinas	Kalpa Sutra, Lives of the Jinas §113	https://archive.org/details/jainasutrasparti029233mbp	7	saint	personal	attested		Kalpa Sutra, tr. H. Jacobi, Sacred Books of the East 22 (1884, public domain), archive.org OCR; Wikidata (CC0)	0.75
Indrabhuti	Q15304493	Indrabhuti Gautama, first ganadhara of Mahavira	boy		Indrabhūti	Prakrit	Jain	Shvetambara	Kalpa Sutra	Lives of the Jinas	Kalpa Sutra, Lives of the Jinas §127	https://archive.org/details/jainasutrasparti029233mbp	4	disciple	personal	attested		Kalpa Sutra, tr. H. Jacobi, Sacred Books of the East 22 (1884, public domain), archive.org OCR; Wikidata (CC0)	0.75
Prabhasa	slug:jain:prabhasa	Prabhasa, ganadhara			Prabhāsa	Prakrit	Jain	Shvetambara	Kalpa Sutra	Lives of the Jinas	Kalpa Sutra, Lives of the Jinas §45	https://archive.org/details/jainasutrasparti029233mbp	4	disciple	personal	attested		Kalpa Sutra, tr. H. Jacobi, Sacred Books of the East 22 (1884, public domain), archive.org OCR	0.75
Vardhamana	Q9422	Mahavira (Vardhamana), 24th Tirthankara	boy		Vardhamāna	Prakrit	Jain	Shvetambara	Kalpa Sutra	Lives of the Jinas	Kalpa Sutra, Lives of the Jinas §91	https://archive.org/details/jainasutrasparti029233mbp	4	saint	personal	attested	birth name of Mahavira	Kalpa Sutra, tr. H. Jacobi, Sacred Books of the East 22 (1884, public domain), archive.org OCR; Wikidata (CC0)	0.75
Bhadrabahu	Q3524867	Bhadrabahu, sthavira	boy		Bhadrabāhu	Prakrit	Jain	Shvetambara	Kalpa Sutra	Lives of the Jinas	Kalpa Sutra, Lives of the Jinas §1	https://archive.org/details/jainasutrasparti029233mbp	3	sage	personal	attested		Kalpa Sutra, tr. H. Jacobi, Sacred Books of the East 22 (1884, public domain), archive.org OCR; Wikidata (CC0)	0.75
Achalabhrata	slug:jain:acalabhrata	Achalabhrata, ganadhara			Acalabhrātṛ	Prakrit	Jain	Shvetambara	Kalpa Sutra	List of the Sthaviras	Kalpa Sutra, List of the Sthaviras §1	https://archive.org/details/jainasutrasparti029233mbp	2	disciple	personal	attested		Kalpa Sutra, tr. H. Jacobi, Sacred Books of the East 22 (1884, public domain), archive.org OCR	0.75
Manditaputra	slug:jain:manditaputra	Manditaputra, ganadhara			Maṇḍitaputra	Prakrit	Jain	Shvetambara	Kalpa Sutra	List of the Sthaviras	Kalpa Sutra, List of the Sthaviras §1	https://archive.org/details/jainasutrasparti029233mbp	2	disciple	personal	attested		Kalpa Sutra, tr. H. Jacobi, Sacred Books of the East 22 (1884, public domain), archive.org OCR	0.75
Parshva	Q1400271	Parshvanatha, 23rd Tirthankara	boy		Pārśva	Prakrit	Jain	Shvetambara	Kalpa Sutra	Lives of the Jinas	Kalpa Sutra, Lives of the Jinas §149	https://archive.org/details/jainasutrasparti029233mbp	2	saint	personal	attested		Kalpa Sutra, tr. H. Jacobi, Sacred Books of the East 22 (1884, public domain), archive.org OCR; Wikidata (CC0)	0.75
Rishabhadatta	slug:jain:rishabhadatta	Rishabhadatta, Brahmin husband of Devananda			Ṛṣabhadatta	Prakrit	Jain	Shvetambara	Kalpa Sutra	Lives of the Jinas	Kalpa Sutra, Lives of the Jinas §20	https://archive.org/details/jainasutrasparti029233mbp	2	human	personal	attested		Kalpa Sutra, tr. H. Jacobi, Sacred Books of the East 22 (1884, public domain), archive.org OCR	0.75
Shreyamsa	slug:jain:shreyamsa	Shreyamsa, 11th Tirthankara			Śreyāṃsa	Prakrit	Jain	Shvetambara	Kalpa Sutra	Lives of the Jinas	Kalpa Sutra, Lives of the Jinas §172	https://archive.org/details/jainasutrasparti029233mbp	2	saint	personal	attested		Kalpa Sutra, tr. H. Jacobi, Sacred Books of the East 22 (1884, public domain), archive.org OCR	0.75
Sthulabhadra	Q7616120	Sthulabhadra, sthavira	boy		Sthūlabhadra	Prakrit	Jain	Shvetambara	Kalpa Sutra	List of the Sthaviras	Kalpa Sutra, List of the Sthaviras §4	https://archive.org/details/jainasutrasparti029233mbp	2	sage	personal	attested		Kalpa Sutra, tr. H. Jacobi, Sacred Books of the East 22 (1884, public domain), archive.org OCR; Wikidata (CC0)	0.75
Suvidhi	Q7261841	Suvidhi (Pushpadanta), 9th Tirthankara	boy		Suvidhi	Prakrit	Jain	Shvetambara	Kalpa Sutra	Lives of the Jinas	Kalpa Sutra, Lives of the Jinas §203	https://archive.org/details/jainasutrasparti029233mbp	2	saint	personal	attested		Kalpa Sutra, tr. H. Jacobi, Sacred Books of the East 22 (1884, public domain), archive.org OCR; Wikidata (CC0)	0.75
Vasupujya	Q3700040	Vasupujya, 12th Tirthankara	boy		Vāsupūjya	Prakrit	Jain	Shvetambara	Kalpa Sutra	Lives of the Jinas	Kalpa Sutra, Lives of the Jinas §203	https://archive.org/details/jainasutrasparti029233mbp	2	saint	personal	attested		Kalpa Sutra, tr. H. Jacobi, Sacred Books of the East 22 (1884, public domain), archive.org OCR; Wikidata (CC0)	0.75
Abhinandana	Q2722402	Abhinandana, 4th Tirthankara	boy		Abhinandana	Prakrit	Jain	Shvetambara	Kalpa Sutra	Lives of the Jinas	Kalpa Sutra, Lives of the Jinas §203	https://archive.org/details/jainasutrasparti029233mbp	1	saint	personal	attested		Kalpa Sutra, tr. H. Jacobi, Sacred Books of the East 22 (1884, public domain), archive.org OCR; Wikidata (CC0)	0.75
Agnibhuti	slug:jain:agnibhuti	Agnibhuti, ganadhara			Agnibhūti	Prakrit	Jain	Shvetambara	Kalpa Sutra	List of the Sthaviras	Kalpa Sutra, List of the Sthaviras §1	https://archive.org/details/jainasutrasparti029233mbp	1	disciple	personal	attested		Kalpa Sutra, tr. H. Jacobi, Sacred Books of the East 22 (1884, public domain), archive.org OCR	0.75
Ajita	Q3351786	Ajita, 2nd Tirthankara	boy		Ajita	Prakrit	Jain	Shvetambara	Kalpa Sutra	Lives of the Jinas	Kalpa Sutra, Lives of the Jinas §203	https://archive.org/details/jainasutrasparti029233mbp	1	saint	personal	attested		Kalpa Sutra, tr. H. Jacobi, Sacred Books of the East 22 (1884, public domain), archive.org OCR; Wikidata (CC0)	0.75
Akampita	slug:jain:akampita	Akampita, ganadhara			Akampita	Prakrit	Jain	Shvetambara	Kalpa Sutra	List of the Sthaviras	Kalpa Sutra, List of the Sthaviras §1	https://archive.org/details/jainasutrasparti029233mbp	1	disciple	personal	attested		Kalpa Sutra, tr. H. Jacobi, Sacred Books of the East 22 (1884, public domain), archive.org OCR	0.75
Ananta	Q3020299	Ananta, 14th Tirthankara			Ananta	Prakrit	Jain	Shvetambara	Kalpa Sutra	Lives of the Jinas	Kalpa Sutra, Lives of the Jinas §203	https://archive.org/details/jainasutrasparti029233mbp	1	saint	personal	attested		Kalpa Sutra, tr. H. Jacobi, Sacred Books of the East 22 (1884, public domain), archive.org OCR; Wikidata (CC0)	0.75
Kunthu	Q2790221	Kunthu, 17th Tirthankara	boy		Kunthu	Prakrit	Jain	Shvetambara	Kalpa Sutra	Lives of the Jinas	Kalpa Sutra, Lives of the Jinas §203	https://archive.org/details/jainasutrasparti029233mbp	1	saint	personal	attested		Kalpa Sutra, tr. H. Jacobi, Sacred Books of the East 22 (1884, public domain), archive.org OCR; Wikidata (CC0)	0.75
Mauryaputra	slug:jain:mauryaputra	Mauryaputra, ganadhara			Mauryaputra	Prakrit	Jain	Shvetambara	Kalpa Sutra	List of the Sthaviras	Kalpa Sutra, List of the Sthaviras §1	https://archive.org/details/jainasutrasparti029233mbp	1	disciple	personal	attested		Kalpa Sutra, tr. H. Jacobi, Sacred Books of the East 22 (1884, public domain), archive.org OCR	0.75
Metarya	slug:jain:metarya	Metarya, ganadhara			Metārya	Prakrit	Jain	Shvetambara	Kalpa Sutra	List of the Sthaviras	Kalpa Sutra, List of the Sthaviras §1	https://archive.org/details/jainasutrasparti029233mbp	1	disciple	personal	attested		Kalpa Sutra, tr. H. Jacobi, Sacred Books of the East 22 (1884, public domain), archive.org OCR	0.75
Nami	Q2752560	Nami, 21st Tirthankara	boy		Nami	Prakrit	Jain	Shvetambara	Kalpa Sutra	Lives of the Jinas	Kalpa Sutra, Lives of the Jinas §184	https://archive.org/details/jainasutrasparti029233mbp	1	saint	personal	attested		Kalpa Sutra, tr. H. Jacobi, Sacred Books of the East 22 (1884, public domain), archive.org OCR; Wikidata (CC0)	0.75
Nandivardhana	slug:jain:nandivardhana	Nandivardhana, elder brother of Mahavira			Nandivardhana	Prakrit	Jain	Shvetambara	Kalpa Sutra	Lives of the Jinas	Kalpa Sutra, Lives of the Jinas §124	https://archive.org/details/jainasutrasparti029233mbp	1	royal	personal	attested		Kalpa Sutra, tr. H. Jacobi, Sacred Books of the East 22 (1884, public domain), archive.org OCR	0.75
Padmaprabha	Q7123864	Padmaprabha, 6th Tirthankara	boy		Padmaprabha	Prakrit	Jain	Shvetambara	Kalpa Sutra	Lives of the Jinas	Kalpa Sutra, Lives of the Jinas §203	https://archive.org/details/jainasutrasparti029233mbp	1	saint	personal	attested		Kalpa Sutra, tr. H. Jacobi, Sacred Books of the East 22 (1884, public domain), archive.org OCR; Wikidata (CC0)	0.75
Sambhava	Q7377716	Sambhava, 3rd Tirthankara	boy		Sambhava	Prakrit	Jain	Shvetambara	Kalpa Sutra	Lives of the Jinas	Kalpa Sutra, Lives of the Jinas §203	https://archive.org/details/jainasutrasparti029233mbp	1	saint	personal	attested		Kalpa Sutra, tr. H. Jacobi, Sacred Books of the East 22 (1884, public domain), archive.org OCR; Wikidata (CC0)	0.75
Sudarshana	slug:jain:sudarshana	Sudarshana, sister of Mahavira			Sudarśanā	Prakrit	Jain	Shvetambara	Kalpa Sutra	Lives of the Jinas	Kalpa Sutra, Lives of the Jinas §211	https://archive.org/details/jainasutrasparti029233mbp	1	human	personal	attested		Kalpa Sutra, tr. H. Jacobi, Sacred Books of the East 22 (1884, public domain), archive.org OCR	0.75
Sumati	Q2724631	Sumati, 5th Tirthankara	boy		Sumati	Prakrit	Jain	Shvetambara	Kalpa Sutra	Lives of the Jinas	Kalpa Sutra, Lives of the Jinas §203	https://archive.org/details/jainasutrasparti029233mbp	1	saint	personal	attested		Kalpa Sutra, tr. H. Jacobi, Sacred Books of the East 22 (1884, public domain), archive.org OCR; Wikidata (CC0)	0.75
Suparshva	Q7377741	Suparshva, 7th Tirthankara	boy		Supārśva	Prakrit	Jain	Shvetambara	Kalpa Sutra	Lives of the Jinas	Kalpa Sutra, Lives of the Jinas §203	https://archive.org/details/jainasutrasparti029233mbp	1	saint	personal	attested		Kalpa Sutra, tr. H. Jacobi, Sacred Books of the East 22 (1884, public domain), archive.org OCR; Wikidata (CC0)	0.75
Vyakta	slug:jain:vyakta	Arya Vyakta, ganadhara			Vyakta	Prakrit	Jain	Shvetambara	Kalpa Sutra	List of the Sthaviras	Kalpa Sutra, List of the Sthaviras §1	https://archive.org/details/jainasutrasparti029233mbp	1	disciple	personal	attested		Kalpa Sutra, tr. H. Jacobi, Sacred Books of the East 22 (1884, public domain), archive.org OCR	0.75
