name	figure_id	figure	sex	original	translit	language	tradition	subtradition	corpus	text	passage	url	occurrences	entity_type	name_role	status	relation	source	confidence
Srosh	Q3267977	Sraosha, the Avestan language name of the Zoroastrian divinity of "Obedience" or "Observance"			Srosh	Middle Persian	Zoroastrian		Arda Viraf	Arda Viraf	Arda Viraf 3.5	https://www.avesta.org/mp/viraf.html	97	deity	divine	attested		avesta.org, Haug & West's translation (1872; PD), spellings as edited by J. H. Peterson; Wikidata (CC0)	0.85
Viraf	slug:zoroastrian:viraf	Arda Viraf			Viraf	Middle Persian	Zoroastrian		Arda Viraf	Arda Viraf	Arda Viraf 1.33	https://www.avesta.org/mp/viraf.html	30	human	personal	attested		avesta.org, Haug & West's translation (1872; PD), spellings as edited by J. H. Peterson	0.75
Ohrmazd	Q179575	Ahura Mazda, highest deity and creator deity of Zoroastrianism			Ohrmazd	Middle Persian	Zoroastrian		Arda Viraf	Arda Viraf	Arda Viraf 3.5	https://www.avesta.org/mp/viraf.html	26	deity	divine	attested		avesta.org, Haug & West's translation (1872; PD), spellings as edited by J. H. Peterson; Wikidata (CC0)	0.85
Zartosht	Q35811	Zoroaster, founder of Zoroastrianism	boy		Zartosht	Middle Persian	Zoroastrian		Arda Viraf	Arda Viraf	Arda Viraf 1.1	https://www.avesta.org/mp/viraf.html	7	human	personal	attested		avesta.org, Haug & West's translation (1872; PD), spellings as edited by J. H. Peterson; Wikidata (CC0)	0.85
Ahriman	Q223805	Angra Mainyu, personification of the "destructive spirit" in Zoroastrianism			Ahriman	Middle Persian	Zoroastrian		Arda Viraf	Arda Viraf	Arda Viraf 5.6	https://www.avesta.org/mp/viraf.html	6	deity	divine	attested		avesta.org, Haug & West's translation (1872; PD), spellings as edited by J. H. Peterson; Wikidata (CC0)	0.85
Hordad	Q3272925	Haurvatat, Zoroastrian Amesha Spenta and hypostasis of wholeness/perfection			Hordad	Middle Persian	Zoroastrian		Arda Viraf	Arda Viraf	Arda Viraf 3.18	https://www.avesta.org/mp/viraf.html	5	deity	divine	attested		avesta.org, Haug & West's translation (1872; PD), spellings as edited by J. H. Peterson; Wikidata (CC0)	0.85
Amurdad	Q2915029	Ameretat, Zoroastrian divinity			Amurdad	Middle Persian	Zoroastrian		Arda Viraf	Arda Viraf	Arda Viraf 3.18	https://www.avesta.org/mp/viraf.html	4	deity	divine	attested		avesta.org, Haug & West's translation (1872; PD), spellings as edited by J. H. Peterson; Wikidata (CC0)	0.85
Vishtasp	Q1147021	Vishtaspa, mythical character	boy		Vishtasp	Middle Persian	Zoroastrian		Arda Viraf	Arda Viraf	Arda Viraf 2.24	https://www.avesta.org/mp/viraf.html	4	royal	personal	attested		avesta.org, Haug & West's translation (1872; PD), spellings as edited by J. H. Peterson; Wikidata (CC0)	0.85
Spandarmad	Q8218092	Spenta Armaiti, female divine entity in Zoroastrianism	girl		Spandarmad	Middle Persian	Zoroastrian		Arda Viraf	Arda Viraf	Arda Viraf 72.3	https://www.avesta.org/mp/viraf.html	3	deity	divine	attested		avesta.org, Haug & West's translation (1872; PD), spellings as edited by J. H. Peterson; Wikidata (CC0)	0.85
Vohuman	Q2879253	Vohu Manah, Zoroastrian concept			Vohuman	Middle Persian	Zoroastrian		Arda Viraf	Arda Viraf	Arda Viraf 3.1	https://www.avesta.org/mp/viraf.html	3	deity	divine	attested		avesta.org, Haug & West's translation (1872; PD), spellings as edited by J. H. Peterson; Wikidata (CC0)	0.85
Jamasp	Q145432	Jamasp, The 21th Sassanid Emperor (496–499)	boy		Jamasp	Middle Persian	Zoroastrian		Arda Viraf	Arda Viraf	Arda Viraf 11.1	https://www.avesta.org/mp/viraf.html	2	human	personal	attested		avesta.org, Haug & West's translation (1872; PD), spellings as edited by J. H. Peterson; Wikidata (CC0)	0.85
Rashn	Q2670530	Rashnu, Zoroastrian divinity of Justice			Rashn	Middle Persian	Zoroastrian		Arda Viraf	Arda Viraf	Arda Viraf 5.1	https://www.avesta.org/mp/viraf.html	2	deity	divine	attested		avesta.org, Haug & West's translation (1872; PD), spellings as edited by J. H. Peterson; Wikidata (CC0)	0.85
Warharan	Q2301411	Verethragna, Zoroastrian divinity of Victory	boy		Warharan	Middle Persian	Zoroastrian		Arda Viraf	Arda Viraf	Arda Viraf 5.1	https://www.avesta.org/mp/viraf.html	2	deity	divine	attested		avesta.org, Haug & West's translation (1872; PD), spellings as edited by J. H. Peterson; Wikidata (CC0)	0.85
Frashoshtar	slug:zoroastrian:frashoshtar	Frashaoshtra			Frashoshtar	Middle Persian	Zoroastrian		Arda Viraf	Arda Viraf	Arda Viraf 11.13	https://www.avesta.org/mp/viraf.html	1	human	personal	attested		avesta.org, Haug & West's translation (1872; PD), spellings as edited by J. H. Peterson	0.75
Gayomard	Q1077286	Keyumars, ancient Iranian mythological figure	boy		Gayomard	Middle Persian	Zoroastrian		Arda Viraf	Arda Viraf	Arda Viraf 11.13	https://www.avesta.org/mp/viraf.html	1	human	personal	attested		avesta.org, Haug & West's translation (1872; PD), spellings as edited by J. H. Peterson; Wikidata (CC0)	0.85
Ahura Mazda	Q179575	Ahura Mazda, highest deity and creator deity of Zoroastrianism		mazdå	mazdå	Avestan	Zoroastrian		Avesta	Yasna	Yasna 1.1	https://www.avesta.org/yasna/y0to8.htm#chap1	1069	deity	divine	attested		avesta.org, Avestan text after Geldner 1896 (PD), transliteration by J. H. Peterson; Wikidata (CC0)	0.9
Zarathustra	Q35811	Zoroaster, founder of Zoroastrianism	boy	zarathushtra	zarathushtra	Avestan	Zoroastrian		Avesta	Yasna	Yasna 1.10	https://www.avesta.org/yasna/y0to8.htm#chap1	282	human	personal	attested		avesta.org, Avestan text after Geldner 1896 (PD), transliteration by J. H. Peterson; Wikidata (CC0)	0.9
Haoma	Q1340569	Haoma, Zoroastrian sacred plant and drink		haom	haom	Avestan	Zoroastrian		Avesta	Yasna	Yasna 3.2	https://www.avesta.org/yasna/y0to8.htm#chap3	182	deity	divine	attested		avesta.org, Avestan text after Geldner 1896 (PD), transliteration by J. H. Peterson; Wikidata (CC0)	0.9
Anahita	Q484278	Anahita, Iranian goddess	girl	anâhita	anâhita	Avestan	Zoroastrian		Avesta	Yasna	Yasna 65.1	https://www.avesta.org/yasna/y54to72.htm#chap65	84	deity	divine	attested		avesta.org, Avestan text after Geldner 1896 (PD), transliteration by J. H. Peterson; Wikidata (CC0)	0.9
Sraosha	Q3267977	Sraosha, the Avestan language name of the Zoroastrian divinity of "Obedience" or "Observance"		sraoshô	sraoshô	Avestan	Zoroastrian		Avesta	Yasna	Yasna 1.7	https://www.avesta.org/yasna/y0to8.htm#chap1	84	deity	divine	attested		avesta.org, Avestan text after Geldner 1896 (PD), transliteration by J. H. Peterson; Wikidata (CC0)	0.9
Ardvi Sura	Q484278	Anahita, Iranian goddess	girl	aredvî	aredvî	Avestan	Zoroastrian		Avesta	Yasna	Yasna 65.1	https://www.avesta.org/yasna/y54to72.htm#chap65	77	deity	epithet	attested	another name of Anahita	avesta.org, Avestan text after Geldner 1896 (PD), transliteration by J. H. Peterson; Wikidata (CC0)	0.9
Rashnu	Q2670530	Rashnu, Zoroastrian divinity of Justice		Rashn	Rashn	Avestan	Zoroastrian		Avesta	Yasna	Yasna 1.7	https://www.avesta.org/yasna/y0to8.htm#chap1	75	deity	divine	attested		avesta.org, Avestan text after Geldner 1896 (PD), transliteration by J. H. Peterson; Wikidata (CC0)	0.9
Spitama	Q35811	Zoroaster, founder of Zoroastrianism	boy	spitama	spitama	Avestan	Zoroastrian		Avesta	Yasna	Yasna 9.2	https://www.avesta.org/yasna/y9to11.htm#chap9	74	human	epithet	attested	another name of Zoroaster	avesta.org, Avestan text after Geldner 1896 (PD), transliteration by J. H. Peterson; Wikidata (CC0)	0.9
Armaiti	Q8218092	Spenta Armaiti, female divine entity in Zoroastrianism	girl	ârmaitî	ârmaitî	Avestan	Zoroastrian		Avesta	Yasna	Yasna 5.5	https://www.avesta.org/yasna/y0to8.htm#chap5	56	deity	divine	attested		avesta.org, Avestan text after Geldner 1896 (PD), transliteration by J. H. Peterson; Wikidata (CC0)	0.9
Angra Mainyu	Q223805	Angra Mainyu, personification of the "destructive spirit" in Zoroastrianism		angrô	angrô	Avestan	Zoroastrian		Avesta	Yasna	Yasna 9.8	https://www.avesta.org/yasna/y9to11.htm#chap9	51	deity	divine	attested		avesta.org, Avestan text after Geldner 1896 (PD), transliteration by J. H. Peterson; Wikidata (CC0)	0.9
Saoshyant	Q1585455	Saoshyant, saviour figure in Zoroastrian		saoshyañtô	saoshyañtô	Avestan	Zoroastrian		Avesta	Yasna	Yasna 9.2	https://www.avesta.org/yasna/y9to11.htm#chap9	29	human	personal	attested		avesta.org, Avestan text after Geldner 1896 (PD), transliteration by J. H. Peterson; Wikidata (CC0)	0.9
Tishtrya	Q4662238	Tishtrya, Zoroastrian divinity of Rain and the Star Sirius		tishtryô	tishtryô	Avestan	Zoroastrian		Avesta	Yasna	Yasna 1.11	https://www.avesta.org/yasna/y0to8.htm#chap1	27	deity	divine	attested		avesta.org, Avestan text after Geldner 1896 (PD), transliteration by J. H. Peterson; Wikidata (CC0)	0.9
Ameretat	Q2915029	Ameretat, Zoroastrian divinity		ameretâta	ameretâta	Avestan	Zoroastrian		Avesta	Yasna	Yasna 3.1	https://www.avesta.org/yasna/y0to8.htm#chap3	25	deity	divine	attested		avesta.org, Avestan text after Geldner 1896 (PD), transliteration by J. H. Peterson; Wikidata (CC0)	0.9
Haosravah	Q163183	Kai Khosrow, Legendary king of Iran and a character in Iranian/Persian epic	boy	haosrava	haosrava	Avestan	Zoroastrian		Avesta	Yasna	Yasna 68.2	https://www.avesta.org/yasna/y54to72.htm#chap68	22	royal	personal	attested		avesta.org, Avestan text after Geldner 1896 (PD), transliteration by J. H. Peterson; Wikidata (CC0)	0.9
Drvaspa	Q5309442	Drvaspa, Zoroastrian divinity		drvâspe	drvâspe	Avestan	Zoroastrian		Avesta	Yashts	Yasht 9.0	https://www.avesta.org/ka/yt9.htm	21	deity	divine	attested		avesta.org, Avestan text after Geldner 1896 (PD), transliteration by J. H. Peterson; Wikidata (CC0)	0.9
Vishtaspa	Q1147021	Vishtaspa, mythical character	boy	vîshtâspô	vîshtâspô	Avestan	Zoroastrian		Avesta	Yasna	Yasna 23.2	https://www.avesta.org/yasna/y13to27.htm#chap23	21	royal	personal	attested		avesta.org, Avestan text after Geldner 1896 (PD), transliteration by J. H. Peterson; Wikidata (CC0)	0.9
Arshtat	Q4796539	Arshtat		arshtâtô	arshtâtô	Avestan	Zoroastrian		Avesta	Yasna	Yasna 1.7	https://www.avesta.org/yasna/y0to8.htm#chap1	15	deity	divine	attested		avesta.org, Avestan text after Geldner 1896 (PD), transliteration by J. H. Peterson; Wikidata (CC0)	0.9
Hvare Khshaeta	Q8192970	Hvare-khshaeta, Iranian Avestan divinity	boy	hvarexshaêtem	hvarexshaêtem	Avestan	Zoroastrian		Avesta	Yasna	Yasna 16.4	https://www.avesta.org/yasna/y13to27.htm#chap16	15	deity	divine	attested		avesta.org, Avestan text after Geldner 1896 (PD), transliteration by J. H. Peterson; Wikidata (CC0)	0.9
Yima	Q155755	Jamshid, mythological Iranian king	boy	ýimô	ýimô	Avestan	Zoroastrian		Avesta	Yasna	Yasna 9.4	https://www.avesta.org/yasna/y9to11.htm#chap9	14	royal	personal	attested		avesta.org, Avestan text after Geldner 1896 (PD), transliteration by J. H. Peterson; Wikidata (CC0)	0.9
Keresaspa	Q5866632	Garshasp, last Shah of the Pishdadian dynasty of Persia according to Shahnameh	boy	keresâspô	keresâspô	Avestan	Zoroastrian		Avesta	Yasna	Yasna 9.10	https://www.avesta.org/yasna/y9to11.htm#chap9	13	human	personal	attested		avesta.org, Avestan text after Geldner 1896 (PD), transliteration by J. H. Peterson; Wikidata (CC0)	0.9
Azhi Dahaka	Q1200843	Zahhak, evil figure in Iranian mythology	boy	dahâkô	dahâkô	Avestan	Zoroastrian		Avesta	Yasna	Yasna 9.8	https://www.avesta.org/yasna/y9to11.htm#chap9	12	mythological_being	personal	attested		avesta.org, Avestan text after Geldner 1896 (PD), transliteration by J. H. Peterson; Wikidata (CC0)	0.9
Thraetaona	Q1150281	Fereydun, Iranian mythical king and hero from the Pishdadian dynasty	boy	thraêtaonô	thraêtaonô	Avestan	Zoroastrian		Avesta	Yasna	Yasna 9.7	https://www.avesta.org/yasna/y9to11.htm#chap9	11	royal	personal	attested		avesta.org, Avestan text after Geldner 1896 (PD), transliteration by J. H. Peterson; Wikidata (CC0)	0.9
Hamaspathmaedaya	Q5436527	Farvardigan, zoroastrian calendar period		hamaspathmaêdaêm	hamaspathmaêdaêm	Avestan	Zoroastrian		Avesta	Yasna	Yasna 1.9	https://www.avesta.org/yasna/y0to8.htm#chap1	9	human	personal	attested		avesta.org, Avestan text after Geldner 1896 (PD), transliteration by J. H. Peterson; Wikidata (CC0)	0.9
Athwya	Q4119471	Abtin, character in Shahnama	boy	âthwyô	âthwyô	Avestan	Zoroastrian		Avesta	Yasna	Yasna 9.7	https://www.avesta.org/yasna/y9to11.htm#chap9	7	human	personal	attested		avesta.org, Avestan text after Geldner 1896 (PD), transliteration by J. H. Peterson; Wikidata (CC0)	0.9
Airyaman	Q4699090	Airyaman, Zoroastrian divinity and Avestan term for community member		airyamâ	airyamâ	Avestan	Zoroastrian		Avesta	Gathas (Yasna)	Yasna 32.1	https://www.avesta.org/yasna/y28to34.htm#chap32	6	deity	divine	attested		avesta.org, Avestan text after Geldner 1896 (PD), transliteration by J. H. Peterson; Wikidata (CC0)	0.9
Frangrasyan	Q383717	Afrasiab, mythical character in Shahnameh	boy	frangrasyânem	frangrasyânem	Avestan	Zoroastrian		Avesta	Yasna	Yasna 11.7	https://www.avesta.org/yasna/y9to11.htm#chap11	6	royal	personal	attested		avesta.org, Avestan text after Geldner 1896 (PD), transliteration by J. H. Peterson; Wikidata (CC0)	0.9
Haurvatat	Q3272925	Haurvatat, Zoroastrian Amesha Spenta and hypostasis of wholeness/perfection		haurvatâs	haurvatâs	Avestan	Zoroastrian		Avesta	Yasna	Yasna 16.3	https://www.avesta.org/yasna/y13to27.htm#chap16	6	deity	divine	attested		avesta.org, Avestan text after Geldner 1896 (PD), transliteration by J. H. Peterson; Wikidata (CC0)	0.9
Hvovi	slug:zoroastrian:hvovi	Hvovi		hvôvô	hvôvô	Avestan	Zoroastrian		Avesta	Yashts	Yasht 5.98	https://www.avesta.org/ka/yt5.htm	6	human	personal	attested		avesta.org, Avestan text after Geldner 1896 (PD), transliteration by J. H. Peterson	0.75
Vivanghvant	slug:zoroastrian:vivanghvant	Vivanghvant		vîvanghå	vîvanghå	Avestan	Zoroastrian		Avesta	Yasna	Yasna 9.4	https://www.avesta.org/yasna/y9to11.htm#chap9	6	human	personal	attested		avesta.org, Avestan text after Geldner 1896 (PD), transliteration by J. H. Peterson	0.75
Hutaosa	slug:zoroastrian:hutaosa	Hutaosa		hutaosa	hutaosa	Avestan	Zoroastrian		Avesta	Yashts	Yasht 9.26	https://www.avesta.org/ka/yt9.htm	4	royal	personal	attested		avesta.org, Avestan text after Geldner 1896 (PD), transliteration by J. H. Peterson	0.75
Jamaspa	Q145432	Jamasp, The 21th Sassanid Emperor (496–499)	boy	jâmâspô	jâmâspô	Avestan	Zoroastrian		Avesta	Yashts	Yasht 5.68	https://www.avesta.org/ka/yt5.htm	4	human	personal	attested		avesta.org, Avestan text after Geldner 1896 (PD), transliteration by J. H. Peterson; Wikidata (CC0)	0.9
Pourushaspa	slug:zoroastrian:pourushaspa	Pourushaspa		pourushaspô	pourushaspô	Avestan	Zoroastrian		Avesta	Yasna	Yasna 9.13	https://www.avesta.org/yasna/y9to11.htm#chap9	3	human	personal	attested		avesta.org, Avestan text after Geldner 1896 (PD), transliteration by J. H. Peterson	0.75
Frashaoshtra	slug:zoroastrian:frashaoshtra	Frashaoshtra		frashaoshtrô	frashaoshtrô	Avestan	Zoroastrian		Avesta	Yasna	Yasna 71.1	https://www.avesta.org/yasna/y54to72.htm#chap71	2	human	personal	attested		avesta.org, Avestan text after Geldner 1896 (PD), transliteration by J. H. Peterson	0.75
Parendi	slug:zoroastrian:parendi	Parendi		pâreñdica	pâreñdica	Avestan	Zoroastrian		Avesta	Yashts	Yasht 8.38	https://www.avesta.org/ka/yt8.htm	2	deity	divine	attested		avesta.org, Avestan text after Geldner 1896 (PD), transliteration by J. H. Peterson	0.75
Pouruchista	slug:zoroastrian:pouruchista	Pouruchista		pourucistâ	pourucistâ	Avestan	Zoroastrian		Avesta	Gathas (Yasna)	Yasna 53.3	https://www.avesta.org/yasna/y53.htm#chap53	2	human	personal	attested		avesta.org, Avestan text after Geldner 1896 (PD), transliteration by J. H. Peterson	0.75
Ohrmazd	Q179575	Ahura Mazda, highest deity and creator deity of Zoroastrianism			Ohrmazd	Middle Persian	Zoroastrian		Bundahishn	Bundahishn	Bundahishn 1.0	https://www.avesta.org/mp/bundahis.html	94	deity	divine	attested		avesta.org, E. W. West's translation (SBE 5, 1880; PD), spellings as edited by J. H. Peterson; Wikidata (CC0)	0.85
Jamshed	Q155755	Jamshid, mythological Iranian king	boy		Jamshed	Middle Persian	Zoroastrian		Bundahishn	Bundahishn	Bundahishn 12.11	https://www.avesta.org/mp/bundahis.html	35	royal	personal	attested		avesta.org, E. W. West's translation (SBE 5, 1880; PD), spellings as edited by J. H. Peterson; Wikidata (CC0)	0.85
Dahak	Q1200843	Zahhak, evil figure in Iranian mythology	boy		Dahak	Middle Persian	Zoroastrian		Bundahishn	Bundahishn	Bundahishn 17.4	https://www.avesta.org/mp/bundahis.html	24	royal	personal	attested		avesta.org, E. W. West's translation (SBE 5, 1880; PD), spellings as edited by J. H. Peterson; Wikidata (CC0)	0.85
Tishtar	Q4662238	Tishtrya, Zoroastrian divinity of Rain and the Star Sirius			Tishtar	Middle Persian	Zoroastrian		Bundahishn	Bundahishn	Bundahishn 2.5	https://www.avesta.org/mp/bundahis.html	20	deity	divine	attested		avesta.org, E. W. West's translation (SBE 5, 1880; PD), spellings as edited by J. H. Peterson; Wikidata (CC0)	0.85
Zartosht	Q35811	Zoroaster, founder of Zoroastrianism	boy		Zartosht	Middle Persian	Zoroastrian		Bundahishn	Bundahishn	Bundahishn 4.4	https://www.avesta.org/mp/bundahis.html	20	human	personal	attested		avesta.org, E. W. West's translation (SBE 5, 1880; PD), spellings as edited by J. H. Peterson; Wikidata (CC0)	0.85
Gayomard	Q1077286	Keyumars, ancient Iranian mythological figure	boy		Gayomard	Middle Persian	Zoroastrian		Bundahishn	Bundahishn	Bundahishn 3.12	https://www.avesta.org/mp/bundahis.html	18	human	personal	attested		avesta.org, E. W. West's translation (SBE 5, 1880; PD), spellings as edited by J. H. Peterson; Wikidata (CC0)	0.85
Manuschihar	Q1376677	Manuchehr, Legendary Iranian king from Shahnameh	boy		Manuschihar	Middle Persian	Zoroastrian		Bundahishn	Bundahishn	Bundahishn 14.13	https://www.avesta.org/mp/bundahis.html	17	royal	personal	attested		avesta.org, E. W. West's translation (SBE 5, 1880; PD), spellings as edited by J. H. Peterson; Wikidata (CC0)	0.85
Ahriman	Q223805	Angra Mainyu, personification of the "destructive spirit" in Zoroastrianism			Ahriman	Middle Persian	Zoroastrian		Bundahishn	Bundahishn	Bundahishn 1.1	https://www.avesta.org/mp/bundahis.html	15	deity	divine	attested		avesta.org, E. W. West's translation (SBE 5, 1880; PD), spellings as edited by J. H. Peterson; Wikidata (CC0)	0.85
Faridoon	Q1150281	Fereydun, Iranian mythical king and hero from the Pishdadian dynasty	boy		Faridoon	Middle Persian	Zoroastrian		Bundahishn	Bundahishn	Bundahishn 23.2	https://www.avesta.org/mp/bundahis.html	15	royal	personal	attested		avesta.org, E. W. West's translation (SBE 5, 1880; PD), spellings as edited by J. H. Peterson; Wikidata (CC0)	0.85
Frasiyav	Q383717	Afrasiab, mythical character in Shahnameh	boy		Frasiyav	Middle Persian	Zoroastrian		Bundahishn	Bundahishn	Bundahishn 12.11	https://www.avesta.org/mp/bundahis.html	13	royal	personal	attested		avesta.org, E. W. West's translation (SBE 5, 1880; PD), spellings as edited by J. H. Peterson; Wikidata (CC0)	0.85
Mashya	Q1527802	Mashya and Mashyana, the first man and woman in Zoroastrian cosmogony			Mashye	Middle Persian	Zoroastrian		Bundahishn	Bundahishn	Bundahishn 15.1	https://www.avesta.org/mp/bundahis.html	12	human	personal	attested		avesta.org, E. W. West's translation (SBE 5, 1880; PD), spellings as edited by J. H. Peterson; Wikidata (CC0)	0.85
Vishtasp	Q1147021	Vishtaspa, mythical character	boy		Vishtasp	Middle Persian	Zoroastrian		Bundahishn	Bundahishn	Bundahishn 12.28	https://www.avesta.org/mp/bundahis.html	11	royal	personal	attested		avesta.org, E. W. West's translation (SBE 5, 1880; PD), spellings as edited by J. H. Peterson; Wikidata (CC0)	0.85
Vohuman	Q2879253	Vohu Manah, Zoroastrian concept			Vohuman	Middle Persian	Zoroastrian		Bundahishn	Bundahishn	Bundahishn 1.23	https://www.avesta.org/mp/bundahis.html	11	deity	divine	attested		avesta.org, E. W. West's translation (SBE 5, 1880; PD), spellings as edited by J. H. Peterson; Wikidata (CC0)	0.85
Haoma	Q1340569	Haoma, Zoroastrian sacred plant and drink			Haoma	Middle Persian	Zoroastrian		Bundahishn	Bundahishn	Bundahishn 7.1	https://www.avesta.org/mp/bundahis.html	10	deity	divine	attested		avesta.org, E. W. West's translation (SBE 5, 1880; PD), spellings as edited by J. H. Peterson; Wikidata (CC0)	0.85
Rapithwin	slug:zoroastrian:rapithwin	Rapithwin			Rapithwin	Middle Persian	Zoroastrian		Bundahishn	Bundahishn	Bundahishn 2.5	https://www.avesta.org/mp/bundahis.html	10	deity	divine	attested		avesta.org, E. W. West's translation (SBE 5, 1880; PD), spellings as edited by J. H. Peterson	0.75
Anahid	Q484278	Anahita, Iranian goddess	girl		Anahid	Middle Persian	Zoroastrian		Bundahishn	Bundahishn	Bundahishn 5.1	https://www.avesta.org/mp/bundahis.html	9	deity	divine	attested		avesta.org, E. W. West's translation (SBE 5, 1880; PD), spellings as edited by J. H. Peterson; Wikidata (CC0)	0.85
Eshm	Q381878	Aeshma, Zoroastrian Daeva of wrath			Eshm	Middle Persian	Zoroastrian		Bundahishn	Bundahishn	Bundahishn 27.14	https://www.avesta.org/mp/bundahis.html	9	deity	divine	attested		avesta.org, E. W. West's translation (SBE 5, 1880; PD), spellings as edited by J. H. Peterson; Wikidata (CC0)	0.85
Mashyana	Q1527802	Mashya and Mashyana, the first man and woman in Zoroastrian cosmogony			Mashyane	Middle Persian	Zoroastrian		Bundahishn	Bundahishn	Bundahishn 15.1	https://www.avesta.org/mp/bundahis.html	9	human	personal	attested		avesta.org, E. W. West's translation (SBE 5, 1880; PD), spellings as edited by J. H. Peterson; Wikidata (CC0)	0.85
Soshyant	Q1585455	Saoshyant, saviour figure in Zoroastrian			Soshyant	Middle Persian	Zoroastrian		Bundahishn	Bundahishn	Bundahishn 27.4	https://www.avesta.org/mp/bundahis.html	8	human	personal	attested		avesta.org, E. W. West's translation (SBE 5, 1880; PD), spellings as edited by J. H. Peterson; Wikidata (CC0)	0.85
Spandarmad	Q8218092	Spenta Armaiti, female divine entity in Zoroastrianism	girl		Spandarmad	Middle Persian	Zoroastrian		Bundahishn	Bundahishn	Bundahishn 1.25	https://www.avesta.org/mp/bundahis.html	8	deity	divine	attested		avesta.org, E. W. West's translation (SBE 5, 1880; PD), spellings as edited by J. H. Peterson; Wikidata (CC0)	0.85
Airik	Q1300562	Īraj, character in Shahnameh	boy		Airik	Middle Persian	Zoroastrian		Bundahishn	Bundahishn	Bundahishn 27.9	https://www.avesta.org/mp/bundahis.html	6	royal	personal	attested		avesta.org, E. W. West's translation (SBE 5, 1880; PD), spellings as edited by J. H. Peterson; Wikidata (CC0)	0.85
Pourushasp	slug:zoroastrian:pourushasp	Pourushaspa			Pourushasp	Middle Persian	Zoroastrian		Bundahishn	Bundahishn	Bundahishn 20.8	https://www.avesta.org/mp/bundahis.html	6	human	personal	attested		avesta.org, E. W. West's translation (SBE 5, 1880; PD), spellings as edited by J. H. Peterson	0.75
Spend-dad	Q983309	Esfandiyār, Legendary Iranian hero and one of characters of Ferdowsi's Shahnameh	boy		Spend-dad	Middle Persian	Zoroastrian		Bundahishn	Bundahishn	Bundahishn 12.1	https://www.avesta.org/mp/bundahis.html	6	human	personal	attested		avesta.org, E. W. West's translation (SBE 5, 1880; PD), spellings as edited by J. H. Peterson; Wikidata (CC0)	0.85
Warharan	Q2301411	Verethragna, Zoroastrian divinity of Victory	boy		Warharan	Middle Persian	Zoroastrian		Bundahishn	Bundahishn	Bundahishn 5.1	https://www.avesta.org/mp/bundahis.html	6	deity	divine	attested		avesta.org, E. W. West's translation (SBE 5, 1880; PD), spellings as edited by J. H. Peterson; Wikidata (CC0)	0.85
Hooshang	Q1638892	Hushang, mythological Iranian king	boy		Hooshang	Middle Persian	Zoroastrian		Bundahishn	Bundahishn	Bundahishn 15.27	https://www.avesta.org/mp/bundahis.html	5	royal	personal	attested		avesta.org, E. W. West's translation (SBE 5, 1880; PD), spellings as edited by J. H. Peterson; Wikidata (CC0)	0.85
Shahrewar	Q4392498	Kshatra Vairya, Zoroastrian goddess			Shahrewar	Middle Persian	Zoroastrian		Bundahishn	Bundahishn	Bundahishn 1.25	https://www.avesta.org/mp/bundahis.html	5	deity	divine	attested		avesta.org, E. W. West's translation (SBE 5, 1880; PD), spellings as edited by J. H. Peterson; Wikidata (CC0)	0.85
Srosh	Q3267977	Sraosha, the Avestan language name of the Zoroastrian divinity of "Obedience" or "Observance"			Srosh	Middle Persian	Zoroastrian		Bundahishn	Bundahishn	Bundahishn 19.33	https://www.avesta.org/mp/bundahis.html	5	deity	divine	attested		avesta.org, E. W. West's translation (SBE 5, 1880; PD), spellings as edited by J. H. Peterson; Wikidata (CC0)	0.85
Akoman	Q413685	Aka Manah, Zoroastrian Daeva of evil mind	boy		Akoman	Middle Persian	Zoroastrian		Bundahishn	Bundahishn	Bundahishn 1.24	https://www.avesta.org/mp/bundahis.html	4	deity	divine	attested		avesta.org, E. W. West's translation (SBE 5, 1880; PD), spellings as edited by J. H. Peterson; Wikidata (CC0)	0.85
Amurdad	Q2915029	Ameretat, Zoroastrian divinity			Amurdad	Middle Persian	Zoroastrian		Bundahishn	Bundahishn	Bundahishn 1.25	https://www.avesta.org/mp/bundahis.html	4	deity	divine	attested		avesta.org, E. W. West's translation (SBE 5, 1880; PD), spellings as edited by J. H. Peterson; Wikidata (CC0)	0.85
Ardwahisht	Q1375923	Asha, Central and complex Zoroastrian theological concept			Ardwahisht	Middle Persian	Zoroastrian		Bundahishn	Bundahishn	Bundahishn 1.25	https://www.avesta.org/mp/bundahis.html	4	deity	divine	attested		avesta.org, E. W. West's translation (SBE 5, 1880; PD), spellings as edited by J. H. Peterson; Wikidata (CC0)	0.85
Hordad	Q3272925	Haurvatat, Zoroastrian Amesha Spenta and hypostasis of wholeness/perfection			Hordad	Middle Persian	Zoroastrian		Bundahishn	Bundahishn	Bundahishn 1.25	https://www.avesta.org/mp/bundahis.html	4	deity	divine	attested		avesta.org, E. W. West's translation (SBE 5, 1880; PD), spellings as edited by J. H. Peterson; Wikidata (CC0)	0.85
Nodar	Q1338935	Nowzar, mythical ancient Persian monarch	boy		Nodar	Middle Persian	Zoroastrian		Bundahishn	Bundahishn	Bundahishn 27.4	https://www.avesta.org/mp/bundahis.html	4	royal	personal	attested		avesta.org, E. W. West's translation (SBE 5, 1880; PD), spellings as edited by J. H. Peterson; Wikidata (CC0)	0.85
Salm	slug:zoroastrian:salm	Salm			Salm	Middle Persian	Zoroastrian		Bundahishn	Bundahishn	Bundahishn 15.27	https://www.avesta.org/mp/bundahis.html	4	royal	personal	attested		avesta.org, E. W. West's translation (SBE 5, 1880; PD), spellings as edited by J. H. Peterson	0.75
Siyamak	Q1551577	Siamak, character in Shahnameh	boy		Siyamak	Middle Persian	Zoroastrian		Bundahishn	Bundahishn	Bundahishn 15.24	https://www.avesta.org/mp/bundahis.html	4	human	personal	attested		avesta.org, E. W. West's translation (SBE 5, 1880; PD), spellings as edited by J. H. Peterson; Wikidata (CC0)	0.85
Tahmurasp	Q519239	Tahmuras, mythological Iranian king	boy		Tahmurasp	Middle Persian	Zoroastrian		Bundahishn	Bundahishn	Bundahishn 17.4	https://www.avesta.org/mp/bundahis.html	4	royal	personal	attested		avesta.org, E. W. West's translation (SBE 5, 1880; PD), spellings as edited by J. H. Peterson; Wikidata (CC0)	0.85
Arashk	Q315913	Arsaces I of Parthia, first Parthian king (247–217 BC)	boy		Arashk	Middle Persian	Zoroastrian		Bundahishn	Bundahishn	Bundahishn 27.14	https://www.avesta.org/mp/bundahis.html	3	royal	personal	attested		avesta.org, E. W. West's translation (SBE 5, 1880; PD), spellings as edited by J. H. Peterson; Wikidata (CC0)	0.85
Kay Kaus	Q1338913	Kay Kāvus, fictional king from the Iranian/Persian epic	boy		Kaus	Middle Persian	Zoroastrian		Bundahishn	Bundahishn	Bundahishn 27.25	https://www.avesta.org/mp/bundahis.html	3	royal	personal	attested		avesta.org, E. W. West's translation (SBE 5, 1880; PD), spellings as edited by J. H. Peterson; Wikidata (CC0)	0.85
Lohrasp	slug:zoroastrian:lohrasp	Lohrasp			Lohrasp	Middle Persian	Zoroastrian		Bundahishn	Bundahishn	Bundahishn 27.25	https://www.avesta.org/mp/bundahis.html	3	royal	personal	attested		avesta.org, E. W. West's translation (SBE 5, 1880; PD), spellings as edited by J. H. Peterson	0.75
Pashang	Q4819082	Pashang, fictional human	boy		Pashang	Middle Persian	Zoroastrian		Bundahishn	Bundahishn	Bundahishn 27.4	https://www.avesta.org/mp/bundahis.html	3	royal	personal	attested		avesta.org, E. W. West's translation (SBE 5, 1880; PD), spellings as edited by J. H. Peterson; Wikidata (CC0)	0.85
Peshotan	Q4347669	Peshotanu, Eschatological figure of the medieval texts of Zoroastrian tradition	boy		Peshotan	Middle Persian	Zoroastrian		Bundahishn	Bundahishn	Bundahishn 27.4	https://www.avesta.org/mp/bundahis.html	3	human	personal	attested		avesta.org, E. W. West's translation (SBE 5, 1880; PD), spellings as edited by J. H. Peterson; Wikidata (CC0)	0.85
Zarir	Q3574851	Zarir, Sasanian Empire rebel	boy		Zarir	Middle Persian	Zoroastrian		Bundahishn	Bundahishn	Bundahishn 27.25	https://www.avesta.org/mp/bundahis.html	3	human	personal	attested		avesta.org, E. W. West's translation (SBE 5, 1880; PD), spellings as edited by J. H. Peterson; Wikidata (CC0)	0.85
Ardashir	Q371319	Ardashir I, founder of the Sassanid Empire (r. 224–242)	boy		Ardashir	Middle Persian	Zoroastrian		Bundahishn	Bundahishn	Bundahishn 27.24	https://www.avesta.org/mp/bundahis.html	2	royal	personal	attested		avesta.org, E. W. West's translation (SBE 5, 1880; PD), spellings as edited by J. H. Peterson; Wikidata (CC0)	0.85
Chamrosh	Q5070241	Chamrosh, immortal Bird of Iranian mythology			Chamrosh	Middle Persian	Zoroastrian		Bundahishn	Bundahishn	Bundahishn 19.15	https://www.avesta.org/mp/bundahis.html	2	mythological_being	personal	attested		avesta.org, E. W. West's translation (SBE 5, 1880; PD), spellings as edited by J. H. Peterson; Wikidata (CC0)	0.85
Hadhayosh	slug:zoroastrian:hadhayosh	Hadhayaosh			Hadhayosh	Middle Persian	Zoroastrian		Bundahishn	Bundahishn	Bundahishn 19.13	https://www.avesta.org/mp/bundahis.html	2	mythological_being	personal	attested		avesta.org, E. W. West's translation (SBE 5, 1880; PD), spellings as edited by J. H. Peterson	0.75
Humai	slug:zoroastrian:humai	Homay Chehrazad			Humai	Middle Persian	Zoroastrian		Bundahishn	Bundahishn	Bundahishn 33.6	https://www.avesta.org/mp/bundahis.html	2	royal	personal	attested		avesta.org, E. W. West's translation (SBE 5, 1880; PD), spellings as edited by J. H. Peterson	0.75
Neryosang	slug:zoroastrian:neryosang	Nairyosangha			Neryosang	Middle Persian	Zoroastrian		Bundahishn	Bundahishn	Bundahishn 15.1	https://www.avesta.org/mp/bundahis.html	2	deity	divine	attested		avesta.org, E. W. West's translation (SBE 5, 1880; PD), spellings as edited by J. H. Peterson	0.75
Siyavakhsh	slug:zoroastrian:siyavakhsh	Siavash			Siyavakhsh	Middle Persian	Zoroastrian		Bundahishn	Bundahishn	Bundahishn 27.25	https://www.avesta.org/mp/bundahis.html	2	royal	personal	attested		avesta.org, E. W. West's translation (SBE 5, 1880; PD), spellings as edited by J. H. Peterson	0.75
Ushedar	slug:zoroastrian:ushedar	Ushedar			Ushedar	Middle Persian	Zoroastrian		Bundahishn	Bundahishn	Bundahishn 21.6	https://www.avesta.org/mp/bundahis.html	2	human	personal	attested		avesta.org, E. W. West's translation (SBE 5, 1880; PD), spellings as edited by J. H. Peterson	0.75
Ushedarmah	slug:zoroastrian:ushedarmah	Ushedarmah			Ushedarmah	Middle Persian	Zoroastrian		Bundahishn	Bundahishn	Bundahishn 27.1	https://www.avesta.org/mp/bundahis.html	2	human	personal	attested		avesta.org, E. W. West's translation (SBE 5, 1880; PD), spellings as edited by J. H. Peterson	0.75
Rashn	Q2670530	Rashnu, Zoroastrian divinity of Justice			Rashn	Middle Persian	Zoroastrian		Bundahishn	Bundahishn	Bundahishn 27.24	https://www.avesta.org/mp/bundahis.html	1	deity	divine	attested		avesta.org, E. W. West's translation (SBE 5, 1880; PD), spellings as edited by J. H. Peterson; Wikidata (CC0)	0.85
Adar	Q3272422	Atar, Zoroastrian concept of holy fire			Adar	Middle Persian	Zoroastrian		Arda Viraf	Arda Viraf	Arda Viraf 3.5	https://www.avesta.org/mp/viraf.html	99	deity	divine	attested	review: also a common word or several bearers of the name; check the passage	avesta.org, Haug & West's translation (1872; PD), spellings as edited by J. H. Peterson; Wikidata (CC0)	0.55
Mihr	Q12614595	Mithra, Zoroastrian divinity of Contracts and Oaths, a form of Mitra and also worshipped in the Roman Empire…	boy		Mihr	Middle Persian	Zoroastrian		Arda Viraf	Arda Viraf	Arda Viraf 5.1	https://www.avesta.org/mp/viraf.html	1	deity	divine	attested	review: also a common word or several bearers of the name; check the passage	avesta.org, Haug & West's translation (1872; PD), spellings as edited by J. H. Peterson; Wikidata (CC0)	0.55
Asha Vahishta	Q1375923	Asha, Central and complex Zoroastrian theological concept		ashem	ashem	Avestan	Zoroastrian		Avesta	Yasna	Yasna 1.3	https://www.avesta.org/yasna/y0to8.htm#chap1	572	deity	divine	attested	review: also a common word or several bearers of the name; check the passage	avesta.org, Avestan text after Geldner 1896 (PD), transliteration by J. H. Peterson; Wikidata (CC0)	0.55
Vohu Manah	Q2879253	Vohu Manah, Zoroastrian concept		vohu	vohu	Avestan	Zoroastrian		Avesta	Yasna	Yasna 5.1	https://www.avesta.org/yasna/y0to8.htm#chap5	246	deity	divine	attested	review: also a common word or several bearers of the name; check the passage	avesta.org, Avestan text after Geldner 1896 (PD), transliteration by J. H. Peterson; Wikidata (CC0)	0.55
Mithra	Q12614595	Mithra, Zoroastrian divinity of Contracts and Oaths, a form of Mitra and also worshipped in the Roman Empire…	boy	mithrô	mithrô	Avestan	Zoroastrian		Avesta	Yasna	Yasna 1.3	https://www.avesta.org/yasna/y0to8.htm#chap1	233	deity	divine	attested	review: also a common word or several bearers of the name; check the passage	avesta.org, Avestan text after Geldner 1896 (PD), transliteration by J. H. Peterson; Wikidata (CC0)	0.55
Ashi	Q4805033	Ashi, Avestan language word for the Zoroastrian concept of "that which is attained."		ashi	ashi	Avestan	Zoroastrian		Avesta	Yasna	Yasna 2.7	https://www.avesta.org/yasna/y0to8.htm#chap2	139	deity	divine	attested	review: also a common word or several bearers of the name; check the passage	avesta.org, Avestan text after Geldner 1896 (PD), transliteration by J. H. Peterson; Wikidata (CC0)	0.55
Daena	Q3011804	Daena, Zoroastrian concept representing insight and revelation		daênå	daênå	Avestan	Zoroastrian		Avesta	Yasna	Yasna 1.13	https://www.avesta.org/yasna/y0to8.htm#chap1	137	deity	divine	attested	review: also a common word or several bearers of the name; check the passage	avesta.org, Avestan text after Geldner 1896 (PD), transliteration by J. H. Peterson; Wikidata (CC0)	0.55
Spenta Mainyu	slug:zoroastrian:spenta-mainyu	Spenta Mainyu		speñtô	speñtô	Avestan	Zoroastrian		Avesta	Yasna	Yasna 1.1	https://www.avesta.org/yasna/y0to8.htm#chap1	74	deity	divine	attested	review: also a common word or several bearers of the name; check the passage; no Wikidata item matched	avesta.org, Avestan text after Geldner 1896 (PD), transliteration by J. H. Peterson	0.55
Atar	Q3272422	Atar, Zoroastrian concept of holy fire		âtarsh	âtarsh	Avestan	Zoroastrian		Avesta	Yasna	Yasna 1.12	https://www.avesta.org/yasna/y0to8.htm#chap1	70	deity	divine	attested	review: also a common word or several bearers of the name; check the passage	avesta.org, Avestan text after Geldner 1896 (PD), transliteration by J. H. Peterson; Wikidata (CC0)	0.55
Khshathra Vairya	Q4392498	Kshatra Vairya, Zoroastrian goddess		xshathra	xshathra	Avestan	Zoroastrian		Avesta	Yasna	Yasna 5.5	https://www.avesta.org/yasna/y0to8.htm#chap5	52	deity	divine	attested	review: also a common word or several bearers of the name; check the passage	avesta.org, Avestan text after Geldner 1896 (PD), transliteration by J. H. Peterson; Wikidata (CC0)	0.55
Chista	Q116814566	Chista, wisdom and knowledge deity in Zoroastrianism		cistî	cistî	Avestan	Zoroastrian		Avesta	Yasna	Yasna 1.14	https://www.avesta.org/yasna/y0to8.htm#chap1	40	deity	divine	attested	review: also a common word or several bearers of the name; check the passage	avesta.org, Avestan text after Geldner 1896 (PD), transliteration by J. H. Peterson; Wikidata (CC0)	0.55
Vayu	Q7917583	Vayu-Vata, Avestan deity of wind and atmosphere		vayaosh	vayaosh	Avestan	Zoroastrian		Avesta	Yasna	Yasna 22.24	https://www.avesta.org/yasna/y13to27.htm#chap22	19	deity	divine	attested	review: also a common word or several bearers of the name; check the passage	avesta.org, Avestan text after Geldner 1896 (PD), transliteration by J. H. Peterson; Wikidata (CC0)	0.55
Raman	slug:zoroastrian:raman	Rāman		râmanô	râmanô	Avestan	Zoroastrian		Avesta	Yasna	Yasna 1.3	https://www.avesta.org/yasna/y0to8.htm#chap1	13	deity	divine	attested	review: also a common word or several bearers of the name; check the passage; no Wikidata item matched	avesta.org, Avestan text after Geldner 1896 (PD), transliteration by J. H. Peterson	0.55
Kavi Usan	Q1338913	Kay Kāvus, fictional king from the Iranian/Persian epic	boy	usa	usa	Avestan	Zoroastrian		Avesta	Yashts	Yasht 5.45	https://www.avesta.org/ka/yt5.htm	7	royal	personal	attested	review: also a common word or several bearers of the name; check the passage	avesta.org, Avestan text after Geldner 1896 (PD), transliteration by J. H. Peterson; Wikidata (CC0)	0.55
Apam Napat	Q2358219	Apam Napat, Deity in the Indo-Iranian pantheon	boy	napâtem	napâtem	Avestan	Zoroastrian		Avesta	Yasna	Yasna 2.5	https://www.avesta.org/yasna/y0to8.htm#chap2	6	deity	divine	attested	review: also a common word or several bearers of the name; check the passage	avesta.org, Avestan text after Geldner 1896 (PD), transliteration by J. H. Peterson; Wikidata (CC0)	0.55
Khosraw	Q163183	Kai Khosrow, Legendary king of Iran and a character in Iranian/Persian epic	boy		Khosraw	Middle Persian	Zoroastrian		Bundahishn	Bundahishn	Bundahishn 2.2	https://www.avesta.org/mp/bundahis.html	10	royal	personal	attested	review: also a common word or several bearers of the name; check the passage	avesta.org, E. W. West's translation (SBE 5, 1880; PD), spellings as edited by J. H. Peterson; Wikidata (CC0)	0.55
Adar	Q3272422	Atar, Zoroastrian concept of holy fire			Adar	Middle Persian	Zoroastrian		Bundahishn	Bundahishn	Bundahishn 17.4	https://www.avesta.org/mp/bundahis.html	9	deity	divine	attested	review: also a common word or several bearers of the name; check the passage	avesta.org, E. W. West's translation (SBE 5, 1880; PD), spellings as edited by J. H. Peterson; Wikidata (CC0)	0.55
Az	slug:zoroastrian:az	Az (demon)			Az	Middle Persian	Zoroastrian		Bundahishn	Bundahishn	Bundahishn 27.27	https://www.avesta.org/mp/bundahis.html	4	deity	divine	attested	review: also a common word or several bearers of the name; check the passage; no Wikidata item matched	avesta.org, E. W. West's translation (SBE 5, 1880; PD), spellings as edited by J. H. Peterson	0.55
Darai	Q719977	Darab, city in Fars Province, Iran			Darai	Middle Persian	Zoroastrian		Bundahishn	Bundahishn	Bundahishn 33.1	https://www.avesta.org/mp/bundahis.html	4	royal	personal	attested	review: also a common word or several bearers of the name; check the passage	avesta.org, E. W. West's translation (SBE 5, 1880; PD), spellings as edited by J. H. Peterson; Wikidata (CC0)	0.55
Mihr	Q12614595	Mithra, Zoroastrian divinity of Contracts and Oaths, a form of Mitra and also worshipped in the Roman Empire…	boy		Mihr	Middle Persian	Zoroastrian		Bundahishn	Bundahishn	Bundahishn 17.8	https://www.avesta.org/mp/bundahis.html	4	deity	divine	attested	review: also a common word or several bearers of the name; check the passage	avesta.org, E. W. West's translation (SBE 5, 1880; PD), spellings as edited by J. H. Peterson; Wikidata (CC0)	0.55
Tur	Q3543320	Tur, son of Fereydun and predecessor of the Turanians	boy		Tur	Middle Persian	Zoroastrian		Bundahishn	Bundahishn	Bundahishn 12.11	https://www.avesta.org/mp/bundahis.html	4	royal	personal	attested	review: also a common word or several bearers of the name; check the passage	avesta.org, E. W. West's translation (SBE 5, 1880; PD), spellings as edited by J. H. Peterson; Wikidata (CC0)	0.55
Keresasp	Q5866632	Garshasp, last Shah of the Pishdadian dynasty of Persia according to Shahnameh	boy		Sam	Middle Persian	Zoroastrian		Bundahishn	Bundahishn	Bundahishn 27.7	https://www.avesta.org/mp/bundahis.html	3	human	personal	attested	review: also a common word or several bearers of the name; check the passage	avesta.org, E. W. West's translation (SBE 5, 1880; PD), spellings as edited by J. H. Peterson; Wikidata (CC0)	0.55
Kar	slug:zoroastrian:kar	Kar fish			Kar	Middle Persian	Zoroastrian		Bundahishn	Bundahishn	Bundahishn 14.8	https://www.avesta.org/mp/bundahis.html	2	mythological_being	personal	attested	review: also a common word or several bearers of the name; check the passage; no Wikidata item matched	avesta.org, E. W. West's translation (SBE 5, 1880; PD), spellings as edited by J. H. Peterson	0.55
Asmo-hvanvant	slug:zoroastrian:asmo-hvanvant	Asmo-hvanvant, faithful man in the Fravardin Yasht	boy	hvanvatô	Asmo-hvanvant	Avestan	Zoroastrian		Avesta	Yashts	Yasht 13.96	https://www.avesta.org/ka/yt13sbe.htm		human	personal	attested		avesta.org (J. H. Peterson's digital edition): Avestan text after Geldner 1896 and Darmesteter's translation (SBE 23, 1883); both public domain	0.9
Asan-hvanvant	slug:zoroastrian:asan-hvanvant	Asan-hvanvant, faithful man in the Fravardin Yasht	boy	hvanvatô	Asan-hvanvant	Avestan	Zoroastrian		Avesta	Yashts	Yasht 13.96	https://www.avesta.org/ka/yt13sbe.htm		human	personal	attested		avesta.org (J. H. Peterson's digital edition): Avestan text after Geldner 1896 and Darmesteter's translation (SBE 23, 1883); both public domain	0.9
Gavayan	slug:zoroastrian:gavayan	Gavayan, faithful man in the Fravardin Yasht	boy	gavayânô	Gavayan	Avestan	Zoroastrian		Avesta	Yashts	Yasht 13.96	https://www.avesta.org/ka/yt13sbe.htm		human	personal	attested		avesta.org (J. H. Peterson's digital edition): Avestan text after Geldner 1896 and Darmesteter's translation (SBE 23, 1883); both public domain	0.9
Parshat-gaush	slug:zoroastrian:parshat-gaush	Parshat-gaush, faithful man in the Fravardin Yasht	boy	parshat-gêush	Parshat-gaush	Avestan	Zoroastrian		Avesta	Yashts	Yasht 13.96	https://www.avesta.org/ka/yt13sbe.htm		human	personal	attested		avesta.org (J. H. Peterson's digital edition): Avestan text after Geldner 1896 and Darmesteter's translation (SBE 23, 1883); both public domain	0.9
Vohvasti	slug:zoroastrian:vohvasti	Vohvasti, faithful man, son of Snaoya in the Fravardin Yasht	boy	vohvastôish	Vohvasti	Avestan	Zoroastrian		Avesta	Yashts	Yasht 13.96	https://www.avesta.org/ka/yt13sbe.htm		human	personal	attested		avesta.org (J. H. Peterson's digital edition): Avestan text after Geldner 1896 and Darmesteter's translation (SBE 23, 1883); both public domain	0.9
Snaoya	slug:zoroastrian:snaoya	Snaoya, faithful man, named as a father in the Fravardin Yasht	boy	snaoyehe	Snaoya	Avestan	Zoroastrian		Avesta	Yashts	Yasht 13.96	https://www.avesta.org/ka/yt13sbe.htm		human	personal	attested		avesta.org (J. H. Peterson's digital edition): Avestan text after Geldner 1896 and Darmesteter's translation (SBE 23, 1883); both public domain	0.9
Isvat	slug:zoroastrian:isvat	Isvat, faithful man, son of Varaza in the Fravardin Yasht	boy	isvatô	Isvat	Avestan	Zoroastrian		Avesta	Yashts	Yasht 13.96	https://www.avesta.org/ka/yt13sbe.htm		human	personal	attested		avesta.org (J. H. Peterson's digital edition): Avestan text after Geldner 1896 and Darmesteter's translation (SBE 23, 1883); both public domain	0.9
Varaza	slug:zoroastrian:varaza	Varaza, faithful man, named as a father in the Fravardin Yasht	boy	varâzahe	Varaza	Avestan	Zoroastrian		Avesta	Yashts	Yasht 13.96	https://www.avesta.org/ka/yt13sbe.htm		human	personal	attested		avesta.org (J. H. Peterson's digital edition): Avestan text after Geldner 1896 and Darmesteter's translation (SBE 23, 1883); both public domain	0.9
Ahum-stut	slug:zoroastrian:ahum-stut	Ahum-stut, faithful man, named as a father in the Fravardin Yasht	boy	ahûm-stûtô	Ahum-stut	Avestan	Zoroastrian		Avesta	Yashts	Yasht 13.97	https://www.avesta.org/ka/yt13sbe.htm		human	personal	attested		avesta.org (J. H. Peterson's digital edition): Avestan text after Geldner 1896 and Darmesteter's translation (SBE 23, 1883); both public domain	0.9
Fradhidaya	slug:zoroastrian:fradhidaya	Fradhidaya, faithful man in the Fravardin Yasht	boy		Fradhidaya	Avestan	Zoroastrian		Avesta	Yashts	Yasht 13.97	https://www.avesta.org/ka/yt13sbe.htm		human	personal	attested		avesta.org (J. H. Peterson's digital edition): Avestan text after Geldner 1896 and Darmesteter's translation (SBE 23, 1883); both public domain	0.8
Usmanara	slug:zoroastrian:usmanara	Usmanara, faithful man, son of Paeshata in the Fravardin Yasht	boy	usmânarahe	Usmanara	Avestan	Zoroastrian		Avesta	Yashts	Yasht 13.97	https://www.avesta.org/ka/yt13sbe.htm		human	personal	attested		avesta.org (J. H. Peterson's digital edition): Avestan text after Geldner 1896 and Darmesteter's translation (SBE 23, 1883); both public domain	0.9
Paeshata	slug:zoroastrian:paeshata	Paeshata, faithful man, named as a father in the Fravardin Yasht	boy	paêshatahe	Paeshata	Avestan	Zoroastrian		Avesta	Yashts	Yasht 13.97	https://www.avesta.org/ka/yt13sbe.htm		human	personal	attested		avesta.org (J. H. Peterson's digital edition): Avestan text after Geldner 1896 and Darmesteter's translation (SBE 23, 1883); both public domain	0.9
Vohu-raochah	slug:zoroastrian:vohu-raochah	Vohu-raochah, faithful man, son of Franya in the Fravardin Yasht	boy	vohu-raocanghô	Vohu-raochah	Avestan	Zoroastrian		Avesta	Yashts	Yasht 13.97	https://www.avesta.org/ka/yt13sbe.htm		human	personal	attested		avesta.org (J. H. Peterson's digital edition): Avestan text after Geldner 1896 and Darmesteter's translation (SBE 23, 1883); both public domain	0.9
Franya	slug:zoroastrian:franya	Franya, faithful man, named as a father in the Fravardin Yasht	boy	frânyehe	Franya	Avestan	Zoroastrian		Avesta	Yashts	Yasht 13.97	https://www.avesta.org/ka/yt13sbe.htm		human	personal	attested		avesta.org (J. H. Peterson's digital edition): Avestan text after Geldner 1896 and Darmesteter's translation (SBE 23, 1883); both public domain	0.9
Asho-raochah	slug:zoroastrian:asho-raochah	Asho-raochah, faithful man, son of Franya in the Fravardin Yasht	boy	ashô-raocanghô	Asho-raochah	Avestan	Zoroastrian		Avesta	Yashts	Yasht 13.97	https://www.avesta.org/ka/yt13sbe.htm		human	personal	attested		avesta.org (J. H. Peterson's digital edition): Avestan text after Geldner 1896 and Darmesteter's translation (SBE 23, 1883); both public domain	0.9
Varesmo-raochah	slug:zoroastrian:varesmo-raochah	Varesmo-raochah, faithful man, son of Franya in the Fravardin Yasht	boy	varesmô-raocanghô	Varesmo-raochah	Avestan	Zoroastrian		Avesta	Yashts	Yasht 13.97	https://www.avesta.org/ka/yt13sbe.htm		human	personal	attested		avesta.org (J. H. Peterson's digital edition): Avestan text after Geldner 1896 and Darmesteter's translation (SBE 23, 1883); both public domain	0.9
Isat-vastra	slug:zoroastrian:isat-vastra	Isat-vastra, faithful man, son of Zarathushtra in the Fravardin Yasht	boy	isat-vâstrahe	Isat-vastra	Avestan	Zoroastrian		Avesta	Yashts	Yasht 13.98	https://www.avesta.org/ka/yt13sbe.htm		human	personal	attested		avesta.org (J. H. Peterson's digital edition): Avestan text after Geldner 1896 and Darmesteter's translation (SBE 23, 1883); both public domain	0.9
Zarathushtra	slug:zoroastrian:zarathushtra	Zarathushtra, faithful man, named as a father in the Fravardin Yasht	boy	zarathushtrôish	Zarathushtra	Avestan	Zoroastrian		Avesta	Yashts	Yasht 13.98	https://www.avesta.org/ka/yt13sbe.htm		human	personal	attested		avesta.org (J. H. Peterson's digital edition): Avestan text after Geldner 1896 and Darmesteter's translation (SBE 23, 1883); both public domain	0.9
Urvatat-nara	slug:zoroastrian:urvatat-nara	Urvatat-nara, faithful man, son of Zarathushtra in the Fravardin Yasht	boy	urvatat-narahe	Urvatat-nara	Avestan	Zoroastrian		Avesta	Yashts	Yasht 13.98	https://www.avesta.org/ka/yt13sbe.htm		human	personal	attested		avesta.org (J. H. Peterson's digital edition): Avestan text after Geldner 1896 and Darmesteter's translation (SBE 23, 1883); both public domain	0.9
Hvare-chithra	slug:zoroastrian:hvare-chithra	Hvare-chithra, faithful man, son of Zarathushtra in the Fravardin Yasht	boy	hvarecithrahe	Hvare-chithra	Avestan	Zoroastrian		Avesta	Yashts	Yasht 13.98	https://www.avesta.org/ka/yt13sbe.htm		human	personal	attested		avesta.org (J. H. Peterson's digital edition): Avestan text after Geldner 1896 and Darmesteter's translation (SBE 23, 1883); both public domain	0.9
Daevo-tbis	slug:zoroastrian:daevo-tbis	Daevo-tbis, faithful man, son of Takhma in the Fravardin Yasht	boy	daêvatbôish	Daevo-tbis	Avestan	Zoroastrian		Avesta	Yashts	Yasht 13.98	https://www.avesta.org/ka/yt13sbe.htm		human	personal	attested		avesta.org (J. H. Peterson's digital edition): Avestan text after Geldner 1896 and Darmesteter's translation (SBE 23, 1883); both public domain	0.9
Takhma	slug:zoroastrian:takhma	Takhma, faithful man, named as a father in the Fravardin Yasht	boy	taxmahe	Takhma	Avestan	Zoroastrian		Avesta	Yashts	Yasht 13.98	https://www.avesta.org/ka/yt13sbe.htm		human	personal	attested		avesta.org (J. H. Peterson's digital edition): Avestan text after Geldner 1896 and Darmesteter's translation (SBE 23, 1883); both public domain	0.9
Thrimithwant	slug:zoroastrian:thrimithwant	Thrimithwant, faithful man, son of Spitama in the Fravardin Yasht	boy	thrimithwatô	Thrimithwant	Avestan	Zoroastrian		Avesta	Yashts	Yasht 13.98	https://www.avesta.org/ka/yt13sbe.htm		human	personal	attested		avesta.org (J. H. Peterson's digital edition): Avestan text after Geldner 1896 and Darmesteter's translation (SBE 23, 1883); both public domain	0.9
Daungha	slug:zoroastrian:daungha	Daungha, faithful man, son of Zairita in the Fravardin Yasht	boy	dånghahe	Daungha	Avestan	Zoroastrian		Avesta	Yashts	Yasht 13.98	https://www.avesta.org/ka/yt13sbe.htm		human	personal	attested		avesta.org (J. H. Peterson's digital edition): Avestan text after Geldner 1896 and Darmesteter's translation (SBE 23, 1883); both public domain	0.9
Zairita	slug:zoroastrian:zairita	Zairita, faithful man, named as a father in the Fravardin Yasht	boy	zairitahe	Zairita	Avestan	Zoroastrian		Avesta	Yashts	Yasht 13.98	https://www.avesta.org/ka/yt13sbe.htm		human	personal	attested		avesta.org (J. H. Peterson's digital edition): Avestan text after Geldner 1896 and Darmesteter's translation (SBE 23, 1883); both public domain	0.9
Vistaspa	slug:zoroastrian:vistaspa	Vistaspa, faithful man in the Fravardin Yasht	boy	vîshtâspahe	Vistaspa	Avestan	Zoroastrian		Avesta	Yashts	Yasht 13.99	https://www.avesta.org/ka/yt13sbe.htm		human	personal	attested		avesta.org (J. H. Peterson's digital edition): Avestan text after Geldner 1896 and Darmesteter's translation (SBE 23, 1883); both public domain	0.9
Zairi-vairi	slug:zoroastrian:zairi-vairi	Zairi-vairi, faithful man in the Fravardin Yasht	boy	zairivarôish	Zairi-vairi	Avestan	Zoroastrian		Avesta	Yashts	Yasht 13.101	https://www.avesta.org/ka/yt13sbe.htm		human	personal	attested		avesta.org (J. H. Peterson's digital edition): Avestan text after Geldner 1896 and Darmesteter's translation (SBE 23, 1883); both public domain	0.9
Yukhta-vairi	slug:zoroastrian:yukhta-vairi	Yukhta-vairi, faithful man in the Fravardin Yasht	boy	ýuxtavarôish	Yukhta-vairi	Avestan	Zoroastrian		Avesta	Yashts	Yasht 13.101	https://www.avesta.org/ka/yt13sbe.htm		human	personal	attested		avesta.org (J. H. Peterson's digital edition): Avestan text after Geldner 1896 and Darmesteter's translation (SBE 23, 1883); both public domain	0.9
Sriraokhshan	slug:zoroastrian:sriraokhshan	Sriraokhshan, faithful man in the Fravardin Yasht	boy	srîraoxshnô	Sriraokhshan	Avestan	Zoroastrian		Avesta	Yashts	Yasht 13.101	https://www.avesta.org/ka/yt13sbe.htm		human	personal	attested		avesta.org (J. H. Peterson's digital edition): Avestan text after Geldner 1896 and Darmesteter's translation (SBE 23, 1883); both public domain	0.9
Keresaokhshan	slug:zoroastrian:keresaokhshan	Keresaokhshan, faithful man in the Fravardin Yasht	boy	keresaoxshnô	Keresaokhshan	Avestan	Zoroastrian		Avesta	Yashts	Yasht 13.101	https://www.avesta.org/ka/yt13sbe.htm		human	personal	attested		avesta.org (J. H. Peterson's digital edition): Avestan text after Geldner 1896 and Darmesteter's translation (SBE 23, 1883); both public domain	0.9
Vanara	slug:zoroastrian:vanara	Vanara, faithful man in the Fravardin Yasht	boy	vanârahe	Vanara	Avestan	Zoroastrian		Avesta	Yashts	Yasht 13.101	https://www.avesta.org/ka/yt13sbe.htm		human	personal	attested		avesta.org (J. H. Peterson's digital edition): Avestan text after Geldner 1896 and Darmesteter's translation (SBE 23, 1883); both public domain	0.9
Bujisravah	slug:zoroastrian:bujisravah	Bujisravah, faithful man in the Fravardin Yasht	boy	bujasravanghô	Bujisravah	Avestan	Zoroastrian		Avesta	Yashts	Yasht 13.101	https://www.avesta.org/ka/yt13sbe.htm		human	personal	attested		avesta.org (J. H. Peterson's digital edition): Avestan text after Geldner 1896 and Darmesteter's translation (SBE 23, 1883); both public domain	0.9
Berezyarshti	slug:zoroastrian:berezyarshti	Berezyarshti, faithful man in the Fravardin Yasht	boy	berezyarshtôish	Berezyarshti	Avestan	Zoroastrian		Avesta	Yashts	Yasht 13.101	https://www.avesta.org/ka/yt13sbe.htm		human	personal	attested		avesta.org (J. H. Peterson's digital edition): Avestan text after Geldner 1896 and Darmesteter's translation (SBE 23, 1883); both public domain	0.9
Tizyarshti	slug:zoroastrian:tizyarshti	Tizyarshti, faithful man in the Fravardin Yasht	boy	tizhyarshtôish	Tizyarshti	Avestan	Zoroastrian		Avesta	Yashts	Yasht 13.101	https://www.avesta.org/ka/yt13sbe.htm		human	personal	attested		avesta.org (J. H. Peterson's digital edition): Avestan text after Geldner 1896 and Darmesteter's translation (SBE 23, 1883); both public domain	0.9
Perethu-arshti	slug:zoroastrian:perethu-arshti	Perethu-arshti, faithful man in the Fravardin Yasht	boy	perethvarshtôish	Perethu-arshti	Avestan	Zoroastrian		Avesta	Yashts	Yasht 13.101	https://www.avesta.org/ka/yt13sbe.htm		human	personal	attested		avesta.org (J. H. Peterson's digital edition): Avestan text after Geldner 1896 and Darmesteter's translation (SBE 23, 1883); both public domain	0.9
Vizhyarshti	slug:zoroastrian:vizhyarshti	Vizhyarshti, faithful man in the Fravardin Yasht	boy	tizhyarshtôish	Vizhyarshti	Avestan	Zoroastrian		Avesta	Yashts	Yasht 13.101	https://www.avesta.org/ka/yt13sbe.htm		human	personal	attested		avesta.org (J. H. Peterson's digital edition): Avestan text after Geldner 1896 and Darmesteter's translation (SBE 23, 1883); both public domain	0.9
Naptya	slug:zoroastrian:naptya	Naptya, faithful man in the Fravardin Yasht	boy	naptyehe	Naptya	Avestan	Zoroastrian		Avesta	Yashts	Yasht 13.102	https://www.avesta.org/ka/yt13sbe.htm		human	personal	attested		avesta.org (J. H. Peterson's digital edition): Avestan text after Geldner 1896 and Darmesteter's translation (SBE 23, 1883); both public domain	0.9
Vazhaspa	slug:zoroastrian:vazhaspa	Vazhaspa, faithful man in the Fravardin Yasht	boy	vazhâspahe	Vazhaspa	Avestan	Zoroastrian		Avesta	Yashts	Yasht 13.102	https://www.avesta.org/ka/yt13sbe.htm		human	personal	attested		avesta.org (J. H. Peterson's digital edition): Avestan text after Geldner 1896 and Darmesteter's translation (SBE 23, 1883); both public domain	0.9
Habaspa	slug:zoroastrian:habaspa	Habaspa, faithful man in the Fravardin Yasht	boy	habâspahe	Habaspa	Avestan	Zoroastrian		Avesta	Yashts	Yasht 13.102	https://www.avesta.org/ka/yt13sbe.htm		human	personal	attested		avesta.org (J. H. Peterson's digital edition): Avestan text after Geldner 1896 and Darmesteter's translation (SBE 23, 1883); both public domain	0.9
Vistauru	slug:zoroastrian:vistauru	Vistauru, faithful man, son of Naotara in the Fravardin Yasht	boy	vistaraosh	Vistauru	Avestan	Zoroastrian		Avesta	Yashts	Yasht 13.102	https://www.avesta.org/ka/yt13sbe.htm		human	personal	attested		avesta.org (J. H. Peterson's digital edition): Avestan text after Geldner 1896 and Darmesteter's translation (SBE 23, 1883); both public domain	0.9
Naotara	slug:zoroastrian:naotara	Naotara, faithful man, named as a father in the Fravardin Yasht	boy	naotairyânahe	Naotara	Avestan	Zoroastrian		Avesta	Yashts	Yasht 13.102	https://www.avesta.org/ka/yt13sbe.htm		human	personal	attested		avesta.org (J. H. Peterson's digital edition): Avestan text after Geldner 1896 and Darmesteter's translation (SBE 23, 1883); both public domain	0.9
Frash-ham-vareta	slug:zoroastrian:frash-ham-vareta	Frash-ham-vareta, faithful man in the Fravardin Yasht	boy	frash-hãm-varetahe	Frash-ham-vareta	Avestan	Zoroastrian		Avesta	Yashts	Yasht 13.102	https://www.avesta.org/ka/yt13sbe.htm		human	personal	attested		avesta.org (J. H. Peterson's digital edition): Avestan text after Geldner 1896 and Darmesteter's translation (SBE 23, 1883); both public domain	0.9
Frasho-kareta	slug:zoroastrian:frasho-kareta	Frasho-kareta, faithful man in the Fravardin Yasht	boy	frashôkarahe	Frasho-kareta	Avestan	Zoroastrian		Avesta	Yashts	Yasht 13.102	https://www.avesta.org/ka/yt13sbe.htm		human	personal	attested		avesta.org (J. H. Peterson's digital edition): Avestan text after Geldner 1896 and Darmesteter's translation (SBE 23, 1883); both public domain	0.9
Atare-vanu	slug:zoroastrian:atare-vanu	Atare-vanu, faithful man in the Fravardin Yasht	boy	âterevanaosh	Atare-vanu	Avestan	Zoroastrian		Avesta	Yashts	Yasht 13.102	https://www.avesta.org/ka/yt13sbe.htm		human	personal	attested		avesta.org (J. H. Peterson's digital edition): Avestan text after Geldner 1896 and Darmesteter's translation (SBE 23, 1883); both public domain	0.9
Atare-pata	slug:zoroastrian:atare-pata	Atare-pata, faithful man in the Fravardin Yasht	boy	âterepâtahe	Atare-pata	Avestan	Zoroastrian		Avesta	Yashts	Yasht 13.102	https://www.avesta.org/ka/yt13sbe.htm		human	personal	attested		avesta.org (J. H. Peterson's digital edition): Avestan text after Geldner 1896 and Darmesteter's translation (SBE 23, 1883); both public domain	0.9
Atare-data	slug:zoroastrian:atare-data	Atare-data, faithful man in the Fravardin Yasht	boy	âteredâtahe	Atare-data	Avestan	Zoroastrian		Avesta	Yashts	Yasht 13.102	https://www.avesta.org/ka/yt13sbe.htm		human	personal	attested		avesta.org (J. H. Peterson's digital edition): Avestan text after Geldner 1896 and Darmesteter's translation (SBE 23, 1883); both public domain	0.9
Atare-chithra	slug:zoroastrian:atare-chithra	Atare-chithra, faithful man in the Fravardin Yasht	boy	âterecithrahe	Atare-chithra	Avestan	Zoroastrian		Avesta	Yashts	Yasht 13.102	https://www.avesta.org/ka/yt13sbe.htm		human	personal	attested		avesta.org (J. H. Peterson's digital edition): Avestan text after Geldner 1896 and Darmesteter's translation (SBE 23, 1883); both public domain	0.9
Atare-hvarenah	slug:zoroastrian:atare-hvarenah	Atare-hvarenah, faithful man in the Fravardin Yasht	boy	âterehvarenanghô	Atare-hvarenah	Avestan	Zoroastrian		Avesta	Yashts	Yasht 13.102	https://www.avesta.org/ka/yt13sbe.htm		human	personal	attested		avesta.org (J. H. Peterson's digital edition): Avestan text after Geldner 1896 and Darmesteter's translation (SBE 23, 1883); both public domain	0.9
Atare-savah	slug:zoroastrian:atare-savah	Atare-savah, faithful man in the Fravardin Yasht	boy	âteresavanghô	Atare-savah	Avestan	Zoroastrian		Avesta	Yashts	Yasht 13.102	https://www.avesta.org/ka/yt13sbe.htm		human	personal	attested		avesta.org (J. H. Peterson's digital edition): Avestan text after Geldner 1896 and Darmesteter's translation (SBE 23, 1883); both public domain	0.9
Atare-zantu	slug:zoroastrian:atare-zantu	Atare-zantu, faithful man in the Fravardin Yasht	boy	âterezañtêush	Atare-zantu	Avestan	Zoroastrian		Avesta	Yashts	Yasht 13.102	https://www.avesta.org/ka/yt13sbe.htm		human	personal	attested		avesta.org (J. H. Peterson's digital edition): Avestan text after Geldner 1896 and Darmesteter's translation (SBE 23, 1883); both public domain	0.9
Atare-danghu	slug:zoroastrian:atare-danghu	Atare-danghu, faithful man in the Fravardin Yasht	boy	âteredainghêush	Atare-danghu	Avestan	Zoroastrian		Avesta	Yashts	Yasht 13.102	https://www.avesta.org/ka/yt13sbe.htm		human	personal	attested		avesta.org (J. H. Peterson's digital edition): Avestan text after Geldner 1896 and Darmesteter's translation (SBE 23, 1883); both public domain	0.9
Hushkyaothna	slug:zoroastrian:hushkyaothna	Hushkyaothna, faithful man in the Fravardin Yasht	boy	hushyaothnahe	Hushkyaothna	Avestan	Zoroastrian		Avesta	Yashts	Yasht 13.103	https://www.avesta.org/ka/yt13sbe.htm		human	personal	attested		avesta.org (J. H. Peterson's digital edition): Avestan text after Geldner 1896 and Darmesteter's translation (SBE 23, 1883); both public domain	0.9
Pishkyaothna	slug:zoroastrian:pishkyaothna	Pishkyaothna, faithful man in the Fravardin Yasht	boy	pishishyaothnahe	Pishkyaothna	Avestan	Zoroastrian		Avesta	Yashts	Yasht 13.103	https://www.avesta.org/ka/yt13sbe.htm		human	personal	attested		avesta.org (J. H. Peterson's digital edition): Avestan text after Geldner 1896 and Darmesteter's translation (SBE 23, 1883); both public domain	0.9
Spento-data	slug:zoroastrian:spento-data	Spento-data, faithful man in the Fravardin Yasht	boy	speñtôdhâtahe	Spento-data	Avestan	Zoroastrian		Avesta	Yashts	Yasht 13.103	https://www.avesta.org/ka/yt13sbe.htm		human	personal	attested		avesta.org (J. H. Peterson's digital edition): Avestan text after Geldner 1896 and Darmesteter's translation (SBE 23, 1883); both public domain	0.9
Basta-vairi	slug:zoroastrian:basta-vairi	Basta-vairi, faithful man in the Fravardin Yasht	boy	bastavarôish	Basta-vairi	Avestan	Zoroastrian		Avesta	Yashts	Yasht 13.103	https://www.avesta.org/ka/yt13sbe.htm		human	personal	attested		avesta.org (J. H. Peterson's digital edition): Avestan text after Geldner 1896 and Darmesteter's translation (SBE 23, 1883); both public domain	0.9
Kava-razem	slug:zoroastrian:kava-razem	Kava-razem, faithful man in the Fravardin Yasht	boy	kavârasmô	Kava-razem	Avestan	Zoroastrian		Avesta	Yashts	Yasht 13.103	https://www.avesta.org/ka/yt13sbe.htm		human	personal	attested		avesta.org (J. H. Peterson's digital edition): Avestan text after Geldner 1896 and Darmesteter's translation (SBE 23, 1883); both public domain	0.9
Hvova	slug:zoroastrian:hvova	Hvova, faithful man, named as a father in the Fravardin Yasht	boy	hvôvahe	Hvova	Avestan	Zoroastrian		Avesta	Yashts	Yasht 13.103	https://www.avesta.org/ka/yt13sbe.htm		human	personal	attested		avesta.org (J. H. Peterson's digital edition): Avestan text after Geldner 1896 and Darmesteter's translation (SBE 23, 1883); both public domain	0.9
Avaraoshtri	slug:zoroastrian:avaraoshtri	Avaraoshtri, faithful man in the Fravardin Yasht	boy	avâraoshtrôish	Avaraoshtri	Avestan	Zoroastrian		Avesta	Yashts	Yasht 13.103	https://www.avesta.org/ka/yt13sbe.htm		human	personal	attested		avesta.org (J. H. Peterson's digital edition): Avestan text after Geldner 1896 and Darmesteter's translation (SBE 23, 1883); both public domain	0.9
Hvadaena	slug:zoroastrian:hvadaena	Hvadaena, faithful man, son of Frashaoshtra in the Fravardin Yasht	boy	hvâdaênahe	Hvadaena	Avestan	Zoroastrian		Avesta	Yashts	Yasht 13.104	https://www.avesta.org/ka/yt13sbe.htm		human	personal	attested		avesta.org (J. H. Peterson's digital edition): Avestan text after Geldner 1896 and Darmesteter's translation (SBE 23, 1883); both public domain	0.9
Hanghaurvaungh	slug:zoroastrian:hanghaurvaungh	Hanghaurvaungh, faithful man, son of Jamaspa in the Fravardin Yasht	boy	hanghaurushô	Hanghaurvaungh	Avestan	Zoroastrian		Avesta	Yashts	Yasht 13.104	https://www.avesta.org/ka/yt13sbe.htm		human	personal	attested		avesta.org (J. H. Peterson's digital edition): Avestan text after Geldner 1896 and Darmesteter's translation (SBE 23, 1883); both public domain	0.9
Vareshna	slug:zoroastrian:vareshna	Vareshna, faithful man, son of Hanghaurvaungh in the Fravardin Yasht	boy	varshnahe	Vareshna	Avestan	Zoroastrian		Avesta	Yashts	Yasht 13.104	https://www.avesta.org/ka/yt13sbe.htm		human	personal	attested		avesta.org (J. H. Peterson's digital edition): Avestan text after Geldner 1896 and Darmesteter's translation (SBE 23, 1883); both public domain	0.9
Vohu-nemah	slug:zoroastrian:vohu-nemah	Vohu-nemah, faithful man, son of Avaraoshtri in the Fravardin Yasht	boy	vohu-nemanghô	Vohu-nemah	Avestan	Zoroastrian		Avesta	Yashts	Yasht 13.104	https://www.avesta.org/ka/yt13sbe.htm		human	personal	attested		avesta.org (J. H. Peterson's digital edition): Avestan text after Geldner 1896 and Darmesteter's translation (SBE 23, 1883); both public domain	0.9
Mathravaka	slug:zoroastrian:mathravaka	Mathravaka, faithful man, son of Simaezhi in the Fravardin Yasht	boy	mãthravâkahe	Mathravaka	Avestan	Zoroastrian		Avesta	Yashts	Yasht 13.105	https://www.avesta.org/ka/yt13sbe.htm		human	personal	attested		avesta.org (J. H. Peterson's digital edition): Avestan text after Geldner 1896 and Darmesteter's translation (SBE 23, 1883); both public domain	0.9
Simaezhi	slug:zoroastrian:simaezhi	Simaezhi, faithful man, named as a father in the Fravardin Yasht	boy	sâimuzhôish	Simaezhi	Avestan	Zoroastrian		Avesta	Yashts	Yasht 13.105	https://www.avesta.org/ka/yt13sbe.htm		human	personal	attested		avesta.org (J. H. Peterson's digital edition): Avestan text after Geldner 1896 and Darmesteter's translation (SBE 23, 1883); both public domain	0.9
Asha-stu	slug:zoroastrian:asha-stu	Asha-stu, faithful man, son of Maidhyo-maungha in the Fravardin Yasht	boy	ashastvô	Asha-stu	Avestan	Zoroastrian		Avesta	Yashts	Yasht 13.106	https://www.avesta.org/ka/yt13sbe.htm		human	personal	attested		avesta.org (J. H. Peterson's digital edition): Avestan text after Geldner 1896 and Darmesteter's translation (SBE 23, 1883); both public domain	0.9
Maidhyo-maungha	slug:zoroastrian:maidhyo-maungha	Maidhyo-maungha, faithful man, named as a father in the Fravardin Yasht	boy	maidhyôi-månghôish	Maidhyo-maungha	Avestan	Zoroastrian		Avesta	Yashts	Yasht 13.106	https://www.avesta.org/ka/yt13sbe.htm		human	personal	attested		avesta.org (J. H. Peterson's digital edition): Avestan text after Geldner 1896 and Darmesteter's translation (SBE 23, 1883); both public domain	0.9
Avarethrabah	slug:zoroastrian:avarethrabah	Avarethrabah, faithful man, son of Rastare-vaghant in the Fravardin Yasht	boy	avarethrabanghô	Avarethrabah	Avestan	Zoroastrian		Avesta	Yashts	Yasht 13.106	https://www.avesta.org/ka/yt13sbe.htm		human	personal	attested		avesta.org (J. H. Peterson's digital edition): Avestan text after Geldner 1896 and Darmesteter's translation (SBE 23, 1883); both public domain	0.9
Rastare-vaghant	slug:zoroastrian:rastare-vaghant	Rastare-vaghant, faithful man, named as a father in the Fravardin Yasht	boy	râshtare-vakheñtôish	Rastare-vaghant	Avestan	Zoroastrian		Avesta	Yashts	Yasht 13.106	https://www.avesta.org/ka/yt13sbe.htm		human	personal	attested		avesta.org (J. H. Peterson's digital edition): Avestan text after Geldner 1896 and Darmesteter's translation (SBE 23, 1883); both public domain	0.9
Bujra	slug:zoroastrian:bujra	Bujra, faithful man, son of Dazgaraspa in the Fravardin Yasht	boy	bûdhrahe	Bujra	Avestan	Zoroastrian		Avesta	Yashts	Yasht 13.106	https://www.avesta.org/ka/yt13sbe.htm		human	personal	attested		avesta.org (J. H. Peterson's digital edition): Avestan text after Geldner 1896 and Darmesteter's translation (SBE 23, 1883); both public domain	0.9
Dazgaraspa	slug:zoroastrian:dazgaraspa	Dazgaraspa, faithful man, named as a father in the Fravardin Yasht	boy	dâzgrâspôish	Dazgaraspa	Avestan	Zoroastrian		Avesta	Yashts	Yasht 13.106	https://www.avesta.org/ka/yt13sbe.htm		human	personal	attested		avesta.org (J. H. Peterson's digital edition): Avestan text after Geldner 1896 and Darmesteter's translation (SBE 23, 1883); both public domain	0.9
Zbaurvant	slug:zoroastrian:zbaurvant	Zbaurvant, faithful man in the Fravardin Yasht	boy	zbaurvatô	Zbaurvant	Avestan	Zoroastrian		Avesta	Yashts	Yasht 13.106	https://www.avesta.org/ka/yt13sbe.htm		human	personal	attested		avesta.org (J. H. Peterson's digital edition): Avestan text after Geldner 1896 and Darmesteter's translation (SBE 23, 1883); both public domain	0.9
Karesna	slug:zoroastrian:karesna	Karesna, faithful man, son of Zbaurvant in the Fravardin Yasht	boy	karsnahe	Karesna	Avestan	Zoroastrian		Avesta	Yashts	Yasht 13.106	https://www.avesta.org/ka/yt13sbe.htm		human	personal	attested		avesta.org (J. H. Peterson's digital edition): Avestan text after Geldner 1896 and Darmesteter's translation (SBE 23, 1883); both public domain	0.9
Viraspa	slug:zoroastrian:viraspa	Viraspa, faithful man, son of Karesna in the Fravardin Yasht	boy	vîrâspahe	Viraspa	Avestan	Zoroastrian		Avesta	Yashts	Yasht 13.108	https://www.avesta.org/ka/yt13sbe.htm		human	personal	attested		avesta.org (J. H. Peterson's digital edition): Avestan text after Geldner 1896 and Darmesteter's translation (SBE 23, 1883); both public domain	0.9
Azata	slug:zoroastrian:azata	Azata, faithful man, son of Karesna in the Fravardin Yasht	boy	âzâtahe	Azata	Avestan	Zoroastrian		Avesta	Yashts	Yasht 13.108	https://www.avesta.org/ka/yt13sbe.htm		human	personal	attested		avesta.org (J. H. Peterson's digital edition): Avestan text after Geldner 1896 and Darmesteter's translation (SBE 23, 1883); both public domain	0.9
Frayaodha	slug:zoroastrian:frayaodha	Frayaodha, faithful man, son of Karesna in the Fravardin Yasht	boy	frâyaodhahe	Frayaodha	Avestan	Zoroastrian		Avesta	Yashts	Yasht 13.108	https://www.avesta.org/ka/yt13sbe.htm		human	personal	attested		avesta.org (J. H. Peterson's digital edition): Avestan text after Geldner 1896 and Darmesteter's translation (SBE 23, 1883); both public domain	0.9
Arshya	slug:zoroastrian:arshya	Arshya, faithful man in the Fravardin Yasht	boy	arshyehe	Arshya	Avestan	Zoroastrian		Avesta	Yashts	Yasht 13.108	https://www.avesta.org/ka/yt13sbe.htm		human	personal	attested		avesta.org (J. H. Peterson's digital edition): Avestan text after Geldner 1896 and Darmesteter's translation (SBE 23, 1883); both public domain	0.9
Darayat-ratha	slug:zoroastrian:darayat-ratha	Darayat-ratha, faithful man in the Fravardin Yasht	boy	dârayat-rathahe	Darayat-ratha	Avestan	Zoroastrian		Avesta	Yashts	Yasht 13.108	https://www.avesta.org/ka/yt13sbe.htm		human	personal	attested		avesta.org (J. H. Peterson's digital edition): Avestan text after Geldner 1896 and Darmesteter's translation (SBE 23, 1883); both public domain	0.9
Frayat-ratha	slug:zoroastrian:frayat-ratha	Frayat-ratha, faithful man in the Fravardin Yasht	boy	frâyat-rathahe	Frayat-ratha	Avestan	Zoroastrian		Avesta	Yashts	Yasht 13.108	https://www.avesta.org/ka/yt13sbe.htm		human	personal	attested		avesta.org (J. H. Peterson's digital edition): Avestan text after Geldner 1896 and Darmesteter's translation (SBE 23, 1883); both public domain	0.9
Skarayat-ratha	slug:zoroastrian:skarayat-ratha	Skarayat-ratha, faithful man in the Fravardin Yasht	boy	skârayat-rathahe	Skarayat-ratha	Avestan	Zoroastrian		Avesta	Yashts	Yasht 13.108	https://www.avesta.org/ka/yt13sbe.htm		human	personal	attested		avesta.org (J. H. Peterson's digital edition): Avestan text after Geldner 1896 and Darmesteter's translation (SBE 23, 1883); both public domain	0.9
Arshvant	slug:zoroastrian:arshvant	Arshvant, faithful man in the Fravardin Yasht	boy	arshavatô	Arshvant	Avestan	Zoroastrian		Avesta	Yashts	Yasht 13.109	https://www.avesta.org/ka/yt13sbe.htm		human	personal	attested		avesta.org (J. H. Peterson's digital edition): Avestan text after Geldner 1896 and Darmesteter's translation (SBE 23, 1883); both public domain	0.9
Vyarshvant	slug:zoroastrian:vyarshvant	Vyarshvant, faithful man in the Fravardin Yasht	boy	vyarshavatô	Vyarshvant	Avestan	Zoroastrian		Avesta	Yashts	Yasht 13.109	https://www.avesta.org/ka/yt13sbe.htm		human	personal	attested		avesta.org (J. H. Peterson's digital edition): Avestan text after Geldner 1896 and Darmesteter's translation (SBE 23, 1883); both public domain	0.9
Paityarshvant	slug:zoroastrian:paityarshvant	Paityarshvant, faithful man in the Fravardin Yasht	boy	paityarshavatô	Paityarshvant	Avestan	Zoroastrian		Avesta	Yashts	Yasht 13.109	https://www.avesta.org/ka/yt13sbe.htm		human	personal	attested		avesta.org (J. H. Peterson's digital edition): Avestan text after Geldner 1896 and Darmesteter's translation (SBE 23, 1883); both public domain	0.9
Amru	slug:zoroastrian:amru	Amru, faithful man in the Fravardin Yasht	boy		Amru	Avestan	Zoroastrian		Avesta	Yashts	Yasht 13.109	https://www.avesta.org/ka/yt13sbe.htm		human	personal	attested		avesta.org (J. H. Peterson's digital edition): Avestan text after Geldner 1896 and Darmesteter's translation (SBE 23, 1883); both public domain	0.8
Chamru	slug:zoroastrian:chamru	Chamru, faithful man in the Fravardin Yasht	boy		Chamru	Avestan	Zoroastrian		Avesta	Yashts	Yasht 13.109	https://www.avesta.org/ka/yt13sbe.htm		human	personal	attested		avesta.org (J. H. Peterson's digital edition): Avestan text after Geldner 1896 and Darmesteter's translation (SBE 23, 1883); both public domain	0.8
Dratha	slug:zoroastrian:dratha	Dratha, faithful man in the Fravardin Yasht	boy	drâthahe	Dratha	Avestan	Zoroastrian		Avesta	Yashts	Yasht 13.109	https://www.avesta.org/ka/yt13sbe.htm		human	personal	attested		avesta.org (J. H. Peterson's digital edition): Avestan text after Geldner 1896 and Darmesteter's translation (SBE 23, 1883); both public domain	0.9
Paiti-dratha	slug:zoroastrian:paiti-dratha	Paiti-dratha, faithful man in the Fravardin Yasht	boy	paiti-drâthahe	Paiti-dratha	Avestan	Zoroastrian		Avesta	Yashts	Yasht 13.109	https://www.avesta.org/ka/yt13sbe.htm		human	personal	attested		avesta.org (J. H. Peterson's digital edition): Avestan text after Geldner 1896 and Darmesteter's translation (SBE 23, 1883); both public domain	0.9
Paiti-vangha	slug:zoroastrian:paiti-vangha	Paiti-vangha, faithful man in the Fravardin Yasht	boy	paiti-vanghahe	Paiti-vangha	Avestan	Zoroastrian		Avesta	Yashts	Yasht 13.109	https://www.avesta.org/ka/yt13sbe.htm		human	personal	attested		avesta.org (J. H. Peterson's digital edition): Avestan text after Geldner 1896 and Darmesteter's translation (SBE 23, 1883); both public domain	0.9
Frasha-vakhsha	slug:zoroastrian:frasha-vakhsha	Frasha-vakhsha, faithful man in the Fravardin Yasht	boy	frashâvaxshahe	Frasha-vakhsha	Avestan	Zoroastrian		Avesta	Yashts	Yasht 13.109	https://www.avesta.org/ka/yt13sbe.htm		human	personal	attested		avesta.org (J. H. Peterson's digital edition): Avestan text after Geldner 1896 and Darmesteter's translation (SBE 23, 1883); both public domain	0.9
Nemo-vanghu	slug:zoroastrian:nemo-vanghu	Nemo-vanghu, faithful man, son of Vaedhayangha in the Fravardin Yasht	boy	nemô-vanghêush	Nemo-vanghu	Avestan	Zoroastrian		Avesta	Yashts	Yasht 13.109	https://www.avesta.org/ka/yt13sbe.htm		human	personal	attested		avesta.org (J. H. Peterson's digital edition): Avestan text after Geldner 1896 and Darmesteter's translation (SBE 23, 1883); both public domain	0.9
Vaedhayangha	slug:zoroastrian:vaedhayangha	Vaedhayangha, faithful man, named as a father in the Fravardin Yasht	boy	vaêdhayanghahe	Vaedhayangha	Avestan	Zoroastrian		Avesta	Yashts	Yasht 13.109	https://www.avesta.org/ka/yt13sbe.htm		human	personal	attested		avesta.org (J. H. Peterson's digital edition): Avestan text after Geldner 1896 and Darmesteter's translation (SBE 23, 1883); both public domain	0.9
Visadha	slug:zoroastrian:visadha	Visadha, faithful man in the Fravardin Yasht	boy	vaêsadhahe	Visadha	Avestan	Zoroastrian		Avesta	Yashts	Yasht 13.110	https://www.avesta.org/ka/yt13sbe.htm		human	personal	attested		avesta.org (J. H. Peterson's digital edition): Avestan text after Geldner 1896 and Darmesteter's translation (SBE 23, 1883); both public domain	0.9
Asha-vanghu	slug:zoroastrian:asha-vanghu	Asha-vanghu, faithful man, son of Bivandangha in the Fravardin Yasht	boy	ashâvanghêush	Asha-vanghu	Avestan	Zoroastrian		Avesta	Yashts	Yasht 13.110	https://www.avesta.org/ka/yt13sbe.htm		human	personal	attested		avesta.org (J. H. Peterson's digital edition): Avestan text after Geldner 1896 and Darmesteter's translation (SBE 23, 1883); both public domain	0.9
Bivandangha	slug:zoroastrian:bivandangha	Bivandangha, faithful man, named as a father in the Fravardin Yasht	boy	bivañdanghahe	Bivandangha	Avestan	Zoroastrian		Avesta	Yashts	Yasht 13.110	https://www.avesta.org/ka/yt13sbe.htm		human	personal	attested		avesta.org (J. H. Peterson's digital edition): Avestan text after Geldner 1896 and Darmesteter's translation (SBE 23, 1883); both public domain	0.9
Jaro-danghu	slug:zoroastrian:jaro-danghu	Jaro-danghu, faithful man, son of Pairishtira in the Fravardin Yasht	boy	jarô-danghêush	Jaro-danghu	Avestan	Zoroastrian		Avesta	Yashts	Yasht 13.110	https://www.avesta.org/ka/yt13sbe.htm		human	personal	attested		avesta.org (J. H. Peterson's digital edition): Avestan text after Geldner 1896 and Darmesteter's translation (SBE 23, 1883); both public domain	0.9
Pairishtira	slug:zoroastrian:pairishtira	Pairishtira, faithful man, named as a father in the Fravardin Yasht	boy	pairishtûrahe	Pairishtira	Avestan	Zoroastrian		Avesta	Yashts	Yasht 13.110	https://www.avesta.org/ka/yt13sbe.htm		human	personal	attested		avesta.org (J. H. Peterson's digital edition): Avestan text after Geldner 1896 and Darmesteter's translation (SBE 23, 1883); both public domain	0.9
Neremyazdana	slug:zoroastrian:neremyazdana	Neremyazdana, faithful man, son of Athwyoza in the Fravardin Yasht	boy	neremyazdanahe	Neremyazdana	Avestan	Zoroastrian		Avesta	Yashts	Yasht 13.110	https://www.avesta.org/ka/yt13sbe.htm		human	personal	attested		avesta.org (J. H. Peterson's digital edition): Avestan text after Geldner 1896 and Darmesteter's translation (SBE 23, 1883); both public domain	0.9
Athwyoza	slug:zoroastrian:athwyoza	Athwyoza, faithful man, named as a father in the Fravardin Yasht	boy	âithwyaosh	Athwyoza	Avestan	Zoroastrian		Avesta	Yashts	Yasht 13.110	https://www.avesta.org/ka/yt13sbe.htm		human	personal	attested		avesta.org (J. H. Peterson's digital edition): Avestan text after Geldner 1896 and Darmesteter's translation (SBE 23, 1883); both public domain	0.9
Berezishnu	slug:zoroastrian:berezishnu	Berezishnu, faithful man, son of Ara in the Fravardin Yasht	boy	berezishnaosh	Berezishnu	Avestan	Zoroastrian		Avesta	Yashts	Yasht 13.110	https://www.avesta.org/ka/yt13sbe.htm		human	personal	attested		avesta.org (J. H. Peterson's digital edition): Avestan text after Geldner 1896 and Darmesteter's translation (SBE 23, 1883); both public domain	0.9
Ara	slug:zoroastrian:ara	Ara, faithful man, named as a father in the Fravardin Yasht	boy	arahe	Ara	Avestan	Zoroastrian		Avesta	Yashts	Yasht 13.110	https://www.avesta.org/ka/yt13sbe.htm		human	personal	attested		avesta.org (J. H. Peterson's digital edition): Avestan text after Geldner 1896 and Darmesteter's translation (SBE 23, 1883); both public domain	0.9
Kasupatu	slug:zoroastrian:kasupatu	Kasupatu, faithful man, son of Ara in the Fravardin Yasht	boy	kasupitêush	Kasupatu	Avestan	Zoroastrian		Avesta	Yashts	Yasht 13.110	https://www.avesta.org/ka/yt13sbe.htm		human	personal	attested		avesta.org (J. H. Peterson's digital edition): Avestan text after Geldner 1896 and Darmesteter's translation (SBE 23, 1883); both public domain	0.9
Frya	slug:zoroastrian:frya	Frya, faithful man in the Fravardin Yasht	boy	fryehe	Frya	Avestan	Zoroastrian		Avesta	Yashts	Yasht 13.110	https://www.avesta.org/ka/yt13sbe.htm		human	personal	attested		avesta.org (J. H. Peterson's digital edition): Avestan text after Geldner 1896 and Darmesteter's translation (SBE 23, 1883); both public domain	0.9
Astvat-Ereta	slug:zoroastrian:astvat-ereta	Astvat-Ereta, faithful man in the Fravardin Yasht	boy	astvat-eretahe	Astvat-Ereta	Avestan	Zoroastrian		Avesta	Yashts	Yasht 13.110	https://www.avesta.org/ka/yt13sbe.htm		human	personal	attested		avesta.org (J. H. Peterson's digital edition): Avestan text after Geldner 1896 and Darmesteter's translation (SBE 23, 1883); both public domain	0.9
Gaopi-vanghu	slug:zoroastrian:gaopi-vanghu	Gaopi-vanghu, faithful man in the Fravardin Yasht	boy	gaopivanghêush	Gaopi-vanghu	Avestan	Zoroastrian		Avesta	Yashts	Yasht 13.111	https://www.avesta.org/ka/yt13sbe.htm		human	personal	attested		avesta.org (J. H. Peterson's digital edition): Avestan text after Geldner 1896 and Darmesteter's translation (SBE 23, 1883); both public domain	0.9
Ham-baretar	slug:zoroastrian:ham-baretar	Ham-baretar, faithful man in the Fravardin Yasht	boy	hãm-barethrô	Ham-baretar	Avestan	Zoroastrian		Avesta	Yashts	Yasht 13.111	https://www.avesta.org/ka/yt13sbe.htm		human	personal	attested		avesta.org (J. H. Peterson's digital edition): Avestan text after Geldner 1896 and Darmesteter's translation (SBE 23, 1883); both public domain	0.9
Staotar-Vahishtahe-Ashyehe	slug:zoroastrian:staotar-vahishtahe-ashyehe	Staotar-Vahishtahe-Ashyehe, faithful man in the Fravardin Yasht	boy		Staotar-Vahishtahe-Ashyehe	Avestan	Zoroastrian		Avesta	Yashts	Yasht 13.111	https://www.avesta.org/ka/yt13sbe.htm		human	personal	attested		avesta.org (J. H. Peterson's digital edition): Avestan text after Geldner 1896 and Darmesteter's translation (SBE 23, 1883); both public domain	0.8
Pouru-dhakhshti	slug:zoroastrian:pouru-dhakhshti	Pouru-dhakhshti, faithful man, son of Khshtavaenya in the Fravardin Yasht	boy	pourudhâxshtôish	Pouru-dhakhshti	Avestan	Zoroastrian		Avesta	Yashts	Yasht 13.111	https://www.avesta.org/ka/yt13sbe.htm		human	personal	attested		avesta.org (J. H. Peterson's digital edition): Avestan text after Geldner 1896 and Darmesteter's translation (SBE 23, 1883); both public domain	0.9
Khshtavaenya	slug:zoroastrian:khshtavaenya	Khshtavaenya, faithful man, named as a father in the Fravardin Yasht	boy	xshtâvaênyehe	Khshtavaenya	Avestan	Zoroastrian		Avesta	Yashts	Yasht 13.111	https://www.avesta.org/ka/yt13sbe.htm		human	personal	attested		avesta.org (J. H. Peterson's digital edition): Avestan text after Geldner 1896 and Darmesteter's translation (SBE 23, 1883); both public domain	0.9
Khshoi-wraspa	slug:zoroastrian:khshoi-wraspa	Khshoi-wraspa, faithful man, son of Khshtavaenya in the Fravardin Yasht	boy	xshviwrâspanahe	Khshoi-wraspa	Avestan	Zoroastrian		Avesta	Yashts	Yasht 13.111	https://www.avesta.org/ka/yt13sbe.htm		human	personal	attested		avesta.org (J. H. Peterson's digital edition): Avestan text after Geldner 1896 and Darmesteter's translation (SBE 23, 1883); both public domain	0.9
Ayo-asti	slug:zoroastrian:ayo-asti	Ayo-asti, faithful man, son of Pouru-dhakhshti in the Fravardin Yasht	boy	ayô-astôish	Ayo-asti	Avestan	Zoroastrian		Avesta	Yashts	Yasht 13.112	https://www.avesta.org/ka/yt13sbe.htm		human	personal	attested		avesta.org (J. H. Peterson's digital edition): Avestan text after Geldner 1896 and Darmesteter's translation (SBE 23, 1883); both public domain	0.9
Gaya-dhasti	slug:zoroastrian:gaya-dhasti	Gaya-dhasti, faithful man, son of Pouru-dhakhshti in the Fravardin Yasht	boy	gayadhâstôish	Gaya-dhasti	Avestan	Zoroastrian		Avesta	Yashts	Yasht 13.112	https://www.avesta.org/ka/yt13sbe.htm		human	personal	attested		avesta.org (J. H. Peterson's digital edition): Avestan text after Geldner 1896 and Darmesteter's translation (SBE 23, 1883); both public domain	0.9
Asha-vazdah	slug:zoroastrian:asha-vazdah	Asha-vazdah, faithful man, son of Pouru-dhakhshti in the Fravardin Yasht	boy	ashavazdanghô	Asha-vazdah	Avestan	Zoroastrian		Avesta	Yashts	Yasht 13.112	https://www.avesta.org/ka/yt13sbe.htm		human	personal	attested		avesta.org (J. H. Peterson's digital edition): Avestan text after Geldner 1896 and Darmesteter's translation (SBE 23, 1883); both public domain	0.9
Urudhu	slug:zoroastrian:urudhu	Urudhu, faithful man, son of Pouru-dhakhshti in the Fravardin Yasht	boy	pourudhâxshtayanahe	Urudhu	Avestan	Zoroastrian		Avesta	Yashts	Yasht 13.112	https://www.avesta.org/ka/yt13sbe.htm		human	personal	attested		avesta.org (J. H. Peterson's digital edition): Avestan text after Geldner 1896 and Darmesteter's translation (SBE 23, 1883); both public domain	0.9
Khshathro-chinah	slug:zoroastrian:khshathro-chinah	Khshathro-chinah, faithful man, son of Khshvoi-wraspa in the Fravardin Yasht	boy	xshathrô-cinanghô	Khshathro-chinah	Avestan	Zoroastrian		Avesta	Yashts	Yasht 13.112	https://www.avesta.org/ka/yt13sbe.htm		human	personal	attested		avesta.org (J. H. Peterson's digital edition): Avestan text after Geldner 1896 and Darmesteter's translation (SBE 23, 1883); both public domain	0.9
Khshvoi-wraspa	slug:zoroastrian:khshvoi-wraspa	Khshvoi-wraspa, faithful man, named as a father in the Fravardin Yasht	boy	xshôiwrâspanahe	Khshvoi-wraspa	Avestan	Zoroastrian		Avesta	Yashts	Yasht 13.112	https://www.avesta.org/ka/yt13sbe.htm		human	personal	attested		avesta.org (J. H. Peterson's digital edition): Avestan text after Geldner 1896 and Darmesteter's translation (SBE 23, 1883); both public domain	0.9
Ashahura	slug:zoroastrian:ashahura	Ashahura, faithful man, son of Jishti in the Fravardin Yasht	boy	ashâhurahe	Ashahura	Avestan	Zoroastrian		Avesta	Yashts	Yasht 13.113	https://www.avesta.org/ka/yt13sbe.htm		human	personal	attested		avesta.org (J. H. Peterson's digital edition): Avestan text after Geldner 1896 and Darmesteter's translation (SBE 23, 1883); both public domain	0.9
Jishti	slug:zoroastrian:jishti	Jishti, faithful man, named as a father in the Fravardin Yasht	boy	jîshtayanahe	Jishti	Avestan	Zoroastrian		Avesta	Yashts	Yasht 13.113	https://www.avesta.org/ka/yt13sbe.htm		human	personal	attested		avesta.org (J. H. Peterson's digital edition): Avestan text after Geldner 1896 and Darmesteter's translation (SBE 23, 1883); both public domain	0.9
Fraya-zanta	slug:zoroastrian:fraya-zanta	Fraya-zanta, faithful man in the Fravardin Yasht	boy	frâyazeñtahe	Fraya-zanta	Avestan	Zoroastrian		Avesta	Yashts	Yasht 13.113	https://www.avesta.org/ka/yt13sbe.htm		human	personal	attested		avesta.org (J. H. Peterson's digital edition): Avestan text after Geldner 1896 and Darmesteter's translation (SBE 23, 1883); both public domain	0.9
Frenah	slug:zoroastrian:frenah	Frenah, faithful man, son of Frayazanta in the Fravardin Yasht	boy	frênanghô	Frenah	Avestan	Zoroastrian		Avesta	Yashts	Yasht 13.113	https://www.avesta.org/ka/yt13sbe.htm		human	personal	attested		avesta.org (J. H. Peterson's digital edition): Avestan text after Geldner 1896 and Darmesteter's translation (SBE 23, 1883); both public domain	0.9
Jaro-vanghu	slug:zoroastrian:jaro-vanghu	Jaro-vanghu, faithful man, son of Frayazanta in the Fravardin Yasht	boy	jarô-vanghêush	Jaro-vanghu	Avestan	Zoroastrian		Avesta	Yashts	Yasht 13.113	https://www.avesta.org/ka/yt13sbe.htm		human	personal	attested		avesta.org (J. H. Peterson's digital edition): Avestan text after Geldner 1896 and Darmesteter's translation (SBE 23, 1883); both public domain	0.9
Thrita	slug:zoroastrian:thrita	Thrita, faithful man, son of Sayuzhdri in the Fravardin Yasht	boy	thritahe	Thrita	Avestan	Zoroastrian		Avesta	Yashts	Yasht 13.113	https://www.avesta.org/ka/yt13sbe.htm		human	personal	attested		avesta.org (J. H. Peterson's digital edition): Avestan text after Geldner 1896 and Darmesteter's translation (SBE 23, 1883); both public domain	0.9
Sayuzhdri	slug:zoroastrian:sayuzhdri	Sayuzhdri, faithful man, named as a father in the Fravardin Yasht	boy	sâizhdrôish	Sayuzhdri	Avestan	Zoroastrian		Avesta	Yashts	Yasht 13.113	https://www.avesta.org/ka/yt13sbe.htm		human	personal	attested		avesta.org (J. H. Peterson's digital edition): Avestan text after Geldner 1896 and Darmesteter's translation (SBE 23, 1883); both public domain	0.9
Varakasa	slug:zoroastrian:varakasa	Varakasa, faithful man, named as a father in the Fravardin Yasht	boy	varakasânahe	Varakasa	Avestan	Zoroastrian		Avesta	Yashts	Yasht 13.113	https://www.avesta.org/ka/yt13sbe.htm		human	personal	attested		avesta.org (J. H. Peterson's digital edition): Avestan text after Geldner 1896 and Darmesteter's translation (SBE 23, 1883); both public domain	0.9
Arejan-ghant	slug:zoroastrian:arejan-ghant	Arejan-ghant, faithful man in the Fravardin Yasht	boy	arejanguhatô	Arejan-ghant	Avestan	Zoroastrian		Avesta	Yashts	Yasht 13.113	https://www.avesta.org/ka/yt13sbe.htm		human	personal	attested		avesta.org (J. H. Peterson's digital edition): Avestan text after Geldner 1896 and Darmesteter's translation (SBE 23, 1883); both public domain	0.9
Usinemah	slug:zoroastrian:usinemah	Usinemah, faithful man in the Fravardin Yasht	boy	usinemanghô	Usinemah	Avestan	Zoroastrian		Avesta	Yashts	Yasht 13.113	https://www.avesta.org/ka/yt13sbe.htm		human	personal	attested		avesta.org (J. H. Peterson's digital edition): Avestan text after Geldner 1896 and Darmesteter's translation (SBE 23, 1883); both public domain	0.9
Yukhtaspa	slug:zoroastrian:yukhtaspa	Yukhtaspa, faithful man in the Fravardin Yasht	boy	ýuxtâspahe	Yukhtaspa	Avestan	Zoroastrian		Avesta	Yashts	Yasht 13.114	https://www.avesta.org/ka/yt13sbe.htm		human	personal	attested		avesta.org (J. H. Peterson's digital edition): Avestan text after Geldner 1896 and Darmesteter's translation (SBE 23, 1883); both public domain	0.9
Asha-skyaothna	slug:zoroastrian:asha-skyaothna	Asha-skyaothna, faithful man, son of Gayadhasti in the Fravardin Yasht	boy	asha-shyaothnahe	Asha-skyaothna	Avestan	Zoroastrian		Avesta	Yashts	Yasht 13.114	https://www.avesta.org/ka/yt13sbe.htm		human	personal	attested		avesta.org (J. H. Peterson's digital edition): Avestan text after Geldner 1896 and Darmesteter's translation (SBE 23, 1883); both public domain	0.9
Katu	slug:zoroastrian:katu	Katu, faithful man, named as a father in the Fravardin Yasht	boy	katêush	Katu	Avestan	Zoroastrian		Avesta	Yashts	Yasht 13.114	https://www.avesta.org/ka/yt13sbe.htm		human	personal	attested		avesta.org (J. H. Peterson's digital edition): Avestan text after Geldner 1896 and Darmesteter's translation (SBE 23, 1883); both public domain	0.9
Vohu-vazdah	slug:zoroastrian:vohu-vazdah	Vohu-vazdah, faithful man, son of Katu in the Fravardin Yasht	boy	vohvazdanghô	Vohu-vazdah	Avestan	Zoroastrian		Avesta	Yashts	Yasht 13.114	https://www.avesta.org/ka/yt13sbe.htm		human	personal	attested		avesta.org (J. H. Peterson's digital edition): Avestan text after Geldner 1896 and Darmesteter's translation (SBE 23, 1883); both public domain	0.9
Asha-saredha	slug:zoroastrian:asha-saredha	Asha-saredha, faithful man, son of Asha-sairyach in the Fravardin Yasht	boy	ashasaredhahe	Asha-saredha	Avestan	Zoroastrian		Avesta	Yashts	Yasht 13.114	https://www.avesta.org/ka/yt13sbe.htm		human	personal	attested		avesta.org (J. H. Peterson's digital edition): Avestan text after Geldner 1896 and Darmesteter's translation (SBE 23, 1883); both public domain	0.9
Asha-sairyach	slug:zoroastrian:asha-sairyach	Asha-sairyach, faithful man, named as a father in the Fravardin Yasht	boy	ashasairyãsh	Asha-sairyach	Avestan	Zoroastrian		Avesta	Yashts	Yasht 13.114	https://www.avesta.org/ka/yt13sbe.htm		human	personal	attested		avesta.org (J. H. Peterson's digital edition): Avestan text after Geldner 1896 and Darmesteter's translation (SBE 23, 1883); both public domain	0.9
Zairyach	slug:zoroastrian:zairyach	Zairyach, faithful man, named as a father in the Fravardin Yasht	boy	jairyãsh	Zairyach	Avestan	Zoroastrian		Avesta	Yashts	Yasht 13.114	https://www.avesta.org/ka/yt13sbe.htm		human	personal	attested		avesta.org (J. H. Peterson's digital edition): Avestan text after Geldner 1896 and Darmesteter's translation (SBE 23, 1883); both public domain	0.9
Chakhshni	slug:zoroastrian:chakhshni	Chakhshni, faithful man in the Fravardin Yasht	boy	câxshnôish	Chakhshni	Avestan	Zoroastrian		Avesta	Yashts	Yasht 13.114	https://www.avesta.org/ka/yt13sbe.htm		human	personal	attested		avesta.org (J. H. Peterson's digital edition): Avestan text after Geldner 1896 and Darmesteter's translation (SBE 23, 1883); both public domain	0.9
Syavaspi	slug:zoroastrian:syavaspi	Syavaspi, faithful man in the Fravardin Yasht	boy	syâvaspôish	Syavaspi	Avestan	Zoroastrian		Avesta	Yashts	Yasht 13.114	https://www.avesta.org/ka/yt13sbe.htm		human	personal	attested		avesta.org (J. H. Peterson's digital edition): Avestan text after Geldner 1896 and Darmesteter's translation (SBE 23, 1883); both public domain	0.9
Pourushti	slug:zoroastrian:pourushti	Pourushti, faithful man, son of Kavi in the Fravardin Yasht	boy	pourushtôish	Pourushti	Avestan	Zoroastrian		Avesta	Yashts	Yasht 13.114	https://www.avesta.org/ka/yt13sbe.htm		human	personal	attested		avesta.org (J. H. Peterson's digital edition): Avestan text after Geldner 1896 and Darmesteter's translation (SBE 23, 1883); both public domain	0.9
Kavi	slug:zoroastrian:kavi	Kavi, faithful man, named as a father in the Fravardin Yasht	boy	kavôish	Kavi	Avestan	Zoroastrian		Avesta	Yashts	Yasht 13.114	https://www.avesta.org/ka/yt13sbe.htm		human	personal	attested		avesta.org (J. H. Peterson's digital edition): Avestan text after Geldner 1896 and Darmesteter's translation (SBE 23, 1883); both public domain	0.9
Varesmapa	slug:zoroastrian:varesmapa	Varesmapa, faithful man, son of Janara in the Fravardin Yasht	boy	varesmapahe	Varesmapa	Avestan	Zoroastrian		Avesta	Yashts	Yasht 13.115	https://www.avesta.org/ka/yt13sbe.htm		human	personal	attested		avesta.org (J. H. Peterson's digital edition): Avestan text after Geldner 1896 and Darmesteter's translation (SBE 23, 1883); both public domain	0.9
Janara	slug:zoroastrian:janara	Janara, faithful man, named as a father in the Fravardin Yasht	boy	jañnarahe	Janara	Avestan	Zoroastrian		Avesta	Yashts	Yasht 13.115	https://www.avesta.org/ka/yt13sbe.htm		human	personal	attested		avesta.org (J. H. Peterson's digital edition): Avestan text after Geldner 1896 and Darmesteter's translation (SBE 23, 1883); both public domain	0.9
Nanarasti	slug:zoroastrian:nanarasti	Nanarasti, faithful man, son of Paeshatah in the Fravardin Yasht	boy	nanarâstôish	Nanarasti	Avestan	Zoroastrian		Avesta	Yashts	Yasht 13.115	https://www.avesta.org/ka/yt13sbe.htm		human	personal	attested		avesta.org (J. H. Peterson's digital edition): Avestan text after Geldner 1896 and Darmesteter's translation (SBE 23, 1883); both public domain	0.9
Paeshatah	slug:zoroastrian:paeshatah	Paeshatah, faithful man, named as a father in the Fravardin Yasht	boy	paêshatanghô	Paeshatah	Avestan	Zoroastrian		Avesta	Yashts	Yasht 13.115	https://www.avesta.org/ka/yt13sbe.htm		human	personal	attested		avesta.org (J. H. Peterson's digital edition): Avestan text after Geldner 1896 and Darmesteter's translation (SBE 23, 1883); both public domain	0.9
Zarazdati	slug:zoroastrian:zarazdati	Zarazdati, faithful man, son of Paeshatah in the Fravardin Yasht	boy	zrazdâtôish	Zarazdati	Avestan	Zoroastrian		Avesta	Yashts	Yasht 13.115	https://www.avesta.org/ka/yt13sbe.htm		human	personal	attested		avesta.org (J. H. Peterson's digital edition): Avestan text after Geldner 1896 and Darmesteter's translation (SBE 23, 1883); both public domain	0.9
Gaevani	slug:zoroastrian:gaevani	Gaevani, faithful man, son of Vohu-nemah in the Fravardin Yasht	boy	gaêvanôish	Gaevani	Avestan	Zoroastrian		Avesta	Yashts	Yasht 13.115	https://www.avesta.org/ka/yt13sbe.htm		human	personal	attested		avesta.org (J. H. Peterson's digital edition): Avestan text after Geldner 1896 and Darmesteter's translation (SBE 23, 1883); both public domain	0.9
Arezva	slug:zoroastrian:arezva	Arezva, faithful man in the Fravardin Yasht	boy	erezvå	Arezva	Avestan	Zoroastrian		Avesta	Yashts	Yasht 13.115	https://www.avesta.org/ka/yt13sbe.htm		human	personal	attested		avesta.org (J. H. Peterson's digital edition): Avestan text after Geldner 1896 and Darmesteter's translation (SBE 23, 1883); both public domain	0.9
Sruta-spadha	slug:zoroastrian:sruta-spadha	Sruta-spadha, faithful man in the Fravardin Yasht	boy	srûtô-spâdå	Sruta-spadha	Avestan	Zoroastrian		Avesta	Yashts	Yasht 13.115	https://www.avesta.org/ka/yt13sbe.htm		human	personal	attested		avesta.org (J. H. Peterson's digital edition): Avestan text after Geldner 1896 and Darmesteter's translation (SBE 23, 1883); both public domain	0.9
Zrayah	slug:zoroastrian:zrayah	Zrayah, faithful man in the Fravardin Yasht	boy	zrayanghå	Zrayah	Avestan	Zoroastrian		Avesta	Yashts	Yasht 13.115	https://www.avesta.org/ka/yt13sbe.htm		human	personal	attested		avesta.org (J. H. Peterson's digital edition): Avestan text after Geldner 1896 and Darmesteter's translation (SBE 23, 1883); both public domain	0.9
Spento-khratu	slug:zoroastrian:spento-khratu	Spento-khratu, faithful man in the Fravardin Yasht	boy	speñtô-xratvå	Spento-khratu	Avestan	Zoroastrian		Avesta	Yashts	Yasht 13.115	https://www.avesta.org/ka/yt13sbe.htm		human	personal	attested		avesta.org (J. H. Peterson's digital edition): Avestan text after Geldner 1896 and Darmesteter's translation (SBE 23, 1883); both public domain	0.9
Varshni	slug:zoroastrian:varshni	Varshni, faithful man, son of Vagereza in the Fravardin Yasht	boy	varshnôish	Varshni	Avestan	Zoroastrian		Avesta	Yashts	Yasht 13.115	https://www.avesta.org/ka/yt13sbe.htm		human	personal	attested		avesta.org (J. H. Peterson's digital edition): Avestan text after Geldner 1896 and Darmesteter's translation (SBE 23, 1883); both public domain	0.9
Vagereza	slug:zoroastrian:vagereza	Vagereza, faithful man, named as a father in the Fravardin Yasht	boy	vâgerezahe	Vagereza	Avestan	Zoroastrian		Avesta	Yashts	Yasht 13.115	https://www.avesta.org/ka/yt13sbe.htm		human	personal	attested		avesta.org (J. H. Peterson's digital edition): Avestan text after Geldner 1896 and Darmesteter's translation (SBE 23, 1883); both public domain	0.9
Frachya	slug:zoroastrian:frachya	Frachya, faithful man, son of Taurvati in the Fravardin Yasht	boy	frâcyehe	Frachya	Avestan	Zoroastrian		Avesta	Yashts	Yasht 13.115	https://www.avesta.org/ka/yt13sbe.htm		human	personal	attested		avesta.org (J. H. Peterson's digital edition): Avestan text after Geldner 1896 and Darmesteter's translation (SBE 23, 1883); both public domain	0.9
Taurvati	slug:zoroastrian:taurvati	Taurvati, faithful man, named as a father in the Fravardin Yasht	boy	taurvaêtôish	Taurvati	Avestan	Zoroastrian		Avesta	Yashts	Yasht 13.115	https://www.avesta.org/ka/yt13sbe.htm		human	personal	attested		avesta.org (J. H. Peterson's digital edition): Avestan text after Geldner 1896 and Darmesteter's translation (SBE 23, 1883); both public domain	0.9
Vahmae-data	slug:zoroastrian:vahmae-data	Vahmae-data, faithful man, son of Mathravaka in the Fravardin Yasht	boy	vahmaêdhâtahe	Vahmae-data	Avestan	Zoroastrian		Avesta	Yashts	Yasht 13.115	https://www.avesta.org/ka/yt13sbe.htm		human	personal	attested		avesta.org (J. H. Peterson's digital edition): Avestan text after Geldner 1896 and Darmesteter's translation (SBE 23, 1883); both public domain	0.9
Ushtra	slug:zoroastrian:ushtra	Ushtra, faithful man, son of Sadhanah in the Fravardin Yasht	boy	ushtrahe	Ushtra	Avestan	Zoroastrian		Avesta	Yashts	Yasht 13.115	https://www.avesta.org/ka/yt13sbe.htm		human	personal	attested		avesta.org (J. H. Peterson's digital edition): Avestan text after Geldner 1896 and Darmesteter's translation (SBE 23, 1883); both public domain	0.9
Sadhanah	slug:zoroastrian:sadhanah	Sadhanah, faithful man, named as a father in the Fravardin Yasht	boy	sadhananghô	Sadhanah	Avestan	Zoroastrian		Avesta	Yashts	Yasht 13.115	https://www.avesta.org/ka/yt13sbe.htm		human	personal	attested		avesta.org (J. H. Peterson's digital edition): Avestan text after Geldner 1896 and Darmesteter's translation (SBE 23, 1883); both public domain	0.9
Danghu-sruta	slug:zoroastrian:danghu-sruta	Danghu-sruta, faithful man in the Fravardin Yasht	boy	danghu-srûtahe	Danghu-sruta	Avestan	Zoroastrian		Avesta	Yashts	Yasht 13.116	https://www.avesta.org/ka/yt13sbe.htm		human	personal	attested		avesta.org (J. H. Peterson's digital edition): Avestan text after Geldner 1896 and Darmesteter's translation (SBE 23, 1883); both public domain	0.9
Danghu-fradhah	slug:zoroastrian:danghu-fradhah	Danghu-fradhah, faithful man in the Fravardin Yasht	boy	danghu-frâdanghô	Danghu-fradhah	Avestan	Zoroastrian		Avesta	Yashts	Yasht 13.116	https://www.avesta.org/ka/yt13sbe.htm		human	personal	attested		avesta.org (J. H. Peterson's digital edition): Avestan text after Geldner 1896 and Darmesteter's translation (SBE 23, 1883); both public domain	0.9
Aspo-padho-makhshti	slug:zoroastrian:aspo-padho-makhshti	Aspo-padho-makhshti, faithful man in the Fravardin Yasht	boy	spôpadhô	Aspo-padho-makhshti	Avestan	Zoroastrian		Avesta	Yashts	Yasht 13.116	https://www.avesta.org/ka/yt13sbe.htm		human	personal	attested		avesta.org (J. H. Peterson's digital edition): Avestan text after Geldner 1896 and Darmesteter's translation (SBE 23, 1883); both public domain	0.9
Payanghro-makhshti	slug:zoroastrian:payanghro-makhshti	Payanghro-makhshti, faithful man in the Fravardin Yasht	boy	payangharô	Payanghro-makhshti	Avestan	Zoroastrian		Avesta	Yashts	Yasht 13.116	https://www.avesta.org/ka/yt13sbe.htm		human	personal	attested		avesta.org (J. H. Peterson's digital edition): Avestan text after Geldner 1896 and Darmesteter's translation (SBE 23, 1883); both public domain	0.9
Ushtazanta	slug:zoroastrian:ushtazanta	Ushtazanta, faithful man in the Fravardin Yasht	boy	ushtâzañtahe	Ushtazanta	Avestan	Zoroastrian		Avesta	Yashts	Yasht 13.116	https://www.avesta.org/ka/yt13sbe.htm		human	personal	attested		avesta.org (J. H. Peterson's digital edition): Avestan text after Geldner 1896 and Darmesteter's translation (SBE 23, 1883); both public domain	0.9
Asha-savah	slug:zoroastrian:asha-savah	Asha-savah, faithful man in the Fravardin Yasht	boy	ashasavanghô	Asha-savah	Avestan	Zoroastrian		Avesta	Yashts	Yasht 13.116	https://www.avesta.org/ka/yt13sbe.htm		human	personal	attested		avesta.org (J. H. Peterson's digital edition): Avestan text after Geldner 1896 and Darmesteter's translation (SBE 23, 1883); both public domain	0.9
Asho-urvatha	slug:zoroastrian:asho-urvatha	Asho-urvatha, faithful man in the Fravardin Yasht	boy	ashâurvaêthahe	Asho-urvatha	Avestan	Zoroastrian		Avesta	Yashts	Yasht 13.116	https://www.avesta.org/ka/yt13sbe.htm		human	personal	attested		avesta.org (J. H. Peterson's digital edition): Avestan text after Geldner 1896 and Darmesteter's translation (SBE 23, 1883); both public domain	0.9
Haomo-hvarenah	slug:zoroastrian:haomo-hvarenah	Haomo-hvarenah, faithful man in the Fravardin Yasht	boy	haomô-hvarenanghô	Haomo-hvarenah	Avestan	Zoroastrian		Avesta	Yashts	Yasht 13.116	https://www.avesta.org/ka/yt13sbe.htm		human	personal	attested		avesta.org (J. H. Peterson's digital edition): Avestan text after Geldner 1896 and Darmesteter's translation (SBE 23, 1883); both public domain	0.9
Frava	slug:zoroastrian:frava	Frava, faithful man in the Fravardin Yasht	boy	fravahe	Frava	Avestan	Zoroastrian		Avesta	Yashts	Yasht 13.117	https://www.avesta.org/ka/yt13sbe.htm		human	personal	attested		avesta.org (J. H. Peterson's digital edition): Avestan text after Geldner 1896 and Darmesteter's translation (SBE 23, 1883); both public domain	0.9
Usnaka	slug:zoroastrian:usnaka	Usnaka, faithful man in the Fravardin Yasht	boy	usnâkahe	Usnaka	Avestan	Zoroastrian		Avesta	Yashts	Yasht 13.117	https://www.avesta.org/ka/yt13sbe.htm		human	personal	attested		avesta.org (J. H. Peterson's digital edition): Avestan text after Geldner 1896 and Darmesteter's translation (SBE 23, 1883); both public domain	0.9
Hvanvant	slug:zoroastrian:hvanvant	Hvanvant, faithful man in the Fravardin Yasht	boy	hvanvatô	Hvanvant	Avestan	Zoroastrian		Avesta	Yashts	Yasht 13.117	https://www.avesta.org/ka/yt13sbe.htm		human	personal	attested		avesta.org (J. H. Peterson's digital edition): Avestan text after Geldner 1896 and Darmesteter's translation (SBE 23, 1883); both public domain	0.9
Daeno-vazah	slug:zoroastrian:daeno-vazah	Daeno-vazah, faithful man in the Fravardin Yasht	boy	daênâvazanghô	Daeno-vazah	Avestan	Zoroastrian		Avesta	Yashts	Yasht 13.117	https://www.avesta.org/ka/yt13sbe.htm		human	personal	attested		avesta.org (J. H. Peterson's digital edition): Avestan text after Geldner 1896 and Darmesteter's translation (SBE 23, 1883); both public domain	0.9
Arejaona	slug:zoroastrian:arejaona	Arejaona, faithful man in the Fravardin Yasht	boy	arejaonahe	Arejaona	Avestan	Zoroastrian		Avesta	Yashts	Yasht 13.117	https://www.avesta.org/ka/yt13sbe.htm		human	personal	attested		avesta.org (J. H. Peterson's digital edition): Avestan text after Geldner 1896 and Darmesteter's translation (SBE 23, 1883); both public domain	0.9
Aiwi-hvarenah	slug:zoroastrian:aiwi-hvarenah	Aiwi-hvarenah, faithful man in the Fravardin Yasht	boy	aiwihvarenanghô	Aiwi-hvarenah	Avestan	Zoroastrian		Avesta	Yashts	Yasht 13.117	https://www.avesta.org/ka/yt13sbe.htm		human	personal	attested		avesta.org (J. H. Peterson's digital edition): Avestan text after Geldner 1896 and Darmesteter's translation (SBE 23, 1883); both public domain	0.9
Huyazata	slug:zoroastrian:huyazata	Huyazata, faithful man in the Fravardin Yasht	boy	huyazatahe	Huyazata	Avestan	Zoroastrian		Avesta	Yashts	Yasht 13.117	https://www.avesta.org/ka/yt13sbe.htm		human	personal	attested		avesta.org (J. H. Peterson's digital edition): Avestan text after Geldner 1896 and Darmesteter's translation (SBE 23, 1883); both public domain	0.9
Hare-dhaspa	slug:zoroastrian:hare-dhaspa	Hare-dhaspa, faithful man in the Fravardin Yasht	boy	haredhâspahe	Hare-dhaspa	Avestan	Zoroastrian		Avesta	Yashts	Yasht 13.117	https://www.avesta.org/ka/yt13sbe.htm		human	personal	attested		avesta.org (J. H. Peterson's digital edition): Avestan text after Geldner 1896 and Darmesteter's translation (SBE 23, 1883); both public domain	0.9
Pazinah	slug:zoroastrian:pazinah	Pazinah, faithful man in the Fravardin Yasht	boy	pâzinanghô	Pazinah	Avestan	Zoroastrian		Avesta	Yashts	Yasht 13.117	https://www.avesta.org/ka/yt13sbe.htm		human	personal	attested		avesta.org (J. H. Peterson's digital edition): Avestan text after Geldner 1896 and Darmesteter's translation (SBE 23, 1883); both public domain	0.9
Hvakhshathra	slug:zoroastrian:hvakhshathra	Hvakhshathra, faithful man in the Fravardin Yasht	boy	hvâxshathrahe	Hvakhshathra	Avestan	Zoroastrian		Avesta	Yashts	Yasht 13.117	https://www.avesta.org/ka/yt13sbe.htm		human	personal	attested		avesta.org (J. H. Peterson's digital edition): Avestan text after Geldner 1896 and Darmesteter's translation (SBE 23, 1883); both public domain	0.9
Asho-paoirya	slug:zoroastrian:asho-paoirya	Asho-paoirya, faithful man in the Fravardin Yasht	boy	ashô-paoiryehe	Asho-paoirya	Avestan	Zoroastrian		Avesta	Yashts	Yasht 13.117	https://www.avesta.org/ka/yt13sbe.htm		human	personal	attested		avesta.org (J. H. Peterson's digital edition): Avestan text after Geldner 1896 and Darmesteter's translation (SBE 23, 1883); both public domain	0.9
Hugau	slug:zoroastrian:hugau	Hugau, faithful man in the Fravardin Yasht	boy	hugêush	Hugau	Avestan	Zoroastrian		Avesta	Yashts	Yasht 13.118	https://www.avesta.org/ka/yt13sbe.htm		human	personal	attested		avesta.org (J. H. Peterson's digital edition): Avestan text after Geldner 1896 and Darmesteter's translation (SBE 23, 1883); both public domain	0.9
Anghuyu	slug:zoroastrian:anghuyu	Anghuyu, faithful man in the Fravardin Yasht	boy	anghuyaosh	Anghuyu	Avestan	Zoroastrian		Avesta	Yashts	Yasht 13.118	https://www.avesta.org/ka/yt13sbe.htm		human	personal	attested		avesta.org (J. H. Peterson's digital edition): Avestan text after Geldner 1896 and Darmesteter's translation (SBE 23, 1883); both public domain	0.9
Gauri	slug:zoroastrian:gauri	Gauri, faithful man in the Fravardin Yasht	boy	gaorôish	Gauri	Avestan	Zoroastrian		Avesta	Yashts	Yasht 13.118	https://www.avesta.org/ka/yt13sbe.htm		human	personal	attested		avesta.org (J. H. Peterson's digital edition): Avestan text after Geldner 1896 and Darmesteter's translation (SBE 23, 1883); both public domain	0.9
Yushta	slug:zoroastrian:yushta	Yushta, faithful man, son of Gauri in the Fravardin Yasht	boy	âyûtahe	Yushta	Avestan	Zoroastrian		Avesta	Yashts	Yasht 13.118	https://www.avesta.org/ka/yt13sbe.htm		human	personal	attested		avesta.org (J. H. Peterson's digital edition): Avestan text after Geldner 1896 and Darmesteter's translation (SBE 23, 1883); both public domain	0.9
Mazdra-vanghu	slug:zoroastrian:mazdra-vanghu	Mazdra-vanghu, faithful man in the Fravardin Yasht	boy	mãzdrâvanghêush	Mazdra-vanghu	Avestan	Zoroastrian		Avesta	Yashts	Yasht 13.118	https://www.avesta.org/ka/yt13sbe.htm		human	personal	attested		avesta.org (J. H. Peterson's digital edition): Avestan text after Geldner 1896 and Darmesteter's translation (SBE 23, 1883); both public domain	0.9
Srira-vanghu	slug:zoroastrian:srira-vanghu	Srira-vanghu, faithful man in the Fravardin Yasht	boy	srîrâvanghêush	Srira-vanghu	Avestan	Zoroastrian		Avesta	Yashts	Yasht 13.118	https://www.avesta.org/ka/yt13sbe.htm		human	personal	attested		avesta.org (J. H. Peterson's digital edition): Avestan text after Geldner 1896 and Darmesteter's translation (SBE 23, 1883); both public domain	0.9
Ayuta	slug:zoroastrian:ayuta	Ayuta, faithful man in the Fravardin Yasht	boy	âyûtahe	Ayuta	Avestan	Zoroastrian		Avesta	Yashts	Yasht 13.118	https://www.avesta.org/ka/yt13sbe.htm		human	personal	attested		avesta.org (J. H. Peterson's digital edition): Avestan text after Geldner 1896 and Darmesteter's translation (SBE 23, 1883); both public domain	0.9
Suro-yazata	slug:zoroastrian:suro-yazata	Suro-yazata, faithful man in the Fravardin Yasht	boy	sûrô-ýazatahe	Suro-yazata	Avestan	Zoroastrian		Avesta	Yashts	Yasht 13.118	https://www.avesta.org/ka/yt13sbe.htm		human	personal	attested		avesta.org (J. H. Peterson's digital edition): Avestan text after Geldner 1896 and Darmesteter's translation (SBE 23, 1883); both public domain	0.9
Eredhwa	slug:zoroastrian:eredhwa	Eredhwa, faithful man in the Fravardin Yasht	boy	eredhwahe	Eredhwa	Avestan	Zoroastrian		Avesta	Yashts	Yasht 13.119	https://www.avesta.org/ka/yt13sbe.htm		human	personal	attested		avesta.org (J. H. Peterson's digital edition): Avestan text after Geldner 1896 and Darmesteter's translation (SBE 23, 1883); both public domain	0.9
Ukhshan	slug:zoroastrian:ukhshan	Ukhshan, faithful man, son of Vidi-sravah in the Fravardin Yasht	boy	uxshânô	Ukhshan	Avestan	Zoroastrian		Avesta	Yashts	Yasht 13.119	https://www.avesta.org/ka/yt13sbe.htm		human	personal	attested		avesta.org (J. H. Peterson's digital edition): Avestan text after Geldner 1896 and Darmesteter's translation (SBE 23, 1883); both public domain	0.9
Vidi-sravah	slug:zoroastrian:vidi-sravah	Vidi-sravah, faithful man, named as a father in the Fravardin Yasht	boy	vîdhisravanghô	Vidi-sravah	Avestan	Zoroastrian		Avesta	Yashts	Yasht 13.119	https://www.avesta.org/ka/yt13sbe.htm		human	personal	attested		avesta.org (J. H. Peterson's digital edition): Avestan text after Geldner 1896 and Darmesteter's translation (SBE 23, 1883); both public domain	0.9
Vanghu-dhata	slug:zoroastrian:vanghu-dhata	Vanghu-dhata, faithful man, son of Hvadhata in the Fravardin Yasht	boy	vanghudhâtahe	Vanghu-dhata	Avestan	Zoroastrian		Avesta	Yashts	Yasht 13.119	https://www.avesta.org/ka/yt13sbe.htm		human	personal	attested		avesta.org (J. H. Peterson's digital edition): Avestan text after Geldner 1896 and Darmesteter's translation (SBE 23, 1883); both public domain	0.9
Hvadhata	slug:zoroastrian:hvadhata	Hvadhata, faithful man, named as a father in the Fravardin Yasht	boy	hvadhâtahe	Hvadhata	Avestan	Zoroastrian		Avesta	Yashts	Yasht 13.119	https://www.avesta.org/ka/yt13sbe.htm		human	personal	attested		avesta.org (J. H. Peterson's digital edition): Avestan text after Geldner 1896 and Darmesteter's translation (SBE 23, 1883); both public domain	0.9
Uzya	slug:zoroastrian:uzya	Uzya, faithful man, son of Vanghu-dhata in the Fravardin Yasht	boy	uzyehe	Uzya	Avestan	Zoroastrian		Avesta	Yashts	Yasht 13.119	https://www.avesta.org/ka/yt13sbe.htm		human	personal	attested		avesta.org (J. H. Peterson's digital edition): Avestan text after Geldner 1896 and Darmesteter's translation (SBE 23, 1883); both public domain	0.9
Ashem-yenhe-raochau	slug:zoroastrian:ashem-yenhe-raochau	Ashem-yenhe-raochau, faithful man in the Fravardin Yasht	boy	ashem-ýenghe-raocå	Ashem-yenhe-raochau	Avestan	Zoroastrian		Avesta	Yashts	Yasht 13.120	https://www.avesta.org/ka/yt13sbe.htm		human	personal	attested		avesta.org (J. H. Peterson's digital edition): Avestan text after Geldner 1896 and Darmesteter's translation (SBE 23, 1883); both public domain	0.9
Ashem-yenhe-vereza	slug:zoroastrian:ashem-yenhe-vereza	Ashem-yenhe-vereza, faithful man in the Fravardin Yasht	boy	ashem-ýenghe-vareza	Ashem-yenhe-vereza	Avestan	Zoroastrian		Avesta	Yashts	Yasht 13.120	https://www.avesta.org/ka/yt13sbe.htm		human	personal	attested		avesta.org (J. H. Peterson's digital edition): Avestan text after Geldner 1896 and Darmesteter's translation (SBE 23, 1883); both public domain	0.9
Ashem-yahmai-ushta	slug:zoroastrian:ashem-yahmai-ushta	Ashem-yahmai-ushta, faithful man in the Fravardin Yasht	boy	ýahmâi-ushta	Ashem-yahmai-ushta	Avestan	Zoroastrian		Avesta	Yashts	Yasht 13.120	https://www.avesta.org/ka/yt13sbe.htm		human	personal	attested		avesta.org (J. H. Peterson's digital edition): Avestan text after Geldner 1896 and Darmesteter's translation (SBE 23, 1883); both public domain	0.9
Yoishta	slug:zoroastrian:yoishta	Yoishta, faithful man in the Fravardin Yasht	boy	ýôishtahe	Yoishta	Avestan	Zoroastrian		Avesta	Yashts	Yasht 13.120	https://www.avesta.org/ka/yt13sbe.htm		human	personal	attested		avesta.org (J. H. Peterson's digital edition): Avestan text after Geldner 1896 and Darmesteter's translation (SBE 23, 1883); both public domain	0.9
Spiti	slug:zoroastrian:spiti	Spiti, faithful man, son of Uspasnu in the Fravardin Yasht	boy	spitôish	Spiti	Avestan	Zoroastrian		Avesta	Yashts	Yasht 13.121	https://www.avesta.org/ka/yt13sbe.htm		human	personal	attested		avesta.org (J. H. Peterson's digital edition): Avestan text after Geldner 1896 and Darmesteter's translation (SBE 23, 1883); both public domain	0.9
Uspasnu	slug:zoroastrian:uspasnu	Uspasnu, faithful man, named as a father in the Fravardin Yasht	boy	uspãsnaosh	Uspasnu	Avestan	Zoroastrian		Avesta	Yashts	Yasht 13.121	https://www.avesta.org/ka/yt13sbe.htm		human	personal	attested		avesta.org (J. H. Peterson's digital edition): Avestan text after Geldner 1896 and Darmesteter's translation (SBE 23, 1883); both public domain	0.9
Erezraspa	slug:zoroastrian:erezraspa	Erezraspa, faithful man, son of Uspasnu in the Fravardin Yasht	boy	erezrâspahe	Erezraspa	Avestan	Zoroastrian		Avesta	Yashts	Yasht 13.121	https://www.avesta.org/ka/yt13sbe.htm		human	personal	attested		avesta.org (J. H. Peterson's digital edition): Avestan text after Geldner 1896 and Darmesteter's translation (SBE 23, 1883); both public domain	0.9
Usadhan	slug:zoroastrian:usadhan	Usadhan, faithful man, son of Mazdayasna in the Fravardin Yasht	boy	usadhânô	Usadhan	Avestan	Zoroastrian		Avesta	Yashts	Yasht 13.121	https://www.avesta.org/ka/yt13sbe.htm		human	personal	attested		avesta.org (J. H. Peterson's digital edition): Avestan text after Geldner 1896 and Darmesteter's translation (SBE 23, 1883); both public domain	0.9
Mazdayasna	slug:zoroastrian:mazdayasna	Mazdayasna, faithful man, named as a father in the Fravardin Yasht	boy	mazdayasnahe	Mazdayasna	Avestan	Zoroastrian		Avesta	Yashts	Yasht 13.121	https://www.avesta.org/ka/yt13sbe.htm		human	personal	attested		avesta.org (J. H. Peterson's digital edition): Avestan text after Geldner 1896 and Darmesteter's translation (SBE 23, 1883); both public domain	0.9
Fradat-vanghu	slug:zoroastrian:fradat-vanghu	Fradat-vanghu, faithful man, son of Stivant in the Fravardin Yasht	boy	frâdat-vanghêush	Fradat-vanghu	Avestan	Zoroastrian		Avesta	Yashts	Yasht 13.121	https://www.avesta.org/ka/yt13sbe.htm		human	personal	attested		avesta.org (J. H. Peterson's digital edition): Avestan text after Geldner 1896 and Darmesteter's translation (SBE 23, 1883); both public domain	0.9
Stivant	slug:zoroastrian:stivant	Stivant, faithful man, named as a father in the Fravardin Yasht	boy	stivatô	Stivant	Avestan	Zoroastrian		Avesta	Yashts	Yasht 13.121	https://www.avesta.org/ka/yt13sbe.htm		human	personal	attested		avesta.org (J. H. Peterson's digital edition): Avestan text after Geldner 1896 and Darmesteter's translation (SBE 23, 1883); both public domain	0.9
Raochas-chaeshman	slug:zoroastrian:raochas-chaeshman	Raochas-chaeshman, faithful man in the Fravardin Yasht	boy	raocascaêshmanô	Raochas-chaeshman	Avestan	Zoroastrian		Avesta	Yashts	Yasht 13.121	https://www.avesta.org/ka/yt13sbe.htm		human	personal	attested		avesta.org (J. H. Peterson's digital edition): Avestan text after Geldner 1896 and Darmesteter's translation (SBE 23, 1883); both public domain	0.9
Hvare-chaeshman	slug:zoroastrian:hvare-chaeshman	Hvare-chaeshman, faithful man in the Fravardin Yasht	boy	hvarecaêshmanô	Hvare-chaeshman	Avestan	Zoroastrian		Avesta	Yashts	Yasht 13.121	https://www.avesta.org/ka/yt13sbe.htm		human	personal	attested		avesta.org (J. H. Peterson's digital edition): Avestan text after Geldner 1896 and Darmesteter's translation (SBE 23, 1883); both public domain	0.9
Frasrutara	slug:zoroastrian:frasrutara	Frasrutara, faithful man in the Fravardin Yasht	boy	frasrûtârahe	Frasrutara	Avestan	Zoroastrian		Avesta	Yashts	Yasht 13.121	https://www.avesta.org/ka/yt13sbe.htm		human	personal	attested		avesta.org (J. H. Peterson's digital edition): Avestan text after Geldner 1896 and Darmesteter's translation (SBE 23, 1883); both public domain	0.9
Visrutara	slug:zoroastrian:visrutara	Visrutara, faithful man in the Fravardin Yasht	boy	vîsrûtârahe	Visrutara	Avestan	Zoroastrian		Avesta	Yashts	Yasht 13.121	https://www.avesta.org/ka/yt13sbe.htm		human	personal	attested		avesta.org (J. H. Peterson's digital edition): Avestan text after Geldner 1896 and Darmesteter's translation (SBE 23, 1883); both public domain	0.9
Baremna	slug:zoroastrian:baremna	Baremna, faithful man in the Fravardin Yasht	boy	baremnahe	Baremna	Avestan	Zoroastrian		Avesta	Yashts	Yasht 13.121	https://www.avesta.org/ka/yt13sbe.htm		human	personal	attested		avesta.org (J. H. Peterson's digital edition): Avestan text after Geldner 1896 and Darmesteter's translation (SBE 23, 1883); both public domain	0.9
Visruta	slug:zoroastrian:visruta	Visruta, faithful man in the Fravardin Yasht	boy	vîsrûtahe	Visruta	Avestan	Zoroastrian		Avesta	Yashts	Yasht 13.121	https://www.avesta.org/ka/yt13sbe.htm		human	personal	attested		avesta.org (J. H. Peterson's digital edition): Avestan text after Geldner 1896 and Darmesteter's translation (SBE 23, 1883); both public domain	0.9
Hvaspa	slug:zoroastrian:hvaspa	Hvaspa, faithful man in the Fravardin Yasht	boy	hvaspahe	Hvaspa	Avestan	Zoroastrian		Avesta	Yashts	Yasht 13.122	https://www.avesta.org/ka/yt13sbe.htm		human	personal	attested		avesta.org (J. H. Peterson's digital edition): Avestan text after Geldner 1896 and Darmesteter's translation (SBE 23, 1883); both public domain	0.9
Chathwaraspa	slug:zoroastrian:chathwaraspa	Chathwaraspa, faithful man in the Fravardin Yasht	boy	cathwarespahe	Chathwaraspa	Avestan	Zoroastrian		Avesta	Yashts	Yasht 13.122	https://www.avesta.org/ka/yt13sbe.htm		human	personal	attested		avesta.org (J. H. Peterson's digital edition): Avestan text after Geldner 1896 and Darmesteter's translation (SBE 23, 1883); both public domain	0.9
Dawra-maeshi	slug:zoroastrian:dawra-maeshi	Dawra-maeshi, faithful man in the Fravardin Yasht	boy	dawrâmaêshôish	Dawra-maeshi	Avestan	Zoroastrian		Avesta	Yashts	Yasht 13.122	https://www.avesta.org/ka/yt13sbe.htm		human	personal	attested		avesta.org (J. H. Peterson's digital edition): Avestan text after Geldner 1896 and Darmesteter's translation (SBE 23, 1883); both public domain	0.9
Fraora-ostra	slug:zoroastrian:fraora-ostra	Fraora-ostra, faithful man in the Fravardin Yasht	boy	fraoraosahe	Fraora-ostra	Avestan	Zoroastrian		Avesta	Yashts	Yasht 13.122	https://www.avesta.org/ka/yt13sbe.htm		human	personal	attested		avesta.org (J. H. Peterson's digital edition): Avestan text after Geldner 1896 and Darmesteter's translation (SBE 23, 1883); both public domain	0.9
Frinaspa	slug:zoroastrian:frinaspa	Frinaspa, faithful man, son of Kaeva in the Fravardin Yasht	boy	frînâspahe	Frinaspa	Avestan	Zoroastrian		Avesta	Yashts	Yasht 13.122	https://www.avesta.org/ka/yt13sbe.htm		human	personal	attested		avesta.org (J. H. Peterson's digital edition): Avestan text after Geldner 1896 and Darmesteter's translation (SBE 23, 1883); both public domain	0.9
Kaeva	slug:zoroastrian:kaeva	Kaeva, faithful man, named as a father in the Fravardin Yasht	boy	kaêvahe	Kaeva	Avestan	Zoroastrian		Avesta	Yashts	Yasht 13.122	https://www.avesta.org/ka/yt13sbe.htm		human	personal	attested		avesta.org (J. H. Peterson's digital edition): Avestan text after Geldner 1896 and Darmesteter's translation (SBE 23, 1883); both public domain	0.9
Fradat-nara	slug:zoroastrian:fradat-nara	Fradat-nara, faithful man, son of Gravaratu in the Fravardin Yasht	boy	frâdat-narahe	Fradat-nara	Avestan	Zoroastrian		Avesta	Yashts	Yasht 13.122	https://www.avesta.org/ka/yt13sbe.htm		human	personal	attested		avesta.org (J. H. Peterson's digital edition): Avestan text after Geldner 1896 and Darmesteter's translation (SBE 23, 1883); both public domain	0.9
Gravaratu	slug:zoroastrian:gravaratu	Gravaratu, faithful man, named as a father in the Fravardin Yasht	boy	gravâratêush	Gravaratu	Avestan	Zoroastrian		Avesta	Yashts	Yasht 13.122	https://www.avesta.org/ka/yt13sbe.htm		human	personal	attested		avesta.org (J. H. Peterson's digital edition): Avestan text after Geldner 1896 and Darmesteter's translation (SBE 23, 1883); both public domain	0.9
Vohu-ushtra	slug:zoroastrian:vohu-ushtra	Vohu-ushtra, faithful man, son of Akhnangha in the Fravardin Yasht	boy	vohushtrahe	Vohu-ushtra	Avestan	Zoroastrian		Avesta	Yashts	Yasht 13.122	https://www.avesta.org/ka/yt13sbe.htm		human	personal	attested		avesta.org (J. H. Peterson's digital edition): Avestan text after Geldner 1896 and Darmesteter's translation (SBE 23, 1883); both public domain	0.9
Akhnangha	slug:zoroastrian:akhnangha	Akhnangha, faithful man, named as a father in the Fravardin Yasht	boy	ãxnanghahe	Akhnangha	Avestan	Zoroastrian		Avesta	Yashts	Yasht 13.122	https://www.avesta.org/ka/yt13sbe.htm		human	personal	attested		avesta.org (J. H. Peterson's digital edition): Avestan text after Geldner 1896 and Darmesteter's translation (SBE 23, 1883); both public domain	0.9
Vivare-shvant	slug:zoroastrian:vivare-shvant	Vivare-shvant, faithful man, son of Ainyu in the Fravardin Yasht	boy	vîvâreshvahe	Vivare-shvant	Avestan	Zoroastrian		Avesta	Yashts	Yasht 13.122	https://www.avesta.org/ka/yt13sbe.htm		human	personal	attested		avesta.org (J. H. Peterson's digital edition): Avestan text after Geldner 1896 and Darmesteter's translation (SBE 23, 1883); both public domain	0.9
Ainyu	slug:zoroastrian:ainyu	Ainyu, faithful man, named as a father in the Fravardin Yasht	boy	ainyâvahe	Ainyu	Avestan	Zoroastrian		Avesta	Yashts	Yasht 13.122	https://www.avesta.org/ka/yt13sbe.htm		human	personal	attested		avesta.org (J. H. Peterson's digital edition): Avestan text after Geldner 1896 and Darmesteter's translation (SBE 23, 1883); both public domain	0.9
Frarazi	slug:zoroastrian:frarazi	Frarazi, faithful man, son of Tura in the Fravardin Yasht	boy	frârâzôish	Frarazi	Avestan	Zoroastrian		Avesta	Yashts	Yasht 13.123	https://www.avesta.org/ka/yt13sbe.htm		human	personal	attested		avesta.org (J. H. Peterson's digital edition): Avestan text after Geldner 1896 and Darmesteter's translation (SBE 23, 1883); both public domain	0.9
Tura	slug:zoroastrian:tura	Tura, faithful man, named as a father in the Fravardin Yasht	boy	tûrahe	Tura	Avestan	Zoroastrian		Avesta	Yashts	Yasht 13.123	https://www.avesta.org/ka/yt13sbe.htm		human	personal	attested		avesta.org (J. H. Peterson's digital edition): Avestan text after Geldner 1896 and Darmesteter's translation (SBE 23, 1883); both public domain	0.9
Stipi	slug:zoroastrian:stipi	Stipi, faithful man, son of Ravant in the Fravardin Yasht	boy	stipôish	Stipi	Avestan	Zoroastrian		Avesta	Yashts	Yasht 13.123	https://www.avesta.org/ka/yt13sbe.htm		human	personal	attested		avesta.org (J. H. Peterson's digital edition): Avestan text after Geldner 1896 and Darmesteter's translation (SBE 23, 1883); both public domain	0.9
Ravant	slug:zoroastrian:ravant	Ravant, faithful man, named as a father in the Fravardin Yasht	boy	ravatô	Ravant	Avestan	Zoroastrian		Avesta	Yashts	Yasht 13.123	https://www.avesta.org/ka/yt13sbe.htm		human	personal	attested		avesta.org (J. H. Peterson's digital edition): Avestan text after Geldner 1896 and Darmesteter's translation (SBE 23, 1883); both public domain	0.9
Parshanta	slug:zoroastrian:parshanta	Parshanta, faithful man, son of Gandarewa in the Fravardin Yasht	boy	parshiñtahe	Parshanta	Avestan	Zoroastrian		Avesta	Yashts	Yasht 13.123	https://www.avesta.org/ka/yt13sbe.htm		human	personal	attested		avesta.org (J. H. Peterson's digital edition): Avestan text after Geldner 1896 and Darmesteter's translation (SBE 23, 1883); both public domain	0.9
Gandarewa	slug:zoroastrian:gandarewa	Gandarewa, faithful man, named as a father in the Fravardin Yasht	boy	gañdrewahe	Gandarewa	Avestan	Zoroastrian		Avesta	Yashts	Yasht 13.123	https://www.avesta.org/ka/yt13sbe.htm		human	personal	attested		avesta.org (J. H. Peterson's digital edition): Avestan text after Geldner 1896 and Darmesteter's translation (SBE 23, 1883); both public domain	0.9
Avahya	slug:zoroastrian:avahya	Avahya, faithful man, son of Spenta in the Fravardin Yasht	boy	avayehe	Avahya	Avestan	Zoroastrian		Avesta	Yashts	Yasht 13.123	https://www.avesta.org/ka/yt13sbe.htm		human	personal	attested		avesta.org (J. H. Peterson's digital edition): Avestan text after Geldner 1896 and Darmesteter's translation (SBE 23, 1883); both public domain	0.9
Spenta	slug:zoroastrian:spenta	Spenta, faithful man, named as a father in the Fravardin Yasht	boy	speñghahe	Spenta	Avestan	Zoroastrian		Avesta	Yashts	Yasht 13.123	https://www.avesta.org/ka/yt13sbe.htm		human	personal	attested		avesta.org (J. H. Peterson's digital edition): Avestan text after Geldner 1896 and Darmesteter's translation (SBE 23, 1883); both public domain	0.9
Aeta	slug:zoroastrian:aeta	Aeta, faithful man in the Fravardin Yasht	boy	aêtavahe	Aeta	Avestan	Zoroastrian		Avesta	Yashts	Yasht 13.123	https://www.avesta.org/ka/yt13sbe.htm		human	personal	attested		avesta.org (J. H. Peterson's digital edition): Avestan text after Geldner 1896 and Darmesteter's translation (SBE 23, 1883); both public domain	0.9
Yaetush-gau	slug:zoroastrian:yaetush-gau	Yaetush-gau, faithful man, son of Vyatana in the Fravardin Yasht	boy	ýaêtush-gêush	Yaetush-gau	Avestan	Zoroastrian		Avesta	Yashts	Yasht 13.123	https://www.avesta.org/ka/yt13sbe.htm		human	personal	attested		avesta.org (J. H. Peterson's digital edition): Avestan text after Geldner 1896 and Darmesteter's translation (SBE 23, 1883); both public domain	0.9
Vyatana	slug:zoroastrian:vyatana	Vyatana, faithful man, named as a father in the Fravardin Yasht	boy	vyâtanahe	Vyatana	Avestan	Zoroastrian		Avesta	Yashts	Yasht 13.123	https://www.avesta.org/ka/yt13sbe.htm		human	personal	attested		avesta.org (J. H. Peterson's digital edition): Avestan text after Geldner 1896 and Darmesteter's translation (SBE 23, 1883); both public domain	0.9
Garshta	slug:zoroastrian:garshta	Garshta, faithful man, son of Kavi in the Fravardin Yasht	boy	garshtahe	Garshta	Avestan	Zoroastrian		Avesta	Yashts	Yasht 13.123	https://www.avesta.org/ka/yt13sbe.htm		human	personal	attested		avesta.org (J. H. Peterson's digital edition): Avestan text after Geldner 1896 and Darmesteter's translation (SBE 23, 1883); both public domain	0.9
Pouru-bangha	slug:zoroastrian:pouru-bangha	Pouru-bangha, faithful man, son of Zaosha in the Fravardin Yasht	boy	pouru-bañghahe	Pouru-bangha	Avestan	Zoroastrian		Avesta	Yashts	Yasht 13.124	https://www.avesta.org/ka/yt13sbe.htm		human	personal	attested		avesta.org (J. H. Peterson's digital edition): Avestan text after Geldner 1896 and Darmesteter's translation (SBE 23, 1883); both public domain	0.9
Zaosha	slug:zoroastrian:zaosha	Zaosha, faithful man, named as a father in the Fravardin Yasht	boy	zaoshahe	Zaosha	Avestan	Zoroastrian		Avesta	Yashts	Yasht 13.124	https://www.avesta.org/ka/yt13sbe.htm		human	personal	attested		avesta.org (J. H. Peterson's digital edition): Avestan text after Geldner 1896 and Darmesteter's translation (SBE 23, 1883); both public domain	0.9
Vohu-data	slug:zoroastrian:vohu-data	Vohu-data, faithful man, son of Kata in the Fravardin Yasht	boy	vohu-dâtahe	Vohu-data	Avestan	Zoroastrian		Avesta	Yashts	Yasht 13.124	https://www.avesta.org/ka/yt13sbe.htm		human	personal	attested		avesta.org (J. H. Peterson's digital edition): Avestan text after Geldner 1896 and Darmesteter's translation (SBE 23, 1883); both public domain	0.9
Kata	slug:zoroastrian:kata	Kata, faithful man, named as a father in the Fravardin Yasht	boy	kâtahe	Kata	Avestan	Zoroastrian		Avesta	Yashts	Yasht 13.124	https://www.avesta.org/ka/yt13sbe.htm		human	personal	attested		avesta.org (J. H. Peterson's digital edition): Avestan text after Geldner 1896 and Darmesteter's translation (SBE 23, 1883); both public domain	0.9
Baungha	slug:zoroastrian:baungha	Baungha, faithful man, son of Saungha in the Fravardin Yasht	boy	bånghahe	Baungha	Avestan	Zoroastrian		Avesta	Yashts	Yasht 13.124	https://www.avesta.org/ka/yt13sbe.htm		human	personal	attested		avesta.org (J. H. Peterson's digital edition): Avestan text after Geldner 1896 and Darmesteter's translation (SBE 23, 1883); both public domain	0.9
Saungha	slug:zoroastrian:saungha	Saungha, faithful man, named as a father in the Fravardin Yasht	boy	sånghanghahe	Saungha	Avestan	Zoroastrian		Avesta	Yashts	Yasht 13.124	https://www.avesta.org/ka/yt13sbe.htm		human	personal	attested		avesta.org (J. H. Peterson's digital edition): Avestan text after Geldner 1896 and Darmesteter's translation (SBE 23, 1883); both public domain	0.9
Hvareza	slug:zoroastrian:hvareza	Hvareza, faithful man in the Fravardin Yasht	boy	hvarezå	Hvareza	Avestan	Zoroastrian		Avesta	Yashts	Yasht 13.124	https://www.avesta.org/ka/yt13sbe.htm		human	personal	attested		avesta.org (J. H. Peterson's digital edition): Avestan text after Geldner 1896 and Darmesteter's translation (SBE 23, 1883); both public domain	0.9
Ankasa	slug:zoroastrian:ankasa	Ankasa, faithful man in the Fravardin Yasht	boy	añkasayå	Ankasa	Avestan	Zoroastrian		Avesta	Yashts	Yasht 13.124	https://www.avesta.org/ka/yt13sbe.htm		human	personal	attested		avesta.org (J. H. Peterson's digital edition): Avestan text after Geldner 1896 and Darmesteter's translation (SBE 23, 1883); both public domain	0.9
Aravaoshtra	slug:zoroastrian:aravaoshtra	Aravaoshtra, faithful man, son of Erezvat-danghu in the Fravardin Yasht	boy	aravaoshtrahe	Aravaoshtra	Avestan	Zoroastrian		Avesta	Yashts	Yasht 13.124	https://www.avesta.org/ka/yt13sbe.htm		human	personal	attested		avesta.org (J. H. Peterson's digital edition): Avestan text after Geldner 1896 and Darmesteter's translation (SBE 23, 1883); both public domain	0.9
Erezvat-danghu	slug:zoroastrian:erezvat-danghu	Erezvat-danghu, faithful man, named as a father in the Fravardin Yasht	boy	erezavatô	Erezvat-danghu	Avestan	Zoroastrian		Avesta	Yashts	Yasht 13.124	https://www.avesta.org/ka/yt13sbe.htm		human	personal	attested		avesta.org (J. H. Peterson's digital edition): Avestan text after Geldner 1896 and Darmesteter's translation (SBE 23, 1883); both public domain	0.9
Frachithra	slug:zoroastrian:frachithra	Frachithra, faithful man, son of Berezvant in the Fravardin Yasht	boy	frâcithrahe	Frachithra	Avestan	Zoroastrian		Avesta	Yashts	Yasht 13.124	https://www.avesta.org/ka/yt13sbe.htm		human	personal	attested		avesta.org (J. H. Peterson's digital edition): Avestan text after Geldner 1896 and Darmesteter's translation (SBE 23, 1883); both public domain	0.9
Berezvant	slug:zoroastrian:berezvant	Berezvant, faithful man, named as a father in the Fravardin Yasht	boy	berezavatô	Berezvant	Avestan	Zoroastrian		Avesta	Yashts	Yasht 13.124	https://www.avesta.org/ka/yt13sbe.htm		human	personal	attested		avesta.org (J. H. Peterson's digital edition): Avestan text after Geldner 1896 and Darmesteter's translation (SBE 23, 1883); both public domain	0.9
Vohu-peresa	slug:zoroastrian:vohu-peresa	Vohu-peresa, faithful man, son of Ainyu in the Fravardin Yasht	boy	vohu-peresahe	Vohu-peresa	Avestan	Zoroastrian		Avesta	Yashts	Yasht 13.124	https://www.avesta.org/ka/yt13sbe.htm		human	personal	attested		avesta.org (J. H. Peterson's digital edition): Avestan text after Geldner 1896 and Darmesteter's translation (SBE 23, 1883); both public domain	0.9
Paro-dasma	slug:zoroastrian:paro-dasma	Paro-dasma, faithful man, son of Dashtaghni in the Fravardin Yasht	boy	parô-dasmahe	Paro-dasma	Avestan	Zoroastrian		Avesta	Yashts	Yasht 13.125	https://www.avesta.org/ka/yt13sbe.htm		human	personal	attested		avesta.org (J. H. Peterson's digital edition): Avestan text after Geldner 1896 and Darmesteter's translation (SBE 23, 1883); both public domain	0.9
Dashtaghni	slug:zoroastrian:dashtaghni	Dashtaghni, faithful man, named as a father in the Fravardin Yasht	boy	dâshtâkhnôish	Dashtaghni	Avestan	Zoroastrian		Avesta	Yashts	Yasht 13.125	https://www.avesta.org/ka/yt13sbe.htm		human	personal	attested		avesta.org (J. H. Peterson's digital edition): Avestan text after Geldner 1896 and Darmesteter's translation (SBE 23, 1883); both public domain	0.9
Fratira	slug:zoroastrian:fratira	Fratira, faithful man in the Fravardin Yasht	boy	fraturå	Fratira	Avestan	Zoroastrian		Avesta	Yashts	Yasht 13.125	https://www.avesta.org/ka/yt13sbe.htm		human	personal	attested		avesta.org (J. H. Peterson's digital edition): Avestan text after Geldner 1896 and Darmesteter's translation (SBE 23, 1883); both public domain	0.9
Avare-gau	slug:zoroastrian:avare-gau	Avare-gau, faithful man, son of Aoighimatastira in the Fravardin Yasht	boy	avaregêush	Avare-gau	Avestan	Zoroastrian		Avesta	Yashts	Yasht 13.125	https://www.avesta.org/ka/yt13sbe.htm		human	personal	attested		avesta.org (J. H. Peterson's digital edition): Avestan text after Geldner 1896 and Darmesteter's translation (SBE 23, 1883); both public domain	0.9
Aoighimatastira	slug:zoroastrian:aoighimatastira	Aoighimatastira, faithful man, named as a father in the Fravardin Yasht	boy	aoikhmatasturahe	Aoighimatastira	Avestan	Zoroastrian		Avesta	Yashts	Yasht 13.125	https://www.avesta.org/ka/yt13sbe.htm		human	personal	attested		avesta.org (J. H. Peterson's digital edition): Avestan text after Geldner 1896 and Darmesteter's translation (SBE 23, 1883); both public domain	0.9
Gaomant	slug:zoroastrian:gaomant	Gaomant, faithful man, son of Zavan in the Fravardin Yasht	boy	gaomatô	Gaomant	Avestan	Zoroastrian		Avesta	Yashts	Yasht 13.125	https://www.avesta.org/ka/yt13sbe.htm		human	personal	attested		avesta.org (J. H. Peterson's digital edition): Avestan text after Geldner 1896 and Darmesteter's translation (SBE 23, 1883); both public domain	0.9
Zavan	slug:zoroastrian:zavan	Zavan, faithful man, named as a father in the Fravardin Yasht	boy	zavanô	Zavan	Avestan	Zoroastrian		Avesta	Yashts	Yasht 13.125	https://www.avesta.org/ka/yt13sbe.htm		human	personal	attested		avesta.org (J. H. Peterson's digital edition): Avestan text after Geldner 1896 and Darmesteter's translation (SBE 23, 1883); both public domain	0.9
Thrit	slug:zoroastrian:thrit	Thrit, faithful man, son of Aevo-saredha-fyaeshta in the Fravardin Yasht	boy	thritô	Thrit	Avestan	Zoroastrian		Avesta	Yashts	Yasht 13.125	https://www.avesta.org/ka/yt13sbe.htm		human	personal	attested		avesta.org (J. H. Peterson's digital edition): Avestan text after Geldner 1896 and Darmesteter's translation (SBE 23, 1883); both public domain	0.9
Aevo-saredha-fyaeshta	slug:zoroastrian:aevo-saredha-fyaeshta	Aevo-saredha-fyaeshta, faithful man, named as a father in the Fravardin Yasht	boy	aêvô-saredhô	Aevo-saredha-fyaeshta	Avestan	Zoroastrian		Avesta	Yashts	Yasht 13.125	https://www.avesta.org/ka/yt13sbe.htm		human	personal	attested		avesta.org (J. H. Peterson's digital edition): Avestan text after Geldner 1896 and Darmesteter's translation (SBE 23, 1883); both public domain	0.9
Tiro-nakathwa	slug:zoroastrian:tiro-nakathwa	Tiro-nakathwa, faithful man in the Fravardin Yasht	boy	tîrô-nakathwahe	Tiro-nakathwa	Avestan	Zoroastrian		Avesta	Yashts	Yasht 13.126	https://www.avesta.org/ka/yt13sbe.htm		human	personal	attested		avesta.org (J. H. Peterson's digital edition): Avestan text after Geldner 1896 and Darmesteter's translation (SBE 23, 1883); both public domain	0.9
Utayuti	slug:zoroastrian:utayuti	Utayuti, faithful man, son of Zighri in the Fravardin Yasht	boy	utayutôish	Utayuti	Avestan	Zoroastrian		Avesta	Yashts	Yasht 13.126	https://www.avesta.org/ka/yt13sbe.htm		human	personal	attested		avesta.org (J. H. Peterson's digital edition): Avestan text after Geldner 1896 and Darmesteter's translation (SBE 23, 1883); both public domain	0.9
Vit-kavi	slug:zoroastrian:vit-kavi	Vit-kavi, faithful man, son of Zighri in the Fravardin Yasht	boy	vitkavôish	Vit-kavi	Avestan	Zoroastrian		Avesta	Yashts	Yasht 13.126	https://www.avesta.org/ka/yt13sbe.htm		human	personal	attested		avesta.org (J. H. Peterson's digital edition): Avestan text after Geldner 1896 and Darmesteter's translation (SBE 23, 1883); both public domain	0.9
Zighri	slug:zoroastrian:zighri	Zighri, faithful man, named as a father in the Fravardin Yasht	boy	zikhrôish	Zighri	Avestan	Zoroastrian		Avesta	Yashts	Yasht 13.126	https://www.avesta.org/ka/yt13sbe.htm		human	personal	attested		avesta.org (J. H. Peterson's digital edition): Avestan text after Geldner 1896 and Darmesteter's translation (SBE 23, 1883); both public domain	0.9
Frohakafra	slug:zoroastrian:frohakafra	Frohakafra, faithful man, son of Merezishmya in the Fravardin Yasht	boy	frô-hakafrahe	Frohakafra	Avestan	Zoroastrian		Avesta	Yashts	Yasht 13.126	https://www.avesta.org/ka/yt13sbe.htm		human	personal	attested		avesta.org (J. H. Peterson's digital edition): Avestan text after Geldner 1896 and Darmesteter's translation (SBE 23, 1883); both public domain	0.9
Merezishmya	slug:zoroastrian:merezishmya	Merezishmya, faithful man, named as a father in the Fravardin Yasht	boy	marezishmyehe	Merezishmya	Avestan	Zoroastrian		Avesta	Yashts	Yasht 13.126	https://www.avesta.org/ka/yt13sbe.htm		human	personal	attested		avesta.org (J. H. Peterson's digital edition): Avestan text after Geldner 1896 and Darmesteter's translation (SBE 23, 1883); both public domain	0.9
Perethu-afzem	slug:zoroastrian:perethu-afzem	Perethu-afzem, faithful man, named as a father in the Fravardin Yasht	boy	perethvafsmô	Perethu-afzem	Avestan	Zoroastrian		Avesta	Yashts	Yasht 13.126	https://www.avesta.org/ka/yt13sbe.htm		human	personal	attested		avesta.org (J. H. Peterson's digital edition): Avestan text after Geldner 1896 and Darmesteter's translation (SBE 23, 1883); both public domain	0.9
Asha-nemah	slug:zoroastrian:asha-nemah	Asha-nemah, faithful man in the Fravardin Yasht	boy	asha-nemanghå	Asha-nemah	Avestan	Zoroastrian		Avesta	Yashts	Yasht 13.127	https://www.avesta.org/ka/yt13sbe.htm		human	personal	attested		avesta.org (J. H. Peterson's digital edition): Avestan text after Geldner 1896 and Darmesteter's translation (SBE 23, 1883); both public domain	0.9
Vidat-gau	slug:zoroastrian:vidat-gau	Vidat-gau, faithful man in the Fravardin Yasht	boy	vîdat-gavå	Vidat-gau	Avestan	Zoroastrian		Avesta	Yashts	Yasht 13.127	https://www.avesta.org/ka/yt13sbe.htm		human	personal	attested		avesta.org (J. H. Peterson's digital edition): Avestan text after Geldner 1896 and Darmesteter's translation (SBE 23, 1883); both public domain	0.9
Par-shat-gau	slug:zoroastrian:par-shat-gau	Par-shat-gau, faithful man in the Fravardin Yasht	boy	parshat-gavå	Par-shat-gau	Avestan	Zoroastrian		Avesta	Yashts	Yasht 13.127	https://www.avesta.org/ka/yt13sbe.htm		human	personal	attested		avesta.org (J. H. Peterson's digital edition): Avestan text after Geldner 1896 and Darmesteter's translation (SBE 23, 1883); both public domain	0.9
Dazgara-gau	slug:zoroastrian:dazgara-gau	Dazgara-gau, faithful man in the Fravardin Yasht	boy	dâzgrô-gavå	Dazgara-gau	Avestan	Zoroastrian		Avesta	Yashts	Yasht 13.127	https://www.avesta.org/ka/yt13sbe.htm		human	personal	attested		avesta.org (J. H. Peterson's digital edition): Avestan text after Geldner 1896 and Darmesteter's translation (SBE 23, 1883); both public domain	0.9
Hufra-vakhsh	slug:zoroastrian:hufra-vakhsh	Hufra-vakhsh, faithful man in the Fravardin Yasht	boy	hufravâxsh	Hufra-vakhsh	Avestan	Zoroastrian		Avesta	Yashts	Yasht 13.127	https://www.avesta.org/ka/yt13sbe.htm		human	personal	attested		avesta.org (J. H. Peterson's digital edition): Avestan text after Geldner 1896 and Darmesteter's translation (SBE 23, 1883); both public domain	0.9
Akayadha	slug:zoroastrian:akayadha	Akayadha, faithful man in the Fravardin Yasht	boy	akayadhahe	Akayadha	Avestan	Zoroastrian		Avesta	Yashts	Yasht 13.127	https://www.avesta.org/ka/yt13sbe.htm		human	personal	attested		avesta.org (J. H. Peterson's digital edition): Avestan text after Geldner 1896 and Darmesteter's translation (SBE 23, 1883); both public domain	0.9
Fradat-hvarenah	slug:zoroastrian:fradat-hvarenah	Fradat-hvarenah, faithful man in the Fravardin Yasht	boy	hvarenanghô	Fradat-hvarenah	Avestan	Zoroastrian		Avesta	Yashts	Yasht 13.128	https://www.avesta.org/ka/yt13sbe.htm		human	personal	attested		avesta.org (J. H. Peterson's digital edition): Avestan text after Geldner 1896 and Darmesteter's translation (SBE 23, 1883); both public domain	0.9
Varedat-hvarenah	slug:zoroastrian:varedat-hvarenah	Varedat-hvarenah, faithful man in the Fravardin Yasht	boy	hvarenanghô	Varedat-hvarenah	Avestan	Zoroastrian		Avesta	Yashts	Yasht 13.128	https://www.avesta.org/ka/yt13sbe.htm		human	personal	attested		avesta.org (J. H. Peterson's digital edition): Avestan text after Geldner 1896 and Darmesteter's translation (SBE 23, 1883); both public domain	0.9
Vouru-nemah	slug:zoroastrian:vouru-nemah	Vouru-nemah, faithful man in the Fravardin Yasht	boy	vouru-nemanghô	Vouru-nemah	Avestan	Zoroastrian		Avesta	Yashts	Yasht 13.128	https://www.avesta.org/ka/yt13sbe.htm		human	personal	attested		avesta.org (J. H. Peterson's digital edition): Avestan text after Geldner 1896 and Darmesteter's translation (SBE 23, 1883); both public domain	0.9
Vouru-savah	slug:zoroastrian:vouru-savah	Vouru-savah, faithful man in the Fravardin Yasht	boy	vouru-savanghô	Vouru-savah	Avestan	Zoroastrian		Avesta	Yashts	Yasht 13.128	https://www.avesta.org/ka/yt13sbe.htm		human	personal	attested		avesta.org (J. H. Peterson's digital edition): Avestan text after Geldner 1896 and Darmesteter's translation (SBE 23, 1883); both public domain	0.9
Ukhshyat-ereta	slug:zoroastrian:ukhshyat-ereta	Ukhshyat-ereta, faithful man in the Fravardin Yasht	boy	uxshyat-eretahe	Ukhshyat-ereta	Avestan	Zoroastrian		Avesta	Yashts	Yasht 13.128	https://www.avesta.org/ka/yt13sbe.htm		human	personal	attested		avesta.org (J. H. Peterson's digital edition): Avestan text after Geldner 1896 and Darmesteter's translation (SBE 23, 1883); both public domain	0.9
Ukhshyat-nemah	slug:zoroastrian:ukhshyat-nemah	Ukhshyat-nemah, faithful man in the Fravardin Yasht	boy	uxshyat-nemanghô	Ukhshyat-nemah	Avestan	Zoroastrian		Avesta	Yashts	Yasht 13.128	https://www.avesta.org/ka/yt13sbe.htm		human	personal	attested		avesta.org (J. H. Peterson's digital edition): Avestan text after Geldner 1896 and Darmesteter's translation (SBE 23, 1883); both public domain	0.9
Vivanghant	slug:zoroastrian:vivanghant	Vivanghant, faithful man, named as a father in the Fravardin Yasht	boy	vîvanghanahe	Vivanghant	Avestan	Zoroastrian		Avesta	Yashts	Yasht 13.130	https://www.avesta.org/ka/yt13sbe.htm		human	personal	attested		avesta.org (J. H. Peterson's digital edition): Avestan text after Geldner 1896 and Darmesteter's translation (SBE 23, 1883); both public domain	0.9
Aoshnara	slug:zoroastrian:aoshnara	Aoshnara, faithful man, son of Pouru-jira in the Fravardin Yasht	boy	aoshnarahe	Aoshnara	Avestan	Zoroastrian		Avesta	Yashts	Yasht 13.131	https://www.avesta.org/ka/yt13sbe.htm		human	personal	attested		avesta.org (J. H. Peterson's digital edition): Avestan text after Geldner 1896 and Darmesteter's translation (SBE 23, 1883); both public domain	0.9
Pouru-jira	slug:zoroastrian:pouru-jira	Pouru-jira, faithful man, named as a father in the Fravardin Yasht	boy	pouru-jirahe	Pouru-jira	Avestan	Zoroastrian		Avesta	Yashts	Yasht 13.131	https://www.avesta.org/ka/yt13sbe.htm		human	personal	attested		avesta.org (J. H. Peterson's digital edition): Avestan text after Geldner 1896 and Darmesteter's translation (SBE 23, 1883); both public domain	0.9
Uzava	slug:zoroastrian:uzava	Uzava, faithful man, son of Tumaspa in the Fravardin Yasht	boy	uzavahe	Uzava	Avestan	Zoroastrian		Avesta	Yashts	Yasht 13.131	https://www.avesta.org/ka/yt13sbe.htm		human	personal	attested		avesta.org (J. H. Peterson's digital edition): Avestan text after Geldner 1896 and Darmesteter's translation (SBE 23, 1883); both public domain	0.9
Tumaspa	slug:zoroastrian:tumaspa	Tumaspa, faithful man, named as a father in the Fravardin Yasht	boy	tumâspanahe	Tumaspa	Avestan	Zoroastrian		Avesta	Yashts	Yasht 13.131	https://www.avesta.org/ka/yt13sbe.htm		human	personal	attested		avesta.org (J. H. Peterson's digital edition): Avestan text after Geldner 1896 and Darmesteter's translation (SBE 23, 1883); both public domain	0.9
Aghraeratha	slug:zoroastrian:aghraeratha	Aghraeratha, faithful man in the Fravardin Yasht	boy	akhraêrathahe	Aghraeratha	Avestan	Zoroastrian		Avesta	Yashts	Yasht 13.131	https://www.avesta.org/ka/yt13sbe.htm		human	personal	attested		avesta.org (J. H. Peterson's digital edition): Avestan text after Geldner 1896 and Darmesteter's translation (SBE 23, 1883); both public domain	0.9
Manushchithra	slug:zoroastrian:manushchithra	Manushchithra, faithful man, son of Airyu in the Fravardin Yasht	boy	manush-cithrahe	Manushchithra	Avestan	Zoroastrian		Avesta	Yashts	Yasht 13.131	https://www.avesta.org/ka/yt13sbe.htm		human	personal	attested		avesta.org (J. H. Peterson's digital edition): Avestan text after Geldner 1896 and Darmesteter's translation (SBE 23, 1883); both public domain	0.9
Airyu	slug:zoroastrian:airyu	Airyu, faithful man, named as a father in the Fravardin Yasht	boy	airyâvahe	Airyu	Avestan	Zoroastrian		Avesta	Yashts	Yasht 13.131	https://www.avesta.org/ka/yt13sbe.htm		human	personal	attested		avesta.org (J. H. Peterson's digital edition): Avestan text after Geldner 1896 and Darmesteter's translation (SBE 23, 1883); both public domain	0.9
Kavata	slug:zoroastrian:kavata	Kavata, faithful man in the Fravardin Yasht	boy	kavâtahe	Kavata	Avestan	Zoroastrian		Avesta	Yashts	Yasht 13.132	https://www.avesta.org/ka/yt13sbe.htm		human	personal	attested		avesta.org (J. H. Peterson's digital edition): Avestan text after Geldner 1896 and Darmesteter's translation (SBE 23, 1883); both public domain	0.9
Aipivanghu	slug:zoroastrian:aipivanghu	Aipivanghu, faithful man in the Fravardin Yasht	boy	aipivanghêush	Aipivanghu	Avestan	Zoroastrian		Avesta	Yashts	Yasht 13.132	https://www.avesta.org/ka/yt13sbe.htm		human	personal	attested		avesta.org (J. H. Peterson's digital edition): Avestan text after Geldner 1896 and Darmesteter's translation (SBE 23, 1883); both public domain	0.9
Arshan	slug:zoroastrian:arshan	Arshan, faithful man in the Fravardin Yasht	boy	arshnô	Arshan	Avestan	Zoroastrian		Avesta	Yashts	Yasht 13.132	https://www.avesta.org/ka/yt13sbe.htm		human	personal	attested		avesta.org (J. H. Peterson's digital edition): Avestan text after Geldner 1896 and Darmesteter's translation (SBE 23, 1883); both public domain	0.9
Pisanah	slug:zoroastrian:pisanah	Pisanah, faithful man in the Fravardin Yasht	boy	pisinanghô	Pisanah	Avestan	Zoroastrian		Avesta	Yashts	Yasht 13.132	https://www.avesta.org/ka/yt13sbe.htm		human	personal	attested		avesta.org (J. H. Peterson's digital edition): Avestan text after Geldner 1896 and Darmesteter's translation (SBE 23, 1883); both public domain	0.9
Byarshan	slug:zoroastrian:byarshan	Byarshan, faithful man in the Fravardin Yasht	boy	byarshânô	Byarshan	Avestan	Zoroastrian		Avesta	Yashts	Yasht 13.132	https://www.avesta.org/ka/yt13sbe.htm		human	personal	attested		avesta.org (J. H. Peterson's digital edition): Avestan text after Geldner 1896 and Darmesteter's translation (SBE 23, 1883); both public domain	0.9
Syavarshan	slug:zoroastrian:syavarshan	Syavarshan, faithful man in the Fravardin Yasht	boy	syâvarshânô	Syavarshan	Avestan	Zoroastrian		Avesta	Yashts	Yasht 13.132	https://www.avesta.org/ka/yt13sbe.htm		human	personal	attested		avesta.org (J. H. Peterson's digital edition): Avestan text after Geldner 1896 and Darmesteter's translation (SBE 23, 1883); both public domain	0.9
Husravah	slug:zoroastrian:husravah	Husravah, faithful man in the Fravardin Yasht	boy	haosravanghô	Husravah	Avestan	Zoroastrian		Avesta	Yashts	Yasht 13.132	https://www.avesta.org/ka/yt13sbe.htm		human	personal	attested		avesta.org (J. H. Peterson's digital edition): Avestan text after Geldner 1896 and Darmesteter's translation (SBE 23, 1883); both public domain	0.9
Akhrura	slug:zoroastrian:akhrura	Akhrura, faithful man, son of Husravah in the Fravardin Yasht	boy	âxrûrahe	Akhrura	Avestan	Zoroastrian		Avesta	Yashts	Yasht 13.137	https://www.avesta.org/ka/yt13sbe.htm		human	personal	attested		avesta.org (J. H. Peterson's digital edition): Avestan text after Geldner 1896 and Darmesteter's translation (SBE 23, 1883); both public domain	0.9
Haoshyangha	slug:zoroastrian:haoshyangha	Haoshyangha, faithful man in the Fravardin Yasht	boy	haoshyanghahe	Haoshyangha	Avestan	Zoroastrian		Avesta	Yashts	Yasht 13.137	https://www.avesta.org/ka/yt13sbe.htm		human	personal	attested		avesta.org (J. H. Peterson's digital edition): Avestan text after Geldner 1896 and Darmesteter's translation (SBE 23, 1883); both public domain	0.9
Fradhakhshti	slug:zoroastrian:fradhakhshti	Fradhakhshti, faithful man in the Fravardin Yasht	boy	fradhâxshtôish	Fradhakhshti	Avestan	Zoroastrian		Avesta	Yashts	Yasht 13.138	https://www.avesta.org/ka/yt13sbe.htm		human	personal	attested		avesta.org (J. H. Peterson's digital edition): Avestan text after Geldner 1896 and Darmesteter's translation (SBE 23, 1883); both public domain	0.9
Freni	slug:zoroastrian:freni	Freni, faithful woman in the Fravardin Yasht	girl	frênyå	Freni	Avestan	Zoroastrian		Avesta	Yashts	Yasht 13.139	https://www.avesta.org/ka/yt13sbe.htm		human	personal	attested		avesta.org (J. H. Peterson's digital edition): Avestan text after Geldner 1896 and Darmesteter's translation (SBE 23, 1883); both public domain	0.9
Thriti	slug:zoroastrian:thriti	Thriti, faithful woman in the Fravardin Yasht	girl	thrityå	Thriti	Avestan	Zoroastrian		Avesta	Yashts	Yasht 13.139	https://www.avesta.org/ka/yt13sbe.htm		human	personal	attested		avesta.org (J. H. Peterson's digital edition): Avestan text after Geldner 1896 and Darmesteter's translation (SBE 23, 1883); both public domain	0.9
Huma	slug:zoroastrian:huma	Huma, faithful woman in the Fravardin Yasht	girl	humâyå	Huma	Avestan	Zoroastrian		Avesta	Yashts	Yasht 13.139	https://www.avesta.org/ka/yt13sbe.htm		human	personal	attested		avesta.org (J. H. Peterson's digital edition): Avestan text after Geldner 1896 and Darmesteter's translation (SBE 23, 1883); both public domain	0.9
Zairichi	slug:zoroastrian:zairichi	Zairichi, faithful woman in the Fravardin Yasht	girl	zairicyå	Zairichi	Avestan	Zoroastrian		Avesta	Yashts	Yasht 13.139	https://www.avesta.org/ka/yt13sbe.htm		human	personal	attested		avesta.org (J. H. Peterson's digital edition): Avestan text after Geldner 1896 and Darmesteter's translation (SBE 23, 1883); both public domain	0.9
Vispa-taurvashi	slug:zoroastrian:vispa-taurvashi	Vispa-taurvashi, faithful woman in the Fravardin Yasht	girl	vîspataurushyå	Vispa-taurvashi	Avestan	Zoroastrian		Avesta	Yashts	Yasht 13.139	https://www.avesta.org/ka/yt13sbe.htm		human	personal	attested		avesta.org (J. H. Peterson's digital edition): Avestan text after Geldner 1896 and Darmesteter's translation (SBE 23, 1883); both public domain	0.9
Ushtavaiti	slug:zoroastrian:ushtavaiti	Ushtavaiti, faithful woman in the Fravardin Yasht	girl	ushtavaityå	Ushtavaiti	Avestan	Zoroastrian		Avesta	Yashts	Yasht 13.139	https://www.avesta.org/ka/yt13sbe.htm		human	personal	attested		avesta.org (J. H. Peterson's digital edition): Avestan text after Geldner 1896 and Darmesteter's translation (SBE 23, 1883); both public domain	0.9
Tushnamaiti	slug:zoroastrian:tushnamaiti	Tushnamaiti, faithful woman in the Fravardin Yasht	girl	tushnâmaityå	Tushnamaiti	Avestan	Zoroastrian		Avesta	Yashts	Yasht 13.139	https://www.avesta.org/ka/yt13sbe.htm		human	personal	attested		avesta.org (J. H. Peterson's digital edition): Avestan text after Geldner 1896 and Darmesteter's translation (SBE 23, 1883); both public domain	0.9
Usenemah	slug:zoroastrian:usenemah	Usenemah, faithful man, named as a husband in the Fravardin Yasht	boy	usinemanghô	Usenemah	Avestan	Zoroastrian		Avesta	Yashts	Yasht 13.140	https://www.avesta.org/ka/yt13sbe.htm		human	personal	attested		avesta.org (J. H. Peterson's digital edition): Avestan text after Geldner 1896 and Darmesteter's translation (SBE 23, 1883); both public domain	0.9
Asabani	slug:zoroastrian:asabani	Asabani, faithful woman in the Fravardin Yasht	girl	asabanayå	Asabani	Avestan	Zoroastrian		Avesta	Yashts	Yasht 13.140	https://www.avesta.org/ka/yt13sbe.htm		human	personal	attested		avesta.org (J. H. Peterson's digital edition): Avestan text after Geldner 1896 and Darmesteter's translation (SBE 23, 1883); both public domain	0.9
Ukhshyeinti	slug:zoroastrian:ukhshyeinti	Ukhshyeinti, faithful woman, wife of Staotar-Vahishtahe-Ashyehe in the Fravardin Yasht	girl	uxsheñtyå	Ukhshyeinti	Avestan	Zoroastrian		Avesta	Yashts	Yasht 13.140	https://www.avesta.org/ka/yt13sbe.htm		human	personal	attested		avesta.org (J. H. Peterson's digital edition): Avestan text after Geldner 1896 and Darmesteter's translation (SBE 23, 1883); both public domain	0.9
Vadhut	slug:zoroastrian:vadhut	Vadhut, faithful woman in the Fravardin Yasht	girl	vadhûtô	Vadhut	Avestan	Zoroastrian		Avesta	Yashts	Yasht 13.141	https://www.avesta.org/ka/yt13sbe.htm		human	personal	attested		avesta.org (J. H. Peterson's digital edition): Avestan text after Geldner 1896 and Darmesteter's translation (SBE 23, 1883); both public domain	0.9
Jaghrudh	slug:zoroastrian:jaghrudh	Jaghrudh, faithful woman in the Fravardin Yasht	girl	jakhrûdhô	Jaghrudh	Avestan	Zoroastrian		Avesta	Yashts	Yasht 13.141	https://www.avesta.org/ka/yt13sbe.htm		human	personal	attested		avesta.org (J. H. Peterson's digital edition): Avestan text after Geldner 1896 and Darmesteter's translation (SBE 23, 1883); both public domain	0.9
Franghadh	slug:zoroastrian:franghadh	Franghadh, faithful woman in the Fravardin Yasht	girl	franghâdhô	Franghadh	Avestan	Zoroastrian		Avesta	Yashts	Yasht 13.141	https://www.avesta.org/ka/yt13sbe.htm		human	personal	attested		avesta.org (J. H. Peterson's digital edition): Avestan text after Geldner 1896 and Darmesteter's translation (SBE 23, 1883); both public domain	0.9
Urudhayant	slug:zoroastrian:urudhayant	Urudhayant, faithful woman in the Fravardin Yasht	girl	urûdhayañtô	Urudhayant	Avestan	Zoroastrian		Avesta	Yashts	Yasht 13.141	https://www.avesta.org/ka/yt13sbe.htm		human	personal	attested		avesta.org (J. H. Peterson's digital edition): Avestan text after Geldner 1896 and Darmesteter's translation (SBE 23, 1883); both public domain	0.9
Paesanghanu	slug:zoroastrian:paesanghanu	Paesanghanu, faithful woman in the Fravardin Yasht	girl	paêsanghanva	Paesanghanu	Avestan	Zoroastrian		Avesta	Yashts	Yasht 13.141	https://www.avesta.org/ka/yt13sbe.htm		human	personal	attested		avesta.org (J. H. Peterson's digital edition): Avestan text after Geldner 1896 and Darmesteter's translation (SBE 23, 1883); both public domain	0.9
Hvaredhi	slug:zoroastrian:hvaredhi	Hvaredhi, faithful woman in the Fravardin Yasht	girl	hvaredhyå	Hvaredhi	Avestan	Zoroastrian		Avesta	Yashts	Yasht 13.141	https://www.avesta.org/ka/yt13sbe.htm		human	personal	attested		avesta.org (J. H. Peterson's digital edition): Avestan text after Geldner 1896 and Darmesteter's translation (SBE 23, 1883); both public domain	0.9
Huchithra	slug:zoroastrian:huchithra	Huchithra, faithful woman in the Fravardin Yasht	girl	hucithrayå	Huchithra	Avestan	Zoroastrian		Avesta	Yashts	Yasht 13.141	https://www.avesta.org/ka/yt13sbe.htm		human	personal	attested		avesta.org (J. H. Peterson's digital edition): Avestan text after Geldner 1896 and Darmesteter's translation (SBE 23, 1883); both public domain	0.9
Kanuka	slug:zoroastrian:kanuka	Kanuka, faithful woman in the Fravardin Yasht	girl	kanukayå	Kanuka	Avestan	Zoroastrian		Avesta	Yashts	Yasht 13.141	https://www.avesta.org/ka/yt13sbe.htm		human	personal	attested		avesta.org (J. H. Peterson's digital edition): Avestan text after Geldner 1896 and Darmesteter's translation (SBE 23, 1883); both public domain	0.9
Srutat-fedhri	slug:zoroastrian:srutat-fedhri	Srutat-fedhri, faithful woman in the Fravardin Yasht	girl	srûtat-fedhryô	Srutat-fedhri	Avestan	Zoroastrian		Avesta	Yashts	Yasht 13.141	https://www.avesta.org/ka/yt13sbe.htm		human	personal	attested		avesta.org (J. H. Peterson's digital edition): Avestan text after Geldner 1896 and Darmesteter's translation (SBE 23, 1883); both public domain	0.9
Vanghu-fedhri	slug:zoroastrian:vanghu-fedhri	Vanghu-fedhri, faithful woman in the Fravardin Yasht	girl	vanghu-fedhryå	Vanghu-fedhri	Avestan	Zoroastrian		Avesta	Yashts	Yasht 13.142	https://www.avesta.org/ka/yt13sbe.htm		human	personal	attested		avesta.org (J. H. Peterson's digital edition): Avestan text after Geldner 1896 and Darmesteter's translation (SBE 23, 1883); both public domain	0.9
Eredat-fedhri	slug:zoroastrian:eredat-fedhri	Eredat-fedhri, faithful woman in the Fravardin Yasht	girl	eredat-fedhryå	Eredat-fedhri	Avestan	Zoroastrian		Avesta	Yashts	Yasht 13.142	https://www.avesta.org/ka/yt13sbe.htm		human	personal	attested		avesta.org (J. H. Peterson's digital edition): Avestan text after Geldner 1896 and Darmesteter's translation (SBE 23, 1883); both public domain	0.9
Ohrmazd	Q179575	Ahura Mazda, highest deity and creator deity of Zoroastrianism			Ohrmazd	Middle Persian	Zoroastrian		Denkard	Denkard, Book 7	Denkard 7.1.1	https://www.avesta.org/denkard/dk7.html	104	deity	divine	attested		avesta.org, E. W. West's translation of Denkard Book 7 (SBE 47, 1897; PD), spellings as edited by J. H. Peterson; Wikidata (CC0)	0.85
Ahriman	Q223805	Angra Mainyu, personification of the "destructive spirit" in Zoroastrianism			Ahriman	Middle Persian	Zoroastrian		Denkard	Denkard, Book 7	Denkard 7.11.7	https://www.avesta.org/denkard/dk7.html	1	deity	divine	attested		avesta.org, E. W. West's translation of Denkard Book 7 (SBE 47, 1897; PD), spellings as edited by J. H. Peterson; Wikidata (CC0)	0.85
Zartosht	Q35811	Zoroaster, founder of Zoroastrianism	boy		Zartosht	Middle Persian	Zoroastrian		Denkard	Denkard, Book 7	Denkard 7.1.2	https://www.avesta.org/denkard/dk7.html	253	human	personal	attested		avesta.org, E. W. West's translation of Denkard Book 7 (SBE 47, 1897; PD), spellings as edited by J. H. Peterson; Wikidata (CC0)	0.85
Gayomard	Q1077286	Keyumars, ancient Iranian mythological figure	boy		Gayomard	Middle Persian	Zoroastrian		Denkard	Denkard, Book 7	Denkard 7.1.4	https://www.avesta.org/denkard/dk7.html	7	human	personal	attested		avesta.org, E. W. West's translation of Denkard Book 7 (SBE 47, 1897; PD), spellings as edited by J. H. Peterson; Wikidata (CC0)	0.85
Mashya	Q1527802	Mashya and Mashyana, the first man and woman in Zoroastrian cosmogony			Mashye	Middle Persian	Zoroastrian		Denkard	Denkard, Book 7	Denkard 7.1.9	https://www.avesta.org/denkard/dk7.html	8	human	personal	attested		avesta.org, E. W. West's translation of Denkard Book 7 (SBE 47, 1897; PD), spellings as edited by J. H. Peterson; Wikidata (CC0)	0.85
Mashyana	Q1527802	Mashya and Mashyana, the first man and woman in Zoroastrian cosmogony			Mashyane	Middle Persian	Zoroastrian		Denkard	Denkard, Book 7	Denkard 7.1.9	https://www.avesta.org/denkard/dk7.html	6	human	personal	attested		avesta.org, E. W. West's translation of Denkard Book 7 (SBE 47, 1897; PD), spellings as edited by J. H. Peterson; Wikidata (CC0)	0.85
Siyamak	Q1551577	Siamak, character in Shahnameh	boy		Siyamak	Middle Persian	Zoroastrian		Denkard	Denkard, Book 7	Denkard 7.2.70	https://www.avesta.org/denkard/dk7.html	1	human	personal	attested		avesta.org, E. W. West's translation of Denkard Book 7 (SBE 47, 1897; PD), spellings as edited by J. H. Peterson; Wikidata (CC0)	0.85
Hooshang	Q1638892	Hushang, mythological Iranian king	boy		Hooshang	Middle Persian	Zoroastrian		Denkard	Denkard, Book 7	Denkard 7.1.16	https://www.avesta.org/denkard/dk7.html	3	royal	personal	attested		avesta.org, E. W. West's translation of Denkard Book 7 (SBE 47, 1897; PD), spellings as edited by J. H. Peterson; Wikidata (CC0)	0.85
Jamshed	Q155755	Jamshid, mythological Iranian king	boy		Yim	Middle Persian	Zoroastrian		Denkard	Denkard, Book 7	Denkard 7.1.20	https://www.avesta.org/denkard/dk7.html	13	royal	personal	attested		avesta.org, E. W. West's translation of Denkard Book 7 (SBE 47, 1897; PD), spellings as edited by J. H. Peterson; Wikidata (CC0)	0.85
Dahak	Q1200843	Zahhak, evil figure in Iranian mythology	boy		Zohak	Middle Persian	Zoroastrian		Denkard	Denkard, Book 7	Denkard 7.1.26	https://www.avesta.org/denkard/dk7.html	6	royal	personal	attested		avesta.org, E. W. West's translation of Denkard Book 7 (SBE 47, 1897; PD), spellings as edited by J. H. Peterson; Wikidata (CC0)	0.85
Faridoon	Q1150281	Fereydun, Iranian mythical king and hero from the Pishdadian dynasty	boy		Faridoon	Middle Persian	Zoroastrian		Denkard	Denkard, Book 7	Denkard 7.1.25	https://www.avesta.org/denkard/dk7.html	10	royal	personal	attested		avesta.org, E. W. West's translation of Denkard Book 7 (SBE 47, 1897; PD), spellings as edited by J. H. Peterson; Wikidata (CC0)	0.85
Airik	Q1300562	Īraj, character in Shahnameh	boy		Airik	Middle Persian	Zoroastrian		Denkard	Denkard, Book 7	Denkard 7.1.28	https://www.avesta.org/denkard/dk7.html	6	royal	personal	attested		avesta.org, E. W. West's translation of Denkard Book 7 (SBE 47, 1897; PD), spellings as edited by J. H. Peterson; Wikidata (CC0)	0.85
Salm	slug:zoroastrian:salm	Salm			Salm	Middle Persian	Zoroastrian		Denkard	Denkard, Book 7	Denkard 7.1.30	https://www.avesta.org/denkard/dk7.html	1	royal	personal	attested		avesta.org, E. W. West's translation of Denkard Book 7 (SBE 47, 1897; PD), spellings as edited by J. H. Peterson	0.75
Manuschihar	Q1376677	Manuchehr, Legendary Iranian king from Shahnameh	boy		Manuschihar	Middle Persian	Zoroastrian		Denkard	Denkard, Book 7	Denkard 7.1.29	https://www.avesta.org/denkard/dk7.html	5	royal	personal	attested		avesta.org, E. W. West's translation of Denkard Book 7 (SBE 47, 1897; PD), spellings as edited by J. H. Peterson; Wikidata (CC0)	0.85
Frasiyav	Q383717	Afrasiab, mythical character in Shahnameh	boy		Frasiyav	Middle Persian	Zoroastrian		Denkard	Denkard, Book 7	Denkard 7.2.68	https://www.avesta.org/denkard/dk7.html	2	royal	personal	attested		avesta.org, E. W. West's translation of Denkard Book 7 (SBE 47, 1897; PD), spellings as edited by J. H. Peterson; Wikidata (CC0)	0.85
Siyavakhsh	slug:zoroastrian:siyavakhsh	Siavash			Siyavakhsh	Middle Persian	Zoroastrian		Denkard	Denkard, Book 7	Denkard 7.1.38	https://www.avesta.org/denkard/dk7.html	2	royal	personal	attested		avesta.org, E. W. West's translation of Denkard Book 7 (SBE 47, 1897; PD), spellings as edited by J. H. Peterson	0.75
Vishtasp	Q1147021	Vishtaspa, mythical character	boy		Vishtasp	Middle Persian	Zoroastrian		Denkard	Denkard, Book 7	Denkard 7.1.2	https://www.avesta.org/denkard/dk7.html	76	royal	personal	attested		avesta.org, E. W. West's translation of Denkard Book 7 (SBE 47, 1897; PD), spellings as edited by J. H. Peterson; Wikidata (CC0)	0.85
Spend-dad	Q983309	Esfandiyār, Legendary Iranian hero and one of characters of Ferdowsi's Shahnameh	boy		Spend-dad	Middle Persian	Zoroastrian		Denkard	Denkard, Book 7	Denkard 7.7.5	https://www.avesta.org/denkard/dk7.html	1	human	personal	attested		avesta.org, E. W. West's translation of Denkard Book 7 (SBE 47, 1897; PD), spellings as edited by J. H. Peterson; Wikidata (CC0)	0.85
Vohuman	Q2879253	Vohu Manah, Zoroastrian concept			Vohuman	Middle Persian	Zoroastrian		Denkard	Denkard, Book 7	Denkard 7.1.4	https://www.avesta.org/denkard/dk7.html	33	deity	divine	attested		avesta.org, E. W. West's translation of Denkard Book 7 (SBE 47, 1897; PD), spellings as edited by J. H. Peterson; Wikidata (CC0)	0.85
Pourushasp	slug:zoroastrian:pourushasp	Pourushaspa			Pourushasp	Middle Persian	Zoroastrian		Denkard	Denkard, Book 7	Denkard 7.2.10	https://www.avesta.org/denkard/dk7.html	48	human	personal	attested		avesta.org, E. W. West's translation of Denkard Book 7 (SBE 47, 1897; PD), spellings as edited by J. H. Peterson	0.75
Soshyant	Q1585455	Saoshyant, saviour figure in Zoroastrian			Soshyant	Middle Persian	Zoroastrian		Denkard	Denkard, Book 7	Denkard 7.1.42	https://www.avesta.org/denkard/dk7.html	8	human	personal	attested		avesta.org, E. W. West's translation of Denkard Book 7 (SBE 47, 1897; PD), spellings as edited by J. H. Peterson; Wikidata (CC0)	0.85
Ushedar	slug:zoroastrian:ushedar	Ushedar			Ushedar	Middle Persian	Zoroastrian		Denkard	Denkard, Book 7	Denkard 7.1.42	https://www.avesta.org/denkard/dk7.html	12	human	personal	attested		avesta.org, E. W. West's translation of Denkard Book 7 (SBE 47, 1897; PD), spellings as edited by J. H. Peterson	0.75
Ushedarmah	slug:zoroastrian:ushedarmah	Ushedarmah			Ushedarmah	Middle Persian	Zoroastrian		Denkard	Denkard, Book 7	Denkard 7.1.42	https://www.avesta.org/denkard/dk7.html	10	human	personal	attested		avesta.org, E. W. West's translation of Denkard Book 7 (SBE 47, 1897; PD), spellings as edited by J. H. Peterson	0.75
Spandarmad	Q8218092	Spenta Armaiti, female divine entity in Zoroastrianism	girl		Spandarmad	Middle Persian	Zoroastrian		Denkard	Denkard, Book 7	Denkard 7.2.19	https://www.avesta.org/denkard/dk7.html	5	deity	divine	attested		avesta.org, E. W. West's translation of Denkard Book 7 (SBE 47, 1897; PD), spellings as edited by J. H. Peterson; Wikidata (CC0)	0.85
Ardwahisht	Q1375923	Asha, Central and complex Zoroastrian theological concept			Ardwahisht	Middle Persian	Zoroastrian		Denkard	Denkard, Book 7	Denkard 7.1.34	https://www.avesta.org/denkard/dk7.html	15	deity	divine	attested		avesta.org, E. W. West's translation of Denkard Book 7 (SBE 47, 1897; PD), spellings as edited by J. H. Peterson; Wikidata (CC0)	0.85
Shahrewar	Q4392498	Kshatra Vairya, Zoroastrian goddess			Shahrewar	Middle Persian	Zoroastrian		Denkard	Denkard, Book 7	Denkard 7.2.19	https://www.avesta.org/denkard/dk7.html	1	deity	divine	attested		avesta.org, E. W. West's translation of Denkard Book 7 (SBE 47, 1897; PD), spellings as edited by J. H. Peterson; Wikidata (CC0)	0.85
Hordad	Q3272925	Haurvatat, Zoroastrian Amesha Spenta and hypostasis of wholeness/perfection			Hordad	Middle Persian	Zoroastrian		Denkard	Denkard, Book 7	Denkard 7.2.19	https://www.avesta.org/denkard/dk7.html	3	deity	divine	attested		avesta.org, E. W. West's translation of Denkard Book 7 (SBE 47, 1897; PD), spellings as edited by J. H. Peterson; Wikidata (CC0)	0.85
Amurdad	Q2915029	Ameretat, Zoroastrian divinity			Amurdad	Middle Persian	Zoroastrian		Denkard	Denkard, Book 7	Denkard 7.2.19	https://www.avesta.org/denkard/dk7.html	3	deity	divine	attested		avesta.org, E. W. West's translation of Denkard Book 7 (SBE 47, 1897; PD), spellings as edited by J. H. Peterson; Wikidata (CC0)	0.85
Srosh	Q3267977	Sraosha, the Avestan language name of the Zoroastrian divinity of "Obedience" or "Observance"			Srosh	Middle Persian	Zoroastrian		Denkard	Denkard, Book 7	Denkard 7.3.16	https://www.avesta.org/denkard/dk7.html	1	deity	divine	attested		avesta.org, E. W. West's translation of Denkard Book 7 (SBE 47, 1897; PD), spellings as edited by J. H. Peterson; Wikidata (CC0)	0.85
Rashn	Q2670530	Rashnu, Zoroastrian divinity of Justice			Rashn	Middle Persian	Zoroastrian		Denkard	Denkard, Book 7	Denkard 7.7.11	https://www.avesta.org/denkard/dk7.html	1	deity	divine	attested		avesta.org, E. W. West's translation of Denkard Book 7 (SBE 47, 1897; PD), spellings as edited by J. H. Peterson; Wikidata (CC0)	0.85
Haoma	Q1340569	Haoma, Zoroastrian sacred plant and drink			Hom	Middle Persian	Zoroastrian		Denkard	Denkard, Book 7	Denkard 7.2.14	https://www.avesta.org/denkard/dk7.html	19	deity	divine	attested		avesta.org, E. W. West's translation of Denkard Book 7 (SBE 47, 1897; PD), spellings as edited by J. H. Peterson; Wikidata (CC0)	0.85
Nodar	Q1338935	Nowzar, mythical ancient Persian monarch	boy		Nodar	Middle Persian	Zoroastrian		Denkard	Denkard, Book 7	Denkard 7.2.51	https://www.avesta.org/denkard/dk7.html	3	royal	personal	attested		avesta.org, E. W. West's translation of Denkard Book 7 (SBE 47, 1897; PD), spellings as edited by J. H. Peterson; Wikidata (CC0)	0.85
Neryosang	slug:zoroastrian:neryosang	Nairyosangha			Neryosang	Middle Persian	Zoroastrian		Denkard	Denkard, Book 7	Denkard 7.1.29	https://www.avesta.org/denkard/dk7.html	5	deity	divine	attested		avesta.org, E. W. West's translation of Denkard Book 7 (SBE 47, 1897; PD), spellings as edited by J. H. Peterson	0.75
Tur	Q3543320	Tur, son of Fereydun and predecessor of the Turanians	boy		Tur	Middle Persian	Zoroastrian		Denkard	Denkard, Book 7	Denkard 7.1.31	https://www.avesta.org/denkard/dk7.html	15	royal	personal	attested	review: also a common word or several bearers of the name; check the passage	avesta.org, E. W. West's translation of Denkard Book 7 (SBE 47, 1897; PD), spellings as edited by J. H. Peterson; Wikidata (CC0)	0.55
Khosraw	Q163183	Kai Khosrow, Legendary king of Iran and a character in Iranian/Persian epic	boy		Khosraw	Middle Persian	Zoroastrian		Denkard	Denkard, Book 7	Denkard 7.1.39	https://www.avesta.org/denkard/dk7.html	3	royal	personal	attested	review: also a common word or several bearers of the name; check the passage	avesta.org, E. W. West's translation of Denkard Book 7 (SBE 47, 1897; PD), spellings as edited by J. H. Peterson; Wikidata (CC0)	0.55
