name	figure_id	figure	sex	original	translit	language	tradition	subtradition	corpus	text	passage	url	occurrences	entity_type	name_role	status	relation	source	confidence
Vainamoinen	Q616178	Väinämöinen, main character in the Finnish national epic Kalevala	boy	Väinämöinen	Väinämöinen	Finnish	Finnish mythology		Kalevala	Runo 1	Kalevala 1.31	https://fi.wikisource.org/wiki/Kalevala/Ensimm%C3%A4inen_runo	412	deity	divine	attested		Project Gutenberg #7000, Lönnrot, Kalevala (1849; PD); Wikidata (CC0)	0.9
Lemminkainen	Q389512	Lemminkäinen, figure in Finnish mythology	boy	Lemminkäinen	Lemminkäinen	Finnish	Finnish mythology		Kalevala	Runo 1	Kalevala 1.50	https://fi.wikisource.org/wiki/Kalevala/Ensimm%C3%A4inen_runo	278	human	personal	attested		Project Gutenberg #7000, Lönnrot, Kalevala (1849; PD); Wikidata (CC0)	0.9
Pohjola	Q203041	Pohjola, location in Finnish mythology		Pohjola	Pohjola	Finnish	Finnish mythology		Kalevala	Runo 2	Kalevala 2.205	https://fi.wikisource.org/wiki/Kalevala/Toinen_runo	246	place	word	attested		Project Gutenberg #7000, Lönnrot, Kalevala (1849; PD); Wikidata (CC0)	0.9
Ilmarinen	Q781257	Ilmarinen, god in Finnish mythology	boy	Ilmarinen	Ilmarinen	Finnish	Finnish mythology		Kalevala	Runo 1	Kalevala 1.32	https://fi.wikisource.org/wiki/Kalevala/Ensimm%C3%A4inen_runo	182	deity	divine	attested		Project Gutenberg #7000, Lönnrot, Kalevala (1849; PD); Wikidata (CC0)	0.9
Kalervo	slug:finnish-mythology:kalervo	Kalervo		Kalervo	Kalervo	Finnish	Finnish mythology		Kalevala	Runo 31	Kalevala 31.14	https://fi.wikisource.org/wiki/Kalevala/Kolmaskymmenesensimm%C3%A4inen_runo	79	human	personal	attested		Project Gutenberg #7000, Lönnrot, Kalevala (1849; PD)	0.75
Kaukomieli	Q389512	Lemminkäinen, figure in Finnish mythology	boy	Kaukomieli	Kaukomieli	Finnish	Finnish mythology		Kalevala	Runo 1	Kalevala 1.33	https://fi.wikisource.org/wiki/Kalevala/Ensimm%C3%A4inen_runo	66	human	epithet	attested	another name of Lemminkäinen	Project Gutenberg #7000, Lönnrot, Kalevala (1849; PD); Wikidata (CC0)	0.9
Kullervo	Q1541235	Kullervo, character in Finnish Mythology	boy	Kullervo	Kullervo	Finnish	Finnish mythology		Kalevala	Runo 31	Kalevala 31.81	https://fi.wikisource.org/wiki/Kalevala/Kolmaskymmenesensimm%C3%A4inen_runo	66	human	personal	attested		Project Gutenberg #7000, Lönnrot, Kalevala (1849; PD); Wikidata (CC0)	0.9
Ukko	Q844965	Ukko, god of the sky, weather, harvest and thunder in Finnish mythology	boy	Ukko	Ukko	Finnish	Finnish mythology		Kalevala	Runo 1	Kalevala 1.169	https://fi.wikisource.org/wiki/Kalevala/Ensimm%C3%A4inen_runo	53	deity	divine	attested		Project Gutenberg #7000, Lönnrot, Kalevala (1849; PD); Wikidata (CC0)	0.9
Joukahainen	Q1456741	Joukahainen, character in Finnish Mythology	boy	Joukahainen	Joukahainen	Finnish	Finnish mythology		Kalevala	Runo 1	Kalevala 1.34	https://fi.wikisource.org/wiki/Kalevala/Ensimm%C3%A4inen_runo	43	human	personal	attested		Project Gutenberg #7000, Lönnrot, Kalevala (1849; PD); Wikidata (CC0)	0.9
Tapio	slug:finnish-mythology:tapio	Tapio		Tapio	Tapio	Finnish	Finnish mythology		Kalevala	Runo 14	Kalevala 14.26	https://fi.wikisource.org/wiki/Kalevala/Nelj%C3%A4stoista_runo	33	deity	divine	attested		Project Gutenberg #7000, Lönnrot, Kalevala (1849; PD)	0.75
Untamo	slug:finnish-mythology:untamo	Untamo		Untamo	Untamo	Finnish	Finnish mythology		Kalevala	Runo 5	Kalevala 5.17	https://fi.wikisource.org/wiki/Kalevala/Viides_runo	32	human	personal	attested		Project Gutenberg #7000, Lönnrot, Kalevala (1849; PD)	0.75
Louhi	Q1073318	Louhi, wicked queen of the land known as Pohjola in Finnish and Karelian mythology	girl	Louhi	Louhi	Finnish	Finnish mythology		Kalevala	Runo 1	Kalevala 1.46	https://fi.wikisource.org/wiki/Kalevala/Ensimm%C3%A4inen_runo	29	deity	divine	attested		Project Gutenberg #7000, Lönnrot, Kalevala (1849; PD); Wikidata (CC0)	0.9
Kalevala	slug:finnish-mythology:kalevala	Kalevala (location)		Kalevalan	Kalevalan	Finnish	Finnish mythology		Kalevala	Runo 1	Kalevala 1.36	https://fi.wikisource.org/wiki/Kalevala/Ensimm%C3%A4inen_runo	19	place	word	attested		Project Gutenberg #7000, Lönnrot, Kalevala (1849; PD)	0.75
Kyllikki	Q18760815	Kyllikki, female given name		Kyllikki	Kyllikki	Finnish	Finnish mythology		Kalevala	Runo 11	Kalevala 11.161	https://fi.wikisource.org/wiki/Kalevala/Yhdestoista_runo	18	human	personal	attested		Project Gutenberg #7000, Lönnrot, Kalevala (1849; PD); Wikidata (CC0)	0.9
Marjatta	Q9029268	Marjatta, female given name		Marjatta	Marjatta	Finnish	Finnish mythology		Kalevala	Runo 50	Kalevala 50.1	https://fi.wikisource.org/wiki/Kalevala/Viideskymmenes_runo	18	human	personal	attested		Project Gutenberg #7000, Lönnrot, Kalevala (1849; PD); Wikidata (CC0)	0.9
Vipunen	Q2528496	Antero Vipunen, Deceased, wise giant in Finnish mythology		Vipunen	Vipunen	Finnish	Finnish mythology		Kalevala	Runo 1	Kalevala 1.49	https://fi.wikisource.org/wiki/Kalevala/Ensimm%C3%A4inen_runo	18	mythological_being	personal	attested		Project Gutenberg #7000, Lönnrot, Kalevala (1849; PD); Wikidata (CC0)	0.9
Annikki	slug:finnish-mythology:annikki	Annikki		Annikki	Annikki	Finnish	Finnish mythology		Kalevala	Runo 18	Kalevala 18.41	https://fi.wikisource.org/wiki/Kalevala/Kahdeksastoista_runo	14	human	personal	attested		Project Gutenberg #7000, Lönnrot, Kalevala (1849; PD)	0.75
Tiera	Q11897486	Tiera, Character in the Finnish epic Kalevala	boy	Tiera	Tiera	Finnish	Finnish mythology		Kalevala	Runo 30	Kalevala 30.49	https://fi.wikisource.org/wiki/Kalevala/Kolmaskymmenes_runo	14	human	personal	attested		Project Gutenberg #7000, Lönnrot, Kalevala (1849; PD); Wikidata (CC0)	0.9
Osmotar	slug:finnish-mythology:osmotar	Osmotar		Osmotar	Osmotar	Finnish	Finnish mythology		Kalevala	Runo 20	Kalevala 20.167	https://fi.wikisource.org/wiki/Kalevala/Kahdeskymmenes_runo	12	deity	divine	attested		Project Gutenberg #7000, Lönnrot, Kalevala (1849; PD)	0.75
Vellamo	Q3318761	Vellamo, Finnish deity	girl	Vellamo	Vellamo	Finnish	Finnish mythology		Kalevala	Runo 5	Kalevala 5.20	https://fi.wikisource.org/wiki/Kalevala/Viides_runo	10	deity	divine	attested		Project Gutenberg #7000, Lönnrot, Kalevala (1849; PD); Wikidata (CC0)	0.9
Mielikki	Q1088891	Mielikki, Finnish goddess of forest	girl	Mielikki	Mielikki	Finnish	Finnish mythology		Kalevala	Runo 14	Kalevala 14.45	https://fi.wikisource.org/wiki/Kalevala/Nelj%C3%A4stoista_runo	9	deity	divine	attested		Project Gutenberg #7000, Lönnrot, Kalevala (1849; PD); Wikidata (CC0)	0.9
Ahto	slug:finnish-mythology:ahto	Ahti (god)		Ahto	Ahto	Finnish	Finnish mythology		Kalevala	Runo 41	Kalevala 41.133	https://fi.wikisource.org/wiki/Kalevala/Nelj%C3%A4skymmenesensimm%C3%A4inen_runo	7	deity	divine	attested		Project Gutenberg #7000, Lönnrot, Kalevala (1849; PD)	0.75
Kalevatar	slug:finnish-mythology:kalevatar	Kalevatar		Kalevatar	Kalevatar	Finnish	Finnish mythology		Kalevala	Runo 20	Kalevala 20.257	https://fi.wikisource.org/wiki/Kalevala/Kahdeskymmenes_runo	7	deity	divine	attested		Project Gutenberg #7000, Lönnrot, Kalevala (1849; PD)	0.75
Paivatar	Q5490050	Päivätär, Finnish Goddess of the Sun	girl	Päivätär	Päivätär	Finnish	Finnish mythology		Kalevala	Runo 4	Kalevala 4.136	https://fi.wikisource.org/wiki/Kalevala/Nelj%C3%A4s_runo	7	deity	divine	attested		Project Gutenberg #7000, Lönnrot, Kalevala (1849; PD); Wikidata (CC0)	0.9
Pellervoinen	Q282845	Sampsa, deity	boy	Pellervoinen	Pellervoinen	Finnish	Finnish mythology		Kalevala	Runo 2	Kalevala 2.13	https://fi.wikisource.org/wiki/Kalevala/Toinen_runo	7	deity	divine	attested		Project Gutenberg #7000, Lönnrot, Kalevala (1849; PD); Wikidata (CC0)	0.9
Tellervo	Q5095881	Tellervo (Tuulikki), forest god Tapio's daughter in Finnish mythology	girl	Tellervo	Tellervo	Finnish	Finnish mythology		Kalevala	Runo 14	Kalevala 14.123	https://fi.wikisource.org/wiki/Kalevala/Nelj%C3%A4stoista_runo	6	deity	divine	attested		Project Gutenberg #7000, Lönnrot, Kalevala (1849; PD); Wikidata (CC0)	0.9
Etelatar	slug:finnish-mythology:etelatar	Etelätär		Etelätär	Etelätär	Finnish	Finnish mythology		Kalevala	Runo 32	Kalevala 32.84	https://fi.wikisource.org/wiki/Kalevala/Kolmaskymmenestoinen_runo	3	deity	divine	attested		Project Gutenberg #7000, Lönnrot, Kalevala (1849; PD)	0.75
Ilmatar	Q1543077	Ilmatar, goddess in Finnish mythology	girl	Ilmatar	Ilmatar	Finnish	Finnish mythology		Kalevala	Runo 1	Kalevala 1.110	https://fi.wikisource.org/wiki/Kalevala/Ensimm%C3%A4inen_runo	3	deity	divine	attested		Project Gutenberg #7000, Lönnrot, Kalevala (1849; PD); Wikidata (CC0)	0.9
Kuutar	Q13642389	Kuu, Finnish mythology Moon goddess	girl	Kuutar	Kuutar	Finnish	Finnish mythology		Kalevala	Runo 4	Kalevala 4.149	https://fi.wikisource.org/wiki/Kalevala/Nelj%C3%A4s_runo	3	deity	divine	attested		Project Gutenberg #7000, Lönnrot, Kalevala (1849; PD); Wikidata (CC0)	0.9
Sampo	Q180956	Sampo, mythological artifact		Sampo	Sampo	Finnish	Finnish mythology		Kalevala	Runo 1	Kalevala 1.45	https://fi.wikisource.org/wiki/Kalevala/Ensimm%C3%A4inen_runo	3	mythological_being	personal	attested		Project Gutenberg #7000, Lönnrot, Kalevala (1849; PD); Wikidata (CC0)	0.9
Suvetar	slug:finnish-mythology:suvetar	Suvetar		Suvetar	Suvetar	Finnish	Finnish mythology		Kalevala	Runo 32	Kalevala 32.83	https://fi.wikisource.org/wiki/Kalevala/Kolmaskymmenestoinen_runo	3	deity	divine	attested		Project Gutenberg #7000, Lönnrot, Kalevala (1849; PD)	0.75
Kimmo	slug:finnish-mythology:kimmo	Kimmo (Kalevala)		Kimmo	Kimmo	Finnish	Finnish mythology		Kalevala	Runo 1	Kalevala 1.64	https://fi.wikisource.org/wiki/Kalevala/Ensimm%C3%A4inen_runo	2	human	personal	attested		Project Gutenberg #7000, Lönnrot, Kalevala (1849; PD)	0.75
Kuura	Q11897486	Tiera, Character in the Finnish epic Kalevala	boy	Kuura	Kuura	Finnish	Finnish mythology		Kalevala	Runo 30	Kalevala 30.50	https://fi.wikisource.org/wiki/Kalevala/Kolmaskymmenes_runo	2	human	epithet	attested	another name of Tiera	Project Gutenberg #7000, Lönnrot, Kalevala (1849; PD); Wikidata (CC0)	0.9
Nyyrikki	Q2006246	Nyyrikki, character in Finnish mythology	boy	Nyyrikki	Nyyrikki	Finnish	Finnish mythology		Kalevala	Runo 14	Kalevala 14.37	https://fi.wikisource.org/wiki/Kalevala/Nelj%C3%A4stoista_runo	2	deity	divine	attested		Project Gutenberg #7000, Lönnrot, Kalevala (1849; PD); Wikidata (CC0)	0.9
Tuonetar	Q1629006	Tuonetar, mythical Finnish figure	girl	Tuonetar	Tuonetar	Finnish	Finnish mythology		Kalevala	Runo 16	Kalevala 16.263	https://fi.wikisource.org/wiki/Kalevala/Kuudestoista_runo	2	deity	divine	attested		Project Gutenberg #7000, Lönnrot, Kalevala (1849; PD); Wikidata (CC0)	0.9
Ainikki	slug:finnish-mythology:ainikki	Ainikki		Ainikki	Ainikki	Finnish	Finnish mythology		Kalevala	Runo 12	Kalevala 12.17	https://fi.wikisource.org/wiki/Kalevala/Kahdestoista_runo	1	human	personal	attested		Project Gutenberg #7000, Lönnrot, Kalevala (1849; PD)	0.75
Hongatar	Q133886713	Hongatar		Hongatar	Hongatar	Finnish	Finnish mythology		Kalevala	Runo 32	Kalevala 32.85	https://fi.wikisource.org/wiki/Kalevala/Kolmaskymmenestoinen_runo	1	deity	divine	attested		Project Gutenberg #7000, Lönnrot, Kalevala (1849; PD); Wikidata (CC0)	0.9
Kivutar	Q3755586	Kivutar, Figure in Finnish mythology		Kivutar	Kivutar	Finnish	Finnish mythology		Kalevala	Runo 45	Kalevala 45.282	https://fi.wikisource.org/wiki/Kalevala/Nelj%C3%A4skymmenesviides_runo	1	deity	divine	attested		Project Gutenberg #7000, Lönnrot, Kalevala (1849; PD); Wikidata (CC0)	0.9
Loviatar	slug:finnish-mythology:loviatar	Loviatar		Loviatar	Loviatar	Finnish	Finnish mythology		Kalevala	Runo 45	Kalevala 45.24	https://fi.wikisource.org/wiki/Kalevala/Nelj%C3%A4skymmenesviides_runo	1	deity	divine	attested		Project Gutenberg #7000, Lönnrot, Kalevala (1849; PD)	0.75
Tuulikki	slug:finnish-mythology:tuulikki	Tuulikki		Tuulikki	Tuulikki	Finnish	Finnish mythology		Kalevala	Runo 14	Kalevala 14.174	https://fi.wikisource.org/wiki/Kalevala/Nelj%C3%A4stoista_runo	1	deity	divine	attested		Project Gutenberg #7000, Lönnrot, Kalevala (1849; PD)	0.75
Avtandil	slug:georgian-epic:avtandil	Avtandil		ავთანდილ	Avtandil	Georgian	Georgian epic		Vepkhistkaosani	ამბავი როსტევან არაბთა მეფისა	Vepkhistkaosani, ამბავი როსტევან არაბთა მეფისა	https://ka.wikisource.org/wiki/%E1%83%95%E1%83%94%E1%83%A4%E1%83%AE%E1%83%98%E1%83%A1%E1%83%A2%E1%83%A7%E1%83%90%E1%83%9D%E1%83%A1%E1%83%90%E1%83%9C%E1%83%98/%E1%83%90%E1%83%9B%E1%83%91%E1%83%90%E1%83%95%E1%83%98_%E1%83%A0%E1%83%9D%E1%83%A1%E1%83%A2%E1%83%94%E1%83%95%E1%83%90%E1%83%9C_%E1%83%90%E1%83%A0%E1%83%90%E1%83%91%E1%83%97%E1%83%90_%E1%83%9B%E1%83%94%E1%83%A4%E1%83%98%E1%83%A1%E1%83%90	65	human	personal	attested		Georgian Wikisource, Shota Rustaveli, ვეფხისტყაოსანი (medieval text, PD)	0.75
Asmat	slug:georgian-epic:asmat	Asmat		ასმათ	Asmat	Georgian	Georgian epic		Vepkhistkaosani	ავთანდილისაგან მის ყმისა ძებნად წასლვა	Vepkhistkaosani 222	https://ka.wikisource.org/wiki/%E1%83%95%E1%83%94%E1%83%A4%E1%83%AE%E1%83%98%E1%83%A1%E1%83%A2%E1%83%A7%E1%83%90%E1%83%9D%E1%83%A1%E1%83%90%E1%83%9C%E1%83%98/%E1%83%90%E1%83%95%E1%83%97%E1%83%90%E1%83%9C%E1%83%93%E1%83%98%E1%83%9A%E1%83%98%E1%83%A1%E1%83%90%E1%83%92%E1%83%90%E1%83%9C_%E1%83%9B%E1%83%98%E1%83%A1_%E1%83%A7%E1%83%9B%E1%83%98%E1%83%A1%E1%83%90_%E1%83%AB%E1%83%94%E1%83%91%E1%83%9C%E1%83%90%E1%83%93_%E1%83%AC%E1%83%90%E1%83%A1%E1%83%9A%E1%83%95%E1%83%90	48	human	personal	attested		Georgian Wikisource, Shota Rustaveli, ვეფხისტყაოსანი (medieval text, PD)	0.75
Tariel	slug:georgian-epic:tariel	Tariel		ტარიელ	T'ariel	Georgian	Georgian epic		Vepkhistkaosani	დასაწყისი	Vepkhistkaosani 6	https://ka.wikisource.org/wiki/%E1%83%95%E1%83%94%E1%83%A4%E1%83%AE%E1%83%98%E1%83%A1%E1%83%A2%E1%83%A7%E1%83%90%E1%83%9D%E1%83%A1%E1%83%90%E1%83%9C%E1%83%98/%E1%83%93%E1%83%90%E1%83%A1%E1%83%90%E1%83%AC%E1%83%A7%E1%83%98%E1%83%A1%E1%83%98	27	human	personal	attested		Georgian Wikisource, Shota Rustaveli, ვეფხისტყაოსანი (medieval text, PD)	0.75
Pridon	slug:georgian-epic:pridon	Pridon		ფრიდონ	Pridon	Georgian	Georgian epic		Vepkhistkaosani	შველა ტარიელისაგან ფრიდონისა	Vepkhistkaosani, შველა ტარიელისაგან ფრიდონისა	https://ka.wikisource.org/wiki/%E1%83%95%E1%83%94%E1%83%A4%E1%83%AE%E1%83%98%E1%83%A1%E1%83%A2%E1%83%A7%E1%83%90%E1%83%9D%E1%83%A1%E1%83%90%E1%83%9C%E1%83%98/%E1%83%A8%E1%83%95%E1%83%94%E1%83%9A%E1%83%90_%E1%83%A2%E1%83%90%E1%83%A0%E1%83%98%E1%83%94%E1%83%9A%E1%83%98%E1%83%A1%E1%83%90%E1%83%92%E1%83%90%E1%83%9C_%E1%83%A4%E1%83%A0%E1%83%98%E1%83%93%E1%83%9D%E1%83%9C%E1%83%98%E1%83%A1%E1%83%90	25	royal	personal	attested		Georgian Wikisource, Shota Rustaveli, ვეფხისტყაოსანი (medieval text, PD)	0.75
Tinatin	slug:georgian-epic:tinatin	Tinatin (character)		თინათინ	Tinatin	Georgian	Georgian epic		Vepkhistkaosani	ამბავი როსტევან არაბთა მეფისა	Vepkhistkaosani, ამბავი როსტევან არაბთა მეფისა	https://ka.wikisource.org/wiki/%E1%83%95%E1%83%94%E1%83%A4%E1%83%AE%E1%83%98%E1%83%A1%E1%83%A2%E1%83%A7%E1%83%90%E1%83%9D%E1%83%A1%E1%83%90%E1%83%9C%E1%83%98/%E1%83%90%E1%83%9B%E1%83%91%E1%83%90%E1%83%95%E1%83%98_%E1%83%A0%E1%83%9D%E1%83%A1%E1%83%A2%E1%83%94%E1%83%95%E1%83%90%E1%83%9C_%E1%83%90%E1%83%A0%E1%83%90%E1%83%91%E1%83%97%E1%83%90_%E1%83%9B%E1%83%94%E1%83%A4%E1%83%98%E1%83%A1%E1%83%90	20	royal	personal	attested		Georgian Wikisource, Shota Rustaveli, ვეფხისტყაოსანი (medieval text, PD)	0.75
Shermadin	slug:georgian-epic:shermadin	Shermadin		შერმადინ	Shermadin	Georgian	Georgian epic		Vepkhistkaosani	ამბავი როსტევან არაბთა მეფისა	Vepkhistkaosani, ამბავი როსტევან არაბთა მეფისა	https://ka.wikisource.org/wiki/%E1%83%95%E1%83%94%E1%83%A4%E1%83%AE%E1%83%98%E1%83%A1%E1%83%A2%E1%83%A7%E1%83%90%E1%83%9D%E1%83%A1%E1%83%90%E1%83%9C%E1%83%98/%E1%83%90%E1%83%9B%E1%83%91%E1%83%90%E1%83%95%E1%83%98_%E1%83%A0%E1%83%9D%E1%83%A1%E1%83%A2%E1%83%94%E1%83%95%E1%83%90%E1%83%9C_%E1%83%90%E1%83%A0%E1%83%90%E1%83%91%E1%83%97%E1%83%90_%E1%83%9B%E1%83%94%E1%83%A4%E1%83%98%E1%83%A1%E1%83%90	16	human	personal	attested		Georgian Wikisource, Shota Rustaveli, ვეფხისტყაოსანი (medieval text, PD)	0.75
Ramaz	slug:georgian-epic:ramaz	Ramaz		რამაზ	Ramaz	Georgian	Georgian epic		Vepkhistkaosani	წიგნი ხატაელთა მეფისა ტარიელის წინაშე მოწერილი პასუხად	Vepkhistkaosani 401	https://ka.wikisource.org/wiki/%E1%83%95%E1%83%94%E1%83%A4%E1%83%AE%E1%83%98%E1%83%A1%E1%83%A2%E1%83%A7%E1%83%90%E1%83%9D%E1%83%A1%E1%83%90%E1%83%9C%E1%83%98/%E1%83%AC%E1%83%98%E1%83%92%E1%83%9C%E1%83%98_%E1%83%AE%E1%83%90%E1%83%A2%E1%83%90%E1%83%94%E1%83%9A%E1%83%97%E1%83%90_%E1%83%9B%E1%83%94%E1%83%A4%E1%83%98%E1%83%A1%E1%83%90_%E1%83%A2%E1%83%90%E1%83%A0%E1%83%98%E1%83%94%E1%83%9A%E1%83%98%E1%83%A1_%E1%83%AC%E1%83%98%E1%83%9C%E1%83%90%E1%83%A8%E1%83%94_%E1%83%9B%E1%83%9D%E1%83%AC%E1%83%94%E1%83%A0%E1%83%98%E1%83%9A%E1%83%98_%E1%83%9E%E1%83%90%E1%83%A1%E1%83%A3%E1%83%AE%E1%83%90%E1%83%93	11	royal	personal	attested		Georgian Wikisource, Shota Rustaveli, ვეფხისტყაოსანი (medieval text, PD)	0.75
Davar	Q2917796	Davar, Israeli newspaper		დავარ	Davar	Georgian	Georgian epic		Vepkhistkaosani	ტარიელისაგან თავის ამბის მბობა ავთანდილთანა	Vepkhistkaosani 330	https://ka.wikisource.org/wiki/%E1%83%95%E1%83%94%E1%83%A4%E1%83%AE%E1%83%98%E1%83%A1%E1%83%A2%E1%83%A7%E1%83%90%E1%83%9D%E1%83%A1%E1%83%90%E1%83%9C%E1%83%98/%E1%83%A2%E1%83%90%E1%83%A0%E1%83%98%E1%83%94%E1%83%9A%E1%83%98%E1%83%A1%E1%83%90%E1%83%92%E1%83%90%E1%83%9C_%E1%83%97%E1%83%90%E1%83%95%E1%83%98%E1%83%A1_%E1%83%90%E1%83%9B%E1%83%91%E1%83%98%E1%83%A1_%E1%83%9B%E1%83%91%E1%83%9D%E1%83%91%E1%83%90_%E1%83%90%E1%83%95%E1%83%97%E1%83%90%E1%83%9C%E1%83%93%E1%83%98%E1%83%9A%E1%83%97%E1%83%90%E1%83%9C%E1%83%90	8	human	personal	attested		Georgian Wikisource, Shota Rustaveli, ვეფხისტყაოსანი (medieval text, PD); Wikidata (CC0)	0.9
Patman	slug:georgian-epic:patman	Patman		ფატმან	Pat'man	Georgian	Georgian epic		Vepkhistkaosani	ტარიელისაგან ზღვათა მეფისას მისვლა	Vepkhistkaosani, ტარიელისაგან ზღვათა მეფისას მისვლა	https://ka.wikisource.org/wiki/%E1%83%95%E1%83%94%E1%83%A4%E1%83%AE%E1%83%98%E1%83%A1%E1%83%A2%E1%83%A7%E1%83%90%E1%83%9D%E1%83%A1%E1%83%90%E1%83%9C%E1%83%98/%E1%83%A2%E1%83%90%E1%83%A0%E1%83%98%E1%83%94%E1%83%9A%E1%83%98%E1%83%A1%E1%83%90%E1%83%92%E1%83%90%E1%83%9C_%E1%83%96%E1%83%A6%E1%83%95%E1%83%90%E1%83%97%E1%83%90_%E1%83%9B%E1%83%94%E1%83%A4%E1%83%98%E1%83%A1%E1%83%90%E1%83%A1_%E1%83%9B%E1%83%98%E1%83%A1%E1%83%95%E1%83%9A%E1%83%90	8	human	personal	attested		Georgian Wikisource, Shota Rustaveli, ვეფხისტყაოსანი (medieval text, PD)	0.75
Khvarazmsha	slug:georgian-epic:khvarazmsha	Khvarazmsha		ხვარაზმშა	Khvarazmsha	Georgian	Georgian epic		Vepkhistkaosani	რჩევა ნესტან-დარეჯანის გათხოვებისა	Vepkhistkaosani 511	https://ka.wikisource.org/wiki/%E1%83%95%E1%83%94%E1%83%A4%E1%83%AE%E1%83%98%E1%83%A1%E1%83%A2%E1%83%A7%E1%83%90%E1%83%9D%E1%83%A1%E1%83%90%E1%83%9C%E1%83%98/%E1%83%A0%E1%83%A9%E1%83%94%E1%83%95%E1%83%90_%E1%83%9C%E1%83%94%E1%83%A1%E1%83%A2%E1%83%90%E1%83%9C-%E1%83%93%E1%83%90%E1%83%A0%E1%83%94%E1%83%AF%E1%83%90%E1%83%9C%E1%83%98%E1%83%A1_%E1%83%92%E1%83%90%E1%83%97%E1%83%AE%E1%83%9D%E1%83%95%E1%83%94%E1%83%91%E1%83%98%E1%83%A1%E1%83%90	7	royal	personal	attested		Georgian Wikisource, Shota Rustaveli, ვეფხისტყაოსანი (medieval text, PD)	0.75
Parsadan	slug:georgian-epic:parsadan	Parsadan		ფარსადან	Parsadan	Georgian	Georgian epic		Vepkhistkaosani	ტარიელისაგან თავის ამბის მბობა ავთანდილთანა	Vepkhistkaosani 311	https://ka.wikisource.org/wiki/%E1%83%95%E1%83%94%E1%83%A4%E1%83%AE%E1%83%98%E1%83%A1%E1%83%A2%E1%83%A7%E1%83%90%E1%83%9D%E1%83%A1%E1%83%90%E1%83%9C%E1%83%98/%E1%83%A2%E1%83%90%E1%83%A0%E1%83%98%E1%83%94%E1%83%9A%E1%83%98%E1%83%A1%E1%83%90%E1%83%92%E1%83%90%E1%83%9C_%E1%83%97%E1%83%90%E1%83%95%E1%83%98%E1%83%A1_%E1%83%90%E1%83%9B%E1%83%91%E1%83%98%E1%83%A1_%E1%83%9B%E1%83%91%E1%83%9D%E1%83%91%E1%83%90_%E1%83%90%E1%83%95%E1%83%97%E1%83%90%E1%83%9C%E1%83%93%E1%83%98%E1%83%9A%E1%83%97%E1%83%90%E1%83%9C%E1%83%90	7	royal	personal	attested		Georgian Wikisource, Shota Rustaveli, ვეფხისტყაოსანი (medieval text, PD)	0.75
Pharsadan	slug:georgian-epic:pharsadan	Parsadan		ფარსადან	Parsadan	Georgian	Georgian epic		Vepkhistkaosani	ტარიელისაგან თავის ამბის მბობა ავთანდილთანა	Vepkhistkaosani 311	https://ka.wikisource.org/wiki/%E1%83%95%E1%83%94%E1%83%A4%E1%83%AE%E1%83%98%E1%83%A1%E1%83%A2%E1%83%A7%E1%83%90%E1%83%9D%E1%83%A1%E1%83%90%E1%83%9C%E1%83%98/%E1%83%A2%E1%83%90%E1%83%A0%E1%83%98%E1%83%94%E1%83%9A%E1%83%98%E1%83%A1%E1%83%90%E1%83%92%E1%83%90%E1%83%9C_%E1%83%97%E1%83%90%E1%83%95%E1%83%98%E1%83%A1_%E1%83%90%E1%83%9B%E1%83%91%E1%83%98%E1%83%A1_%E1%83%9B%E1%83%91%E1%83%9D%E1%83%91%E1%83%90_%E1%83%90%E1%83%95%E1%83%97%E1%83%90%E1%83%9C%E1%83%93%E1%83%98%E1%83%9A%E1%83%97%E1%83%90%E1%83%9C%E1%83%90	7	royal	personal	related	later spelling of Parsadan	Georgian Wikisource, Shota Rustaveli, ვეფხისტყაოსანი (medieval text, PD)	0.75
Rustaveli	Q132984	Shota Rustaveli, Georgian poet	boy	რუსთველ	Rustvel	Georgian	Georgian epic		Vepkhistkaosani	დასაწყისი	Vepkhistkaosani 7	https://ka.wikisource.org/wiki/%E1%83%95%E1%83%94%E1%83%A4%E1%83%AE%E1%83%98%E1%83%A1%E1%83%A2%E1%83%A7%E1%83%90%E1%83%9D%E1%83%A1%E1%83%90%E1%83%9C%E1%83%98/%E1%83%93%E1%83%90%E1%83%A1%E1%83%90%E1%83%AC%E1%83%A7%E1%83%98%E1%83%A1%E1%83%98	4	human	personal	attested		Georgian Wikisource, Shota Rustaveli, ვეფხისტყაოსანი (medieval text, PD); Wikidata (CC0)	0.9
Sograt	slug:georgian-epic:sograt	Sograt		სოგრატ	Sograt'	Georgian	Georgian epic		Vepkhistkaosani	ამბავი როსტევან არაბთა მეფისა	Vepkhistkaosani, ამბავი როსტევან არაბთა მეფისა	https://ka.wikisource.org/wiki/%E1%83%95%E1%83%94%E1%83%A4%E1%83%AE%E1%83%98%E1%83%A1%E1%83%A2%E1%83%A7%E1%83%90%E1%83%9D%E1%83%A1%E1%83%90%E1%83%9C%E1%83%98/%E1%83%90%E1%83%9B%E1%83%91%E1%83%90%E1%83%95%E1%83%98_%E1%83%A0%E1%83%9D%E1%83%A1%E1%83%A2%E1%83%94%E1%83%95%E1%83%90%E1%83%9C_%E1%83%90%E1%83%A0%E1%83%90%E1%83%91%E1%83%97%E1%83%90_%E1%83%9B%E1%83%94%E1%83%A4%E1%83%98%E1%83%A1%E1%83%90	4	human	personal	attested		Georgian Wikisource, Shota Rustaveli, ვეფხისტყაოსანი (medieval text, PD)	0.75
Nuradin	slug:georgian-epic:nuradin	Pridon		ნურადინ	Nuradin	Georgian	Georgian epic		Vepkhistkaosani	ამბავი ნურადინ-ფრიდონისა ოდეს ტარიელ შეეყარა	Vepkhistkaosani 600	https://ka.wikisource.org/wiki/%E1%83%95%E1%83%94%E1%83%A4%E1%83%AE%E1%83%98%E1%83%A1%E1%83%A2%E1%83%A7%E1%83%90%E1%83%9D%E1%83%A1%E1%83%90%E1%83%9C%E1%83%98/%E1%83%90%E1%83%9B%E1%83%91%E1%83%90%E1%83%95%E1%83%98_%E1%83%9C%E1%83%A3%E1%83%A0%E1%83%90%E1%83%93%E1%83%98%E1%83%9C-%E1%83%A4%E1%83%A0%E1%83%98%E1%83%93%E1%83%9D%E1%83%9C%E1%83%98%E1%83%A1%E1%83%90_%E1%83%9D%E1%83%93%E1%83%94%E1%83%A1_%E1%83%A2%E1%83%90%E1%83%A0%E1%83%98%E1%83%94%E1%83%9A_%E1%83%A8%E1%83%94%E1%83%94%E1%83%A7%E1%83%90%E1%83%A0%E1%83%90	3	royal	epithet	attested	another name of Pridon	Georgian Wikisource, Shota Rustaveli, ვეფხისტყაოსანი (medieval text, PD)	0.75
Rostevan	slug:georgian-epic:rostevan	Rostevan		როსტევან	Rost'evan	Georgian	Georgian epic		Vepkhistkaosani	ამბავი ავთანდილისა არაბეთს შექცევისა	Vepkhistkaosani 681	https://ka.wikisource.org/wiki/%E1%83%95%E1%83%94%E1%83%A4%E1%83%AE%E1%83%98%E1%83%A1%E1%83%A2%E1%83%A7%E1%83%90%E1%83%9D%E1%83%A1%E1%83%90%E1%83%9C%E1%83%98/%E1%83%90%E1%83%9B%E1%83%91%E1%83%90%E1%83%95%E1%83%98_%E1%83%90%E1%83%95%E1%83%97%E1%83%90%E1%83%9C%E1%83%93%E1%83%98%E1%83%9A%E1%83%98%E1%83%A1%E1%83%90_%E1%83%90%E1%83%A0%E1%83%90%E1%83%91%E1%83%94%E1%83%97%E1%83%A1_%E1%83%A8%E1%83%94%E1%83%A5%E1%83%AA%E1%83%94%E1%83%95%E1%83%98%E1%83%A1%E1%83%90	2	royal	personal	attested		Georgian Wikisource, Shota Rustaveli, ვეფხისტყაოსანი (medieval text, PD)	0.75
Tamar	Q244007	Tamar of Georgia, Queen regnant of Georgia from 1184 to 1213	girl	თამარ	Tamar	Georgian	Georgian epic		Vepkhistkaosani	დასაწყისი	Vepkhistkaosani 3	https://ka.wikisource.org/wiki/%E1%83%95%E1%83%94%E1%83%A4%E1%83%AE%E1%83%98%E1%83%A1%E1%83%A2%E1%83%A7%E1%83%90%E1%83%9D%E1%83%A1%E1%83%90%E1%83%9C%E1%83%98/%E1%83%93%E1%83%90%E1%83%A1%E1%83%90%E1%83%AC%E1%83%A7%E1%83%98%E1%83%A1%E1%83%98	2	royal	personal	attested		Georgian Wikisource, Shota Rustaveli, ვეფხისტყაოსანი (medieval text, PD); Wikidata (CC0)	0.9
Usen	Q122199629	Usen people, sub-ethnic of the Yoruba		უსენ	Usen	Georgian	Georgian epic		Vepkhistkaosani	ტარიელისაგან ზღვათა მეფისას მისვლა	Vepkhistkaosani, ტარიელისაგან ზღვათა მეფისას მისვლა	https://ka.wikisource.org/wiki/%E1%83%95%E1%83%94%E1%83%A4%E1%83%AE%E1%83%98%E1%83%A1%E1%83%A2%E1%83%A7%E1%83%90%E1%83%9D%E1%83%A1%E1%83%90%E1%83%9C%E1%83%98/%E1%83%A2%E1%83%90%E1%83%A0%E1%83%98%E1%83%94%E1%83%9A%E1%83%98%E1%83%A1%E1%83%90%E1%83%92%E1%83%90%E1%83%9C_%E1%83%96%E1%83%A6%E1%83%95%E1%83%90%E1%83%97%E1%83%90_%E1%83%9B%E1%83%94%E1%83%A4%E1%83%98%E1%83%A1%E1%83%90%E1%83%A1_%E1%83%9B%E1%83%98%E1%83%A1%E1%83%95%E1%83%9A%E1%83%90	1	human	personal	attested		Georgian Wikisource, Shota Rustaveli, ვეფხისტყაოსანი (medieval text, PD); Wikidata (CC0)	0.9
Hiiaka	Q1621303	Hiʻiaka, patron goddess of Hawaiʻi	girl	Hiiaka	Hiiaka	Hawaiian	Hawaiian religion		Hawaiian oral tradition, as recorded in N. B. Emerson, Pele and Hiiaka (1915)	Pele and Hiiaka	Pele and Hiiaka, ch. I	https://www.gutenberg.org/ebooks/60279	540	deity	divine	attested		Project Gutenberg #60279, N. B. Emerson, Pele and Hiiaka: A Myth from Hawaii (1915; PD); Wikidata (CC0)	0.95
Pele	Q1133063	Pele, Hawaiian goddess of volcanoes and fire and the creator of the Hawaiian Islands	girl	Pele	Pele	Hawaiian	Hawaiian religion		Hawaiian oral tradition, as recorded in N. B. Emerson, Pele and Hiiaka (1915)	Pele and Hiiaka	Pele and Hiiaka, ch. I	https://www.gutenberg.org/ebooks/60279	415	deity	divine	attested		Project Gutenberg #60279, N. B. Emerson, Pele and Hiiaka: A Myth from Hawaii (1915; PD); Wikidata (CC0)	0.95
Lohiau	slug:hawaiian-religion:lohiau	Lohiau		Lohiau	Lohiau	Hawaiian	Hawaiian religion		Hawaiian oral tradition, as recorded in N. B. Emerson, Pele and Hiiaka (1915)	Pele and Hiiaka	Pele and Hiiaka, ch. II	https://www.gutenberg.org/ebooks/60279	207	human	personal	attested		Project Gutenberg #60279, N. B. Emerson, Pele and Hiiaka: A Myth from Hawaii (1915; PD)	0.75
Wahine-omao	slug:hawaiian-religion:wahine-omao	Wahine-omao		Wahine-oma	Wahine-oma	Hawaiian	Hawaiian religion		Hawaiian oral tradition, as recorded in N. B. Emerson, Pele and Hiiaka (1915)	Pele and Hiiaka	Pele and Hiiaka, ch. VII	https://www.gutenberg.org/ebooks/60279	75	human	personal	attested		Project Gutenberg #60279, N. B. Emerson, Pele and Hiiaka: A Myth from Hawaii (1915; PD)	0.75
Kilauea	Q188698	Kīlauea, active volcano in Hawaii		Kilauea	Kilauea	Hawaiian	Hawaiian religion		Hawaiian oral tradition, as recorded in N. B. Emerson, Pele and Hiiaka (1915)	Pele and Hiiaka	Pele and Hiiaka, ch. I	https://www.gutenberg.org/ebooks/60279	57	place	word	attested		Project Gutenberg #60279, N. B. Emerson, Pele and Hiiaka: A Myth from Hawaii (1915; PD); Wikidata (CC0)	0.95
Pana-ewa	slug:hawaiian-religion:pana-ewa	Panaewa		Pana-ewa	Pana-ewa	Hawaiian	Hawaiian religion		Hawaiian oral tradition, as recorded in N. B. Emerson, Pele and Hiiaka (1915)	Pele and Hiiaka	Pele and Hiiaka, ch. V	https://www.gutenberg.org/ebooks/60279	49	mythological_being	personal	attested		Project Gutenberg #60279, N. B. Emerson, Pele and Hiiaka: A Myth from Hawaii (1915; PD)	0.75
Paoa	slug:hawaiian-religion:paoa	Paoa		Paoa	Paoa	Hawaiian	Hawaiian religion		Hawaiian oral tradition, as recorded in N. B. Emerson, Pele and Hiiaka (1915)	Pele and Hiiaka	Pele and Hiiaka, ch. II	https://www.gutenberg.org/ebooks/60279	41	human	personal	attested		Project Gutenberg #60279, N. B. Emerson, Pele and Hiiaka: A Myth from Hawaii (1915; PD)	0.75
Kahiki	slug:hawaiian-religion:kahiki	Kahiki		Kahiki	Kahiki	Hawaiian	Hawaiian religion		Hawaiian oral tradition, as recorded in N. B. Emerson, Pele and Hiiaka (1915)	Pele and Hiiaka	Pele and Hiiaka, ch. I	https://www.gutenberg.org/ebooks/60279	37	place	word	attested		Project Gutenberg #60279, N. B. Emerson, Pele and Hiiaka: A Myth from Hawaii (1915; PD)	0.75
Kanaloa	Q6360529	Kanaloa, Hawaiian god symbolized by the squid or by the octopus, typically associated with Kāne		Kanaloa	Kanaloa	Hawaiian	Hawaiian religion		Hawaiian oral tradition, as recorded in N. B. Emerson, Pele and Hiiaka (1915)	Pele and Hiiaka	Pele and Hiiaka, ch. IX	https://www.gutenberg.org/ebooks/60279	26	deity	divine	attested		Project Gutenberg #60279, N. B. Emerson, Pele and Hiiaka: A Myth from Hawaii (1915; PD); Wikidata (CC0)	0.95
Laka	Q7682578	Laka, Polynesian mythological figure		Laka	Laka	Hawaiian	Hawaiian religion		Hawaiian oral tradition, as recorded in N. B. Emerson, Pele and Hiiaka (1915)	Pele and Hiiaka	Pele and Hiiaka, ch. XXV	https://www.gutenberg.org/ebooks/60279	24	deity	divine	attested		Project Gutenberg #60279, N. B. Emerson, Pele and Hiiaka: A Myth from Hawaii (1915; PD); Wikidata (CC0)	0.95
Hopoe	slug:hawaiian-religion:hopoe	Hopoe		Hopoe	Hopoe	Hawaiian	Hawaiian religion		Hawaiian oral tradition, as recorded in N. B. Emerson, Pele and Hiiaka (1915)	Pele and Hiiaka	Pele and Hiiaka, ch. I	https://www.gutenberg.org/ebooks/60279	21	human	personal	attested		Project Gutenberg #60279, N. B. Emerson, Pele and Hiiaka: A Myth from Hawaii (1915; PD)	0.75
Kamohoalii	Q3201232	Kamohoaliʻi, Hawaiian shark god	boy	Ka-moho-alii	Ka-moho-alii	Hawaiian	Hawaiian religion		Hawaiian oral tradition, as recorded in N. B. Emerson, Pele and Hiiaka (1915)	Pele and Hiiaka	Pele and Hiiaka, ch. VI	https://www.gutenberg.org/ebooks/60279	19	deity	divine	attested		Project Gutenberg #60279, N. B. Emerson, Pele and Hiiaka: A Myth from Hawaii (1915; PD); Wikidata (CC0)	0.95
Hina	Q2075292	Hina, Polynesian goddess	girl	Hina	Hina	Hawaiian	Hawaiian religion		Hawaiian oral tradition, as recorded in N. B. Emerson, Pele and Hiiaka (1915)	Pele and Hiiaka	Pele and Hiiaka, ch. XIII	https://www.gutenberg.org/ebooks/60279	18	deity	divine	attested		Project Gutenberg #60279, N. B. Emerson, Pele and Hiiaka: A Myth from Hawaii (1915; PD); Wikidata (CC0)	0.95
Haumea	Q601	(136108) Haumea, dwarf planet in the Solar System		Haumea	Haumea	Hawaiian	Hawaiian religion		Hawaiian oral tradition, as recorded in N. B. Emerson, Pele and Hiiaka (1915)	Pele and Hiiaka	Pele and Hiiaka, ch. XVII	https://www.gutenberg.org/ebooks/60279	16	deity	divine	attested		Project Gutenberg #60279, N. B. Emerson, Pele and Hiiaka: A Myth from Hawaii (1915; PD); Wikidata (CC0)	0.95
Lono	Q650821	Lono, Hawaiian deity, associated with fertility, agriculture, rainfall, music and peace		Lono	Lono	Hawaiian	Hawaiian religion		Hawaiian oral tradition, as recorded in N. B. Emerson, Pele and Hiiaka (1915)	Pele and Hiiaka	Pele and Hiiaka, ch. X	https://www.gutenberg.org/ebooks/60279	16	deity	divine	attested		Project Gutenberg #60279, N. B. Emerson, Pele and Hiiaka: A Myth from Hawaii (1915; PD); Wikidata (CC0)	0.95
Malei	slug:hawaiian-religion:malei	Malei		Malei	Malei	Hawaiian	Hawaiian religion		Hawaiian oral tradition, as recorded in N. B. Emerson, Pele and Hiiaka (1915)	Pele and Hiiaka	Pele and Hiiaka, ch. V	https://www.gutenberg.org/ebooks/60279	15	deity	divine	attested		Project Gutenberg #60279, N. B. Emerson, Pele and Hiiaka: A Myth from Hawaii (1915; PD)	0.75
Kamapuaa	Q3812662	Kamapua'a, male fertility deity in Hawaiian mythology		Kama-pua	Kama-pua	Hawaiian	Hawaiian religion		Hawaiian oral tradition, as recorded in N. B. Emerson, Pele and Hiiaka (1915)	Pele and Hiiaka	Pele and Hiiaka, ch. X	https://www.gutenberg.org/ebooks/60279	14	deity	divine	attested		Project Gutenberg #60279, N. B. Emerson, Pele and Hiiaka: A Myth from Hawaii (1915; PD); Wikidata (CC0)	0.95
Kapo	slug:hawaiian-religion:kapo	Kapo (goddess)		Kapo	Kapo	Hawaiian	Hawaiian religion		Hawaiian oral tradition, as recorded in N. B. Emerson, Pele and Hiiaka (1915)	Pele and Hiiaka	Pele and Hiiaka, ch. VI	https://www.gutenberg.org/ebooks/60279	14	deity	divine	attested		Project Gutenberg #60279, N. B. Emerson, Pele and Hiiaka: A Myth from Hawaii (1915; PD)	0.75
Kane-milo-hai	slug:hawaiian-religion:kane-milo-hai	Kāne-milo-hai		Kane-milo-hai	Kane-milo-hai	Hawaiian	Hawaiian religion		Hawaiian oral tradition, as recorded in N. B. Emerson, Pele and Hiiaka (1915)	Pele and Hiiaka	Pele and Hiiaka, ch. VI	https://www.gutenberg.org/ebooks/60279	11	deity	divine	attested		Project Gutenberg #60279, N. B. Emerson, Pele and Hiiaka: A Myth from Hawaii (1915; PD)	0.75
Kukuena	slug:hawaiian-religion:kukuena	Kukuena		Kukuena	Kukuena	Hawaiian	Hawaiian religion		Hawaiian oral tradition, as recorded in N. B. Emerson, Pele and Hiiaka (1915)	Pele and Hiiaka	Pele and Hiiaka, ch. XX	https://www.gutenberg.org/ebooks/60279	9	deity	divine	attested		Project Gutenberg #60279, N. B. Emerson, Pele and Hiiaka: A Myth from Hawaii (1915; PD)	0.75
Wakea	Q3570275	Wākea, Hawaiian god	boy	Wakea	Wakea	Hawaiian	Hawaiian religion		Hawaiian oral tradition, as recorded in N. B. Emerson, Pele and Hiiaka (1915)	Pele and Hiiaka	Pele and Hiiaka, ch. XVII	https://www.gutenberg.org/ebooks/60279	7	deity	divine	attested		Project Gutenberg #60279, N. B. Emerson, Pele and Hiiaka: A Myth from Hawaii (1915; PD); Wikidata (CC0)	0.95
Hiiaka-i-ka-ale-i	Q1621303	Hiʻiaka, patron goddess of Hawaiʻi	girl	Hiiaka-i-ka-ale-i	Hiiaka-i-ka-ale-i	Hawaiian	Hawaiian religion		Hawaiian oral tradition, as recorded in N. B. Emerson, Pele and Hiiaka (1915)	Pele and Hiiaka	Pele and Hiiaka, ch. V	https://www.gutenberg.org/ebooks/60279	4	deity	epithet	attested	another name of Hiʻiaka	Project Gutenberg #60279, N. B. Emerson, Pele and Hiiaka: A Myth from Hawaii (1915; PD); Wikidata (CC0)	0.95
Haumea	Q601	(136108) Haumea, dwarf planet in the Solar System		Haumea	Haumea	Hawaiian	Hawaiian religion		Hawaiian oral tradition, as recorded in the Kumulipo	Chant 12	Kumulipo line 1734	https://archive.org/details/kumulipo-hawaiian-english	17	deity	divine	attested		Kumulipo, Hawaiian text (Kalākaua 1889) with M. W. Beckwith's 1951 line numbers, interlinear by D. Stampe; archive.org (marked PD); Wikidata (CC0)	0.95
Wakea	Q3570275	Wākea, Hawaiian god	boy	Wakea	Wakea	Hawaiian	Hawaiian religion		Hawaiian oral tradition, as recorded in the Kumulipo	Chant 11	Kumulipo line 1539	https://archive.org/details/kumulipo-hawaiian-english	14	deity	divine	attested		Kumulipo, Hawaiian text (Kalākaua 1889) with M. W. Beckwith's 1951 line numbers, interlinear by D. Stampe; archive.org (marked PD); Wikidata (CC0)	0.95
Hina	Q2075292	Hina, Polynesian goddess	girl	Hina	Hina	Hawaiian	Hawaiian religion		Hawaiian oral tradition, as recorded in the Kumulipo	Chant 14	Kumulipo line 1903	https://archive.org/details/kumulipo-hawaiian-english	10	deity	divine	attested		Kumulipo, Hawaiian text (Kalākaua 1889) with M. W. Beckwith's 1951 line numbers, interlinear by D. Stampe; archive.org (marked PD); Wikidata (CC0)	0.95
Haloa	Q63090049	Hāloa, Hawaiian mythological figure and creation chant		Haloa	Haloa	Hawaiian	Hawaiian religion		Hawaiian oral tradition, as recorded in the Kumulipo	Chant 12	Kumulipo line 1734	https://archive.org/details/kumulipo-hawaiian-english	5	human	personal	attested		Kumulipo, Hawaiian text (Kalākaua 1889) with M. W. Beckwith's 1951 line numbers, interlinear by D. Stampe; archive.org (marked PD); Wikidata (CC0)	0.95
Kanaloa	Q6360529	Kanaloa, Hawaiian god symbolized by the squid or by the octopus, typically associated with Kāne		Kanaloa	Kanaloa	Hawaiian	Hawaiian religion		Hawaiian oral tradition, as recorded in the Kumulipo	Chant 8	Kumulipo line 615	https://archive.org/details/kumulipo-hawaiian-english	5	deity	divine	attested		Kumulipo, Hawaiian text (Kalākaua 1889) with M. W. Beckwith's 1951 line numbers, interlinear by D. Stampe; archive.org (marked PD); Wikidata (CC0)	0.95
Kupulanakehau	slug:hawaiian-religion:kupulanakehau	Kupulanakehau		Kupulanakehau	Kupulanakehau	Hawaiian	Hawaiian religion		Hawaiian oral tradition, as recorded in the Kumulipo	Chant 12	Kumulipo line 1733	https://archive.org/details/kumulipo-hawaiian-english	3	human	personal	attested		Kumulipo, Hawaiian text (Kalākaua 1889) with M. W. Beckwith's 1951 line numbers, interlinear by D. Stampe; archive.org (marked PD)	0.75
Akalana	slug:hawaiian-religion:akalana	Akalana		Akalana	Akalana	Hawaiian	Hawaiian religion		Hawaiian oral tradition, as recorded in the Kumulipo	Chant 15	Kumulipo line 1984	https://archive.org/details/kumulipo-hawaiian-english	2	human	personal	attested		Kumulipo, Hawaiian text (Kalākaua 1889) with M. W. Beckwith's 1951 line numbers, interlinear by D. Stampe; archive.org (marked PD)	0.75
Hinahanaiakamalama	Q2075292	Hina, Polynesian goddess	girl	Hina-ia-ka-malama	Hina-ia-ka-malama	Hawaiian	Hawaiian religion		Hawaiian oral tradition, as recorded in the Kumulipo	Chant 14	Kumulipo line 1904	https://archive.org/details/kumulipo-hawaiian-english	2	deity	epithet	attested	another name of Hina	Kumulipo, Hawaiian text (Kalākaua 1889) with M. W. Beckwith's 1951 line numbers, interlinear by D. Stampe; archive.org (marked PD); Wikidata (CC0)	0.95
Kumulipo	Q1246476	Kumulipo, Hawaiian chant		Kumulipo	Kumulipo	Hawaiian	Hawaiian religion		Hawaiian oral tradition, as recorded in the Kumulipo	Chant 1	Kumulipo line 13	https://archive.org/details/kumulipo-hawaiian-english	2	deity	divine	attested		Kumulipo, Hawaiian text (Kalākaua 1889) with M. W. Beckwith's 1951 line numbers, interlinear by D. Stampe; archive.org (marked PD); Wikidata (CC0)	0.95
Laka	Q7682578	Laka, Polynesian mythological figure		Laka	Laka	Hawaiian	Hawaiian religion		Hawaiian oral tradition, as recorded in the Kumulipo	Chant 14	Kumulipo line 1815	https://archive.org/details/kumulipo-hawaiian-english	2	deity	divine	attested		Kumulipo, Hawaiian text (Kalākaua 1889) with M. W. Beckwith's 1951 line numbers, interlinear by D. Stampe; archive.org (marked PD); Wikidata (CC0)	0.95
Lono	Q650821	Lono, Hawaiian deity, associated with fertility, agriculture, rainfall, music and peace		Lono	Lono	Hawaiian	Hawaiian religion		Hawaiian oral tradition, as recorded in the Kumulipo	Chant 16	Kumulipo line 2101	https://archive.org/details/kumulipo-hawaiian-english	2	deity	divine	attested		Kumulipo, Hawaiian text (Kalākaua 1889) with M. W. Beckwith's 1951 line numbers, interlinear by D. Stampe; archive.org (marked PD); Wikidata (CC0)	0.95
Chilam Balam	Q1072707	Chilam Balam, Yucatec Mayan literature			Chilam Balam	Yucatec Maya	Maya religion		Book of Chilam Balam of Chumayel	Book of Chilam Balam of Chumayel	Chilam Balam of Chumayel (Roys 1933), para. 253	https://archive.org/details/book-of-chilam-balam-the-of-chumayel	54	human	personal	attested		Ralph L. Roys, The Book of Chilam Balam of Chumayel (1933; PD in the US, copyright not renewed), sacred-texts transcription on archive.org; Wikidata (CC0)	0.85
Hunac Ceel	Q4502343	Hunac Ceel, Mayan general	boy		Hunac Ceel	Yucatec Maya	Maya religion		Book of Chilam Balam of Chumayel	Book of Chilam Balam of Chumayel	Chilam Balam of Chumayel (Roys 1933), para. 19	https://archive.org/details/book-of-chilam-balam-the-of-chumayel	25	human	personal	attested		Ralph L. Roys, The Book of Chilam Balam of Chumayel (1933; PD in the US, copyright not renewed), sacred-texts transcription on archive.org; Wikidata (CC0)	0.85
Bacab	Q2465771	Bacab, in Mayan religion, any of the four deities of the interior of the earth and its water deposits			Bacab	Yucatec Maya	Maya religion		Book of Chilam Balam of Chumayel	Book of Chilam Balam of Chumayel	Chilam Balam of Chumayel (Roys 1933), para. 217	https://archive.org/details/book-of-chilam-balam-the-of-chumayel	19	deity	divine	attested		Ralph L. Roys, The Book of Chilam Balam of Chumayel (1933; PD in the US, copyright not renewed), sacred-texts transcription on archive.org; Wikidata (CC0)	0.85
Pauahtun	Q2465771	Bacab, in Mayan religion, any of the four deities of the interior of the earth and its water deposits			Pauahtun	Yucatec Maya	Maya religion		Book of Chilam Balam of Chumayel	Book of Chilam Balam of Chumayel	Chilam Balam of Chumayel (Roys 1933), para. 18	https://archive.org/details/book-of-chilam-balam-the-of-chumayel	15	deity	divine	attested		Ralph L. Roys, The Book of Chilam Balam of Chumayel (1933; PD in the US, copyright not renewed), sacred-texts transcription on archive.org; Wikidata (CC0)	0.85
Kukulcan	Q768072	Kukulkan, serpent deity in Mesoamerican mythology	boy		Kukulcan	Yucatec Maya	Maya religion		Book of Chilam Balam of Chumayel	Book of Chilam Balam of Chumayel	Chilam Balam of Chumayel (Roys 1933), para. 610	https://archive.org/details/book-of-chilam-balam-the-of-chumayel	13	deity	divine	attested		Ralph L. Roys, The Book of Chilam Balam of Chumayel (1933; PD in the US, copyright not renewed), sacred-texts transcription on archive.org; Wikidata (CC0)	0.85
Ah Mex Cuc	slug:maya-religion:ah-mex-cuc	Ah Mex Cuc			Ah Mex Cuc	Yucatec Maya	Maya religion		Book of Chilam Balam of Chumayel	Book of Chilam Balam of Chumayel	Chilam Balam of Chumayel (Roys 1933), para. 27	https://archive.org/details/book-of-chilam-balam-the-of-chumayel	6	human	personal	attested		Ralph L. Roys, The Book of Chilam Balam of Chumayel (1933; PD in the US, copyright not renewed), sacred-texts transcription on archive.org	0.75
Bolon-ti-ku	slug:maya-religion:bolon-ti-ku	Bolon-ti-ku			Bolon-ti-ku	Yucatec Maya	Maya religion		Book of Chilam Balam of Chumayel	Book of Chilam Balam of Chumayel	Chilam Balam of Chumayel (Roys 1933), para. 177	https://archive.org/details/book-of-chilam-balam-the-of-chumayel	6	deity	divine	attested		Ralph L. Roys, The Book of Chilam Balam of Chumayel (1933; PD in the US, copyright not renewed), sacred-texts transcription on archive.org	0.75
Oxlahun-ti-ku	slug:maya-religion:oxlahun-ti-ku	Oxlahun-ti-ku			Oxlahun-ti-ku	Yucatec Maya	Maya religion		Book of Chilam Balam of Chumayel	Book of Chilam Balam of Chumayel	Chilam Balam of Chumayel (Roys 1933), para. 214	https://archive.org/details/book-of-chilam-balam-the-of-chumayel	6	deity	divine	attested		Ralph L. Roys, The Book of Chilam Balam of Chumayel (1933; PD in the US, copyright not renewed), sacred-texts transcription on archive.org	0.75
Kinich Kakmo	Q2745502	Kinich Ahau, 16th-century Yucatec name of the Maya sun god			Kinich Kakmo	Yucatec Maya	Maya religion		Book of Chilam Balam of Chumayel	Book of Chilam Balam of Chumayel	Chilam Balam of Chumayel (Roys 1933), para. 18	https://archive.org/details/book-of-chilam-balam-the-of-chumayel	4	deity	divine	attested		Ralph L. Roys, The Book of Chilam Balam of Chumayel (1933; PD in the US, copyright not renewed), sacred-texts transcription on archive.org; Wikidata (CC0)	0.85
Xibalba	Q1129970	Xibalba, Mayan underworld		Xibalba	Xibalba	K'iche'	Maya religion		Popol Vuh	Popol Vuh	Brasseur 1861, p. 21	https://archive.org/details/popolvuhlelivres00bras/page/21/mode/1up	237	place	word	attested		Brasseur de Bourbourg, Popol Vuh, K'iche' text with French (1861; PD), archive.org scan; Wikidata (CC0)	0.8
Tohil	Q7813272	Tohil	boy	Tohil	Tohil	K'iche'	Maya religion		Popol Vuh	Popol Vuh	Brasseur 1861, p. 214	https://archive.org/details/popolvuhlelivres00bras/page/214/mode/1up	170	deity	divine	attested		Brasseur de Bourbourg, Popol Vuh, K'iche' text with French (1861; PD), archive.org scan; Wikidata (CC0)	0.8
Hunahpu	Q501979	Maya Hero Twins, the central figures of the Popol Vuh		Hunahpu	Hunahpu	K'iche'	Maya religion		Popol Vuh	Popol Vuh	Brasseur 1861, p. 36	https://archive.org/details/popolvuhlelivres00bras/page/36/mode/1up	141	deity	divine	attested		Brasseur de Bourbourg, Popol Vuh, K'iche' text with French (1861; PD), archive.org scan; Wikidata (CC0)	0.8
Xbalanque	Q501979	Maya Hero Twins, the central figures of the Popol Vuh		Xbalanqué	Xbalanqué	K'iche'	Maya religion		Popol Vuh	Popol Vuh	Brasseur 1861, p. 35	https://archive.org/details/popolvuhlelivres00bras/page/35/mode/1up	138	deity	divine	attested		Brasseur de Bourbourg, Popol Vuh, K'iche' text with French (1861; PD), archive.org scan; Wikidata (CC0)	0.8
Balam-Acab	slug:maya-religion:balam-acab	Balam-Acab		Balam-Agab	Balam-Agab	K'iche'	Maya religion		Popol Vuh	Popol Vuh	Brasseur 1861, p. 198	https://archive.org/details/popolvuhlelivres00bras/page/198/mode/1up	90	human	personal	attested		Brasseur de Bourbourg, Popol Vuh, K'iche' text with French (1861; PD), archive.org scan	0.75
Balam-Quitze	slug:maya-religion:balam-quitze	Balam-Quitze		Balam-Quitzé	Balam-Quitzé	K'iche'	Maya religion		Popol Vuh	Popol Vuh	Brasseur 1861, p. 198	https://archive.org/details/popolvuhlelivres00bras/page/198/mode/1up	85	human	personal	attested		Brasseur de Bourbourg, Popol Vuh, K'iche' text with French (1861; PD), archive.org scan	0.75
Mahucutah	slug:maya-religion:mahucutah	Mahucutah		Mahucutah	Mahucutah	K'iche'	Maya religion		Popol Vuh	Popol Vuh	Brasseur 1861, p. 198	https://archive.org/details/popolvuhlelivres00bras/page/198/mode/1up	83	human	personal	attested		Brasseur de Bourbourg, Popol Vuh, K'iche' text with French (1861; PD), archive.org scan	0.75
Hacavitz	Q16242376	Jacawitz		Hacavitz	Hacavitz	K'iche'	Maya religion		Popol Vuh	Popol Vuh	Brasseur 1861, p. 214	https://archive.org/details/popolvuhlelivres00bras/page/214/mode/1up	80	deity	divine	attested		Brasseur de Bourbourg, Popol Vuh, K'iche' text with French (1861; PD), archive.org scan; Wikidata (CC0)	0.8
Hun Came	slug:maya-religion:hun-came	One Death		Hun-Camé	Hun-Camé	K'iche'	Maya religion		Popol Vuh	Popol Vuh	Brasseur 1861, p. 72	https://archive.org/details/popolvuhlelivres00bras/page/72/mode/1up	75	deity	divine	attested		Brasseur de Bourbourg, Popol Vuh, K'iche' text with French (1861; PD), archive.org scan	0.75
Vucub Caquix	Q2740550	Vucub Caquix, legendary bird		Vukub-Cakix	Vukub-Cakix	K'iche'	Maya religion		Popol Vuh	Popol Vuh	Brasseur 1861, p. 30	https://archive.org/details/popolvuhlelivres00bras/page/30/mode/1up	66	mythological_being	personal	attested		Brasseur de Bourbourg, Popol Vuh, K'iche' text with French (1861; PD), archive.org scan; Wikidata (CC0)	0.8
Avilix	Q4830058	Awilix, mayan deity		Avilix	Avilix	K'iche'	Maya religion		Popol Vuh	Popol Vuh	Brasseur 1861, p. 214	https://archive.org/details/popolvuhlelivres00bras/page/214/mode/1up	65	deity	divine	attested		Brasseur de Bourbourg, Popol Vuh, K'iche' text with French (1861; PD), archive.org scan; Wikidata (CC0)	0.8
Zipacna	Q205421	Zipacna, Mayan mythological figure	boy	Zipacna	Zipacna	K'iche'	Maya religion		Popol Vuh	Popol Vuh	Brasseur 1861, p. 34	https://archive.org/details/popolvuhlelivres00bras/page/34/mode/1up	65	mythological_being	personal	attested		Brasseur de Bourbourg, Popol Vuh, K'iche' text with French (1861; PD), archive.org scan; Wikidata (CC0)	0.8
Hun Hunahpu	Q9294975	Hun Hunahpu, figure in Mayan mythology		Hunhun-Ahpu	Hunhun-Ahpu	K'iche'	Maya religion		Popol Vuh	Popol Vuh	Brasseur 1861, p. 34	https://archive.org/details/popolvuhlelivres00bras/page/34/mode/1up	64	deity	divine	attested		Brasseur de Bourbourg, Popol Vuh, K'iche' text with French (1861; PD), archive.org scan; Wikidata (CC0)	0.8
Iqi-Balam	slug:maya-religion:iqi-balam	Iqi-Balam		Iqi-Balam	Iqi-Balam	K'iche'	Maya religion		Popol Vuh	Popol Vuh	Brasseur 1861, p. 198	https://archive.org/details/popolvuhlelivres00bras/page/198/mode/1up	64	human	personal	attested		Brasseur de Bourbourg, Popol Vuh, K'iche' text with French (1861; PD), archive.org scan	0.75
Gucumatz	Q768072	Kukulkan, serpent deity in Mesoamerican mythology	boy	Gucumatz	Gucumatz	K'iche'	Maya religion		Popol Vuh	Popol Vuh	Brasseur 1861, p. 6	https://archive.org/details/popolvuhlelivres00bras/page/6/mode/1up	49	deity	divine	attested		Brasseur de Bourbourg, Popol Vuh, K'iche' text with French (1861; PD), archive.org scan; Wikidata (CC0)	0.8
Hunbatz	slug:maya-religion:hunbatz	Hun Batz and Hun Chuen		Hunbatz	Hunbatz	K'iche'	Maya religion		Popol Vuh	Popol Vuh	Brasseur 1861, p. 68	https://archive.org/details/popolvuhlelivres00bras/page/68/mode/1up	49	deity	divine	attested		Brasseur de Bourbourg, Popol Vuh, K'iche' text with French (1861; PD), archive.org scan	0.75
Vucub Came	slug:maya-religion:vucub-came	Vucub Came		Vukub-Camé	Vukub-Camé	K'iche'	Maya religion		Popol Vuh	Popol Vuh	Brasseur 1861, p. 72	https://archive.org/details/popolvuhlelivres00bras/page/72/mode/1up	48	deity	divine	attested		Brasseur de Bourbourg, Popol Vuh, K'iche' text with French (1861; PD), archive.org scan	0.75
Hunchouen	slug:maya-religion:hunchouen	Hun Batz and Hun Chuen		Hunchouen	Hunchouen	K'iche'	Maya religion		Popol Vuh	Popol Vuh	Brasseur 1861, p. 68	https://archive.org/details/popolvuhlelivres00bras/page/68/mode/1up	41	deity	divine	attested		Brasseur de Bourbourg, Popol Vuh, K'iche' text with French (1861; PD), archive.org scan	0.75
Cabrakan	Q3397444	Cabrakán, maya god of earthquakes and mountains	boy	Cabrakan	Cabrakan	K'iche'	Maya religion		Popol Vuh	Popol Vuh	Brasseur 1861, p. 34	https://archive.org/details/popolvuhlelivres00bras/page/34/mode/1up	35	mythological_being	personal	attested		Brasseur de Bourbourg, Popol Vuh, K'iche' text with French (1861; PD), archive.org scan; Wikidata (CC0)	0.8
Vucub Hunahpu	slug:maya-religion:vucub-hunahpu	Vucub Hunahpu		Vukub-Hunahpu	Vukub-Hunahpu	K'iche'	Maya religion		Popol Vuh	Popol Vuh	Brasseur 1861, p. 68	https://archive.org/details/popolvuhlelivres00bras/page/68/mode/1up	34	deity	divine	attested		Brasseur de Bourbourg, Popol Vuh, K'iche' text with French (1861; PD), archive.org scan	0.75
Quicab	slug:maya-religion:quicab	Quicab		Quicab	Quicab	K'iche'	Maya religion		Popol Vuh	Popol Vuh	Brasseur 1861, p. 316	https://archive.org/details/popolvuhlelivres00bras/page/316/mode/1up	29	royal	personal	attested		Brasseur de Bourbourg, Popol Vuh, K'iche' text with French (1861; PD), archive.org scan	0.75
Cotuha	slug:maya-religion:cotuha	Cotuha		Cotuha	Cotuha	K'iche'	Maya religion		Popol Vuh	Popol Vuh	Brasseur 1861, p. 300	https://archive.org/details/popolvuhlelivres00bras/page/300/mode/1up	27	royal	personal	attested		Brasseur de Bourbourg, Popol Vuh, K'iche' text with French (1861; PD), archive.org scan	0.75
Huracan	Q1162356	Huracan, Mayan deity	boy	Hurakan	Hurakan	K'iche'	Maya religion		Popol Vuh	Popol Vuh	Brasseur 1861, p. 8	https://archive.org/details/popolvuhlelivres00bras/page/8/mode/1up	27	deity	divine	attested		Brasseur de Bourbourg, Popol Vuh, K'iche' text with French (1861; PD), archive.org scan; Wikidata (CC0)	0.8
Ixmucane	Q3114415	Xmucane and Xpiacoc, characters in Maya mythology		Xmucané	Xmucané	K'iche'	Maya religion		Popol Vuh	Popol Vuh	Brasseur 1861, p. 4	https://archive.org/details/popolvuhlelivres00bras/page/4/mode/1up	26	deity	divine	attested		Brasseur de Bourbourg, Popol Vuh, K'iche' text with French (1861; PD), archive.org scan; Wikidata (CC0)	0.8
Ixpiyacoc	slug:maya-religion:ixpiyacoc	Xpiyacoc		Xpiyacoc	Xpiyacoc	K'iche'	Maya religion		Popol Vuh	Popol Vuh	Brasseur 1861, p. 4	https://archive.org/details/popolvuhlelivres00bras/page/4/mode/1up	21	deity	divine	attested		Brasseur de Bourbourg, Popol Vuh, K'iche' text with French (1861; PD), archive.org scan	0.75
Tepeu	Q7701283	Tepeu		Tepeu	Tepeu	K'iche'	Maya religion		Popol Vuh	Popol Vuh	Brasseur 1861, p. 6	https://archive.org/details/popolvuhlelivres00bras/page/6/mode/1up	18	deity	divine	attested		Brasseur de Bourbourg, Popol Vuh, K'iche' text with French (1861; PD), archive.org scan; Wikidata (CC0)	0.8
Cuchumaquic	slug:maya-religion:cuchumaquic	Cuchumaquic		Cuchumaquiq	Cuchumaquiq	K'iche'	Maya religion		Popol Vuh	Popol Vuh	Brasseur 1861, p. 72	https://archive.org/details/popolvuhlelivres00bras/page/72/mode/1up	17	deity	divine	attested		Brasseur de Bourbourg, Popol Vuh, K'iche' text with French (1861; PD), archive.org scan	0.75
Xpuch	slug:maya-religion:xpuch	Xpuch		Xpuch	Xpuch	K'iche'	Maya religion		Popol Vuh	Popol Vuh	Brasseur 1861, p. 266	https://archive.org/details/popolvuhlelivres00bras/page/266/mode/1up	15	human	personal	attested		Brasseur de Bourbourg, Popol Vuh, K'iche' text with French (1861; PD), archive.org scan	0.75
Xtah	slug:maya-religion:xtah	Xtah		Xtah	Xtah	K'iche'	Maya religion		Popol Vuh	Popol Vuh	Brasseur 1861, p. 266	https://archive.org/details/popolvuhlelivres00bras/page/266/mode/1up	15	human	personal	attested		Brasseur de Bourbourg, Popol Vuh, K'iche' text with French (1861; PD), archive.org scan	0.75
Qocavib	slug:maya-religion:qocavib	Qocavib		Qocavib	Qocavib	K'iche'	Maya religion		Popol Vuh	Popol Vuh	Brasseur 1861, p. 286	https://archive.org/details/popolvuhlelivres00bras/page/286/mode/1up	13	human	personal	attested		Brasseur de Bourbourg, Popol Vuh, K'iche' text with French (1861; PD), archive.org scan	0.75
Qocaib	slug:maya-religion:qocaib	Qocaib		Qocaib	Qocaib	K'iche'	Maya religion		Popol Vuh	Popol Vuh	Brasseur 1861, p. 286	https://archive.org/details/popolvuhlelivres00bras/page/286/mode/1up	9	human	personal	attested		Brasseur de Bourbourg, Popol Vuh, K'iche' text with French (1861; PD), archive.org scan	0.75
Ixquic	Q6143765	Xquic, Como		Xquiq	Xquiq	K'iche'	Maya religion		Popol Vuh	Popol Vuh	Brasseur 1861, p. 90	https://archive.org/details/popolvuhlelivres00bras/page/90/mode/1up	7	deity	divine	attested		Brasseur de Bourbourg, Popol Vuh, K'iche' text with French (1861; PD), archive.org scan; Wikidata (CC0)	0.8
Caha-Paluma	slug:maya-religion:caha-paluma	Caha-Paluma		Caha-Paluna	Caha-Paluna	K'iche'	Maya religion		Popol Vuh	Popol Vuh	Brasseur 1861, p. 204	https://archive.org/details/popolvuhlelivres00bras/page/204/mode/1up	3	human	personal	attested		Brasseur de Bourbourg, Popol Vuh, K'iche' text with French (1861; PD), archive.org scan	0.75
Tzununiha	slug:maya-religion:tzununiha	Tzununiha		Tzununiha	Tzununiha	K'iche'	Maya religion		Popol Vuh	Popol Vuh	Brasseur 1861, p. 205	https://archive.org/details/popolvuhlelivres00bras/page/205/mode/1up	3	human	personal	attested		Brasseur de Bourbourg, Popol Vuh, K'iche' text with French (1861; PD), archive.org scan	0.75
Chomiha	slug:maya-religion:chomiha	Chomiha		Chomiha	Chomiha	K'iche'	Maya religion		Popol Vuh	Popol Vuh	Brasseur 1861, p. 204	https://archive.org/details/popolvuhlelivres00bras/page/204/mode/1up	2	human	personal	attested		Brasseur de Bourbourg, Popol Vuh, K'iche' text with French (1861; PD), archive.org scan	0.75
Marduk	Q190123	Marduk, national god of the Babylonians	boy		Marduk	Akkadian	Mesopotamian religion		Enuma Elish	Seven Tablets of Creation	King 1902, p. 32	https://archive.org/details/the-seven-tablets-of-creation.-vol.-1/page/32/mode/1up	203	deity	divine	attested		L. W. King, The Seven Tablets of Creation, vol. 1 (1902; PD), archive.org scan; Wikidata (CC0)	0.8
Tiamat	Q145983	Tiamat, ancient Mesopotamian primordial goddess of the seawater and the symbol of the chaos of primordial cre…			Tiamat	Akkadian	Mesopotamian religion		Enuma Elish	Seven Tablets of Creation	King 1902, p. 4	https://archive.org/details/the-seven-tablets-of-creation.-vol.-1/page/4/mode/1up	160	deity	divine	attested		L. W. King, The Seven Tablets of Creation, vol. 1 (1902; PD), archive.org scan; Wikidata (CC0)	0.8
Anshar	Q771497	Anshar, Babylonian deity	boy		AnSar	Akkadian	Mesopotamian religion		Enuma Elish	Seven Tablets of Creation	King 1902, p. 4	https://archive.org/details/the-seven-tablets-of-creation.-vol.-1/page/4/mode/1up	52	deity	divine	attested		L. W. King, The Seven Tablets of Creation, vol. 1 (1902; PD), archive.org scan; Wikidata (CC0)	0.8
Anu	Q188536	Anu, Sumerian deity, Sky Father, King of the Gods	boy		Anu	Akkadian	Mesopotamian religion		Enuma Elish	Seven Tablets of Creation	King 1902, p. 4	https://archive.org/details/the-seven-tablets-of-creation.-vol.-1/page/4/mode/1up	48	deity	divine	attested		L. W. King, The Seven Tablets of Creation, vol. 1 (1902; PD), archive.org scan; Wikidata (CC0)	0.8
Kingu	Q762282	Kingu, deity	boy		Kingu	Akkadian	Mesopotamian religion		Enuma Elish	Seven Tablets of Creation	King 1902, p. 12	https://archive.org/details/the-seven-tablets-of-creation.-vol.-1/page/12/mode/1up	39	deity	divine	attested		L. W. King, The Seven Tablets of Creation, vol. 1 (1902; PD), archive.org scan; Wikidata (CC0)	0.8
Mummu	Q1276629	Mummu, mesopotamian deity	boy		Mummu	Akkadian	Mesopotamian religion		Enuma Elish	Seven Tablets of Creation	King 1902, p. 6	https://archive.org/details/the-seven-tablets-of-creation.-vol.-1/page/6/mode/1up	22	deity	divine	attested		L. W. King, The Seven Tablets of Creation, vol. 1 (1902; PD), archive.org scan; Wikidata (CC0)	0.8
Nudimmud	Q189726	Enki, god in Sumerian mythology; god of ritual wisdom	boy		Nudimmud	Akkadian	Mesopotamian religion		Enuma Elish	Seven Tablets of Creation	King 1902, p. 5	https://archive.org/details/the-seven-tablets-of-creation.-vol.-1/page/5/mode/1up	18	deity	epithet	attested	another name of Enki	L. W. King, The Seven Tablets of Creation, vol. 1 (1902; PD), archive.org scan; Wikidata (CC0)	0.8
Shamash	Q332188	Shamash, Mesopotamian sun god	boy		Samas	Akkadian	Mesopotamian religion		Enuma Elish	Seven Tablets of Creation	King 1902, p. 80	https://archive.org/details/the-seven-tablets-of-creation.-vol.-1/page/80/mode/1up	14	deity	divine	attested		L. W. King, The Seven Tablets of Creation, vol. 1 (1902; PD), archive.org scan; Wikidata (CC0)	0.8
Ishtar	Q272523	Inanna, Sumerian goddess	girl		Ishtar	Akkadian	Mesopotamian religion		Enuma Elish	Seven Tablets of Creation	King 1902, p. 139	https://archive.org/details/the-seven-tablets-of-creation.-vol.-1/page/139/mode/1up	11	deity	divine	attested		L. W. King, The Seven Tablets of Creation, vol. 1 (1902; PD), archive.org scan; Wikidata (CC0)	0.8
Lahmu	Q932672	Lahmu, male deity from Akkadian mythology	boy		Lahmu	Akkadian	Mesopotamian religion		Enuma Elish	Seven Tablets of Creation	King 1902, p. 4	https://archive.org/details/the-seven-tablets-of-creation.-vol.-1/page/4/mode/1up	11	deity	divine	attested		L. W. King, The Seven Tablets of Creation, vol. 1 (1902; PD), archive.org scan; Wikidata (CC0)	0.8
Lahamu	Q1094932	Lahamu, female deity in Akkadian mythology	girl		Lahamu	Akkadian	Mesopotamian religion		Enuma Elish	Seven Tablets of Creation	King 1902, p. 4	https://archive.org/details/the-seven-tablets-of-creation.-vol.-1/page/4/mode/1up	10	deity	divine	attested		L. W. King, The Seven Tablets of Creation, vol. 1 (1902; PD), archive.org scan; Wikidata (CC0)	0.8
Nergal	Q468912	Nergal, underworld deity worshipped throughout Mesopotamia	boy		Nergal	Akkadian	Mesopotamian religion		Enuma Elish	Seven Tablets of Creation	King 1902, p. 140	https://archive.org/details/the-seven-tablets-of-creation.-vol.-1/page/140/mode/1up	7	deity	divine	attested		L. W. King, The Seven Tablets of Creation, vol. 1 (1902; PD), archive.org scan; Wikidata (CC0)	0.8
Asaru	Q190123	Marduk, national god of the Babylonians	boy		Asaru-alim	Akkadian	Mesopotamian religion		Enuma Elish	Seven Tablets of Creation	King 1902, p. 92	https://archive.org/details/the-seven-tablets-of-creation.-vol.-1/page/92/mode/1up	5	deity	epithet	attested	another name of Marduk	L. W. King, The Seven Tablets of Creation, vol. 1 (1902; PD), archive.org scan; Wikidata (CC0)	0.8
Ummu-Hubur	Q145983	Tiamat, ancient Mesopotamian primordial goddess of the seawater and the symbol of the chaos of primordial cre…			Ummu-Hubur	Akkadian	Mesopotamian religion		Enuma Elish	Seven Tablets of Creation	King 1902, p. 25	https://archive.org/details/the-seven-tablets-of-creation.-vol.-1/page/25/mode/1up	5	deity	epithet	attested	another name of Tiamat	L. W. King, The Seven Tablets of Creation, vol. 1 (1902; PD), archive.org scan; Wikidata (CC0)	0.8
Adad	Q682855	Hadad, god of thunder and rain that belongs to Aramean and Assyrian pantheon	boy		Adad	Akkadian	Mesopotamian religion		Enuma Elish	Seven Tablets of Creation	King 1902, p. 198	https://archive.org/details/the-seven-tablets-of-creation.-vol.-1/page/198/mode/1up	4	deity	divine	attested		L. W. King, The Seven Tablets of Creation, vol. 1 (1902; PD), archive.org scan; Wikidata (CC0)	0.8
Aruru	Q836170	Ninhursag, sumerian goddess	girl		Aruru	Akkadian	Mesopotamian religion		Enuma Elish	Seven Tablets of Creation	King 1902, p. 135	https://archive.org/details/the-seven-tablets-of-creation.-vol.-1/page/135/mode/1up	2	deity	divine	attested		L. W. King, The Seven Tablets of Creation, vol. 1 (1902; PD), archive.org scan; Wikidata (CC0)	0.8
Gilgamesh	Q159709	Gilgamesh, Sumerian ruler and protagonist of the Epic of Gilgamesh	boy		Gilgamish	Akkadian	Mesopotamian religion		Epic of Gilgamesh	Epic of Gilgamish	Thompson 1928, p. 10	https://archive.org/details/thompson-1928-gilgamesh/page/10/mode/1up	202	royal	personal	attested		R. Campbell Thompson, The Epic of Gilgamish (1928; PD in the US), archive.org scan; Wikidata (CC0)	0.8
Enkidu	Q463220	Enkidu, character from the Epic of Gilgamesh	boy		Enkidu	Akkadian	Mesopotamian religion		Epic of Gilgamesh	Epic of Gilgamish	Thompson 1928, p. 10	https://archive.org/details/thompson-1928-gilgamesh/page/10/mode/1up	124	human	personal	attested		R. Campbell Thompson, The Epic of Gilgamish (1928; PD in the US), archive.org scan; Wikidata (CC0)	0.8
Humbaba	Q425449	Humbaba, mythical creature	boy		Humbaba	Akkadian	Mesopotamian religion		Epic of Gilgamesh	Epic of Gilgamish	Thompson 1928, p. 19	https://archive.org/details/thompson-1928-gilgamesh/page/19/mode/1up	36	mythological_being	personal	attested		R. Campbell Thompson, The Epic of Gilgamish (1928; PD in the US), archive.org scan; Wikidata (CC0)	0.8
Utnapishtim	Q767983	Utnapishtim, mythological character from ''The Epic of Gilgamesh''	boy		Uta-Napishtim	Akkadian	Mesopotamian religion		Epic of Gilgamesh	Epic of Gilgamish	Thompson 1928, p. 41	https://archive.org/details/thompson-1928-gilgamesh/page/41/mode/1up	32	human	personal	attested		R. Campbell Thompson, The Epic of Gilgamish (1928; PD in the US), archive.org scan; Wikidata (CC0)	0.8
Urshanabi	Q4006518	Urshanabi, Ferryman of the river of the dead in Mesopotamian myth			Ur-Shanabi	Akkadian	Mesopotamian religion		Epic of Gilgamesh	Epic of Gilgamish	Thompson 1928, p. 46	https://archive.org/details/thompson-1928-gilgamesh/page/46/mode/1up	26	human	personal	attested		R. Campbell Thompson, The Epic of Gilgamish (1928; PD in the US), archive.org scan; Wikidata (CC0)	0.8
Anu	Q188536	Anu, Sumerian deity, Sky Father, King of the Gods	boy		Anu	Akkadian	Mesopotamian religion		Epic of Gilgamesh	Epic of Gilgamish	Thompson 1928, p. 10	https://archive.org/details/thompson-1928-gilgamesh/page/10/mode/1up	23	deity	divine	attested		R. Campbell Thompson, The Epic of Gilgamish (1928; PD in the US), archive.org scan; Wikidata (CC0)	0.8
Ishtar	Q272523	Inanna, Sumerian goddess	girl		Ishtar	Akkadian	Mesopotamian religion		Epic of Gilgamesh	Epic of Gilgamish	Thompson 1928, p. 13	https://archive.org/details/thompson-1928-gilgamesh/page/13/mode/1up	22	deity	divine	attested		R. Campbell Thompson, The Epic of Gilgamish (1928; PD in the US), archive.org scan; Wikidata (CC0)	0.8
Shamash	Q332188	Shamash, Mesopotamian sun god	boy		Shamash	Akkadian	Mesopotamian religion		Epic of Gilgamesh	Epic of Gilgamish	Thompson 1928, p. 14	https://archive.org/details/thompson-1928-gilgamesh/page/14/mode/1up	20	deity	divine	attested		R. Campbell Thompson, The Epic of Gilgamish (1928; PD in the US), archive.org scan; Wikidata (CC0)	0.8
Ninsun	Q848327	Ninsun, Sumerian goddess	girl		Nin-sun	Akkadian	Mesopotamian religion		Epic of Gilgamesh	Epic of Gilgamish	Thompson 1928, p. 15	https://archive.org/details/thompson-1928-gilgamesh/page/15/mode/1up	9	deity	divine	attested		R. Campbell Thompson, The Epic of Gilgamish (1928; PD in the US), archive.org scan; Wikidata (CC0)	0.8
Nergal	Q468912	Nergal, underworld deity worshipped throughout Mesopotamia	boy		Nergal	Akkadian	Mesopotamian religion		Epic of Gilgamesh	Epic of Gilgamish	Thompson 1928, p. 58	https://archive.org/details/thompson-1928-gilgamesh/page/58/mode/1up	7	deity	divine	attested		R. Campbell Thompson, The Epic of Gilgamish (1928; PD in the US), archive.org scan; Wikidata (CC0)	0.8
Siduri	Q1550671	Siduri, mythological figure	girl		Siduri	Akkadian	Mesopotamian religion		Epic of Gilgamesh	Epic of Gilgamish	Thompson 1928, p. 43	https://archive.org/details/thompson-1928-gilgamesh/page/43/mode/1up	7	deity	divine	attested		R. Campbell Thompson, The Epic of Gilgamish (1928; PD in the US), archive.org scan; Wikidata (CC0)	0.8
Aruru	Q836170	Ninhursag, sumerian goddess	girl		Aruru	Akkadian	Mesopotamian religion		Epic of Gilgamesh	Epic of Gilgamish	Thompson 1928, p. 10	https://archive.org/details/thompson-1928-gilgamesh/page/10/mode/1up	4	deity	divine	attested		R. Campbell Thompson, The Epic of Gilgamish (1928; PD in the US), archive.org scan; Wikidata (CC0)	0.8
Ishullanu	slug:mesopotamian-religion:ishullanu	Ishullanu			Ishullanu	Akkadian	Mesopotamian religion		Epic of Gilgamesh	Epic of Gilgamish	Thompson 1928, p. 33	https://archive.org/details/thompson-1928-gilgamesh/page/33/mode/1up	4	human	personal	attested		R. Campbell Thompson, The Epic of Gilgamish (1928; PD in the US), archive.org scan	0.75
Lugalbanda	Q755755	Lugalbanda, Sumerian king	boy		Lugal-banda	Akkadian	Mesopotamian religion		Epic of Gilgamesh	Epic of Gilgamish	Thompson 1928, p. 23	https://archive.org/details/thompson-1928-gilgamesh/page/23/mode/1up	4	royal	personal	attested		R. Campbell Thompson, The Epic of Gilgamish (1928; PD in the US), archive.org scan; Wikidata (CC0)	0.8
Ninurta	Q726282	Ninurta, mesopotamian deity	boy		Ninurta	Akkadian	Mesopotamian religion		Epic of Gilgamesh	Epic of Gilgamish	Thompson 1928, p. 10	https://archive.org/details/thompson-1928-gilgamesh/page/10/mode/1up	4	deity	divine	attested		R. Campbell Thompson, The Epic of Gilgamish (1928; PD in the US), archive.org scan; Wikidata (CC0)	0.8
Tammuz	Q549619	Tammuz, Sumerian god	boy		Tammuz	Akkadian	Mesopotamian religion		Epic of Gilgamesh	Epic of Gilgamish	Thompson 1928, p. 23	https://archive.org/details/thompson-1928-gilgamesh/page/23/mode/1up	4	deity	divine	attested		R. Campbell Thompson, The Epic of Gilgamish (1928; PD in the US), archive.org scan; Wikidata (CC0)	0.8
Adad	Q682855	Hadad, god of thunder and rain that belongs to Aramean and Assyrian pantheon	boy		Adad	Akkadian	Mesopotamian religion		Epic of Gilgamesh	Epic of Gilgamish	Thompson 1928, p. 21	https://archive.org/details/thompson-1928-gilgamesh/page/21/mode/1up	3	deity	divine	attested		R. Campbell Thompson, The Epic of Gilgamish (1928; PD in the US), archive.org scan; Wikidata (CC0)	0.8
Namtar	Q920319	Namtar, Mesopotamian mythical being inhabiting the underworld	boy		Namtar	Akkadian	Mesopotamian religion		Epic of Gilgamesh	Epic of Gilgamish	Thompson 1928, p. 58	https://archive.org/details/thompson-1928-gilgamesh/page/58/mode/1up	3	deity	divine	attested		R. Campbell Thompson, The Epic of Gilgamish (1928; PD in the US), archive.org scan; Wikidata (CC0)	0.8
Ubara-Tutu	Q4468530	Ubara-Tutu, mythological eighth antediluvian king of Sumer	boy		Ubara-Tutu	Akkadian	Mesopotamian religion		Epic of Gilgamesh	Epic of Gilgamish	Thompson 1928, p. 42	https://archive.org/details/thompson-1928-gilgamesh/page/42/mode/1up	2	royal	personal	attested		R. Campbell Thompson, The Epic of Gilgamish (1928; PD in the US), archive.org scan; Wikidata (CC0)	0.8
Paoa	slug:maori-religion:paoa	Paoa (Māori ancestor)		Pāoa	Pāoa	Māori	Māori religion		Māori oral tradition, as recorded in George Grey, Polynesian Mythology (1855)	The Story of Marutūāhu, the Son of Hotunui, and of Kahureremoa, the Daughter of Paka	Grey, Polynesian Mythology, The Story of Marutūāhu, the Son of Hotunui, and of Kahureremoa, the Daughter of Paka	https://standardebooks.org/ebooks/george-grey/polynesian-mythology/text/chapter-16	164	human	personal	attested		Standard Ebooks, George Grey, Polynesian Mythology (1855; PD; macrons as edited by Standard Ebooks / NZETC)	0.75
Maui	Q1806741	Māui, culture hero in Maori mythology	boy	Māui	Māui	Māori	Māori religion		Māori oral tradition, as recorded in George Grey, Polynesian Mythology (1855)	The Children of Heaven and Earth	Grey, Polynesian Mythology, The Children of Heaven and Earth	https://standardebooks.org/ebooks/george-grey/polynesian-mythology/text/chapter-1	92	deity	divine	attested		Standard Ebooks, George Grey, Polynesian Mythology (1855; PD; macrons as edited by Standard Ebooks / NZETC); Wikidata (CC0)	0.95
Ngatoroirangi	Q7023301	Ngātoro-i-rangi		Ngātoroirangi	Ngātoroirangi	Māori	Māori religion		Māori oral tradition, as recorded in George Grey, Polynesian Mythology (1855)	The Voyage to New Zealand	Grey, Polynesian Mythology, The Voyage to New Zealand	https://standardebooks.org/ebooks/george-grey/polynesian-mythology/text/chapter-10	68	human	personal	attested		Standard Ebooks, George Grey, Polynesian Mythology (1855; PD; macrons as edited by Standard Ebooks / NZETC); Wikidata (CC0)	0.95
Whakatau	Q7990478	Whakatau		Whakatau	Whakatau	Māori	Māori religion		Māori oral tradition, as recorded in George Grey, Polynesian Mythology (1855)	The Legend of Tūwhakararo	Grey, Polynesian Mythology, The Legend of Tūwhakararo	https://standardebooks.org/ebooks/george-grey/polynesian-mythology/text/chapter-6	63	human	personal	attested		Standard Ebooks, George Grey, Polynesian Mythology (1855; PD; macrons as edited by Standard Ebooks / NZETC); Wikidata (CC0)	0.95
Tawhaki	Q7862519	Tāwhaki, mythical being in Māori mythology		Tāwhaki	Tāwhaki	Māori	Māori religion		Māori oral tradition, as recorded in George Grey, Polynesian Mythology (1855)	The Legend of Tāwhaki	Grey, Polynesian Mythology, The Legend of Tāwhaki	https://standardebooks.org/ebooks/george-grey/polynesian-mythology/text/chapter-3	59	deity	divine	attested		Standard Ebooks, George Grey, Polynesian Mythology (1855; PD; macrons as edited by Standard Ebooks / NZETC); Wikidata (CC0)	0.95
Hatupatu	Q5682241	Hatupatu, Chief of Te Arawa		Hatupatu	Hatupatu	Māori	Māori religion		Māori oral tradition, as recorded in George Grey, Polynesian Mythology (1855)	The Legend of Hatupatu and His Brothers	Grey, Polynesian Mythology, The Legend of Hatupatu and His Brothers	https://standardebooks.org/ebooks/george-grey/polynesian-mythology/text/chapter-12	56	human	personal	attested		Standard Ebooks, George Grey, Polynesian Mythology (1855; PD; macrons as edited by Standard Ebooks / NZETC); Wikidata (CC0)	0.95
Turi	Q7854908	Turi, māori mythological captain	boy	Turi	Turi	Māori	Māori religion		Māori oral tradition, as recorded in George Grey, Polynesian Mythology (1855)	Legend of the Emigration of Turi	Grey, Polynesian Mythology, Legend of the Emigration of Turi	https://standardebooks.org/ebooks/george-grey/polynesian-mythology/text/chapter-13	56	human	personal	attested		Standard Ebooks, George Grey, Polynesian Mythology (1855; PD; macrons as edited by Standard Ebooks / NZETC); Wikidata (CC0)	0.95
Marutuahu	Q24998500	Marutūāhu, māori iwi in New Zealand		Marutūāhu	Marutūāhu	Māori	Māori religion		Māori oral tradition, as recorded in George Grey, Polynesian Mythology (1855)	The Story of Marutūāhu, the Son of Hotunui, and of Kahureremoa, the Daughter of Paka	Grey, Polynesian Mythology, The Story of Marutūāhu, the Son of Hotunui, and of Kahureremoa, the Daughter of Paka	https://standardebooks.org/ebooks/george-grey/polynesian-mythology/text/chapter-16	45	human	personal	attested		Standard Ebooks, George Grey, Polynesian Mythology (1855; PD; macrons as edited by Standard Ebooks / NZETC); Wikidata (CC0)	0.95
Tutanekai	Q135902042	Tūtānekai, New Zealand Māori rangatira (chief)		Tūtānekai	Tūtānekai	Māori	Māori religion		Māori oral tradition, as recorded in George Grey, Polynesian Mythology (1855)	The Story of Hinemoa	Grey, Polynesian Mythology, The Story of Hinemoa	https://standardebooks.org/ebooks/george-grey/polynesian-mythology/text/chapter-15	44	human	personal	attested		Standard Ebooks, George Grey, Polynesian Mythology (1855; PD; macrons as edited by Standard Ebooks / NZETC); Wikidata (CC0)	0.95
Tinirau	Q6471483	Tinirau, Polynesian deity		Tinirau	Tinirau	Māori	Māori religion		Māori oral tradition, as recorded in George Grey, Polynesian Mythology (1855)	The Legend of Rupe	Grey, Polynesian Mythology, The Legend of Rupe	https://standardebooks.org/ebooks/george-grey/polynesian-mythology/text/chapter-4	43	deity	divine	attested		Standard Ebooks, George Grey, Polynesian Mythology (1855; PD; macrons as edited by Standard Ebooks / NZETC); Wikidata (CC0)	0.95
Kae	slug:maori-religion:kae	Kae (mythology)		Kae	Kae	Māori	Māori religion		Māori oral tradition, as recorded in George Grey, Polynesian Mythology (1855)	The Legend of Kae’s Theft of the Whale	Grey, Polynesian Mythology, The Legend of Kae’s Theft of the Whale	https://standardebooks.org/ebooks/george-grey/polynesian-mythology/text/chapter-5	41	human	personal	attested		Standard Ebooks, George Grey, Polynesian Mythology (1855; PD; macrons as edited by Standard Ebooks / NZETC)	0.75
Tamatekapua	Q7680498	Tama-te-kapua, captain of the Arawa canoe who sailed to New Zealand	boy	Tamatekapua	Tamatekapua	Māori	Māori religion		Māori oral tradition, as recorded in George Grey, Polynesian Mythology (1855)	The Legend of Toitehuatahi and Tamatekapua	Grey, Polynesian Mythology, The Legend of Toitehuatahi and Tamatekapua	https://standardebooks.org/ebooks/george-grey/polynesian-mythology/text/chapter-8	41	human	personal	attested		Standard Ebooks, George Grey, Polynesian Mythology (1855; PD; macrons as edited by Standard Ebooks / NZETC); Wikidata (CC0)	0.95
Rata	Q7386800	Rata, māori legend		Rātā	Rātā	Māori	Māori religion		Māori oral tradition, as recorded in George Grey, Polynesian Mythology (1855)	The Legend of Rātā	Grey, Polynesian Mythology, The Legend of Rātā	https://standardebooks.org/ebooks/george-grey/polynesian-mythology/text/chapter-7	37	human	personal	attested		Standard Ebooks, George Grey, Polynesian Mythology (1855; PD; macrons as edited by Standard Ebooks / NZETC); Wikidata (CC0)	0.95
Hinemoa	Q136376997	Hinemoa, te Arawa woman	girl	Hinemoa	Hinemoa	Māori	Māori religion		Māori oral tradition, as recorded in George Grey, Polynesian Mythology (1855)	The Story of Hinemoa	Grey, Polynesian Mythology, The Story of Hinemoa	https://standardebooks.org/ebooks/george-grey/polynesian-mythology/text/chapter-15	35	human	personal	attested		Standard Ebooks, George Grey, Polynesian Mythology (1855; PD; macrons as edited by Standard Ebooks / NZETC); Wikidata (CC0)	0.95
Uenuku	Q4479800	Uenuku, Māori god and ancestor	boy	Uenuku	Uenuku	Māori	Māori religion		Māori oral tradition, as recorded in George Grey, Polynesian Mythology (1855)	The Legend of Toitehuatahi and Tamatekapua	Grey, Polynesian Mythology, The Legend of Toitehuatahi and Tamatekapua	https://standardebooks.org/ebooks/george-grey/polynesian-mythology/text/chapter-8	30	deity	divine	attested		Standard Ebooks, George Grey, Polynesian Mythology (1855; PD; macrons as edited by Standard Ebooks / NZETC); Wikidata (CC0)	0.95
Kupe	Q1792784	Kupe, Māori mythological explorer	boy	Kupe	Kupe	Māori	Māori religion		Māori oral tradition, as recorded in George Grey, Polynesian Mythology (1855)	Legend of the Emigration of Turi	Grey, Polynesian Mythology, Legend of the Emigration of Turi	https://standardebooks.org/ebooks/george-grey/polynesian-mythology/text/chapter-13	29	human	personal	attested		Standard Ebooks, George Grey, Polynesian Mythology (1855; PD; macrons as edited by Standard Ebooks / NZETC); Wikidata (CC0)	0.95
Hawaiki	Q1591621	Hawaiki, mythical Polynesian island		Hawaiki	Hawaiki	Māori	Māori religion		Māori oral tradition, as recorded in George Grey, Polynesian Mythology (1855)	The Legend of Māui	Grey, Polynesian Mythology, The Legend of Māui	https://standardebooks.org/ebooks/george-grey/polynesian-mythology/text/chapter-2	25	place	word	attested		Standard Ebooks, George Grey, Polynesian Mythology (1855; PD; macrons as edited by Standard Ebooks / NZETC); Wikidata (CC0)	0.95
Tawhirimatea	Q2006270	Tāwhirimātea, Maori wind god	boy	Tāwhirimātea	Tāwhirimātea	Māori	Māori religion		Māori oral tradition, as recorded in George Grey, Polynesian Mythology (1855)	The Children of Heaven and Earth	Grey, Polynesian Mythology, The Children of Heaven and Earth	https://standardebooks.org/ebooks/george-grey/polynesian-mythology/text/chapter-1	25	deity	divine	attested		Standard Ebooks, George Grey, Polynesian Mythology (1855; PD; macrons as edited by Standard Ebooks / NZETC); Wikidata (CC0)	0.95
Hotunui	Q111947190	Hotunui, New Zealand Māori tribal leader (16th century)	boy	Hotunui	Hotunui	Māori	Māori religion		Māori oral tradition, as recorded in George Grey, Polynesian Mythology (1855)	The Story of Marutūāhu, the Son of Hotunui, and of Kahureremoa, the Daughter of Paka	Grey, Polynesian Mythology, The Story of Marutūāhu, the Son of Hotunui, and of Kahureremoa, the Daughter of Paka	https://standardebooks.org/ebooks/george-grey/polynesian-mythology/text/chapter-16	24	human	personal	attested		Standard Ebooks, George Grey, Polynesian Mythology (1855; PD; macrons as edited by Standard Ebooks / NZETC); Wikidata (CC0)	0.95
Rupe	slug:maori-religion:rupe	Rupe (mythology)		Rupe	Rupe	Māori	Māori religion		Māori oral tradition, as recorded in George Grey, Polynesian Mythology (1855)	The Legend of Rupe	Grey, Polynesian Mythology, The Legend of Rupe	https://standardebooks.org/ebooks/george-grey/polynesian-mythology/text/chapter-4	23	deity	divine	attested		Standard Ebooks, George Grey, Polynesian Mythology (1855; PD; macrons as edited by Standard Ebooks / NZETC)	0.75
Rehua	Q693587	Rehua, deity	boy	Rehua	Rehua	Māori	Māori religion		Māori oral tradition, as recorded in George Grey, Polynesian Mythology (1855)	The Legend of Rupe	Grey, Polynesian Mythology, The Legend of Rupe	https://standardebooks.org/ebooks/george-grey/polynesian-mythology/text/chapter-4	22	deity	divine	attested		Standard Ebooks, George Grey, Polynesian Mythology (1855; PD; macrons as edited by Standard Ebooks / NZETC); Wikidata (CC0)	0.95
Kahureremoa	slug:maori-religion:kahureremoa	Kahureremoa		Kahureremoa	Kahureremoa	Māori	Māori religion		Māori oral tradition, as recorded in George Grey, Polynesian Mythology (1855)	The Story of Marutūāhu, the Son of Hotunui, and of Kahureremoa, the Daughter of Paka	Grey, Polynesian Mythology, The Story of Marutūāhu, the Son of Hotunui, and of Kahureremoa, the Daughter of Paka	https://standardebooks.org/ebooks/george-grey/polynesian-mythology/text/chapter-16	20	human	personal	attested		Standard Ebooks, George Grey, Polynesian Mythology (1855; PD; macrons as edited by Standard Ebooks / NZETC)	0.75
Tane	Q1790773	Tane, god of forests and of birds in Māori mythology	boy	Tāne	Tāne	Māori	Māori religion		Māori oral tradition, as recorded in George Grey, Polynesian Mythology (1855)	The Children of Heaven and Earth	Grey, Polynesian Mythology, The Children of Heaven and Earth	https://standardebooks.org/ebooks/george-grey/polynesian-mythology/text/chapter-1	20	deity	divine	attested		Standard Ebooks, George Grey, Polynesian Mythology (1855; PD; macrons as edited by Standard Ebooks / NZETC); Wikidata (CC0)	0.95
Karihi	Q6370501	Karihi		Karihi	Karihi	Māori	Māori religion		Māori oral tradition, as recorded in George Grey, Polynesian Mythology (1855)	The Legend of Tāwhaki	Grey, Polynesian Mythology, The Legend of Tāwhaki	https://standardebooks.org/ebooks/george-grey/polynesian-mythology/text/chapter-3	18	human	personal	attested		Standard Ebooks, George Grey, Polynesian Mythology (1855; PD; macrons as edited by Standard Ebooks / NZETC); Wikidata (CC0)	0.95
Tangaroa	Q1241320	Tangaroa, Maori sea and water body god	boy	Tangaroa	Tangaroa	Māori	Māori religion		Māori oral tradition, as recorded in George Grey, Polynesian Mythology (1855)	The Children of Heaven and Earth	Grey, Polynesian Mythology, The Children of Heaven and Earth	https://standardebooks.org/ebooks/george-grey/polynesian-mythology/text/chapter-1	16	deity	divine	attested		Standard Ebooks, George Grey, Polynesian Mythology (1855; PD; macrons as edited by Standard Ebooks / NZETC); Wikidata (CC0)	0.95
Tuwhakararo	Q7862773	Tūwhakararo, mythological Māori chief		Tūwhakararo	Tūwhakararo	Māori	Māori religion		Māori oral tradition, as recorded in George Grey, Polynesian Mythology (1855)	The Legend of Tūwhakararo	Grey, Polynesian Mythology, The Legend of Tūwhakararo	https://standardebooks.org/ebooks/george-grey/polynesian-mythology/text/chapter-6	16	human	personal	attested		Standard Ebooks, George Grey, Polynesian Mythology (1855; PD; macrons as edited by Standard Ebooks / NZETC); Wikidata (CC0)	0.95
Tumatauenga	Q1507592	Tūmatauenga, Maori war god	boy	Tūmatauenga	Tūmatauenga	Māori	Māori religion		Māori oral tradition, as recorded in George Grey, Polynesian Mythology (1855)	The Children of Heaven and Earth	Grey, Polynesian Mythology, The Children of Heaven and Earth	https://standardebooks.org/ebooks/george-grey/polynesian-mythology/text/chapter-1	15	deity	divine	attested		Standard Ebooks, George Grey, Polynesian Mythology (1855; PD; macrons as edited by Standard Ebooks / NZETC); Wikidata (CC0)	0.95
Rangi	Q2130974	Rangi and Papa, primordial parents in Māori mythology		Rangi	Rangi	Māori	Māori religion		Māori oral tradition, as recorded in George Grey, Polynesian Mythology (1855)	The Children of Heaven and Earth	Grey, Polynesian Mythology, The Children of Heaven and Earth	https://standardebooks.org/ebooks/george-grey/polynesian-mythology/text/chapter-1	14	deity	divine	attested		Standard Ebooks, George Grey, Polynesian Mythology (1855; PD; macrons as edited by Standard Ebooks / NZETC); Wikidata (CC0)	0.95
Hina	Q2075292	Hina, Polynesian goddess	girl	Hina	Hina	Māori	Māori religion		Māori oral tradition, as recorded in George Grey, Polynesian Mythology (1855)	The Legend of Māui	Grey, Polynesian Mythology, The Legend of Māui	https://standardebooks.org/ebooks/george-grey/polynesian-mythology/text/chapter-2	12	deity	divine	attested		Standard Ebooks, George Grey, Polynesian Mythology (1855; PD; macrons as edited by Standard Ebooks / NZETC); Wikidata (CC0)	0.95
Irawaru	Q6068343	Irawaru		Irawaru	Irawaru	Māori	Māori religion		Māori oral tradition, as recorded in George Grey, Polynesian Mythology (1855)	The Legend of Māui	Grey, Polynesian Mythology, The Legend of Māui	https://standardebooks.org/ebooks/george-grey/polynesian-mythology/text/chapter-2	12	human	personal	attested		Standard Ebooks, George Grey, Polynesian Mythology (1855; PD; macrons as edited by Standard Ebooks / NZETC); Wikidata (CC0)	0.95
Takarangi	slug:maori-religion:takarangi	Takarangi		Takarangi	Takarangi	Māori	Māori religion		Māori oral tradition, as recorded in George Grey, Polynesian Mythology (1855)	The Loves of Takarangi and Raumahora	Grey, Polynesian Mythology, The Loves of Takarangi and Raumahora	https://standardebooks.org/ebooks/george-grey/polynesian-mythology/text/chapter-21	12	human	personal	attested		Standard Ebooks, George Grey, Polynesian Mythology (1855; PD; macrons as edited by Standard Ebooks / NZETC)	0.75
Tutunui	slug:maori-religion:tutunui	Tutunui		Tutunui	Tutunui	Māori	Māori religion		Māori oral tradition, as recorded in George Grey, Polynesian Mythology (1855)	The Legend of Kae’s Theft of the Whale	Grey, Polynesian Mythology, The Legend of Kae’s Theft of the Whale	https://standardebooks.org/ebooks/george-grey/polynesian-mythology/text/chapter-5	12	mythological_being	personal	attested		Standard Ebooks, George Grey, Polynesian Mythology (1855; PD; macrons as edited by Standard Ebooks / NZETC)	0.75
Ihenga	Q96217229	Ihenga, early Māori explorer	boy	Īhenga	Īhenga	Māori	Māori religion		Māori oral tradition, as recorded in George Grey, Polynesian Mythology (1855)	The Voyage to New Zealand	Grey, Polynesian Mythology, The Voyage to New Zealand	https://standardebooks.org/ebooks/george-grey/polynesian-mythology/text/chapter-10	11	human	personal	attested		Standard Ebooks, George Grey, Polynesian Mythology (1855; PD; macrons as edited by Standard Ebooks / NZETC); Wikidata (CC0)	0.95
Kahukura	slug:maori-religion:kahukura	Kahukura		Kāhukura	Kāhukura	Māori	Māori religion		Māori oral tradition, as recorded in George Grey, Polynesian Mythology (1855)	The Curse of Manaia	Grey, Polynesian Mythology, The Curse of Manaia	https://standardebooks.org/ebooks/george-grey/polynesian-mythology/text/chapter-11	10	human	personal	attested		Standard Ebooks, George Grey, Polynesian Mythology (1855; PD; macrons as edited by Standard Ebooks / NZETC)	0.75
Toi	slug:maori-religion:toi	Toi (Māori ancestor)		Toi	Toi	Māori	Māori religion		Māori oral tradition, as recorded in George Grey, Polynesian Mythology (1855)	The Legend of Toitehuatahi and Tamatekapua	Grey, Polynesian Mythology, The Legend of Toitehuatahi and Tamatekapua	https://standardebooks.org/ebooks/george-grey/polynesian-mythology/text/chapter-8	10	human	personal	attested		Standard Ebooks, George Grey, Polynesian Mythology (1855; PD; macrons as edited by Standard Ebooks / NZETC)	0.75
Wahieroa	Q7959795	Wahieroa, māori mythological figure		Wahieroa	Wahieroa	Māori	Māori religion		Māori oral tradition, as recorded in George Grey, Polynesian Mythology (1855)	The Legend of Tāwhaki	Grey, Polynesian Mythology, The Legend of Tāwhaki	https://standardebooks.org/ebooks/george-grey/polynesian-mythology/text/chapter-3	10	human	personal	attested		Standard Ebooks, George Grey, Polynesian Mythology (1855; PD; macrons as edited by Standard Ebooks / NZETC); Wikidata (CC0)	0.95
Apakura	Q4778996	Apakura		Apakura	Apakura	Māori	Māori religion		Māori oral tradition, as recorded in George Grey, Polynesian Mythology (1855)	The Legend of Tūwhakararo	Grey, Polynesian Mythology, The Legend of Tūwhakararo	https://standardebooks.org/ebooks/george-grey/polynesian-mythology/text/chapter-6	9	human	personal	attested		Standard Ebooks, George Grey, Polynesian Mythology (1855; PD; macrons as edited by Standard Ebooks / NZETC); Wikidata (CC0)	0.95
Haungaroa	Q5682585	Haungaroa		Haungaroa	Haungaroa	Māori	Māori religion		Māori oral tradition, as recorded in George Grey, Polynesian Mythology (1855)	The Curse of Manaia	Grey, Polynesian Mythology, The Curse of Manaia	https://standardebooks.org/ebooks/george-grey/polynesian-mythology/text/chapter-11	9	human	personal	attested		Standard Ebooks, George Grey, Polynesian Mythology (1855; PD; macrons as edited by Standard Ebooks / NZETC); Wikidata (CC0)	0.95
Hine-i-te-iwaiwa	slug:maori-religion:hine-i-te-iwaiwa	Hine-te-iwaiwa		Hine-i-te-iwaiwa	Hine-i-te-iwaiwa	Māori	Māori religion		Māori oral tradition, as recorded in George Grey, Polynesian Mythology (1855)	The Legend of Kae’s Theft of the Whale	Grey, Polynesian Mythology, The Legend of Kae’s Theft of the Whale	https://standardebooks.org/ebooks/george-grey/polynesian-mythology/text/chapter-5	9	deity	divine	attested		Standard Ebooks, George Grey, Polynesian Mythology (1855; PD; macrons as edited by Standard Ebooks / NZETC)	0.75
Hine-nui-te-po	Q769343	Hine-nui-te-pō, Māori goddess	girl	Hinenuitepō	Hinenuitepō	Māori	Māori religion		Māori oral tradition, as recorded in George Grey, Polynesian Mythology (1855)	The Children of Heaven and Earth	Grey, Polynesian Mythology, The Children of Heaven and Earth	https://standardebooks.org/ebooks/george-grey/polynesian-mythology/text/chapter-1	9	deity	divine	attested		Standard Ebooks, George Grey, Polynesian Mythology (1855; PD; macrons as edited by Standard Ebooks / NZETC); Wikidata (CC0)	0.95
Ngahue	Q17054245	Ngahue, polynesian Explorer		Ngāhue	Ngāhue	Māori	Māori religion		Māori oral tradition, as recorded in George Grey, Polynesian Mythology (1855)	The Legend of Poutini and Whaiapu	Grey, Polynesian Mythology, The Legend of Poutini and Whaiapu	https://standardebooks.org/ebooks/george-grey/polynesian-mythology/text/chapter-9	9	human	personal	attested		Standard Ebooks, George Grey, Polynesian Mythology (1855; PD; macrons as edited by Standard Ebooks / NZETC); Wikidata (CC0)	0.95
Puhihuia	slug:maori-religion:puhihuia	Puhihuia		Puhihuia	Puhihuia	Māori	Māori religion		Māori oral tradition, as recorded in George Grey, Polynesian Mythology (1855)	Stratagem of Puhihuia’s Elopement with Te Ponga	Grey, Polynesian Mythology, Stratagem of Puhihuia’s Elopement with Te Ponga	https://standardebooks.org/ebooks/george-grey/polynesian-mythology/text/chapter-22	9	human	personal	attested		Standard Ebooks, George Grey, Polynesian Mythology (1855; PD; macrons as edited by Standard Ebooks / NZETC)	0.75
Raumahora	slug:maori-religion:raumahora	Raumahora		Raumahora	Raumahora	Māori	Māori religion		Māori oral tradition, as recorded in George Grey, Polynesian Mythology (1855)	The Loves of Takarangi and Raumahora	Grey, Polynesian Mythology, The Loves of Takarangi and Raumahora	https://standardebooks.org/ebooks/george-grey/polynesian-mythology/text/chapter-21	8	human	personal	attested		Standard Ebooks, George Grey, Polynesian Mythology (1855; PD; macrons as edited by Standard Ebooks / NZETC)	0.75
Kuiwai	slug:maori-religion:kuiwai	Kuiwai		Kuiwai	Kuiwai	Māori	Māori religion		Māori oral tradition, as recorded in George Grey, Polynesian Mythology (1855)	The Curse of Manaia	Grey, Polynesian Mythology, The Curse of Manaia	https://standardebooks.org/ebooks/george-grey/polynesian-mythology/text/chapter-11	7	human	personal	attested		Standard Ebooks, George Grey, Polynesian Mythology (1855; PD; macrons as edited by Standard Ebooks / NZETC)	0.75
Rongo	Q1423283	Rongo, Māori god of cultivated plants	boy	Rongomātāne	Rongomātāne	Māori	Māori religion		Māori oral tradition, as recorded in George Grey, Polynesian Mythology (1855)	The Children of Heaven and Earth	Grey, Polynesian Mythology, The Children of Heaven and Earth	https://standardebooks.org/ebooks/george-grey/polynesian-mythology/text/chapter-1	7	deity	divine	attested		Standard Ebooks, George Grey, Polynesian Mythology (1855; PD; macrons as edited by Standard Ebooks / NZETC); Wikidata (CC0)	0.95
Taranga	slug:maori-religion:taranga	Taranga		Taranga	Taranga	Māori	Māori religion		Māori oral tradition, as recorded in George Grey, Polynesian Mythology (1855)	The Children of Heaven and Earth	Grey, Polynesian Mythology, The Children of Heaven and Earth	https://standardebooks.org/ebooks/george-grey/polynesian-mythology/text/chapter-1	7	deity	divine	attested		Standard Ebooks, George Grey, Polynesian Mythology (1855; PD; macrons as edited by Standard Ebooks / NZETC)	0.75
Haumia-tiketike	Q1507568	Haumia-tiketike, deity	boy	Haumia-tikitiki	Haumia-tikitiki	Māori	Māori religion		Māori oral tradition, as recorded in George Grey, Polynesian Mythology (1855)	The Children of Heaven and Earth	Grey, Polynesian Mythology, The Children of Heaven and Earth	https://standardebooks.org/ebooks/george-grey/polynesian-mythology/text/chapter-1	6	deity	divine	attested		Standard Ebooks, George Grey, Polynesian Mythology (1855; PD; macrons as edited by Standard Ebooks / NZETC); Wikidata (CC0)	0.95
Muri-ranga-whenua	slug:maori-religion:muri-ranga-whenua	Muri-ranga-whenua		Muri-ranga-whenua	Muri-ranga-whenua	Māori	Māori religion		Māori oral tradition, as recorded in George Grey, Polynesian Mythology (1855)	The Legend of Māui	Grey, Polynesian Mythology, The Legend of Māui	https://standardebooks.org/ebooks/george-grey/polynesian-mythology/text/chapter-2	6	deity	divine	attested		Standard Ebooks, George Grey, Polynesian Mythology (1855; PD; macrons as edited by Standard Ebooks / NZETC)	0.75
Kurangaituku	Q56300088	Kurangaituku, part-woman part-bird supernatural being	girl	Kurangaituku	Kurangaituku	Māori	Māori religion		Māori oral tradition, as recorded in George Grey, Polynesian Mythology (1855)	The Legend of Hatupatu and His Brothers	Grey, Polynesian Mythology, The Legend of Hatupatu and His Brothers	https://standardebooks.org/ebooks/george-grey/polynesian-mythology/text/chapter-12	5	mythological_being	personal	attested		Standard Ebooks, George Grey, Polynesian Mythology (1855; PD; macrons as edited by Standard Ebooks / NZETC); Wikidata (CC0)	0.95
Hine-tu-a-hoanga	slug:maori-religion:hine-tu-a-hoanga	Hine-tū-a-hōanga		Hine-tū-a-hōanga	Hine-tū-a-hōanga	Māori	Māori religion		Māori oral tradition, as recorded in George Grey, Polynesian Mythology (1855)	The Legend of Poutini and Whaiapu	Grey, Polynesian Mythology, The Legend of Poutini and Whaiapu	https://standardebooks.org/ebooks/george-grey/polynesian-mythology/text/chapter-9	4	deity	divine	attested		Standard Ebooks, George Grey, Polynesian Mythology (1855; PD; macrons as edited by Standard Ebooks / NZETC)	0.75
Mahuika	Q4285859	Mahuika, Māori goddess		Mahuika	Mahuika	Māori	Māori religion		Māori oral tradition, as recorded in George Grey, Polynesian Mythology (1855)	The Legend of Māui	Grey, Polynesian Mythology, The Legend of Māui	https://standardebooks.org/ebooks/george-grey/polynesian-mythology/text/chapter-2	4	deity	divine	attested		Standard Ebooks, George Grey, Polynesian Mythology (1855; PD; macrons as edited by Standard Ebooks / NZETC); Wikidata (CC0)	0.95
Tama-nui-te-ra	Q3514615	Tama-nui-te-rā, Sun god in maori mythology	boy	Tamanuiterā	Tamanuiterā	Māori	Māori religion		Māori oral tradition, as recorded in George Grey, Polynesian Mythology (1855)	The Legend of Māui	Grey, Polynesian Mythology, The Legend of Māui	https://standardebooks.org/ebooks/george-grey/polynesian-mythology/text/chapter-2	4	deity	divine	attested		Standard Ebooks, George Grey, Polynesian Mythology (1855; PD; macrons as edited by Standard Ebooks / NZETC); Wikidata (CC0)	0.95
Whakaotirangi	Q56799437	Whakaotirangi, Māori experimental gardener	girl	Whakaotirangi	Whakaotirangi	Māori	Māori religion		Māori oral tradition, as recorded in George Grey, Polynesian Mythology (1855)	The Voyage to New Zealand	Grey, Polynesian Mythology, The Voyage to New Zealand	https://standardebooks.org/ebooks/george-grey/polynesian-mythology/text/chapter-10	4	human	personal	attested		Standard Ebooks, George Grey, Polynesian Mythology (1855; PD; macrons as edited by Standard Ebooks / NZETC); Wikidata (CC0)	0.95
Sigurd	Q537554	Sigurd, fictional character in Germanic and Norse heroic legend, dragon slayer	boy	Sigurðr	Sigurðr	Old Norse	Norse religion		Poetic Edda	Hyndluljóð	Hyndluljóð 25	https://heimskringla.no/wiki/Hyndlulj%C3%B3%C3%B0	164	human	personal	attested		heimskringla.no, Eddukvæði (Guðni Jónsson's normalised text; medieval text, credit requested); Wikidata (CC0)	0.95
Odin	Q43610	Odin, widely attested deity in Norse mythology	boy	Óðinn	Óðinn	Old Norse	Norse religion		Poetic Edda	Völuspá	Völuspá 18	https://heimskringla.no/wiki/V%C3%B6lusp%C3%A1	96	deity	divine	attested		heimskringla.no, Eddukvæði (Guðni Jónsson's normalised text; medieval text, credit requested); Wikidata (CC0)	0.95
Gudrun	Q2709132	Guðrún, female given name		Guðrún	Guðrún	Old Norse	Norse religion		Poetic Edda	Hyndluljóð	Hyndluljóð 27	https://heimskringla.no/wiki/Hyndlulj%C3%B3%C3%B0	91	human	personal	attested		heimskringla.no, Eddukvæði (Guðni Jónsson's normalised text; medieval text, credit requested); Wikidata (CC0)	0.95
Thor	Q42952	Thor, hammer-wielding Norse god associated with thunder, lightning, storms, oaks, strength, and fertility	boy	Þórr	Þórr	Old Norse	Norse religion		Poetic Edda	Völuspá	Völuspá 26	https://heimskringla.no/wiki/V%C3%B6lusp%C3%A1	80	deity	divine	attested		heimskringla.no, Eddukvæði (Guðni Jónsson's normalised text; medieval text, credit requested); Wikidata (CC0)	0.95
Gunnar	slug:norse-religion:gunnar	Gunnar (Nibelung)		Gunnarr	Gunnarr	Old Norse	Norse religion		Poetic Edda	Hyndluljóð	Hyndluljóð 22	https://heimskringla.no/wiki/Hyndlulj%C3%B3%C3%B0	73	human	personal	attested		heimskringla.no, Eddukvæði (Guðni Jónsson's normalised text; medieval text, credit requested)	0.75
Loki	Q133147	Loki, Norse god of mischief, trickery, and deception		Loki	Loki	Old Norse	Norse religion		Poetic Edda	Völuspá	Völuspá 35	https://heimskringla.no/wiki/V%C3%B6lusp%C3%A1	72	deity	divine	attested		heimskringla.no, Eddukvæði (Guðni Jónsson's normalised text; medieval text, credit requested); Wikidata (CC0)	0.95
Fafnir	Q745315	Fáfnir, dragon in Germanic heroic legend	boy	Fáfnir	Fáfnir	Old Norse	Norse religion		Poetic Edda	Hyndluljóð	Hyndluljóð 25	https://heimskringla.no/wiki/Hyndlulj%C3%B3%C3%B0	50	mythological_being	personal	attested		heimskringla.no, Eddukvæði (Guðni Jónsson's normalised text; medieval text, credit requested); Wikidata (CC0)	0.95
Gjuki	Q570149	Gibica, King of the Burgundians	boy	Gjúki	Gjúki	Old Norse	Norse religion		Poetic Edda	Hyndluljóð	Hyndluljóð 27	https://heimskringla.no/wiki/Hyndlulj%C3%B3%C3%B0	43	human	personal	attested		heimskringla.no, Eddukvæði (Guðni Jónsson's normalised text; medieval text, credit requested); Wikidata (CC0)	0.95
Vafthrudnir	Q1455231	Vafþrúðnir, Norse mythical character	boy	Vafþrúðnir	Vafþrúðnir	Old Norse	Norse religion		Poetic Edda	Vafþrúðnismál	Vafþrúðnismál 1	https://heimskringla.no/wiki/Vaf%C3%BEr%C3%BA%C3%B0nism%C3%A1l	39	mythological_being	personal	attested		heimskringla.no, Eddukvæði (Guðni Jónsson's normalised text; medieval text, credit requested); Wikidata (CC0)	0.95
Brynhild	Q850506	Brynhild, Valkyrie in Norse heroic legend	girl	Brynhildr	Brynhildr	Old Norse	Norse religion		Poetic Edda	Grípisspá	Grípisspá 27	https://heimskringla.no/wiki/Gr%C3%ADpissp%C3%A1	31	deity	divine	related	later spelling of Brynhildr	heimskringla.no, Eddukvæði (Guðni Jónsson's normalised text; medieval text, credit requested); Wikidata (CC0)	0.95
Brynhildr	Q850506	Brynhild, Valkyrie in Norse heroic legend	girl	Brynhildr	Brynhildr	Old Norse	Norse religion		Poetic Edda	Grípisspá	Grípisspá 27	https://heimskringla.no/wiki/Gr%C3%ADpissp%C3%A1	31	deity	divine	attested		heimskringla.no, Eddukvæði (Guðni Jónsson's normalised text; medieval text, credit requested); Wikidata (CC0)	0.95
Alviss	Q1143134	Alvíss, Norse mythical character	boy	Alvíss	Alvíss	Old Norse	Norse religion		Poetic Edda	Alvíssmál	Alvíssmál 2	https://heimskringla.no/wiki/Alv%C3%ADssm%C3%A1l	29	mythological_being	personal	attested		heimskringla.no, Eddukvæði (Guðni Jónsson's normalised text; medieval text, credit requested); Wikidata (CC0)	0.95
Freya	Q1647325	Freyja, goddess associated with love, beauty, fertility, sex, war, gold, and seiðr in Norse mythology	girl	Freyja	Freyja	Old Norse	Norse religion		Poetic Edda	Grímnismál	Grímnismál 14	https://heimskringla.no/wiki/Gr%C3%ADmnism%C3%A1l	26	deity	divine	related	later spelling of Freyja	heimskringla.no, Eddukvæði (Guðni Jónsson's normalised text; medieval text, credit requested); Wikidata (CC0)	0.95
Freyja	Q1647325	Freyja, goddess associated with love, beauty, fertility, sex, war, gold, and seiðr in Norse mythology	girl	Freyja	Freyja	Old Norse	Norse religion		Poetic Edda	Grímnismál	Grímnismál 14	https://heimskringla.no/wiki/Gr%C3%ADmnism%C3%A1l	26	deity	divine	attested		heimskringla.no, Eddukvæði (Guðni Jónsson's normalised text; medieval text, credit requested); Wikidata (CC0)	0.95
Sigmund	Q1158552	Sigmund, mythological figure	boy	Sigmundr	Sigmundr	Old Norse	Norse religion		Poetic Edda	Hyndluljóð	Hyndluljóð 2	https://heimskringla.no/wiki/Hyndlulj%C3%B3%C3%B0	26	human	personal	attested		heimskringla.no, Eddukvæði (Guðni Jónsson's normalised text; medieval text, credit requested); Wikidata (CC0)	0.95
Volundr	Q33150	Wayland the Smith, Germanic mythological blacksmith	boy	Völundr	Völundr	Old Norse	Norse religion		Poetic Edda	Völundarkviða	Völundarkviða, prose introduction	https://heimskringla.no/wiki/V%C3%B6lundarkvi%C3%B0a	25	human	personal	attested		heimskringla.no, Eddukvæði (Guðni Jónsson's normalised text; medieval text, credit requested); Wikidata (CC0)	0.95
Budli	Q5003623	Buðli, est. 670 -	boy	Buðli	Buðli	Old Norse	Norse religion		Poetic Edda	Grípisspá	Grípisspá 27	https://heimskringla.no/wiki/Gr%C3%ADpissp%C3%A1	21	human	personal	attested		heimskringla.no, Eddukvæði (Guðni Jónsson's normalised text; medieval text, credit requested); Wikidata (CC0)	0.95
Freyr	Q131474	Freyr, Norse god associated with kingship, fertility, peace, prosperity, fair weather, and good harvest	boy	Freyr	Freyr	Old Norse	Norse religion		Poetic Edda	Grímnismál	Grímnismál 5	https://heimskringla.no/wiki/Gr%C3%ADmnism%C3%A1l	21	deity	divine	attested		heimskringla.no, Eddukvæði (Guðni Jónsson's normalised text; medieval text, credit requested); Wikidata (CC0)	0.95
Aegir	Q204927	Ægir, sea giant, god of the ocean and king of the sea in Norse mythology	boy	Ægir	Ægir	Old Norse	Norse religion		Poetic Edda	Grímnismál	Grímnismál 45	https://heimskringla.no/wiki/Gr%C3%ADmnism%C3%A1l	16	deity	divine	attested		heimskringla.no, Eddukvæði (Guðni Jónsson's normalised text; medieval text, credit requested); Wikidata (CC0)	0.95
Skirnir	Q264522	Skírnir, norse mythological character	boy	Skírnir	Skírnir	Old Norse	Norse religion		Poetic Edda	Skírnismál	Skírnismál, prose introduction	https://heimskringla.no/wiki/Sk%C3%ADrnism%C3%A1l	16	deity	divine	attested		heimskringla.no, Eddukvæði (Guðni Jónsson's normalised text; medieval text, credit requested); Wikidata (CC0)	0.95
Baldr	Q131658	Baldur, Norse god associated with light, beauty, love and happiness	boy	Baldr	Baldr	Old Norse	Norse religion		Poetic Edda	Völuspá	Völuspá 31	https://heimskringla.no/wiki/V%C3%B6lusp%C3%A1	15	deity	divine	attested		heimskringla.no, Eddukvæði (Guðni Jónsson's normalised text; medieval text, credit requested); Wikidata (CC0)	0.95
Baldur	Q131658	Baldur, Norse god associated with light, beauty, love and happiness	boy	Baldr	Baldr	Old Norse	Norse religion		Poetic Edda	Völuspá	Völuspá 31	https://heimskringla.no/wiki/V%C3%B6lusp%C3%A1	15	deity	divine	related	later spelling of Baldr	heimskringla.no, Eddukvæði (Guðni Jónsson's normalised text; medieval text, credit requested); Wikidata (CC0)	0.95
Frigg	Q131654	Frigg, Norse deity	girl	Frigg	Frigg	Old Norse	Norse religion		Poetic Edda	Völuspá	Völuspá 33	https://heimskringla.no/wiki/V%C3%B6lusp%C3%A1	15	deity	divine	attested		heimskringla.no, Eddukvæði (Guðni Jónsson's normalised text; medieval text, credit requested); Wikidata (CC0)	0.95
Grani	slug:norse-religion:grani	Grani (horse)		Grani	Grani	Old Norse	Norse religion		Poetic Edda	Völundarkviða	Völundarkviða 14	https://heimskringla.no/wiki/V%C3%B6lundarkvi%C3%B0a	15	mythological_being	personal	attested		heimskringla.no, Eddukvæði (Guðni Jónsson's normalised text; medieval text, credit requested)	0.75
Njord	Q193879	Njord, one of the Vanir, a group of gods within Norse mythology	boy	Njörðr	Njörðr	Old Norse	Norse religion		Poetic Edda	Vafþrúðnismál	Vafþrúðnismál 38	https://heimskringla.no/wiki/Vaf%C3%BEr%C3%BA%C3%B0nism%C3%A1l	15	deity	divine	attested		heimskringla.no, Eddukvæði (Guðni Jónsson's normalised text; medieval text, credit requested); Wikidata (CC0)	0.95
Grimhild	Q1565635	Grimhild, sorceress in Norse mythology	girl	Grímhildr	Grímhildr	Old Norse	Norse religion		Poetic Edda	Grípisspá	Grípisspá 33	https://heimskringla.no/wiki/Gr%C3%ADpissp%C3%A1	14	human	personal	attested		heimskringla.no, Eddukvæði (Guðni Jónsson's normalised text; medieval text, credit requested); Wikidata (CC0)	0.95
Rigr	slug:norse-religion:rigr	Rig		Rígr	Rígr	Old Norse	Norse religion		Poetic Edda	Rígsþula	Rígsþula, prose introduction	https://heimskringla.no/wiki/R%C3%ADgs%C3%BEula	14	deity	divine	attested		heimskringla.no, Eddukvæði (Guðni Jónsson's normalised text; medieval text, credit requested)	0.75
Hymir	Q1136300	Hymir, Norse giant	boy	Hymir	Hymir	Old Norse	Norse religion		Poetic Edda	Hymiskviða	Hymiskviða 5	https://heimskringla.no/wiki/Hymiskvi%C3%B0a	13	mythological_being	personal	attested		heimskringla.no, Eddukvæði (Guðni Jónsson's normalised text; medieval text, credit requested); Wikidata (CC0)	0.95
Sinfjotli	Q513564	Sinfjötli, character in Norse mythology	boy	Sinfjötli	Sinfjötli	Old Norse	Norse religion		Poetic Edda	Helgakviða Hundingsbana I	Helgakviða Hundingsbana I 8	https://heimskringla.no/wiki/Helgakvi%C3%B0a_Hundingsbana_I	13	human	personal	attested		heimskringla.no, Eddukvæði (Guðni Jónsson's normalised text; medieval text, credit requested); Wikidata (CC0)	0.95
Bodvildr	Q3641530	Böðvildr, Female character of heroic legend;	girl	Böðvildr	Böðvildr	Old Norse	Norse religion		Poetic Edda	Völundarkviða	Völundarkviða, prose introduction	https://heimskringla.no/wiki/V%C3%B6lundarkvi%C3%B0a	11	human	personal	attested		heimskringla.no, Eddukvæði (Guðni Jónsson's normalised text; medieval text, credit requested); Wikidata (CC0)	0.95
Gerd	Q1127847	Gerðr, Norse deity; giantess	girl	Gerðr	Gerðr	Old Norse	Norse religion		Poetic Edda	Skírnismál	Skírnismál 10	https://heimskringla.no/wiki/Sk%C3%ADrnism%C3%A1l	11	deity	divine	attested		heimskringla.no, Eddukvæði (Guðni Jónsson's normalised text; medieval text, credit requested); Wikidata (CC0)	0.95
Svanhild	Q1758567	Svanhildr, daughter of Sigurd and Gudrun in Norse-Germanic mythology	girl	Svanhildr	Svanhildr	Old Norse	Norse religion		Poetic Edda	Sigurðarkviða in skamma	Sigurðarkviða in skamma 55	https://heimskringla.no/wiki/Sigur%C3%B0arkvi%C3%B0a_in_skamma	11	human	personal	attested		heimskringla.no, Eddukvæði (Guðni Jónsson's normalised text; medieval text, credit requested); Wikidata (CC0)	0.95
Hamdir	slug:norse-religion:hamdir	Hamðir		Hamðir	Hamðir	Old Norse	Norse religion		Poetic Edda	Guðrúnarhvöt	Guðrúnarhvöt, prose introduction	https://heimskringla.no/wiki/Gu%C3%B0r%C3%BAnarhv%C3%B6t	10	human	personal	attested		heimskringla.no, Eddukvæði (Guðni Jónsson's normalised text; medieval text, credit requested)	0.75
Oddrun	slug:norse-religion:oddrun	Oddrún		Oddrún	Oddrún	Old Norse	Norse religion		Poetic Edda	Sigurðarkviða in skamma	Sigurðarkviða in skamma 58	https://heimskringla.no/wiki/Sigur%C3%B0arkvi%C3%B0a_in_skamma	10	human	personal	attested		heimskringla.no, Eddukvæði (Guðni Jónsson's normalised text; medieval text, credit requested)	0.75
Tyr	Q172713	Tyr, Germanic deity	boy	Týr	Týr	Old Norse	Norse religion		Poetic Edda	Hymiskviða	Hymiskviða 4	https://heimskringla.no/wiki/Hymiskvi%C3%B0a	9	deity	divine	attested		heimskringla.no, Eddukvæði (Guðni Jónsson's normalised text; medieval text, credit requested); Wikidata (CC0)	0.95
Yggdrasil	Q131135	Yggdrasil, immense mythical tree in Norse cosmology, connecting the Nine Worlds		Yggdrasill	Yggdrasill	Old Norse	Norse religion		Poetic Edda	Völuspá	Völuspá 19	https://heimskringla.no/wiki/V%C3%B6lusp%C3%A1	9	mythological_being	personal	attested		heimskringla.no, Eddukvæði (Guðni Jónsson's normalised text; medieval text, credit requested); Wikidata (CC0)	0.95
Heimdall	Q131196	Heimdall, Watchman of the gods, and the guardian of the gods' stronghold in Norse mythology	boy	Heimdallr	Heimdallr	Old Norse	Norse religion		Poetic Edda	Völuspá	Völuspá 1	https://heimskringla.no/wiki/V%C3%B6lusp%C3%A1	8	deity	divine	related	later spelling of Heimdallr	heimskringla.no, Eddukvæði (Guðni Jónsson's normalised text; medieval text, credit requested); Wikidata (CC0)	0.95
Heimdallr	Q131196	Heimdall, Watchman of the gods, and the guardian of the gods' stronghold in Norse mythology	boy	Heimdallr	Heimdallr	Old Norse	Norse religion		Poetic Edda	Völuspá	Völuspá 1	https://heimskringla.no/wiki/V%C3%B6lusp%C3%A1	8	deity	divine	attested		heimskringla.no, Eddukvæði (Guðni Jónsson's normalised text; medieval text, credit requested); Wikidata (CC0)	0.95
Thrymr	Q1123905	Þrymr, Norse mythical character	boy	Þrymr	Þrymr	Old Norse	Norse religion		Poetic Edda	Þrymskviða	Þrymskviða 6	https://heimskringla.no/wiki/%C3%9Erymskvi%C3%B0a	8	mythological_being	personal	attested		heimskringla.no, Eddukvæði (Guðni Jónsson's normalised text; medieval text, credit requested); Wikidata (CC0)	0.95
Jormunrekkr	Q28987	Ermanaric, Greuthungian Gothic King	boy	Jörmunrekkr	Jörmunrekkr	Old Norse	Norse religion		Poetic Edda	Sigurðarkviða in skamma	Sigurðarkviða in skamma 64	https://heimskringla.no/wiki/Sigur%C3%B0arkvi%C3%B0a_in_skamma	7	human	personal	attested		heimskringla.no, Eddukvæði (Guðni Jónsson's normalised text; medieval text, credit requested); Wikidata (CC0)	0.95
Sif	Q211613	Sif, Norse goddess, wife of Thor	girl	Sif	Sif	Old Norse	Norse religion		Poetic Edda	Hárbarðsljóð	Hárbarðsljóð 48	https://heimskringla.no/wiki/H%C3%A1rbar%C3%B0slj%C3%B3%C3%B0	7	deity	divine	attested		heimskringla.no, Eddukvæði (Guðni Jónsson's normalised text; medieval text, credit requested); Wikidata (CC0)	0.95
Andvari	Q525149	Andvari, Norse mythical character; dwarf	boy	Andvari	Andvari	Old Norse	Norse religion		Poetic Edda	Völuspá	Völuspá 15	https://heimskringla.no/wiki/V%C3%B6lusp%C3%A1	6	mythological_being	personal	attested		heimskringla.no, Eddukvæði (Guðni Jónsson's normalised text; medieval text, credit requested); Wikidata (CC0)	0.95
Hrungnir	Q1338670	Hrungnir, Norse mythical character	boy	Hrungnir	Hrungnir	Old Norse	Norse religion		Poetic Edda	Hárbarðsljóð	Hárbarðsljóð 15	https://heimskringla.no/wiki/H%C3%A1rbar%C3%B0slj%C3%B3%C3%B0	6	mythological_being	personal	attested		heimskringla.no, Eddukvæði (Guðni Jónsson's normalised text; medieval text, credit requested); Wikidata (CC0)	0.95
Hyndla	slug:norse-religion:hyndla	Hyndla		Hyndla	Hyndla	Old Norse	Norse religion		Poetic Edda	Hyndluljóð	Hyndluljóð 1	https://heimskringla.no/wiki/Hyndlulj%C3%B3%C3%B0	6	mythological_being	personal	attested		heimskringla.no, Eddukvæði (Guðni Jónsson's normalised text; medieval text, credit requested)	0.75
Sorli	slug:norse-religion:sorli	Sörli		Sörli	Sörli	Old Norse	Norse religion		Poetic Edda	Guðrúnarhvöt	Guðrúnarhvöt, prose introduction	https://heimskringla.no/wiki/Gu%C3%B0r%C3%BAnarhv%C3%B6t	6	human	personal	attested		heimskringla.no, Eddukvæði (Guðni Jónsson's normalised text; medieval text, credit requested)	0.75
Surtr	Q211700	Surtr, Norse mythical character	boy	Surtr	Surtr	Old Norse	Norse religion		Poetic Edda	Völuspá	Völuspá 52	https://heimskringla.no/wiki/V%C3%B6lusp%C3%A1	6	mythological_being	personal	attested		heimskringla.no, Eddukvæði (Guðni Jónsson's normalised text; medieval text, credit requested); Wikidata (CC0)	0.95
Borghild	Q4945056	Borghild, female figure of Norse heroic legend	girl	Borghildr	Borghildr	Old Norse	Norse religion		Poetic Edda	Helgakviða Hundingsbana I	Helgakviða Hundingsbana I 1	https://heimskringla.no/wiki/Helgakvi%C3%B0a_Hundingsbana_I	5	human	personal	attested		heimskringla.no, Eddukvæði (Guðni Jónsson's normalised text; medieval text, credit requested); Wikidata (CC0)	0.95
Hjordis	Q58639539	Hjördís, mythical character	girl	Hjördís	Hjördís	Old Norse	Norse religion		Poetic Edda	Hyndluljóð	Hyndluljóð 26	https://heimskringla.no/wiki/Hyndlulj%C3%B3%C3%B0	5	human	personal	attested		heimskringla.no, Eddukvæði (Guðni Jónsson's normalised text; medieval text, credit requested); Wikidata (CC0)	0.95
Menglod	slug:norse-religion:menglod	Menglöð		Menglöð	Menglöð	Old Norse	Norse religion		Poetic Edda	Fjölsvinnsmál	Fjölsvinnsmál 8	https://heimskringla.no/wiki/Fj%C3%B6lsvinnsm%C3%A1l	5	deity	divine	attested		heimskringla.no, Eddukvæði (Guðni Jónsson's normalised text; medieval text, credit requested)	0.75
Thjazi	Q1346913	Þjazi, Norse mythical character	boy	Þjazi	Þjazi	Old Norse	Norse religion		Poetic Edda	Grímnismál	Grímnismál 11	https://heimskringla.no/wiki/Gr%C3%ADmnism%C3%A1l	5	mythological_being	personal	attested		heimskringla.no, Eddukvæði (Guðni Jónsson's normalised text; medieval text, credit requested); Wikidata (CC0)	0.95
Vidar	Q372614	Víðarr, Norse deity	boy	Víðarr	Víðarr	Old Norse	Norse religion		Poetic Edda	Völuspá	Völuspá 55	https://heimskringla.no/wiki/V%C3%B6lusp%C3%A1	5	deity	divine	attested		heimskringla.no, Eddukvæði (Guðni Jónsson's normalised text; medieval text, credit requested); Wikidata (CC0)	0.95
Erpr	slug:norse-religion:erpr	Erpr		Erpr	Erpr	Old Norse	Norse religion		Poetic Edda	Dráp Niflunga	Dráp Niflunga, prose introduction	https://heimskringla.no/wiki/Dr%C3%A1p_Niflunga	4	human	personal	attested		heimskringla.no, Eddukvæði (Guðni Jónsson's normalised text; medieval text, credit requested)	0.75
Groa	Q1280875	Gróa, Norse mythical character	girl	Gróa	Gróa	Old Norse	Norse religion		Poetic Edda	Grógaldr	Grógaldr 1	https://heimskringla.no/wiki/Gr%C3%B3galdr	4	mythological_being	personal	attested		heimskringla.no, Eddukvæði (Guðni Jónsson's normalised text; medieval text, credit requested); Wikidata (CC0)	0.95
Idunn	Q204691	Iðunn, Norse goddess	girl	Iðunn	Iðunn	Old Norse	Norse religion		Poetic Edda	Lokasenna	Lokasenna, prose introduction	https://heimskringla.no/wiki/Lokasenna	4	deity	divine	attested		heimskringla.no, Eddukvæði (Guðni Jónsson's normalised text; medieval text, credit requested); Wikidata (CC0)	0.95
Mimir	Q336496	Mímir, Norse god of wisdom	boy	Mímir	Mímir	Old Norse	Norse religion		Poetic Edda	Völuspá	Völuspá 28	https://heimskringla.no/wiki/V%C3%B6lusp%C3%A1	4	deity	divine	attested		heimskringla.no, Eddukvæði (Guðni Jónsson's normalised text; medieval text, credit requested); Wikidata (CC0)	0.95
Sigrdrifa	Q3142599	Sigrdrífumál, poem		Sigrdrífa	Sigrdrífa	Old Norse	Norse religion		Poetic Edda	Sigrdrífumál	Sigrdrífumál 4	https://heimskringla.no/wiki/Sigrdr%C3%ADfum%C3%A1l	4	deity	divine	attested		heimskringla.no, Eddukvæði (Guðni Jónsson's normalised text; medieval text, credit requested); Wikidata (CC0)	0.95
Svipdagr	Q764214	Svipdagr, figure in Norse legend	boy	Svipdagr	Svipdagr	Old Norse	Norse religion		Poetic Edda	Fjölsvinnsmál	Fjölsvinnsmál 42	https://heimskringla.no/wiki/Fj%C3%B6lsvinnsm%C3%A1l	4	human	personal	attested		heimskringla.no, Eddukvæði (Guðni Jónsson's normalised text; medieval text, credit requested); Wikidata (CC0)	0.95
Volsung	Q1263694	Völsung, Figure in Germanic mythology	boy	Völsungr	Völsungr	Old Norse	Norse religion		Poetic Edda	Hyndluljóð	Hyndluljóð 26	https://heimskringla.no/wiki/Hyndlulj%C3%B3%C3%B0	4	human	personal	attested		heimskringla.no, Eddukvæði (Guðni Jónsson's normalised text; medieval text, credit requested); Wikidata (CC0)	0.95
Gefjon	Q746235	Gefjon, Norse deity	girl	Gefjun	Gefjun	Old Norse	Norse religion		Poetic Edda	Lokasenna	Lokasenna 18	https://heimskringla.no/wiki/Lokasenna	3	deity	divine	attested		heimskringla.no, Eddukvæði (Guðni Jónsson's normalised text; medieval text, credit requested); Wikidata (CC0)	0.95
Hodr	Q204900	Höðr, Norse deity	boy	Höðr	Höðr	Old Norse	Norse religion		Poetic Edda	Völuspá	Völuspá 32	https://heimskringla.no/wiki/V%C3%B6lusp%C3%A1	3	deity	divine	attested		heimskringla.no, Eddukvæði (Guðni Jónsson's normalised text; medieval text, credit requested); Wikidata (CC0)	0.95
Hoenir	Q836029	Hœnir, Norse deity	boy	Hænir	Hænir	Old Norse	Norse religion		Poetic Edda	Völuspá	Völuspá 18	https://heimskringla.no/wiki/V%C3%B6lusp%C3%A1	3	deity	divine	attested		heimskringla.no, Eddukvæði (Guðni Jónsson's normalised text; medieval text, credit requested); Wikidata (CC0)	0.95
Skogul	Q16514183	Skögul and Geirskögul, Valkyries in Norse mythology		Skögul	Skögul	Old Norse	Norse religion		Poetic Edda	Völuspá	Völuspá 30	https://heimskringla.no/wiki/V%C3%B6lusp%C3%A1	3	deity	divine	attested		heimskringla.no, Eddukvæði (Guðni Jónsson's normalised text; medieval text, credit requested); Wikidata (CC0)	0.95
Ullr	Q213479	Ull, Norse deity	boy	Ullr	Ullr	Old Norse	Norse religion		Poetic Edda	Grímnismál	Grímnismál 5	https://heimskringla.no/wiki/Gr%C3%ADmnism%C3%A1l	3	deity	divine	attested		heimskringla.no, Eddukvæði (Guðni Jónsson's normalised text; medieval text, credit requested); Wikidata (CC0)	0.95
Ymir	Q214081	Ymir, primeval being born of primordial elemental poison and the ancestor of all Jötnar	boy	Ymis	Ymis	Old Norse	Norse religion		Poetic Edda	Vafþrúðnismál	Vafþrúðnismál 21	https://heimskringla.no/wiki/Vaf%C3%BEr%C3%BA%C3%B0nism%C3%A1l	3	mythological_being	personal	attested		heimskringla.no, Eddukvæði (Guðni Jónsson's normalised text; medieval text, credit requested); Wikidata (CC0)	0.95
Fenrir	Q182560	Fenrir, monstrous wolf in Norse mythology		Fenrir	Fenrir	Old Norse	Norse religion		Poetic Edda	Völuspá	Völuspá 40	https://heimskringla.no/wiki/V%C3%B6lusp%C3%A1	2	mythological_being	personal	attested		heimskringla.no, Eddukvæði (Guðni Jónsson's normalised text; medieval text, credit requested); Wikidata (CC0)	0.95
Fjorgyn	Q975555	Fjörgyn and Fjörgynn, norse mythical characters		Fjörgyn	Fjörgyn	Old Norse	Norse religion		Poetic Edda	Völuspá	Völuspá 56	https://heimskringla.no/wiki/V%C3%B6lusp%C3%A1	2	deity	divine	attested		heimskringla.no, Eddukvæði (Guðni Jónsson's normalised text; medieval text, credit requested); Wikidata (CC0)	0.95
Hervor	Q1115537	Hervör alvitr, valkyrie	girl	Hervör	Hervör	Old Norse	Norse religion		Poetic Edda	Völundarkviða	Völundarkviða, prose introduction	https://heimskringla.no/wiki/V%C3%B6lundarkvi%C3%B0a	2	deity	divine	attested		heimskringla.no, Eddukvæði (Guðni Jónsson's normalised text; medieval text, credit requested); Wikidata (CC0)	0.95
Huginn	Q207041	Hugin and Munin, pair of birds in Norse mythology		Huginn	Huginn	Old Norse	Norse religion		Poetic Edda	Grímnismál	Grímnismál 20	https://heimskringla.no/wiki/Gr%C3%ADmnism%C3%A1l	2	mythological_being	personal	attested		heimskringla.no, Eddukvæði (Guðni Jónsson's normalised text; medieval text, credit requested); Wikidata (CC0)	0.95
Muninn	Q207041	Hugin and Munin, pair of birds in Norse mythology		Muninn	Muninn	Old Norse	Norse religion		Poetic Edda	Grímnismál	Grímnismál 20	https://heimskringla.no/wiki/Gr%C3%ADmnism%C3%A1l	2	mythological_being	personal	attested		heimskringla.no, Eddukvæði (Guðni Jónsson's normalised text; medieval text, credit requested); Wikidata (CC0)	0.95
Olrun	slug:norse-religion:olrun	Ölrún		Ölrún	Ölrún	Old Norse	Norse religion		Poetic Edda	Völundarkviða	Völundarkviða, prose introduction	https://heimskringla.no/wiki/V%C3%B6lundarkvi%C3%B0a	2	deity	divine	attested		heimskringla.no, Eddukvæði (Guðni Jónsson's normalised text; medieval text, credit requested)	0.75
Otr	Q1967084	Ótr, dwarf of Norse mythology	boy	Otr	Otr	Old Norse	Norse religion		Poetic Edda	Reginsmál	Reginsmál, prose introduction	https://heimskringla.no/wiki/Reginsm%C3%A1l	2	mythological_being	personal	attested		heimskringla.no, Eddukvæði (Guðni Jónsson's normalised text; medieval text, credit requested); Wikidata (CC0)	0.95
Sigrun	Q3041936	Sigrún, valkyrie in Norse mythology	girl	Sigrún	Sigrún	Old Norse	Norse religion		Poetic Edda	Helgakviða Hundingsbana I	Helgakviða Hundingsbana I 30	https://heimskringla.no/wiki/Helgakvi%C3%B0a_Hundingsbana_I	2	deity	divine	attested		heimskringla.no, Eddukvæði (Guðni Jónsson's normalised text; medieval text, credit requested); Wikidata (CC0)	0.95
Sigyn	Q734508	Sigyn, mythical wife of Loki	girl	Sigyn	Sigyn	Old Norse	Norse religion		Poetic Edda	Völuspá	Völuspá 35	https://heimskringla.no/wiki/V%C3%B6lusp%C3%A1	2	deity	divine	attested		heimskringla.no, Eddukvæði (Guðni Jónsson's normalised text; medieval text, credit requested); Wikidata (CC0)	0.95
Sleipnir	Q208010	Sleipnir, Odin's eight-legged horse		Sleipnir	Sleipnir	Old Norse	Norse religion		Poetic Edda	Grímnismál	Grímnismál 44	https://heimskringla.no/wiki/Gr%C3%ADmnism%C3%A1l	2	mythological_being	personal	attested		heimskringla.no, Eddukvæði (Guðni Jónsson's normalised text; medieval text, credit requested); Wikidata (CC0)	0.95
Borr	Q334494	Borr, Norse mythical character	boy	Burs	Burs	Old Norse	Norse religion		Poetic Edda	Völuspá	Völuspá 4	https://heimskringla.no/wiki/V%C3%B6lusp%C3%A1	1	deity	divine	attested		heimskringla.no, Eddukvæði (Guðni Jónsson's normalised text; medieval text, credit requested); Wikidata (CC0)	0.95
Embla	Q212858	Askr and Embla, first two humans, created by the gods in Norse mythology from trees		Emblu	Emblu	Old Norse	Norse religion		Poetic Edda	Völuspá	Völuspá 17	https://heimskringla.no/wiki/V%C3%B6lusp%C3%A1	1	human	personal	attested		heimskringla.no, Eddukvæði (Guðni Jónsson's normalised text; medieval text, credit requested); Wikidata (CC0)	0.95
Forseti	Q62548	Forseti, Norse god of peace, truth, and justice	boy	Forseti	Forseti	Old Norse	Norse religion		Poetic Edda	Grímnismál	Grímnismál 15	https://heimskringla.no/wiki/Gr%C3%ADmnism%C3%A1l	1	deity	divine	attested		heimskringla.no, Eddukvæði (Guðni Jónsson's normalised text; medieval text, credit requested); Wikidata (CC0)	0.95
Fulla	Q847429	Fulla, Norse deity	girl	Fullu	Fullu	Old Norse	Norse religion		Poetic Edda	Grímnismál	Grímnismál, prose introduction	https://heimskringla.no/wiki/Gr%C3%ADmnism%C3%A1l	1	deity	divine	attested		heimskringla.no, Eddukvæði (Guðni Jónsson's normalised text; medieval text, credit requested); Wikidata (CC0)	0.95
Gondul	Q5626611	Göndul, Norse mythical character	girl	Göndul	Göndul	Old Norse	Norse religion		Poetic Edda	Völuspá	Völuspá 30	https://heimskringla.no/wiki/V%C3%B6lusp%C3%A1	1	deity	divine	attested		heimskringla.no, Eddukvæði (Guðni Jónsson's normalised text; medieval text, credit requested); Wikidata (CC0)	0.95
Gullveig	Q1324152	Gullveig, Norse mythical character	girl	Gullveigu	Gullveigu	Old Norse	Norse religion		Poetic Edda	Völuspá	Völuspá 21	https://heimskringla.no/wiki/V%C3%B6lusp%C3%A1	1	deity	divine	attested		heimskringla.no, Eddukvæði (Guðni Jónsson's normalised text; medieval text, credit requested); Wikidata (CC0)	0.95
Gunnlod	Q166380	Gunnlöð, giantess in Norse mythology	girl	Gunnlöð	Gunnlöð	Old Norse	Norse religion		Poetic Edda	Hávamál	Hávamál 105	https://heimskringla.no/wiki/H%C3%A1vam%C3%A1l	1	mythological_being	personal	attested		heimskringla.no, Eddukvæði (Guðni Jónsson's normalised text; medieval text, credit requested); Wikidata (CC0)	0.95
Hlodyn	Q548730	Jörð, Earth goddess in Norse mythology	girl	Hlóðynjar	Hlóðynjar	Old Norse	Norse religion		Poetic Edda	Völuspá	Völuspá 56	https://heimskringla.no/wiki/V%C3%B6lusp%C3%A1	1	deity	divine	attested		heimskringla.no, Eddukvæði (Guðni Jónsson's normalised text; medieval text, credit requested); Wikidata (CC0)	0.95
Hrimfaxi	Q241555	Skinfaxi and Hrímfaxi, in Norse mythology the horses of Dagr (day) and Nótt (night)		Hrímfaxi	Hrímfaxi	Old Norse	Norse religion		Poetic Edda	Vafþrúðnismál	Vafþrúðnismál 14	https://heimskringla.no/wiki/Vaf%C3%BEr%C3%BA%C3%B0nism%C3%A1l	1	mythological_being	personal	attested		heimskringla.no, Eddukvæði (Guðni Jónsson's normalised text; medieval text, credit requested); Wikidata (CC0)	0.95
Ivaldi	Q1675516	sons of Ivaldi, group of dwarven smiths from Norse mythology		Ívalda	Ívalda	Old Norse	Norse religion		Poetic Edda	Grímnismál	Grímnismál 43	https://heimskringla.no/wiki/Gr%C3%ADmnism%C3%A1l	1	mythological_being	personal	attested		heimskringla.no, Eddukvæði (Guðni Jónsson's normalised text; medieval text, credit requested); Wikidata (CC0)	0.95
Jormungandr	Q181227	Jörmungandr, World Serpent in Norse mythology		Jörmungandr	Jörmungandr	Old Norse	Norse religion		Poetic Edda	Völuspá	Völuspá 50	https://heimskringla.no/wiki/V%C3%B6lusp%C3%A1	1	mythological_being	personal	attested		heimskringla.no, Eddukvæði (Guðni Jónsson's normalised text; medieval text, credit requested); Wikidata (CC0)	0.95
Mundilfari	Q578248	Mundilfari, Norse mythical character	boy	Mundilfari	Mundilfari	Old Norse	Norse religion		Poetic Edda	Vafþrúðnismál	Vafþrúðnismál 23	https://heimskringla.no/wiki/Vaf%C3%BEr%C3%BA%C3%B0nism%C3%A1l	1	mythological_being	personal	attested		heimskringla.no, Eddukvæði (Guðni Jónsson's normalised text; medieval text, credit requested); Wikidata (CC0)	0.95
Nanna	Q500390	Nanna, Norse deity	girl	Nanna	Nanna	Old Norse	Norse religion		Poetic Edda	Hyndluljóð	Hyndluljóð 20	https://heimskringla.no/wiki/Hyndlulj%C3%B3%C3%B0	1	deity	divine	attested		heimskringla.no, Eddukvæði (Guðni Jónsson's normalised text; medieval text, credit requested); Wikidata (CC0)	0.95
Narfi	Q1273321	Narfi, giant, father of Nótt in Norse mythology	boy	Narfi	Narfi	Old Norse	Norse religion		Poetic Edda	Lokasenna	Lokasenna 65	https://heimskringla.no/wiki/Lokasenna	1	mythological_being	personal	attested		heimskringla.no, Eddukvæði (Guðni Jónsson's normalised text; medieval text, credit requested); Wikidata (CC0)	0.95
Rindr	Q1324396	Rindr, Norse mythical character (Giantess)	girl	Rindr	Rindr	Old Norse	Norse religion		Poetic Edda	Baldrs draumar	Baldrs draumar 11	https://heimskringla.no/wiki/Baldrs_draumar	1	deity	divine	attested		heimskringla.no, Eddukvæði (Guðni Jónsson's normalised text; medieval text, credit requested); Wikidata (CC0)	0.95
Skinfaxi	Q241555	Skinfaxi and Hrímfaxi, in Norse mythology the horses of Dagr (day) and Nótt (night)		Skinfaxi	Skinfaxi	Old Norse	Norse religion		Poetic Edda	Vafþrúðnismál	Vafþrúðnismál 12	https://heimskringla.no/wiki/Vaf%C3%BEr%C3%BA%C3%B0nism%C3%A1l	1	mythological_being	personal	attested		heimskringla.no, Eddukvæði (Guðni Jónsson's normalised text; medieval text, credit requested); Wikidata (CC0)	0.95
Svanhvit	slug:norse-religion:svanhvit	Svanhvít		Svanhvít	Svanhvít	Old Norse	Norse religion		Poetic Edda	Völundarkviða	Völundarkviða 2	https://heimskringla.no/wiki/V%C3%B6lundarkvi%C3%B0a	1	deity	divine	attested		heimskringla.no, Eddukvæði (Guðni Jónsson's normalised text; medieval text, credit requested)	0.75
Verdandi	Q917725	Verðandi, norn of the present time	girl	Verðandi	Verðandi	Old Norse	Norse religion		Poetic Edda	Völuspá	Völuspá 20	https://heimskringla.no/wiki/V%C3%B6lusp%C3%A1	1	deity	divine	attested		heimskringla.no, Eddukvæði (Guðni Jónsson's normalised text; medieval text, credit requested); Wikidata (CC0)	0.95
Thor	Q42952	Thor, hammer-wielding Norse god associated with thunder, lightning, storms, oaks, strength, and fertility	boy	Þórr	Þórr	Old Norse	Norse religion		Prose Edda	Gylfaginning	Gylfaginning 9	https://is.wikisource.org/wiki/Snorra_Edda/Gylfaginning	184	deity	divine	attested		Icelandic Wikisource, Snorra Edda (Guðni Jónsson's normalised text); Wikidata (CC0)	0.95
Loki	Q133147	Loki, Norse god of mischief, trickery, and deception		Loki	Loki	Old Norse	Norse religion		Prose Edda	Gylfaginning	Gylfaginning 20	https://is.wikisource.org/wiki/Snorra_Edda/Gylfaginning	124	deity	divine	attested		Icelandic Wikisource, Snorra Edda (Guðni Jónsson's normalised text); Wikidata (CC0)	0.95
Odin	Q43610	Odin, widely attested deity in Norse mythology	boy	Óðinn	Óðinn	Old Norse	Norse religion		Prose Edda	Gylfaginning	Gylfaginning 6	https://is.wikisource.org/wiki/Snorra_Edda/Gylfaginning	100	deity	divine	attested		Icelandic Wikisource, Snorra Edda (Guðni Jónsson's normalised text); Wikidata (CC0)	0.95
Baldr	Q131658	Baldur, Norse god associated with light, beauty, love and happiness	boy	Baldr	Baldr	Old Norse	Norse religion		Prose Edda	Gylfaginning	Gylfaginning 15	https://is.wikisource.org/wiki/Snorra_Edda/Gylfaginning	52	deity	divine	attested		Icelandic Wikisource, Snorra Edda (Guðni Jónsson's normalised text); Wikidata (CC0)	0.95
Baldur	Q131658	Baldur, Norse god associated with light, beauty, love and happiness	boy	Baldr	Baldr	Old Norse	Norse religion		Prose Edda	Gylfaginning	Gylfaginning 15	https://is.wikisource.org/wiki/Snorra_Edda/Gylfaginning	52	deity	divine	related	later spelling of Baldr	Icelandic Wikisource, Snorra Edda (Guðni Jónsson's normalised text); Wikidata (CC0)	0.95
Freyr	Q131474	Freyr, Norse god associated with kingship, fertility, peace, prosperity, fair weather, and good harvest	boy	Freyr	Freyr	Old Norse	Norse religion		Prose Edda	Gylfaginning	Gylfaginning 24	https://is.wikisource.org/wiki/Snorra_Edda/Gylfaginning	40	deity	divine	attested		Icelandic Wikisource, Snorra Edda (Guðni Jónsson's normalised text); Wikidata (CC0)	0.95
Sigurd	Q537554	Sigurd, fictional character in Germanic and Norse heroic legend, dragon slayer	boy	Sigurðr	Sigurðr	Old Norse	Norse religion		Prose Edda	Skáldskaparmál	Skáldskaparmál 9	https://is.wikisource.org/wiki/Snorra_Edda/Sk%C3%A1ldskaparm%C3%A1l	39	human	personal	attested		Icelandic Wikisource, Snorra Edda (Guðni Jónsson's normalised text); Wikidata (CC0)	0.95
Freya	Q1647325	Freyja, goddess associated with love, beauty, fertility, sex, war, gold, and seiðr in Norse mythology	girl	Freyja	Freyja	Old Norse	Norse religion		Prose Edda	Gylfaginning	Gylfaginning 24	https://is.wikisource.org/wiki/Snorra_Edda/Gylfaginning	30	deity	divine	related	later spelling of Freyja	Icelandic Wikisource, Snorra Edda (Guðni Jónsson's normalised text); Wikidata (CC0)	0.95
Freyja	Q1647325	Freyja, goddess associated with love, beauty, fertility, sex, war, gold, and seiðr in Norse mythology	girl	Freyja	Freyja	Old Norse	Norse religion		Prose Edda	Gylfaginning	Gylfaginning 24	https://is.wikisource.org/wiki/Snorra_Edda/Gylfaginning	30	deity	divine	attested		Icelandic Wikisource, Snorra Edda (Guðni Jónsson's normalised text); Wikidata (CC0)	0.95
Aegir	Q204927	Ægir, sea giant, god of the ocean and king of the sea in Norse mythology	boy	Ægir	Ægir	Old Norse	Norse religion		Prose Edda	Skáldskaparmál	Skáldskaparmál 1	https://is.wikisource.org/wiki/Snorra_Edda/Sk%C3%A1ldskaparm%C3%A1l	29	deity	divine	attested		Icelandic Wikisource, Snorra Edda (Guðni Jónsson's normalised text); Wikidata (CC0)	0.95
Frigg	Q131654	Frigg, Norse deity	girl	Frigg	Frigg	Old Norse	Norse religion		Prose Edda	Gylfaginning	Gylfaginning 9	https://is.wikisource.org/wiki/Snorra_Edda/Gylfaginning	26	deity	divine	attested		Icelandic Wikisource, Snorra Edda (Guðni Jónsson's normalised text); Wikidata (CC0)	0.95
Hrungnir	Q1338670	Hrungnir, Norse mythical character	boy	Hrungnir	Hrungnir	Old Norse	Norse religion		Prose Edda	Skáldskaparmál	Skáldskaparmál 11	https://is.wikisource.org/wiki/Snorra_Edda/Sk%C3%A1ldskaparm%C3%A1l	23	mythological_being	personal	attested		Icelandic Wikisource, Snorra Edda (Guðni Jónsson's normalised text); Wikidata (CC0)	0.95
Gunnar	slug:norse-religion:gunnar	Gunnar (Nibelung)		Gunnarr	Gunnarr	Old Norse	Norse religion		Prose Edda	Skáldskaparmál	Skáldskaparmál 48	https://is.wikisource.org/wiki/Snorra_Edda/Sk%C3%A1ldskaparm%C3%A1l	19	human	personal	attested		Icelandic Wikisource, Snorra Edda (Guðni Jónsson's normalised text)	0.75
Heimdall	Q131196	Heimdall, Watchman of the gods, and the guardian of the gods' stronghold in Norse mythology	boy	Heimdallr	Heimdallr	Old Norse	Norse religion		Prose Edda	Gylfaginning	Gylfaginning 27	https://is.wikisource.org/wiki/Snorra_Edda/Gylfaginning	19	deity	divine	related	later spelling of Heimdallr	Icelandic Wikisource, Snorra Edda (Guðni Jónsson's normalised text); Wikidata (CC0)	0.95
Heimdallr	Q131196	Heimdall, Watchman of the gods, and the guardian of the gods' stronghold in Norse mythology	boy	Heimdallr	Heimdallr	Old Norse	Norse religion		Prose Edda	Gylfaginning	Gylfaginning 27	https://is.wikisource.org/wiki/Snorra_Edda/Gylfaginning	19	deity	divine	attested		Icelandic Wikisource, Snorra Edda (Guðni Jónsson's normalised text); Wikidata (CC0)	0.95
Fafnir	Q745315	Fáfnir, dragon in Germanic heroic legend	boy	Fáfnir	Fáfnir	Old Norse	Norse religion		Prose Edda	Skáldskaparmál	Skáldskaparmál 46	https://is.wikisource.org/wiki/Snorra_Edda/Sk%C3%A1ldskaparm%C3%A1l	18	mythological_being	personal	attested		Icelandic Wikisource, Snorra Edda (Guðni Jónsson's normalised text); Wikidata (CC0)	0.95
Idunn	Q204691	Iðunn, Norse goddess	girl	Iðunn	Iðunn	Old Norse	Norse religion		Prose Edda	Gylfaginning	Gylfaginning 26	https://is.wikisource.org/wiki/Snorra_Edda/Gylfaginning	18	deity	divine	attested		Icelandic Wikisource, Snorra Edda (Guðni Jónsson's normalised text); Wikidata (CC0)	0.95
Njord	Q193879	Njord, one of the Vanir, a group of gods within Norse mythology	boy	Njörðr	Njörðr	Old Norse	Norse religion		Prose Edda	Gylfaginning	Gylfaginning 23	https://is.wikisource.org/wiki/Snorra_Edda/Gylfaginning	18	deity	divine	attested		Icelandic Wikisource, Snorra Edda (Guðni Jónsson's normalised text); Wikidata (CC0)	0.95
Sif	Q211613	Sif, Norse goddess, wife of Thor	girl	Sif	Sif	Old Norse	Norse religion		Prose Edda	Gylfaginning	Gylfaginning 31	https://is.wikisource.org/wiki/Snorra_Edda/Gylfaginning	15	deity	divine	attested		Icelandic Wikisource, Snorra Edda (Guðni Jónsson's normalised text); Wikidata (CC0)	0.95
Thjazi	Q1346913	Þjazi, Norse mythical character	boy	Þjazi	Þjazi	Old Norse	Norse religion		Prose Edda	Gylfaginning	Gylfaginning 23	https://is.wikisource.org/wiki/Snorra_Edda/Gylfaginning	15	mythological_being	personal	attested		Icelandic Wikisource, Snorra Edda (Guðni Jónsson's normalised text); Wikidata (CC0)	0.95
Tyr	Q172713	Tyr, Germanic deity	boy	Týr	Týr	Old Norse	Norse religion		Prose Edda	Gylfaginning	Gylfaginning 25	https://is.wikisource.org/wiki/Snorra_Edda/Gylfaginning	15	deity	divine	attested		Icelandic Wikisource, Snorra Edda (Guðni Jónsson's normalised text); Wikidata (CC0)	0.95
Brynhild	Q850506	Brynhild, Valkyrie in Norse heroic legend	girl	Brynhildr	Brynhildr	Old Norse	Norse religion		Prose Edda	Skáldskaparmál	Skáldskaparmál 48	https://is.wikisource.org/wiki/Snorra_Edda/Sk%C3%A1ldskaparm%C3%A1l	12	deity	divine	related	later spelling of Brynhildr	Icelandic Wikisource, Snorra Edda (Guðni Jónsson's normalised text); Wikidata (CC0)	0.95
Brynhildr	Q850506	Brynhild, Valkyrie in Norse heroic legend	girl	Brynhildr	Brynhildr	Old Norse	Norse religion		Prose Edda	Skáldskaparmál	Skáldskaparmál 48	https://is.wikisource.org/wiki/Snorra_Edda/Sk%C3%A1ldskaparm%C3%A1l	12	deity	divine	attested		Icelandic Wikisource, Snorra Edda (Guðni Jónsson's normalised text); Wikidata (CC0)	0.95
Gudrun	Q2709132	Guðrún, female given name		Guðrún	Guðrún	Old Norse	Norse religion		Prose Edda	Skáldskaparmál	Skáldskaparmál 48	https://is.wikisource.org/wiki/Snorra_Edda/Sk%C3%A1ldskaparm%C3%A1l	12	human	personal	attested		Icelandic Wikisource, Snorra Edda (Guðni Jónsson's normalised text); Wikidata (CC0)	0.95
Hymir	Q1136300	Hymir, Norse giant	boy	Hymir	Hymir	Old Norse	Norse religion		Prose Edda	Gylfaginning	Gylfaginning 48	https://is.wikisource.org/wiki/Snorra_Edda/Gylfaginning	12	mythological_being	personal	attested		Icelandic Wikisource, Snorra Edda (Guðni Jónsson's normalised text); Wikidata (CC0)	0.95
Ullr	Q213479	Ull, Norse deity	boy	Ullr	Ullr	Old Norse	Norse religion		Prose Edda	Gylfaginning	Gylfaginning 31	https://is.wikisource.org/wiki/Snorra_Edda/Gylfaginning	12	deity	divine	attested		Icelandic Wikisource, Snorra Edda (Guðni Jónsson's normalised text); Wikidata (CC0)	0.95
Ymir	Q214081	Ymir, primeval being born of primordial elemental poison and the ancestor of all Jötnar	boy	Ymir	Ymir	Old Norse	Norse religion		Prose Edda	Gylfaginning	Gylfaginning 5	https://is.wikisource.org/wiki/Snorra_Edda/Gylfaginning	12	mythological_being	personal	attested		Icelandic Wikisource, Snorra Edda (Guðni Jónsson's normalised text); Wikidata (CC0)	0.95
Grani	slug:norse-religion:grani	Grani (horse)		Grani	Grani	Old Norse	Norse religion		Prose Edda	Skáldskaparmál	Skáldskaparmál 47	https://is.wikisource.org/wiki/Snorra_Edda/Sk%C3%A1ldskaparm%C3%A1l	10	mythological_being	personal	attested		Icelandic Wikisource, Snorra Edda (Guðni Jónsson's normalised text)	0.75
Hermodr	Q579612	Hermod, Norse deity	boy	Hermóðr	Hermóðr	Old Norse	Norse religion		Prose Edda	Gylfaginning	Gylfaginning 49	https://is.wikisource.org/wiki/Snorra_Edda/Gylfaginning	10	deity	divine	attested		Icelandic Wikisource, Snorra Edda (Guðni Jónsson's normalised text); Wikidata (CC0)	0.95
Jormunrekkr	Q28987	Ermanaric, Greuthungian Gothic King	boy	Jörmunrekkr	Jörmunrekkr	Old Norse	Norse religion		Prose Edda	Skáldskaparmál	Skáldskaparmál 50	https://is.wikisource.org/wiki/Snorra_Edda/Sk%C3%A1ldskaparm%C3%A1l	10	human	personal	attested		Icelandic Wikisource, Snorra Edda (Guðni Jónsson's normalised text); Wikidata (CC0)	0.95
Atli	Q21476706	Atli, male given name		Atli	Atli	Old Norse	Norse religion		Prose Edda	Skáldskaparmál	Skáldskaparmál 48	https://is.wikisource.org/wiki/Snorra_Edda/Sk%C3%A1ldskaparm%C3%A1l	9	human	personal	attested		Icelandic Wikisource, Snorra Edda (Guðni Jónsson's normalised text); Wikidata (CC0)	0.95
Gylfi	Q2296321	Gylfi, earliest recorded king in Scandinavia according to Norse mythology	boy	Gylfi	Gylfi	Old Norse	Norse religion		Prose Edda	Gylfaginning	Gylfaginning 1	https://is.wikisource.org/wiki/Snorra_Edda/Gylfaginning	9	human	personal	attested		Icelandic Wikisource, Snorra Edda (Guðni Jónsson's normalised text); Wikidata (CC0)	0.95
Sleipnir	Q208010	Sleipnir, Odin's eight-legged horse		Sleipnir	Sleipnir	Old Norse	Norse religion		Prose Edda	Gylfaginning	Gylfaginning 15	https://is.wikisource.org/wiki/Snorra_Edda/Gylfaginning	9	mythological_being	personal	attested		Icelandic Wikisource, Snorra Edda (Guðni Jónsson's normalised text); Wikidata (CC0)	0.95
Surtr	Q211700	Surtr, Norse mythical character	boy	Surtr	Surtr	Old Norse	Norse religion		Prose Edda	Gylfaginning	Gylfaginning 4	https://is.wikisource.org/wiki/Snorra_Edda/Gylfaginning	9	mythological_being	personal	attested		Icelandic Wikisource, Snorra Edda (Guðni Jónsson's normalised text); Wikidata (CC0)	0.95
Sorli	slug:norse-religion:sorli	Sörli		Sörli	Sörli	Old Norse	Norse religion		Prose Edda	Skáldskaparmál	Skáldskaparmál 50	https://is.wikisource.org/wiki/Snorra_Edda/Sk%C3%A1ldskaparm%C3%A1l	8	human	personal	attested		Icelandic Wikisource, Snorra Edda (Guðni Jónsson's normalised text)	0.75
Vidar	Q372614	Víðarr, Norse deity	boy	Víðarr	Víðarr	Old Norse	Norse religion		Prose Edda	Gylfaginning	Gylfaginning 29	https://is.wikisource.org/wiki/Snorra_Edda/Gylfaginning	8	deity	divine	attested		Icelandic Wikisource, Snorra Edda (Guðni Jónsson's normalised text); Wikidata (CC0)	0.95
Yggdrasil	Q131135	Yggdrasil, immense mythical tree in Norse cosmology, connecting the Nine Worlds		Yggdrasill	Yggdrasill	Old Norse	Norse religion		Prose Edda	Gylfaginning	Gylfaginning 15	https://is.wikisource.org/wiki/Snorra_Edda/Gylfaginning	8	mythological_being	personal	attested		Icelandic Wikisource, Snorra Edda (Guðni Jónsson's normalised text); Wikidata (CC0)	0.95
Fulla	Q847429	Fulla, Norse deity	girl	Fulla	Fulla	Old Norse	Norse religion		Prose Edda	Gylfaginning	Gylfaginning 35	https://is.wikisource.org/wiki/Snorra_Edda/Gylfaginning	7	deity	divine	attested		Icelandic Wikisource, Snorra Edda (Guðni Jónsson's normalised text); Wikidata (CC0)	0.95
Kvasir	Q216763	Kvasir, Norse deity	boy	Kvasir	Kvasir	Old Norse	Norse religion		Prose Edda	Gylfaginning	Gylfaginning 50	https://is.wikisource.org/wiki/Snorra_Edda/Gylfaginning	7	deity	divine	attested		Icelandic Wikisource, Snorra Edda (Guðni Jónsson's normalised text); Wikidata (CC0)	0.95
Skirnir	Q264522	Skírnir, norse mythological character	boy	Skírnir	Skírnir	Old Norse	Norse religion		Prose Edda	Gylfaginning	Gylfaginning 34	https://is.wikisource.org/wiki/Snorra_Edda/Gylfaginning	7	deity	divine	attested		Icelandic Wikisource, Snorra Edda (Guðni Jónsson's normalised text); Wikidata (CC0)	0.95
Gefjon	Q746235	Gefjon, Norse deity	girl	Gefjun	Gefjun	Old Norse	Norse religion		Prose Edda	Gylfaginning	Gylfaginning 1	https://is.wikisource.org/wiki/Snorra_Edda/Gylfaginning	6	deity	divine	attested		Icelandic Wikisource, Snorra Edda (Guðni Jónsson's normalised text); Wikidata (CC0)	0.95
Gjuki	Q570149	Gibica, King of the Burgundians	boy	Gjúki	Gjúki	Old Norse	Norse religion		Prose Edda	Skáldskaparmál	Skáldskaparmál 48	https://is.wikisource.org/wiki/Snorra_Edda/Sk%C3%A1ldskaparm%C3%A1l	6	human	personal	attested		Icelandic Wikisource, Snorra Edda (Guðni Jónsson's normalised text); Wikidata (CC0)	0.95
Hamdir	slug:norse-religion:hamdir	Hamðir		Hamðir	Hamðir	Old Norse	Norse religion		Prose Edda	Skáldskaparmál	Skáldskaparmál 13	https://is.wikisource.org/wiki/Snorra_Edda/Sk%C3%A1ldskaparm%C3%A1l	6	human	personal	attested		Icelandic Wikisource, Snorra Edda (Guðni Jónsson's normalised text)	0.75
Hodr	Q204900	Höðr, Norse deity	boy	Höðr	Höðr	Old Norse	Norse religion		Prose Edda	Gylfaginning	Gylfaginning 28	https://is.wikisource.org/wiki/Snorra_Edda/Gylfaginning	6	deity	divine	attested		Icelandic Wikisource, Snorra Edda (Guðni Jónsson's normalised text); Wikidata (CC0)	0.95
Mimir	Q336496	Mímir, Norse god of wisdom	boy	Mímir	Mímir	Old Norse	Norse religion		Prose Edda	Gylfaginning	Gylfaginning 15	https://is.wikisource.org/wiki/Snorra_Edda/Gylfaginning	6	deity	divine	attested		Icelandic Wikisource, Snorra Edda (Guðni Jónsson's normalised text); Wikidata (CC0)	0.95
Nanna	Q500390	Nanna, Norse deity	girl	Nanna	Nanna	Old Norse	Norse religion		Prose Edda	Gylfaginning	Gylfaginning 32	https://is.wikisource.org/wiki/Snorra_Edda/Gylfaginning	6	deity	divine	attested		Icelandic Wikisource, Snorra Edda (Guðni Jónsson's normalised text); Wikidata (CC0)	0.95
Svanhild	Q1758567	Svanhildr, daughter of Sigurd and Gudrun in Norse-Germanic mythology	girl	Svanhildr	Svanhildr	Old Norse	Norse religion		Prose Edda	Skáldskaparmál	Skáldskaparmál 48	https://is.wikisource.org/wiki/Snorra_Edda/Sk%C3%A1ldskaparm%C3%A1l	6	human	personal	attested		Icelandic Wikisource, Snorra Edda (Guðni Jónsson's normalised text); Wikidata (CC0)	0.95
Hoenir	Q836029	Hœnir, Norse deity	boy	Hænir	Hænir	Old Norse	Norse religion		Prose Edda	Gylfaginning	Gylfaginning 23	https://is.wikisource.org/wiki/Snorra_Edda/Gylfaginning	5	deity	divine	attested		Icelandic Wikisource, Snorra Edda (Guðni Jónsson's normalised text); Wikidata (CC0)	0.95
Huginn	Q207041	Hugin and Munin, pair of birds in Norse mythology		Huginn	Huginn	Old Norse	Norse religion		Prose Edda	Gylfaginning	Gylfaginning 38	https://is.wikisource.org/wiki/Snorra_Edda/Gylfaginning	5	mythological_being	personal	attested		Icelandic Wikisource, Snorra Edda (Guðni Jónsson's normalised text); Wikidata (CC0)	0.95
Muninn	Q207041	Hugin and Munin, pair of birds in Norse mythology		Muninn	Muninn	Old Norse	Norse religion		Prose Edda	Gylfaginning	Gylfaginning 38	https://is.wikisource.org/wiki/Snorra_Edda/Gylfaginning	5	mythological_being	personal	attested		Icelandic Wikisource, Snorra Edda (Guðni Jónsson's normalised text); Wikidata (CC0)	0.95
Andvari	Q525149	Andvari, Norse mythical character; dwarf	boy	Andvari	Andvari	Old Norse	Norse religion		Prose Edda	Gylfaginning	Gylfaginning 14	https://is.wikisource.org/wiki/Snorra_Edda/Gylfaginning	4	mythological_being	personal	attested		Icelandic Wikisource, Snorra Edda (Guðni Jónsson's normalised text); Wikidata (CC0)	0.95
Borr	Q334494	Borr, Norse mythical character	boy	Borr	Borr	Old Norse	Norse religion		Prose Edda	Gylfaginning	Gylfaginning 6	https://is.wikisource.org/wiki/Snorra_Edda/Gylfaginning	4	deity	divine	attested		Icelandic Wikisource, Snorra Edda (Guðni Jónsson's normalised text); Wikidata (CC0)	0.95
Erpr	slug:norse-religion:erpr	Erpr		Erpr	Erpr	Old Norse	Norse religion		Prose Edda	Skáldskaparmál	Skáldskaparmál 50	https://is.wikisource.org/wiki/Snorra_Edda/Sk%C3%A1ldskaparm%C3%A1l	4	human	personal	attested		Icelandic Wikisource, Snorra Edda (Guðni Jónsson's normalised text)	0.75
Gerd	Q1127847	Gerðr, Norse deity; giantess	girl	Gerðr	Gerðr	Old Norse	Norse religion		Prose Edda	Gylfaginning	Gylfaginning 37	https://is.wikisource.org/wiki/Snorra_Edda/Gylfaginning	4	deity	divine	attested		Icelandic Wikisource, Snorra Edda (Guðni Jónsson's normalised text); Wikidata (CC0)	0.95
Jormungandr	Q181227	Jörmungandr, World Serpent in Norse mythology		Jörmungandr	Jörmungandr	Old Norse	Norse religion		Prose Edda	Gylfaginning	Gylfaginning 34	https://is.wikisource.org/wiki/Snorra_Edda/Gylfaginning	4	mythological_being	personal	attested		Icelandic Wikisource, Snorra Edda (Guðni Jónsson's normalised text); Wikidata (CC0)	0.95
Narfi	Q1273321	Narfi, giant, father of Nótt in Norse mythology	boy	Narfi	Narfi	Old Norse	Norse religion		Prose Edda	Gylfaginning	Gylfaginning 10	https://is.wikisource.org/wiki/Snorra_Edda/Gylfaginning	4	mythological_being	personal	attested		Icelandic Wikisource, Snorra Edda (Guðni Jónsson's normalised text); Wikidata (CC0)	0.95
Sigmund	Q1158552	Sigmund, mythological figure	boy	Sigmundr	Sigmundr	Old Norse	Norse religion		Prose Edda	Skáldskaparmál	Skáldskaparmál 47	https://is.wikisource.org/wiki/Snorra_Edda/Sk%C3%A1ldskaparm%C3%A1l	4	human	personal	attested		Icelandic Wikisource, Snorra Edda (Guðni Jónsson's normalised text); Wikidata (CC0)	0.95
Volsung	Q1263694	Völsung, Figure in Germanic mythology	boy	Völsungr	Völsungr	Old Norse	Norse religion		Prose Edda	Skáldskaparmál	Skáldskaparmál 47	https://is.wikisource.org/wiki/Snorra_Edda/Sk%C3%A1ldskaparm%C3%A1l	4	human	personal	attested		Icelandic Wikisource, Snorra Edda (Guðni Jónsson's normalised text); Wikidata (CC0)	0.95
Forseti	Q62548	Forseti, Norse god of peace, truth, and justice	boy	Forseti	Forseti	Old Norse	Norse religion		Prose Edda	Gylfaginning	Gylfaginning 32	https://is.wikisource.org/wiki/Snorra_Edda/Gylfaginning	3	deity	divine	attested		Icelandic Wikisource, Snorra Edda (Guðni Jónsson's normalised text); Wikidata (CC0)	0.95
Sigyn	Q734508	Sigyn, mythical wife of Loki	girl	Sigyn	Sigyn	Old Norse	Norse religion		Prose Edda	Gylfaginning	Gylfaginning 33	https://is.wikisource.org/wiki/Snorra_Edda/Gylfaginning	3	deity	divine	attested		Icelandic Wikisource, Snorra Edda (Guðni Jónsson's normalised text); Wikidata (CC0)	0.95
Embla	Q212858	Askr and Embla, first two humans, created by the gods in Norse mythology from trees		Embla	Embla	Old Norse	Norse religion		Prose Edda	Gylfaginning	Gylfaginning 9	https://is.wikisource.org/wiki/Snorra_Edda/Gylfaginning	2	human	personal	attested		Icelandic Wikisource, Snorra Edda (Guðni Jónsson's normalised text); Wikidata (CC0)	0.95
Fjorgyn	Q975555	Fjörgyn and Fjörgynn, norse mythical characters		Fjörgyn	Fjörgyn	Old Norse	Norse religion		Prose Edda	Skáldskaparmál	Skáldskaparmál 70	https://is.wikisource.org/wiki/Snorra_Edda/Sk%C3%A1ldskaparm%C3%A1l	2	deity	divine	attested		Icelandic Wikisource, Snorra Edda (Guðni Jónsson's normalised text); Wikidata (CC0)	0.95
Groa	Q1280875	Gróa, Norse mythical character	girl	Gróa	Gróa	Old Norse	Norse religion		Prose Edda	Skáldskaparmál	Skáldskaparmál 25	https://is.wikisource.org/wiki/Snorra_Edda/Sk%C3%A1ldskaparm%C3%A1l	2	mythological_being	personal	attested		Icelandic Wikisource, Snorra Edda (Guðni Jónsson's normalised text); Wikidata (CC0)	0.95
Hrimfaxi	Q241555	Skinfaxi and Hrímfaxi, in Norse mythology the horses of Dagr (day) and Nótt (night)		Hrímfaxi	Hrímfaxi	Old Norse	Norse religion		Prose Edda	Gylfaginning	Gylfaginning 10	https://is.wikisource.org/wiki/Snorra_Edda/Gylfaginning	2	mythological_being	personal	attested		Icelandic Wikisource, Snorra Edda (Guðni Jónsson's normalised text); Wikidata (CC0)	0.95
Ivaldi	Q1675516	sons of Ivaldi, group of dwarven smiths from Norse mythology		Ívalda	Ívalda	Old Norse	Norse religion		Prose Edda	Gylfaginning	Gylfaginning 43	https://is.wikisource.org/wiki/Snorra_Edda/Gylfaginning	2	mythological_being	personal	attested		Icelandic Wikisource, Snorra Edda (Guðni Jónsson's normalised text); Wikidata (CC0)	0.95
Lofn	Q1130661	Lofn, Norse deity	girl	Lofn	Lofn	Old Norse	Norse religion		Prose Edda	Gylfaginning	Gylfaginning 35	https://is.wikisource.org/wiki/Snorra_Edda/Gylfaginning	2	deity	divine	attested		Icelandic Wikisource, Snorra Edda (Guðni Jónsson's normalised text); Wikidata (CC0)	0.95
Otr	Q1967084	Ótr, dwarf of Norse mythology	boy	Otr	Otr	Old Norse	Norse religion		Prose Edda	Skáldskaparmál	Skáldskaparmál 46	https://is.wikisource.org/wiki/Snorra_Edda/Sk%C3%A1ldskaparm%C3%A1l	2	mythological_being	personal	attested		Icelandic Wikisource, Snorra Edda (Guðni Jónsson's normalised text); Wikidata (CC0)	0.95
Skinfaxi	Q241555	Skinfaxi and Hrímfaxi, in Norse mythology the horses of Dagr (day) and Nótt (night)		Skinfaxi	Skinfaxi	Old Norse	Norse religion		Prose Edda	Gylfaginning	Gylfaginning 10	https://is.wikisource.org/wiki/Snorra_Edda/Gylfaginning	2	mythological_being	personal	attested		Icelandic Wikisource, Snorra Edda (Guðni Jónsson's normalised text); Wikidata (CC0)	0.95
Skogul	Q16514183	Skögul and Geirskögul, Valkyries in Norse mythology		Skögul	Skögul	Old Norse	Norse religion		Prose Edda	Gylfaginning	Gylfaginning 36	https://is.wikisource.org/wiki/Snorra_Edda/Gylfaginning	2	deity	divine	attested		Icelandic Wikisource, Snorra Edda (Guðni Jónsson's normalised text); Wikidata (CC0)	0.95
Angrboda	Q371828	Angrboða, Norse mythical character; giantess	girl	Angrboða	Angrboða	Old Norse	Norse religion		Prose Edda	Gylfaginning	Gylfaginning 34	https://is.wikisource.org/wiki/Snorra_Edda/Gylfaginning	1	mythological_being	personal	attested		Icelandic Wikisource, Snorra Edda (Guðni Jónsson's normalised text); Wikidata (CC0)	0.95
Aslaug	Q732678	Aslaug, figure in Norse mythology, the third wife of Ragnar Lodbrok	girl	Áslaug	Áslaug	Old Norse	Norse religion		Prose Edda	Skáldskaparmál	Skáldskaparmál 51	https://is.wikisource.org/wiki/Snorra_Edda/Sk%C3%A1ldskaparm%C3%A1l	1	human	personal	attested		Icelandic Wikisource, Snorra Edda (Guðni Jónsson's normalised text); Wikidata (CC0)	0.95
Audumbla	Q215041	Auðumbla, primeval cow of Norse mythology		Auðhumla	Auðhumla	Old Norse	Norse religion		Prose Edda	Gylfaginning	Gylfaginning 6	https://is.wikisource.org/wiki/Snorra_Edda/Gylfaginning	1	mythological_being	personal	attested		Icelandic Wikisource, Snorra Edda (Guðni Jónsson's normalised text); Wikidata (CC0)	0.95
Bestla	Q830622	Bestla, Norse mythical character	girl	Bestla	Bestla	Old Norse	Norse religion		Prose Edda	Gylfaginning	Gylfaginning 6	https://is.wikisource.org/wiki/Snorra_Edda/Gylfaginning	1	mythological_being	personal	attested		Icelandic Wikisource, Snorra Edda (Guðni Jónsson's normalised text); Wikidata (CC0)	0.95
Budli	Q5003623	Buðli, est. 670 -	boy	Buðli	Buðli	Old Norse	Norse religion		Prose Edda	Skáldskaparmál	Skáldskaparmál 80	https://is.wikisource.org/wiki/Snorra_Edda/Sk%C3%A1ldskaparm%C3%A1l	1	human	personal	attested		Icelandic Wikisource, Snorra Edda (Guðni Jónsson's normalised text); Wikidata (CC0)	0.95
Buri	Q336145	Búri, Norse mythical character	boy	Búri	Búri	Old Norse	Norse religion		Prose Edda	Gylfaginning	Gylfaginning 6	https://is.wikisource.org/wiki/Snorra_Edda/Gylfaginning	1	deity	divine	attested		Icelandic Wikisource, Snorra Edda (Guðni Jónsson's normalised text); Wikidata (CC0)	0.95
Fenrir	Q182560	Fenrir, monstrous wolf in Norse mythology		Fenris	Fenris	Old Norse	Norse religion		Prose Edda	Gylfaginning	Gylfaginning 12	https://is.wikisource.org/wiki/Snorra_Edda/Gylfaginning	1	mythological_being	personal	attested		Icelandic Wikisource, Snorra Edda (Guðni Jónsson's normalised text); Wikidata (CC0)	0.95
Gna	Q16513962	Gná and Hófvarpnir, Goddess and horse in Norse mythology		Gná	Gná	Old Norse	Norse religion		Prose Edda	Gylfaginning	Gylfaginning 35	https://is.wikisource.org/wiki/Snorra_Edda/Gylfaginning	1	deity	divine	attested		Icelandic Wikisource, Snorra Edda (Guðni Jónsson's normalised text); Wikidata (CC0)	0.95
Gondul	Q5626611	Göndul, Norse mythical character	girl	Göndul	Göndul	Old Norse	Norse religion		Prose Edda	Skáldskaparmál	Skáldskaparmál 9	https://is.wikisource.org/wiki/Snorra_Edda/Sk%C3%A1ldskaparm%C3%A1l	1	deity	divine	attested		Icelandic Wikisource, Snorra Edda (Guðni Jónsson's normalised text); Wikidata (CC0)	0.95
Grimhild	Q1565635	Grimhild, sorceress in Norse mythology	girl	Grímhildr	Grímhildr	Old Norse	Norse religion		Prose Edda	Skáldskaparmál	Skáldskaparmál 48	https://is.wikisource.org/wiki/Snorra_Edda/Sk%C3%A1ldskaparm%C3%A1l	1	human	personal	attested		Icelandic Wikisource, Snorra Edda (Guðni Jónsson's normalised text); Wikidata (CC0)	0.95
Gudny	slug:norse-religion:gudny	Guðný		Guðný	Guðný	Old Norse	Norse religion		Prose Edda	Skáldskaparmál	Skáldskaparmál 48	https://is.wikisource.org/wiki/Snorra_Edda/Sk%C3%A1ldskaparm%C3%A1l	1	human	personal	attested		Icelandic Wikisource, Snorra Edda (Guðni Jónsson's normalised text)	0.75
Gunnlod	Q166380	Gunnlöð, giantess in Norse mythology	girl	Gunnlöð	Gunnlöð	Old Norse	Norse religion		Prose Edda	Skáldskaparmál	Skáldskaparmál 6	https://is.wikisource.org/wiki/Snorra_Edda/Sk%C3%A1ldskaparm%C3%A1l	1	mythological_being	personal	attested		Icelandic Wikisource, Snorra Edda (Guðni Jónsson's normalised text); Wikidata (CC0)	0.95
Hjordis	Q58639539	Hjördís, mythical character	girl	Hjördísar	Hjördísar	Old Norse	Norse religion		Prose Edda	Skáldskaparmál	Skáldskaparmál 47	https://is.wikisource.org/wiki/Snorra_Edda/Sk%C3%A1ldskaparm%C3%A1l	1	human	personal	attested		Icelandic Wikisource, Snorra Edda (Guðni Jónsson's normalised text); Wikidata (CC0)	0.95
Hlin	Q1254651	Hlín, Norse deity	girl	Hlín	Hlín	Old Norse	Norse religion		Prose Edda	Gylfaginning	Gylfaginning 35	https://is.wikisource.org/wiki/Snorra_Edda/Gylfaginning	1	deity	divine	attested		Icelandic Wikisource, Snorra Edda (Guðni Jónsson's normalised text); Wikidata (CC0)	0.95
Mundilfari	Q578248	Mundilfari, Norse mythical character	boy	Mundilfari	Mundilfari	Old Norse	Norse religion		Prose Edda	Gylfaginning	Gylfaginning 11	https://is.wikisource.org/wiki/Snorra_Edda/Gylfaginning	1	mythological_being	personal	attested		Icelandic Wikisource, Snorra Edda (Guðni Jónsson's normalised text); Wikidata (CC0)	0.95
Rindr	Q1324396	Rindr, Norse mythical character (Giantess)	girl	Rindr	Rindr	Old Norse	Norse religion		Prose Edda	Gylfaginning	Gylfaginning 36	https://is.wikisource.org/wiki/Snorra_Edda/Gylfaginning	1	deity	divine	attested		Icelandic Wikisource, Snorra Edda (Guðni Jónsson's normalised text); Wikidata (CC0)	0.95
Sinfjotli	Q513564	Sinfjötli, character in Norse mythology	boy	Sinfjötli	Sinfjötli	Old Norse	Norse religion		Prose Edda	Skáldskaparmál	Skáldskaparmál 51	https://is.wikisource.org/wiki/Snorra_Edda/Sk%C3%A1ldskaparm%C3%A1l	1	human	personal	attested		Icelandic Wikisource, Snorra Edda (Guðni Jónsson's normalised text); Wikidata (CC0)	0.95
Sjofn	Q1139267	Sjöfn, Norse deity	girl	Sjöfn	Sjöfn	Old Norse	Norse religion		Prose Edda	Gylfaginning	Gylfaginning 35	https://is.wikisource.org/wiki/Snorra_Edda/Gylfaginning	1	deity	divine	attested		Icelandic Wikisource, Snorra Edda (Guðni Jónsson's normalised text); Wikidata (CC0)	0.95
Snotra	Q635526	Snotra, Norse deity	girl	Snotra	Snotra	Old Norse	Norse religion		Prose Edda	Gylfaginning	Gylfaginning 35	https://is.wikisource.org/wiki/Snorra_Edda/Gylfaginning	1	deity	divine	attested		Icelandic Wikisource, Snorra Edda (Guðni Jónsson's normalised text); Wikidata (CC0)	0.95
Vafthrudnir	Q1455231	Vafþrúðnir, Norse mythical character	boy	Vafþrúðnir	Vafþrúðnir	Old Norse	Norse religion		Prose Edda	Gylfaginning	Gylfaginning 5	https://is.wikisource.org/wiki/Snorra_Edda/Gylfaginning	1	mythological_being	personal	attested		Icelandic Wikisource, Snorra Edda (Guðni Jónsson's normalised text); Wikidata (CC0)	0.95
Verdandi	Q917725	Verðandi, norn of the present time	girl	Verðandi	Verðandi	Old Norse	Norse religion		Prose Edda	Gylfaginning	Gylfaginning 15	https://is.wikisource.org/wiki/Snorra_Edda/Gylfaginning	1	deity	divine	attested		Icelandic Wikisource, Snorra Edda (Guðni Jónsson's normalised text); Wikidata (CC0)	0.95
Sigurd	Q537554	Sigurd, fictional character in Germanic and Norse heroic legend, dragon slayer	boy	Sigurðr	Sigurðr	Old Norse	Norse religion		Völsunga saga	Völsunga saga	Völsunga saga ch. 13	https://heimskringla.no/wiki/V%C3%B6lsunga_saga	210	human	personal	attested		heimskringla.no, Völsunga saga (Guðni Jónsson's normalised text); Wikidata (CC0)	0.95
Gudrun	Q2709132	Guðrún, female given name		Guðrún	Guðrún	Old Norse	Norse religion		Völsunga saga	Völsunga saga	Völsunga saga ch. 24	https://heimskringla.no/wiki/V%C3%B6lsunga_saga	93	human	personal	attested		heimskringla.no, Völsunga saga (Guðni Jónsson's normalised text); Wikidata (CC0)	0.95
Sigmund	Q1158552	Sigmund, mythological figure	boy	Sigmundr	Sigmundr	Old Norse	Norse religion		Völsunga saga	Völsunga saga	Völsunga saga ch. 2	https://heimskringla.no/wiki/V%C3%B6lsunga_saga	91	human	personal	attested		heimskringla.no, Völsunga saga (Guðni Jónsson's normalised text); Wikidata (CC0)	0.95
Brynhild	Q850506	Brynhild, Valkyrie in Norse heroic legend	girl	Brynhildr	Brynhildr	Old Norse	Norse religion		Völsunga saga	Völsunga saga	Völsunga saga ch. 19	https://heimskringla.no/wiki/V%C3%B6lsunga_saga	83	deity	divine	related	later spelling of Brynhildr	heimskringla.no, Völsunga saga (Guðni Jónsson's normalised text); Wikidata (CC0)	0.95
Brynhildr	Q850506	Brynhild, Valkyrie in Norse heroic legend	girl	Brynhildr	Brynhildr	Old Norse	Norse religion		Völsunga saga	Völsunga saga	Völsunga saga ch. 19	https://heimskringla.no/wiki/V%C3%B6lsunga_saga	83	deity	divine	attested		heimskringla.no, Völsunga saga (Guðni Jónsson's normalised text); Wikidata (CC0)	0.95
Gunnar	slug:norse-religion:gunnar	Gunnar (Nibelung)		Gunnarr	Gunnarr	Old Norse	Norse religion		Völsunga saga	Völsunga saga	Völsunga saga ch. 25	https://heimskringla.no/wiki/V%C3%B6lsunga_saga	71	human	personal	attested		heimskringla.no, Völsunga saga (Guðni Jónsson's normalised text)	0.75
Atli	Q21476706	Atli, male given name		Atli	Atli	Old Norse	Norse religion		Völsunga saga	Völsunga saga	Völsunga saga ch. 25	https://heimskringla.no/wiki/V%C3%B6lsunga_saga	50	human	personal	attested		heimskringla.no, Völsunga saga (Guðni Jónsson's normalised text); Wikidata (CC0)	0.95
Fafnir	Q745315	Fáfnir, dragon in Germanic heroic legend	boy	Fáfnir	Fáfnir	Old Norse	Norse religion		Völsunga saga	Völsunga saga	Völsunga saga ch. 13	https://heimskringla.no/wiki/V%C3%B6lsunga_saga	36	mythological_being	personal	attested		heimskringla.no, Völsunga saga (Guðni Jónsson's normalised text); Wikidata (CC0)	0.95
Sinfjotli	Q513564	Sinfjötli, character in Norse mythology	boy	Sinfjötli	Sinfjötli	Old Norse	Norse religion		Völsunga saga	Völsunga saga	Völsunga saga ch. 7	https://heimskringla.no/wiki/V%C3%B6lsunga_saga	28	human	personal	attested		heimskringla.no, Völsunga saga (Guðni Jónsson's normalised text); Wikidata (CC0)	0.95
Signy	Q2039590	Signy, characters and heroines in several old Scandinavian sagas		Signý	Signý	Old Norse	Norse religion		Völsunga saga	Völsunga saga	Völsunga saga ch. 2	https://heimskringla.no/wiki/V%C3%B6lsunga_saga	27	human	personal	attested		heimskringla.no, Völsunga saga (Guðni Jónsson's normalised text); Wikidata (CC0)	0.95
Volsung	Q1263694	Völsung, Figure in Germanic mythology	boy	Völsungr	Völsungr	Old Norse	Norse religion		Völsunga saga	Völsunga saga	Völsunga saga ch. 2	https://heimskringla.no/wiki/V%C3%B6lsunga_saga	22	human	personal	attested		heimskringla.no, Völsunga saga (Guðni Jónsson's normalised text); Wikidata (CC0)	0.95
Grimhild	Q1565635	Grimhild, sorceress in Norse mythology	girl	Grímhildr	Grímhildr	Old Norse	Norse religion		Völsunga saga	Völsunga saga	Völsunga saga ch. 25	https://heimskringla.no/wiki/V%C3%B6lsunga_saga	19	human	personal	attested		heimskringla.no, Völsunga saga (Guðni Jónsson's normalised text); Wikidata (CC0)	0.95
Gjuki	Q570149	Gibica, King of the Burgundians	boy	Gjúki	Gjúki	Old Norse	Norse religion		Völsunga saga	Völsunga saga	Völsunga saga ch. 25	https://heimskringla.no/wiki/V%C3%B6lsunga_saga	13	human	personal	attested		heimskringla.no, Völsunga saga (Guðni Jónsson's normalised text); Wikidata (CC0)	0.95
Svanhild	Q1758567	Svanhildr, daughter of Sigurd and Gudrun in Norse-Germanic mythology	girl	Svanhildr	Svanhildr	Old Norse	Norse religion		Völsunga saga	Völsunga saga	Völsunga saga ch. 31	https://heimskringla.no/wiki/V%C3%B6lsunga_saga	13	human	personal	attested		heimskringla.no, Völsunga saga (Guðni Jónsson's normalised text); Wikidata (CC0)	0.95
Grani	slug:norse-religion:grani	Grani (horse)		Grani	Grani	Old Norse	Norse religion		Völsunga saga	Völsunga saga	Völsunga saga ch. 9	https://heimskringla.no/wiki/V%C3%B6lsunga_saga	12	mythological_being	personal	attested		heimskringla.no, Völsunga saga (Guðni Jónsson's normalised text)	0.75
Sigi	Q458489	Sigi, father of Rerir in Norse mythology	boy	Sigi	Sigi	Old Norse	Norse religion		Völsunga saga	Völsunga saga	Völsunga saga ch. 1	https://heimskringla.no/wiki/V%C3%B6lsunga_saga	11	human	personal	attested		heimskringla.no, Völsunga saga (Guðni Jónsson's normalised text); Wikidata (CC0)	0.95
Odin	Q43610	Odin, widely attested deity in Norse mythology	boy	Óðinn	Óðinn	Old Norse	Norse religion		Völsunga saga	Völsunga saga	Völsunga saga ch. 1	https://heimskringla.no/wiki/V%C3%B6lsunga_saga	10	deity	divine	attested		heimskringla.no, Völsunga saga (Guðni Jónsson's normalised text); Wikidata (CC0)	0.95
Hjordis	Q58639539	Hjördís, mythical character	girl	Hjördís	Hjördís	Old Norse	Norse religion		Völsunga saga	Völsunga saga	Völsunga saga ch. 11	https://heimskringla.no/wiki/V%C3%B6lsunga_saga	9	human	personal	attested		heimskringla.no, Völsunga saga (Guðni Jónsson's normalised text); Wikidata (CC0)	0.95
Loki	Q133147	Loki, Norse god of mischief, trickery, and deception		Loki	Loki	Old Norse	Norse religion		Völsunga saga	Völsunga saga	Völsunga saga ch. 14	https://heimskringla.no/wiki/V%C3%B6lsunga_saga	7	deity	divine	attested		heimskringla.no, Völsunga saga (Guðni Jónsson's normalised text); Wikidata (CC0)	0.95
Budli	Q5003623	Buðli, est. 670 -	boy	Buðli	Buðli	Old Norse	Norse religion		Völsunga saga	Völsunga saga	Völsunga saga ch. 25	https://heimskringla.no/wiki/V%C3%B6lsunga_saga	6	human	personal	attested		heimskringla.no, Völsunga saga (Guðni Jónsson's normalised text); Wikidata (CC0)	0.95
Hamdir	slug:norse-religion:hamdir	Hamðir		Hamðir	Hamðir	Old Norse	Norse religion		Völsunga saga	Völsunga saga	Völsunga saga ch. 39	https://heimskringla.no/wiki/V%C3%B6lsunga_saga	6	human	personal	attested		heimskringla.no, Völsunga saga (Guðni Jónsson's normalised text)	0.75
Rerir	Q457767	Rerir, Norse mythological hero	boy	Rerir	Rerir	Old Norse	Norse religion		Völsunga saga	Völsunga saga	Völsunga saga ch. 1	https://heimskringla.no/wiki/V%C3%B6lsunga_saga	5	human	personal	attested		heimskringla.no, Völsunga saga (Guðni Jónsson's normalised text); Wikidata (CC0)	0.95
Erpr	slug:norse-religion:erpr	Erpr		Erpr	Erpr	Old Norse	Norse religion		Völsunga saga	Völsunga saga	Völsunga saga ch. 39	https://heimskringla.no/wiki/V%C3%B6lsunga_saga	4	human	personal	attested		heimskringla.no, Völsunga saga (Guðni Jónsson's normalised text)	0.75
Otr	Q1967084	Ótr, dwarf of Norse mythology	boy	Otr	Otr	Old Norse	Norse religion		Völsunga saga	Völsunga saga	Völsunga saga ch. 14	https://heimskringla.no/wiki/V%C3%B6lsunga_saga	4	mythological_being	personal	attested		heimskringla.no, Völsunga saga (Guðni Jónsson's normalised text); Wikidata (CC0)	0.95
Sigrun	Q3041936	Sigrún, valkyrie in Norse mythology	girl	Sigrún	Sigrún	Old Norse	Norse religion		Völsunga saga	Völsunga saga	Völsunga saga ch. 9	https://heimskringla.no/wiki/V%C3%B6lsunga_saga	4	deity	divine	attested		heimskringla.no, Völsunga saga (Guðni Jónsson's normalised text); Wikidata (CC0)	0.95
Andvari	Q525149	Andvari, Norse mythical character; dwarf	boy	Andvari	Andvari	Old Norse	Norse religion		Völsunga saga	Völsunga saga	Völsunga saga ch. 14	https://heimskringla.no/wiki/V%C3%B6lsunga_saga	3	mythological_being	personal	attested		heimskringla.no, Völsunga saga (Guðni Jónsson's normalised text); Wikidata (CC0)	0.95
Sorli	slug:norse-religion:sorli	Sörli		Sörli	Sörli	Old Norse	Norse religion		Völsunga saga	Völsunga saga	Völsunga saga ch. 39	https://heimskringla.no/wiki/V%C3%B6lsunga_saga	3	human	personal	attested		heimskringla.no, Völsunga saga (Guðni Jónsson's normalised text)	0.75
Borghild	Q4945056	Borghild, female figure of Norse heroic legend	girl	Borghildr	Borghildr	Old Norse	Norse religion		Völsunga saga	Völsunga saga	Völsunga saga ch. 8	https://heimskringla.no/wiki/V%C3%B6lsunga_saga	2	human	personal	attested		heimskringla.no, Völsunga saga (Guðni Jónsson's normalised text); Wikidata (CC0)	0.95
Aslaug	Q732678	Aslaug, figure in Norse mythology, the third wife of Ragnar Lodbrok	girl	Áslaugu	Áslaugu	Old Norse	Norse religion		Völsunga saga	Völsunga saga	Völsunga saga ch. 27	https://heimskringla.no/wiki/V%C3%B6lsunga_saga	1	human	personal	attested		heimskringla.no, Völsunga saga (Guðni Jónsson's normalised text); Wikidata (CC0)	0.95
Frigg	Q131654	Frigg, Norse deity	girl	Frigg	Frigg	Old Norse	Norse religion		Völsunga saga	Völsunga saga	Völsunga saga ch. 2	https://heimskringla.no/wiki/V%C3%B6lsunga_saga	1	deity	divine	attested		heimskringla.no, Völsunga saga (Guðni Jónsson's normalised text); Wikidata (CC0)	0.95
Hoenir	Q836029	Hœnir, Norse deity	boy	Hænir	Hænir	Old Norse	Norse religion		Völsunga saga	Völsunga saga	Völsunga saga ch. 14	https://heimskringla.no/wiki/V%C3%B6lsunga_saga	1	deity	divine	attested		heimskringla.no, Völsunga saga (Guðni Jónsson's normalised text); Wikidata (CC0)	0.95
Huginn	Q207041	Hugin and Munin, pair of birds in Norse mythology		Hugin	Hugin	Old Norse	Norse religion		Völsunga saga	Völsunga saga	Völsunga saga ch. 17	https://heimskringla.no/wiki/V%C3%B6lsunga_saga	1	mythological_being	personal	attested		heimskringla.no, Völsunga saga (Guðni Jónsson's normalised text); Wikidata (CC0)	0.95
Oddrun	slug:norse-religion:oddrun	Oddrún		Oddrúnu	Oddrúnu	Old Norse	Norse religion		Völsunga saga	Völsunga saga	Völsunga saga ch. 31	https://heimskringla.no/wiki/V%C3%B6lsunga_saga	1	human	personal	attested		heimskringla.no, Völsunga saga (Guðni Jónsson's normalised text)	0.75
Sleipnir	Q208010	Sleipnir, Odin's eight-legged horse		Sleipni	Sleipni	Old Norse	Norse religion		Völsunga saga	Völsunga saga	Völsunga saga ch. 13	https://heimskringla.no/wiki/V%C3%B6lsunga_saga	1	mythological_being	personal	attested		heimskringla.no, Völsunga saga (Guðni Jónsson's normalised text); Wikidata (CC0)	0.95
Surtr	Q211700	Surtr, Norse mythical character	boy	Surtr	Surtr	Old Norse	Norse religion		Völsunga saga	Völsunga saga	Völsunga saga ch. 18	https://heimskringla.no/wiki/V%C3%B6lsunga_saga	1	mythological_being	personal	attested		heimskringla.no, Völsunga saga (Guðni Jónsson's normalised text); Wikidata (CC0)	0.95
Thora	slug:norse-religion:thora	Þóra Hákonardóttir		Þóru	Þóru	Old Norse	Norse religion		Völsunga saga	Völsunga saga	Völsunga saga ch. 32	https://heimskringla.no/wiki/V%C3%B6lsunga_saga	1	human	personal	attested		heimskringla.no, Völsunga saga (Guðni Jónsson's normalised text)	0.75
Tyr	Q172713	Tyr, Germanic deity	boy	Tý	Tý	Old Norse	Norse religion		Völsunga saga	Völsunga saga	Völsunga saga ch. 20	https://heimskringla.no/wiki/V%C3%B6lsunga_saga	1	deity	divine	attested		heimskringla.no, Völsunga saga (Guðni Jónsson's normalised text); Wikidata (CC0)	0.95
Aeneas	Q82732	Aeneas, Trojan hero, son of Anchises and Aphrodite	boy	Aeneas	Aeneas	Latin	Roman religion		Aeneid	Book 1	Aeneid 1.92	https://scaife.perseus.org/reader/urn:cts:latinLit:phi0690.phi003.perseus-lat2:1.92/	238	human	personal	attested		Perseus Digital Library canonical-latinLit (CC BY-SA 4.0), Vergil, Aeneid (Greenough); Wikidata (CC0)	0.95
Turnus	Q633549	Turnus, mythical character King of the Rutuli	boy	Turnus	Turnus	Latin	Roman religion		Aeneid	Book 7	Aeneid 7.56	https://scaife.perseus.org/reader/urn:cts:latinLit:phi0690.phi003.perseus-lat2:7.56/	144	royal	personal	attested		Perseus Digital Library canonical-latinLit (CC BY-SA 4.0), Vergil, Aeneid (Greenough); Wikidata (CC0)	0.95
Jupiter	Q4649	Jupiter, chief deity of Roman state religion	boy	Iuppiter	Iuppiter	Latin	Roman religion		Aeneid	Book 1	Aeneid 1.42	https://scaife.perseus.org/reader/urn:cts:latinLit:phi0690.phi003.perseus-lat2:1.42/	84	deity	divine	attested		Perseus Digital Library canonical-latinLit (CC BY-SA 4.0), Vergil, Aeneid (Greenough); Wikidata (CC0)	0.95
Juno	Q125046	Juno, ancient Roman goddess	girl	Iuno	Iuno	Latin	Roman religion		Aeneid	Book 1	Aeneid 1.4	https://scaife.perseus.org/reader/urn:cts:latinLit:phi0690.phi003.perseus-lat2:1.4/	57	deity	divine	attested		Perseus Digital Library canonical-latinLit (CC BY-SA 4.0), Vergil, Aeneid (Greenough); Wikidata (CC0)	0.95
Anchises	Q211953	Anchises, father of Aeneas in Greek mythology, lover of Aphrodite	boy	Anchises	Anchises	Latin	Roman religion		Aeneid	Book 1	Aeneid 1.617	https://scaife.perseus.org/reader/urn:cts:latinLit:phi0690.phi003.perseus-lat2:1.617/	42	human	personal	attested		Perseus Digital Library canonical-latinLit (CC BY-SA 4.0), Vergil, Aeneid (Greenough); Wikidata (CC0)	0.95
Mars	Q112	Mars, Roman god of war, guardian of agriculture	boy	Mars	Mars	Latin	Roman religion		Aeneid	Book 1	Aeneid 1.274	https://scaife.perseus.org/reader/urn:cts:latinLit:phi0690.phi003.perseus-lat2:1.274/	38	deity	divine	attested		Perseus Digital Library canonical-latinLit (CC BY-SA 4.0), Vergil, Aeneid (Greenough); Wikidata (CC0)	0.95
Ascanius	Q655566	Ascanius, legendary founder of Alba Longa	boy	Ascanius	Ascanius	Latin	Roman religion		Aeneid	Book 1	Aeneid 1.267	https://scaife.perseus.org/reader/urn:cts:latinLit:phi0690.phi003.perseus-lat2:1.267/	36	human	personal	attested		Perseus Digital Library canonical-latinLit (CC BY-SA 4.0), Vergil, Aeneid (Greenough); Wikidata (CC0)	0.95
Iulus	Q655566	Ascanius, legendary founder of Alba Longa	boy	Iulus	Iulus	Latin	Roman religion		Aeneid	Book 1	Aeneid 1.267	https://scaife.perseus.org/reader/urn:cts:latinLit:phi0690.phi003.perseus-lat2:1.267/	35	human	epithet	attested	another name of Ascanius	Perseus Digital Library canonical-latinLit (CC BY-SA 4.0), Vergil, Aeneid (Greenough); Wikidata (CC0)	0.95
Dido	Q905162	Dido, legendary founder and first queen of Carthage	girl	Dido	Dido	Latin	Roman religion		Aeneid	Book 1	Aeneid 1.299	https://scaife.perseus.org/reader/urn:cts:latinLit:phi0690.phi003.perseus-lat2:1.299/	34	royal	personal	attested		Perseus Digital Library canonical-latinLit (CC BY-SA 4.0), Vergil, Aeneid (Greenough); Wikidata (CC0)	0.95
Priam	Q170473	Priam, the legendary and last king of Troy during the Trojan war; son of Laomedon	boy	Priamus	Priamus	Latin	Roman religion		Aeneid	Book 1	Aeneid 1.461	https://scaife.perseus.org/reader/urn:cts:latinLit:phi0690.phi003.perseus-lat2:1.461/	33	royal	personal	attested		Perseus Digital Library canonical-latinLit (CC BY-SA 4.0), Vergil, Aeneid (Greenough); Wikidata (CC0)	0.95
Venus	Q313	Venus, second planet from the Solar System, tellurian and very similar to Earth		Venus	Venus	Latin	Roman religion		Aeneid	Book 1	Aeneid 1.229	https://scaife.perseus.org/reader/urn:cts:latinLit:phi0690.phi003.perseus-lat2:1.229/	33	deity	divine	attested		Perseus Digital Library canonical-latinLit (CC BY-SA 4.0), Vergil, Aeneid (Greenough); Wikidata (CC0)	0.95
Apollo	Q37340	Apollo, god in Greek and later Roman mythology	boy	Apollo	Apollo	Latin	Roman religion		Aeneid	Book 2	Aeneid 2.121	https://scaife.perseus.org/reader/urn:cts:latinLit:phi0690.phi003.perseus-lat2:2.121/	30	deity	divine	attested		Perseus Digital Library canonical-latinLit (CC BY-SA 4.0), Vergil, Aeneid (Greenough); Wikidata (CC0)	0.95
Euryalus	Q1077656	Euryalus, set of mythological Greek characters		Euryalus	Euryalus	Latin	Roman religion		Aeneid	Book 5	Aeneid 5.294	https://scaife.perseus.org/reader/urn:cts:latinLit:phi0690.phi003.perseus-lat2:5.294/	23	human	personal	attested		Perseus Digital Library canonical-latinLit (CC BY-SA 4.0), Vergil, Aeneid (Greenough); Wikidata (CC0)	0.95
Evander	Q837699	Evander of Pallene, mythical character of Greek and Roman mythology, king of Pallantium	boy	Euandrus	Euandrus	Latin	Roman religion		Aeneid	Book 8	Aeneid 8.52	https://scaife.perseus.org/reader/urn:cts:latinLit:phi0690.phi003.perseus-lat2:8.52/	23	royal	personal	attested		Perseus Digital Library canonical-latinLit (CC BY-SA 4.0), Vergil, Aeneid (Greenough); Wikidata (CC0)	0.95
Phoebus	Q37340	Apollo, god in Greek and later Roman mythology	boy	Phoebus	Phoebus	Latin	Roman religion		Aeneid	Book 1	Aeneid 1.329	https://scaife.perseus.org/reader/urn:cts:latinLit:phi0690.phi003.perseus-lat2:1.329/	23	deity	epithet	attested	another name of Apollo	Perseus Digital Library canonical-latinLit (CC BY-SA 4.0), Vergil, Aeneid (Greenough); Wikidata (CC0)	0.95
Achilles	Q41746	Achilles, Greek mythological hero of the Trojan War	boy	Achilles	Achilles	Latin	Roman religion		Aeneid	Book 1	Aeneid 1.30	https://scaife.perseus.org/reader/urn:cts:latinLit:phi0690.phi003.perseus-lat2:1.30/	22	human	personal	attested		Perseus Digital Library canonical-latinLit (CC BY-SA 4.0), Vergil, Aeneid (Greenough); Wikidata (CC0)	0.95
Achates	Q30096870	Achates, set of mythological Greek characters		Achates	Achates	Latin	Roman religion		Aeneid	Book 1	Aeneid 1.120	https://scaife.perseus.org/reader/urn:cts:latinLit:phi0690.phi003.perseus-lat2:1.120/	21	human	personal	attested		Perseus Digital Library canonical-latinLit (CC BY-SA 4.0), Vergil, Aeneid (Greenough); Wikidata (CC0)	0.95
Camilla	Q535107	Camilla, mythical character, warrior woman in the Aeneid, queen of the Volsci	girl	Camilla	Camilla	Latin	Roman religion		Aeneid	Book 7	Aeneid 7.803	https://scaife.perseus.org/reader/urn:cts:latinLit:phi0690.phi003.perseus-lat2:7.803/	19	human	personal	attested		Perseus Digital Library canonical-latinLit (CC BY-SA 4.0), Vergil, Aeneid (Greenough); Wikidata (CC0)	0.95
Hector	Q159666	Hector, prince of Troy in Greek mythology	boy	Hector	Hector	Latin	Roman religion		Aeneid	Book 1	Aeneid 1.99	https://scaife.perseus.org/reader/urn:cts:latinLit:phi0690.phi003.perseus-lat2:1.99/	19	human	personal	attested		Perseus Digital Library canonical-latinLit (CC BY-SA 4.0), Vergil, Aeneid (Greenough); Wikidata (CC0)	0.95
Mezentius	Q717546	Mezentius, figure in Roman mythology	boy	Mezentius	Mezentius	Latin	Roman religion		Aeneid	Book 7	Aeneid 7.648	https://scaife.perseus.org/reader/urn:cts:latinLit:phi0690.phi003.perseus-lat2:7.648/	19	royal	personal	attested		Perseus Digital Library canonical-latinLit (CC BY-SA 4.0), Vergil, Aeneid (Greenough); Wikidata (CC0)	0.95
Saturnia	Q125046	Juno, ancient Roman goddess	girl	Saturnia	Saturnia	Latin	Roman religion		Aeneid	Book 1	Aeneid 1.23	https://scaife.perseus.org/reader/urn:cts:latinLit:phi0690.phi003.perseus-lat2:1.23/	19	deity	epithet	attested	another name of Juno	Perseus Digital Library canonical-latinLit (CC BY-SA 4.0), Vergil, Aeneid (Greenough); Wikidata (CC0)	0.95
Hercules	Q122248	Heracles, divine hero in Greek mythology, son of Zeus and Alcmene	boy	Alcides	Alcides	Latin	Roman religion		Aeneid	Book 5	Aeneid 5.410	https://scaife.perseus.org/reader/urn:cts:latinLit:phi0690.phi003.perseus-lat2:5.410/	16	human	personal	attested		Perseus Digital Library canonical-latinLit (CC BY-SA 4.0), Vergil, Aeneid (Greenough); Wikidata (CC0)	0.95
Neptune	Q3954	Neptune, Roman god of water, particularly the sea, considered equivalent to the Greek Poseidon	boy	Neptunus	Neptunus	Latin	Roman religion		Aeneid	Book 1	Aeneid 1.125	https://scaife.perseus.org/reader/urn:cts:latinLit:phi0690.phi003.perseus-lat2:1.125/	15	deity	divine	attested		Perseus Digital Library canonical-latinLit (CC BY-SA 4.0), Vergil, Aeneid (Greenough); Wikidata (CC0)	0.95
Ulysses	Q47231	Odysseus, legendary Greek king of Ithaca	boy	Ulixes	Ulixes	Latin	Roman religion		Aeneid	Book 2	Aeneid 2.7	https://scaife.perseus.org/reader/urn:cts:latinLit:phi0690.phi003.perseus-lat2:2.7/	14	human	personal	attested		Perseus Digital Library canonical-latinLit (CC BY-SA 4.0), Vergil, Aeneid (Greenough); Wikidata (CC0)	0.95
Bacchus	Q41680	Dionysus, ancient Greek god of winemaking and wine	boy	Bacchus	Bacchus	Latin	Roman religion		Aeneid	Book 1	Aeneid 1.215	https://scaife.perseus.org/reader/urn:cts:latinLit:phi0690.phi003.perseus-lat2:1.215/	13	deity	epithet	attested	another name of Dionysus	Perseus Digital Library canonical-latinLit (CC BY-SA 4.0), Vergil, Aeneid (Greenough); Wikidata (CC0)	0.95
Lausus	Q2467695	Lausus, character in the Aeneid, son of Mezentius	boy	Lausus	Lausus	Latin	Roman religion		Aeneid	Book 7	Aeneid 7.649	https://scaife.perseus.org/reader/urn:cts:latinLit:phi0690.phi003.perseus-lat2:7.649/	13	human	personal	attested		Perseus Digital Library canonical-latinLit (CC BY-SA 4.0), Vergil, Aeneid (Greenough); Wikidata (CC0)	0.95
Palinurus	Q679636	Palinurus, mythical character, pilot of one of the ships of Æneas, who, sleeping at his post, fell into the s…	boy	Palinurus	Palinurus	Latin	Roman religion		Aeneid	Book 3	Aeneid 3.202	https://scaife.perseus.org/reader/urn:cts:latinLit:phi0690.phi003.perseus-lat2:3.202/	13	human	personal	attested		Perseus Digital Library canonical-latinLit (CC BY-SA 4.0), Vergil, Aeneid (Greenough); Wikidata (CC0)	0.95
Vulcan	Q4640	Vulcan, god of both beneficial and hindering fire	boy	Volcanus	Volcanus	Latin	Roman religion		Aeneid	Book 2	Aeneid 2.311	https://scaife.perseus.org/reader/urn:cts:latinLit:phi0690.phi003.perseus-lat2:2.311/	13	deity	divine	attested		Perseus Digital Library canonical-latinLit (CC BY-SA 4.0), Vergil, Aeneid (Greenough); Wikidata (CC0)	0.95
Juturna	Q139448	Juturna, goddess of fountains, wells and springs, and the mother of Fontus by Janus	girl	Iuturna	Iuturna	Latin	Roman religion		Aeneid	Book 12	Aeneid 12.146	https://scaife.perseus.org/reader/urn:cts:latinLit:phi0690.phi003.perseus-lat2:12.146/	12	deity	divine	attested		Perseus Digital Library canonical-latinLit (CC BY-SA 4.0), Vergil, Aeneid (Greenough); Wikidata (CC0)	0.95
Diana	Q132543	Diana, goddess of the hunt, the moon and birthing, equated with the Greek goddess Artemis	girl	Diana	Diana	Latin	Roman religion		Aeneid	Book 1	Aeneid 1.499	https://scaife.perseus.org/reader/urn:cts:latinLit:phi0690.phi003.perseus-lat2:1.499/	11	deity	divine	attested		Perseus Digital Library canonical-latinLit (CC BY-SA 4.0), Vergil, Aeneid (Greenough); Wikidata (CC0)	0.95
Helenus	Q729332	Helenus, mythical son of Priam	boy	Helenus	Helenus	Latin	Roman religion		Aeneid	Book 3	Aeneid 3.295	https://scaife.perseus.org/reader/urn:cts:latinLit:phi0690.phi003.perseus-lat2:3.295/	11	human	personal	attested		Perseus Digital Library canonical-latinLit (CC BY-SA 4.0), Vergil, Aeneid (Greenough); Wikidata (CC0)	0.95
Sibyl	Q762835	Cumaean Sibyl, priestess presiding over the Apollonian oracle at Cumae	girl	Sibylla	Sibylla	Latin	Roman religion		Aeneid	Book 3	Aeneid 3.452	https://scaife.perseus.org/reader/urn:cts:latinLit:phi0690.phi003.perseus-lat2:3.452/	11	human	personal	attested		Perseus Digital Library canonical-latinLit (CC BY-SA 4.0), Vergil, Aeneid (Greenough); Wikidata (CC0)	0.95
Creusa	Q375174	Creusa, Greek mythology character; daughter of Priam and Hecuba	girl	Creüsa	Creüsa	Latin	Roman religion		Aeneid	Book 2	Aeneid 2.562	https://scaife.perseus.org/reader/urn:cts:latinLit:phi0690.phi003.perseus-lat2:2.562/	10	human	personal	attested		Perseus Digital Library canonical-latinLit (CC BY-SA 4.0), Vergil, Aeneid (Greenough); Wikidata (CC0)	0.95
Minerva	Q126916	Minerva, Roman goddess of wisdom and sponsor of arts, trade, and defense	girl	Minerva	Minerva	Latin	Roman religion		Aeneid	Book 2	Aeneid 2.31	https://scaife.perseus.org/reader/urn:cts:latinLit:phi0690.phi003.perseus-lat2:2.31/	10	deity	divine	attested		Perseus Digital Library canonical-latinLit (CC BY-SA 4.0), Vergil, Aeneid (Greenough); Wikidata (CC0)	0.95
Faunus	Q3089703	Faunus, Roman horned god of the forest, plains and fields	boy	Fauno	Fauno	Latin	Roman religion		Aeneid	Book 7	Aeneid 7.47	https://scaife.perseus.org/reader/urn:cts:latinLit:phi0690.phi003.perseus-lat2:7.47/	9	deity	divine	attested		Perseus Digital Library canonical-latinLit (CC BY-SA 4.0), Vergil, Aeneid (Greenough); Wikidata (CC0)	0.95
Iris	Q184570	Iris, the personification of the rainbow in ancient Greek religion and mythology	girl	Iris	Iris	Latin	Roman religion		Aeneid	Book 4	Aeneid 4.694	https://scaife.perseus.org/reader/urn:cts:latinLit:phi0690.phi003.perseus-lat2:4.694/	8	deity	divine	attested		Perseus Digital Library canonical-latinLit (CC BY-SA 4.0), Vergil, Aeneid (Greenough); Wikidata (CC0)	0.95
Alecto	Q1643451	Alecto, one of the Erinyes or Furies, ancient Greek mythological punisher of moral crimes	girl	Allecto	Allecto	Latin	Roman religion		Aeneid	Book 7	Aeneid 7.324	https://scaife.perseus.org/reader/urn:cts:latinLit:phi0690.phi003.perseus-lat2:7.324/	7	deity	divine	attested		Perseus Digital Library canonical-latinLit (CC BY-SA 4.0), Vergil, Aeneid (Greenough); Wikidata (CC0)	0.95
Cassandra	Q170779	Cassandra, mythological prophetess and princess of Troy	girl	Cassandra	Cassandra	Latin	Roman religion		Aeneid	Book 2	Aeneid 2.246	https://scaife.perseus.org/reader/urn:cts:latinLit:phi0690.phi003.perseus-lat2:2.246/	7	human	personal	attested		Perseus Digital Library canonical-latinLit (CC BY-SA 4.0), Vergil, Aeneid (Greenough); Wikidata (CC0)	0.95
Mavors	Q112	Mars, Roman god of war, guardian of agriculture	boy	Mavors	Mavors	Latin	Roman religion		Aeneid	Book 6	Aeneid 6.872	https://scaife.perseus.org/reader/urn:cts:latinLit:phi0690.phi003.perseus-lat2:6.872/	7	deity	epithet	attested	another name of Mars	Perseus Digital Library canonical-latinLit (CC BY-SA 4.0), Vergil, Aeneid (Greenough); Wikidata (CC0)	0.95
Paris	Q167646	Paris, mythological son of Priam, king of Troy	boy	Paris	Paris	Latin	Roman religion		Aeneid	Book 1	Aeneid 1.27	https://scaife.perseus.org/reader/urn:cts:latinLit:phi0690.phi003.perseus-lat2:1.27/	7	human	personal	attested		Perseus Digital Library canonical-latinLit (CC BY-SA 4.0), Vergil, Aeneid (Greenough); Wikidata (CC0)	0.95
Tiberinus	Q937512	Tiberinus, Roman water deity	boy	Tiberinus	Tiberinus	Latin	Roman religion		Aeneid	Book 6	Aeneid 6.873	https://scaife.perseus.org/reader/urn:cts:latinLit:phi0690.phi003.perseus-lat2:6.873/	7	deity	divine	attested		Perseus Digital Library canonical-latinLit (CC BY-SA 4.0), Vergil, Aeneid (Greenough); Wikidata (CC0)	0.95
Anchisiades	Q82732	Aeneas, Trojan hero, son of Anchises and Aphrodite	boy	Anchisiades	Anchisiades	Latin	Roman religion		Aeneid	Book 5	Aeneid 5.407	https://scaife.perseus.org/reader/urn:cts:latinLit:phi0690.phi003.perseus-lat2:5.407/	6	human	epithet	attested	another name of Aeneas	Perseus Digital Library canonical-latinLit (CC BY-SA 4.0), Vergil, Aeneid (Greenough); Wikidata (CC0)	0.95
Andromache	Q19376	Andromache, wife of Hector in Greek mythology	girl	Andromache	Andromache	Latin	Roman religion		Aeneid	Book 2	Aeneid 2.456	https://scaife.perseus.org/reader/urn:cts:latinLit:phi0690.phi003.perseus-lat2:2.456/	6	human	personal	attested		Perseus Digital Library canonical-latinLit (CC BY-SA 4.0), Vergil, Aeneid (Greenough); Wikidata (CC0)	0.95
Ceres	Q32102	Ceres, Roman goddess of agriculture	girl	Cereris	Cereris	Latin	Roman religion		Aeneid	Book 1	Aeneid 1.177	https://scaife.perseus.org/reader/urn:cts:latinLit:phi0690.phi003.perseus-lat2:1.177/	6	deity	divine	attested		Perseus Digital Library canonical-latinLit (CC BY-SA 4.0), Vergil, Aeneid (Greenough); Wikidata (CC0)	0.95
Cytherea	Q35500	Aphrodite, Greek goddess of love, beauty, pleasure, and procreation	girl	Cytherea	Cytherea	Latin	Roman religion		Aeneid	Book 1	Aeneid 1.257	https://scaife.perseus.org/reader/urn:cts:latinLit:phi0690.phi003.perseus-lat2:1.257/	6	deity	epithet	attested	another name of Aphrodite	Perseus Digital Library canonical-latinLit (CC BY-SA 4.0), Vergil, Aeneid (Greenough); Wikidata (CC0)	0.95
Misenus	Q1777717	Misenus, shipmate of Aeneas from Greco-Roman mythology	boy	Misenus	Misenus	Latin	Roman religion		Aeneid	Book 3	Aeneid 3.239	https://scaife.perseus.org/reader/urn:cts:latinLit:phi0690.phi003.perseus-lat2:3.239/	6	human	personal	attested		Perseus Digital Library canonical-latinLit (CC BY-SA 4.0), Vergil, Aeneid (Greenough); Wikidata (CC0)	0.95
Orion	Q201261	Orion, giant huntsman in Greek mythology	boy	Orion	Orion	Latin	Roman religion		Aeneid	Book 1	Aeneid 1.535	https://scaife.perseus.org/reader/urn:cts:latinLit:phi0690.phi003.perseus-lat2:1.535/	5	human	personal	attested		Perseus Digital Library canonical-latinLit (CC BY-SA 4.0), Vergil, Aeneid (Greenough); Wikidata (CC0)	0.95
Saturn	Q134388	Saturn, god in ancient Roman mythology	boy	Saturnus	Saturnus	Latin	Roman religion		Aeneid	Book 6	Aeneid 6.794	https://scaife.perseus.org/reader/urn:cts:latinLit:phi0690.phi003.perseus-lat2:6.794/	5	deity	divine	attested		Perseus Digital Library canonical-latinLit (CC BY-SA 4.0), Vergil, Aeneid (Greenough); Wikidata (CC0)	0.95
Circe	Q187602	Circe, enchantress-goddess in Greek mythology	girl	Circe	Circe	Latin	Roman religion		Aeneid	Book 3	Aeneid 3.386	https://scaife.perseus.org/reader/urn:cts:latinLit:phi0690.phi003.perseus-lat2:3.386/	4	deity	divine	attested		Perseus Digital Library canonical-latinLit (CC BY-SA 4.0), Vergil, Aeneid (Greenough); Wikidata (CC0)	0.95
Laocoon	Q22878	Laocoön, son of Acoetes in Greek mythology, a trojan priest	boy	Laocoön	Laocoön	Latin	Roman religion		Aeneid	Book 2	Aeneid 2.41	https://scaife.perseus.org/reader/urn:cts:latinLit:phi0690.phi003.perseus-lat2:2.41/	4	human	personal	attested		Perseus Digital Library canonical-latinLit (CC BY-SA 4.0), Vergil, Aeneid (Greenough); Wikidata (CC0)	0.95
Proserpina	Q14515330	Proserpina, ancient Roman goddess	girl	Proserpina	Proserpina	Latin	Roman religion		Aeneid	Book 4	Aeneid 4.698	https://scaife.perseus.org/reader/urn:cts:latinLit:phi0690.phi003.perseus-lat2:4.698/	4	deity	divine	attested		Perseus Digital Library canonical-latinLit (CC BY-SA 4.0), Vergil, Aeneid (Greenough); Wikidata (CC0)	0.95
Sinon	Q663792	Sinon, son of Aesimus in Greek mythology	boy	Sinon	Sinon	Latin	Roman religion		Aeneid	Book 2	Aeneid 2.79	https://scaife.perseus.org/reader/urn:cts:latinLit:phi0690.phi003.perseus-lat2:2.79/	4	human	personal	attested		Perseus Digital Library canonical-latinLit (CC BY-SA 4.0), Vergil, Aeneid (Greenough); Wikidata (CC0)	0.95
Vesta	Q178710	Vesta, goddess of the hearth, home, and family in Roman religion	girl	Vesta	Vesta	Latin	Roman religion		Aeneid	Book 1	Aeneid 1.292	https://scaife.perseus.org/reader/urn:cts:latinLit:phi0690.phi003.perseus-lat2:1.292/	4	deity	divine	attested		Perseus Digital Library canonical-latinLit (CC BY-SA 4.0), Vergil, Aeneid (Greenough); Wikidata (CC0)	0.95
Elissa	Q905162	Dido, legendary founder and first queen of Carthage	girl	Elissae	Elissae	Latin	Roman religion		Aeneid	Book 4	Aeneid 4.335	https://scaife.perseus.org/reader/urn:cts:latinLit:phi0690.phi003.perseus-lat2:4.335/	3	royal	epithet	attested	another name of Dido	Perseus Digital Library canonical-latinLit (CC BY-SA 4.0), Vergil, Aeneid (Greenough); Wikidata (CC0)	0.95
Hippolytus	Q338201	Hippolytus, son of Theseus in Greek mythology	boy	Hippolytum	Hippolytum	Latin	Roman religion		Aeneid	Book 7	Aeneid 7.761	https://scaife.perseus.org/reader/urn:cts:latinLit:phi0690.phi003.perseus-lat2:7.761/	3	human	personal	attested		Perseus Digital Library canonical-latinLit (CC BY-SA 4.0), Vergil, Aeneid (Greenough); Wikidata (CC0)	0.95
Mercury	Q1150	Mercury, Roman god of trade, merchants, thieves and travel	boy	Mercurius	Mercurius	Latin	Roman religion		Aeneid	Book 4	Aeneid 4.222	https://scaife.perseus.org/reader/urn:cts:latinLit:phi0690.phi003.perseus-lat2:4.222/	3	deity	divine	attested		Perseus Digital Library canonical-latinLit (CC BY-SA 4.0), Vergil, Aeneid (Greenough); Wikidata (CC0)	0.95
Picus	Q235724	Picus, Greek and Roman mythological figure	boy	Picus	Picus	Latin	Roman religion		Aeneid	Book 7	Aeneid 7.48	https://scaife.perseus.org/reader/urn:cts:latinLit:phi0690.phi003.perseus-lat2:7.48/	3	deity	divine	attested		Perseus Digital Library canonical-latinLit (CC BY-SA 4.0), Vergil, Aeneid (Greenough); Wikidata (CC0)	0.95
Pygmalion	Q192343	Pygmalion, legendary figure of Cyprus, sculptor	boy	Pygmalion	Pygmalion	Latin	Roman religion		Aeneid	Book 1	Aeneid 1.347	https://scaife.perseus.org/reader/urn:cts:latinLit:phi0690.phi003.perseus-lat2:1.347/	3	human	personal	attested		Perseus Digital Library canonical-latinLit (CC BY-SA 4.0), Vergil, Aeneid (Greenough); Wikidata (CC0)	0.95
Romulus	Q2186	Romulus, legendary founder and first king of Rome	boy	Romulus	Romulus	Latin	Roman religion		Aeneid	Book 1	Aeneid 1.276	https://scaife.perseus.org/reader/urn:cts:latinLit:phi0690.phi003.perseus-lat2:1.276/	3	royal	personal	attested		Perseus Digital Library canonical-latinLit (CC BY-SA 4.0), Vergil, Aeneid (Greenough); Wikidata (CC0)	0.95
Tarpeia	Q684439	Tarpeia, Roman mythical figure, responsible for delivering the citadel to the Sabines	girl	Tarpeia	Tarpeia	Latin	Roman religion		Aeneid	Book 8	Aeneid 8.347	https://scaife.perseus.org/reader/urn:cts:latinLit:phi0690.phi003.perseus-lat2:8.347/	3	human	personal	attested		Perseus Digital Library canonical-latinLit (CC BY-SA 4.0), Vergil, Aeneid (Greenough); Wikidata (CC0)	0.95
Theseus	Q1320718	Theseus, legendary king of Athens, son of Aegeus and Aethra; famous for slaying the Minotaur	boy	Theseus	Theseus	Latin	Roman religion		Aeneid	Book 6	Aeneid 6.122	https://scaife.perseus.org/reader/urn:cts:latinLit:phi0690.phi003.perseus-lat2:6.122/	3	human	personal	attested		Perseus Digital Library canonical-latinLit (CC BY-SA 4.0), Vergil, Aeneid (Greenough); Wikidata (CC0)	0.95
Carmenta	Q684225	Carmenta, Roman goddess of childbirth and prophecy	girl	Carmentis	Carmentis	Latin	Roman religion		Aeneid	Book 8	Aeneid 8.336	https://scaife.perseus.org/reader/urn:cts:latinLit:phi0690.phi003.perseus-lat2:8.336/	2	deity	divine	attested		Perseus Digital Library canonical-latinLit (CC BY-SA 4.0), Vergil, Aeneid (Greenough); Wikidata (CC0)	0.95
Charon	Q6612	Charon, ferryman of Hades in Greek-Roman mythology	boy	Charon	Charon	Latin	Roman religion		Aeneid	Book 6	Aeneid 6.299	https://scaife.perseus.org/reader/urn:cts:latinLit:phi0690.phi003.perseus-lat2:6.299/	2	mythological_being	personal	attested		Perseus Digital Library canonical-latinLit (CC BY-SA 4.0), Vergil, Aeneid (Greenough); Wikidata (CC0)	0.95
Cupid	Q5011	Cupid, Roman deity, counterpart of Eros	boy	Cupido	Cupido	Latin	Roman religion		Aeneid	Book 1	Aeneid 1.658	https://scaife.perseus.org/reader/urn:cts:latinLit:phi0690.phi003.perseus-lat2:1.658/	2	deity	divine	attested		Perseus Digital Library canonical-latinLit (CC BY-SA 4.0), Vergil, Aeneid (Greenough); Wikidata (CC0)	0.95
Daedalus	Q134756	Daedalus, son of Metion in Greek mythology	boy	Daedalus	Daedalus	Latin	Roman religion		Aeneid	Book 6	Aeneid 6.14	https://scaife.perseus.org/reader/urn:cts:latinLit:phi0690.phi003.perseus-lat2:6.14/	2	human	personal	attested		Perseus Digital Library canonical-latinLit (CC BY-SA 4.0), Vergil, Aeneid (Greenough); Wikidata (CC0)	0.95
Deiphobe	Q762835	Cumaean Sibyl, priestess presiding over the Apollonian oracle at Cumae	girl	Deiphobe	Deiphobe	Latin	Roman religion		Aeneid	Book 6	Aeneid 6.36	https://scaife.perseus.org/reader/urn:cts:latinLit:phi0690.phi003.perseus-lat2:6.36/	2	human	epithet	attested	another name of Cumaean Sibyl	Perseus Digital Library canonical-latinLit (CC BY-SA 4.0), Vergil, Aeneid (Greenough); Wikidata (CC0)	0.95
Egeria	Q582268	Egeria, legendary wife of Roman king Numa and minor goddess	girl	Egeriae	Egeriae	Latin	Roman religion		Aeneid	Book 7	Aeneid 7.763	https://scaife.perseus.org/reader/urn:cts:latinLit:phi0690.phi003.perseus-lat2:7.763/	2	deity	divine	attested		Perseus Digital Library canonical-latinLit (CC BY-SA 4.0), Vergil, Aeneid (Greenough); Wikidata (CC0)	0.95
Feronia	Q1407528	Feronia, italic goddess of wilderness and liberty	girl	Feronia	Feronia	Latin	Roman religion		Aeneid	Book 7	Aeneid 7.800	https://scaife.perseus.org/reader/urn:cts:latinLit:phi0690.phi003.perseus-lat2:7.800/	2	deity	divine	attested		Perseus Digital Library canonical-latinLit (CC BY-SA 4.0), Vergil, Aeneid (Greenough); Wikidata (CC0)	0.95
Hecuba	Q193433	Hecuba, spouse of king Priam	girl	Hecuba	Hecuba	Latin	Roman religion		Aeneid	Book 2	Aeneid 2.501	https://scaife.perseus.org/reader/urn:cts:latinLit:phi0690.phi003.perseus-lat2:2.501/	2	human	personal	attested		Perseus Digital Library canonical-latinLit (CC BY-SA 4.0), Vergil, Aeneid (Greenough); Wikidata (CC0)	0.95
Helen	Q164061	Helen of Troy, daughter of Zeus in Greek mythology	girl	Helenae	Helenae	Latin	Roman religion		Aeneid	Book 1	Aeneid 1.650	https://scaife.perseus.org/reader/urn:cts:latinLit:phi0690.phi003.perseus-lat2:1.650/	2	human	personal	attested		Perseus Digital Library canonical-latinLit (CC BY-SA 4.0), Vergil, Aeneid (Greenough); Wikidata (CC0)	0.95
Janus	Q167685	Janus, Roman deity	boy	Ianus	Ianus	Latin	Roman religion		Aeneid	Book 7	Aeneid 7.610	https://scaife.perseus.org/reader/urn:cts:latinLit:phi0690.phi003.perseus-lat2:7.610/	2	deity	divine	attested		Perseus Digital Library canonical-latinLit (CC BY-SA 4.0), Vergil, Aeneid (Greenough); Wikidata (CC0)	0.95
Phaethon	Q203480	Phaethon, son of Helios from Greek mythology	boy	Phaethontis	Phaethontis	Latin	Roman religion		Aeneid	Book 5	Aeneid 5.105	https://scaife.perseus.org/reader/urn:cts:latinLit:phi0690.phi003.perseus-lat2:5.105/	2	human	personal	attested		Perseus Digital Library canonical-latinLit (CC BY-SA 4.0), Vergil, Aeneid (Greenough); Wikidata (CC0)	0.95
Polyphemus	Q193567	Polyphemus, giant son of Poseidon and Thoosa in Greek mythology	boy	Polyphemus	Polyphemus	Latin	Roman religion		Aeneid	Book 3	Aeneid 3.641	https://scaife.perseus.org/reader/urn:cts:latinLit:phi0690.phi003.perseus-lat2:3.641/	2	mythological_being	personal	attested		Perseus Digital Library canonical-latinLit (CC BY-SA 4.0), Vergil, Aeneid (Greenough); Wikidata (CC0)	0.95
Quirinus	Q320333	Quirinus, deified Romulus	boy	Quirinus	Quirinus	Latin	Roman religion		Aeneid	Book 1	Aeneid 1.292	https://scaife.perseus.org/reader/urn:cts:latinLit:phi0690.phi003.perseus-lat2:1.292/	2	deity	divine	attested		Perseus Digital Library canonical-latinLit (CC BY-SA 4.0), Vergil, Aeneid (Greenough); Wikidata (CC0)	0.95
Remus	Q2197	Romulus and Remus, twin brothers and central characters of Rome's foundation myth		Remo	Remo	Latin	Roman religion		Aeneid	Book 1	Aeneid 1.292	https://scaife.perseus.org/reader/urn:cts:latinLit:phi0690.phi003.perseus-lat2:1.292/	2	royal	personal	attested		Perseus Digital Library canonical-latinLit (CC BY-SA 4.0), Vergil, Aeneid (Greenough); Wikidata (CC0)	0.95
Tisiphone	Q3991817	Tisiphone, ancient Greek mythological punisher of murder	girl	Tisiphone	Tisiphone	Latin	Roman religion		Aeneid	Book 6	Aeneid 6.571	https://scaife.perseus.org/reader/urn:cts:latinLit:phi0690.phi003.perseus-lat2:6.571/	2	deity	divine	attested		Perseus Digital Library canonical-latinLit (CC BY-SA 4.0), Vergil, Aeneid (Greenough); Wikidata (CC0)	0.95
Arethusa	Q105638515	Arethusa, set of mythological Greek characters		Arethusa	Arethusa	Latin	Roman religion		Aeneid	Book 3	Aeneid 3.696	https://scaife.perseus.org/reader/urn:cts:latinLit:phi0690.phi003.perseus-lat2:3.696/	1	deity	divine	attested		Perseus Digital Library canonical-latinLit (CC BY-SA 4.0), Vergil, Aeneid (Greenough); Wikidata (CC0)	0.95
Cerberus	Q83496	Cerberus, three-headed dog that guards the underworld in Greek mythology		Cerberus	Cerberus	Latin	Roman religion		Aeneid	Book 6	Aeneid 6.417	https://scaife.perseus.org/reader/urn:cts:latinLit:phi0690.phi003.perseus-lat2:6.417/	1	mythological_being	personal	attested		Perseus Digital Library canonical-latinLit (CC BY-SA 4.0), Vergil, Aeneid (Greenough); Wikidata (CC0)	0.95
Galatea	Q12094023	Galatea, set of mythological Greek characters		Galatea	Galatea	Latin	Roman religion		Aeneid	Book 9	Aeneid 9.103	https://scaife.perseus.org/reader/urn:cts:latinLit:phi0690.phi003.perseus-lat2:9.103/	1	deity	divine	attested		Perseus Digital Library canonical-latinLit (CC BY-SA 4.0), Vergil, Aeneid (Greenough); Wikidata (CC0)	0.95
Ganymede	Q131588	Ganymede, son of Tros in Greek mythology	boy	Ganymedis	Ganymedis	Latin	Roman religion		Aeneid	Book 1	Aeneid 1.28	https://scaife.perseus.org/reader/urn:cts:latinLit:phi0690.phi003.perseus-lat2:1.28/	1	human	personal	attested		Perseus Digital Library canonical-latinLit (CC BY-SA 4.0), Vergil, Aeneid (Greenough); Wikidata (CC0)	0.95
Gradivus	Q112	Mars, Roman god of war, guardian of agriculture	boy	Gradive	Gradive	Latin	Roman religion		Aeneid	Book 10	Aeneid 10.542	https://scaife.perseus.org/reader/urn:cts:latinLit:phi0690.phi003.perseus-lat2:10.542/	1	deity	epithet	attested	another name of Mars	Perseus Digital Library canonical-latinLit (CC BY-SA 4.0), Vergil, Aeneid (Greenough); Wikidata (CC0)	0.95
Icarus	Q34041	Icarus, Greek mythological figure, son of Daedalus	boy	Icare	Icare	Latin	Roman religion		Aeneid	Book 6	Aeneid 6.31	https://scaife.perseus.org/reader/urn:cts:latinLit:phi0690.phi003.perseus-lat2:6.31/	1	human	personal	attested		Perseus Digital Library canonical-latinLit (CC BY-SA 4.0), Vergil, Aeneid (Greenough); Wikidata (CC0)	0.95
Latona	Q103107	Leto, Greek mythological figure and mother of Apollo and Artemis	girl	Latonae	Latonae	Latin	Roman religion		Aeneid	Book 1	Aeneid 1.502	https://scaife.perseus.org/reader/urn:cts:latinLit:phi0690.phi003.perseus-lat2:1.502/	1	deity	divine	attested		Perseus Digital Library canonical-latinLit (CC BY-SA 4.0), Vergil, Aeneid (Greenough); Wikidata (CC0)	0.95
Orpheus	Q174353	Orpheus, legendary musician, poet, and prophet in ancient Greek religion and myth	boy	Orpheus	Orpheus	Latin	Roman religion		Aeneid	Book 6	Aeneid 6.119	https://scaife.perseus.org/reader/urn:cts:latinLit:phi0690.phi003.perseus-lat2:6.119/	1	human	personal	attested		Perseus Digital Library canonical-latinLit (CC BY-SA 4.0), Vergil, Aeneid (Greenough); Wikidata (CC0)	0.95
Pentheus	Q391091	Pentheus, mythical king of Thebes, son of Echion and Agave	boy	Pentheus	Pentheus	Latin	Roman religion		Aeneid	Book 4	Aeneid 4.469	https://scaife.perseus.org/reader/urn:cts:latinLit:phi0690.phi003.perseus-lat2:4.469/	1	royal	personal	attested		Perseus Digital Library canonical-latinLit (CC BY-SA 4.0), Vergil, Aeneid (Greenough); Wikidata (CC0)	0.95
Silvanus	Q548445	Silvanus, deity	boy	Silvano	Silvano	Latin	Roman religion		Aeneid	Book 8	Aeneid 8.600	https://scaife.perseus.org/reader/urn:cts:latinLit:phi0690.phi003.perseus-lat2:8.600/	1	deity	divine	attested		Perseus Digital Library canonical-latinLit (CC BY-SA 4.0), Vergil, Aeneid (Greenough); Wikidata (CC0)	0.95
Thetis	Q184437	Thetis, Nereid of Greek mythology	girl	Thetis	Thetis	Latin	Roman religion		Aeneid	Book 5	Aeneid 5.825	https://scaife.perseus.org/reader/urn:cts:latinLit:phi0690.phi003.perseus-lat2:5.825/	1	deity	divine	attested		Perseus Digital Library canonical-latinLit (CC BY-SA 4.0), Vergil, Aeneid (Greenough); Wikidata (CC0)	0.95
Jupiter	Q4649	Jupiter, chief deity of Roman state religion	boy	Iuppiter	Iuppiter	Latin	Roman religion		Fasti	Book 1	Fasti 1.56	https://scaife.perseus.org/reader/urn:cts:latinLit:phi0959.phi007.perseus-lat2:1.56/	122	deity	divine	attested		Perseus Digital Library canonical-latinLit (CC BY-SA 4.0), Ovid, Fasti; Wikidata (CC0)	0.95
Mars	Q112	Mars, Roman god of war, guardian of agriculture	boy	Mars	Mars	Latin	Roman religion		Fasti	Book 1	Fasti 1.39	https://scaife.perseus.org/reader/urn:cts:latinLit:phi0959.phi007.perseus-lat2:1.39/	32	deity	divine	attested		Perseus Digital Library canonical-latinLit (CC BY-SA 4.0), Ovid, Fasti; Wikidata (CC0)	0.95
Vesta	Q178710	Vesta, goddess of the hearth, home, and family in Roman religion	girl	Vesta	Vesta	Latin	Roman religion		Fasti	Book 1	Fasti 1.528	https://scaife.perseus.org/reader/urn:cts:latinLit:phi0959.phi007.perseus-lat2:1.528/	31	deity	divine	attested		Perseus Digital Library canonical-latinLit (CC BY-SA 4.0), Ovid, Fasti; Wikidata (CC0)	0.95
Bacchus	Q41680	Dionysus, ancient Greek god of winemaking and wine	boy	Bacchus	Bacchus	Latin	Roman religion		Fasti	Book 1	Fasti 1.360	https://scaife.perseus.org/reader/urn:cts:latinLit:phi0959.phi007.perseus-lat2:1.360/	26	deity	epithet	attested	another name of Dionysus	Perseus Digital Library canonical-latinLit (CC BY-SA 4.0), Ovid, Fasti; Wikidata (CC0)	0.95
Ceres	Q32102	Ceres, Roman goddess of agriculture	girl	Ceres	Ceres	Latin	Roman religion		Fasti	Book 1	Fasti 1.349	https://scaife.perseus.org/reader/urn:cts:latinLit:phi0959.phi007.perseus-lat2:1.349/	26	deity	divine	attested		Perseus Digital Library canonical-latinLit (CC BY-SA 4.0), Ovid, Fasti; Wikidata (CC0)	0.95
Venus	Q313	Venus, second planet from the Solar System, tellurian and very similar to Earth		Venus	Venus	Latin	Roman religion		Fasti	Book 1	Fasti 1.301	https://scaife.perseus.org/reader/urn:cts:latinLit:phi0959.phi007.perseus-lat2:1.301/	26	deity	divine	attested		Perseus Digital Library canonical-latinLit (CC BY-SA 4.0), Ovid, Fasti; Wikidata (CC0)	0.95
Romulus	Q2186	Romulus, legendary founder and first king of Rome	boy	Romulus	Romulus	Latin	Roman religion		Fasti	Book 1	Fasti 1.29	https://scaife.perseus.org/reader/urn:cts:latinLit:phi0959.phi007.perseus-lat2:1.29/	25	royal	personal	attested		Perseus Digital Library canonical-latinLit (CC BY-SA 4.0), Ovid, Fasti; Wikidata (CC0)	0.95
Janus	Q167685	Janus, Roman deity	boy	Ianus	Ianus	Latin	Roman religion		Fasti	Book 1	Fasti 1.43	https://scaife.perseus.org/reader/urn:cts:latinLit:phi0959.phi007.perseus-lat2:1.43/	23	deity	divine	attested		Perseus Digital Library canonical-latinLit (CC BY-SA 4.0), Ovid, Fasti; Wikidata (CC0)	0.95
Aeneas	Q82732	Aeneas, Trojan hero, son of Anchises and Aphrodite	boy	Aeneas	Aeneas	Latin	Roman religion		Fasti	Book 1	Fasti 1.527	https://scaife.perseus.org/reader/urn:cts:latinLit:phi0959.phi007.perseus-lat2:1.527/	17	human	personal	attested		Perseus Digital Library canonical-latinLit (CC BY-SA 4.0), Ovid, Fasti; Wikidata (CC0)	0.95
Phoebus	Q37340	Apollo, god in Greek and later Roman mythology	boy	Phoebus	Phoebus	Latin	Roman religion		Fasti	Book 1	Fasti 1.164	https://scaife.perseus.org/reader/urn:cts:latinLit:phi0959.phi007.perseus-lat2:1.164/	17	deity	epithet	attested	another name of Apollo	Perseus Digital Library canonical-latinLit (CC BY-SA 4.0), Ovid, Fasti; Wikidata (CC0)	0.95
Faunus	Q3089703	Faunus, Roman horned god of the forest, plains and fields	boy	Faunus	Faunus	Latin	Roman religion		Fasti	Book 2	Fasti 2.193	https://scaife.perseus.org/reader/urn:cts:latinLit:phi0959.phi007.perseus-lat2:2.193/	16	deity	divine	attested		Perseus Digital Library canonical-latinLit (CC BY-SA 4.0), Ovid, Fasti; Wikidata (CC0)	0.95
Numa	Q200031	Numa Pompilius, legendary second king of Rome, succeeding Romulus	boy	Numa	Numa	Latin	Roman religion		Fasti	Book 1	Fasti 1.43	https://scaife.perseus.org/reader/urn:cts:latinLit:phi0959.phi007.perseus-lat2:1.43/	16	royal	personal	attested		Perseus Digital Library canonical-latinLit (CC BY-SA 4.0), Ovid, Fasti; Wikidata (CC0)	0.95
Hercules	Q122248	Heracles, divine hero in Greek mythology, son of Zeus and Alcmene	boy	Alcides	Alcides	Latin	Roman religion		Fasti	Book 1	Fasti 1.575	https://scaife.perseus.org/reader/urn:cts:latinLit:phi0959.phi007.perseus-lat2:1.575/	14	human	personal	attested		Perseus Digital Library canonical-latinLit (CC BY-SA 4.0), Ovid, Fasti; Wikidata (CC0)	0.95
Juno	Q125046	Juno, ancient Roman goddess	girl	Iuno	Iuno	Latin	Roman religion		Fasti	Book 1	Fasti 1.55	https://scaife.perseus.org/reader/urn:cts:latinLit:phi0959.phi007.perseus-lat2:1.55/	14	deity	divine	attested		Perseus Digital Library canonical-latinLit (CC BY-SA 4.0), Ovid, Fasti; Wikidata (CC0)	0.95
Remus	Q2197	Romulus and Remus, twin brothers and central characters of Rome's foundation myth		Remus	Remus	Latin	Roman religion		Fasti	Book 2	Fasti 2.134	https://scaife.perseus.org/reader/urn:cts:latinLit:phi0959.phi007.perseus-lat2:2.134/	14	royal	personal	attested		Perseus Digital Library canonical-latinLit (CC BY-SA 4.0), Ovid, Fasti; Wikidata (CC0)	0.95
Quirinus	Q320333	Quirinus, deified Romulus	boy	Quirinus	Quirinus	Latin	Roman religion		Fasti	Book 1	Fasti 1.37	https://scaife.perseus.org/reader/urn:cts:latinLit:phi0959.phi007.perseus-lat2:1.37/	13	deity	divine	attested		Perseus Digital Library canonical-latinLit (CC BY-SA 4.0), Ovid, Fasti; Wikidata (CC0)	0.95
Minerva	Q126916	Minerva, Roman goddess of wisdom and sponsor of arts, trade, and defense	girl	Minerva	Minerva	Latin	Roman religion		Fasti	Book 3	Fasti 3.5	https://scaife.perseus.org/reader/urn:cts:latinLit:phi0959.phi007.perseus-lat2:3.5/	10	deity	divine	attested		Perseus Digital Library canonical-latinLit (CC BY-SA 4.0), Ovid, Fasti; Wikidata (CC0)	0.95
Saturn	Q134388	Saturn, god in ancient Roman mythology	boy	Saturnus	Saturnus	Latin	Roman religion		Fasti	Book 1	Fasti 1.193	https://scaife.perseus.org/reader/urn:cts:latinLit:phi0959.phi007.perseus-lat2:1.193/	8	deity	divine	attested		Perseus Digital Library canonical-latinLit (CC BY-SA 4.0), Ovid, Fasti; Wikidata (CC0)	0.95
Saturnia	Q125046	Juno, ancient Roman goddess	girl	Saturnia	Saturnia	Latin	Roman religion		Fasti	Book 1	Fasti 1.237	https://scaife.perseus.org/reader/urn:cts:latinLit:phi0959.phi007.perseus-lat2:1.237/	8	deity	epithet	attested	another name of Juno	Perseus Digital Library canonical-latinLit (CC BY-SA 4.0), Ovid, Fasti; Wikidata (CC0)	0.95
Diana	Q132543	Diana, goddess of the hunt, the moon and birthing, equated with the Greek goddess Artemis	girl	Diana	Diana	Latin	Roman religion		Fasti	Book 1	Fasti 1.387	https://scaife.perseus.org/reader/urn:cts:latinLit:phi0959.phi007.perseus-lat2:1.387/	6	deity	divine	attested		Perseus Digital Library canonical-latinLit (CC BY-SA 4.0), Ovid, Fasti; Wikidata (CC0)	0.95
Evander	Q837699	Evander of Pallene, mythical character of Greek and Roman mythology, king of Pallantium	boy	Evandri	Evandri	Latin	Roman religion		Fasti	Book 1	Fasti 1.508	https://scaife.perseus.org/reader/urn:cts:latinLit:phi0959.phi007.perseus-lat2:1.508/	6	royal	personal	attested		Perseus Digital Library canonical-latinLit (CC BY-SA 4.0), Ovid, Fasti; Wikidata (CC0)	0.95
Vulcan	Q4640	Vulcan, god of both beneficial and hindering fire	boy	Volcanus	Volcanus	Latin	Roman religion		Fasti	Book 1	Fasti 1.554	https://scaife.perseus.org/reader/urn:cts:latinLit:phi0959.phi007.perseus-lat2:1.554/	6	deity	divine	attested		Perseus Digital Library canonical-latinLit (CC BY-SA 4.0), Ovid, Fasti; Wikidata (CC0)	0.95
Orion	Q201261	Orion, giant huntsman in Greek mythology	boy	Orion	Orion	Latin	Roman religion		Fasti	Book 4	Fasti 4.388	https://scaife.perseus.org/reader/urn:cts:latinLit:phi0959.phi007.perseus-lat2:4.388/	5	human	personal	attested		Perseus Digital Library canonical-latinLit (CC BY-SA 4.0), Ovid, Fasti; Wikidata (CC0)	0.95
Persephone	Q45967	Persephone, Greek goddess of the seasons and the queen of the underworld; married with Hades	girl	Persephone	Persephone	Latin	Roman religion		Fasti	Book 4	Fasti 4.452	https://scaife.perseus.org/reader/urn:cts:latinLit:phi0959.phi007.perseus-lat2:4.452/	5	deity	divine	attested		Perseus Digital Library canonical-latinLit (CC BY-SA 4.0), Ovid, Fasti; Wikidata (CC0)	0.95
Theseus	Q1320718	Theseus, legendary king of Athens, son of Aegeus and Aethra; famous for slaying the Minotaur	boy	Thesea	Thesea	Latin	Roman religion		Fasti	Book 3	Fasti 3.460	https://scaife.perseus.org/reader/urn:cts:latinLit:phi0959.phi007.perseus-lat2:3.460/	5	human	personal	attested		Perseus Digital Library canonical-latinLit (CC BY-SA 4.0), Ovid, Fasti; Wikidata (CC0)	0.95
Anna Perenna	Q539796	Anna Perenna, deity of the circle of the year in Ancient Rome, legendary sister of queen Dido	girl	Perenna	Perenna	Latin	Roman religion		Fasti	Book 3	Fasti 3.146	https://scaife.perseus.org/reader/urn:cts:latinLit:phi0959.phi007.perseus-lat2:3.146/	4	deity	divine	attested		Perseus Digital Library canonical-latinLit (CC BY-SA 4.0), Ovid, Fasti; Wikidata (CC0)	0.95
Dido	Q905162	Dido, legendary founder and first queen of Carthage	girl	Dido	Dido	Latin	Roman religion		Fasti	Book 3	Fasti 3.545	https://scaife.perseus.org/reader/urn:cts:latinLit:phi0959.phi007.perseus-lat2:3.545/	4	royal	personal	attested		Perseus Digital Library canonical-latinLit (CC BY-SA 4.0), Ovid, Fasti; Wikidata (CC0)	0.95
Gradivus	Q112	Mars, Roman god of war, guardian of agriculture	boy	Gradivus	Gradivus	Latin	Roman religion		Fasti	Book 2	Fasti 2.861	https://scaife.perseus.org/reader/urn:cts:latinLit:phi0959.phi007.perseus-lat2:2.861/	4	deity	epithet	attested	another name of Mars	Perseus Digital Library canonical-latinLit (CC BY-SA 4.0), Ovid, Fasti; Wikidata (CC0)	0.95
Juturna	Q139448	Juturna, goddess of fountains, wells and springs, and the mother of Fontus by Janus	girl	Iuturnae	Iuturnae	Latin	Roman religion		Fasti	Book 1	Fasti 1.708	https://scaife.perseus.org/reader/urn:cts:latinLit:phi0959.phi007.perseus-lat2:1.708/	4	deity	divine	attested		Perseus Digital Library canonical-latinLit (CC BY-SA 4.0), Ovid, Fasti; Wikidata (CC0)	0.95
Tiberinus	Q937512	Tiberinus, Roman water deity	boy	Tiberinus	Tiberinus	Latin	Roman religion		Fasti	Book 2	Fasti 2.389	https://scaife.perseus.org/reader/urn:cts:latinLit:phi0959.phi007.perseus-lat2:2.389/	4	deity	divine	attested		Perseus Digital Library canonical-latinLit (CC BY-SA 4.0), Ovid, Fasti; Wikidata (CC0)	0.95
Carmenta	Q684225	Carmenta, Roman goddess of childbirth and prophecy	girl	Carmentis	Carmentis	Latin	Roman religion		Fasti	Book 1	Fasti 1.499	https://scaife.perseus.org/reader/urn:cts:latinLit:phi0959.phi007.perseus-lat2:1.499/	3	deity	divine	attested		Perseus Digital Library canonical-latinLit (CC BY-SA 4.0), Ovid, Fasti; Wikidata (CC0)	0.95
Elissa	Q905162	Dido, legendary founder and first queen of Carthage	girl	Elissa	Elissa	Latin	Roman religion		Fasti	Book 3	Fasti 3.553	https://scaife.perseus.org/reader/urn:cts:latinLit:phi0959.phi007.perseus-lat2:3.553/	3	royal	epithet	attested	another name of Dido	Perseus Digital Library canonical-latinLit (CC BY-SA 4.0), Ovid, Fasti; Wikidata (CC0)	0.95
Hippolytus	Q338201	Hippolytus, son of Theseus in Greek mythology	boy	Hippolytus	Hippolytus	Latin	Roman religion		Fasti	Book 3	Fasti 3.265	https://scaife.perseus.org/reader/urn:cts:latinLit:phi0959.phi007.perseus-lat2:3.265/	3	human	personal	attested		Perseus Digital Library canonical-latinLit (CC BY-SA 4.0), Ovid, Fasti; Wikidata (CC0)	0.95
Mavors	Q112	Mars, Roman god of war, guardian of agriculture	boy	Mavors	Mavors	Latin	Roman religion		Fasti	Book 3	Fasti 3.171	https://scaife.perseus.org/reader/urn:cts:latinLit:phi0959.phi007.perseus-lat2:3.171/	3	deity	epithet	attested	another name of Mars	Perseus Digital Library canonical-latinLit (CC BY-SA 4.0), Ovid, Fasti; Wikidata (CC0)	0.95
Mezentius	Q717546	Mezentius, figure in Roman mythology	boy	Mezentius	Mezentius	Latin	Roman religion		Fasti	Book 4	Fasti 4.881	https://scaife.perseus.org/reader/urn:cts:latinLit:phi0959.phi007.perseus-lat2:4.881/	3	royal	personal	attested		Perseus Digital Library canonical-latinLit (CC BY-SA 4.0), Ovid, Fasti; Wikidata (CC0)	0.95
Picus	Q235724	Picus, Greek and Roman mythological figure	boy	Picus	Picus	Latin	Roman religion		Fasti	Book 3	Fasti 3.291	https://scaife.perseus.org/reader/urn:cts:latinLit:phi0959.phi007.perseus-lat2:3.291/	3	deity	divine	attested		Perseus Digital Library canonical-latinLit (CC BY-SA 4.0), Ovid, Fasti; Wikidata (CC0)	0.95
Semele	Q776139	Semele, mother of Dionysus in Greek mythology	girl	Semele	Semele	Latin	Roman religion		Fasti	Book 3	Fasti 3.715	https://scaife.perseus.org/reader/urn:cts:latinLit:phi0959.phi007.perseus-lat2:3.715/	3	human	personal	attested		Perseus Digital Library canonical-latinLit (CC BY-SA 4.0), Ovid, Fasti; Wikidata (CC0)	0.95
Silvia	Q219936	Rhea Silvia, mother of Romulus and Remus	girl	Silvia	Silvia	Latin	Roman religion		Fasti	Book 2	Fasti 2.383	https://scaife.perseus.org/reader/urn:cts:latinLit:phi0959.phi007.perseus-lat2:2.383/	3	human	personal	attested		Perseus Digital Library canonical-latinLit (CC BY-SA 4.0), Ovid, Fasti; Wikidata (CC0)	0.95
Turnus	Q633549	Turnus, mythical character King of the Rutuli	boy	Turnus	Turnus	Latin	Roman religion		Fasti	Book 1	Fasti 1.463	https://scaife.perseus.org/reader/urn:cts:latinLit:phi0959.phi007.perseus-lat2:1.463/	3	royal	personal	attested		Perseus Digital Library canonical-latinLit (CC BY-SA 4.0), Ovid, Fasti; Wikidata (CC0)	0.95
Achates	Q30096870	Achates, set of mythological Greek characters		Achates	Achates	Latin	Roman religion		Fasti	Book 3	Fasti 3.603	https://scaife.perseus.org/reader/urn:cts:latinLit:phi0959.phi007.perseus-lat2:3.603/	2	human	personal	attested		Perseus Digital Library canonical-latinLit (CC BY-SA 4.0), Ovid, Fasti; Wikidata (CC0)	0.95
Achilles	Q41746	Achilles, Greek mythological hero of the Trojan War	boy	Achilles	Achilles	Latin	Roman religion		Fasti	Book 2	Fasti 2.119	https://scaife.perseus.org/reader/urn:cts:latinLit:phi0959.phi007.perseus-lat2:2.119/	2	human	personal	attested		Perseus Digital Library canonical-latinLit (CC BY-SA 4.0), Ovid, Fasti; Wikidata (CC0)	0.95
Aesculapius	Q83223	Asclepius, Greek god of medicine	boy	Coronide	Coronide	Latin	Roman religion		Fasti	Book 1	Fasti 1.291	https://scaife.perseus.org/reader/urn:cts:latinLit:phi0959.phi007.perseus-lat2:1.291/	2	deity	divine	attested		Perseus Digital Library canonical-latinLit (CC BY-SA 4.0), Ovid, Fasti; Wikidata (CC0)	0.95
Egeria	Q582268	Egeria, legendary wife of Roman king Numa and minor goddess	girl	Egeria	Egeria	Latin	Roman religion		Fasti	Book 3	Fasti 3.154	https://scaife.perseus.org/reader/urn:cts:latinLit:phi0959.phi007.perseus-lat2:3.154/	2	deity	divine	attested		Perseus Digital Library canonical-latinLit (CC BY-SA 4.0), Ovid, Fasti; Wikidata (CC0)	0.95
Hyperion	Q179209	Hyperion, Titan in Greek mythology	boy	Hyperiona	Hyperiona	Latin	Roman religion		Fasti	Book 1	Fasti 1.385	https://scaife.perseus.org/reader/urn:cts:latinLit:phi0959.phi007.perseus-lat2:1.385/	2	deity	divine	attested		Perseus Digital Library canonical-latinLit (CC BY-SA 4.0), Ovid, Fasti; Wikidata (CC0)	0.95
Jason	Q176758	Jason, Greek mythological hero, son of Aeson	boy	Iason	Iason	Latin	Roman religion		Fasti	Book 1	Fasti 1.491	https://scaife.perseus.org/reader/urn:cts:latinLit:phi0959.phi007.perseus-lat2:1.491/	2	human	personal	attested		Perseus Digital Library canonical-latinLit (CC BY-SA 4.0), Ovid, Fasti; Wikidata (CC0)	0.95
Lavinia	Q1137364	Lavinia, wife of Aeneas in Roman mythology	girl	Lavinia	Lavinia	Latin	Roman religion		Fasti	Book 3	Fasti 3.629	https://scaife.perseus.org/reader/urn:cts:latinLit:phi0959.phi007.perseus-lat2:3.629/	2	royal	personal	attested		Perseus Digital Library canonical-latinLit (CC BY-SA 4.0), Ovid, Fasti; Wikidata (CC0)	0.95
Lotis	slug:roman-religion:lotis	Lotis		Lotis	Lotis	Latin	Roman religion		Fasti	Book 1	Fasti 1.416	https://scaife.perseus.org/reader/urn:cts:latinLit:phi0959.phi007.perseus-lat2:1.416/	2	deity	divine	attested		Perseus Digital Library canonical-latinLit (CC BY-SA 4.0), Ovid, Fasti	0.75
Lucretia	Q229432	Lucretia, 6th century BC Roman noblewoman whose rape by Sextus Tarquinius led to the overthrow of the monarchy	girl	Lucretia	Lucretia	Latin	Roman religion		Fasti	Book 2	Fasti 2.741	https://scaife.perseus.org/reader/urn:cts:latinLit:phi0959.phi007.perseus-lat2:2.741/	2	human	personal	attested		Perseus Digital Library canonical-latinLit (CC BY-SA 4.0), Ovid, Fasti; Wikidata (CC0)	0.95
Matuta	Q1479084	Mater Matuta, Latin goddess of the sunrise	girl	Matuta	Matuta	Latin	Roman religion		Fasti	Book 6	Fasti 6.479	https://scaife.perseus.org/reader/urn:cts:latinLit:phi0959.phi007.perseus-lat2:6.479/	2	deity	divine	attested		Perseus Digital Library canonical-latinLit (CC BY-SA 4.0), Ovid, Fasti; Wikidata (CC0)	0.95
Mercury	Q1150	Mercury, Roman god of trade, merchants, thieves and travel	boy	Mercurius	Mercurius	Latin	Roman religion		Fasti	Book 5	Fasti 5.673	https://scaife.perseus.org/reader/urn:cts:latinLit:phi0959.phi007.perseus-lat2:5.673/	2	deity	divine	attested		Perseus Digital Library canonical-latinLit (CC BY-SA 4.0), Ovid, Fasti; Wikidata (CC0)	0.95
Procne	Q1231743	Procne, legendary princess of Athens, sister of Philomele	girl	Procne	Procne	Latin	Roman religion		Fasti	Book 2	Fasti 2.629	https://scaife.perseus.org/reader/urn:cts:latinLit:phi0959.phi007.perseus-lat2:2.629/	2	human	personal	attested		Perseus Digital Library canonical-latinLit (CC BY-SA 4.0), Ovid, Fasti; Wikidata (CC0)	0.95
Sibyl	Q762835	Cumaean Sibyl, priestess presiding over the Apollonian oracle at Cumae	girl	Sibylla	Sibylla	Latin	Roman religion		Fasti	Book 3	Fasti 3.534	https://scaife.perseus.org/reader/urn:cts:latinLit:phi0959.phi007.perseus-lat2:3.534/	2	human	personal	attested		Perseus Digital Library canonical-latinLit (CC BY-SA 4.0), Ovid, Fasti; Wikidata (CC0)	0.95
Acis	Q15628788	Acis and Galatea, couple in Greek mythology		Aci	Aci	Latin	Roman religion		Fasti	Book 4	Fasti 4.468	https://scaife.perseus.org/reader/urn:cts:latinLit:phi0959.phi007.perseus-lat2:4.468/	1	deity	divine	attested		Perseus Digital Library canonical-latinLit (CC BY-SA 4.0), Ovid, Fasti; Wikidata (CC0)	0.95
Anchises	Q211953	Anchises, father of Aeneas in Greek mythology, lover of Aphrodite	boy	Anchises	Anchises	Latin	Roman religion		Fasti	Book 4	Fasti 4.35	https://scaife.perseus.org/reader/urn:cts:latinLit:phi0959.phi007.perseus-lat2:4.35/	1	human	personal	attested		Perseus Digital Library canonical-latinLit (CC BY-SA 4.0), Ovid, Fasti; Wikidata (CC0)	0.95
Arethusa	Q105638515	Arethusa, set of mythological Greek characters		Arethusa	Arethusa	Latin	Roman religion		Fasti	Book 4	Fasti 4.423	https://scaife.perseus.org/reader/urn:cts:latinLit:phi0959.phi007.perseus-lat2:4.423/	1	deity	divine	attested		Perseus Digital Library canonical-latinLit (CC BY-SA 4.0), Ovid, Fasti; Wikidata (CC0)	0.95
Cadmus	Q27613	Cadmus, mythological founder of Thebes, son of Agenor	boy	Cadmus	Cadmus	Latin	Roman religion		Fasti	Book 1	Fasti 1.490	https://scaife.perseus.org/reader/urn:cts:latinLit:phi0959.phi007.perseus-lat2:1.490/	1	human	personal	attested		Perseus Digital Library canonical-latinLit (CC BY-SA 4.0), Ovid, Fasti; Wikidata (CC0)	0.95
Callisto	Q203673	Callisto, nymph in Greek mythology	girl	Callisto	Callisto	Latin	Roman religion		Fasti	Book 2	Fasti 2.156	https://scaife.perseus.org/reader/urn:cts:latinLit:phi0959.phi007.perseus-lat2:2.156/	1	human	personal	attested		Perseus Digital Library canonical-latinLit (CC BY-SA 4.0), Ovid, Fasti; Wikidata (CC0)	0.95
Cyane	Q1423058	Cyane, Sicilian nymph in Greek mythology	girl	Cyanen	Cyanen	Latin	Roman religion		Fasti	Book 4	Fasti 4.469	https://scaife.perseus.org/reader/urn:cts:latinLit:phi0959.phi007.perseus-lat2:4.469/	1	deity	divine	attested		Perseus Digital Library canonical-latinLit (CC BY-SA 4.0), Ovid, Fasti; Wikidata (CC0)	0.95
Cytherea	Q35500	Aphrodite, Greek goddess of love, beauty, pleasure, and procreation	girl	Cytherea	Cytherea	Latin	Roman religion		Fasti	Book 4	Fasti 4.673	https://scaife.perseus.org/reader/urn:cts:latinLit:phi0959.phi007.perseus-lat2:4.673/	1	deity	epithet	attested	another name of Aphrodite	Perseus Digital Library canonical-latinLit (CC BY-SA 4.0), Ovid, Fasti; Wikidata (CC0)	0.95
Deucalion	Q207715	Deucalion, son of Prometheus in Greek mythology	boy	Deucalionis	Deucalionis	Latin	Roman religion		Fasti	Book 4	Fasti 4.794	https://scaife.perseus.org/reader/urn:cts:latinLit:phi0959.phi007.perseus-lat2:4.794/	1	human	personal	attested		Perseus Digital Library canonical-latinLit (CC BY-SA 4.0), Ovid, Fasti; Wikidata (CC0)	0.95
Flora	Q209644	Flora, goddess of prosperity in Roman mythology	girl	Flora	Flora	Latin	Roman religion		Fasti	Book 5	Fasti 5.195	https://scaife.perseus.org/reader/urn:cts:latinLit:phi0959.phi007.perseus-lat2:5.195/	1	deity	divine	attested		Perseus Digital Library canonical-latinLit (CC BY-SA 4.0), Ovid, Fasti; Wikidata (CC0)	0.95
Galatea	Q12094023	Galatea, set of mythological Greek characters		Galatea	Galatea	Latin	Roman religion		Fasti	Book 6	Fasti 6.733	https://scaife.perseus.org/reader/urn:cts:latinLit:phi0959.phi007.perseus-lat2:6.733/	1	deity	divine	attested		Perseus Digital Library canonical-latinLit (CC BY-SA 4.0), Ovid, Fasti; Wikidata (CC0)	0.95
Ganymede	Q131588	Ganymede, son of Tros in Greek mythology	boy	Ganymede	Ganymede	Latin	Roman religion		Fasti	Book 6	Fasti 6.43	https://scaife.perseus.org/reader/urn:cts:latinLit:phi0959.phi007.perseus-lat2:6.43/	1	human	personal	attested		Perseus Digital Library canonical-latinLit (CC BY-SA 4.0), Ovid, Fasti; Wikidata (CC0)	0.95
Hector	Q159666	Hector, prince of Troy in Greek mythology	boy	Hectora	Hectora	Latin	Roman religion		Fasti	Book 5	Fasti 5.385	https://scaife.perseus.org/reader/urn:cts:latinLit:phi0959.phi007.perseus-lat2:5.385/	1	human	personal	attested		Perseus Digital Library canonical-latinLit (CC BY-SA 4.0), Ovid, Fasti; Wikidata (CC0)	0.95
Icarus	Q34041	Icarus, Greek mythological figure, son of Daedalus	boy	Icarus	Icarus	Latin	Roman religion		Fasti	Book 4	Fasti 4.284	https://scaife.perseus.org/reader/urn:cts:latinLit:phi0959.phi007.perseus-lat2:4.284/	1	human	personal	attested		Perseus Digital Library canonical-latinLit (CC BY-SA 4.0), Ovid, Fasti; Wikidata (CC0)	0.95
Iulus	Q655566	Ascanius, legendary founder of Alba Longa	boy	Iuli	Iuli	Latin	Roman religion		Fasti	Book 4	Fasti 4.39	https://scaife.perseus.org/reader/urn:cts:latinLit:phi0959.phi007.perseus-lat2:4.39/	1	human	epithet	attested	another name of Ascanius	Perseus Digital Library canonical-latinLit (CC BY-SA 4.0), Ovid, Fasti; Wikidata (CC0)	0.95
Larentia	Q338298	Acca Larentia, foster mother of Romulus and Remus	girl	Larentia	Larentia	Latin	Roman religion		Fasti	Book 3	Fasti 3.55	https://scaife.perseus.org/reader/urn:cts:latinLit:phi0959.phi007.perseus-lat2:3.55/	1	deity	divine	attested		Perseus Digital Library canonical-latinLit (CC BY-SA 4.0), Ovid, Fasti; Wikidata (CC0)	0.95
Latona	Q103107	Leto, Greek mythological figure and mother of Apollo and Artemis	girl	Latona	Latona	Latin	Roman religion		Fasti	Book 5	Fasti 5.543	https://scaife.perseus.org/reader/urn:cts:latinLit:phi0959.phi007.perseus-lat2:5.543/	1	deity	divine	attested		Perseus Digital Library canonical-latinLit (CC BY-SA 4.0), Ovid, Fasti; Wikidata (CC0)	0.95
Medusa	Q160730	Medusa, in Greek mythology, one of the three Gorgons, described as a woman with snakes in place of hair, behe…	girl	Medusae	Medusae	Latin	Roman religion		Fasti	Book 3	Fasti 3.451	https://scaife.perseus.org/reader/urn:cts:latinLit:phi0959.phi007.perseus-lat2:3.451/	1	mythological_being	personal	attested		Perseus Digital Library canonical-latinLit (CC BY-SA 4.0), Ovid, Fasti; Wikidata (CC0)	0.95
Narcissus	Q179256	Narcissus, hunter in Greek mythology	boy	Narcisse	Narcisse	Latin	Roman religion		Fasti	Book 5	Fasti 5.225	https://scaife.perseus.org/reader/urn:cts:latinLit:phi0959.phi007.perseus-lat2:5.225/	1	human	personal	attested		Perseus Digital Library canonical-latinLit (CC BY-SA 4.0), Ovid, Fasti; Wikidata (CC0)	0.95
Neptune	Q3954	Neptune, Roman god of water, particularly the sea, considered equivalent to the Greek Poseidon	boy	Neptuno	Neptuno	Latin	Roman religion		Fasti	Book 4	Fasti 4.173	https://scaife.perseus.org/reader/urn:cts:latinLit:phi0959.phi007.perseus-lat2:4.173/	1	deity	divine	attested		Perseus Digital Library canonical-latinLit (CC BY-SA 4.0), Ovid, Fasti; Wikidata (CC0)	0.95
Phaethon	Q203480	Phaethon, son of Helios from Greek mythology	boy	Phaethonta	Phaethonta	Latin	Roman religion		Fasti	Book 4	Fasti 4.793	https://scaife.perseus.org/reader/urn:cts:latinLit:phi0959.phi007.perseus-lat2:4.793/	1	human	personal	attested		Perseus Digital Library canonical-latinLit (CC BY-SA 4.0), Ovid, Fasti; Wikidata (CC0)	0.95
Priam	Q170473	Priam, the legendary and last king of Troy during the Trojan war; son of Laomedon	boy	Priamo	Priamo	Latin	Roman religion		Fasti	Book 6	Fasti 6.431	https://scaife.perseus.org/reader/urn:cts:latinLit:phi0959.phi007.perseus-lat2:6.431/	1	royal	personal	attested		Perseus Digital Library canonical-latinLit (CC BY-SA 4.0), Ovid, Fasti; Wikidata (CC0)	0.95
Proserpina	Q14515330	Proserpina, ancient Roman goddess	girl	Proserpina	Proserpina	Latin	Roman religion		Fasti	Book 4	Fasti 4.587	https://scaife.perseus.org/reader/urn:cts:latinLit:phi0959.phi007.perseus-lat2:4.587/	1	deity	divine	attested		Perseus Digital Library canonical-latinLit (CC BY-SA 4.0), Ovid, Fasti; Wikidata (CC0)	0.95
Pygmalion	Q192343	Pygmalion, legendary figure of Cyprus, sculptor	boy	Pygmalionis	Pygmalionis	Latin	Roman religion		Fasti	Book 3	Fasti 3.574	https://scaife.perseus.org/reader/urn:cts:latinLit:phi0959.phi007.perseus-lat2:3.574/	1	human	personal	attested		Perseus Digital Library canonical-latinLit (CC BY-SA 4.0), Ovid, Fasti; Wikidata (CC0)	0.95
Tullia	slug:roman-religion:tullia	Tullia (wife of Tarquinius Superbus)		Tullia	Tullia	Latin	Roman religion		Fasti	Book 6	Fasti 6.587	https://scaife.perseus.org/reader/urn:cts:latinLit:phi0959.phi007.perseus-lat2:6.587/	1	human	personal	attested		Perseus Digital Library canonical-latinLit (CC BY-SA 4.0), Ovid, Fasti	0.75
Ulysses	Q47231	Odysseus, legendary Greek king of Ithaca	boy	Ulixes	Ulixes	Latin	Roman religion		Fasti	Book 6	Fasti 6.433	https://scaife.perseus.org/reader/urn:cts:latinLit:phi0959.phi007.perseus-lat2:6.433/	1	human	personal	attested		Perseus Digital Library canonical-latinLit (CC BY-SA 4.0), Ovid, Fasti; Wikidata (CC0)	0.95
Jupiter	Q4649	Jupiter, chief deity of Roman state religion	boy	Iuppiter	Iuppiter	Latin	Roman religion		Metamorphoses	Book 1	Met. 1.106	https://scaife.perseus.org/reader/urn:cts:latinLit:phi0959.phi006.perseus-lat2:1.106/	137	deity	divine	attested		Perseus Digital Library canonical-latinLit (CC BY-SA 4.0), Ovid, Metamorphoses (Magnus); Wikidata (CC0)	0.95
Juno	Q125046	Juno, ancient Roman goddess	girl	Iuno	Iuno	Latin	Roman religion		Metamorphoses	Book 1	Met. 1.270	https://scaife.perseus.org/reader/urn:cts:latinLit:phi0959.phi006.perseus-lat2:1.270/	45	deity	divine	attested		Perseus Digital Library canonical-latinLit (CC BY-SA 4.0), Ovid, Metamorphoses (Magnus); Wikidata (CC0)	0.95
Phoebus	Q37340	Apollo, god in Greek and later Roman mythology	boy	Phoebus	Phoebus	Latin	Roman religion		Metamorphoses	Book 1	Met. 1.338	https://scaife.perseus.org/reader/urn:cts:latinLit:phi0959.phi006.perseus-lat2:1.338/	43	deity	epithet	attested	another name of Apollo	Perseus Digital Library canonical-latinLit (CC BY-SA 4.0), Ovid, Metamorphoses (Magnus); Wikidata (CC0)	0.95
Achilles	Q41746	Achilles, Greek mythological hero of the Trojan War	boy	Achilles	Achilles	Latin	Roman religion		Metamorphoses	Book 8	Met. 8.309	https://scaife.perseus.org/reader/urn:cts:latinLit:phi0959.phi006.perseus-lat2:8.309/	34	human	personal	attested		Perseus Digital Library canonical-latinLit (CC BY-SA 4.0), Ovid, Metamorphoses (Magnus); Wikidata (CC0)	0.95
Venus	Q313	Venus, second planet from the Solar System, tellurian and very similar to Earth		Venus	Venus	Latin	Roman religion		Metamorphoses	Book 1	Met. 1.463	https://scaife.perseus.org/reader/urn:cts:latinLit:phi0959.phi006.perseus-lat2:1.463/	33	deity	divine	attested		Perseus Digital Library canonical-latinLit (CC BY-SA 4.0), Ovid, Metamorphoses (Magnus); Wikidata (CC0)	0.95
Bacchus	Q41680	Dionysus, ancient Greek god of winemaking and wine	boy	Bacchus	Bacchus	Latin	Roman religion		Metamorphoses	Book 3	Met. 3.317	https://scaife.perseus.org/reader/urn:cts:latinLit:phi0959.phi006.perseus-lat2:3.317/	26	deity	epithet	attested	another name of Dionysus	Perseus Digital Library canonical-latinLit (CC BY-SA 4.0), Ovid, Metamorphoses (Magnus); Wikidata (CC0)	0.95
Diana	Q132543	Diana, goddess of the hunt, the moon and birthing, equated with the Greek goddess Artemis	girl	Diana	Diana	Latin	Roman religion		Metamorphoses	Book 1	Met. 1.487	https://scaife.perseus.org/reader/urn:cts:latinLit:phi0959.phi006.perseus-lat2:1.487/	25	deity	divine	attested		Perseus Digital Library canonical-latinLit (CC BY-SA 4.0), Ovid, Metamorphoses (Magnus); Wikidata (CC0)	0.95
Hector	Q159666	Hector, prince of Troy in Greek mythology	boy	Hector	Hector	Latin	Roman religion		Metamorphoses	Book 11	Met. 11.758	https://scaife.perseus.org/reader/urn:cts:latinLit:phi0959.phi006.perseus-lat2:11.758/	23	human	personal	attested		Perseus Digital Library canonical-latinLit (CC BY-SA 4.0), Ovid, Metamorphoses (Magnus); Wikidata (CC0)	0.95
Ulysses	Q47231	Odysseus, legendary Greek king of Ithaca	boy	Ulixes	Ulixes	Latin	Roman religion		Metamorphoses	Book 13	Met. 13.6	https://scaife.perseus.org/reader/urn:cts:latinLit:phi0959.phi006.perseus-lat2:13.6/	23	human	personal	attested		Perseus Digital Library canonical-latinLit (CC BY-SA 4.0), Ovid, Metamorphoses (Magnus); Wikidata (CC0)	0.95
Mars	Q112	Mars, Roman god of war, guardian of agriculture	boy	Mars	Mars	Latin	Roman religion		Metamorphoses	Book 3	Met. 3.123	https://scaife.perseus.org/reader/urn:cts:latinLit:phi0959.phi006.perseus-lat2:3.123/	19	deity	divine	attested		Perseus Digital Library canonical-latinLit (CC BY-SA 4.0), Ovid, Metamorphoses (Magnus); Wikidata (CC0)	0.95
Perseus	Q130832	Perseus, legendary Greek hero and founder of Mycenae, demigod son of Zeus and Danae; famous for beheading the…	boy	Perseus	Perseus	Latin	Roman religion		Metamorphoses	Book 4	Met. 4.611	https://scaife.perseus.org/reader/urn:cts:latinLit:phi0959.phi006.perseus-lat2:4.611/	19	human	personal	attested		Perseus Digital Library canonical-latinLit (CC BY-SA 4.0), Ovid, Metamorphoses (Magnus); Wikidata (CC0)	0.95
Ceres	Q32102	Ceres, Roman goddess of agriculture	girl	Ceres	Ceres	Latin	Roman religion		Metamorphoses	Book 3	Met. 3.437	https://scaife.perseus.org/reader/urn:cts:latinLit:phi0959.phi006.perseus-lat2:3.437/	18	deity	divine	attested		Perseus Digital Library canonical-latinLit (CC BY-SA 4.0), Ovid, Metamorphoses (Magnus); Wikidata (CC0)	0.95
Minerva	Q126916	Minerva, Roman goddess of wisdom and sponsor of arts, trade, and defense	girl	Minerva	Minerva	Latin	Roman religion		Metamorphoses	Book 2	Met. 2.563	https://scaife.perseus.org/reader/urn:cts:latinLit:phi0959.phi006.perseus-lat2:2.563/	17	deity	divine	attested		Perseus Digital Library canonical-latinLit (CC BY-SA 4.0), Ovid, Metamorphoses (Magnus); Wikidata (CC0)	0.95
Alcyone	Q21282358	Ceyx and Alcyone, ancient Greek mythological figure		Alcyone	Alcyone	Latin	Roman religion		Metamorphoses	Book 11	Met. 11.384	https://scaife.perseus.org/reader/urn:cts:latinLit:phi0959.phi006.perseus-lat2:11.384/	16	human	personal	attested		Perseus Digital Library canonical-latinLit (CC BY-SA 4.0), Ovid, Metamorphoses (Magnus); Wikidata (CC0)	0.95
Hercules	Q122248	Heracles, divine hero in Greek mythology, son of Zeus and Alcmene	boy	Herculis	Herculis	Latin	Roman religion		Metamorphoses	Book 7	Met. 7.364	https://scaife.perseus.org/reader/urn:cts:latinLit:phi0959.phi006.perseus-lat2:7.364/	16	human	personal	attested		Perseus Digital Library canonical-latinLit (CC BY-SA 4.0), Ovid, Metamorphoses (Magnus); Wikidata (CC0)	0.95
Aeneas	Q82732	Aeneas, Trojan hero, son of Anchises and Aphrodite	boy	Aeneas	Aeneas	Latin	Roman religion		Metamorphoses	Book 13	Met. 13.665	https://scaife.perseus.org/reader/urn:cts:latinLit:phi0959.phi006.perseus-lat2:13.665/	15	human	personal	attested		Perseus Digital Library canonical-latinLit (CC BY-SA 4.0), Ovid, Metamorphoses (Magnus); Wikidata (CC0)	0.95
Phaethon	Q203480	Phaethon, son of Helios from Greek mythology	boy	Phaethon	Phaethon	Latin	Roman religion		Metamorphoses	Book 1	Met. 1.751	https://scaife.perseus.org/reader/urn:cts:latinLit:phi0959.phi006.perseus-lat2:1.751/	15	human	personal	attested		Perseus Digital Library canonical-latinLit (CC BY-SA 4.0), Ovid, Metamorphoses (Magnus); Wikidata (CC0)	0.95
Procne	Q1231743	Procne, legendary princess of Athens, sister of Philomele	girl	Procne	Procne	Latin	Roman religion		Metamorphoses	Book 6	Met. 6.428	https://scaife.perseus.org/reader/urn:cts:latinLit:phi0959.phi006.perseus-lat2:6.428/	15	human	personal	attested		Perseus Digital Library canonical-latinLit (CC BY-SA 4.0), Ovid, Metamorphoses (Magnus); Wikidata (CC0)	0.95
Saturnia	Q125046	Juno, ancient Roman goddess	girl	Saturnia	Saturnia	Latin	Roman religion		Metamorphoses	Book 1	Met. 1.612	https://scaife.perseus.org/reader/urn:cts:latinLit:phi0959.phi006.perseus-lat2:1.612/	15	deity	epithet	attested	another name of Juno	Perseus Digital Library canonical-latinLit (CC BY-SA 4.0), Ovid, Metamorphoses (Magnus); Wikidata (CC0)	0.95
Circe	Q187602	Circe, enchantress-goddess in Greek mythology	girl	Circe	Circe	Latin	Roman religion		Metamorphoses	Book 4	Met. 4.205	https://scaife.perseus.org/reader/urn:cts:latinLit:phi0959.phi006.perseus-lat2:4.205/	13	deity	divine	attested		Perseus Digital Library canonical-latinLit (CC BY-SA 4.0), Ovid, Metamorphoses (Magnus); Wikidata (CC0)	0.95
Cadmus	Q27613	Cadmus, mythological founder of Thebes, son of Agenor	boy	Cadmus	Cadmus	Latin	Roman religion		Metamorphoses	Book 3	Met. 3.3	https://scaife.perseus.org/reader/urn:cts:latinLit:phi0959.phi006.perseus-lat2:3.3/	12	human	personal	attested		Perseus Digital Library canonical-latinLit (CC BY-SA 4.0), Ovid, Metamorphoses (Magnus); Wikidata (CC0)	0.95
Theseus	Q1320718	Theseus, legendary king of Athens, son of Aegeus and Aethra; famous for slaying the Minotaur	boy	Theseus	Theseus	Latin	Roman religion		Metamorphoses	Book 7	Met. 7.404	https://scaife.perseus.org/reader/urn:cts:latinLit:phi0959.phi006.perseus-lat2:7.404/	12	human	personal	attested		Perseus Digital Library canonical-latinLit (CC BY-SA 4.0), Ovid, Metamorphoses (Magnus); Wikidata (CC0)	0.95
Neptune	Q3954	Neptune, Roman god of water, particularly the sea, considered equivalent to the Greek Poseidon	boy	Neptunus	Neptunus	Latin	Roman religion		Metamorphoses	Book 2	Met. 2.270	https://scaife.perseus.org/reader/urn:cts:latinLit:phi0959.phi006.perseus-lat2:2.270/	11	deity	divine	attested		Perseus Digital Library canonical-latinLit (CC BY-SA 4.0), Ovid, Metamorphoses (Magnus); Wikidata (CC0)	0.95
Acis	Q15628788	Acis and Galatea, couple in Greek mythology		Acis	Acis	Latin	Roman religion		Metamorphoses	Book 13	Met. 13.750	https://scaife.perseus.org/reader/urn:cts:latinLit:phi0959.phi006.perseus-lat2:13.750/	10	deity	divine	attested		Perseus Digital Library canonical-latinLit (CC BY-SA 4.0), Ovid, Metamorphoses (Magnus); Wikidata (CC0)	0.95
Byblis	Q855426	Byblis, mythological character from Miletus, transformed into a spring	girl	Byblis	Byblis	Latin	Roman religion		Metamorphoses	Book 9	Met. 9.453	https://scaife.perseus.org/reader/urn:cts:latinLit:phi0959.phi006.perseus-lat2:9.453/	10	human	personal	attested		Perseus Digital Library canonical-latinLit (CC BY-SA 4.0), Ovid, Metamorphoses (Magnus); Wikidata (CC0)	0.95
Ceyx	Q21282358	Ceyx and Alcyone, ancient Greek mythological figure		Ceyx	Ceyx	Latin	Roman religion		Metamorphoses	Book 11	Met. 11.272	https://scaife.perseus.org/reader/urn:cts:latinLit:phi0959.phi006.perseus-lat2:11.272/	10	human	personal	attested		Perseus Digital Library canonical-latinLit (CC BY-SA 4.0), Ovid, Metamorphoses (Magnus); Wikidata (CC0)	0.95
Orpheus	Q174353	Orpheus, legendary musician, poet, and prophet in ancient Greek religion and myth	boy	Orpheus	Orpheus	Latin	Roman religion		Metamorphoses	Book 10	Met. 10.3	https://scaife.perseus.org/reader/urn:cts:latinLit:phi0959.phi006.perseus-lat2:10.3/	10	human	personal	attested		Perseus Digital Library canonical-latinLit (CC BY-SA 4.0), Ovid, Metamorphoses (Magnus); Wikidata (CC0)	0.95
Apollo	Q37340	Apollo, god in Greek and later Roman mythology	boy	Apollo	Apollo	Latin	Roman religion		Metamorphoses	Book 3	Met. 3.421	https://scaife.perseus.org/reader/urn:cts:latinLit:phi0959.phi006.perseus-lat2:3.421/	9	deity	divine	attested		Perseus Digital Library canonical-latinLit (CC BY-SA 4.0), Ovid, Metamorphoses (Magnus); Wikidata (CC0)	0.95
Hippomenes	Q1455747	Hippomenes, mythical character, challenger of Atalanta	boy	Hippomenes	Hippomenes	Latin	Roman religion		Metamorphoses	Book 10	Met. 10.575	https://scaife.perseus.org/reader/urn:cts:latinLit:phi0959.phi006.perseus-lat2:10.575/	9	human	personal	attested		Perseus Digital Library canonical-latinLit (CC BY-SA 4.0), Ovid, Metamorphoses (Magnus); Wikidata (CC0)	0.95
Jason	Q176758	Jason, Greek mythological hero, son of Aeson	boy	Iason	Iason	Latin	Roman religion		Metamorphoses	Book 7	Met. 7.5	https://scaife.perseus.org/reader/urn:cts:latinLit:phi0959.phi006.perseus-lat2:7.5/	9	human	personal	attested		Perseus Digital Library canonical-latinLit (CC BY-SA 4.0), Ovid, Metamorphoses (Magnus); Wikidata (CC0)	0.95
Latona	Q103107	Leto, Greek mythological figure and mother of Apollo and Artemis	girl	Latona	Latona	Latin	Roman religion		Metamorphoses	Book 6	Met. 6.160	https://scaife.perseus.org/reader/urn:cts:latinLit:phi0959.phi006.perseus-lat2:6.160/	9	deity	divine	attested		Perseus Digital Library canonical-latinLit (CC BY-SA 4.0), Ovid, Metamorphoses (Magnus); Wikidata (CC0)	0.95
Pentheus	Q391091	Pentheus, mythical king of Thebes, son of Echion and Agave	boy	Pentheus	Pentheus	Latin	Roman religion		Metamorphoses	Book 3	Met. 3.514	https://scaife.perseus.org/reader/urn:cts:latinLit:phi0959.phi006.perseus-lat2:3.514/	9	royal	personal	attested		Perseus Digital Library canonical-latinLit (CC BY-SA 4.0), Ovid, Metamorphoses (Magnus); Wikidata (CC0)	0.95
Philomela	Q115449	Philomela, legendary princess of Athens transformed into a swallow or nightingale	girl	Philomela	Philomela	Latin	Roman religion		Metamorphoses	Book 6	Met. 6.451	https://scaife.perseus.org/reader/urn:cts:latinLit:phi0959.phi006.perseus-lat2:6.451/	9	human	personal	attested		Perseus Digital Library canonical-latinLit (CC BY-SA 4.0), Ovid, Metamorphoses (Magnus); Wikidata (CC0)	0.95
Quirinus	Q320333	Quirinus, deified Romulus	boy	Quirini	Quirini	Latin	Roman religion		Metamorphoses	Book 14	Met. 14.607	https://scaife.perseus.org/reader/urn:cts:latinLit:phi0959.phi006.perseus-lat2:14.607/	9	deity	divine	attested		Perseus Digital Library canonical-latinLit (CC BY-SA 4.0), Ovid, Metamorphoses (Magnus); Wikidata (CC0)	0.95
Cephalus	Q59771423	Cephalus, set of mythological Greek characters		Cephalus	Cephalus	Latin	Roman religion		Metamorphoses	Book 6	Met. 6.681	https://scaife.perseus.org/reader/urn:cts:latinLit:phi0959.phi006.perseus-lat2:6.681/	8	human	personal	attested		Perseus Digital Library canonical-latinLit (CC BY-SA 4.0), Ovid, Metamorphoses (Magnus); Wikidata (CC0)	0.95
Galatea	Q12094023	Galatea, set of mythological Greek characters		Galatea	Galatea	Latin	Roman religion		Metamorphoses	Book 13	Met. 13.738	https://scaife.perseus.org/reader/urn:cts:latinLit:phi0959.phi006.perseus-lat2:13.738/	8	deity	divine	attested		Perseus Digital Library canonical-latinLit (CC BY-SA 4.0), Ovid, Metamorphoses (Magnus); Wikidata (CC0)	0.95
Iris	Q184570	Iris, the personification of the rainbow in ancient Greek religion and mythology	girl	Iris	Iris	Latin	Roman religion		Metamorphoses	Book 1	Met. 1.271	https://scaife.perseus.org/reader/urn:cts:latinLit:phi0959.phi006.perseus-lat2:1.271/	8	deity	divine	attested		Perseus Digital Library canonical-latinLit (CC BY-SA 4.0), Ovid, Metamorphoses (Magnus); Wikidata (CC0)	0.95
Procris	Q1139470	Procris, legendary princess of Athens	girl	Procris	Procris	Latin	Roman religion		Metamorphoses	Book 6	Met. 6.682	https://scaife.perseus.org/reader/urn:cts:latinLit:phi0959.phi006.perseus-lat2:6.682/	8	human	personal	attested		Perseus Digital Library canonical-latinLit (CC BY-SA 4.0), Ovid, Metamorphoses (Magnus); Wikidata (CC0)	0.95
Arethusa	Q105638515	Arethusa, set of mythological Greek characters		Arethusa	Arethusa	Latin	Roman religion		Metamorphoses	Book 5	Met. 5.409	https://scaife.perseus.org/reader/urn:cts:latinLit:phi0959.phi006.perseus-lat2:5.409/	7	deity	divine	attested		Perseus Digital Library canonical-latinLit (CC BY-SA 4.0), Ovid, Metamorphoses (Magnus); Wikidata (CC0)	0.95
Cupid	Q5011	Cupid, Roman deity, counterpart of Eros	boy	Cupido	Cupido	Latin	Roman religion		Metamorphoses	Book 1	Met. 1.453	https://scaife.perseus.org/reader/urn:cts:latinLit:phi0959.phi006.perseus-lat2:1.453/	7	deity	divine	attested		Perseus Digital Library canonical-latinLit (CC BY-SA 4.0), Ovid, Metamorphoses (Magnus); Wikidata (CC0)	0.95
Echo	Q207368	Echo, mountain nymph of Greek mythology	girl	Echo	Echo	Latin	Roman religion		Metamorphoses	Book 3	Met. 3.358	https://scaife.perseus.org/reader/urn:cts:latinLit:phi0959.phi006.perseus-lat2:3.358/	7	deity	divine	attested		Perseus Digital Library canonical-latinLit (CC BY-SA 4.0), Ovid, Metamorphoses (Magnus); Wikidata (CC0)	0.95
Medusa	Q160730	Medusa, in Greek mythology, one of the three Gorgons, described as a woman with snakes in place of hair, behe…	girl	Medusa	Medusa	Latin	Roman religion		Metamorphoses	Book 4	Met. 4.655	https://scaife.perseus.org/reader/urn:cts:latinLit:phi0959.phi006.perseus-lat2:4.655/	7	mythological_being	personal	attested		Perseus Digital Library canonical-latinLit (CC BY-SA 4.0), Ovid, Metamorphoses (Magnus); Wikidata (CC0)	0.95
Priam	Q170473	Priam, the legendary and last king of Troy during the Trojan war; son of Laomedon	boy	Priamus	Priamus	Latin	Roman religion		Metamorphoses	Book 12	Met. 12.1	https://scaife.perseus.org/reader/urn:cts:latinLit:phi0959.phi006.perseus-lat2:12.1/	7	royal	personal	attested		Perseus Digital Library canonical-latinLit (CC BY-SA 4.0), Ovid, Metamorphoses (Magnus); Wikidata (CC0)	0.95
Thisbe	Q1230688	Pyramus and Thisbe, pair of lovers in Greek mythology		Thisbe	Thisbe	Latin	Roman religion		Metamorphoses	Book 4	Met. 4.55	https://scaife.perseus.org/reader/urn:cts:latinLit:phi0959.phi006.perseus-lat2:4.55/	7	human	personal	attested		Perseus Digital Library canonical-latinLit (CC BY-SA 4.0), Ovid, Metamorphoses (Magnus); Wikidata (CC0)	0.95
Vulcan	Q4640	Vulcan, god of both beneficial and hindering fire	boy	Mulciber	Mulciber	Latin	Roman religion		Metamorphoses	Book 2	Met. 2.5	https://scaife.perseus.org/reader/urn:cts:latinLit:phi0959.phi006.perseus-lat2:2.5/	7	deity	divine	attested		Perseus Digital Library canonical-latinLit (CC BY-SA 4.0), Ovid, Metamorphoses (Magnus); Wikidata (CC0)	0.95
Alcmena	Q190543	Alkmene, mother of Heracles	girl	Alcmena	Alcmena	Latin	Roman religion		Metamorphoses	Book 8	Met. 8.544	https://scaife.perseus.org/reader/urn:cts:latinLit:phi0959.phi006.perseus-lat2:8.544/	6	human	personal	attested		Perseus Digital Library canonical-latinLit (CC BY-SA 4.0), Ovid, Metamorphoses (Magnus); Wikidata (CC0)	0.95
Daedalus	Q134756	Daedalus, son of Metion in Greek mythology	boy	Daedalus	Daedalus	Latin	Roman religion		Metamorphoses	Book 8	Met. 8.159	https://scaife.perseus.org/reader/urn:cts:latinLit:phi0959.phi006.perseus-lat2:8.159/	6	human	personal	attested		Perseus Digital Library canonical-latinLit (CC BY-SA 4.0), Ovid, Metamorphoses (Magnus); Wikidata (CC0)	0.95
Icarus	Q34041	Icarus, Greek mythological figure, son of Daedalus	boy	Icarus	Icarus	Latin	Roman religion		Metamorphoses	Book 8	Met. 8.195	https://scaife.perseus.org/reader/urn:cts:latinLit:phi0959.phi006.perseus-lat2:8.195/	6	human	personal	attested		Perseus Digital Library canonical-latinLit (CC BY-SA 4.0), Ovid, Metamorphoses (Magnus); Wikidata (CC0)	0.95
Medea	Q174278	Medea, daughter of King Aeëtes of Colchis in Greek mythology	girl	Medea	Medea	Latin	Roman religion		Metamorphoses	Book 7	Met. 7.11	https://scaife.perseus.org/reader/urn:cts:latinLit:phi0959.phi006.perseus-lat2:7.11/	6	human	personal	attested		Perseus Digital Library canonical-latinLit (CC BY-SA 4.0), Ovid, Metamorphoses (Magnus); Wikidata (CC0)	0.95
Myrrha	Q771366	Myrrha, daughter of Cinyras in Greek mythology	girl	Myrrha	Myrrha	Latin	Roman religion		Metamorphoses	Book 10	Met. 10.312	https://scaife.perseus.org/reader/urn:cts:latinLit:phi0959.phi006.perseus-lat2:10.312/	6	human	personal	attested		Perseus Digital Library canonical-latinLit (CC BY-SA 4.0), Ovid, Metamorphoses (Magnus); Wikidata (CC0)	0.95
Niobe	Q213621	Niobe, mythological figure, daughter of Tantalus	girl	Niobe	Niobe	Latin	Roman religion		Metamorphoses	Book 6	Met. 6.148	https://scaife.perseus.org/reader/urn:cts:latinLit:phi0959.phi006.perseus-lat2:6.148/	6	human	personal	attested		Perseus Digital Library canonical-latinLit (CC BY-SA 4.0), Ovid, Metamorphoses (Magnus); Wikidata (CC0)	0.95
Picus	Q235724	Picus, Greek and Roman mythological figure	boy	Picus	Picus	Latin	Roman religion		Metamorphoses	Book 14	Met. 14.320	https://scaife.perseus.org/reader/urn:cts:latinLit:phi0959.phi006.perseus-lat2:14.320/	6	deity	divine	attested		Perseus Digital Library canonical-latinLit (CC BY-SA 4.0), Ovid, Metamorphoses (Magnus); Wikidata (CC0)	0.95
Pyramus	Q1230688	Pyramus and Thisbe, pair of lovers in Greek mythology		Pyramus	Pyramus	Latin	Roman religion		Metamorphoses	Book 4	Met. 4.55	https://scaife.perseus.org/reader/urn:cts:latinLit:phi0959.phi006.perseus-lat2:4.55/	6	human	personal	attested		Perseus Digital Library canonical-latinLit (CC BY-SA 4.0), Ovid, Metamorphoses (Magnus); Wikidata (CC0)	0.95
Turnus	Q633549	Turnus, mythical character King of the Rutuli	boy	Turnus	Turnus	Latin	Roman religion		Metamorphoses	Book 14	Met. 14.451	https://scaife.perseus.org/reader/urn:cts:latinLit:phi0959.phi006.perseus-lat2:14.451/	6	royal	personal	attested		Perseus Digital Library canonical-latinLit (CC BY-SA 4.0), Ovid, Metamorphoses (Magnus); Wikidata (CC0)	0.95
Actaeon	Q208531	Actaeon, son of Aristaeus in Greek mythology	boy	Actaeon	Actaeon	Latin	Roman religion		Metamorphoses	Book 3	Met. 3.230	https://scaife.perseus.org/reader/urn:cts:latinLit:phi0959.phi006.perseus-lat2:3.230/	5	human	personal	attested		Perseus Digital Library canonical-latinLit (CC BY-SA 4.0), Ovid, Metamorphoses (Magnus); Wikidata (CC0)	0.95
Baucis	Q637209	Philemon and Baucis, ancient Greek mythical characters		Baucis	Baucis	Latin	Roman religion		Metamorphoses	Book 8	Met. 8.631	https://scaife.perseus.org/reader/urn:cts:latinLit:phi0959.phi006.perseus-lat2:8.631/	5	human	personal	attested		Perseus Digital Library canonical-latinLit (CC BY-SA 4.0), Ovid, Metamorphoses (Magnus); Wikidata (CC0)	0.95
Cytherea	Q35500	Aphrodite, Greek goddess of love, beauty, pleasure, and procreation	girl	Cytherea	Cytherea	Latin	Roman religion		Metamorphoses	Book 10	Met. 10.640	https://scaife.perseus.org/reader/urn:cts:latinLit:phi0959.phi006.perseus-lat2:10.640/	5	deity	epithet	attested	another name of Aphrodite	Perseus Digital Library canonical-latinLit (CC BY-SA 4.0), Ovid, Metamorphoses (Magnus); Wikidata (CC0)	0.95
Dryope	Q28608913	Dryope, set of mythological Greek characters		Dryope	Dryope	Latin	Roman religion		Metamorphoses	Book 9	Met. 9.331	https://scaife.perseus.org/reader/urn:cts:latinLit:phi0959.phi006.perseus-lat2:9.331/	5	human	personal	attested		Perseus Digital Library canonical-latinLit (CC BY-SA 4.0), Ovid, Metamorphoses (Magnus); Wikidata (CC0)	0.95
Helenus	Q729332	Helenus, mythical son of Priam	boy	Helenus	Helenus	Latin	Roman religion		Metamorphoses	Book 13	Met. 13.99	https://scaife.perseus.org/reader/urn:cts:latinLit:phi0959.phi006.perseus-lat2:13.99/	5	human	personal	attested		Perseus Digital Library canonical-latinLit (CC BY-SA 4.0), Ovid, Metamorphoses (Magnus); Wikidata (CC0)	0.95
Hyperion	Q179209	Hyperion, Titan in Greek mythology	boy	Hyperione	Hyperione	Latin	Roman religion		Metamorphoses	Book 4	Met. 4.192	https://scaife.perseus.org/reader/urn:cts:latinLit:phi0959.phi006.perseus-lat2:4.192/	5	deity	divine	attested		Perseus Digital Library canonical-latinLit (CC BY-SA 4.0), Ovid, Metamorphoses (Magnus); Wikidata (CC0)	0.95
Ianthe	slug:roman-religion:ianthe	Ianthe		Ianthe	Ianthe	Latin	Roman religion		Metamorphoses	Book 9	Met. 9.715	https://scaife.perseus.org/reader/urn:cts:latinLit:phi0959.phi006.perseus-lat2:9.715/	5	human	personal	attested		Perseus Digital Library canonical-latinLit (CC BY-SA 4.0), Ovid, Metamorphoses (Magnus)	0.75
Mavors	Q112	Mars, Roman god of war, guardian of agriculture	boy	Mavors	Mavors	Latin	Roman religion		Metamorphoses	Book 6	Met. 6.70	https://scaife.perseus.org/reader/urn:cts:latinLit:phi0959.phi006.perseus-lat2:6.70/	5	deity	epithet	attested	another name of Mars	Perseus Digital Library canonical-latinLit (CC BY-SA 4.0), Ovid, Metamorphoses (Magnus); Wikidata (CC0)	0.95
Philemon	Q637209	Philemon and Baucis, ancient Greek mythical characters		Philemon	Philemon	Latin	Roman religion		Metamorphoses	Book 8	Met. 8.631	https://scaife.perseus.org/reader/urn:cts:latinLit:phi0959.phi006.perseus-lat2:8.631/	5	human	personal	attested		Perseus Digital Library canonical-latinLit (CC BY-SA 4.0), Ovid, Metamorphoses (Magnus); Wikidata (CC0)	0.95
Salmacis	Q828579	Salmacis, nymph in Greek mythology	girl	Salmacis	Salmacis	Latin	Roman religion		Metamorphoses	Book 4	Met. 4.286	https://scaife.perseus.org/reader/urn:cts:latinLit:phi0959.phi006.perseus-lat2:4.286/	5	deity	divine	attested		Perseus Digital Library canonical-latinLit (CC BY-SA 4.0), Ovid, Metamorphoses (Magnus); Wikidata (CC0)	0.95
Thetis	Q184437	Thetis, Nereid of Greek mythology	girl	Thetis	Thetis	Latin	Roman religion		Metamorphoses	Book 11	Met. 11.221	https://scaife.perseus.org/reader/urn:cts:latinLit:phi0959.phi006.perseus-lat2:11.221/	5	deity	divine	attested		Perseus Digital Library canonical-latinLit (CC BY-SA 4.0), Ovid, Metamorphoses (Magnus); Wikidata (CC0)	0.95
Adonis	Q163920	Adonis, Greek god of beauty and desire	boy	Adonis	Adonis	Latin	Roman religion		Metamorphoses	Book 10	Met. 10.532	https://scaife.perseus.org/reader/urn:cts:latinLit:phi0959.phi006.perseus-lat2:10.532/	4	deity	divine	attested		Perseus Digital Library canonical-latinLit (CC BY-SA 4.0), Ovid, Metamorphoses (Magnus); Wikidata (CC0)	0.95
Anchises	Q211953	Anchises, father of Aeneas in Greek mythology, lover of Aphrodite	boy	Anchises	Anchises	Latin	Roman religion		Metamorphoses	Book 9	Met. 9.425	https://scaife.perseus.org/reader/urn:cts:latinLit:phi0959.phi006.perseus-lat2:9.425/	4	human	personal	attested		Perseus Digital Library canonical-latinLit (CC BY-SA 4.0), Ovid, Metamorphoses (Magnus); Wikidata (CC0)	0.95
Cyane	Q1423058	Cyane, Sicilian nymph in Greek mythology	girl	Cyane	Cyane	Latin	Roman religion		Metamorphoses	Book 5	Met. 5.409	https://scaife.perseus.org/reader/urn:cts:latinLit:phi0959.phi006.perseus-lat2:5.409/	4	deity	divine	attested		Perseus Digital Library canonical-latinLit (CC BY-SA 4.0), Ovid, Metamorphoses (Magnus); Wikidata (CC0)	0.95
Orion	Q201261	Orion, giant huntsman in Greek mythology	boy	Orion	Orion	Latin	Roman religion		Metamorphoses	Book 8	Met. 8.207	https://scaife.perseus.org/reader/urn:cts:latinLit:phi0959.phi006.perseus-lat2:8.207/	4	human	personal	attested		Perseus Digital Library canonical-latinLit (CC BY-SA 4.0), Ovid, Metamorphoses (Magnus); Wikidata (CC0)	0.95
Paris	Q167646	Paris, mythological son of Priam, king of Troy	boy	Paris	Paris	Latin	Roman religion		Metamorphoses	Book 12	Met. 12.4	https://scaife.perseus.org/reader/urn:cts:latinLit:phi0959.phi006.perseus-lat2:12.4/	4	human	personal	attested		Perseus Digital Library canonical-latinLit (CC BY-SA 4.0), Ovid, Metamorphoses (Magnus); Wikidata (CC0)	0.95
Proserpina	Q14515330	Proserpina, ancient Roman goddess	girl	Proserpina	Proserpina	Latin	Roman religion		Metamorphoses	Book 5	Met. 5.391	https://scaife.perseus.org/reader/urn:cts:latinLit:phi0959.phi006.perseus-lat2:5.391/	4	deity	divine	attested		Perseus Digital Library canonical-latinLit (CC BY-SA 4.0), Ovid, Metamorphoses (Magnus); Wikidata (CC0)	0.95
Saturn	Q134388	Saturn, god in ancient Roman mythology	boy	Saturnus	Saturnus	Latin	Roman religion		Metamorphoses	Book 1	Met. 1.113	https://scaife.perseus.org/reader/urn:cts:latinLit:phi0959.phi006.perseus-lat2:1.113/	4	deity	divine	attested		Perseus Digital Library canonical-latinLit (CC BY-SA 4.0), Ovid, Metamorphoses (Magnus); Wikidata (CC0)	0.95
Semele	Q776139	Semele, mother of Dionysus in Greek mythology	girl	Semele	Semele	Latin	Roman religion		Metamorphoses	Book 3	Met. 3.261	https://scaife.perseus.org/reader/urn:cts:latinLit:phi0959.phi006.perseus-lat2:3.261/	4	human	personal	attested		Perseus Digital Library canonical-latinLit (CC BY-SA 4.0), Ovid, Metamorphoses (Magnus); Wikidata (CC0)	0.95
Arachne	Q190082	Arachne, Mythological weaver who was transformed into a spider	girl	Arachnes	Arachnes	Latin	Roman religion		Metamorphoses	Book 6	Met. 6.5	https://scaife.perseus.org/reader/urn:cts:latinLit:phi0959.phi006.perseus-lat2:6.5/	3	human	personal	attested		Perseus Digital Library canonical-latinLit (CC BY-SA 4.0), Ovid, Metamorphoses (Magnus); Wikidata (CC0)	0.95
Clytie	Q58318523	Clytia, set of mythological Greek characters		Clytie	Clytie	Latin	Roman religion		Metamorphoses	Book 4	Met. 4.206	https://scaife.perseus.org/reader/urn:cts:latinLit:phi0959.phi006.perseus-lat2:4.206/	3	deity	divine	attested		Perseus Digital Library canonical-latinLit (CC BY-SA 4.0), Ovid, Metamorphoses (Magnus); Wikidata (CC0)	0.95
Gradivus	Q112	Mars, Roman god of war, guardian of agriculture	boy	Gradivus	Gradivus	Latin	Roman religion		Metamorphoses	Book 6	Met. 6.427	https://scaife.perseus.org/reader/urn:cts:latinLit:phi0959.phi006.perseus-lat2:6.427/	3	deity	epithet	attested	another name of Mars	Perseus Digital Library canonical-latinLit (CC BY-SA 4.0), Ovid, Metamorphoses (Magnus); Wikidata (CC0)	0.95
Iole	Q744147	Iole, mythical daughter of Eurytus	girl	Iole	Iole	Latin	Roman religion		Metamorphoses	Book 9	Met. 9.140	https://scaife.perseus.org/reader/urn:cts:latinLit:phi0959.phi006.perseus-lat2:9.140/	3	human	personal	attested		Perseus Digital Library canonical-latinLit (CC BY-SA 4.0), Ovid, Metamorphoses (Magnus); Wikidata (CC0)	0.95
Iulus	Q655566	Ascanius, legendary founder of Alba Longa	boy	Iuli	Iuli	Latin	Roman religion		Metamorphoses	Book 14	Met. 14.583	https://scaife.perseus.org/reader/urn:cts:latinLit:phi0959.phi006.perseus-lat2:14.583/	3	human	epithet	attested	another name of Ascanius	Perseus Digital Library canonical-latinLit (CC BY-SA 4.0), Ovid, Metamorphoses (Magnus); Wikidata (CC0)	0.95
Janus	Q167685	Janus, Roman deity	boy	Iano	Iano	Latin	Roman religion		Metamorphoses	Book 14	Met. 14.334	https://scaife.perseus.org/reader/urn:cts:latinLit:phi0959.phi006.perseus-lat2:14.334/	3	deity	divine	attested		Perseus Digital Library canonical-latinLit (CC BY-SA 4.0), Ovid, Metamorphoses (Magnus); Wikidata (CC0)	0.95
Leucothoe	slug:roman-religion:leucothoe	Leucothoe		Leucothoe	Leucothoe	Latin	Roman religion		Metamorphoses	Book 4	Met. 4.196	https://scaife.perseus.org/reader/urn:cts:latinLit:phi0959.phi006.perseus-lat2:4.196/	3	human	personal	attested		Perseus Digital Library canonical-latinLit (CC BY-SA 4.0), Ovid, Metamorphoses (Magnus)	0.75
Meleager	Q321541	Meleager, son of Oeneus in Greek mythology, king of Calydon	boy	Meleagros	Meleagros	Latin	Roman religion		Metamorphoses	Book 8	Met. 8.299	https://scaife.perseus.org/reader/urn:cts:latinLit:phi0959.phi006.perseus-lat2:8.299/	3	human	personal	attested		Perseus Digital Library canonical-latinLit (CC BY-SA 4.0), Ovid, Metamorphoses (Magnus); Wikidata (CC0)	0.95
Mercury	Q1150	Mercury, Roman god of trade, merchants, thieves and travel	boy	Mercurio	Mercurio	Latin	Roman religion		Metamorphoses	Book 2	Met. 2.741	https://scaife.perseus.org/reader/urn:cts:latinLit:phi0959.phi006.perseus-lat2:2.741/	3	deity	divine	attested		Perseus Digital Library canonical-latinLit (CC BY-SA 4.0), Ovid, Metamorphoses (Magnus); Wikidata (CC0)	0.95
Numa	Q200031	Numa Pompilius, legendary second king of Rome, succeeding Romulus	boy	Numam	Numam	Latin	Roman religion		Metamorphoses	Book 15	Met. 15.4	https://scaife.perseus.org/reader/urn:cts:latinLit:phi0959.phi006.perseus-lat2:15.4/	3	royal	personal	attested		Perseus Digital Library canonical-latinLit (CC BY-SA 4.0), Ovid, Metamorphoses (Magnus); Wikidata (CC0)	0.95
Persephone	Q45967	Persephone, Greek goddess of the seasons and the queen of the underworld; married with Hades	girl	Persephone	Persephone	Latin	Roman religion		Metamorphoses	Book 5	Met. 5.470	https://scaife.perseus.org/reader/urn:cts:latinLit:phi0959.phi006.perseus-lat2:5.470/	3	deity	divine	attested		Perseus Digital Library canonical-latinLit (CC BY-SA 4.0), Ovid, Metamorphoses (Magnus); Wikidata (CC0)	0.95
Pygmalion	Q192343	Pygmalion, legendary figure of Cyprus, sculptor	boy	Pygmalion	Pygmalion	Latin	Roman religion		Metamorphoses	Book 10	Met. 10.243	https://scaife.perseus.org/reader/urn:cts:latinLit:phi0959.phi006.perseus-lat2:10.243/	3	human	personal	attested		Perseus Digital Library canonical-latinLit (CC BY-SA 4.0), Ovid, Metamorphoses (Magnus); Wikidata (CC0)	0.95
Romulus	Q2186	Romulus, legendary founder and first king of Rome	boy	Romulus	Romulus	Latin	Roman religion		Metamorphoses	Book 14	Met. 14.799	https://scaife.perseus.org/reader/urn:cts:latinLit:phi0959.phi006.perseus-lat2:14.799/	3	royal	personal	attested		Perseus Digital Library canonical-latinLit (CC BY-SA 4.0), Ovid, Metamorphoses (Magnus); Wikidata (CC0)	0.95
Sibyl	Q762835	Cumaean Sibyl, priestess presiding over the Apollonian oracle at Cumae	girl	Sibylla	Sibylla	Latin	Roman religion		Metamorphoses	Book 14	Met. 14.104	https://scaife.perseus.org/reader/urn:cts:latinLit:phi0959.phi006.perseus-lat2:14.104/	3	human	personal	attested		Perseus Digital Library canonical-latinLit (CC BY-SA 4.0), Ovid, Metamorphoses (Magnus); Wikidata (CC0)	0.95
Vesta	Q178710	Vesta, goddess of the hearth, home, and family in Roman religion	girl	Vesta	Vesta	Latin	Roman religion		Metamorphoses	Book 15	Met. 15.731	https://scaife.perseus.org/reader/urn:cts:latinLit:phi0959.phi006.perseus-lat2:15.731/	3	deity	divine	attested		Perseus Digital Library canonical-latinLit (CC BY-SA 4.0), Ovid, Metamorphoses (Magnus); Wikidata (CC0)	0.95
Andromeda	Q161582	Andromeda, Ethiopian princess in Greek mythology	girl	Andromedan	Andromedan	Latin	Roman religion		Metamorphoses	Book 4	Met. 4.671	https://scaife.perseus.org/reader/urn:cts:latinLit:phi0959.phi006.perseus-lat2:4.671/	2	human	personal	attested		Perseus Digital Library canonical-latinLit (CC BY-SA 4.0), Ovid, Metamorphoses (Magnus); Wikidata (CC0)	0.95
Atalanta	Q190323	Atalanta, Greek mythological character, the only female Argonaut	girl	Atalanta	Atalanta	Latin	Roman religion		Metamorphoses	Book 10	Met. 10.565	https://scaife.perseus.org/reader/urn:cts:latinLit:phi0959.phi006.perseus-lat2:10.565/	2	human	personal	attested		Perseus Digital Library canonical-latinLit (CC BY-SA 4.0), Ovid, Metamorphoses (Magnus); Wikidata (CC0)	0.95
Cerberus	Q83496	Cerberus, three-headed dog that guards the underworld in Greek mythology		Cerberus	Cerberus	Latin	Roman religion		Metamorphoses	Book 4	Met. 4.450	https://scaife.perseus.org/reader/urn:cts:latinLit:phi0959.phi006.perseus-lat2:4.450/	2	mythological_being	personal	attested		Perseus Digital Library canonical-latinLit (CC BY-SA 4.0), Ovid, Metamorphoses (Magnus); Wikidata (CC0)	0.95
Cyparissus	Q1056143	Cyparissus, mythological youth beloved by Apollo or other deities	boy	Cyparissus	Cyparissus	Latin	Roman religion		Metamorphoses	Book 10	Met. 10.121	https://scaife.perseus.org/reader/urn:cts:latinLit:phi0959.phi006.perseus-lat2:10.121/	2	human	personal	attested		Perseus Digital Library canonical-latinLit (CC BY-SA 4.0), Ovid, Metamorphoses (Magnus); Wikidata (CC0)	0.95
Daphne	Q194015	Daphne, Greek mythological figure	girl	Daphne	Daphne	Latin	Roman religion		Metamorphoses	Book 1	Met. 1.452	https://scaife.perseus.org/reader/urn:cts:latinLit:phi0959.phi006.perseus-lat2:1.452/	2	deity	divine	attested		Perseus Digital Library canonical-latinLit (CC BY-SA 4.0), Ovid, Metamorphoses (Magnus); Wikidata (CC0)	0.95
Deianira	Q272000	Deianira, wife of Heracles in Greek mythology	girl	Deianira	Deianira	Latin	Roman religion		Metamorphoses	Book 9	Met. 9.9	https://scaife.perseus.org/reader/urn:cts:latinLit:phi0959.phi006.perseus-lat2:9.9/	2	human	personal	attested		Perseus Digital Library canonical-latinLit (CC BY-SA 4.0), Ovid, Metamorphoses (Magnus); Wikidata (CC0)	0.95
Deucalion	Q207715	Deucalion, son of Prometheus in Greek mythology	boy	Deucalion	Deucalion	Latin	Roman religion		Metamorphoses	Book 1	Met. 1.318	https://scaife.perseus.org/reader/urn:cts:latinLit:phi0959.phi006.perseus-lat2:1.318/	2	human	personal	attested		Perseus Digital Library canonical-latinLit (CC BY-SA 4.0), Ovid, Metamorphoses (Magnus); Wikidata (CC0)	0.95
Europa	Q165170	Europa, Phoenician character in Greek mythology, daughter of Agenor	girl	Europa	Europa	Latin	Roman religion		Metamorphoses	Book 6	Met. 6.104	https://scaife.perseus.org/reader/urn:cts:latinLit:phi0959.phi006.perseus-lat2:6.104/	2	human	personal	attested		Perseus Digital Library canonical-latinLit (CC BY-SA 4.0), Ovid, Metamorphoses (Magnus); Wikidata (CC0)	0.95
Eurydice	Q208588	Eurydice, oak nymph, or daughter of Apollo and wife of Orpheus	girl	Eurydices	Eurydices	Latin	Roman religion		Metamorphoses	Book 10	Met. 10.31	https://scaife.perseus.org/reader/urn:cts:latinLit:phi0959.phi006.perseus-lat2:10.31/	2	human	personal	attested		Perseus Digital Library canonical-latinLit (CC BY-SA 4.0), Ovid, Metamorphoses (Magnus); Wikidata (CC0)	0.95
Galanthis	Q1386394	Galanthis, daughter of Proetus of Thebes in Greek mythology	girl	Galanthis	Galanthis	Latin	Roman religion		Metamorphoses	Book 9	Met. 9.306	https://scaife.perseus.org/reader/urn:cts:latinLit:phi0959.phi006.perseus-lat2:9.306/	2	human	personal	attested		Perseus Digital Library canonical-latinLit (CC BY-SA 4.0), Ovid, Metamorphoses (Magnus); Wikidata (CC0)	0.95
Ganymede	Q131588	Ganymede, son of Tros in Greek mythology	boy	Ganymedes	Ganymedes	Latin	Roman religion		Metamorphoses	Book 10	Met. 10.155	https://scaife.perseus.org/reader/urn:cts:latinLit:phi0959.phi006.perseus-lat2:10.155/	2	human	personal	attested		Perseus Digital Library canonical-latinLit (CC BY-SA 4.0), Ovid, Metamorphoses (Magnus); Wikidata (CC0)	0.95
Hippolytus	Q338201	Hippolytus, son of Theseus in Greek mythology	boy	Hippolytus	Hippolytus	Latin	Roman religion		Metamorphoses	Book 15	Met. 15.497	https://scaife.perseus.org/reader/urn:cts:latinLit:phi0959.phi006.perseus-lat2:15.497/	2	human	personal	attested		Perseus Digital Library canonical-latinLit (CC BY-SA 4.0), Ovid, Metamorphoses (Magnus); Wikidata (CC0)	0.95
Polyxena	Q750236	Polyxena, mythical daughter of Priam	girl	Polyxena	Polyxena	Latin	Roman religion		Metamorphoses	Book 13	Met. 13.448	https://scaife.perseus.org/reader/urn:cts:latinLit:phi0959.phi006.perseus-lat2:13.448/	2	human	personal	attested		Perseus Digital Library canonical-latinLit (CC BY-SA 4.0), Ovid, Metamorphoses (Magnus); Wikidata (CC0)	0.95
Pyrrha	Q622809	Pyrrha, daughter of Epimetheus and Pandora in Greek mythology	girl	Pyrrha	Pyrrha	Latin	Roman religion		Metamorphoses	Book 1	Met. 1.350	https://scaife.perseus.org/reader/urn:cts:latinLit:phi0959.phi006.perseus-lat2:1.350/	2	human	personal	attested		Perseus Digital Library canonical-latinLit (CC BY-SA 4.0), Ovid, Metamorphoses (Magnus); Wikidata (CC0)	0.95
Tisiphone	Q3991817	Tisiphone, ancient Greek mythological punisher of murder	girl	Tisiphone	Tisiphone	Latin	Roman religion		Metamorphoses	Book 4	Met. 4.474	https://scaife.perseus.org/reader/urn:cts:latinLit:phi0959.phi006.perseus-lat2:4.474/	2	deity	divine	attested		Perseus Digital Library canonical-latinLit (CC BY-SA 4.0), Ovid, Metamorphoses (Magnus); Wikidata (CC0)	0.95
Aesculapius	Q83223	Asclepius, Greek god of medicine	boy	Coroniden	Coroniden	Latin	Roman religion		Metamorphoses	Book 15	Met. 15.624	https://scaife.perseus.org/reader/urn:cts:latinLit:phi0959.phi006.perseus-lat2:15.624/	1	deity	divine	attested		Perseus Digital Library canonical-latinLit (CC BY-SA 4.0), Ovid, Metamorphoses (Magnus); Wikidata (CC0)	0.95
Ascanius	Q655566	Ascanius, legendary founder of Alba Longa	boy	Ascanii	Ascanii	Latin	Roman religion		Metamorphoses	Book 14	Met. 14.609	https://scaife.perseus.org/reader/urn:cts:latinLit:phi0959.phi006.perseus-lat2:14.609/	1	human	personal	attested		Perseus Digital Library canonical-latinLit (CC BY-SA 4.0), Ovid, Metamorphoses (Magnus); Wikidata (CC0)	0.95
Egeria	Q582268	Egeria, legendary wife of Roman king Numa and minor goddess	girl	Egeriae	Egeriae	Latin	Roman religion		Metamorphoses	Book 15	Met. 15.547	https://scaife.perseus.org/reader/urn:cts:latinLit:phi0959.phi006.perseus-lat2:15.547/	1	deity	divine	attested		Perseus Digital Library canonical-latinLit (CC BY-SA 4.0), Ovid, Metamorphoses (Magnus); Wikidata (CC0)	0.95
Evander	Q837699	Evander of Pallene, mythical character of Greek and Roman mythology, king of Pallantium	boy	Euandri	Euandri	Latin	Roman religion		Metamorphoses	Book 14	Met. 14.456	https://scaife.perseus.org/reader/urn:cts:latinLit:phi0959.phi006.perseus-lat2:14.456/	1	royal	personal	attested		Perseus Digital Library canonical-latinLit (CC BY-SA 4.0), Ovid, Metamorphoses (Magnus); Wikidata (CC0)	0.95
Faunus	Q3089703	Faunus, Roman horned god of the forest, plains and fields	boy	Fauno	Fauno	Latin	Roman religion		Metamorphoses	Book 13	Met. 13.750	https://scaife.perseus.org/reader/urn:cts:latinLit:phi0959.phi006.perseus-lat2:13.750/	1	deity	divine	attested		Perseus Digital Library canonical-latinLit (CC BY-SA 4.0), Ovid, Metamorphoses (Magnus); Wikidata (CC0)	0.95
Hecuba	Q193433	Hecuba, spouse of king Priam	girl	Hecubam	Hecubam	Latin	Roman religion		Metamorphoses	Book 13	Met. 13.575	https://scaife.perseus.org/reader/urn:cts:latinLit:phi0959.phi006.perseus-lat2:13.575/	1	human	personal	attested		Perseus Digital Library canonical-latinLit (CC BY-SA 4.0), Ovid, Metamorphoses (Magnus); Wikidata (CC0)	0.95
Helen	Q164061	Helen of Troy, daughter of Zeus in Greek mythology	girl	Helene	Helene	Latin	Roman religion		Metamorphoses	Book 14	Met. 14.669	https://scaife.perseus.org/reader/urn:cts:latinLit:phi0959.phi006.perseus-lat2:14.669/	1	human	personal	attested		Perseus Digital Library canonical-latinLit (CC BY-SA 4.0), Ovid, Metamorphoses (Magnus); Wikidata (CC0)	0.95
Hermaphroditus	Q204146	Hermaphroditus, son of Aphrodite and Hermes in Greek mythology		Hermaphroditus	Hermaphroditus	Latin	Roman religion		Metamorphoses	Book 4	Met. 4.383	https://scaife.perseus.org/reader/urn:cts:latinLit:phi0959.phi006.perseus-lat2:4.383/	1	deity	divine	attested		Perseus Digital Library canonical-latinLit (CC BY-SA 4.0), Ovid, Metamorphoses (Magnus); Wikidata (CC0)	0.95
Hersilia	Q1402198	Hersilia, wife of Romulus, first king of Rome	girl	Hersiliam	Hersiliam	Latin	Roman religion		Metamorphoses	Book 14	Met. 14.830	https://scaife.perseus.org/reader/urn:cts:latinLit:phi0959.phi006.perseus-lat2:14.830/	1	human	personal	attested		Perseus Digital Library canonical-latinLit (CC BY-SA 4.0), Ovid, Metamorphoses (Magnus); Wikidata (CC0)	0.95
Hyacinthus	Q207273	Hyacinth, mythological prince, loved by Apollo	boy	Hyacinthe	Hyacinthe	Latin	Roman religion		Metamorphoses	Book 10	Met. 10.185	https://scaife.perseus.org/reader/urn:cts:latinLit:phi0959.phi006.perseus-lat2:10.185/	1	human	personal	attested		Perseus Digital Library canonical-latinLit (CC BY-SA 4.0), Ovid, Metamorphoses (Magnus); Wikidata (CC0)	0.95
Lavinia	Q1137364	Lavinia, wife of Aeneas in Roman mythology	girl	Lavinia	Lavinia	Latin	Roman religion		Metamorphoses	Book 14	Met. 14.570	https://scaife.perseus.org/reader/urn:cts:latinLit:phi0959.phi006.perseus-lat2:14.570/	1	royal	personal	attested		Perseus Digital Library canonical-latinLit (CC BY-SA 4.0), Ovid, Metamorphoses (Magnus); Wikidata (CC0)	0.95
Lotis	slug:roman-religion:lotis	Lotis		Lotis	Lotis	Latin	Roman religion		Metamorphoses	Book 9	Met. 9.347	https://scaife.perseus.org/reader/urn:cts:latinLit:phi0959.phi006.perseus-lat2:9.347/	1	deity	divine	attested		Perseus Digital Library canonical-latinLit (CC BY-SA 4.0), Ovid, Metamorphoses (Magnus)	0.75
Narcissus	Q179256	Narcissus, hunter in Greek mythology	boy	Narcissum	Narcissum	Latin	Roman religion		Metamorphoses	Book 3	Met. 3.370	https://scaife.perseus.org/reader/urn:cts:latinLit:phi0959.phi006.perseus-lat2:3.370/	1	human	personal	attested		Perseus Digital Library canonical-latinLit (CC BY-SA 4.0), Ovid, Metamorphoses (Magnus); Wikidata (CC0)	0.95
Penelope	Q165769	Penelope, wife of Odysseus in Greek mythology	girl	Penelopae	Penelopae	Latin	Roman religion		Metamorphoses	Book 13	Met. 13.511	https://scaife.perseus.org/reader/urn:cts:latinLit:phi0959.phi006.perseus-lat2:13.511/	1	human	personal	attested		Perseus Digital Library canonical-latinLit (CC BY-SA 4.0), Ovid, Metamorphoses (Magnus); Wikidata (CC0)	0.95
Polyphemus	Q193567	Polyphemus, giant son of Poseidon and Thoosa in Greek mythology	boy	Polypheme	Polypheme	Latin	Roman religion		Metamorphoses	Book 13	Met. 13.765	https://scaife.perseus.org/reader/urn:cts:latinLit:phi0959.phi006.perseus-lat2:13.765/	1	mythological_being	personal	attested		Perseus Digital Library canonical-latinLit (CC BY-SA 4.0), Ovid, Metamorphoses (Magnus); Wikidata (CC0)	0.95
Pomona	Q171239	Pomona, nymph and goddess of fertility	girl	Pomona	Pomona	Latin	Roman religion		Metamorphoses	Book 14	Met. 14.623	https://scaife.perseus.org/reader/urn:cts:latinLit:phi0959.phi006.perseus-lat2:14.623/	1	deity	divine	attested		Perseus Digital Library canonical-latinLit (CC BY-SA 4.0), Ovid, Metamorphoses (Magnus); Wikidata (CC0)	0.95
Tarpeia	Q684439	Tarpeia, Roman mythical figure, responsible for delivering the citadel to the Sabines	girl	Tarpeia	Tarpeia	Latin	Roman religion		Metamorphoses	Book 14	Met. 14.776	https://scaife.perseus.org/reader/urn:cts:latinLit:phi0959.phi006.perseus-lat2:14.776/	1	human	personal	attested		Perseus Digital Library canonical-latinLit (CC BY-SA 4.0), Ovid, Metamorphoses (Magnus); Wikidata (CC0)	0.95
Tiberinus	Q937512	Tiberinus, Roman water deity	boy	Tiberinus	Tiberinus	Latin	Roman religion		Metamorphoses	Book 14	Met. 14.614	https://scaife.perseus.org/reader/urn:cts:latinLit:phi0959.phi006.perseus-lat2:14.614/	1	deity	divine	attested		Perseus Digital Library canonical-latinLit (CC BY-SA 4.0), Ovid, Metamorphoses (Magnus); Wikidata (CC0)	0.95
Vertumnus	Q374311	Vertumnus, In Roman mythology, is the god of seasons, change and plant growth, as well as gardens and fruit t…	boy	Vertumnus	Vertumnus	Latin	Roman religion		Metamorphoses	Book 14	Met. 14.642	https://scaife.perseus.org/reader/urn:cts:latinLit:phi0959.phi006.perseus-lat2:14.642/	1	deity	divine	attested		Perseus Digital Library canonical-latinLit (CC BY-SA 4.0), Ovid, Metamorphoses (Magnus); Wikidata (CC0)	0.95
Melek Taus	Q1433459	Melek Taus, the Yazidi name for the central figure of their faith			Melek	Kurdish	Yazidi		Yazidi oral tradition, as recorded in Isya Joseph, Devil Worship (1919)	Devil Worship	Joseph 1919, p. 30	https://archive.org/details/devilworshipsacr00jose/page/30/mode/1up	80	deity	divine	attested		Isya Joseph, Devil Worship: the Sacred Books and Traditions of the Yezidiz (1919; PD), archive.org scan; Wikidata (CC0)	0.8
Yazid	Q217442	Yazid I, second caliph of the Umayyad caliphate (646-683)	boy		Yezid	Kurdish	Yazidi		Yazidi oral tradition, as recorded in Isya Joseph, Devil Worship (1919)	Devil Worship	Joseph 1919, p. 43	https://archive.org/details/devilworshipsacr00jose/page/43/mode/1up	66	human	personal	attested		Isya Joseph, Devil Worship: the Sacred Books and Traditions of the Yezidiz (1919; PD), archive.org scan; Wikidata (CC0)	0.8
Azazil	Q721135	Azazel, demon	boy		Azazil	Kurdish	Yazidi		Yazidi oral tradition, as recorded in Isya Joseph, Devil Worship (1919)	Devil Worship	Joseph 1919, p. 38	https://archive.org/details/devilworshipsacr00jose/page/38/mode/1up	5	deity	divine	attested		Isya Joseph, Devil Worship: the Sacred Books and Traditions of the Yezidiz (1919; PD), archive.org scan; Wikidata (CC0)	0.8
Shango	Q1547934	Shango, Yoruba orisha of fire, thunder, lightning, virility, dance, drumming, strength and justice; deified t…	boy	Shango	Shango	Yoruba	Yoruba religion		Yoruba oral tradition, as recorded in A. B. Ellis, The Yoruba-speaking Peoples (1894)	The Yoruba-speaking Peoples	Ellis 1894, p. 45	https://archive.org/details/b21781370/page/45/mode/1up	82	deity	divine	attested		A. B. Ellis, The Yoruba-speaking Peoples of the Slave Coast of West Africa (1894; PD), archive.org scan; Wikidata (CC0)	0.8
Ifa	Q1426922	Ifá, Yoruba religion and system of divination		Ifa	Ifa	Yoruba	Yoruba religion		Yoruba oral tradition, as recorded in A. B. Ellis, The Yoruba-speaking Peoples (1894)	The Yoruba-speaking Peoples	Ellis 1894, p. 56	https://archive.org/details/b21781370/page/56/mode/1up	52	deity	divine	attested		A. B. Ellis, The Yoruba-speaking Peoples of the Slave Coast of West Africa (1894; PD), archive.org scan; Wikidata (CC0)	0.8
Obatala	Q2008736	Obatala, Head of the orishas	boy	Obatala	Obatala	Yoruba	Yoruba religion		Yoruba oral tradition, as recorded in A. B. Ellis, The Yoruba-speaking Peoples (1894)	The Yoruba-speaking Peoples	Ellis 1894, p. 38	https://archive.org/details/b21781370/page/38/mode/1up	48	deity	divine	attested		A. B. Ellis, The Yoruba-speaking Peoples of the Slave Coast of West Africa (1894; PD), archive.org scan; Wikidata (CC0)	0.8
Yemaja	Q1477162	Yemaja, One of the major river deities of the Yorùbá people and the Yorùbá Diaspora	girl	Yemaja	Yemaja	Yoruba	Yoruba religion		Yoruba oral tradition, as recorded in A. B. Ellis, The Yoruba-speaking Peoples (1894)	The Yoruba-speaking Peoples	Ellis 1894, p. 43	https://archive.org/details/b21781370/page/43/mode/1up	35	deity	divine	attested		A. B. Ellis, The Yoruba-speaking Peoples of the Slave Coast of West Africa (1894; PD), archive.org scan; Wikidata (CC0)	0.8
Olorun	Q2021170	Olorun, supreme deity in the Yoruba pantheon		Olorun	Olorun	Yoruba	Yoruba religion		Yoruba oral tradition, as recorded in A. B. Ellis, The Yoruba-speaking Peoples (1894)	The Yoruba-speaking Peoples	Ellis 1894, p. 35	https://archive.org/details/b21781370/page/35/mode/1up	30	deity	divine	attested		A. B. Ellis, The Yoruba-speaking Peoples of the Slave Coast of West Africa (1894; PD), archive.org scan; Wikidata (CC0)	0.8
Olokun	Q1929840	Olokun, orisha in the Yoruba religion		Olokun	Olokun	Yoruba	Yoruba religion		Yoruba oral tradition, as recorded in A. B. Ellis, The Yoruba-speaking Peoples (1894)	The Yoruba-speaking Peoples	Ellis 1894, p. 45	https://archive.org/details/b21781370/page/45/mode/1up	27	deity	divine	attested		A. B. Ellis, The Yoruba-speaking Peoples of the Slave Coast of West Africa (1894; PD), archive.org scan; Wikidata (CC0)	0.8
Ogun	Q255116	Ogun, orisha, god of war in the Yoruba mythology	boy	Ogun	Ogun	Yoruba	Yoruba religion		Yoruba oral tradition, as recorded in A. B. Ellis, The Yoruba-speaking Peoples (1894)	The Yoruba-speaking Peoples	Ellis 1894, p. 45	https://archive.org/details/b21781370/page/45/mode/1up	26	deity	divine	attested		A. B. Ellis, The Yoruba-speaking Peoples of the Slave Coast of West Africa (1894; PD), archive.org scan; Wikidata (CC0)	0.8
Odudua	Q1750413	Oduduwa, Yoruba deity.(Oduduwa was a Yoruba divine king,legendary leader of the Ife Empire and a creator deit…	boy	Odudua	Odudua	Yoruba	Yoruba religion		Yoruba oral tradition, as recorded in A. B. Ellis, The Yoruba-speaking Peoples (1894)	The Yoruba-speaking Peoples	Ellis 1894, p. 41	https://archive.org/details/b21781370/page/41/mode/1up	24	deity	divine	attested		A. B. Ellis, The Yoruba-speaking Peoples of the Slave Coast of West Africa (1894; PD), archive.org scan; Wikidata (CC0)	0.8
Abiku	Q321216	Abiku, Yoruba word		Abiku	Abiku	Yoruba	Yoruba religion		Yoruba oral tradition, as recorded in A. B. Ellis, The Yoruba-speaking Peoples (1894)	The Yoruba-speaking Peoples	Ellis 1894, p. 111	https://archive.org/details/b21781370/page/111/mode/1up	21	mythological_being	personal	attested		A. B. Ellis, The Yoruba-speaking Peoples of the Slave Coast of West Africa (1894; PD), archive.org scan; Wikidata (CC0)	0.8
Oya	Q2004715	Oya, orisha	girl	Oya	Oya	Yoruba	Yoruba religion		Yoruba oral tradition, as recorded in A. B. Ellis, The Yoruba-speaking Peoples (1894)	The Yoruba-speaking Peoples	Ellis 1894, p. 45	https://archive.org/details/b21781370/page/45/mode/1up	21	deity	divine	attested		A. B. Ellis, The Yoruba-speaking Peoples of the Slave Coast of West Africa (1894; PD), archive.org scan; Wikidata (CC0)	0.8
Elegba	Q1367665	Eshu, Yoruba deity	boy	Elegba	Elegba	Yoruba	Yoruba religion		Yoruba oral tradition, as recorded in A. B. Ellis, The Yoruba-speaking Peoples (1894)	The Yoruba-speaking Peoples	Ellis 1894, p. 58	https://archive.org/details/b21781370/page/58/mode/1up	19	deity	divine	attested		A. B. Ellis, The Yoruba-speaking Peoples of the Slave Coast of West Africa (1894; PD), archive.org scan; Wikidata (CC0)	0.8
Egungun	Q1299119	Egungun, Yoruba masquerade custom		Egungun	Egungun	Yoruba	Yoruba religion		Yoruba oral tradition, as recorded in A. B. Ellis, The Yoruba-speaking Peoples (1894)	The Yoruba-speaking Peoples	Ellis 1894, p. 107	https://archive.org/details/b21781370/page/107/mode/1up	18	deity	divine	attested		A. B. Ellis, The Yoruba-speaking Peoples of the Slave Coast of West Africa (1894; PD), archive.org scan; Wikidata (CC0)	0.8
Orungan	Q6959453	Orungan, Yoruba deity	boy	Orungan	Orungan	Yoruba	Yoruba religion		Yoruba oral tradition, as recorded in A. B. Ellis, The Yoruba-speaking Peoples (1894)	The Yoruba-speaking Peoples	Ellis 1894, p. 44	https://archive.org/details/b21781370/page/44/mode/1up	14	deity	divine	attested		A. B. Ellis, The Yoruba-speaking Peoples of the Slave Coast of West Africa (1894; PD), archive.org scan; Wikidata (CC0)	0.8
Shigidi	slug:yoruba-religion:shigidi	Shigidi		Shigidi	Shigidi	Yoruba	Yoruba religion		Yoruba oral tradition, as recorded in A. B. Ellis, The Yoruba-speaking Peoples (1894)	The Yoruba-speaking Peoples	Ellis 1894, p. 74	https://archive.org/details/b21781370/page/74/mode/1up	14	deity	divine	attested		A. B. Ellis, The Yoruba-speaking Peoples of the Slave Coast of West Africa (1894; PD), archive.org scan	0.75
Olosa	slug:yoruba-religion:olosa	Olosa		Olosa	Olosa	Yoruba	Yoruba religion		Yoruba oral tradition, as recorded in A. B. Ellis, The Yoruba-speaking Peoples (1894)	The Yoruba-speaking Peoples	Ellis 1894, p. 45	https://archive.org/details/b21781370/page/45/mode/1up	13	deity	divine	attested		A. B. Ellis, The Yoruba-speaking Peoples of the Slave Coast of West Africa (1894; PD), archive.org scan	0.75
Aroni	slug:yoruba-religion:aroni	Aroni		Aroni	Aroni	Yoruba	Yoruba religion		Yoruba oral tradition, as recorded in A. B. Ellis, The Yoruba-speaking Peoples (1894)	The Yoruba-speaking Peoples	Ellis 1894, p. 79	https://archive.org/details/b21781370/page/79/mode/1up	11	mythological_being	personal	attested		A. B. Ellis, The Yoruba-speaking Peoples of the Slave Coast of West Africa (1894; PD), archive.org scan	0.75
Shankpanna	Q782478	Babalú-Ayé, spirit strongly associated with infectious disease and healing in the Yoruba religion	boy	Shankpanna	Shankpanna	Yoruba	Yoruba religion		Yoruba oral tradition, as recorded in A. B. Ellis, The Yoruba-speaking Peoples (1894)	The Yoruba-speaking Peoples	Ellis 1894, p. 45	https://archive.org/details/b21781370/page/45/mode/1up	10	deity	divine	attested		A. B. Ellis, The Yoruba-speaking Peoples of the Slave Coast of West Africa (1894; PD), archive.org scan; Wikidata (CC0)	0.8
Aganju	Q4691198	Aganju, deity in several religions	boy	Aganju	Aganju	Yoruba	Yoruba religion		Yoruba oral tradition, as recorded in A. B. Ellis, The Yoruba-speaking Peoples (1894)	The Yoruba-speaking Peoples	Ellis 1894, p. 43	https://archive.org/details/b21781370/page/43/mode/1up	8	deity	divine	attested		A. B. Ellis, The Yoruba-speaking Peoples of the Slave Coast of West Africa (1894; PD), archive.org scan; Wikidata (CC0)	0.8
Oshosi	slug:yoruba-religion:oshosi	Ọ̀ṣọ́ọ̀sì		Oshosi	Oshosi	Yoruba	Yoruba religion		Yoruba oral tradition, as recorded in A. B. Ellis, The Yoruba-speaking Peoples (1894)	The Yoruba-speaking Peoples	Ellis 1894, p. 45	https://archive.org/details/b21781370/page/45/mode/1up	3	deity	divine	attested		A. B. Ellis, The Yoruba-speaking Peoples of the Slave Coast of West Africa (1894; PD), archive.org scan	0.75
Al-Uzza	Q311363	Al-‘Uzzá, pre-Islamic Arabian goddess	girl	العزى		Arabic	pre-Islamic Arabian religion		Kitāb al-Aṣnām	Kitāb al-Aṣnām	Kitāb al-Aṣnām, para. 26	https://ar.wikisource.org/wiki/%D9%83%D8%AA%D8%A7%D8%A8_%D8%A7%D9%84%D8%A3%D8%B5%D9%86%D8%A7%D9%85	25	deity	divine	attested		Arabic Wikisource, Ibn al-Kalbī, Kitāb al-Aṣnām (ed. Ahmed Zaki Pasha 1914; PD); Wikidata (CC0)	0.95
Al-Lat	Q6183204	Al-lāt, pre-Islamic Arabian goddess	girl	اللات		Arabic	pre-Islamic Arabian religion		Kitāb al-Aṣnām	Kitāb al-Aṣnām	Kitāb al-Aṣnām, para. 34	https://ar.wikisource.org/wiki/%D9%83%D8%AA%D8%A7%D8%A8_%D8%A7%D9%84%D8%A3%D8%B5%D9%86%D8%A7%D9%85	19	deity	divine	attested		Arabic Wikisource, Ibn al-Kalbī, Kitāb al-Aṣnām (ed. Ahmed Zaki Pasha 1914; PD); Wikidata (CC0)	0.95
Manat	Q943459	Manāt, pre-Islamic Arabian goddess	girl	مناة		Arabic	pre-Islamic Arabian religion		Kitāb al-Aṣnām	Kitāb al-Aṣnām	Kitāb al-Aṣnām, para. 25	https://ar.wikisource.org/wiki/%D9%83%D8%AA%D8%A7%D8%A8_%D8%A7%D9%84%D8%A3%D8%B5%D9%86%D8%A7%D9%85	16	deity	divine	attested		Arabic Wikisource, Ibn al-Kalbī, Kitāb al-Aṣnām (ed. Ahmed Zaki Pasha 1914; PD); Wikidata (CC0)	0.95
Al-Fals	slug:pre-islamic-arabian-religion:al-fals	Al-Fals		الفلس		Arabic	pre-Islamic Arabian religion		Kitāb al-Aṣnām	Kitāb al-Aṣnām	Kitāb al-Aṣnām, para. 33	https://ar.wikisource.org/wiki/%D9%83%D8%AA%D8%A7%D8%A8_%D8%A7%D9%84%D8%A3%D8%B5%D9%86%D8%A7%D9%85	7	deity	divine	attested		Arabic Wikisource, Ibn al-Kalbī, Kitāb al-Aṣnām (ed. Ahmed Zaki Pasha 1914; PD)	0.75
Amr ibn Luhay	slug:pre-islamic-arabian-religion:amr-ibn-luhay	Amr ibn Luhayy		لحي		Arabic	pre-Islamic Arabian religion		Kitāb al-Aṣnām	Kitāb al-Aṣnām	Kitāb al-Aṣnām, para. 11	https://ar.wikisource.org/wiki/%D9%83%D8%AA%D8%A7%D8%A8_%D8%A7%D9%84%D8%A3%D8%B5%D9%86%D8%A7%D9%85	6	human	personal	attested		Arabic Wikisource, Ibn al-Kalbī, Kitāb al-Aṣnām (ed. Ahmed Zaki Pasha 1914; PD)	0.75
Dhu al-Khalasa	Q978802	Dhu'l-Khalasa, pre-Islamic Arabian shrine and deity	boy	الخلصة		Arabic	pre-Islamic Arabian religion		Kitāb al-Aṣnām	Kitāb al-Aṣnām	Kitāb al-Aṣnām, para. 125	https://ar.wikisource.org/wiki/%D9%83%D8%AA%D8%A7%D8%A8_%D8%A7%D9%84%D8%A3%D8%B5%D9%86%D8%A7%D9%85	6	deity	divine	attested		Arabic Wikisource, Ibn al-Kalbī, Kitāb al-Aṣnām (ed. Ahmed Zaki Pasha 1914; PD); Wikidata (CC0)	0.95
Nuhm	slug:pre-islamic-arabian-religion:nuhm	Nuhm		نهم		Arabic	pre-Islamic Arabian religion		Kitāb al-Aṣnām	Kitāb al-Aṣnām	Kitāb al-Aṣnām, para. 148	https://ar.wikisource.org/wiki/%D9%83%D8%AA%D8%A7%D8%A8_%D8%A7%D9%84%D8%A3%D8%B5%D9%86%D8%A7%D9%85	6	deity	divine	attested		Arabic Wikisource, Ibn al-Kalbī, Kitāb al-Aṣnām (ed. Ahmed Zaki Pasha 1914; PD)	0.75
Suwa	Q3316160	Suwa', deity mentioned in the Quran		سواع		Arabic	pre-Islamic Arabian religion		Kitāb al-Aṣnām	Kitāb al-Aṣnām	Kitāb al-Aṣnām, para. 15	https://ar.wikisource.org/wiki/%D9%83%D8%AA%D8%A7%D8%A8_%D8%A7%D9%84%D8%A3%D8%B5%D9%86%D8%A7%D9%85	6	deity	divine	attested		Arabic Wikisource, Ibn al-Kalbī, Kitāb al-Aṣnām (ed. Ahmed Zaki Pasha 1914; PD); Wikidata (CC0)	0.95
Uqaysir	slug:pre-islamic-arabian-religion:uqaysir	Al-Uqaysir		الأقيصر		Arabic	pre-Islamic Arabian religion		Kitāb al-Aṣnām	Kitāb al-Aṣnām	Kitāb al-Aṣnām, para. 142	https://ar.wikisource.org/wiki/%D9%83%D8%AA%D8%A7%D8%A8_%D8%A7%D9%84%D8%A3%D8%B5%D9%86%D8%A7%D9%85	6	deity	divine	attested		Arabic Wikisource, Ibn al-Kalbī, Kitāb al-Aṣnām (ed. Ahmed Zaki Pasha 1914; PD)	0.75
Isaf	Q15859059	Isāf and Nā'ila, pre-Islamic Arabian deities		إساف		Arabic	pre-Islamic Arabian religion		Kitāb al-Aṣnām	Kitāb al-Aṣnām	Kitāb al-Aṣnām, para. 14	https://ar.wikisource.org/wiki/%D9%83%D8%AA%D8%A7%D8%A8_%D8%A7%D9%84%D8%A3%D8%B5%D9%86%D8%A7%D9%85	5	deity	divine	attested		Arabic Wikisource, Ibn al-Kalbī, Kitāb al-Aṣnām (ed. Ahmed Zaki Pasha 1914; PD); Wikidata (CC0)	0.95
Yaghuth	Q2724362	Yaghuth, a god in the era of Noah, according to the Koran		يغوث		Arabic	pre-Islamic Arabian religion		Kitāb al-Aṣnām	Kitāb al-Aṣnām	Kitāb al-Aṣnām, para. 15	https://ar.wikisource.org/wiki/%D9%83%D8%AA%D8%A7%D8%A8_%D8%A7%D9%84%D8%A3%D8%B5%D9%86%D8%A7%D9%85	5	deity	divine	attested		Arabic Wikisource, Ibn al-Kalbī, Kitāb al-Aṣnām (ed. Ahmed Zaki Pasha 1914; PD); Wikidata (CC0)	0.95
Yauq	Q5666548	Ya'uq, Arabian diety		يعوق		Arabic	pre-Islamic Arabian religion		Kitāb al-Aṣnām	Kitāb al-Aṣnām	Kitāb al-Aṣnām, para. 19	https://ar.wikisource.org/wiki/%D9%83%D8%AA%D8%A7%D8%A8_%D8%A7%D9%84%D8%A3%D8%B5%D9%86%D8%A7%D9%85	5	deity	divine	attested		Arabic Wikisource, Ibn al-Kalbī, Kitāb al-Aṣnām (ed. Ahmed Zaki Pasha 1914; PD); Wikidata (CC0)	0.95
Ruda	Q6553515	Ruda, moon deity of the Arab pantheon	girl	رُضاءٍ		Arabic	pre-Islamic Arabian religion		Kitāb al-Aṣnām	Kitāb al-Aṣnām	Kitāb al-Aṣnām, para. 93	https://ar.wikisource.org/wiki/%D9%83%D8%AA%D8%A7%D8%A8_%D8%A7%D9%84%D8%A3%D8%B5%D9%86%D8%A7%D9%85	4	deity	divine	attested		Arabic Wikisource, Ibn al-Kalbī, Kitāb al-Aṣnām (ed. Ahmed Zaki Pasha 1914; PD); Wikidata (CC0)	0.95
Naila	Q15859059	Isāf and Nā'ila, pre-Islamic Arabian deities		نائلة		Arabic	pre-Islamic Arabian religion		Kitāb al-Aṣnām	Kitāb al-Aṣnām	Kitāb al-Aṣnām, para. 14	https://ar.wikisource.org/wiki/%D9%83%D8%AA%D8%A7%D8%A8_%D8%A7%D9%84%D8%A3%D8%B5%D9%86%D8%A7%D9%85	3	deity	divine	attested		Arabic Wikisource, Ibn al-Kalbī, Kitāb al-Aṣnām (ed. Ahmed Zaki Pasha 1914; PD); Wikidata (CC0)	0.95
Dhu al-Kaffayn	slug:pre-islamic-arabian-religion:dhu-al-kaffayn	Dhu al-Kaffayn		الكفين		Arabic	pre-Islamic Arabian religion		Kitāb al-Aṣnām	Kitāb al-Aṣnām	Kitāb al-Aṣnām, para. 137	https://ar.wikisource.org/wiki/%D9%83%D8%AA%D8%A7%D8%A8_%D8%A7%D9%84%D8%A3%D8%B5%D9%86%D8%A7%D9%85	2	deity	divine	attested		Arabic Wikisource, Ibn al-Kalbī, Kitāb al-Aṣnām (ed. Ahmed Zaki Pasha 1914; PD)	0.75
Dhu al-Shara	Q1267598	Dushara, deity	boy	الشرى		Arabic	pre-Islamic Arabian religion		Kitāb al-Aṣnām	Kitāb al-Aṣnām	Kitāb al-Aṣnām, para. 140	https://ar.wikisource.org/wiki/%D9%83%D8%AA%D8%A7%D8%A8_%D8%A7%D9%84%D8%A3%D8%B5%D9%86%D8%A7%D9%85	2	deity	divine	attested		Arabic Wikisource, Ibn al-Kalbī, Kitāb al-Aṣnām (ed. Ahmed Zaki Pasha 1914; PD); Wikidata (CC0)	0.95
Hubal	Q289933	Hubal, pre-Islamic Arabian god	boy	هبل		Arabic	pre-Islamic Arabian religion		Kitāb al-Aṣnām	Kitāb al-Aṣnām	Kitāb al-Aṣnām, para. 86	https://ar.wikisource.org/wiki/%D9%83%D8%AA%D8%A7%D8%A8_%D8%A7%D9%84%D8%A3%D8%B5%D9%86%D8%A7%D9%85	2	deity	divine	attested		Arabic Wikisource, Ibn al-Kalbī, Kitāb al-Aṣnām (ed. Ahmed Zaki Pasha 1914; PD); Wikidata (CC0)	0.95
