name	relation	related_name	language	source
Rejan	equivalent	Ռեյան	armenian	HU 16/2025 (IX. 3.) KIM
Adam	equivalent	Ádám	bulgarian	HU 11/2025 (IX. 3.) KIM
Adela	equivalent	Adél	bulgarian	HU 11/2025 (IX. 3.) KIM
Adelina	equivalent	Adelina	bulgarian	HU 11/2025 (IX. 3.) KIM
Adriana	equivalent	Adriána	bulgarian	HU 11/2025 (IX. 3.) KIM
Adrijan	equivalent	Adorján	bulgarian	HU 11/2025 (IX. 3.) KIM
Adrijan	equivalent	Adrián	bulgarian	HU 11/2025 (IX. 3.) KIM
Agapi	equivalent	Agapion	bulgarian	HU 11/2025 (IX. 3.) KIM
Agapij	equivalent	Agapion	bulgarian	HU 11/2025 (IX. 3.) KIM
Agapija	equivalent	Agapi	bulgarian	HU 11/2025 (IX. 3.) KIM
Aglaja	equivalent	Aglája	bulgarian	HU 11/2025 (IX. 3.) KIM
Agnesza	equivalent	Ágnes	bulgarian	HU 11/2025 (IX. 3.) KIM
Agripina	equivalent	Agrippína	bulgarian	HU 11/2025 (IX. 3.) KIM
Alekszandar	equivalent	Alexander	bulgarian	HU 11/2025 (IX. 3.) KIM
Alekszandar	equivalent	Sándor	bulgarian	HU 11/2025 (IX. 3.) KIM
Alekszandra	equivalent	Alexandra	bulgarian	HU 11/2025 (IX. 3.) KIM
Alekszandrina	equivalent	Alexandrina	bulgarian	HU 11/2025 (IX. 3.) KIM
Alekszej	equivalent	Alex	bulgarian	HU 11/2025 (IX. 3.) KIM
Alekszi	equivalent	Alex	bulgarian	HU 11/2025 (IX. 3.) KIM
Alekszija	equivalent	Alexia	bulgarian	HU 11/2025 (IX. 3.) KIM
Alen	equivalent	Alen	bulgarian	HU 11/2025 (IX. 3.) KIM
Alena	equivalent	Aléna	bulgarian	HU 11/2025 (IX. 3.) KIM
Alisza	equivalent	Alíz	bulgarian	HU 11/2025 (IX. 3.) KIM
Ana	equivalent	Anna	bulgarian	HU 11/2025 (IX. 3.) KIM
Ana-Marija	equivalent	Annamária	bulgarian	HU 11/2025 (IX. 3.) KIM
Anasztasz	equivalent	Anasztáz	bulgarian	HU 11/2025 (IX. 3.) KIM
Anasztaszija	equivalent	Anasztázia	bulgarian	HU 11/2025 (IX. 3.) KIM
Anatoli	equivalent	Anatol	bulgarian	HU 11/2025 (IX. 3.) KIM
Anatolij	equivalent	Anatol	bulgarian	HU 11/2025 (IX. 3.) KIM
Anatolija	equivalent	Anatólia	bulgarian	HU 11/2025 (IX. 3.) KIM
Andon	equivalent	Andon	bulgarian	HU 11/2025 (IX. 3.) KIM
Andrej	equivalent	András	bulgarian	HU 11/2025 (IX. 3.) KIM
Andreja	equivalent	Andrea	bulgarian	HU 11/2025 (IX. 3.) KIM
Anelija	equivalent	Anélia	bulgarian	HU 11/2025 (IX. 3.) KIM
Aneta	equivalent	Anetta	bulgarian	HU 11/2025 (IX. 3.) KIM
Angel	equivalent	Angelus	bulgarian	HU 11/2025 (IX. 3.) KIM
Angel	equivalent	Angelusz	bulgarian	HU 11/2025 (IX. 3.) KIM
Angela	equivalent	Angéla	bulgarian	HU 11/2025 (IX. 3.) KIM
Angelina	equivalent	Angelina	bulgarian	HU 11/2025 (IX. 3.) KIM
Ani	equivalent	Ani	bulgarian	HU 11/2025 (IX. 3.) KIM
Anna	equivalent	Anna	bulgarian	HU 11/2025 (IX. 3.) KIM
Antoan	equivalent	Anton	bulgarian	HU 11/2025 (IX. 3.) KIM
Antoaneta	equivalent	Antoanett	bulgarian	HU 11/2025 (IX. 3.) KIM
Antoaneta	equivalent	Antoanetta	bulgarian	HU 11/2025 (IX. 3.) KIM
Anton	equivalent	Antal	bulgarian	HU 11/2025 (IX. 3.) KIM
Anton	equivalent	Anton	bulgarian	HU 11/2025 (IX. 3.) KIM
Antonija	equivalent	Antónia	bulgarian	HU 11/2025 (IX. 3.) KIM
Anzsela	equivalent	Angéla	bulgarian	HU 11/2025 (IX. 3.) KIM
Aposztol	equivalent	Apostol	bulgarian	HU 11/2025 (IX. 3.) KIM
Arijana	equivalent	Arianna	bulgarian	HU 11/2025 (IX. 3.) KIM
Arthur	equivalent	Artúr	bulgarian	HU 11/2025 (IX. 3.) KIM
Aszja	equivalent	Ászja	bulgarian	HU 11/2025 (IX. 3.) KIM
Atanasz	equivalent	Atanáz	bulgarian	HU 11/2025 (IX. 3.) KIM
Atanaszij	equivalent	Atanáz	bulgarian	HU 11/2025 (IX. 3.) KIM
Atanaszka	equivalent	Atina	bulgarian	HU 11/2025 (IX. 3.) KIM
Atina	equivalent	Aténa	bulgarian	HU 11/2025 (IX. 3.) KIM
Atina	equivalent	Aténé	bulgarian	HU 11/2025 (IX. 3.) KIM
Avguszt	equivalent	Augusztusz	bulgarian	HU 11/2025 (IX. 3.) KIM
Avguszta	equivalent	Auguszta	bulgarian	HU 11/2025 (IX. 3.) KIM
Avgusztin	equivalent	Augusztin	bulgarian	HU 11/2025 (IX. 3.) KIM
Avgusztina	equivalent	Augusztina	bulgarian	HU 11/2025 (IX. 3.) KIM
Avram	equivalent	Ábrahám	bulgarian	HU 11/2025 (IX. 3.) KIM
Beata	equivalent	Beáta	bulgarian	HU 11/2025 (IX. 3.) KIM
Beti	equivalent	Betti	bulgarian	HU 11/2025 (IX. 3.) KIM
Betina	equivalent	Bettina	bulgarian	HU 11/2025 (IX. 3.) KIM
Bianka	equivalent	Bianka	bulgarian	HU 11/2025 (IX. 3.) KIM
Bogdan	equivalent	Bogdán	bulgarian	HU 11/2025 (IX. 3.) KIM
Bogdana	equivalent	Bogdána	bulgarian	HU 11/2025 (IX. 3.) KIM
Bogomil	equivalent	Bogumil	bulgarian	HU 11/2025 (IX. 3.) KIM
Bojan	equivalent	Bojan	bulgarian	HU 11/2025 (IX. 3.) KIM
Bojana	equivalent	Bojana	bulgarian	HU 11/2025 (IX. 3.) KIM
Bojka	equivalent	Bojka	bulgarian	HU 11/2025 (IX. 3.) KIM
Boris	equivalent	Borisz	bulgarian	HU 11/2025 (IX. 3.) KIM
Borisz	equivalent	Borisz	bulgarian	HU 11/2025 (IX. 3.) KIM
Bozsidar	equivalent	Bozsidár	bulgarian	HU 11/2025 (IX. 3.) KIM
Brigita	equivalent	Brigitta	bulgarian	HU 11/2025 (IX. 3.) KIM
Dalija	equivalent	Dália	bulgarian	HU 11/2025 (IX. 3.) KIM
Damjan	equivalent	Damján	bulgarian	HU 11/2025 (IX. 3.) KIM
Damjana	equivalent	Damiána	bulgarian	HU 11/2025 (IX. 3.) KIM
Dana	equivalent	Dana	bulgarian	HU 11/2025 (IX. 3.) KIM
Danail	equivalent	Dániel	bulgarian	HU 11/2025 (IX. 3.) KIM
Daniel	equivalent	Dániel	bulgarian	HU 11/2025 (IX. 3.) KIM
Daniela	equivalent	Daniella	bulgarian	HU 11/2025 (IX. 3.) KIM
Danka	equivalent	Danka	bulgarian	HU 11/2025 (IX. 3.) KIM
Dara	equivalent	Dára	bulgarian	HU 11/2025 (IX. 3.) KIM
Darija	equivalent	Dária	bulgarian	HU 11/2025 (IX. 3.) KIM
Darina	equivalent	Darina	bulgarian	HU 11/2025 (IX. 3.) KIM
Darko	equivalent	Dárko	bulgarian	HU 11/2025 (IX. 3.) KIM
David	equivalent	Dávid	bulgarian	HU 11/2025 (IX. 3.) KIM
Debora	equivalent	Debóra	bulgarian	HU 11/2025 (IX. 3.) KIM
Dejan	equivalent	Deján	bulgarian	HU 11/2025 (IX. 3.) KIM
Delfina	equivalent	Delfina	bulgarian	HU 11/2025 (IX. 3.) KIM
Devora	equivalent	Debóra	bulgarian	HU 11/2025 (IX. 3.) KIM
Diana	equivalent	Diána	bulgarian	HU 11/2025 (IX. 3.) KIM
Dimitar	equivalent	Demeter	bulgarian	HU 11/2025 (IX. 3.) KIM
Dimitar	equivalent	Dömötör	bulgarian	HU 11/2025 (IX. 3.) KIM
Dimiter	equivalent	Demeter	bulgarian	HU 11/2025 (IX. 3.) KIM
Dimiter	equivalent	Dömötör	bulgarian	HU 11/2025 (IX. 3.) KIM
Dimitra	equivalent	Dimitra	bulgarian	HU 11/2025 (IX. 3.) KIM
Dimitrina	equivalent	Dimitrina	bulgarian	HU 11/2025 (IX. 3.) KIM
Dora	equivalent	Dóra	bulgarian	HU 11/2025 (IX. 3.) KIM
Doroteja	equivalent	Dorottya	bulgarian	HU 11/2025 (IX. 3.) KIM
Dragan	equivalent	Dragan	bulgarian	HU 11/2025 (IX. 3.) KIM
Dragana	equivalent	Dragana	bulgarian	HU 11/2025 (IX. 3.) KIM
Dragomir	equivalent	Dragomir	bulgarian	HU 11/2025 (IX. 3.) KIM
Edita	equivalent	Edit	bulgarian	HU 11/2025 (IX. 3.) KIM
Eduard	equivalent	Edvárd	bulgarian	HU 11/2025 (IX. 3.) KIM
Edvin	equivalent	Edvin	bulgarian	HU 11/2025 (IX. 3.) KIM
Efimija	equivalent	Eufémia	bulgarian	HU 11/2025 (IX. 3.) KIM
Efrem	equivalent	Efraim	bulgarian	HU 11/2025 (IX. 3.) KIM
Efroszina	equivalent	Eufrozina	bulgarian	HU 11/2025 (IX. 3.) KIM
Ekaterina	equivalent	Katalin	bulgarian	HU 11/2025 (IX. 3.) KIM
Elena	equivalent	Helén	bulgarian	HU 11/2025 (IX. 3.) KIM
Elena	equivalent	Heléna	bulgarian	HU 11/2025 (IX. 3.) KIM
Elena	equivalent	Ilona	bulgarian	HU 11/2025 (IX. 3.) KIM
Eleonora	equivalent	Eleonóra	bulgarian	HU 11/2025 (IX. 3.) KIM
Eliana	equivalent	Eliána	bulgarian	HU 11/2025 (IX. 3.) KIM
Eliszaveta	equivalent	Elizabet	bulgarian	HU 11/2025 (IX. 3.) KIM
Eliszaveta	equivalent	Erzsébet	bulgarian	HU 11/2025 (IX. 3.) KIM
Elizabeta	equivalent	Elizabet	bulgarian	HU 11/2025 (IX. 3.) KIM
Elizabeta	equivalent	Erzsébet	bulgarian	HU 11/2025 (IX. 3.) KIM
Elizar	equivalent	Elizeus	bulgarian	HU 11/2025 (IX. 3.) KIM
Elka	equivalent	Elka	bulgarian	HU 11/2025 (IX. 3.) KIM
Elmira	equivalent	Elmira	bulgarian	HU 11/2025 (IX. 3.) KIM
Elvira	equivalent	Elvira	bulgarian	HU 11/2025 (IX. 3.) KIM
Elza	equivalent	Elza	bulgarian	HU 11/2025 (IX. 3.) KIM
Emanuela	equivalent	Emanuéla	bulgarian	HU 11/2025 (IX. 3.) KIM
Emanuil	equivalent	Emánuel	bulgarian	HU 11/2025 (IX. 3.) KIM
Emanuil	equivalent	Immánuel	bulgarian	HU 11/2025 (IX. 3.) KIM
Emilian	equivalent	Emil	bulgarian	HU 11/2025 (IX. 3.) KIM
Emilian	equivalent	Emilián	bulgarian	HU 11/2025 (IX. 3.) KIM
Emilija	equivalent	Emília	bulgarian	HU 11/2025 (IX. 3.) KIM
Emilijan	equivalent	Emil	bulgarian	HU 11/2025 (IX. 3.) KIM
Emilijan	equivalent	Emilián	bulgarian	HU 11/2025 (IX. 3.) KIM
Emilijana	equivalent	Emiliána	bulgarian	HU 11/2025 (IX. 3.) KIM
Evangelina	equivalent	Evangelina	bulgarian	HU 11/2025 (IX. 3.) KIM
Evdokija	equivalent	Eudókia	bulgarian	HU 11/2025 (IX. 3.) KIM
Evdokija	equivalent	Eudoxia	bulgarian	HU 11/2025 (IX. 3.) KIM
Evelina	equivalent	Evelina	bulgarian	HU 11/2025 (IX. 3.) KIM
Evgeni	equivalent	Eugén	bulgarian	HU 11/2025 (IX. 3.) KIM
Evgeni	equivalent	Ödön	bulgarian	HU 11/2025 (IX. 3.) KIM
Evgenija	equivalent	Eugénia	bulgarian	HU 11/2025 (IX. 3.) KIM
Evtim	equivalent	Eutim	bulgarian	HU 11/2025 (IX. 3.) KIM
Evtimija	equivalent	Eutímia	bulgarian	HU 11/2025 (IX. 3.) KIM
Fani	equivalent	Fáni	bulgarian	HU 11/2025 (IX. 3.) KIM
Fani	equivalent	Fanni	bulgarian	HU 11/2025 (IX. 3.) KIM
Feliksz	equivalent	Félix	bulgarian	HU 11/2025 (IX. 3.) KIM
Fidel	equivalent	Fidél	bulgarian	HU 11/2025 (IX. 3.) KIM
Fidelija	equivalent	Fidélia	bulgarian	HU 11/2025 (IX. 3.) KIM
Filip	equivalent	Fülöp	bulgarian	HU 11/2025 (IX. 3.) KIM
Filipa	equivalent	Filippa	bulgarian	HU 11/2025 (IX. 3.) KIM
Flora	equivalent	Flóra	bulgarian	HU 11/2025 (IX. 3.) KIM
Francseszka	equivalent	Franciska	bulgarian	HU 11/2025 (IX. 3.) KIM
Frederik	equivalent	Frigyes	bulgarian	HU 11/2025 (IX. 3.) KIM
Frederika	equivalent	Friderika	bulgarian	HU 11/2025 (IX. 3.) KIM
Gabriel	equivalent	Gábriel	bulgarian	HU 11/2025 (IX. 3.) KIM
Gabriela	equivalent	Gabriella	bulgarian	HU 11/2025 (IX. 3.) KIM
Galina	equivalent	Galina	bulgarian	HU 11/2025 (IX. 3.) KIM
Galja	equivalent	Gália	bulgarian	HU 11/2025 (IX. 3.) KIM
Gavrail	equivalent	Gábor	bulgarian	HU 11/2025 (IX. 3.) KIM
Gavrail	equivalent	Gábriel	bulgarian	HU 11/2025 (IX. 3.) KIM
Gavril	equivalent	Gábor	bulgarian	HU 11/2025 (IX. 3.) KIM
Gavril	equivalent	Gábriel	bulgarian	HU 11/2025 (IX. 3.) KIM
Genoveva	equivalent	Genovéva	bulgarian	HU 11/2025 (IX. 3.) KIM
Georgi	equivalent	György	bulgarian	HU 11/2025 (IX. 3.) KIM
Geraszim	equivalent	Geraszim	bulgarian	HU 11/2025 (IX. 3.) KIM
German	equivalent	Germán	bulgarian	HU 11/2025 (IX. 3.) KIM
Gina	equivalent	Gina	bulgarian	HU 11/2025 (IX. 3.) KIM
Glorija	equivalent	Glória	bulgarian	HU 11/2025 (IX. 3.) KIM
Grigor	equivalent	Gergely	bulgarian	HU 11/2025 (IX. 3.) KIM
Grigor	equivalent	Gergő	bulgarian	HU 11/2025 (IX. 3.) KIM
Hari	equivalent	Harri	bulgarian	HU 11/2025 (IX. 3.) KIM
Henrieta	equivalent	Henrietta	bulgarian	HU 11/2025 (IX. 3.) KIM
Hortenzija	equivalent	Hortenzia	bulgarian	HU 11/2025 (IX. 3.) KIM
Hrisztian	equivalent	Krisztián	bulgarian	HU 11/2025 (IX. 3.) KIM
Hrisztijan	equivalent	Krisztián	bulgarian	HU 11/2025 (IX. 3.) KIM
Hrisztina	equivalent	Krisztina	bulgarian	HU 11/2025 (IX. 3.) KIM
Ignat	equivalent	Ignác	bulgarian	HU 11/2025 (IX. 3.) KIM
Ignatija	equivalent	Ignácia	bulgarian	HU 11/2025 (IX. 3.) KIM
Igor	equivalent	Igor	bulgarian	HU 11/2025 (IX. 3.) KIM
Ilarion	equivalent	Hiláriusz	bulgarian	HU 11/2025 (IX. 3.) KIM
Ilian	equivalent	Ilián	bulgarian	HU 11/2025 (IX. 3.) KIM
Ilija	equivalent	Éliás	bulgarian	HU 11/2025 (IX. 3.) KIM
Ilija	equivalent	Illés	bulgarian	HU 11/2025 (IX. 3.) KIM
Ilijan	equivalent	Iliász	bulgarian	HU 11/2025 (IX. 3.) KIM
Ilona	equivalent	Ilona	bulgarian	HU 11/2025 (IX. 3.) KIM
Ilonka	equivalent	Ilonka	bulgarian	HU 11/2025 (IX. 3.) KIM
Iren	equivalent	Irén	bulgarian	HU 11/2025 (IX. 3.) KIM
Irena	equivalent	Irén	bulgarian	HU 11/2025 (IX. 3.) KIM
Irina	equivalent	Irina	bulgarian	HU 11/2025 (IX. 3.) KIM
Ivan	equivalent	Iván	bulgarian	HU 11/2025 (IX. 3.) KIM
Ivana	equivalent	Ivána	bulgarian	HU 11/2025 (IX. 3.) KIM
Ivet	equivalent	Ivett	bulgarian	HU 11/2025 (IX. 3.) KIM
Iveta	equivalent	Ivett	bulgarian	HU 11/2025 (IX. 3.) KIM
Ivo	equivalent	Ivó	bulgarian	HU 11/2025 (IX. 3.) KIM
Izabel	equivalent	Izabella	bulgarian	HU 11/2025 (IX. 3.) KIM
Izabela	equivalent	Izabella	bulgarian	HU 11/2025 (IX. 3.) KIM
Jakim	equivalent	Jákim	bulgarian	HU 11/2025 (IX. 3.) KIM
Jakob	equivalent	Jakab	bulgarian	HU 11/2025 (IX. 3.) KIM
Jakov	equivalent	Jakab	bulgarian	HU 11/2025 (IX. 3.) KIM
Jana	equivalent	Jána	bulgarian	HU 11/2025 (IX. 3.) KIM
Janina	equivalent	Janina	bulgarian	HU 11/2025 (IX. 3.) KIM
Janka	equivalent	Janka	bulgarian	HU 11/2025 (IX. 3.) KIM
Javor	equivalent	Jávor	bulgarian	HU 11/2025 (IX. 3.) KIM
Joan	equivalent	János	bulgarian	HU 11/2025 (IX. 3.) KIM
Joana	equivalent	Joana	bulgarian	HU 11/2025 (IX. 3.) KIM
Joanna	equivalent	Johanna	bulgarian	HU 11/2025 (IX. 3.) KIM
Johana	equivalent	Johanna	bulgarian	HU 11/2025 (IX. 3.) KIM
Jonko	equivalent	Jónás	bulgarian	HU 11/2025 (IX. 3.) KIM
Jordan	equivalent	Jordán	bulgarian	HU 11/2025 (IX. 3.) KIM
Jordana	equivalent	Jordána	bulgarian	HU 11/2025 (IX. 3.) KIM
Joszefina	equivalent	Jozefina	bulgarian	HU 11/2025 (IX. 3.) KIM
Joszif	equivalent	József	bulgarian	HU 11/2025 (IX. 3.) KIM
Julian	equivalent	Gyula	bulgarian	HU 11/2025 (IX. 3.) KIM
Julian	equivalent	Juliánusz	bulgarian	HU 11/2025 (IX. 3.) KIM
Juliana	equivalent	Julianna	bulgarian	HU 11/2025 (IX. 3.) KIM
Julija	equivalent	Júlia	bulgarian	HU 11/2025 (IX. 3.) KIM
Julijana	equivalent	Julianna	bulgarian	HU 11/2025 (IX. 3.) KIM
Julka	equivalent	Julka	bulgarian	HU 11/2025 (IX. 3.) KIM
Kalin	equivalent	Kalin	bulgarian	HU 11/2025 (IX. 3.) KIM
Kalina	equivalent	Kalina	bulgarian	HU 11/2025 (IX. 3.) KIM
Kamelija	equivalent	Kamélia	bulgarian	HU 11/2025 (IX. 3.) KIM
Katalina	equivalent	Katalina	bulgarian	HU 11/2025 (IX. 3.) KIM
Katerina	equivalent	Katerina	bulgarian	HU 11/2025 (IX. 3.) KIM
Katya	equivalent	Kátya	bulgarian	HU 11/2025 (IX. 3.) KIM
Kera	equivalent	Kéra	bulgarian	HU 11/2025 (IX. 3.) KIM
Kira	equivalent	Kira	bulgarian	HU 11/2025 (IX. 3.) KIM
Kiril	equivalent	Cirill	bulgarian	HU 11/2025 (IX. 3.) KIM
Kirila	equivalent	Kirilla	bulgarian	HU 11/2025 (IX. 3.) KIM
Klara	equivalent	Klára	bulgarian	HU 11/2025 (IX. 3.) KIM
Klaudia	equivalent	Klaudia	bulgarian	HU 11/2025 (IX. 3.) KIM
Klavdija	equivalent	Klaudia	bulgarian	HU 11/2025 (IX. 3.) KIM
Klementina	equivalent	Klementina	bulgarian	HU 11/2025 (IX. 3.) KIM
Kliment	equivalent	Kelemen	bulgarian	HU 11/2025 (IX. 3.) KIM
Klimentina	equivalent	Klementina	bulgarian	HU 11/2025 (IX. 3.) KIM
Konsztantin	equivalent	Konstantin	bulgarian	HU 11/2025 (IX. 3.) KIM
Konsztantin	equivalent	Szilárd	bulgarian	HU 11/2025 (IX. 3.) KIM
Konsztantina	equivalent	Konstancia	bulgarian	HU 11/2025 (IX. 3.) KIM
Konsztantina	equivalent	Konstantina	bulgarian	HU 11/2025 (IX. 3.) KIM
Kornelija	equivalent	Kornélia	bulgarian	HU 11/2025 (IX. 3.) KIM
Kozma	equivalent	Kozma	bulgarian	HU 11/2025 (IX. 3.) KIM
Kriszta	equivalent	Kriszta	bulgarian	HU 11/2025 (IX. 3.) KIM
Krisztian	equivalent	Krisztián	bulgarian	HU 11/2025 (IX. 3.) KIM
Krisztijan	equivalent	Krisztián	bulgarian	HU 11/2025 (IX. 3.) KIM
Krisztina	equivalent	Krisztina	bulgarian	HU 11/2025 (IX. 3.) KIM
Kszenija	equivalent	Xénia	bulgarian	HU 11/2025 (IX. 3.) KIM
Lara	equivalent	Lara	bulgarian	HU 11/2025 (IX. 3.) KIM
Latinka	equivalent	Latinka	bulgarian	HU 11/2025 (IX. 3.) KIM
Lazar	equivalent	Lázár	bulgarian	HU 11/2025 (IX. 3.) KIM
Leda	equivalent	Léda	bulgarian	HU 11/2025 (IX. 3.) KIM
Lena	equivalent	Léna	bulgarian	HU 11/2025 (IX. 3.) KIM
Liana	equivalent	Liána	bulgarian	HU 11/2025 (IX. 3.) KIM
Liana	equivalent	Liana	bulgarian	HU 11/2025 (IX. 3.) KIM
Lidija	equivalent	Lídia	bulgarian	HU 11/2025 (IX. 3.) KIM
Lilija	equivalent	Lilia	bulgarian	HU 11/2025 (IX. 3.) KIM
Liljana	equivalent	Liliána	bulgarian	HU 11/2025 (IX. 3.) KIM
Lina	equivalent	Lina	bulgarian	HU 11/2025 (IX. 3.) KIM
Liza	equivalent	Liza	bulgarian	HU 11/2025 (IX. 3.) KIM
Ljuba	equivalent	Ljuba	bulgarian	HU 11/2025 (IX. 3.) KIM
Ljudmila	equivalent	Ludmilla	bulgarian	HU 11/2025 (IX. 3.) KIM
Lora	equivalent	Laura	bulgarian	HU 11/2025 (IX. 3.) KIM
Lora	equivalent	Lora	bulgarian	HU 11/2025 (IX. 3.) KIM
Lorena	equivalent	Lorena	bulgarian	HU 11/2025 (IX. 3.) KIM
Loreta	equivalent	Loretta	bulgarian	HU 11/2025 (IX. 3.) KIM
Luka	equivalent	Lukács	bulgarian	HU 11/2025 (IX. 3.) KIM
Magda	equivalent	Magda	bulgarian	HU 11/2025 (IX. 3.) KIM
Magdalena	equivalent	Magdaléna	bulgarian	HU 11/2025 (IX. 3.) KIM
Maja	equivalent	Maja	bulgarian	HU 11/2025 (IX. 3.) KIM
Makszim	equivalent	Maxim	bulgarian	HU 11/2025 (IX. 3.) KIM
Malina	equivalent	Malina	bulgarian	HU 11/2025 (IX. 3.) KIM
Manuil	equivalent	Manuel	bulgarian	HU 11/2025 (IX. 3.) KIM
Mara	equivalent	Mara	bulgarian	HU 11/2025 (IX. 3.) KIM
Margarita	equivalent	Margaréta	bulgarian	HU 11/2025 (IX. 3.) KIM
Margarita	equivalent	Margit	bulgarian	HU 11/2025 (IX. 3.) KIM
Marian	equivalent	Marián	bulgarian	HU 11/2025 (IX. 3.) KIM
Mariana	equivalent	Mariann	bulgarian	HU 11/2025 (IX. 3.) KIM
Mariana	equivalent	Marianna	bulgarian	HU 11/2025 (IX. 3.) KIM
Marija	equivalent	Mária	bulgarian	HU 11/2025 (IX. 3.) KIM
Marijan	equivalent	Marián	bulgarian	HU 11/2025 (IX. 3.) KIM
Marijana	equivalent	Mariann	bulgarian	HU 11/2025 (IX. 3.) KIM
Marijana	equivalent	Marianna	bulgarian	HU 11/2025 (IX. 3.) KIM
Marina	equivalent	Marina	bulgarian	HU 11/2025 (IX. 3.) KIM
Marinela	equivalent	Marinella	bulgarian	HU 11/2025 (IX. 3.) KIM
Marta	equivalent	Márta	bulgarian	HU 11/2025 (IX. 3.) KIM
Martin	equivalent	Martin	bulgarian	HU 11/2025 (IX. 3.) KIM
Martin	equivalent	Márton	bulgarian	HU 11/2025 (IX. 3.) KIM
Martina	equivalent	Martina	bulgarian	HU 11/2025 (IX. 3.) KIM
Matej	equivalent	Máté	bulgarian	HU 11/2025 (IX. 3.) KIM
Matej	equivalent	Mátyás	bulgarian	HU 11/2025 (IX. 3.) KIM
Metodi	equivalent	Metód	bulgarian	HU 11/2025 (IX. 3.) KIM
Mihaela	equivalent	Mihaéla	bulgarian	HU 11/2025 (IX. 3.) KIM
Mihail	equivalent	Mihály	bulgarian	HU 11/2025 (IX. 3.) KIM
Mija	equivalent	Mia	bulgarian	HU 11/2025 (IX. 3.) KIM
Mila	equivalent	Mila	bulgarian	HU 11/2025 (IX. 3.) KIM
Milan	equivalent	Milán	bulgarian	HU 11/2025 (IX. 3.) KIM
Milana	equivalent	Milana	bulgarian	HU 11/2025 (IX. 3.) KIM
Milena	equivalent	Milena	bulgarian	HU 11/2025 (IX. 3.) KIM
Mima	equivalent	Mima	bulgarian	HU 11/2025 (IX. 3.) KIM
Mimi	equivalent	Mimi	bulgarian	HU 11/2025 (IX. 3.) KIM
Mina	equivalent	Mina	bulgarian	HU 11/2025 (IX. 3.) KIM
Mira	equivalent	Míra	bulgarian	HU 11/2025 (IX. 3.) KIM
Mirela	equivalent	Mirella	bulgarian	HU 11/2025 (IX. 3.) KIM
Mirjana	equivalent	Mirjána	bulgarian	HU 11/2025 (IX. 3.) KIM
Mirko	equivalent	Mirkó	bulgarian	HU 11/2025 (IX. 3.) KIM
Miroszlav	equivalent	Miroszláv	bulgarian	HU 11/2025 (IX. 3.) KIM
Miso	equivalent	Misó	bulgarian	HU 11/2025 (IX. 3.) KIM
Mitko	equivalent	Mitkó	bulgarian	HU 11/2025 (IX. 3.) KIM
Mona	equivalent	Mona	bulgarian	HU 11/2025 (IX. 3.) KIM
Monika	equivalent	Mónika	bulgarian	HU 11/2025 (IX. 3.) KIM
Nadezsda	equivalent	Nagyezsda	bulgarian	HU 11/2025 (IX. 3.) KIM
Nadina	equivalent	Nadina	bulgarian	HU 11/2025 (IX. 3.) KIM
Nadja	equivalent	Nádja	bulgarian	HU 11/2025 (IX. 3.) KIM
Nagya	equivalent	Nádja	bulgarian	HU 11/2025 (IX. 3.) KIM
Najda	equivalent	Naida	bulgarian	HU 11/2025 (IX. 3.) KIM
Natali	equivalent	Natali	bulgarian	HU 11/2025 (IX. 3.) KIM
Natalie	equivalent	Natali	bulgarian	HU 11/2025 (IX. 3.) KIM
Natalija	equivalent	Natália	bulgarian	HU 11/2025 (IX. 3.) KIM
Natasa	equivalent	Natasa	bulgarian	HU 11/2025 (IX. 3.) KIM
Neli	equivalent	Nelli	bulgarian	HU 11/2025 (IX. 3.) KIM
Nesztor	equivalent	Nesztor	bulgarian	HU 11/2025 (IX. 3.) KIM
Neva	equivalent	Néva	bulgarian	HU 11/2025 (IX. 3.) KIM
Nija	equivalent	Nia	bulgarian	HU 11/2025 (IX. 3.) KIM
Nika	equivalent	Nika	bulgarian	HU 11/2025 (IX. 3.) KIM
Nikita	equivalent	Nikétás	bulgarian	HU 11/2025 (IX. 3.) KIM
Nikola	equivalent	Miklós	bulgarian	HU 11/2025 (IX. 3.) KIM
Nikolaj	equivalent	Miklós	bulgarian	HU 11/2025 (IX. 3.) KIM
Nikolet	equivalent	Nikolett	bulgarian	HU 11/2025 (IX. 3.) KIM
Nikoleta	equivalent	Nikolett	bulgarian	HU 11/2025 (IX. 3.) KIM
Nina	equivalent	Nina	bulgarian	HU 11/2025 (IX. 3.) KIM
Nona	equivalent	Nona	bulgarian	HU 11/2025 (IX. 3.) KIM
Nora	equivalent	Nóra	bulgarian	HU 11/2025 (IX. 3.) KIM
Okszana	equivalent	Oxána	bulgarian	HU 11/2025 (IX. 3.) KIM
Oleg	equivalent	Oleg	bulgarian	HU 11/2025 (IX. 3.) KIM
Olga	equivalent	Olga	bulgarian	HU 11/2025 (IX. 3.) KIM
Orfej	equivalent	Orfeusz	bulgarian	HU 11/2025 (IX. 3.) KIM
Panka	equivalent	Panka	bulgarian	HU 11/2025 (IX. 3.) KIM
Pantalej	equivalent	Pantaleon	bulgarian	HU 11/2025 (IX. 3.) KIM
Paolina	equivalent	Paula	bulgarian	HU 11/2025 (IX. 3.) KIM
Paolina	equivalent	Paulina	bulgarian	HU 11/2025 (IX. 3.) KIM
Paszkal	equivalent	Paszkál	bulgarian	HU 11/2025 (IX. 3.) KIM
Paula	equivalent	Paula	bulgarian	HU 11/2025 (IX. 3.) KIM
Paulina	equivalent	Paulina	bulgarian	HU 11/2025 (IX. 3.) KIM
Pavel	equivalent	Pál	bulgarian	HU 11/2025 (IX. 3.) KIM
Pavleta	equivalent	Pauletta	bulgarian	HU 11/2025 (IX. 3.) KIM
Pavlina	equivalent	Paulina	bulgarian	HU 11/2025 (IX. 3.) KIM
Petar	equivalent	Péter	bulgarian	HU 11/2025 (IX. 3.) KIM
Petra	equivalent	Petra	bulgarian	HU 11/2025 (IX. 3.) KIM
Poleta	equivalent	Polett	bulgarian	HU 11/2025 (IX. 3.) KIM
Polina	equivalent	Polina	bulgarian	HU 11/2025 (IX. 3.) KIM
Radomir	equivalent	Radomér	bulgarian	HU 11/2025 (IX. 3.) KIM
Radoszlav	equivalent	Radoszláv	bulgarian	HU 11/2025 (IX. 3.) KIM
Renata	equivalent	Renáta	bulgarian	HU 11/2025 (IX. 3.) KIM
Reni	equivalent	Reni	bulgarian	HU 11/2025 (IX. 3.) KIM
Roman	equivalent	Román	bulgarian	HU 11/2025 (IX. 3.) KIM
Romina	equivalent	Romána	bulgarian	HU 11/2025 (IX. 3.) KIM
Roza	equivalent	Róza	bulgarian	HU 11/2025 (IX. 3.) KIM
Roza	equivalent	Rózsa	bulgarian	HU 11/2025 (IX. 3.) KIM
Rozalija	equivalent	Rozália	bulgarian	HU 11/2025 (IX. 3.) KIM
Rozalina	equivalent	Rozalina	bulgarian	HU 11/2025 (IX. 3.) KIM
Rozina	equivalent	Rozina	bulgarian	HU 11/2025 (IX. 3.) KIM
Ruszalka	equivalent	Ruszalka	bulgarian	HU 11/2025 (IX. 3.) KIM
Ruszlan	equivalent	Ruszlán	bulgarian	HU 11/2025 (IX. 3.) KIM
Ruszlana	equivalent	Ruszlána	bulgarian	HU 11/2025 (IX. 3.) KIM
Sophie	equivalent	Zsófia	bulgarian	HU 11/2025 (IX. 3.) KIM
Szabin	equivalent	Szabin	bulgarian	HU 11/2025 (IX. 3.) KIM
Szabina	equivalent	Szabina	bulgarian	HU 11/2025 (IX. 3.) KIM
Szamuil	equivalent	Sámuel	bulgarian	HU 11/2025 (IX. 3.) KIM
Szandra	equivalent	Szandra	bulgarian	HU 11/2025 (IX. 3.) KIM
Szavina	equivalent	Szavina	bulgarian	HU 11/2025 (IX. 3.) KIM
Szebasztian	equivalent	Sebestyén	bulgarian	HU 11/2025 (IX. 3.) KIM
Szebasztijan	equivalent	Sebestyén	bulgarian	HU 11/2025 (IX. 3.) KIM
Szerafim	equivalent	Szeráf	bulgarian	HU 11/2025 (IX. 3.) KIM
Szerafima	equivalent	Szerafina	bulgarian	HU 11/2025 (IX. 3.) KIM
Szergej	equivalent	Szergiusz	bulgarian	HU 11/2025 (IX. 3.) KIM
Szevasztian	equivalent	Sebestyén	bulgarian	HU 11/2025 (IX. 3.) KIM
Szevasztijan	equivalent	Sebestyén	bulgarian	HU 11/2025 (IX. 3.) KIM
Szibila	equivalent	Szibilla	bulgarian	HU 11/2025 (IX. 3.) KIM
Szilva	equivalent	Szilva	bulgarian	HU 11/2025 (IX. 3.) KIM
Szilvana	equivalent	Szilvána	bulgarian	HU 11/2025 (IX. 3.) KIM
Szilvija	equivalent	Szilvia	bulgarian	HU 11/2025 (IX. 3.) KIM
Szima	equivalent	Szima	bulgarian	HU 11/2025 (IX. 3.) KIM
Szimeon	equivalent	Simeon	bulgarian	HU 11/2025 (IX. 3.) KIM
Szimeon	equivalent	Simon	bulgarian	HU 11/2025 (IX. 3.) KIM
Szimona	equivalent	Szimóna	bulgarian	HU 11/2025 (IX. 3.) KIM
Szofi	equivalent	Szofi	bulgarian	HU 11/2025 (IX. 3.) KIM
Szofia	equivalent	Zsófia	bulgarian	HU 11/2025 (IX. 3.) KIM
Szofija	equivalent	Zsófia	bulgarian	HU 11/2025 (IX. 3.) KIM
Szonya	equivalent	Szonja	bulgarian	HU 11/2025 (IX. 3.) KIM
Szotir	equivalent	Szotirisz	bulgarian	HU 11/2025 (IX. 3.) KIM
Sztefan	equivalent	István	bulgarian	HU 11/2025 (IX. 3.) KIM
Sztefan	equivalent	Sztefan	bulgarian	HU 11/2025 (IX. 3.) KIM
Sztefanija	equivalent	Stefánia	bulgarian	HU 11/2025 (IX. 3.) KIM
Sztela	equivalent	Stella	bulgarian	HU 11/2025 (IX. 3.) KIM
Sztela	equivalent	Sztella	bulgarian	HU 11/2025 (IX. 3.) KIM
Sztojan	equivalent	Sztoján	bulgarian	HU 11/2025 (IX. 3.) KIM
Szvetla	equivalent	Szvetlána	bulgarian	HU 11/2025 (IX. 3.) KIM
Szvetlana	equivalent	Szvetlána	bulgarian	HU 11/2025 (IX. 3.) KIM
Szvjatoszlav	equivalent	Szvjatoszláv	bulgarian	HU 11/2025 (IX. 3.) KIM
Tamara	equivalent	Tamara	bulgarian	HU 11/2025 (IX. 3.) KIM
Tanya	equivalent	Tánya	bulgarian	HU 11/2025 (IX. 3.) KIM
Tarasz	equivalent	Taráz	bulgarian	HU 11/2025 (IX. 3.) KIM
Tatyjana	equivalent	Tatjána	bulgarian	HU 11/2025 (IX. 3.) KIM
Teo	equivalent	Teó	bulgarian	HU 11/2025 (IX. 3.) KIM
Teodor	equivalent	Teodor	bulgarian	HU 11/2025 (IX. 3.) KIM
Teodora	equivalent	Teodóra	bulgarian	HU 11/2025 (IX. 3.) KIM
Teodoszija	equivalent	Teodózia	bulgarian	HU 11/2025 (IX. 3.) KIM
Tihomir	equivalent	Tihamér	bulgarian	HU 11/2025 (IX. 3.) KIM
Timotej	equivalent	Timót	bulgarian	HU 11/2025 (IX. 3.) KIM
Tina	equivalent	Tina	bulgarian	HU 11/2025 (IX. 3.) KIM
Tinka	equivalent	Tinka	bulgarian	HU 11/2025 (IX. 3.) KIM
Todor	equivalent	Tódor	bulgarian	HU 11/2025 (IX. 3.) KIM
Toma	equivalent	Tamás	bulgarian	HU 11/2025 (IX. 3.) KIM
Trajan	equivalent	Trajánusz	bulgarian	HU 11/2025 (IX. 3.) KIM
Uljana	equivalent	Uljána	bulgarian	HU 11/2025 (IX. 3.) KIM
Ursula	equivalent	Orsolya	bulgarian	HU 11/2025 (IX. 3.) KIM
Urszula	equivalent	Orsolya	bulgarian	HU 11/2025 (IX. 3.) KIM
Valentin	equivalent	Bálint	bulgarian	HU 11/2025 (IX. 3.) KIM
Valentin	equivalent	Valentin	bulgarian	HU 11/2025 (IX. 3.) KIM
Valentina	equivalent	Valentina	bulgarian	HU 11/2025 (IX. 3.) KIM
Valeri	equivalent	Valér	bulgarian	HU 11/2025 (IX. 3.) KIM
Valeri	equivalent	Valérió	bulgarian	HU 11/2025 (IX. 3.) KIM
Valerij	equivalent	Valér	bulgarian	HU 11/2025 (IX. 3.) KIM
Valerija	equivalent	Valéria	bulgarian	HU 11/2025 (IX. 3.) KIM
Vartolomej	equivalent	Bertalan	bulgarian	HU 11/2025 (IX. 3.) KIM
Varvara	equivalent	Barbara	bulgarian	HU 11/2025 (IX. 3.) KIM
Varvara	equivalent	Borbála	bulgarian	HU 11/2025 (IX. 3.) KIM
Vaszil	equivalent	Bazil	bulgarian	HU 11/2025 (IX. 3.) KIM
Vaszilija	equivalent	Vaszília	bulgarian	HU 11/2025 (IX. 3.) KIM
Venera	equivalent	Vénusz	bulgarian	HU 11/2025 (IX. 3.) KIM
Vera	equivalent	Vera	bulgarian	HU 11/2025 (IX. 3.) KIM
Verdzsinija	equivalent	Virgínia	bulgarian	HU 11/2025 (IX. 3.) KIM
Verka	equivalent	Verka	bulgarian	HU 11/2025 (IX. 3.) KIM
Veronika	equivalent	Bereniké	bulgarian	HU 11/2025 (IX. 3.) KIM
Veronika	equivalent	Veronika	bulgarian	HU 11/2025 (IX. 3.) KIM
Viktor	equivalent	Győző	bulgarian	HU 11/2025 (IX. 3.) KIM
Viktor	equivalent	Viktor	bulgarian	HU 11/2025 (IX. 3.) KIM
Viktorija	equivalent	Viktória	bulgarian	HU 11/2025 (IX. 3.) KIM
Viola	equivalent	Viola	bulgarian	HU 11/2025 (IX. 3.) KIM
Violeta	equivalent	Violetta	bulgarian	HU 11/2025 (IX. 3.) KIM
Virdzsinija	equivalent	Virgínia	bulgarian	HU 11/2025 (IX. 3.) KIM
Vitali	equivalent	Vitális	bulgarian	HU 11/2025 (IX. 3.) KIM
Vitalij	equivalent	Vitálij	bulgarian	HU 11/2025 (IX. 3.) KIM
Vladimir	equivalent	Vladimír	bulgarian	HU 11/2025 (IX. 3.) KIM
Vladiszlav	equivalent	László	bulgarian	HU 11/2025 (IX. 3.) KIM
Zafir	equivalent	Zafir	bulgarian	HU 11/2025 (IX. 3.) KIM
Zafira	equivalent	Zafira	bulgarian	HU 11/2025 (IX. 3.) KIM
Zahari	equivalent	Zakariás	bulgarian	HU 11/2025 (IX. 3.) KIM
Zara	equivalent	Zara	bulgarian	HU 11/2025 (IX. 3.) KIM
Zaya	equivalent	Zája	bulgarian	HU 11/2025 (IX. 3.) KIM
Zefira	equivalent	Zefira	bulgarian	HU 11/2025 (IX. 3.) KIM
Zinajda	equivalent	Zinaida	bulgarian	HU 11/2025 (IX. 3.) KIM
Zinajda	equivalent	Zinajda	bulgarian	HU 11/2025 (IX. 3.) KIM
Zoja	equivalent	Zoé	bulgarian	HU 11/2025 (IX. 3.) KIM
Zoja	equivalent	Zója	bulgarian	HU 11/2025 (IX. 3.) KIM
Zoran	equivalent	Zorán	bulgarian	HU 11/2025 (IX. 3.) KIM
Zorka	equivalent	Zorka	bulgarian	HU 11/2025 (IX. 3.) KIM
Zsana	equivalent	Zsana	bulgarian	HU 11/2025 (IX. 3.) KIM
Zsanet	equivalent	Zsanett	bulgarian	HU 11/2025 (IX. 3.) KIM
Zsaneta	equivalent	Zsanett	bulgarian	HU 11/2025 (IX. 3.) KIM
Zsanina	equivalent	Zsanina	bulgarian	HU 11/2025 (IX. 3.) KIM
Zsanna	equivalent	Zsanna	bulgarian	HU 11/2025 (IX. 3.) KIM
Zsaszmin	equivalent	Jázmin	bulgarian	HU 11/2025 (IX. 3.) KIM
Zsaszmina	equivalent	Jázmin	bulgarian	HU 11/2025 (IX. 3.) KIM
Zseni	equivalent	Zseni	bulgarian	HU 11/2025 (IX. 3.) KIM
Zsozefina	equivalent	Jozefina	bulgarian	HU 11/2025 (IX. 3.) KIM
Zsulieta	equivalent	Julietta	bulgarian	HU 11/2025 (IX. 3.) KIM
Zsulijana	equivalent	Julianna	bulgarian	HU 11/2025 (IX. 3.) KIM
Abel	equivalent	Ábel	croatian	HU 13/2025 (IX. 3.) KIM
Abraham	equivalent	Ábrahám	croatian	HU 13/2025 (IX. 3.) KIM
Adalbert	equivalent	Adalbert	croatian	HU 13/2025 (IX. 3.) KIM
Adam	equivalent	Ádám	croatian	HU 13/2025 (IX. 3.) KIM
Adela	equivalent	Adél	croatian	HU 13/2025 (IX. 3.) KIM
Adela	transcription	Adela	croatian	HU 13/2025 (IX. 3.) KIM
Adelka	transcription	Adelka	croatian	HU 13/2025 (IX. 3.) KIM
Adolf	equivalent	Adolf	croatian	HU 13/2025 (IX. 3.) KIM
Adrijan	equivalent	Adrián	croatian	HU 13/2025 (IX. 3.) KIM
Adrijana	transcription	Adrijana	croatian	HU 13/2025 (IX. 3.) KIM
Aga	transcription	Aga	croatian	HU 13/2025 (IX. 3.) KIM
Agaton	equivalent	Agaton	croatian	HU 13/2025 (IX. 3.) KIM
Agneza	equivalent	Ágnes	croatian	HU 13/2025 (IX. 3.) KIM
Agneza	transcription	Agneza	croatian	HU 13/2025 (IX. 3.) KIM
Alan	equivalent	Alán	croatian	HU 13/2025 (IX. 3.) KIM
Albert	equivalent	Albert	croatian	HU 13/2025 (IX. 3.) KIM
Albin	equivalent	Albin	croatian	HU 13/2025 (IX. 3.) KIM
Albina	transcription	Albina	croatian	HU 13/2025 (IX. 3.) KIM
Aleks	equivalent	Alex	croatian	HU 13/2025 (IX. 3.) KIM
Aleks	transcription	Aleksz	croatian	HU 13/2025 (IX. 3.) KIM
Aleksandar	equivalent	Alexander	croatian	HU 13/2025 (IX. 3.) KIM
Aleksandar	transcription	Alekszandar	croatian	HU 13/2025 (IX. 3.) KIM
Aleksandra	transcription	Alekszandra	croatian	HU 13/2025 (IX. 3.) KIM
Aleksije	transcription	Alekszije	croatian	HU 13/2025 (IX. 3.) KIM
Alemka	transcription	Alemka	croatian	HU 13/2025 (IX. 3.) KIM
Alfons	equivalent	Alfonz	croatian	HU 13/2025 (IX. 3.) KIM
Alfons	transcription	Alfonsz	croatian	HU 13/2025 (IX. 3.) KIM
Alica	equivalent	Aliz	croatian	HU 13/2025 (IX. 3.) KIM
Alica	transcription	Alica	croatian	HU 13/2025 (IX. 3.) KIM
Alma	equivalent	Alma	croatian	HU 13/2025 (IX. 3.) KIM
Alma	transcription	Alma	croatian	HU 13/2025 (IX. 3.) KIM
Amalija	equivalent	Amália	croatian	HU 13/2025 (IX. 3.) KIM
Amalija	transcription	Amalija	croatian	HU 13/2025 (IX. 3.) KIM
Ambrozije	equivalent	Ambrus	croatian	HU 13/2025 (IX. 3.) KIM
Amon	equivalent	Ámon	croatian	HU 13/2025 (IX. 3.) KIM
Amos	equivalent	Ámos	croatian	HU 13/2025 (IX. 3.) KIM
Amos	transcription	Amosz	croatian	HU 13/2025 (IX. 3.) KIM
Ana	equivalent	Anna	croatian	HU 13/2025 (IX. 3.) KIM
Ana	transcription	Ana	croatian	HU 13/2025 (IX. 3.) KIM
Ananija	transcription	Ananjija	croatian	HU 13/2025 (IX. 3.) KIM
Anastazija	equivalent	Anasztázia	croatian	HU 13/2025 (IX. 3.) KIM
Anastazija	transcription	Anasztatazija	croatian	HU 13/2025 (IX. 3.) KIM
Anastazije	equivalent	Anasztáz	croatian	HU 13/2025 (IX. 3.) KIM
Anastazije	transcription	Anasztazije	croatian	HU 13/2025 (IX. 3.) KIM
Andrej	equivalent	André	croatian	HU 13/2025 (IX. 3.) KIM
Andreja	equivalent	Andrea	croatian	HU 13/2025 (IX. 3.) KIM
Andreja	transcription	Andreja	croatian	HU 13/2025 (IX. 3.) KIM
Andrija	equivalent	András	croatian	HU 13/2025 (IX. 3.) KIM
Angela	equivalent	Angéla	croatian	HU 13/2025 (IX. 3.) KIM
Angela	transcription	Angela	croatian	HU 13/2025 (IX. 3.) KIM
Anica	transcription	Anica	croatian	HU 13/2025 (IX. 3.) KIM
Anicet	equivalent	Anicét	croatian	HU 13/2025 (IX. 3.) KIM
Anka	transcription	Anka	croatian	HU 13/2025 (IX. 3.) KIM
Ankica	equivalent	Anikó	croatian	HU 13/2025 (IX. 3.) KIM
Ankica	transcription	Ankica	croatian	HU 13/2025 (IX. 3.) KIM
Ante	equivalent	Antal	croatian	HU 13/2025 (IX. 3.) KIM
Anto	equivalent	Antal	croatian	HU 13/2025 (IX. 3.) KIM
Antonija	equivalent	Antónia	croatian	HU 13/2025 (IX. 3.) KIM
Antonija	transcription	Antonija	croatian	HU 13/2025 (IX. 3.) KIM
Antun	equivalent	Antal	croatian	HU 13/2025 (IX. 3.) KIM
Anzelmo	equivalent	Anzelm	croatian	HU 13/2025 (IX. 3.) KIM
Anđa	transcription	Angya	croatian	HU 13/2025 (IX. 3.) KIM
Anđela	equivalent	Angyalka	croatian	HU 13/2025 (IX. 3.) KIM
Anđela	transcription	Angyela	croatian	HU 13/2025 (IX. 3.) KIM
Anđelija	transcription	Angyelija	croatian	HU 13/2025 (IX. 3.) KIM
Anđelka	transcription	Angyelka	croatian	HU 13/2025 (IX. 3.) KIM
Anđelko	equivalent	Angelus	croatian	HU 13/2025 (IX. 3.) KIM
Anđelko	transcription	Angyelko	croatian	HU 13/2025 (IX. 3.) KIM
Apolinar	equivalent	Apollinár	croatian	HU 13/2025 (IX. 3.) KIM
Apolon	equivalent	Apolló	croatian	HU 13/2025 (IX. 3.) KIM
Apolonija	equivalent	Apollónia	croatian	HU 13/2025 (IX. 3.) KIM
Apolonija	transcription	Apolonija	croatian	HU 13/2025 (IX. 3.) KIM
Arnold	equivalent	Arnold	croatian	HU 13/2025 (IX. 3.) KIM
Aron	equivalent	Áron	croatian	HU 13/2025 (IX. 3.) KIM
Arsen	equivalent	Arzén	croatian	HU 13/2025 (IX. 3.) KIM
Arsen	transcription	Arszen	croatian	HU 13/2025 (IX. 3.) KIM
Augusta	equivalent	Auguszta	croatian	HU 13/2025 (IX. 3.) KIM
Augusta	transcription	Auguszta	croatian	HU 13/2025 (IX. 3.) KIM
Augustin	equivalent	Ágoston	croatian	HU 13/2025 (IX. 3.) KIM
Augustin	transcription	Augusztin	croatian	HU 13/2025 (IX. 3.) KIM
Aurel	equivalent	Aurél	croatian	HU 13/2025 (IX. 3.) KIM
Aurelija	transcription	Aurelija	croatian	HU 13/2025 (IX. 3.) KIM
Baltazar	equivalent	Baltazár	croatian	HU 13/2025 (IX. 3.) KIM
Barbara	equivalent	Barbara	croatian	HU 13/2025 (IX. 3.) KIM
Barbara	transcription	Barbara	croatian	HU 13/2025 (IX. 3.) KIM
Barica	transcription	Barica	croatian	HU 13/2025 (IX. 3.) KIM
Bariša	transcription	Barisa	croatian	HU 13/2025 (IX. 3.) KIM
Barnaba	equivalent	Barnabás	croatian	HU 13/2025 (IX. 3.) KIM
Bartol	equivalent	Bertalan	croatian	HU 13/2025 (IX. 3.) KIM
Bartolomej	equivalent	Bertalan	croatian	HU 13/2025 (IX. 3.) KIM
Bazilije	equivalent	Bazil	croatian	HU 13/2025 (IX. 3.) KIM
Belimir	equivalent	Béla	croatian	HU 13/2025 (IX. 3.) KIM
Benedikt	equivalent	Benedek	croatian	HU 13/2025 (IX. 3.) KIM
Benedikta	transcription	Benedikta	croatian	HU 13/2025 (IX. 3.) KIM
Benjamin	equivalent	Benjámin	croatian	HU 13/2025 (IX. 3.) KIM
Benjamin	transcription	Benyamin	croatian	HU 13/2025 (IX. 3.) KIM
Benko	equivalent	Benedek	croatian	HU 13/2025 (IX. 3.) KIM
Bernadeta	equivalent	Bernadett	croatian	HU 13/2025 (IX. 3.) KIM
Bernadeta	transcription	Bernadeta	croatian	HU 13/2025 (IX. 3.) KIM
Bernard	equivalent	Bernát	croatian	HU 13/2025 (IX. 3.) KIM
Bernardica	transcription	Bernardica	croatian	HU 13/2025 (IX. 3.) KIM
Bernardin	equivalent	Bernát	croatian	HU 13/2025 (IX. 3.) KIM
Berto	equivalent	Bertold	croatian	HU 13/2025 (IX. 3.) KIM
Bertold	equivalent	Bertold	croatian	HU 13/2025 (IX. 3.) KIM
Beta	transcription	Beta	croatian	HU 13/2025 (IX. 3.) KIM
Bibijana	transcription	Bibijana	croatian	HU 13/2025 (IX. 3.) KIM
Biserka	equivalent	Gyöngyi	croatian	HU 13/2025 (IX. 3.) KIM
Biserka	transcription	Biszerka	croatian	HU 13/2025 (IX. 3.) KIM
Blagica	transcription	Blagica	croatian	HU 13/2025 (IX. 3.) KIM
Blanka	transcription	Blanka	croatian	HU 13/2025 (IX. 3.) KIM
Blaško	transcription	Blasko	croatian	HU 13/2025 (IX. 3.) KIM
Blaž	equivalent	Balázs	croatian	HU 13/2025 (IX. 3.) KIM
Blaž	transcription	Blazs	croatian	HU 13/2025 (IX. 3.) KIM
Blaženka	transcription	Blazsenka	croatian	HU 13/2025 (IX. 3.) KIM
Blaženko	transcription	Blazsenko	croatian	HU 13/2025 (IX. 3.) KIM
Blažinka	transcription	Blazsinka	croatian	HU 13/2025 (IX. 3.) KIM
Bogdana	transcription	Bogdana	croatian	HU 13/2025 (IX. 3.) KIM
Bogdanka	transcription	Bogdanka	croatian	HU 13/2025 (IX. 3.) KIM
Bogoljub	transcription	Bogolyub	croatian	HU 13/2025 (IX. 3.) KIM
Bogoslav	transcription	Bogoszlav	croatian	HU 13/2025 (IX. 3.) KIM
Bojana	transcription	Bojan	croatian	HU 13/2025 (IX. 3.) KIM
Bojislav	transcription	Bojiszlav	croatian	HU 13/2025 (IX. 3.) KIM
Bonifacije	equivalent	Bonifác	croatian	HU 13/2025 (IX. 3.) KIM
Bonislav	transcription	Boniszlav	croatian	HU 13/2025 (IX. 3.) KIM
Boris	equivalent	Borisz	croatian	HU 13/2025 (IX. 3.) KIM
Boris	transcription	Borisz	croatian	HU 13/2025 (IX. 3.) KIM
Borislav	transcription	Boriszlav	croatian	HU 13/2025 (IX. 3.) KIM
Borka	equivalent	Borbála	croatian	HU 13/2025 (IX. 3.) KIM
Borka	transcription	Borka	croatian	HU 13/2025 (IX. 3.) KIM
Bosijka	transcription	Boszilyka	croatian	HU 13/2025 (IX. 3.) KIM
Bosiljko	transcription	Boszilyko	croatian	HU 13/2025 (IX. 3.) KIM
Boško	transcription	Bosko	croatian	HU 13/2025 (IX. 3.) KIM
Božena	transcription	Bozsena	croatian	HU 13/2025 (IX. 3.) KIM
Božica	transcription	Bozsica	croatian	HU 13/2025 (IX. 3.) KIM
Božidar	transcription	Bozsidar	croatian	HU 13/2025 (IX. 3.) KIM
Božidarka	transcription	Bozsidarka	croatian	HU 13/2025 (IX. 3.) KIM
Božo	transcription	Bozso	croatian	HU 13/2025 (IX. 3.) KIM
Branimira	transcription	Branimira	croatian	HU 13/2025 (IX. 3.) KIM
Branislav	transcription	Braniszlav	croatian	HU 13/2025 (IX. 3.) KIM
Branislava	transcription	Braniszlava	croatian	HU 13/2025 (IX. 3.) KIM
Branka	transcription	Branka	croatian	HU 13/2025 (IX. 3.) KIM
Bratislav	transcription	Bratiszlav	croatian	HU 13/2025 (IX. 3.) KIM
Bratoljub	transcription	Bratolyub	croatian	HU 13/2025 (IX. 3.) KIM
Brigita	equivalent	Brigitta	croatian	HU 13/2025 (IX. 3.) KIM
Brigita	transcription	Brigita	croatian	HU 13/2025 (IX. 3.) KIM
Bruno	equivalent	Brúnó	croatian	HU 13/2025 (IX. 3.) KIM
Budislav	transcription	Budiszlav	croatian	HU 13/2025 (IX. 3.) KIM
Časlav	transcription	Csaszlav	croatian	HU 13/2025 (IX. 3.) KIM
Cecilija	equivalent	Cecília	croatian	HU 13/2025 (IX. 3.) KIM
Cecilija	transcription	Cecilija	croatian	HU 13/2025 (IX. 3.) KIM
Celestin	transcription	Celesztin	croatian	HU 13/2025 (IX. 3.) KIM
Cilika	transcription	Cilika	croatian	HU 13/2025 (IX. 3.) KIM
Ćiril	equivalent	Cirill	croatian	HU 13/2025 (IX. 3.) KIM
Ćiril	transcription	Tyiril	croatian	HU 13/2025 (IX. 3.) KIM
Ćiro	transcription	Tyiro	croatian	HU 13/2025 (IX. 3.) KIM
Cvijeta	equivalent	Virág	croatian	HU 13/2025 (IX. 3.) KIM
Cvijeta	transcription	Cvijeta	croatian	HU 13/2025 (IX. 3.) KIM
Cvjeta	equivalent	Virág	croatian	HU 13/2025 (IX. 3.) KIM
Cvjeta	transcription	Cvjeta	croatian	HU 13/2025 (IX. 3.) KIM
Dafroza	transcription	Dafroza	croatian	HU 13/2025 (IX. 3.) KIM
Daliborka	transcription	Daliborka	croatian	HU 13/2025 (IX. 3.) KIM
Damira	transcription	Damira	croatian	HU 13/2025 (IX. 3.) KIM
Danica	transcription	Danica	croatian	HU 13/2025 (IX. 3.) KIM
Danijel	equivalent	Dániel	croatian	HU 13/2025 (IX. 3.) KIM
Danijela	transcription	Danijela	croatian	HU 13/2025 (IX. 3.) KIM
Danka	transcription	Danka	croatian	HU 13/2025 (IX. 3.) KIM
Dara	transcription	Dara	croatian	HU 13/2025 (IX. 3.) KIM
Darija	transcription	Darija	croatian	HU 13/2025 (IX. 3.) KIM
Darinka	transcription	Darinka	croatian	HU 13/2025 (IX. 3.) KIM
David	equivalent	Dávid	croatian	HU 13/2025 (IX. 3.) KIM
Davorka	transcription	Davorka	croatian	HU 13/2025 (IX. 3.) KIM
Debora	transcription	Debora	croatian	HU 13/2025 (IX. 3.) KIM
Demetrije	equivalent	Demeter	croatian	HU 13/2025 (IX. 3.) KIM
Denis	transcription	Denisz	croatian	HU 13/2025 (IX. 3.) KIM
Dijana	equivalent	Diána	croatian	HU 13/2025 (IX. 3.) KIM
Dijana	transcription	Dijana	croatian	HU 13/2025 (IX. 3.) KIM
Dinka	transcription	Dinka	croatian	HU 13/2025 (IX. 3.) KIM
Dinko	equivalent	Dénes	croatian	HU 13/2025 (IX. 3.) KIM
Divna	transcription	Divna	croatian	HU 13/2025 (IX. 3.) KIM
Dmitar	equivalent	Demeter	croatian	HU 13/2025 (IX. 3.) KIM
Dobra	transcription	Dobra	croatian	HU 13/2025 (IX. 3.) KIM
Dobriša	transcription	Dobrisa	croatian	HU 13/2025 (IX. 3.) KIM
Dobroslav	transcription	Dobroszlav	croatian	HU 13/2025 (IX. 3.) KIM
Dolores	equivalent	Doloresz	croatian	HU 13/2025 (IX. 3.) KIM
Dolores	transcription	Doloresz	croatian	HU 13/2025 (IX. 3.) KIM
Dominika	equivalent	Dominika	croatian	HU 13/2025 (IX. 3.) KIM
Dominika	transcription	Dominika	croatian	HU 13/2025 (IX. 3.) KIM
Donat	equivalent	Donát	croatian	HU 13/2025 (IX. 3.) KIM
Dora	equivalent	Dóra	croatian	HU 13/2025 (IX. 3.) KIM
Dora	transcription	Dora	croatian	HU 13/2025 (IX. 3.) KIM
Dorica	equivalent	Dorka	croatian	HU 13/2025 (IX. 3.) KIM
Dorica	transcription	Dorica	croatian	HU 13/2025 (IX. 3.) KIM
Doris	transcription	Dorisz	croatian	HU 13/2025 (IX. 3.) KIM
Doroteja	equivalent	Dorotea	croatian	HU 13/2025 (IX. 3.) KIM
Doroteja	transcription	Doroteja	croatian	HU 13/2025 (IX. 3.) KIM
Draga	transcription	Draga	croatian	HU 13/2025 (IX. 3.) KIM
Dragica	transcription	Dragica	croatian	HU 13/2025 (IX. 3.) KIM
Dragoljub	transcription	Dragolyub	croatian	HU 13/2025 (IX. 3.) KIM
Dražen	transcription	Drazsen	croatian	HU 13/2025 (IX. 3.) KIM
Držimir	transcription	Drzsimir	croatian	HU 13/2025 (IX. 3.) KIM
Držislav	transcription	Drzsiszlav	croatian	HU 13/2025 (IX. 3.) KIM
Dubravka	transcription	Dubravka	croatian	HU 13/2025 (IX. 3.) KIM
Dunja	transcription	Dunya	croatian	HU 13/2025 (IX. 3.) KIM
Dušica	transcription	Dusica	croatian	HU 13/2025 (IX. 3.) KIM
Duška	transcription	Duska	croatian	HU 13/2025 (IX. 3.) KIM
Duško	transcription	Dusko	croatian	HU 13/2025 (IX. 3.) KIM
Edita	transcription	Edit	croatian	HU 13/2025 (IX. 3.) KIM
Edmund	equivalent	Edmund	croatian	HU 13/2025 (IX. 3.) KIM
Edo	equivalent	Eduárd	croatian	HU 13/2025 (IX. 3.) KIM
Eduard	equivalent	Eduárd	croatian	HU 13/2025 (IX. 3.) KIM
Edvin	equivalent	Edvin	croatian	HU 13/2025 (IX. 3.) KIM
Eleonora	equivalent	Eleonóra	croatian	HU 13/2025 (IX. 3.) KIM
Eleonora	transcription	Eleonora	croatian	HU 13/2025 (IX. 3.) KIM
Elizabeta	equivalent	Erzsébet	croatian	HU 13/2025 (IX. 3.) KIM
Elizabeta	transcription	Elizabeta	croatian	HU 13/2025 (IX. 3.) KIM
Elizej	equivalent	Elizeus	croatian	HU 13/2025 (IX. 3.) KIM
Elvira	equivalent	Elvíra	croatian	HU 13/2025 (IX. 3.) KIM
Elvira	transcription	Elvira	croatian	HU 13/2025 (IX. 3.) KIM
Ema	equivalent	Emma	croatian	HU 13/2025 (IX. 3.) KIM
Ema	transcription	Ema	croatian	HU 13/2025 (IX. 3.) KIM
Emanuel	equivalent	Emánuel	croatian	HU 13/2025 (IX. 3.) KIM
Emil	equivalent	Emil	croatian	HU 13/2025 (IX. 3.) KIM
Emilija	equivalent	Emília	croatian	HU 13/2025 (IX. 3.) KIM
Emilija	transcription	Emilija	croatian	HU 13/2025 (IX. 3.) KIM
Emilijan	equivalent	Emilián	croatian	HU 13/2025 (IX. 3.) KIM
Ena	transcription	Ena	croatian	HU 13/2025 (IX. 3.) KIM
Ernest	equivalent	Ernő	croatian	HU 13/2025 (IX. 3.) KIM
Ernest	transcription	Erneszt	croatian	HU 13/2025 (IX. 3.) KIM
Estera	equivalent	Eszter	croatian	HU 13/2025 (IX. 3.) KIM
Estera	transcription	Esztera	croatian	HU 13/2025 (IX. 3.) KIM
Eufemija	transcription	Eufemija	croatian	HU 13/2025 (IX. 3.) KIM
Eugen	equivalent	Eugén	croatian	HU 13/2025 (IX. 3.) KIM
Eugenija	transcription	Eugenija	croatian	HU 13/2025 (IX. 3.) KIM
Eva	equivalent	Éva	croatian	HU 13/2025 (IX. 3.) KIM
Eva	transcription	Eva	croatian	HU 13/2025 (IX. 3.) KIM
Ezekijel	equivalent	Ezékiel	croatian	HU 13/2025 (IX. 3.) KIM
Fabijan	equivalent	Fábián	croatian	HU 13/2025 (IX. 3.) KIM
Feliks	equivalent	Félix	croatian	HU 13/2025 (IX. 3.) KIM
Feliks	transcription	Feliksz	croatian	HU 13/2025 (IX. 3.) KIM
Ferdinand	equivalent	Ferdinánd	croatian	HU 13/2025 (IX. 3.) KIM
Ferdo	equivalent	Ferdinánd	croatian	HU 13/2025 (IX. 3.) KIM
Fidelis	equivalent	Fidél	croatian	HU 13/2025 (IX. 3.) KIM
Fidelis	transcription	Fidelisz	croatian	HU 13/2025 (IX. 3.) KIM
Filip	equivalent	Fülöp	croatian	HU 13/2025 (IX. 3.) KIM
Flavijan	equivalent	Flávián	croatian	HU 13/2025 (IX. 3.) KIM
Flora	equivalent	Flóra	croatian	HU 13/2025 (IX. 3.) KIM
Flora	transcription	Flora	croatian	HU 13/2025 (IX. 3.) KIM
Florijan	equivalent	Flórián	croatian	HU 13/2025 (IX. 3.) KIM
Franciska	equivalent	Franciska	croatian	HU 13/2025 (IX. 3.) KIM
Franciska	transcription	Franciszka	croatian	HU 13/2025 (IX. 3.) KIM
Franjka	transcription	Franyka	croatian	HU 13/2025 (IX. 3.) KIM
Franjo	equivalent	Ferenc	croatian	HU 13/2025 (IX. 3.) KIM
Franjo	transcription	Franyo	croatian	HU 13/2025 (IX. 3.) KIM
Franka	transcription	Franka	croatian	HU 13/2025 (IX. 3.) KIM
Fridrik	equivalent	Frigyes	croatian	HU 13/2025 (IX. 3.) KIM
Gabrijel	equivalent	Gábriel	croatian	HU 13/2025 (IX. 3.) KIM
Gašpar	equivalent	Gáspár	croatian	HU 13/2025 (IX. 3.) KIM
Gašpar	transcription	Gaspar	croatian	HU 13/2025 (IX. 3.) KIM
Genoveva	equivalent	Genovéva	croatian	HU 13/2025 (IX. 3.) KIM
Genoveva	transcription	Genoveva	croatian	HU 13/2025 (IX. 3.) KIM
Gerhard	equivalent	Gerhárd	croatian	HU 13/2025 (IX. 3.) KIM
German	equivalent	Germán	croatian	HU 13/2025 (IX. 3.) KIM
Gertruda	equivalent	Gertrúd	croatian	HU 13/2025 (IX. 3.) KIM
Gertruda	transcription	Gertruda	croatian	HU 13/2025 (IX. 3.) KIM
Gizela	equivalent	Gizella	croatian	HU 13/2025 (IX. 3.) KIM
Gizela	transcription	Gizela	croatian	HU 13/2025 (IX. 3.) KIM
Goranka	transcription	Goranka	croatian	HU 13/2025 (IX. 3.) KIM
Gordana	transcription	Gordana	croatian	HU 13/2025 (IX. 3.) KIM
Gorica	transcription	Gorica	croatian	HU 13/2025 (IX. 3.) KIM
Greta	equivalent	Gréta	croatian	HU 13/2025 (IX. 3.) KIM
Greta	transcription	Greta	croatian	HU 13/2025 (IX. 3.) KIM
Grgur	equivalent	Gergely	croatian	HU 13/2025 (IX. 3.) KIM
Grozdana	transcription	Grozdana	croatian	HU 13/2025 (IX. 3.) KIM
Gustav	equivalent	Gusztáv	croatian	HU 13/2025 (IX. 3.) KIM
Gustav	transcription	Gusztav	croatian	HU 13/2025 (IX. 3.) KIM
Hadrijan	equivalent	Adrián	croatian	HU 13/2025 (IX. 3.) KIM
Hedviga	equivalent	Hedvig	croatian	HU 13/2025 (IX. 3.) KIM
Hedviga	transcription	Hedviga	croatian	HU 13/2025 (IX. 3.) KIM
Helena	equivalent	Heléna	croatian	HU 13/2025 (IX. 3.) KIM
Helena	transcription	Helena	croatian	HU 13/2025 (IX. 3.) KIM
Henrik	equivalent	Henrik	croatian	HU 13/2025 (IX. 3.) KIM
Herman	equivalent	Herman	croatian	HU 13/2025 (IX. 3.) KIM
Hijacint	equivalent	Jácint	croatian	HU 13/2025 (IX. 3.) KIM
Hilarija	transcription	Hilarija	croatian	HU 13/2025 (IX. 3.) KIM
Hilarije	equivalent	Hiláriusz	croatian	HU 13/2025 (IX. 3.) KIM
Honorat	equivalent	Honorátusz	croatian	HU 13/2025 (IX. 3.) KIM
Hrvojka	transcription	Hrvojka	croatian	HU 13/2025 (IX. 3.) KIM
Hubert	equivalent	Hubert	croatian	HU 13/2025 (IX. 3.) KIM
Hugo	equivalent	Hugó	croatian	HU 13/2025 (IX. 3.) KIM
Ida	equivalent	Ida	croatian	HU 13/2025 (IX. 3.) KIM
Ida	transcription	Ida	croatian	HU 13/2025 (IX. 3.) KIM
Ignacije	equivalent	Ignác	croatian	HU 13/2025 (IX. 3.) KIM
Igor	equivalent	Igor	croatian	HU 13/2025 (IX. 3.) KIM
Ilija	equivalent	Illés	croatian	HU 13/2025 (IX. 3.) KIM
Ines	equivalent	Inez	croatian	HU 13/2025 (IX. 3.) KIM
Ines	transcription	Inesz	croatian	HU 13/2025 (IX. 3.) KIM
Inka	transcription	Inka	croatian	HU 13/2025 (IX. 3.) KIM
Ira	transcription	Ira	croatian	HU 13/2025 (IX. 3.) KIM
Irena	equivalent	Irén	croatian	HU 13/2025 (IX. 3.) KIM
Irena	transcription	Irena	croatian	HU 13/2025 (IX. 3.) KIM
Irenej	equivalent	Iréneusz	croatian	HU 13/2025 (IX. 3.) KIM
Irma	equivalent	Irma	croatian	HU 13/2025 (IX. 3.) KIM
Irma	transcription	Irma	croatian	HU 13/2025 (IX. 3.) KIM
Iva	transcription	Iva	croatian	HU 13/2025 (IX. 3.) KIM
Ivan	equivalent	János	croatian	HU 13/2025 (IX. 3.) KIM
Ivana	transcription	Ivana	croatian	HU 13/2025 (IX. 3.) KIM
Izabela	equivalent	Izabella	croatian	HU 13/2025 (IX. 3.) KIM
Izabela	transcription	Izabela	croatian	HU 13/2025 (IX. 3.) KIM
Izak	equivalent	Izsák	croatian	HU 13/2025 (IX. 3.) KIM
Izidor	equivalent	Izidor	croatian	HU 13/2025 (IX. 3.) KIM
Jadranka	equivalent	Adrienn	croatian	HU 13/2025 (IX. 3.) KIM
Jadranka	transcription	Jadranka	croatian	HU 13/2025 (IX. 3.) KIM
Jaga	transcription	Jaga	croatian	HU 13/2025 (IX. 3.) KIM
Jagica	transcription	Jagica	croatian	HU 13/2025 (IX. 3.) KIM
Jagoda	transcription	Jagoda	croatian	HU 13/2025 (IX. 3.) KIM
Jakov	equivalent	Jakab	croatian	HU 13/2025 (IX. 3.) KIM
Jakša	transcription	Jaksa	croatian	HU 13/2025 (IX. 3.) KIM
Jana	equivalent	Anna	croatian	HU 13/2025 (IX. 3.) KIM
Jana	transcription	Jana	croatian	HU 13/2025 (IX. 3.) KIM
Janja	equivalent	Ágnes	croatian	HU 13/2025 (IX. 3.) KIM
Janja	transcription	Janya	croatian	HU 13/2025 (IX. 3.) KIM
Jaroslav	transcription	Jaroszlav	croatian	HU 13/2025 (IX. 3.) KIM
Jasen	transcription	Jaszen	croatian	HU 13/2025 (IX. 3.) KIM
Jasenka	transcription	Jaszenka	croatian	HU 13/2025 (IX. 3.) KIM
Jasminka	equivalent	Jázmin	croatian	HU 13/2025 (IX. 3.) KIM
Jasminka	transcription	Jaszminka	croatian	HU 13/2025 (IX. 3.) KIM
Jasna	transcription	Jaszna	croatian	HU 13/2025 (IX. 3.) KIM
Javorka	transcription	Javorka	croatian	HU 13/2025 (IX. 3.) KIM
Jelena	equivalent	Ilona	croatian	HU 13/2025 (IX. 3.) KIM
Jelena	transcription	Jelena	croatian	HU 13/2025 (IX. 3.) KIM
Jelica	equivalent	Ilona	croatian	HU 13/2025 (IX. 3.) KIM
Jelica	transcription	Jelica	croatian	HU 13/2025 (IX. 3.) KIM
Jeremija	equivalent	Jeremiás	croatian	HU 13/2025 (IX. 3.) KIM
Jeronim	equivalent	Jeromos	croatian	HU 13/2025 (IX. 3.) KIM
Job	equivalent	Jób	croatian	HU 13/2025 (IX. 3.) KIM
Jolanda	equivalent	Jolán	croatian	HU 13/2025 (IX. 3.) KIM
Jolanda	transcription	Jolanda	croatian	HU 13/2025 (IX. 3.) KIM
Jolanka	equivalent	Jolán	croatian	HU 13/2025 (IX. 3.) KIM
Jolanka	transcription	Jolanka	croatian	HU 13/2025 (IX. 3.) KIM
Josip	equivalent	József	croatian	HU 13/2025 (IX. 3.) KIM
Josip	transcription	Joszip	croatian	HU 13/2025 (IX. 3.) KIM
Josipa	transcription	Joszipa	croatian	HU 13/2025 (IX. 3.) KIM
Joso	transcription	Joszo	croatian	HU 13/2025 (IX. 3.) KIM
Judita	equivalent	Judit	croatian	HU 13/2025 (IX. 3.) KIM
Judita	transcription	Judita	croatian	HU 13/2025 (IX. 3.) KIM
Julija	equivalent	Júlia	croatian	HU 13/2025 (IX. 3.) KIM
Julija	transcription	Julija	croatian	HU 13/2025 (IX. 3.) KIM
Julijana	equivalent	Julianna	croatian	HU 13/2025 (IX. 3.) KIM
Julijana	transcription	Lulijana	croatian	HU 13/2025 (IX. 3.) KIM
Julije	equivalent	Gyula	croatian	HU 13/2025 (IX. 3.) KIM
Julka	equivalent	Júlia	croatian	HU 13/2025 (IX. 3.) KIM
Julka	transcription	Julka	croatian	HU 13/2025 (IX. 3.) KIM
Julkica	equivalent	Júlia	croatian	HU 13/2025 (IX. 3.) KIM
Julkica	transcription	Julkica	croatian	HU 13/2025 (IX. 3.) KIM
Juraj	equivalent	György	croatian	HU 13/2025 (IX. 3.) KIM
Justa	equivalent	Jusztina	croatian	HU 13/2025 (IX. 3.) KIM
Justa	transcription	Juszta	croatian	HU 13/2025 (IX. 3.) KIM
Justina	equivalent	Jusztina	croatian	HU 13/2025 (IX. 3.) KIM
Justina	transcription	Jusztina	croatian	HU 13/2025 (IX. 3.) KIM
Kajica	transcription	Kajica	croatian	HU 13/2025 (IX. 3.) KIM
Kalist	transcription	Kaliszt	croatian	HU 13/2025 (IX. 3.) KIM
Kalista	transcription	Kaliszta	croatian	HU 13/2025 (IX. 3.) KIM
Kamilo	equivalent	Kamill	croatian	HU 13/2025 (IX. 3.) KIM
Kandid	equivalent	Kandid	croatian	HU 13/2025 (IX. 3.) KIM
Karlo	equivalent	Károly	croatian	HU 13/2025 (IX. 3.) KIM
Karmela	transcription	Karmela	croatian	HU 13/2025 (IX. 3.) KIM
Karolina	equivalent	Karolina	croatian	HU 13/2025 (IX. 3.) KIM
Karolina	transcription	Karolina	croatian	HU 13/2025 (IX. 3.) KIM
Kastor	equivalent	Kasztor	croatian	HU 13/2025 (IX. 3.) KIM
Kastor	transcription	Kasztor	croatian	HU 13/2025 (IX. 3.) KIM
Kata	transcription	Kata	croatian	HU 13/2025 (IX. 3.) KIM
Katarina	equivalent	Katalin	croatian	HU 13/2025 (IX. 3.) KIM
Katarina	transcription	Katarina	croatian	HU 13/2025 (IX. 3.) KIM
Katica	equivalent	Katalin	croatian	HU 13/2025 (IX. 3.) KIM
Katica	transcription	Katica	croatian	HU 13/2025 (IX. 3.) KIM
Kazimir	equivalent	Kazimír	croatian	HU 13/2025 (IX. 3.) KIM
Kićo	transcription	Kityo	croatian	HU 13/2025 (IX. 3.) KIM
Klara	equivalent	Klára	croatian	HU 13/2025 (IX. 3.) KIM
Klara	transcription	Klara	croatian	HU 13/2025 (IX. 3.) KIM
Klaudija	equivalent	Klaudia	croatian	HU 13/2025 (IX. 3.) KIM
Klaudija	transcription	Klaudija	croatian	HU 13/2025 (IX. 3.) KIM
Konrad	equivalent	Konrád	croatian	HU 13/2025 (IX. 3.) KIM
Konstancije	transcription	Konsztancije	croatian	HU 13/2025 (IX. 3.) KIM
Koraljka	transcription	Koralyka	croatian	HU 13/2025 (IX. 3.) KIM
Kornelije	equivalent	Kornél	croatian	HU 13/2025 (IX. 3.) KIM
Krešimir	transcription	Kresimir	croatian	HU 13/2025 (IX. 3.) KIM
Krista	equivalent	Kriszta	croatian	HU 13/2025 (IX. 3.) KIM
Krista	transcription	Kriszta	croatian	HU 13/2025 (IX. 3.) KIM
Kristina	equivalent	Krisztina	croatian	HU 13/2025 (IX. 3.) KIM
Kristina	transcription	Krisztina	croatian	HU 13/2025 (IX. 3.) KIM
Kristofor	transcription	Krisztofor	croatian	HU 13/2025 (IX. 3.) KIM
Krševan	transcription	Krsevan	croatian	HU 13/2025 (IX. 3.) KIM
Kršo	transcription	Krso	croatian	HU 13/2025 (IX. 3.) KIM
Krunoslav	transcription	Krunoszlav	croatian	HU 13/2025 (IX. 3.) KIM
Krusnoslava	transcription	Krunoszlava	croatian	HU 13/2025 (IX. 3.) KIM
Ksenija	equivalent	Xénia	croatian	HU 13/2025 (IX. 3.) KIM
Ksenija	transcription	Kszenija	croatian	HU 13/2025 (IX. 3.) KIM
Lada	transcription	Lada	croatian	HU 13/2025 (IX. 3.) KIM
Ladislav	equivalent	László	croatian	HU 13/2025 (IX. 3.) KIM
Ladislav	transcription	Ladiszlav	croatian	HU 13/2025 (IX. 3.) KIM
Lavoslav	transcription	Lavoszlav	croatian	HU 13/2025 (IX. 3.) KIM
Lazar	equivalent	Lázár	croatian	HU 13/2025 (IX. 3.) KIM
Lea	equivalent	Lea	croatian	HU 13/2025 (IX. 3.) KIM
Lea	transcription	Lea	croatian	HU 13/2025 (IX. 3.) KIM
Leda	equivalent	Léda	croatian	HU 13/2025 (IX. 3.) KIM
Leda	transcription	Leda	croatian	HU 13/2025 (IX. 3.) KIM
Lenka	transcription	Lenka	croatian	HU 13/2025 (IX. 3.) KIM
Leon	equivalent	Leó	croatian	HU 13/2025 (IX. 3.) KIM
Leonard	equivalent	Leonárd	croatian	HU 13/2025 (IX. 3.) KIM
Leonida	transcription	Leonida	croatian	HU 13/2025 (IX. 3.) KIM
Leopold	equivalent	Leopold	croatian	HU 13/2025 (IX. 3.) KIM
Leticija	equivalent	Leticia	croatian	HU 13/2025 (IX. 3.) KIM
Leticija	transcription	Leticija	croatian	HU 13/2025 (IX. 3.) KIM
Lidija	equivalent	Lídia	croatian	HU 13/2025 (IX. 3.) KIM
Lidija	transcription	Lidija	croatian	HU 13/2025 (IX. 3.) KIM
Livija	equivalent	Lívia	croatian	HU 13/2025 (IX. 3.) KIM
Livija	transcription	Livija	croatian	HU 13/2025 (IX. 3.) KIM
Liza	transcription	Liza	croatian	HU 13/2025 (IX. 3.) KIM
Ljiljana	equivalent	Liliána	croatian	HU 13/2025 (IX. 3.) KIM
Ljiljana	transcription	Lyilyana	croatian	HU 13/2025 (IX. 3.) KIM
Ljubica	equivalent	Ibolya	croatian	HU 13/2025 (IX. 3.) KIM
Ljubica	transcription	Lyubica	croatian	HU 13/2025 (IX. 3.) KIM
Lovorka	transcription	Lovorka	croatian	HU 13/2025 (IX. 3.) KIM
Lovro	equivalent	Lőrinc	croatian	HU 13/2025 (IX. 3.) KIM
Lucija	equivalent	Luca	croatian	HU 13/2025 (IX. 3.) KIM
Lucija	transcription	Lucija	croatian	HU 13/2025 (IX. 3.) KIM
Luka	equivalent	Lukács	croatian	HU 13/2025 (IX. 3.) KIM
Lukša	transcription	Luksa	croatian	HU 13/2025 (IX. 3.) KIM
Magdalena	equivalent	Magdolna	croatian	HU 13/2025 (IX. 3.) KIM
Magdalena	transcription	Magdalena	croatian	HU 13/2025 (IX. 3.) KIM
Maja	equivalent	Maja	croatian	HU 13/2025 (IX. 3.) KIM
Maja	transcription	Maja	croatian	HU 13/2025 (IX. 3.) KIM
Makarije	equivalent	Makár	croatian	HU 13/2025 (IX. 3.) KIM
Maksa	transcription	Maksza	croatian	HU 13/2025 (IX. 3.) KIM
Maksim	transcription	Makszim	croatian	HU 13/2025 (IX. 3.) KIM
Maksima	transcription	Makszima	croatian	HU 13/2025 (IX. 3.) KIM
Maksimilijan	equivalent	Maximilián	croatian	HU 13/2025 (IX. 3.) KIM
Maksimilijan	transcription	Makszimilijan	croatian	HU 13/2025 (IX. 3.) KIM
Makso	transcription	Makszo	croatian	HU 13/2025 (IX. 3.) KIM
Malvina	equivalent	Malvin	croatian	HU 13/2025 (IX. 3.) KIM
Malvina	transcription	Malvina	croatian	HU 13/2025 (IX. 3.) KIM
Manda	transcription	Manda	croatian	HU 13/2025 (IX. 3.) KIM
Mara	transcription	Mara	croatian	HU 13/2025 (IX. 3.) KIM
Marcel	equivalent	Marcell	croatian	HU 13/2025 (IX. 3.) KIM
Marga	transcription	Marga	croatian	HU 13/2025 (IX. 3.) KIM
Margareta	equivalent	Margaréta	croatian	HU 13/2025 (IX. 3.) KIM
Margareta	transcription	Margareta	croatian	HU 13/2025 (IX. 3.) KIM
Margita	transcription	Margita	croatian	HU 13/2025 (IX. 3.) KIM
Marica	transcription	Marica	croatian	HU 13/2025 (IX. 3.) KIM
Marija	equivalent	Mária	croatian	HU 13/2025 (IX. 3.) KIM
Marija	transcription	Marija	croatian	HU 13/2025 (IX. 3.) KIM
Marina	equivalent	Marina	croatian	HU 13/2025 (IX. 3.) KIM
Marina	transcription	Marina	croatian	HU 13/2025 (IX. 3.) KIM
Mario	equivalent	Márió	croatian	HU 13/2025 (IX. 3.) KIM
Marko	equivalent	Márk	croatian	HU 13/2025 (IX. 3.) KIM
Marla	equivalent	Marla	croatian	HU 13/2025 (IX. 3.) KIM
Marla	transcription	Marla	croatian	HU 13/2025 (IX. 3.) KIM
Marta	equivalent	Márta	croatian	HU 13/2025 (IX. 3.) KIM
Marta	transcription	Marta	croatian	HU 13/2025 (IX. 3.) KIM
Martin	equivalent	Márton	croatian	HU 13/2025 (IX. 3.) KIM
Martina	equivalent	Martina	croatian	HU 13/2025 (IX. 3.) KIM
Martina	transcription	Martina	croatian	HU 13/2025 (IX. 3.) KIM
Mate	equivalent	Máté	croatian	HU 13/2025 (IX. 3.) KIM
Matija	equivalent	Mátyás	croatian	HU 13/2025 (IX. 3.) KIM
Matija	transcription	Matija	croatian	HU 13/2025 (IX. 3.) KIM
Matilda	equivalent	Matild	croatian	HU 13/2025 (IX. 3.) KIM
Matilda	transcription	Matilda	croatian	HU 13/2025 (IX. 3.) KIM
Matiša	transcription	Matisa	croatian	HU 13/2025 (IX. 3.) KIM
Medard	equivalent	Medárd	croatian	HU 13/2025 (IX. 3.) KIM
Melanija	equivalent	Melánia	croatian	HU 13/2025 (IX. 3.) KIM
Melanija	transcription	Melanija	croatian	HU 13/2025 (IX. 3.) KIM
Melita	equivalent	Melitta	croatian	HU 13/2025 (IX. 3.) KIM
Melita	transcription	Melita	croatian	HU 13/2025 (IX. 3.) KIM
Mihael	equivalent	Mihály	croatian	HU 13/2025 (IX. 3.) KIM
Miholjka	transcription	Miholyka	croatian	HU 13/2025 (IX. 3.) KIM
Mikula	equivalent	Miklós	croatian	HU 13/2025 (IX. 3.) KIM
Mila	transcription	Mila	croatian	HU 13/2025 (IX. 3.) KIM
Milan	equivalent	Milán	croatian	HU 13/2025 (IX. 3.) KIM
Milana	transcription	Milana	croatian	HU 13/2025 (IX. 3.) KIM
Miljana	transcription	Milyana	croatian	HU 13/2025 (IX. 3.) KIM
Miljenko	transcription	Milyenko	croatian	HU 13/2025 (IX. 3.) KIM
Mira	transcription	Mira	croatian	HU 13/2025 (IX. 3.) KIM
Miranda	equivalent	Miranda	croatian	HU 13/2025 (IX. 3.) KIM
Miranda	transcription	Miranda	croatian	HU 13/2025 (IX. 3.) KIM
Mirjana	transcription	Mirjana	croatian	HU 13/2025 (IX. 3.) KIM
Mirna	transcription	Mirna	croatian	HU 13/2025 (IX. 3.) KIM
Miroslav	transcription	Miroszlav	croatian	HU 13/2025 (IX. 3.) KIM
Miroslava	transcription	Miroszlava	croatian	HU 13/2025 (IX. 3.) KIM
Mislav	transcription	Miszlav	croatian	HU 13/2025 (IX. 3.) KIM
Mišo	transcription	Miso	croatian	HU 13/2025 (IX. 3.) KIM
Mlada	transcription	Mlada	croatian	HU 13/2025 (IX. 3.) KIM
Mojsije	equivalent	Mózes	croatian	HU 13/2025 (IX. 3.) KIM
Mojsije	transcription	Mojszije	croatian	HU 13/2025 (IX. 3.) KIM
Monika	equivalent	Mónika	croatian	HU 13/2025 (IX. 3.) KIM
Monika	transcription	Monika	croatian	HU 13/2025 (IX. 3.) KIM
Nada	transcription	Nada	croatian	HU 13/2025 (IX. 3.) KIM
Nadalina	transcription	Nadalina	croatian	HU 13/2025 (IX. 3.) KIM
Narcis	equivalent	Nárcisz	croatian	HU 13/2025 (IX. 3.) KIM
Narcis	transcription	Narcisz	croatian	HU 13/2025 (IX. 3.) KIM
Natalija	equivalent	Natália	croatian	HU 13/2025 (IX. 3.) KIM
Natalija	transcription	Natalija	croatian	HU 13/2025 (IX. 3.) KIM
Natko	equivalent	Nátán	croatian	HU 13/2025 (IX. 3.) KIM
Neda	transcription	Neda	croatian	HU 13/2025 (IX. 3.) KIM
Nedjeljka	transcription	Nedjelyka	croatian	HU 13/2025 (IX. 3.) KIM
Nedjeljko	transcription	Nedjelyko	croatian	HU 13/2025 (IX. 3.) KIM
Nestor	transcription	Nesztor	croatian	HU 13/2025 (IX. 3.) KIM
Nevena	transcription	Nevena	croatian	HU 13/2025 (IX. 3.) KIM
Nevenka	transcription	Nevenka	croatian	HU 13/2025 (IX. 3.) KIM
Nikola	equivalent	Miklós	croatian	HU 13/2025 (IX. 3.) KIM
Nikolina	transcription	Nikolina	croatian	HU 13/2025 (IX. 3.) KIM
Nikša	transcription	Niksa	croatian	HU 13/2025 (IX. 3.) KIM
Nives	transcription	Nivesz	croatian	HU 13/2025 (IX. 3.) KIM
Norbert	equivalent	Norbert	croatian	HU 13/2025 (IX. 3.) KIM
Olga	equivalent	Olga	croatian	HU 13/2025 (IX. 3.) KIM
Olga	transcription	Olga	croatian	HU 13/2025 (IX. 3.) KIM
Olgica	transcription	Olgica	croatian	HU 13/2025 (IX. 3.) KIM
Oliver	equivalent	Olivér	croatian	HU 13/2025 (IX. 3.) KIM
Ozana	transcription	Ozana	croatian	HU 13/2025 (IX. 3.) KIM
Pankracije	equivalent	Pongrác	croatian	HU 13/2025 (IX. 3.) KIM
Paskal	equivalent	Paszkál	croatian	HU 13/2025 (IX. 3.) KIM
Paskal	transcription	Paszkal	croatian	HU 13/2025 (IX. 3.) KIM
Paško	transcription	Pasko	croatian	HU 13/2025 (IX. 3.) KIM
Patrik	equivalent	Patrik	croatian	HU 13/2025 (IX. 3.) KIM
Pavao	equivalent	Pál	croatian	HU 13/2025 (IX. 3.) KIM
Pavica	transcription	Pavica	croatian	HU 13/2025 (IX. 3.) KIM
Paviša	transcription	Pavisa	croatian	HU 13/2025 (IX. 3.) KIM
Pavla	transcription	Pavla	croatian	HU 13/2025 (IX. 3.) KIM
Pavo	equivalent	Pál	croatian	HU 13/2025 (IX. 3.) KIM
Peregrin	equivalent	Pellegrin	croatian	HU 13/2025 (IX. 3.) KIM
Petar	equivalent	Péter	croatian	HU 13/2025 (IX. 3.) KIM
Petra	equivalent	Petra	croatian	HU 13/2025 (IX. 3.) KIM
Petra	transcription	Petra	croatian	HU 13/2025 (IX. 3.) KIM
Petronila	transcription	Petronila	croatian	HU 13/2025 (IX. 3.) KIM
Priscila	transcription	Priszcila	croatian	HU 13/2025 (IX. 3.) KIM
Priska	transcription	Priszka	croatian	HU 13/2025 (IX. 3.) KIM
Pulherija	transcription	Pulherija	croatian	HU 13/2025 (IX. 3.) KIM
Radiša	transcription	Radisa	croatian	HU 13/2025 (IX. 3.) KIM
Radmila	transcription	Radmila	croatian	HU 13/2025 (IX. 3.) KIM
Radoljub	transcription	Radolyub	croatian	HU 13/2025 (IX. 3.) KIM
Radoslav	transcription	Radoszlav	croatian	HU 13/2025 (IX. 3.) KIM
Radoslava	transcription	Radoszlava	croatian	HU 13/2025 (IX. 3.) KIM
Rafael	equivalent	Rafael	croatian	HU 13/2025 (IX. 3.) KIM
Rajmund	equivalent	Rajmund	croatian	HU 13/2025 (IX. 3.) KIM
Rastislav	transcription	Rasztiszlav	croatian	HU 13/2025 (IX. 3.) KIM
Regina	equivalent	Regina	croatian	HU 13/2025 (IX. 3.) KIM
Regina	transcription	Regina	croatian	HU 13/2025 (IX. 3.) KIM
Renata	equivalent	Renáta	croatian	HU 13/2025 (IX. 3.) KIM
Renata	transcription	Renata	croatian	HU 13/2025 (IX. 3.) KIM
Rezika	transcription	Rezika	croatian	HU 13/2025 (IX. 3.) KIM
Rikard	equivalent	Richard	croatian	HU 13/2025 (IX. 3.) KIM
Rikarda	transcription	Rikarda	croatian	HU 13/2025 (IX. 3.) KIM
Robert	equivalent	Róbert	croatian	HU 13/2025 (IX. 3.) KIM
Rok	equivalent	Rókus	croatian	HU 13/2025 (IX. 3.) KIM
Roman	equivalent	Roman	croatian	HU 13/2025 (IX. 3.) KIM
Romana	transcription	Romana	croatian	HU 13/2025 (IX. 3.) KIM
Roza	equivalent	Róza	croatian	HU 13/2025 (IX. 3.) KIM
Roza	transcription	Roza	croatian	HU 13/2025 (IX. 3.) KIM
Rozalija	equivalent	Rozália	croatian	HU 13/2025 (IX. 3.) KIM
Rozalija	transcription	Rozalija	croatian	HU 13/2025 (IX. 3.) KIM
Rudolf	equivalent	Rudolf	croatian	HU 13/2025 (IX. 3.) KIM
Ruža	equivalent	Rózsa	croatian	HU 13/2025 (IX. 3.) KIM
Ruža	transcription	Ruzsa	croatian	HU 13/2025 (IX. 3.) KIM
Ružica	equivalent	Rózsa	croatian	HU 13/2025 (IX. 3.) KIM
Ružica	transcription	Ruzsica	croatian	HU 13/2025 (IX. 3.) KIM
Sabina	equivalent	Szabina	croatian	HU 13/2025 (IX. 3.) KIM
Sabina	transcription	Szabina	croatian	HU 13/2025 (IX. 3.) KIM
Sabinijan	transcription	Szabinijan	croatian	HU 13/2025 (IX. 3.) KIM
Sanda	transcription	Szanda	croatian	HU 13/2025 (IX. 3.) KIM
Sandra	equivalent	Szandra	croatian	HU 13/2025 (IX. 3.) KIM
Sandra	transcription	Szandra	croatian	HU 13/2025 (IX. 3.) KIM
Sanja	transcription	Sanya	croatian	HU 13/2025 (IX. 3.) KIM
Savio	transcription	Szavio	croatian	HU 13/2025 (IX. 3.) KIM
Savka	transcription	Szavka	croatian	HU 13/2025 (IX. 3.) KIM
Sebastijan	equivalent	Sebestyén	croatian	HU 13/2025 (IX. 3.) KIM
Sebastijan	transcription	Szebasztijan	croatian	HU 13/2025 (IX. 3.) KIM
Serafin	equivalent	Szeráf	croatian	HU 13/2025 (IX. 3.) KIM
Serafin	transcription	Szerafin	croatian	HU 13/2025 (IX. 3.) KIM
Serena	transcription	Szerena	croatian	HU 13/2025 (IX. 3.) KIM
Servacije	equivalent	Szervác	croatian	HU 13/2025 (IX. 3.) KIM
Servacije	transcription	Szervacije	croatian	HU 13/2025 (IX. 3.) KIM
Sever	transcription	Szever	croatian	HU 13/2025 (IX. 3.) KIM
Severin	transcription	Szeverin	croatian	HU 13/2025 (IX. 3.) KIM
Severina	transcription	Szeverina	croatian	HU 13/2025 (IX. 3.) KIM
Sidonija	equivalent	Szidónia	croatian	HU 13/2025 (IX. 3.) KIM
Sidonija	transcription	Szidonija	croatian	HU 13/2025 (IX. 3.) KIM
Silverije	transcription	Szilverije	croatian	HU 13/2025 (IX. 3.) KIM
Silvestar	equivalent	Szilveszter	croatian	HU 13/2025 (IX. 3.) KIM
Silvestar	transcription	Szilvesztar	croatian	HU 13/2025 (IX. 3.) KIM
Silvija	equivalent	Szilvia	croatian	HU 13/2025 (IX. 3.) KIM
Silvija	transcription	Szilvija	croatian	HU 13/2025 (IX. 3.) KIM
Silvije	transcription	Szilvije	croatian	HU 13/2025 (IX. 3.) KIM
Šime	transcription	Sime	croatian	HU 13/2025 (IX. 3.) KIM
Simeon	equivalent	Simeon	croatian	HU 13/2025 (IX. 3.) KIM
Simeon	transcription	Szimeon	croatian	HU 13/2025 (IX. 3.) KIM
Šimun	equivalent	Simon	croatian	HU 13/2025 (IX. 3.) KIM
Šimun	transcription	Simun	croatian	HU 13/2025 (IX. 3.) KIM
Slaven	transcription	Szlaven	croatian	HU 13/2025 (IX. 3.) KIM
Slavenka	transcription	Szlavenka	croatian	HU 13/2025 (IX. 3.) KIM
Slavica	transcription	Szlavica	croatian	HU 13/2025 (IX. 3.) KIM
Slavka	transcription	Szlavka	croatian	HU 13/2025 (IX. 3.) KIM
Slavko	transcription	Szlavko	croatian	HU 13/2025 (IX. 3.) KIM
Slavujka	transcription	Szlavujka	croatian	HU 13/2025 (IX. 3.) KIM
Smiljana	transcription	Szmilyana	croatian	HU 13/2025 (IX. 3.) KIM
Snježana	transcription	Sznjezsana	croatian	HU 13/2025 (IX. 3.) KIM
Sofija	equivalent	Szófia	croatian	HU 13/2025 (IX. 3.) KIM
Sofija	transcription	Szofija	croatian	HU 13/2025 (IX. 3.) KIM
Solomon	transcription	Szolomon	croatian	HU 13/2025 (IX. 3.) KIM
Sonja	equivalent	Szonya	croatian	HU 13/2025 (IX. 3.) KIM
Sonja	transcription	Szonya	croatian	HU 13/2025 (IX. 3.) KIM
Soter	transcription	Szoter	croatian	HU 13/2025 (IX. 3.) KIM
Špiro	transcription	Spiro	croatian	HU 13/2025 (IX. 3.) KIM
Srećko	transcription	Szretyko	croatian	HU 13/2025 (IX. 3.) KIM
Sretan	transcription	Szretan	croatian	HU 13/2025 (IX. 3.) KIM
Sretimir	transcription	Szretimir	croatian	HU 13/2025 (IX. 3.) KIM
Stana	transcription	Sztana	croatian	HU 13/2025 (IX. 3.) KIM
Stanimir	transcription	Sztanimir	croatian	HU 13/2025 (IX. 3.) KIM
Stanislav	equivalent	Szaniszló	croatian	HU 13/2025 (IX. 3.) KIM
Stanislav	transcription	Sztaniszlav	croatian	HU 13/2025 (IX. 3.) KIM
Stanko	transcription	Sztanko	croatian	HU 13/2025 (IX. 3.) KIM
Stipan	equivalent	István	croatian	HU 13/2025 (IX. 3.) KIM
Stipan	transcription	Sztipan	croatian	HU 13/2025 (IX. 3.) KIM
Stipe	transcription	Sztipe	croatian	HU 13/2025 (IX. 3.) KIM
Stjepan	equivalent	István	croatian	HU 13/2025 (IX. 3.) KIM
Stjepan	transcription	Sztjepan	croatian	HU 13/2025 (IX. 3.) KIM
Stošija	equivalent	Anasztáz	croatian	HU 13/2025 (IX. 3.) KIM
Stošija	transcription	Sztosija	croatian	HU 13/2025 (IX. 3.) KIM
Strahimir	transcription	Sztrahimir	croatian	HU 13/2025 (IX. 3.) KIM
Sunčica	transcription	Szuncsica	croatian	HU 13/2025 (IX. 3.) KIM
Suzana	equivalent	Zsuzsanna	croatian	HU 13/2025 (IX. 3.) KIM
Suzana	transcription	Szuzana	croatian	HU 13/2025 (IX. 3.) KIM
Tamara	equivalent	Tamara	croatian	HU 13/2025 (IX. 3.) KIM
Tamara	transcription	Tamara	croatian	HU 13/2025 (IX. 3.) KIM
Tanasije	transcription	Tanaszije	croatian	HU 13/2025 (IX. 3.) KIM
Tatjana	transcription	Tatjana	croatian	HU 13/2025 (IX. 3.) KIM
Tea	transcription	Tea	croatian	HU 13/2025 (IX. 3.) KIM
Tekla	equivalent	Tekla	croatian	HU 13/2025 (IX. 3.) KIM
Tekla	transcription	Tekla	croatian	HU 13/2025 (IX. 3.) KIM
Teodor	equivalent	Teodor	croatian	HU 13/2025 (IX. 3.) KIM
Teodor	equivalent	Tivadar	croatian	HU 13/2025 (IX. 3.) KIM
Teodora	equivalent	Teodóra	croatian	HU 13/2025 (IX. 3.) KIM
Teodora	transcription	Teodora	croatian	HU 13/2025 (IX. 3.) KIM
Teofil	equivalent	Teofil	croatian	HU 13/2025 (IX. 3.) KIM
Tereza	equivalent	Teréz	croatian	HU 13/2025 (IX. 3.) KIM
Tereza	transcription	Tereza	croatian	HU 13/2025 (IX. 3.) KIM
Terezija	equivalent	Teréz	croatian	HU 13/2025 (IX. 3.) KIM
Terezija	transcription	Terezija	croatian	HU 13/2025 (IX. 3.) KIM
Tiberije	equivalent	Tibériusz	croatian	HU 13/2025 (IX. 3.) KIM
Tihomir	equivalent	Tihamér	croatian	HU 13/2025 (IX. 3.) KIM
Tijana	transcription	Tijana	croatian	HU 13/2025 (IX. 3.) KIM
Tinka	transcription	Tinka	croatian	HU 13/2025 (IX. 3.) KIM
Toma	equivalent	Tamás	croatian	HU 13/2025 (IX. 3.) KIM
Tomislav	equivalent	Tamás	croatian	HU 13/2025 (IX. 3.) KIM
Tomislav	transcription	Tomiszlav	croatian	HU 13/2025 (IX. 3.) KIM
Tonka	transcription	Tonka	croatian	HU 13/2025 (IX. 3.) KIM
Truda	transcription	Truda	croatian	HU 13/2025 (IX. 3.) KIM
Tvrtko	equivalent	Szilárd	croatian	HU 13/2025 (IX. 3.) KIM
Urban	equivalent	Urbán	croatian	HU 13/2025 (IX. 3.) KIM
Valentin	equivalent	Bálint	croatian	HU 13/2025 (IX. 3.) KIM
Valerija	equivalent	Valéria	croatian	HU 13/2025 (IX. 3.) KIM
Valerija	transcription	Valerija	croatian	HU 13/2025 (IX. 3.) KIM
Valerijan	equivalent	Valérián	croatian	HU 13/2025 (IX. 3.) KIM
Vatroslav	transcription	Vatroszlav	croatian	HU 13/2025 (IX. 3.) KIM
Većeslav	transcription	Vetyeszlav	croatian	HU 13/2025 (IX. 3.) KIM
Vedrana	transcription	Vedrana	croatian	HU 13/2025 (IX. 3.) KIM
Velimira	transcription	Velimira	croatian	HU 13/2025 (IX. 3.) KIM
Veljka	transcription	Velyka	croatian	HU 13/2025 (IX. 3.) KIM
Veljko	transcription	Velyko	croatian	HU 13/2025 (IX. 3.) KIM
Vendelin	equivalent	Vendel	croatian	HU 13/2025 (IX. 3.) KIM
Verica	equivalent	Veronika	croatian	HU 13/2025 (IX. 3.) KIM
Verica	transcription	Verica	croatian	HU 13/2025 (IX. 3.) KIM
Veronika	equivalent	Veronika	croatian	HU 13/2025 (IX. 3.) KIM
Veronika	transcription	Veronika	croatian	HU 13/2025 (IX. 3.) KIM
Vesela	transcription	Veszela	croatian	HU 13/2025 (IX. 3.) KIM
Veseljko	transcription	Veszelyko	croatian	HU 13/2025 (IX. 3.) KIM
Veselka	transcription	Veszelka	croatian	HU 13/2025 (IX. 3.) KIM
Vesna	transcription	Veszna	croatian	HU 13/2025 (IX. 3.) KIM
Viktor	equivalent	Viktor	croatian	HU 13/2025 (IX. 3.) KIM
Viktorija	equivalent	Viktória	croatian	HU 13/2025 (IX. 3.) KIM
Viktorija	transcription	Viktorija	croatian	HU 13/2025 (IX. 3.) KIM
Vilim	equivalent	Vilmos	croatian	HU 13/2025 (IX. 3.) KIM
Vinko	equivalent	Vince	croatian	HU 13/2025 (IX. 3.) KIM
Violeta	equivalent	Violetta	croatian	HU 13/2025 (IX. 3.) KIM
Violeta	transcription	Violeta	croatian	HU 13/2025 (IX. 3.) KIM
Virgilije	equivalent	Virgil	croatian	HU 13/2025 (IX. 3.) KIM
Višeslav	transcription	Viseszlav	croatian	HU 13/2025 (IX. 3.) KIM
Višnja	transcription	Visnya	croatian	HU 13/2025 (IX. 3.) KIM
Vitalijan	equivalent	Vitályos	croatian	HU 13/2025 (IX. 3.) KIM
Vitomirka	transcription	Vitomirka	croatian	HU 13/2025 (IX. 3.) KIM
Vivijana	transcription	Vivijana	croatian	HU 13/2025 (IX. 3.) KIM
Vjekoslav	transcription	Vjekoszlav	croatian	HU 13/2025 (IX. 3.) KIM
Vjekoslava	transcription	Vjekoszlava	croatian	HU 13/2025 (IX. 3.) KIM
Vjenceslav	transcription	Vjenceszlav	croatian	HU 13/2025 (IX. 3.) KIM
Vjera	transcription	Vjera	croatian	HU 13/2025 (IX. 3.) KIM
Vladislav	transcription	Vladiszlav	croatian	HU 13/2025 (IX. 3.) KIM
Vlasta	transcription	Vlaszta	croatian	HU 13/2025 (IX. 3.) KIM
Zagorka	transcription	Zagorka	croatian	HU 13/2025 (IX. 3.) KIM
Zakarija	equivalent	Zakariás	croatian	HU 13/2025 (IX. 3.) KIM
Žarko	transcription	Zsarko	croatian	HU 13/2025 (IX. 3.) KIM
Zdenka	transcription	Zdenka	croatian	HU 13/2025 (IX. 3.) KIM
Zdeslav	transcription	Zdeszlav	croatian	HU 13/2025 (IX. 3.) KIM
Zdravka	transcription	Zdravka	croatian	HU 13/2025 (IX. 3.) KIM
Želimir	transcription	Zselimir	croatian	HU 13/2025 (IX. 3.) KIM
Željka	transcription	Zselyka	croatian	HU 13/2025 (IX. 3.) KIM
Željko	transcription	Zselyko	croatian	HU 13/2025 (IX. 3.) KIM
Zenon	equivalent	Zénó	croatian	HU 13/2025 (IX. 3.) KIM
Žiga	equivalent	Zsigmond	croatian	HU 13/2025 (IX. 3.) KIM
Žiga	transcription	Zsiga	croatian	HU 13/2025 (IX. 3.) KIM
Živka	transcription	Zsivka	croatian	HU 13/2025 (IX. 3.) KIM
Zlata	equivalent	Aranka	croatian	HU 13/2025 (IX. 3.) KIM
Zlata	transcription	Zlata	croatian	HU 13/2025 (IX. 3.) KIM
Zlatana	transcription	Zlatana	croatian	HU 13/2025 (IX. 3.) KIM
Zlatica	equivalent	Aranka	croatian	HU 13/2025 (IX. 3.) KIM
Zlatica	transcription	Zlatica	croatian	HU 13/2025 (IX. 3.) KIM
Zlatka	transcription	Zlatka	croatian	HU 13/2025 (IX. 3.) KIM
Zora	equivalent	Hajnalka	croatian	HU 13/2025 (IX. 3.) KIM
Zora	transcription	Zora	croatian	HU 13/2025 (IX. 3.) KIM
Zoran	equivalent	Zorán	croatian	HU 13/2025 (IX. 3.) KIM
Zorica	equivalent	Hajnalka	croatian	HU 13/2025 (IX. 3.) KIM
Zorica	transcription	Zorica	croatian	HU 13/2025 (IX. 3.) KIM
Zorislav	transcription	Zoriszlav	croatian	HU 13/2025 (IX. 3.) KIM
Zorka	equivalent	Hajnalka	croatian	HU 13/2025 (IX. 3.) KIM
Zorka	transcription	Zorka	croatian	HU 13/2025 (IX. 3.) KIM
Zrina	transcription	Zrina	croatian	HU 13/2025 (IX. 3.) KIM
Zvjezdana	transcription	Zvjezdana	croatian	HU 13/2025 (IX. 3.) KIM
Đuro	equivalent	György	croatian	HU 13/2025 (IX. 3.) KIM
Đuro	transcription	Gyuro	croatian	HU 13/2025 (IX. 3.) KIM
Đurđa	equivalent	Györgyi	croatian	HU 13/2025 (IX. 3.) KIM
Đurđa	transcription	Gyurgya	croatian	HU 13/2025 (IX. 3.) KIM
Đurđica	transcription	Gyurgyica	croatian	HU 13/2025 (IX. 3.) KIM
Adám	equivalent	Ádám	greek	HU 12/2025 (IX. 3.) KIM
Adámosz	equivalent	Ádám	greek	HU 12/2025 (IX. 3.) KIM
Adólfosz	equivalent	Adolf	greek	HU 12/2025 (IX. 3.) KIM
Adónisz	equivalent	Adonisz	greek	HU 12/2025 (IX. 3.) KIM
Adriani	equivalent	Adriána	greek	HU 12/2025 (IX. 3.) KIM
Adrianósz	equivalent	Adrián	greek	HU 12/2025 (IX. 3.) KIM
Afroditi	equivalent	Afrodité	greek	HU 12/2025 (IX. 3.) KIM
Agathi	equivalent	Agáta	greek	HU 12/2025 (IX. 3.) KIM
Agathi	equivalent	Ágota	greek	HU 12/2025 (IX. 3.) KIM
Agathónasz	equivalent	Agaton	greek	HU 12/2025 (IX. 3.) KIM
Aglaia	equivalent	Aglája	greek	HU 12/2025 (IX. 3.) KIM
Agni	equivalent	Ágnes	greek	HU 12/2025 (IX. 3.) KIM
Ahilleasz	equivalent	Achilles	greek	HU 12/2025 (IX. 3.) KIM
Ahilleasz	equivalent	Achillesz	greek	HU 12/2025 (IX. 3.) KIM
Akilina	equivalent	Akilina	greek	HU 12/2025 (IX. 3.) KIM
Alekosz	equivalent	Elek	greek	HU 12/2025 (IX. 3.) KIM
Alekosz	equivalent	Sándor	greek	HU 12/2025 (IX. 3.) KIM
Alexandra	equivalent	Alexandra	greek	HU 12/2025 (IX. 3.) KIM
Alexandrosz	equivalent	Sándor	greek	HU 12/2025 (IX. 3.) KIM
Alexiosz	equivalent	Elek	greek	HU 12/2025 (IX. 3.) KIM
Alexisz	equivalent	Elek	greek	HU 12/2025 (IX. 3.) KIM
Alfónzosz	equivalent	Alfonz	greek	HU 12/2025 (IX. 3.) KIM
Alfredosz	equivalent	Alfréd	greek	HU 12/2025 (IX. 3.) KIM
Aliki	equivalent	Alíz	greek	HU 12/2025 (IX. 3.) KIM
Aliki	equivalent	Aliz	greek	HU 12/2025 (IX. 3.) KIM
Aliki	equivalent	Alíza	greek	HU 12/2025 (IX. 3.) KIM
Aliki	equivalent	Alízia	greek	HU 12/2025 (IX. 3.) KIM
Alvertosz	equivalent	Albert	greek	HU 12/2025 (IX. 3.) KIM
Amalia	equivalent	Amália	greek	HU 12/2025 (IX. 3.) KIM
Amarilisz	equivalent	Amarilla	greek	HU 12/2025 (IX. 3.) KIM
Amarilisz	equivalent	Amarillisz	greek	HU 12/2025 (IX. 3.) KIM
Ámmon	equivalent	Ámon	greek	HU 12/2025 (IX. 3.) KIM
Amvrósziosz	equivalent	Ambrus	greek	HU 12/2025 (IX. 3.) KIM
Anasztaszia	equivalent	Anasztázia	greek	HU 12/2025 (IX. 3.) KIM
Anasztásziosz	equivalent	Anasztáz	greek	HU 12/2025 (IX. 3.) KIM
Anatóliosz	equivalent	Anatol	greek	HU 12/2025 (IX. 3.) KIM
Andóniosz	equivalent	Antal	greek	HU 12/2025 (IX. 3.) KIM
Andreasz	equivalent	András	greek	HU 12/2025 (IX. 3.) KIM
Andreasz	equivalent	Endre	greek	HU 12/2025 (IX. 3.) KIM
Andromeda	equivalent	Androméda	greek	HU 12/2025 (IX. 3.) KIM
Andrónikosz	equivalent	Andor	greek	HU 12/2025 (IX. 3.) KIM
Angela	equivalent	Angéla	greek	HU 12/2025 (IX. 3.) KIM
Angeliki	equivalent	Angelika	greek	HU 12/2025 (IX. 3.) KIM
Angelina	equivalent	Angelina	greek	HU 12/2025 (IX. 3.) KIM
Aníkitosz	equivalent	Anicét	greek	HU 12/2025 (IX. 3.) KIM
Anita	equivalent	Anita	greek	HU 12/2025 (IX. 3.) KIM
Anna	equivalent	Anna	greek	HU 12/2025 (IX. 3.) KIM
Antigoni	equivalent	Antigoné	greek	HU 12/2025 (IX. 3.) KIM
Antonia	equivalent	Antónia	greek	HU 12/2025 (IX. 3.) KIM
Apóllon	equivalent	Apolló	greek	HU 12/2025 (IX. 3.) KIM
Apósztolosz	equivalent	Apostol	greek	HU 12/2025 (IX. 3.) KIM
Ariadni	equivalent	Ariadné	greek	HU 12/2025 (IX. 3.) KIM
Aríon	equivalent	Arion	greek	HU 12/2025 (IX. 3.) KIM
Árisz	equivalent	Árész	greek	HU 12/2025 (IX. 3.) KIM
Árisz	equivalent	Árisz	greek	HU 12/2025 (IX. 3.) KIM
Arisztídisz	equivalent	Arisztid	greek	HU 12/2025 (IX. 3.) KIM
Arisztomenisz	equivalent	Αριστομενης	greek	HU 12/2025 (IX. 3.) KIM
Arleta	equivalent	Arlett	greek	HU 12/2025 (IX. 3.) KIM
Armándosz	equivalent	Armand	greek	HU 12/2025 (IX. 3.) KIM
Áron	equivalent	Áron	greek	HU 12/2025 (IX. 3.) KIM
Arszeniosz	equivalent	Árszen	greek	HU 12/2025 (IX. 3.) KIM
Arszeniosz	equivalent	Arzén	greek	HU 12/2025 (IX. 3.) KIM
Artemisz	equivalent	Artemisz	greek	HU 12/2025 (IX. 3.) KIM
Arthúrosz	equivalent	Artúr	greek	HU 12/2025 (IX. 3.) KIM
Aszpaszia	equivalent	Aszpázia	greek	HU 12/2025 (IX. 3.) KIM
Atalanti	equivalent	Atalanta	greek	HU 12/2025 (IX. 3.) KIM
Athanaszia	equivalent	Atanázia	greek	HU 12/2025 (IX. 3.) KIM
Athanásziosz	equivalent	Atanáz	greek	HU 12/2025 (IX. 3.) KIM
Athina	equivalent	Aténé	greek	HU 12/2025 (IX. 3.) KIM
Athina	equivalent	Atina	greek	HU 12/2025 (IX. 3.) KIM
Áthosz	equivalent	Atosz	greek	HU 12/2025 (IX. 3.) KIM
Avgusztínosz	equivalent	Ágoston	greek	HU 12/2025 (IX. 3.) KIM
Avraám	equivalent	Ábrahám	greek	HU 12/2025 (IX. 3.) KIM
Azaríasz	equivalent	Azár	greek	HU 12/2025 (IX. 3.) KIM
Dafni	equivalent	Dafné	greek	HU 12/2025 (IX. 3.) KIM
Damarisz	equivalent	Damarisz	greek	HU 12/2025 (IX. 3.) KIM
Damjanósz	equivalent	Damián	greek	HU 12/2025 (IX. 3.) KIM
Damjanósz	equivalent	Damján	greek	HU 12/2025 (IX. 3.) KIM
Damjanósz	equivalent	Demjén	greek	HU 12/2025 (IX. 3.) KIM
Damjanósz	equivalent	Dömjén	greek	HU 12/2025 (IX. 3.) KIM
Daniella	equivalent	Daniella	greek	HU 12/2025 (IX. 3.) KIM
Daniíl	equivalent	Dániel	greek	HU 12/2025 (IX. 3.) KIM
Daria	equivalent	Dária	greek	HU 12/2025 (IX. 3.) KIM
Davíd	equivalent	Dávid	greek	HU 12/2025 (IX. 3.) KIM
Diana	equivalent	Diána	greek	HU 12/2025 (IX. 3.) KIM
Dimitra	equivalent	Demetria	greek	HU 12/2025 (IX. 3.) KIM
Dimitra	equivalent	Dimitra	greek	HU 12/2025 (IX. 3.) KIM
Dimítriosz	equivalent	Demeter	greek	HU 12/2025 (IX. 3.) KIM
Dimítriosz	equivalent	Dimitri	greek	HU 12/2025 (IX. 3.) KIM
Dioniszia	equivalent	Dionízia	greek	HU 12/2025 (IX. 3.) KIM
Dionísziosz	equivalent	Dénes	greek	HU 12/2025 (IX. 3.) KIM
Dioníszisz	equivalent	Dénes	greek	HU 12/2025 (IX. 3.) KIM
Dorothea	equivalent	Dorottya	greek	HU 12/2025 (IX. 3.) KIM
Dorótheosz	equivalent	Doroteó	greek	HU 12/2025 (IX. 3.) KIM
Eduárdosz	equivalent	Eduárd	greek	HU 12/2025 (IX. 3.) KIM
Eduárdosz	equivalent	Edvárd	greek	HU 12/2025 (IX. 3.) KIM
Efimia	equivalent	Eufémia	greek	HU 12/2025 (IX. 3.) KIM
Efrem	equivalent	Efraim	greek	HU 12/2025 (IX. 3.) KIM
Efrem	equivalent	Efrém	greek	HU 12/2025 (IX. 3.) KIM
Efroszíni	equivalent	Eufrozina	greek	HU 12/2025 (IX. 3.) KIM
Efszeviosz	equivalent	Özséb	greek	HU 12/2025 (IX. 3.) KIM
Ekaterini	equivalent	Katalin	greek	HU 12/2025 (IX. 3.) KIM
Ektor	equivalent	Hektor	greek	HU 12/2025 (IX. 3.) KIM
Eleftheria	equivalent	Elefteria	greek	HU 12/2025 (IX. 3.) KIM
Eleni	equivalent	Elena	greek	HU 12/2025 (IX. 3.) KIM
Eleni	equivalent	Eleni	greek	HU 12/2025 (IX. 3.) KIM
Eleni	equivalent	Helén	greek	HU 12/2025 (IX. 3.) KIM
Eleni	equivalent	Heléna	greek	HU 12/2025 (IX. 3.) KIM
Eleonora	equivalent	Eleonóra	greek	HU 12/2025 (IX. 3.) KIM
Eliszavet	equivalent	Elizabet	greek	HU 12/2025 (IX. 3.) KIM
Eliszavet	equivalent	Erzsébet	greek	HU 12/2025 (IX. 3.) KIM
Elli	equivalent	Elli	greek	HU 12/2025 (IX. 3.) KIM
Elvira	equivalent	Elvira	greek	HU 12/2025 (IX. 3.) KIM
Emaneula	equivalent	Emanuéla	greek	HU 12/2025 (IX. 3.) KIM
Emilia	equivalent	Emília	greek	HU 12/2025 (IX. 3.) KIM
Emíliosz	equivalent	Emil	greek	HU 12/2025 (IX. 3.) KIM
Emmanuíl	equivalent	Emánuel	greek	HU 12/2025 (IX. 3.) KIM
Erato	equivalent	Erátó	greek	HU 12/2025 (IX. 3.) KIM
Erieta	equivalent	Henrietta	greek	HU 12/2025 (IX. 3.) KIM
Erika	equivalent	Erika	greek	HU 12/2025 (IX. 3.) KIM
Ermísz	equivalent	Hermész	greek	HU 12/2025 (IX. 3.) KIM
Ernesztina	equivalent	Erna	greek	HU 12/2025 (IX. 3.) KIM
Ernesztina	equivalent	Ernesztina	greek	HU 12/2025 (IX. 3.) KIM
Ernesztosz	equivalent	Erneszt	greek	HU 12/2025 (IX. 3.) KIM
Ernesztosz	equivalent	Ernő	greek	HU 12/2025 (IX. 3.) KIM
Erríkosz	equivalent	Henrik	greek	HU 12/2025 (IX. 3.) KIM
Eszthír	equivalent	Eszter	greek	HU 12/2025 (IX. 3.) KIM
Éva	equivalent	Éva	greek	HU 12/2025 (IX. 3.) KIM
Evdoxia	equivalent	Eudoxia	greek	HU 12/2025 (IX. 3.) KIM
Evgenía	equivalent	Eugénia	greek	HU 12/2025 (IX. 3.) KIM
Evgeniosz	equivalent	Eugén	greek	HU 12/2025 (IX. 3.) KIM
Evgeniosz	equivalent	Jenő	greek	HU 12/2025 (IX. 3.) KIM
Evodia	equivalent	Evódia	greek	HU 12/2025 (IX. 3.) KIM
Evridíki	equivalent	Euridiké	greek	HU 12/2025 (IX. 3.) KIM
Fedra	equivalent	Fédra	greek	HU 12/2025 (IX. 3.) KIM
Filímon	equivalent	Filemon	greek	HU 12/2025 (IX. 3.) KIM
Filímonasz	equivalent	Filemon	greek	HU 12/2025 (IX. 3.) KIM
Fílipposz	equivalent	Fülöp	greek	HU 12/2025 (IX. 3.) KIM
Fívi	equivalent	Főbe	greek	HU 12/2025 (IX. 3.) KIM
Flóra	equivalent	Flóra	greek	HU 12/2025 (IX. 3.) KIM
Frangíszki	equivalent	Franciska	greek	HU 12/2025 (IX. 3.) KIM
Frangíszkosz	equivalent	Ferenc	greek	HU 12/2025 (IX. 3.) KIM
Frideríki	equivalent	Friderika	greek	HU 12/2025 (IX. 3.) KIM
Frideríkosz	equivalent	Frigyes	greek	HU 12/2025 (IX. 3.) KIM
Galatia	equivalent	Galatea	greek	HU 12/2025 (IX. 3.) KIM
Gavriella	equivalent	Gabriella	greek	HU 12/2025 (IX. 3.) KIM
Gavriíl	equivalent	Gábor	greek	HU 12/2025 (IX. 3.) KIM
Gavriíl	equivalent	Gábriel	greek	HU 12/2025 (IX. 3.) KIM
Gedeón	equivalent	Gedeon	greek	HU 12/2025 (IX. 3.) KIM
Genevievi	equivalent	Genovéva	greek	HU 12/2025 (IX. 3.) KIM
Georgia	equivalent	Georgina	greek	HU 12/2025 (IX. 3.) KIM
Georgia	equivalent	Györgyi	greek	HU 12/2025 (IX. 3.) KIM
Geórgiosz	equivalent	György	greek	HU 12/2025 (IX. 3.) KIM
Gertrudi	equivalent	Gertrúd	greek	HU 12/2025 (IX. 3.) KIM
Gizella	equivalent	Gizella	greek	HU 12/2025 (IX. 3.) KIM
Gloria	equivalent	Glória	greek	HU 12/2025 (IX. 3.) KIM
Grácia	equivalent	Grácia	greek	HU 12/2025 (IX. 3.) KIM
Gréta	equivalent	Margaréta	greek	HU 12/2025 (IX. 3.) KIM
Grigóriosz	equivalent	Gergely	greek	HU 12/2025 (IX. 3.) KIM
Grigórisz	equivalent	Gergely	greek	HU 12/2025 (IX. 3.) KIM
Hrisza	equivalent	Aranka	greek	HU 12/2025 (IX. 3.) KIM
Hriszavgí	equivalent	Hajnalka	greek	HU 12/2025 (IX. 3.) KIM
Hriszí	equivalent	Aranka	greek	HU 12/2025 (IX. 3.) KIM
Hriszí	equivalent	Χρυση	greek	HU 12/2025 (IX. 3.) KIM
Hriszopigí	equivalent	Χρυσοπηγη	greek	HU 12/2025 (IX. 3.) KIM
Hrisztiána	equivalent	Krisztiána	greek	HU 12/2025 (IX. 3.) KIM
Hrisztína	equivalent	Krisztina	greek	HU 12/2025 (IX. 3.) KIM
Hrisztofórosz	equivalent	Kristóf	greek	HU 12/2025 (IX. 3.) KIM
Ifigenía	equivalent	Ifigénia	greek	HU 12/2025 (IX. 3.) KIM
Ilektra	equivalent	Elektra	greek	HU 12/2025 (IX. 3.) KIM
Ilíasz	equivalent	Éliás	greek	HU 12/2025 (IX. 3.) KIM
Ilíasz	equivalent	Illés	greek	HU 12/2025 (IX. 3.) KIM
Ipolíti	equivalent	Hippolita	greek	HU 12/2025 (IX. 3.) KIM
Ippólitosz	equivalent	Hippolit	greek	HU 12/2025 (IX. 3.) KIM
Íra	equivalent	Héra	greek	HU 12/2025 (IX. 3.) KIM
Iraklísz	equivalent	Herkules	greek	HU 12/2025 (IX. 3.) KIM
Irineosz	equivalent	Iréneusz	greek	HU 12/2025 (IX. 3.) KIM
Irini	equivalent	Irén	greek	HU 12/2025 (IX. 3.) KIM
Írisz	equivalent	Írisz	greek	HU 12/2025 (IX. 3.) KIM
Írma	equivalent	Irma	greek	HU 12/2025 (IX. 3.) KIM
Iszaíasz	equivalent	Ézsaiás	greek	HU 12/2025 (IX. 3.) KIM
Iszavela	equivalent	Izabella	greek	HU 12/2025 (IX. 3.) KIM
Iszidóra	equivalent	Izidóra	greek	HU 12/2025 (IX. 3.) KIM
Iszídorosz	equivalent	Izidor	greek	HU 12/2025 (IX. 3.) KIM
Jákinthosz	equivalent	Jácint	greek	HU 12/2025 (IX. 3.) KIM
Jákovosz	equivalent	Jakab	greek	HU 12/2025 (IX. 3.) KIM
Janna	equivalent	Janka	greek	HU 12/2025 (IX. 3.) KIM
Janna	equivalent	Johanna	greek	HU 12/2025 (IX. 3.) KIM
Janna	equivalent	Zsanett	greek	HU 12/2025 (IX. 3.) KIM
Jánnisz	equivalent	János	greek	HU 12/2025 (IX. 3.) KIM
Jerászimosz	equivalent	Geraszim	greek	HU 12/2025 (IX. 3.) KIM
Jeremíasz	equivalent	Jeremiás	greek	HU 12/2025 (IX. 3.) KIM
Jermanósz	equivalent	Germán	greek	HU 12/2025 (IX. 3.) KIM
Joakím	equivalent	Joachim	greek	HU 12/2025 (IX. 3.) KIM
Joanna	equivalent	Johanna	greek	HU 12/2025 (IX. 3.) KIM
Joánnisz	equivalent	János	greek	HU 12/2025 (IX. 3.) KIM
Jordanía	equivalent	Jordána	greek	HU 12/2025 (IX. 3.) KIM
Jordánisz	equivalent	Jordán	greek	HU 12/2025 (IX. 3.) KIM
Joszíf	equivalent	József	greek	HU 12/2025 (IX. 3.) KIM
Joszifína	equivalent	Jozefina	greek	HU 12/2025 (IX. 3.) KIM
Judíth	equivalent	Judit	greek	HU 12/2025 (IX. 3.) KIM
Julía	equivalent	Júlia	greek	HU 12/2025 (IX. 3.) KIM
Júliosz	equivalent	Gyula	greek	HU 12/2025 (IX. 3.) KIM
Jusztíni	equivalent	Jusztina	greek	HU 12/2025 (IX. 3.) KIM
Kalipszó	equivalent	Kalipszó	greek	HU 12/2025 (IX. 3.) KIM
Kalliópi	equivalent	Kalliopé	greek	HU 12/2025 (IX. 3.) KIM
Kamíli	equivalent	Kamília	greek	HU 12/2025 (IX. 3.) KIM
Karolína	equivalent	Karolina	greek	HU 12/2025 (IX. 3.) KIM
Károlosz	equivalent	Károly	greek	HU 12/2025 (IX. 3.) KIM
Kaszándra	equivalent	Kasszandra	greek	HU 12/2025 (IX. 3.) KIM
Kekilía	equivalent	Cecília	greek	HU 12/2025 (IX. 3.) KIM
Kiprianósz	equivalent	Ciprián	greek	HU 12/2025 (IX. 3.) KIM
Kirá	equivalent	Kíra	greek	HU 12/2025 (IX. 3.) KIM
Kirá	equivalent	Kira	greek	HU 12/2025 (IX. 3.) KIM
Kírillosz	equivalent	Cirill	greek	HU 12/2025 (IX. 3.) KIM
Kírillosz	equivalent	Kirill	greek	HU 12/2025 (IX. 3.) KIM
Kirjákosz	equivalent	Κυριακος	greek	HU 12/2025 (IX. 3.) KIM
Kírosz	equivalent	Círusz	greek	HU 12/2025 (IX. 3.) KIM
Klélia	equivalent	Klélia	greek	HU 12/2025 (IX. 3.) KIM
Kleopátra	equivalent	Kleopátra	greek	HU 12/2025 (IX. 3.) KIM
Kleri	equivalent	Klára	greek	HU 12/2025 (IX. 3.) KIM
Klímentosz	equivalent	Kelemen	greek	HU 12/2025 (IX. 3.) KIM
Klio	equivalent	Klió	greek	HU 12/2025 (IX. 3.) KIM
Klothíldi	equivalent	Klotild	greek	HU 12/2025 (IX. 3.) KIM
Konsztandínosz	equivalent	Konstantin	greek	HU 12/2025 (IX. 3.) KIM
Konsztandínosz	equivalent	Szilárd	greek	HU 12/2025 (IX. 3.) KIM
Konsztantína	equivalent	Konstancia	greek	HU 12/2025 (IX. 3.) KIM
Konsztantína	equivalent	Konstantina	greek	HU 12/2025 (IX. 3.) KIM
Kóra	equivalent	Kora	greek	HU 12/2025 (IX. 3.) KIM
Korália	equivalent	Korália	greek	HU 12/2025 (IX. 3.) KIM
Kórina	equivalent	Korinna	greek	HU 12/2025 (IX. 3.) KIM
Kornilía	equivalent	Kornélia	greek	HU 12/2025 (IX. 3.) KIM
Korníliosz	equivalent	Kornél	greek	HU 12/2025 (IX. 3.) KIM
Kozmász	equivalent	Kozma	greek	HU 12/2025 (IX. 3.) KIM
Kríton	equivalent	Κριτων	greek	HU 12/2025 (IX. 3.) KIM
Láura	equivalent	Laura	greek	HU 12/2025 (IX. 3.) KIM
Lavínia	equivalent	Lavínia	greek	HU 12/2025 (IX. 3.) KIM
Lavrendiosz	equivalent	Lőrinc	greek	HU 12/2025 (IX. 3.) KIM
Lázarosz	equivalent	Lázár	greek	HU 12/2025 (IX. 3.) KIM
Lea	equivalent	Lea	greek	HU 12/2025 (IX. 3.) KIM
Leandrosz	equivalent	Leánder	greek	HU 12/2025 (IX. 3.) KIM
Leandrosz	equivalent	Leándrosz	greek	HU 12/2025 (IX. 3.) KIM
Leon	equivalent	Leó	greek	HU 12/2025 (IX. 3.) KIM
Leonárdosz	equivalent	Lénárd	greek	HU 12/2025 (IX. 3.) KIM
Leonídasz	equivalent	Leonidász	greek	HU 12/2025 (IX. 3.) KIM
Leopóldosz	equivalent	Lipót	greek	HU 12/2025 (IX. 3.) KIM
Lía	equivalent	Lia	greek	HU 12/2025 (IX. 3.) KIM
Lída	equivalent	Léda	greek	HU 12/2025 (IX. 3.) KIM
Lidía	equivalent	Lídia	greek	HU 12/2025 (IX. 3.) KIM
Ligía	equivalent	Lígia	greek	HU 12/2025 (IX. 3.) KIM
Línda	equivalent	Linda	greek	HU 12/2025 (IX. 3.) KIM
Litó	equivalent	Létó	greek	HU 12/2025 (IX. 3.) KIM
Luíza	equivalent	Lujza	greek	HU 12/2025 (IX. 3.) KIM
Lukász	equivalent	Lukács	greek	HU 12/2025 (IX. 3.) KIM
Lukía	equivalent	Luca	greek	HU 12/2025 (IX. 3.) KIM
Lukía	equivalent	Lúcia	greek	HU 12/2025 (IX. 3.) KIM
Lukianósz	equivalent	Lucián	greek	HU 12/2025 (IX. 3.) KIM
Luszía	equivalent	Luca	greek	HU 12/2025 (IX. 3.) KIM
Luszía	equivalent	Lúcia	greek	HU 12/2025 (IX. 3.) KIM
Magdaliní	equivalent	Magdaléna	greek	HU 12/2025 (IX. 3.) KIM
Magdaliní	equivalent	Magdolna	greek	HU 12/2025 (IX. 3.) KIM
Majá	equivalent	Maja	greek	HU 12/2025 (IX. 3.) KIM
Malahíosz	equivalent	Malakiás	greek	HU 12/2025 (IX. 3.) KIM
Malvína	equivalent	Malvina	greek	HU 12/2025 (IX. 3.) KIM
Manólisz	equivalent	Emmánuel	greek	HU 12/2025 (IX. 3.) KIM
Manólisz	equivalent	Mánuel	greek	HU 12/2025 (IX. 3.) KIM
Mára	equivalent	Mara	greek	HU 12/2025 (IX. 3.) KIM
Margaríta	equivalent	Margaréta	greek	HU 12/2025 (IX. 3.) KIM
María	equivalent	Mária	greek	HU 12/2025 (IX. 3.) KIM
Marína	equivalent	Marina	greek	HU 12/2025 (IX. 3.) KIM
Máriosz	equivalent	Máriusz	greek	HU 12/2025 (IX. 3.) KIM
Markella	equivalent	Marcella	greek	HU 12/2025 (IX. 3.) KIM
Márkellosz	equivalent	Marcell	greek	HU 12/2025 (IX. 3.) KIM
Markianósz	equivalent	Marcián	greek	HU 12/2025 (IX. 3.) KIM
Márkosz	equivalent	Márk	greek	HU 12/2025 (IX. 3.) KIM
Mártha	equivalent	Márta	greek	HU 12/2025 (IX. 3.) KIM
Mattheosz	equivalent	Máté	greek	HU 12/2025 (IX. 3.) KIM
Máximosz	equivalent	Maxim	greek	HU 12/2025 (IX. 3.) KIM
Melánia	equivalent	Melani	greek	HU 12/2025 (IX. 3.) KIM
Melánia	equivalent	Melánia	greek	HU 12/2025 (IX. 3.) KIM
Melína	equivalent	Melina	greek	HU 12/2025 (IX. 3.) KIM
Melissza	equivalent	Melissza	greek	HU 12/2025 (IX. 3.) KIM
Methódiosz	equivalent	Metód	greek	HU 12/2025 (IX. 3.) KIM
Mihaéla	equivalent	Mihaéla	greek	HU 12/2025 (IX. 3.) KIM
Mihaéla	equivalent	Mikaéla	greek	HU 12/2025 (IX. 3.) KIM
Mihaíl	equivalent	Mihály	greek	HU 12/2025 (IX. 3.) KIM
Mihálisz	equivalent	Mihály	greek	HU 12/2025 (IX. 3.) KIM
Miltiádisz	equivalent	Miltiádész	greek	HU 12/2025 (IX. 3.) KIM
Mirtó	equivalent	Mirta	greek	HU 12/2025 (IX. 3.) KIM
Nádja	equivalent	Nádia	greek	HU 12/2025 (IX. 3.) KIM
Nafsziká	equivalent	Nauszika	greek	HU 12/2025 (IX. 3.) KIM
Natalía	equivalent	Natali	greek	HU 12/2025 (IX. 3.) KIM
Natalía	equivalent	Natália	greek	HU 12/2025 (IX. 3.) KIM
Nathanaíl	equivalent	Nátán	greek	HU 12/2025 (IX. 3.) KIM
Nesztor	equivalent	Nesztor	greek	HU 12/2025 (IX. 3.) KIM
Níkandrosz	equivalent	Nikander	greek	HU 12/2025 (IX. 3.) KIM
Níki	equivalent	Niké	greek	HU 12/2025 (IX. 3.) KIM
Níki	equivalent	Niki	greek	HU 12/2025 (IX. 3.) KIM
Nikítasz	equivalent	Nikétás	greek	HU 12/2025 (IX. 3.) KIM
Nikódimosz	equivalent	Nikodémus	greek	HU 12/2025 (IX. 3.) KIM
Nikólaosz	equivalent	Miklós	greek	HU 12/2025 (IX. 3.) KIM
Nikoletta	equivalent	Nikoletta	greek	HU 12/2025 (IX. 3.) KIM
Odetti	equivalent	Odett	greek	HU 12/2025 (IX. 3.) KIM
Odisszeasz	equivalent	Odisszeusz	greek	HU 12/2025 (IX. 3.) KIM
Ofilía	equivalent	Ofélia	greek	HU 12/2025 (IX. 3.) KIM
Olga	equivalent	Olga	greek	HU 12/2025 (IX. 3.) KIM
Olívia	equivalent	Olivia	greek	HU 12/2025 (IX. 3.) KIM
Oresztisz	equivalent	Oresztész	greek	HU 12/2025 (IX. 3.) KIM
Ószkar	equivalent	Oszkár	greek	HU 12/2025 (IX. 3.) KIM
Óthon	equivalent	Ottó	greek	HU 12/2025 (IX. 3.) KIM
Paszhalía	equivalent	Orgona	greek	HU 12/2025 (IX. 3.) KIM
Paszhálisz	equivalent	Paszkál	greek	HU 12/2025 (IX. 3.) KIM
Pavlína	equivalent	Paulινα	greek	HU 12/2025 (IX. 3.) KIM
Pávlosz	equivalent	Pál	greek	HU 12/2025 (IX. 3.) KIM
Periklísz	equivalent	Periklész	greek	HU 12/2025 (IX. 3.) KIM
Petrosz	equivalent	Péter	greek	HU 12/2025 (IX. 3.) KIM
Petrúla	equivalent	Petra	greek	HU 12/2025 (IX. 3.) KIM
Pinelópi	equivalent	Pénelopé	greek	HU 12/2025 (IX. 3.) KIM
Políkarposz	equivalent	Polikárp	greek	HU 12/2025 (IX. 3.) KIM
Polixeni	equivalent	Polixéna	greek	HU 12/2025 (IX. 3.) KIM
Polixeni	equivalent	Polixénia	greek	HU 12/2025 (IX. 3.) KIM
Príszka	equivalent	Piroska	greek	HU 12/2025 (IX. 3.) KIM
Szalómi	equivalent	Salómé	greek	HU 12/2025 (IX. 3.) KIM
Szalómi	equivalent	Szalóme	greek	HU 12/2025 (IX. 3.) KIM
Szamántha	equivalent	Szamanta	greek	HU 12/2025 (IX. 3.) KIM
Szára	equivalent	Sára	greek	HU 12/2025 (IX. 3.) KIM
Szavína	equivalent	Szabina	greek	HU 12/2025 (IX. 3.) KIM
Szelíni	equivalent	Szelina	greek	HU 12/2025 (IX. 3.) KIM
Szemeli	equivalent	Szemelé	greek	HU 12/2025 (IX. 3.) KIM
Szerjosz	equivalent	Szergej	greek	HU 12/2025 (IX. 3.) KIM
Szerjosz	equivalent	Szergiusz	greek	HU 12/2025 (IX. 3.) KIM
Szílvesztrosz	equivalent	Szilveszter	greek	HU 12/2025 (IX. 3.) KIM
Szílvia	equivalent	Szilvia	greek	HU 12/2025 (IX. 3.) KIM
Szimeón	equivalent	Simeon	greek	HU 12/2025 (IX. 3.) KIM
Szimeón	equivalent	Simon	greek	HU 12/2025 (IX. 3.) KIM
Szímon	equivalent	Simon	greek	HU 12/2025 (IX. 3.) KIM
Szimóni	equivalent	Szimóna	greek	HU 12/2025 (IX. 3.) KIM
Szofía	equivalent	Szófia	greek	HU 12/2025 (IX. 3.) KIM
Szofía	equivalent	Zsófia	greek	HU 12/2025 (IX. 3.) KIM
Szofróniosz	equivalent	Szofron	greek	HU 12/2025 (IX. 3.) KIM
Szokrátisz	equivalent	Szókratész	greek	HU 12/2025 (IX. 3.) KIM
Szotírisz	equivalent	Szotirisz	greek	HU 12/2025 (IX. 3.) KIM
Sztavrúla	equivalent	Sztavrula	greek	HU 12/2025 (IX. 3.) KIM
Sztefanía	equivalent	Stefánia	greek	HU 12/2025 (IX. 3.) KIM
Sztefanosz	equivalent	István	greek	HU 12/2025 (IX. 3.) KIM
Sztella	equivalent	Stella	greek	HU 12/2025 (IX. 3.) KIM
Sztella	equivalent	Sztella	greek	HU 12/2025 (IX. 3.) KIM
Szultána	equivalent	Szultána	greek	HU 12/2025 (IX. 3.) KIM
Tánja	equivalent	Tánya	greek	HU 12/2025 (IX. 3.) KIM
Tatjána	equivalent	Tatjána	greek	HU 12/2025 (IX. 3.) KIM
Thália	equivalent	Tália	greek	HU 12/2025 (IX. 3.) KIM
Thekla	equivalent	Tekla	greek	HU 12/2025 (IX. 3.) KIM
Themisz	equivalent	Témisz	greek	HU 12/2025 (IX. 3.) KIM
Theó	equivalent	Teó	greek	HU 12/2025 (IX. 3.) KIM
Theodóra	equivalent	Teodóra	greek	HU 12/2025 (IX. 3.) KIM
Theódorosz	equivalent	Teodor	greek	HU 12/2025 (IX. 3.) KIM
Theódorosz	equivalent	Tódor	greek	HU 12/2025 (IX. 3.) KIM
Theodoszía	equivalent	Teodózia	greek	HU 12/2025 (IX. 3.) KIM
Theofáni	equivalent	Teofánia	greek	HU 12/2025 (IX. 3.) KIM
Theófilosz	equivalent	Teofil	greek	HU 12/2025 (IX. 3.) KIM
Thetisz	equivalent	Tétisz	greek	HU 12/2025 (IX. 3.) KIM
Thireszía	equivalent	Terézia	greek	HU 12/2025 (IX. 3.) KIM
Thomász	equivalent	Tamás	greek	HU 12/2025 (IX. 3.) KIM
Timótheosz	equivalent	Timóteus	greek	HU 12/2025 (IX. 3.) KIM
Títosz	equivalent	Titusz	greek	HU 12/2025 (IX. 3.) KIM
Triandafilliá	equivalent	Rózsa	greek	HU 12/2025 (IX. 3.) KIM
Uranía	equivalent	Uránia	greek	HU 12/2025 (IX. 3.) KIM
Úrszula	equivalent	Orsolya	greek	HU 12/2025 (IX. 3.) KIM
Valendínosz	equivalent	Bálint	greek	HU 12/2025 (IX. 3.) KIM
Valendínosz	equivalent	Valentin	greek	HU 12/2025 (IX. 3.) KIM
Valentini	equivalent	Valentina	greek	HU 12/2025 (IX. 3.) KIM
Vanda	equivalent	Vanda	greek	HU 12/2025 (IX. 3.) KIM
Vanessza	equivalent	Vanessza	greek	HU 12/2025 (IX. 3.) KIM
Varnávasz	equivalent	Barnabás	greek	HU 12/2025 (IX. 3.) KIM
Vartholoméosz	equivalent	Bertalan	greek	HU 12/2025 (IX. 3.) KIM
Varvara	equivalent	Barbara	greek	HU 12/2025 (IX. 3.) KIM
Vaszilia	equivalent	Vaszília	greek	HU 12/2025 (IX. 3.) KIM
Vaszilia	equivalent	Vaszilia	greek	HU 12/2025 (IX. 3.) KIM
Vasziliki	equivalent	Vasziliki	greek	HU 12/2025 (IX. 3.) KIM
Vaszíliosz	equivalent	Vazul	greek	HU 12/2025 (IX. 3.) KIM
Veatriki	equivalent	Beatrix	greek	HU 12/2025 (IX. 3.) KIM
Velisszáriosz	equivalent	Belizár	greek	HU 12/2025 (IX. 3.) KIM
Venetia	equivalent	Venécia	greek	HU 12/2025 (IX. 3.) KIM
Venjamín	equivalent	Benjámin	greek	HU 12/2025 (IX. 3.) KIM
Vera	equivalent	Veronika	greek	HU 12/2025 (IX. 3.) KIM
Vereniki	equivalent	Bereniké	greek	HU 12/2025 (IX. 3.) KIM
Veroniki	equivalent	Veronika	greek	HU 12/2025 (IX. 3.) KIM
Vikendiosz	equivalent	Vince	greek	HU 12/2025 (IX. 3.) KIM
Víktor	equivalent	Győző	greek	HU 12/2025 (IX. 3.) KIM
Víktor	equivalent	Viktor	greek	HU 12/2025 (IX. 3.) KIM
Viktoria	equivalent	Viktória	greek	HU 12/2025 (IX. 3.) KIM
Viola	equivalent	Viola	greek	HU 12/2025 (IX. 3.) KIM
Virginia	equivalent	Virgínia	greek	HU 12/2025 (IX. 3.) KIM
Vivian	equivalent	Vivien	greek	HU 12/2025 (IX. 3.) KIM
Vladímirosz	equivalent	Vladimir	greek	HU 12/2025 (IX. 3.) KIM
Vlásziosz	equivalent	Balázs	greek	HU 12/2025 (IX. 3.) KIM
Xeni	equivalent	Szénia	greek	HU 12/2025 (IX. 3.) KIM
Xeni	equivalent	Xénia	greek	HU 12/2025 (IX. 3.) KIM
Zafírisz	equivalent	Zafír	greek	HU 12/2025 (IX. 3.) KIM
Zafirúla	equivalent	Szafira	greek	HU 12/2025 (IX. 3.) KIM
Zafirúla	equivalent	Zafira	greek	HU 12/2025 (IX. 3.) KIM
Zaharíasz	equivalent	Zakariás	greek	HU 12/2025 (IX. 3.) KIM
Zinaída	equivalent	Zinaida	greek	HU 12/2025 (IX. 3.) KIM
Zinaída	equivalent	Zinajda	greek	HU 12/2025 (IX. 3.) KIM
Zinon	equivalent	Zénó	greek	HU 12/2025 (IX. 3.) KIM
Zinovía	equivalent	Zenóbia	greek	HU 12/2025 (IX. 3.) KIM
Zoí	equivalent	Zoé	greek	HU 12/2025 (IX. 3.) KIM
Ada	equivalent	Ada	polish	HU 14/2025 (IX. 3.) KIM
Ada	transcription	Ádá	polish	HU 14/2025 (IX. 3.) KIM
Adam	equivalent	Ádám	polish	HU 14/2025 (IX. 3.) KIM
Adam	transcription	Ádám	polish	HU 14/2025 (IX. 3.) KIM
Adela	equivalent	Adél	polish	HU 14/2025 (IX. 3.) KIM
Adela	transcription	Ádelá	polish	HU 14/2025 (IX. 3.) KIM
Adelajda	equivalent	Adelaida	polish	HU 14/2025 (IX. 3.) KIM
Adelajda	transcription	Ádeláidá	polish	HU 14/2025 (IX. 3.) KIM
Adolf	equivalent	Adolf	polish	HU 14/2025 (IX. 3.) KIM
Adolf	transcription	Ádolf	polish	HU 14/2025 (IX. 3.) KIM
Adrian	equivalent	Adrián	polish	HU 14/2025 (IX. 3.) KIM
Adrian	transcription	Ádrján	polish	HU 14/2025 (IX. 3.) KIM
Adriana	equivalent	Adriána	polish	HU 14/2025 (IX. 3.) KIM
Adriana	equivalent	Adrienn	polish	HU 14/2025 (IX. 3.) KIM
Adriana	transcription	Ádriáná	polish	HU 14/2025 (IX. 3.) KIM
Adrianna	equivalent	Adrianna	polish	HU 14/2025 (IX. 3.) KIM
Adrianna	transcription	Ádriánná	polish	HU 14/2025 (IX. 3.) KIM
Agata	equivalent	Agáta	polish	HU 14/2025 (IX. 3.) KIM
Agata	transcription	Ágátá	polish	HU 14/2025 (IX. 3.) KIM
Agnieszka	equivalent	Ágnes	polish	HU 14/2025 (IX. 3.) KIM
Agnieszka	transcription	Ágnyeská	polish	HU 14/2025 (IX. 3.) KIM
Alan	equivalent	Alán	polish	HU 14/2025 (IX. 3.) KIM
Alan	transcription	Álán	polish	HU 14/2025 (IX. 3.) KIM
Albert	equivalent	Albert	polish	HU 14/2025 (IX. 3.) KIM
Albert	transcription	Álbert	polish	HU 14/2025 (IX. 3.) KIM
Albin	equivalent	Albin	polish	HU 14/2025 (IX. 3.) KIM
Albin	transcription	Álbin	polish	HU 14/2025 (IX. 3.) KIM
Albina	equivalent	Albina	polish	HU 14/2025 (IX. 3.) KIM
Albina	transcription	Álbiná	polish	HU 14/2025 (IX. 3.) KIM
Aldona	transcription	Áldoná	polish	HU 14/2025 (IX. 3.) KIM
Aleksander	equivalent	Sándor	polish	HU 14/2025 (IX. 3.) KIM
Aleksander	transcription	Álekszánder	polish	HU 14/2025 (IX. 3.) KIM
Aleksandra	equivalent	Alexandra	polish	HU 14/2025 (IX. 3.) KIM
Aleksandra	transcription	Álekszándrá	polish	HU 14/2025 (IX. 3.) KIM
Aleksy	equivalent	Alex	polish	HU 14/2025 (IX. 3.) KIM
Aleksy	transcription	Álekszi	polish	HU 14/2025 (IX. 3.) KIM
Alfons	equivalent	Alfonz	polish	HU 14/2025 (IX. 3.) KIM
Alfons	transcription	Álfonsz	polish	HU 14/2025 (IX. 3.) KIM
Alfred	equivalent	Alfréd	polish	HU 14/2025 (IX. 3.) KIM
Alfred	transcription	Álfred	polish	HU 14/2025 (IX. 3.) KIM
Alfreda	equivalent	Alfréda	polish	HU 14/2025 (IX. 3.) KIM
Alfreda	transcription	Álfredá	polish	HU 14/2025 (IX. 3.) KIM
Alicja	equivalent	Alicia	polish	HU 14/2025 (IX. 3.) KIM
Alicja	equivalent	Aliz	polish	HU 14/2025 (IX. 3.) KIM
Alicja	transcription	Álicjá	polish	HU 14/2025 (IX. 3.) KIM
Alina	equivalent	Alina	polish	HU 14/2025 (IX. 3.) KIM
Alina	transcription	Áliná	polish	HU 14/2025 (IX. 3.) KIM
Alojzy	transcription	Álojzi	polish	HU 14/2025 (IX. 3.) KIM
Amadeusz	equivalent	Amadeusz	polish	HU 14/2025 (IX. 3.) KIM
Amadeusz	transcription	Ámádeus	polish	HU 14/2025 (IX. 3.) KIM
Amalia	equivalent	Amália	polish	HU 14/2025 (IX. 3.) KIM
Amalia	transcription	Ámáliá	polish	HU 14/2025 (IX. 3.) KIM
Amanda	equivalent	Amanda	polish	HU 14/2025 (IX. 3.) KIM
Amanda	transcription	Ámándá	polish	HU 14/2025 (IX. 3.) KIM
Amelia	equivalent	Amélia	polish	HU 14/2025 (IX. 3.) KIM
Amelia	transcription	Ámeliá	polish	HU 14/2025 (IX. 3.) KIM
Anastazja	equivalent	Anasztázia	polish	HU 14/2025 (IX. 3.) KIM
Anastazja	transcription	Ánásztázjá	polish	HU 14/2025 (IX. 3.) KIM
Anatol	equivalent	Anatol	polish	HU 14/2025 (IX. 3.) KIM
Anatol	transcription	Ánátol	polish	HU 14/2025 (IX. 3.) KIM
Andrzej	equivalent	András	polish	HU 14/2025 (IX. 3.) KIM
Andrzej	transcription	Ándzsej	polish	HU 14/2025 (IX. 3.) KIM
Aneta	equivalent	Anéta	polish	HU 14/2025 (IX. 3.) KIM
Aneta	transcription	Ánetá	polish	HU 14/2025 (IX. 3.) KIM
Anetta	equivalent	Anett	polish	HU 14/2025 (IX. 3.) KIM
Anetta	transcription	Ánettá	polish	HU 14/2025 (IX. 3.) KIM
Angelika	equivalent	Angelika	polish	HU 14/2025 (IX. 3.) KIM
Angelika	transcription	Ángeliká	polish	HU 14/2025 (IX. 3.) KIM
Angelina	equivalent	Angelina	polish	HU 14/2025 (IX. 3.) KIM
Angelina	transcription	Ángeliná	polish	HU 14/2025 (IX. 3.) KIM
Aniela	equivalent	Aniella	polish	HU 14/2025 (IX. 3.) KIM
Aniela	transcription	Ányelá	polish	HU 14/2025 (IX. 3.) KIM
Anita	equivalent	Anita	polish	HU 14/2025 (IX. 3.) KIM
Anita	transcription	Ánitá	polish	HU 14/2025 (IX. 3.) KIM
Anna	equivalent	Anna	polish	HU 14/2025 (IX. 3.) KIM
Anna	transcription	Ánná	polish	HU 14/2025 (IX. 3.) KIM
Antoni	equivalent	Anton	polish	HU 14/2025 (IX. 3.) KIM
Antoni	transcription	Ántonyi	polish	HU 14/2025 (IX. 3.) KIM
Antonia	equivalent	Antonella	polish	HU 14/2025 (IX. 3.) KIM
Antonia	equivalent	Antónia	polish	HU 14/2025 (IX. 3.) KIM
Antonia	transcription	Ántonyiná	polish	HU 14/2025 (IX. 3.) KIM
Apolinary	equivalent	Apollinár	polish	HU 14/2025 (IX. 3.) KIM
Apolinary	transcription	Ápolinári	polish	HU 14/2025 (IX. 3.) KIM
Apolonia	equivalent	Apollónia	polish	HU 14/2025 (IX. 3.) KIM
Apolonia	transcription	Ápoloniá	polish	HU 14/2025 (IX. 3.) KIM
Ariel	transcription	Árjel	polish	HU 14/2025 (IX. 3.) KIM
Arkadiusz	equivalent	Arkád	polish	HU 14/2025 (IX. 3.) KIM
Arkadiusz	equivalent	Árkád	polish	HU 14/2025 (IX. 3.) KIM
Arkadiusz	transcription	Árkádjus	polish	HU 14/2025 (IX. 3.) KIM
Arleta	equivalent	Arlett	polish	HU 14/2025 (IX. 3.) KIM
Arleta	transcription	Árletá	polish	HU 14/2025 (IX. 3.) KIM
Arletta	equivalent	Arlett	polish	HU 14/2025 (IX. 3.) KIM
Arletta	transcription	Árlettá	polish	HU 14/2025 (IX. 3.) KIM
Arnold	equivalent	Arnold	polish	HU 14/2025 (IX. 3.) KIM
Arnold	transcription	Árnold	polish	HU 14/2025 (IX. 3.) KIM
Artur	equivalent	Artúr	polish	HU 14/2025 (IX. 3.) KIM
Artur	transcription	Ártur	polish	HU 14/2025 (IX. 3.) KIM
August	equivalent	Augusztusz	polish	HU 14/2025 (IX. 3.) KIM
August	transcription	Áuguszt	polish	HU 14/2025 (IX. 3.) KIM
Augustyn	equivalent	Augusztin	polish	HU 14/2025 (IX. 3.) KIM
Augustyn	transcription	Áugusztin	polish	HU 14/2025 (IX. 3.) KIM
Augustyna	equivalent	Augusztina	polish	HU 14/2025 (IX. 3.) KIM
Augustyna	transcription	Áugusztiná	polish	HU 14/2025 (IX. 3.) KIM
Aurelia	equivalent	Aurélia	polish	HU 14/2025 (IX. 3.) KIM
Aurelia	transcription	Áureliá	polish	HU 14/2025 (IX. 3.) KIM
Balbinta	equivalent	Balbina	polish	HU 14/2025 (IX. 3.) KIM
Balbinta	transcription	Bálbiná	polish	HU 14/2025 (IX. 3.) KIM
Barbara	equivalent	Barbara	polish	HU 14/2025 (IX. 3.) KIM
Barbara	transcription	Bárbárá	polish	HU 14/2025 (IX. 3.) KIM
Bartlomiej	equivalent	Bertalan	polish	HU 14/2025 (IX. 3.) KIM
Bartlomiej	transcription	Bártlomjej	polish	HU 14/2025 (IX. 3.) KIM
Bartosz	equivalent	Bartos	polish	HU 14/2025 (IX. 3.) KIM
Bartosz	transcription	Bártos	polish	HU 14/2025 (IX. 3.) KIM
Bazyli	equivalent	Bazil	polish	HU 14/2025 (IX. 3.) KIM
Bazyli	transcription	Bázili	polish	HU 14/2025 (IX. 3.) KIM
Beata	equivalent	Beáta	polish	HU 14/2025 (IX. 3.) KIM
Beata	transcription	Beátá	polish	HU 14/2025 (IX. 3.) KIM
Benedykt	equivalent	Benediktusz	polish	HU 14/2025 (IX. 3.) KIM
Benedykt	transcription	Benedikt	polish	HU 14/2025 (IX. 3.) KIM
Benedykta	equivalent	Benedikta	polish	HU 14/2025 (IX. 3.) KIM
Benedykta	transcription	Benediktá	polish	HU 14/2025 (IX. 3.) KIM
Beniamin	equivalent	Benjámin	polish	HU 14/2025 (IX. 3.) KIM
Beniamin	transcription	Benyámin	polish	HU 14/2025 (IX. 3.) KIM
Benon	equivalent	Bennó	polish	HU 14/2025 (IX. 3.) KIM
Benon	transcription	Benon	polish	HU 14/2025 (IX. 3.) KIM
Bernadeta	equivalent	Bernadett	polish	HU 14/2025 (IX. 3.) KIM
Bernadeta	transcription	Bernádetá	polish	HU 14/2025 (IX. 3.) KIM
Bernadetta	equivalent	Bernadett	polish	HU 14/2025 (IX. 3.) KIM
Bernadetta	transcription	Bernádettá	polish	HU 14/2025 (IX. 3.) KIM
Bernard	equivalent	Bernát	polish	HU 14/2025 (IX. 3.) KIM
Bernard	transcription	Bernárd	polish	HU 14/2025 (IX. 3.) KIM
Bernarda	equivalent	Bernarda	polish	HU 14/2025 (IX. 3.) KIM
Bernarda	transcription	Bernárdá	polish	HU 14/2025 (IX. 3.) KIM
Bernardyna	equivalent	Bernardina	polish	HU 14/2025 (IX. 3.) KIM
Bernardyna	transcription	Bernárdiná	polish	HU 14/2025 (IX. 3.) KIM
Berta	equivalent	Berta	polish	HU 14/2025 (IX. 3.) KIM
Berta	transcription	Bertá	polish	HU 14/2025 (IX. 3.) KIM
Blandyna	equivalent	Blandina	polish	HU 14/2025 (IX. 3.) KIM
Blandyna	transcription	Blándiná	polish	HU 14/2025 (IX. 3.) KIM
Blanka	equivalent	Blanka	polish	HU 14/2025 (IX. 3.) KIM
Blanka	transcription	Blánká	polish	HU 14/2025 (IX. 3.) KIM
Blazej	equivalent	Balázs	polish	HU 14/2025 (IX. 3.) KIM
Blazej	transcription	Blázsej	polish	HU 14/2025 (IX. 3.) KIM
Bogdan	equivalent	Bogdán	polish	HU 14/2025 (IX. 3.) KIM
Bogdan	transcription	Bogdán	polish	HU 14/2025 (IX. 3.) KIM
Bogna	transcription	Bogná	polish	HU 14/2025 (IX. 3.) KIM
Bogumil	equivalent	Bogumil	polish	HU 14/2025 (IX. 3.) KIM
Bogumil	transcription	Bogumil	polish	HU 14/2025 (IX. 3.) KIM
Bogumila	transcription	Bogumilá	polish	HU 14/2025 (IX. 3.) KIM
Boguslaw	transcription	Boguszláv	polish	HU 14/2025 (IX. 3.) KIM
Boguslawa	transcription	Boguszlává	polish	HU 14/2025 (IX. 3.) KIM
Bohdan	transcription	Bohdán	polish	HU 14/2025 (IX. 3.) KIM
Boleslaw	equivalent	Boleszláv	polish	HU 14/2025 (IX. 3.) KIM
Boleslaw	transcription	Boleszláv	polish	HU 14/2025 (IX. 3.) KIM
Boleslawa	transcription	Boleszlává	polish	HU 14/2025 (IX. 3.) KIM
Bonifacy	equivalent	Bonifác	polish	HU 14/2025 (IX. 3.) KIM
Bonifacy	transcription	Bonyifáci	polish	HU 14/2025 (IX. 3.) KIM
Borys	equivalent	Borisz	polish	HU 14/2025 (IX. 3.) KIM
Borys	transcription	Borisz	polish	HU 14/2025 (IX. 3.) KIM
Bozena	transcription	Bozsená	polish	HU 14/2025 (IX. 3.) KIM
Bozenna	transcription	Bozsenná	polish	HU 14/2025 (IX. 3.) KIM
Bronislaw	transcription	Bronyiszláv	polish	HU 14/2025 (IX. 3.) KIM
Bronislawa	transcription	Bronyiszlává	polish	HU 14/2025 (IX. 3.) KIM
Bruno	equivalent	Bruno	polish	HU 14/2025 (IX. 3.) KIM
Bruno	equivalent	Brúnó	polish	HU 14/2025 (IX. 3.) KIM
Bruno	equivalent	Brunó	polish	HU 14/2025 (IX. 3.) KIM
Bruno	equivalent	Brunon	polish	HU 14/2025 (IX. 3.) KIM
Brunon	equivalent	Brúnó	polish	HU 14/2025 (IX. 3.) KIM
Brunon	equivalent	Bruno	polish	HU 14/2025 (IX. 3.) KIM
Brunon	equivalent	Brunó	polish	HU 14/2025 (IX. 3.) KIM
Brunon	equivalent	Brunon	polish	HU 14/2025 (IX. 3.) KIM
Brygida	equivalent	Brigitta	polish	HU 14/2025 (IX. 3.) KIM
Brygida	transcription	Brigidá	polish	HU 14/2025 (IX. 3.) KIM
Cecylia	equivalent	Cecília	polish	HU 14/2025 (IX. 3.) KIM
Cecylia	transcription	Ceciliá	polish	HU 14/2025 (IX. 3.) KIM
Celina	equivalent	Celina	polish	HU 14/2025 (IX. 3.) KIM
Celina	transcription	Celiná	polish	HU 14/2025 (IX. 3.) KIM
Cezary	equivalent	Cézár	polish	HU 14/2025 (IX. 3.) KIM
Cezary	transcription	Cezári	polish	HU 14/2025 (IX. 3.) KIM
Cyprian	equivalent	Ciprián	polish	HU 14/2025 (IX. 3.) KIM
Cyprian	transcription	Ciprján	polish	HU 14/2025 (IX. 3.) KIM
Czeslaw	transcription	Cseszláv	polish	HU 14/2025 (IX. 3.) KIM
Czeslawa	transcription	Cseszlává	polish	HU 14/2025 (IX. 3.) KIM
Dagmara	transcription	Dágmárá	polish	HU 14/2025 (IX. 3.) KIM
Damian	equivalent	Damján	polish	HU 14/2025 (IX. 3.) KIM
Damian	transcription	Dámján	polish	HU 14/2025 (IX. 3.) KIM
Daniel	equivalent	Dániel	polish	HU 14/2025 (IX. 3.) KIM
Daniel	transcription	Dániel	polish	HU 14/2025 (IX. 3.) KIM
Daniela	equivalent	Daniéla	polish	HU 14/2025 (IX. 3.) KIM
Daniela	transcription	Dánielá	polish	HU 14/2025 (IX. 3.) KIM
Danuta	equivalent	Danuta	polish	HU 14/2025 (IX. 3.) KIM
Danuta	transcription	Dánutá	polish	HU 14/2025 (IX. 3.) KIM
Daria	equivalent	Dária	polish	HU 14/2025 (IX. 3.) KIM
Daria	transcription	Dárjá	polish	HU 14/2025 (IX. 3.) KIM
Dariusz	equivalent	Dárius	polish	HU 14/2025 (IX. 3.) KIM
Dariusz	transcription	Dárius	polish	HU 14/2025 (IX. 3.) KIM
Dawid	equivalent	Dávid	polish	HU 14/2025 (IX. 3.) KIM
Dawid	transcription	Dávid	polish	HU 14/2025 (IX. 3.) KIM
Denis	equivalent	Dénes	polish	HU 14/2025 (IX. 3.) KIM
Denis	transcription	Denisz	polish	HU 14/2025 (IX. 3.) KIM
Diana	equivalent	Diána	polish	HU 14/2025 (IX. 3.) KIM
Diana	transcription	Diáná	polish	HU 14/2025 (IX. 3.) KIM
Dionizy	equivalent	Dénes	polish	HU 14/2025 (IX. 3.) KIM
Dionizy	transcription	Dionizi	polish	HU 14/2025 (IX. 3.) KIM
Domicela	equivalent	Domicella	polish	HU 14/2025 (IX. 3.) KIM
Domicela	transcription	Domicelá	polish	HU 14/2025 (IX. 3.) KIM
Dominik	equivalent	Dominik	polish	HU 14/2025 (IX. 3.) KIM
Dominik	equivalent	Domonkos	polish	HU 14/2025 (IX. 3.) KIM
Dominik	transcription	Dominik	polish	HU 14/2025 (IX. 3.) KIM
Dominika	equivalent	Dominika	polish	HU 14/2025 (IX. 3.) KIM
Dominika	transcription	Dominiká	polish	HU 14/2025 (IX. 3.) KIM
Donata	equivalent	Donáta	polish	HU 14/2025 (IX. 3.) KIM
Donata	transcription	Donáta	polish	HU 14/2025 (IX. 3.) KIM
Dorota	equivalent	Dorotea	polish	HU 14/2025 (IX. 3.) KIM
Dorota	equivalent	Dorottya	polish	HU 14/2025 (IX. 3.) KIM
Dorota	transcription	Dorotá	polish	HU 14/2025 (IX. 3.) KIM
Dymitr	equivalent	Demeter	polish	HU 14/2025 (IX. 3.) KIM
Dymitr	transcription	Dimitr	polish	HU 14/2025 (IX. 3.) KIM
Edmund	equivalent	Edmund	polish	HU 14/2025 (IX. 3.) KIM
Edmund	transcription	Edmund	polish	HU 14/2025 (IX. 3.) KIM
Edward	equivalent	Eduárd	polish	HU 14/2025 (IX. 3.) KIM
Edward	equivalent	Edvárd	polish	HU 14/2025 (IX. 3.) KIM
Edward	transcription	Edvárd	polish	HU 14/2025 (IX. 3.) KIM
Edwarda	equivalent	Edvarda	polish	HU 14/2025 (IX. 3.) KIM
Edwarda	transcription	Edvárdá	polish	HU 14/2025 (IX. 3.) KIM
Edwin	equivalent	Edvin	polish	HU 14/2025 (IX. 3.) KIM
Edwin	transcription	Edvin	polish	HU 14/2025 (IX. 3.) KIM
Edyta	equivalent	Edit	polish	HU 14/2025 (IX. 3.) KIM
Edyta	transcription	Editá	polish	HU 14/2025 (IX. 3.) KIM
Elalia	equivalent	Eulália	polish	HU 14/2025 (IX. 3.) KIM
Elalia	transcription	Eulália	polish	HU 14/2025 (IX. 3.) KIM
Eleonora	equivalent	Eleonóra	polish	HU 14/2025 (IX. 3.) KIM
Eleonora	transcription	Eleonórá	polish	HU 14/2025 (IX. 3.) KIM
Eliasz	equivalent	Éliás	polish	HU 14/2025 (IX. 3.) KIM
Eliasz	transcription	Eljás	polish	HU 14/2025 (IX. 3.) KIM
Eligiusz	equivalent	Elígiusz	polish	HU 14/2025 (IX. 3.) KIM
Eligiusz	transcription	Eligjus	polish	HU 14/2025 (IX. 3.) KIM
Eliza	equivalent	Eliz	polish	HU 14/2025 (IX. 3.) KIM
Eliza	equivalent	Eliza	polish	HU 14/2025 (IX. 3.) KIM
Eliza	transcription	Elizá	polish	HU 14/2025 (IX. 3.) KIM
Elwira	equivalent	Elvira	polish	HU 14/2025 (IX. 3.) KIM
Elwira	transcription	Elvirá	polish	HU 14/2025 (IX. 3.) KIM
Elzbieta	equivalent	Erzsébet	polish	HU 14/2025 (IX. 3.) KIM
Elzbieta	transcription	Elzsbjéta	polish	HU 14/2025 (IX. 3.) KIM
Ema	equivalent	Emma	polish	HU 14/2025 (IX. 3.) KIM
Ema	transcription	Emá	polish	HU 14/2025 (IX. 3.) KIM
Emanuel	equivalent	Emánuel	polish	HU 14/2025 (IX. 3.) KIM
Emanuel	transcription	Emánuel	polish	HU 14/2025 (IX. 3.) KIM
Emil	equivalent	Emil	polish	HU 14/2025 (IX. 3.) KIM
Emil	transcription	Emil	polish	HU 14/2025 (IX. 3.) KIM
Emilia	equivalent	Emília	polish	HU 14/2025 (IX. 3.) KIM
Emilia	transcription	Emiljá	polish	HU 14/2025 (IX. 3.) KIM
Emilian	equivalent	Emilián	polish	HU 14/2025 (IX. 3.) KIM
Emilian	transcription	Emilján	polish	HU 14/2025 (IX. 3.) KIM
Erna	equivalent	Erna	polish	HU 14/2025 (IX. 3.) KIM
Erna	transcription	Erná	polish	HU 14/2025 (IX. 3.) KIM
Ernest	equivalent	Erneszt	polish	HU 14/2025 (IX. 3.) KIM
Ernest	transcription	Erneszt	polish	HU 14/2025 (IX. 3.) KIM
Erwin	equivalent	Ervin	polish	HU 14/2025 (IX. 3.) KIM
Erwin	transcription	Ervin	polish	HU 14/2025 (IX. 3.) KIM
Eryk	equivalent	Erik	polish	HU 14/2025 (IX. 3.) KIM
Eryk	transcription	Erik	polish	HU 14/2025 (IX. 3.) KIM
Eryka	equivalent	Erika	polish	HU 14/2025 (IX. 3.) KIM
Eryka	transcription	Eriká	polish	HU 14/2025 (IX. 3.) KIM
Estera	equivalent	Eszter	polish	HU 14/2025 (IX. 3.) KIM
Estera	transcription	Eszterá	polish	HU 14/2025 (IX. 3.) KIM
Eufemia	equivalent	Eufémia	polish	HU 14/2025 (IX. 3.) KIM
Eufemia	transcription	Eufemjá	polish	HU 14/2025 (IX. 3.) KIM
Eugenia	equivalent	Eugénia	polish	HU 14/2025 (IX. 3.) KIM
Eugenia	transcription	Eugenjá	polish	HU 14/2025 (IX. 3.) KIM
Eugeniusz	equivalent	Eugén	polish	HU 14/2025 (IX. 3.) KIM
Eugeniusz	equivalent	Jenő	polish	HU 14/2025 (IX. 3.) KIM
Eugeniusz	transcription	Eugenjus	polish	HU 14/2025 (IX. 3.) KIM
Ewa	equivalent	Éva	polish	HU 14/2025 (IX. 3.) KIM
Ewa	transcription	Evá	polish	HU 14/2025 (IX. 3.) KIM
Ewald	equivalent	Évald	polish	HU 14/2025 (IX. 3.) KIM
Ewald	transcription	Eváld	polish	HU 14/2025 (IX. 3.) KIM
Ewelina	equivalent	Evelin	polish	HU 14/2025 (IX. 3.) KIM
Ewelina	equivalent	Evelina	polish	HU 14/2025 (IX. 3.) KIM
Ewelina	transcription	Eveliná	polish	HU 14/2025 (IX. 3.) KIM
Fabian	equivalent	Fábián	polish	HU 14/2025 (IX. 3.) KIM
Fabian	transcription	Fábján	polish	HU 14/2025 (IX. 3.) KIM
Felicja	equivalent	Felícia	polish	HU 14/2025 (IX. 3.) KIM
Felicja	transcription	Felicjá	polish	HU 14/2025 (IX. 3.) KIM
Feliks	equivalent	Félix	polish	HU 14/2025 (IX. 3.) KIM
Feliks	transcription	Feliksz	polish	HU 14/2025 (IX. 3.) KIM
Feliksa	transcription	Felikszá	polish	HU 14/2025 (IX. 3.) KIM
Ferdynand	equivalent	Ferdinánd	polish	HU 14/2025 (IX. 3.) KIM
Ferdynand	transcription	Ferdinánd	polish	HU 14/2025 (IX. 3.) KIM
Filip	equivalent	Filip	polish	HU 14/2025 (IX. 3.) KIM
Filip	transcription	Filip	polish	HU 14/2025 (IX. 3.) KIM
Filomena	equivalent	Filoména	polish	HU 14/2025 (IX. 3.) KIM
Filomena	transcription	Filoména	polish	HU 14/2025 (IX. 3.) KIM
Florentyna	equivalent	Florentina	polish	HU 14/2025 (IX. 3.) KIM
Florentyna	transcription	Florentiná	polish	HU 14/2025 (IX. 3.) KIM
Florian	equivalent	Flórián	polish	HU 14/2025 (IX. 3.) KIM
Florian	equivalent	Flóris	polish	HU 14/2025 (IX. 3.) KIM
Florian	transcription	Florján	polish	HU 14/2025 (IX. 3.) KIM
Franciszek	equivalent	Ferenc	polish	HU 14/2025 (IX. 3.) KIM
Franciszek	equivalent	Frank	polish	HU 14/2025 (IX. 3.) KIM
Franciszek	transcription	Fráncsisek	polish	HU 14/2025 (IX. 3.) KIM
Franciszka	equivalent	Franciska	polish	HU 14/2025 (IX. 3.) KIM
Franciszka	transcription	Fráncsiská	polish	HU 14/2025 (IX. 3.) KIM
Fryderyk	equivalent	Frigyes	polish	HU 14/2025 (IX. 3.) KIM
Fryderyk	transcription	Friderik	polish	HU 14/2025 (IX. 3.) KIM
Gabriel	equivalent	Gábor	polish	HU 14/2025 (IX. 3.) KIM
Gabriel	transcription	Gábriel	polish	HU 14/2025 (IX. 3.) KIM
Gabriela	equivalent	Gabriella	polish	HU 14/2025 (IX. 3.) KIM
Gabriela	transcription	Gábriielá	polish	HU 14/2025 (IX. 3.) KIM
Genowefa	equivalent	Genovéva	polish	HU 14/2025 (IX. 3.) KIM
Genowefa	transcription	Genovefá	polish	HU 14/2025 (IX. 3.) KIM
Gerard	equivalent	Gerhárd	polish	HU 14/2025 (IX. 3.) KIM
Gerard	transcription	Gerárd	polish	HU 14/2025 (IX. 3.) KIM
Gerda	equivalent	Gerda	polish	HU 14/2025 (IX. 3.) KIM
Gerda	transcription	Gerdá	polish	HU 14/2025 (IX. 3.) KIM
Gerhard	equivalent	Gerhárd	polish	HU 14/2025 (IX. 3.) KIM
Gerhard	transcription	Gerhárd	polish	HU 14/2025 (IX. 3.) KIM
Gertruda	equivalent	Gertrúd	polish	HU 14/2025 (IX. 3.) KIM
Gertruda	transcription	Gertrudá	polish	HU 14/2025 (IX. 3.) KIM
Ginter	transcription	Ginter	polish	HU 14/2025 (IX. 3.) KIM
Gizela	equivalent	Gizella	polish	HU 14/2025 (IX. 3.) KIM
Gizela	transcription	Gizelá	polish	HU 14/2025 (IX. 3.) KIM
Gracjan	equivalent	Gracián	polish	HU 14/2025 (IX. 3.) KIM
Gracjan	transcription	Grácján	polish	HU 14/2025 (IX. 3.) KIM
Grazyna	transcription	Grázsiná	polish	HU 14/2025 (IX. 3.) KIM
Grzegorz	equivalent	Gergely	polish	HU 14/2025 (IX. 3.) KIM
Grzegorz	transcription	Gzsegozs	polish	HU 14/2025 (IX. 3.) KIM
Gustaw	equivalent	Gusztáv	polish	HU 14/2025 (IX. 3.) KIM
Gustaw	transcription	Gusztáv	polish	HU 14/2025 (IX. 3.) KIM
Halina	transcription	Háliná	polish	HU 14/2025 (IX. 3.) KIM
Hanna	equivalent	Hanna	polish	HU 14/2025 (IX. 3.) KIM
Hanna	transcription	Hánná	polish	HU 14/2025 (IX. 3.) KIM
Helena	equivalent	Helén	polish	HU 14/2025 (IX. 3.) KIM
Helena	equivalent	Heléna	polish	HU 14/2025 (IX. 3.) KIM
Helena	transcription	Helená	polish	HU 14/2025 (IX. 3.) KIM
Helga	equivalent	Helga	polish	HU 14/2025 (IX. 3.) KIM
Helga	transcription	Helgá	polish	HU 14/2025 (IX. 3.) KIM
Helmut	equivalent	Helmut	polish	HU 14/2025 (IX. 3.) KIM
Helmut	transcription	Helmut	polish	HU 14/2025 (IX. 3.) KIM
Henryk	equivalent	Henrik	polish	HU 14/2025 (IX. 3.) KIM
Henryk	transcription	Henrik	polish	HU 14/2025 (IX. 3.) KIM
Henryka	equivalent	Henriett	polish	HU 14/2025 (IX. 3.) KIM
Henryka	equivalent	Henrietta	polish	HU 14/2025 (IX. 3.) KIM
Henryka	transcription	Henriká	polish	HU 14/2025 (IX. 3.) KIM
Herbert	equivalent	Herbert	polish	HU 14/2025 (IX. 3.) KIM
Herbert	transcription	Herbert	polish	HU 14/2025 (IX. 3.) KIM
Heronim	equivalent	Jeromos	polish	HU 14/2025 (IX. 3.) KIM
Heronim	transcription	Heronim	polish	HU 14/2025 (IX. 3.) KIM
Hieronim	equivalent	Jeromos	polish	HU 14/2025 (IX. 3.) KIM
Hieronim	transcription	Hjeronim	polish	HU 14/2025 (IX. 3.) KIM
Hilary	equivalent	Hiláriusz	polish	HU 14/2025 (IX. 3.) KIM
Hilary	transcription	Hilári	polish	HU 14/2025 (IX. 3.) KIM
Hildegarda	equivalent	Hildegárd	polish	HU 14/2025 (IX. 3.) KIM
Hildegarda	transcription	Hildegárdá	polish	HU 14/2025 (IX. 3.) KIM
Hipolit	equivalent	Hippolit	polish	HU 14/2025 (IX. 3.) KIM
Hipolit	transcription	Hipolit	polish	HU 14/2025 (IX. 3.) KIM
Honorata	equivalent	Honoráta	polish	HU 14/2025 (IX. 3.) KIM
Honorata	transcription	Honorátá	polish	HU 14/2025 (IX. 3.) KIM
Horst	transcription	Horszt	polish	HU 14/2025 (IX. 3.) KIM
Hubert	equivalent	Hubert	polish	HU 14/2025 (IX. 3.) KIM
Hubert	transcription	Hubert	polish	HU 14/2025 (IX. 3.) KIM
Ida	equivalent	Ida	polish	HU 14/2025 (IX. 3.) KIM
Ida	transcription	Idá	polish	HU 14/2025 (IX. 3.) KIM
Iga	transcription	Igá	polish	HU 14/2025 (IX. 3.) KIM
Ignacy	equivalent	Ignác	polish	HU 14/2025 (IX. 3.) KIM
Ignacy	transcription	Ignáci	polish	HU 14/2025 (IX. 3.) KIM
Igor	equivalent	Igor	polish	HU 14/2025 (IX. 3.) KIM
Igor	transcription	Igor	polish	HU 14/2025 (IX. 3.) KIM
Ilona	equivalent	Ilona	polish	HU 14/2025 (IX. 3.) KIM
Ilona	transcription	Iloná	polish	HU 14/2025 (IX. 3.) KIM
Inga	equivalent	Inge	polish	HU 14/2025 (IX. 3.) KIM
Inga	transcription	Ingá	polish	HU 14/2025 (IX. 3.) KIM
Irena	equivalent	Irén	polish	HU 14/2025 (IX. 3.) KIM
Irena	transcription	Irená	polish	HU 14/2025 (IX. 3.) KIM
Ireneusz	equivalent	Iréneusz	polish	HU 14/2025 (IX. 3.) KIM
Ireneusz	transcription	Ireneus	polish	HU 14/2025 (IX. 3.) KIM
Irmgarda	transcription	Irmgárdá	polish	HU 14/2025 (IX. 3.) KIM
Irmina	equivalent	Irma	polish	HU 14/2025 (IX. 3.) KIM
Irmina	transcription	Irminá	polish	HU 14/2025 (IX. 3.) KIM
Iwona	equivalent	Ivonn	polish	HU 14/2025 (IX. 3.) KIM
Iwona	transcription	Ivoná	polish	HU 14/2025 (IX. 3.) KIM
Izabela	equivalent	Izabel	polish	HU 14/2025 (IX. 3.) KIM
Izabela	transcription	Izábelá	polish	HU 14/2025 (IX. 3.) KIM
Izabella	equivalent	Izabell	polish	HU 14/2025 (IX. 3.) KIM
Izabella	equivalent	Izabella	polish	HU 14/2025 (IX. 3.) KIM
Izabella	transcription	Izábellá	polish	HU 14/2025 (IX. 3.) KIM
Izydor	equivalent	Izidor	polish	HU 14/2025 (IX. 3.) KIM
Izydor	transcription	Izidor	polish	HU 14/2025 (IX. 3.) KIM
Jacek	equivalent	Jácint	polish	HU 14/2025 (IX. 3.) KIM
Jacek	transcription	Jácek	polish	HU 14/2025 (IX. 3.) KIM
Jacenty	equivalent	Jácint	polish	HU 14/2025 (IX. 3.) KIM
Jacenty	transcription	Jácenti	polish	HU 14/2025 (IX. 3.) KIM
Jadwiga	equivalent	Hedvig	polish	HU 14/2025 (IX. 3.) KIM
Jadwiga	transcription	Jádvigá	polish	HU 14/2025 (IX. 3.) KIM
Jagna	transcription	Jágná	polish	HU 14/2025 (IX. 3.) KIM
Jagoda	transcription	Jágodá	polish	HU 14/2025 (IX. 3.) KIM
Jakub	equivalent	Jakab	polish	HU 14/2025 (IX. 3.) KIM
Jakub	transcription	Jákub	polish	HU 14/2025 (IX. 3.) KIM
Jan	equivalent	János	polish	HU 14/2025 (IX. 3.) KIM
Jan	transcription	Ján	polish	HU 14/2025 (IX. 3.) KIM
Janina	equivalent	Janina	polish	HU 14/2025 (IX. 3.) KIM
Janina	transcription	Jányiná	polish	HU 14/2025 (IX. 3.) KIM
Janusz	equivalent	János	polish	HU 14/2025 (IX. 3.) KIM
Janusz	transcription	Jánus	polish	HU 14/2025 (IX. 3.) KIM
Jaroslaw	transcription	Jároszláv	polish	HU 14/2025 (IX. 3.) KIM
Jaroslawa	transcription	Jároszlává	polish	HU 14/2025 (IX. 3.) KIM
Jedrzej	equivalent	Endre	polish	HU 14/2025 (IX. 3.) KIM
Jedrzej	transcription	Jendzsej	polish	HU 14/2025 (IX. 3.) KIM
Jerzy	equivalent	György	polish	HU 14/2025 (IX. 3.) KIM
Jerzy	transcription	Jerzsi	polish	HU 14/2025 (IX. 3.) KIM
Joachim	equivalent	Joáhim	polish	HU 14/2025 (IX. 3.) KIM
Joachim	equivalent	Joakim	polish	HU 14/2025 (IX. 3.) KIM
Joachim	transcription	Joáhim	polish	HU 14/2025 (IX. 3.) KIM
Joanna	transcription	Joánná	polish	HU 14/2025 (IX. 3.) KIM
Jolanta	equivalent	Jolán	polish	HU 14/2025 (IX. 3.) KIM
Jolanta	transcription	Jolántá	polish	HU 14/2025 (IX. 3.) KIM
Jowita	transcription	Jovitá	polish	HU 14/2025 (IX. 3.) KIM
Józef	equivalent	József	polish	HU 14/2025 (IX. 3.) KIM
Józef	transcription	Juzef	polish	HU 14/2025 (IX. 3.) KIM
Józefa	equivalent	Jozefa	polish	HU 14/2025 (IX. 3.) KIM
Józefa	equivalent	Jozefina	polish	HU 14/2025 (IX. 3.) KIM
Józefa	transcription	Juzefá	polish	HU 14/2025 (IX. 3.) KIM
Judyta	equivalent	Judit	polish	HU 14/2025 (IX. 3.) KIM
Judyta	transcription	Juditá	polish	HU 14/2025 (IX. 3.) KIM
Julia	equivalent	Júlia	polish	HU 14/2025 (IX. 3.) KIM
Julia	transcription	Juljá	polish	HU 14/2025 (IX. 3.) KIM
Julian	equivalent	Julián	polish	HU 14/2025 (IX. 3.) KIM
Julian	transcription	Julján	polish	HU 14/2025 (IX. 3.) KIM
Julianna	equivalent	Julianna	polish	HU 14/2025 (IX. 3.) KIM
Julianna	transcription	Juljánná	polish	HU 14/2025 (IX. 3.) KIM
Julita	equivalent	Julitta	polish	HU 14/2025 (IX. 3.) KIM
Julita	transcription	Julitá	polish	HU 14/2025 (IX. 3.) KIM
Juliusz	equivalent	Gyula	polish	HU 14/2025 (IX. 3.) KIM
Juliusz	equivalent	Júliusz	polish	HU 14/2025 (IX. 3.) KIM
Juliusz	transcription	Juljus	polish	HU 14/2025 (IX. 3.) KIM
Justyna	equivalent	Jusztina	polish	HU 14/2025 (IX. 3.) KIM
Justyna	transcription	Jusztiná	polish	HU 14/2025 (IX. 3.) KIM
Kacper	equivalent	Gáspár	polish	HU 14/2025 (IX. 3.) KIM
Kacper	transcription	Kácper	polish	HU 14/2025 (IX. 3.) KIM
Kaja	equivalent	Kata	polish	HU 14/2025 (IX. 3.) KIM
Kaja	transcription	Kájá	polish	HU 14/2025 (IX. 3.) KIM
Kajetan	equivalent	Kajetán	polish	HU 14/2025 (IX. 3.) KIM
Kajetan	transcription	Kájetán	polish	HU 14/2025 (IX. 3.) KIM
Kalina	transcription	Káliná	polish	HU 14/2025 (IX. 3.) KIM
Kamil	equivalent	Kamill	polish	HU 14/2025 (IX. 3.) KIM
Kamil	transcription	Kámil	polish	HU 14/2025 (IX. 3.) KIM
Kamila	equivalent	Kamilla	polish	HU 14/2025 (IX. 3.) KIM
Kamila	transcription	Kámilá	polish	HU 14/2025 (IX. 3.) KIM
Kamilla	equivalent	Kamilla	polish	HU 14/2025 (IX. 3.) KIM
Kamilla	transcription	Kámillá	polish	HU 14/2025 (IX. 3.) KIM
Karina	equivalent	Karina	polish	HU 14/2025 (IX. 3.) KIM
Karina	transcription	Káriná	polish	HU 14/2025 (IX. 3.) KIM
Karol	equivalent	Károly	polish	HU 14/2025 (IX. 3.) KIM
Karol	transcription	Károl	polish	HU 14/2025 (IX. 3.) KIM
Karolina	equivalent	Karolin	polish	HU 14/2025 (IX. 3.) KIM
Karolina	equivalent	Karolina	polish	HU 14/2025 (IX. 3.) KIM
Karolina	transcription	Károliná	polish	HU 14/2025 (IX. 3.) KIM
Katarzyna	equivalent	Katalin	polish	HU 14/2025 (IX. 3.) KIM
Katarzyna	transcription	Kátázsiná	polish	HU 14/2025 (IX. 3.) KIM
Kazimiera	transcription	Kázsimiera	polish	HU 14/2025 (IX. 3.) KIM
Kazimierz	equivalent	Kázmér	polish	HU 14/2025 (IX. 3.) KIM
Kazimierz	transcription	Kázsimjezs	polish	HU 14/2025 (IX. 3.) KIM
Kinga	equivalent	Kinga	polish	HU 14/2025 (IX. 3.) KIM
Kinga	transcription	Kingá	polish	HU 14/2025 (IX. 3.) KIM
Klara	equivalent	Klára	polish	HU 14/2025 (IX. 3.) KIM
Klara	transcription	Klárá	polish	HU 14/2025 (IX. 3.) KIM
Klaudia	equivalent	Klaudia	polish	HU 14/2025 (IX. 3.) KIM
Klaudia	transcription	Klaudiá	polish	HU 14/2025 (IX. 3.) KIM
Klaudiusz	equivalent	Klaudiusz	polish	HU 14/2025 (IX. 3.) KIM
Klaudiusz	transcription	Kláudjus	polish	HU 14/2025 (IX. 3.) KIM
Klaudyna	equivalent	Klaudiána	polish	HU 14/2025 (IX. 3.) KIM
Klaudyna	transcription	Klaudiná	polish	HU 14/2025 (IX. 3.) KIM
Klemens	equivalent	Kelemen	polish	HU 14/2025 (IX. 3.) KIM
Klemens	transcription	Klemensz	polish	HU 14/2025 (IX. 3.) KIM
Klementyna	equivalent	Klementin	polish	HU 14/2025 (IX. 3.) KIM
Klementyna	equivalent	Klementina	polish	HU 14/2025 (IX. 3.) KIM
Klementyna	transcription	Klementiná	polish	HU 14/2025 (IX. 3.) KIM
Konrad	equivalent	Konrád	polish	HU 14/2025 (IX. 3.) KIM
Konrad	transcription	Konrád	polish	HU 14/2025 (IX. 3.) KIM
Konstancja	equivalent	Konstancia	polish	HU 14/2025 (IX. 3.) KIM
Konstancja	transcription	Konsztáncjá	polish	HU 14/2025 (IX. 3.) KIM
Konstanty	equivalent	Konstantin	polish	HU 14/2025 (IX. 3.) KIM
Konstanty	transcription	Konsztánti	polish	HU 14/2025 (IX. 3.) KIM
Kordian	transcription	Kordján	polish	HU 14/2025 (IX. 3.) KIM
Kornel	equivalent	Kornél	polish	HU 14/2025 (IX. 3.) KIM
Kornel	transcription	Kornel	polish	HU 14/2025 (IX. 3.) KIM
Kornela	equivalent	Kornélia	polish	HU 14/2025 (IX. 3.) KIM
Kornela	transcription	Kornelá	polish	HU 14/2025 (IX. 3.) KIM
Kornella	equivalent	Kornélia	polish	HU 14/2025 (IX. 3.) KIM
Kornella	transcription	Kornelá	polish	HU 14/2025 (IX. 3.) KIM
Krystian	equivalent	Krisztián	polish	HU 14/2025 (IX. 3.) KIM
Krystian	transcription	Krisztján	polish	HU 14/2025 (IX. 3.) KIM
Krystyna	equivalent	Krisztina	polish	HU 14/2025 (IX. 3.) KIM
Krystyna	transcription	Krisztiná	polish	HU 14/2025 (IX. 3.) KIM
Krzysztof	equivalent	Kristóf	polish	HU 14/2025 (IX. 3.) KIM
Krzysztof	transcription	Ksistof	polish	HU 14/2025 (IX. 3.) KIM
Krzysztofa	transcription	Ksistofá	polish	HU 14/2025 (IX. 3.) KIM
Ksawery	equivalent	Xavér	polish	HU 14/2025 (IX. 3.) KIM
Ksawery	transcription	Kszáveri	polish	HU 14/2025 (IX. 3.) KIM
Ksenia	equivalent	Xénia	polish	HU 14/2025 (IX. 3.) KIM
Ksenia	transcription	Xeniá	polish	HU 14/2025 (IX. 3.) KIM
Kunegunda	equivalent	Kunigunda	polish	HU 14/2025 (IX. 3.) KIM
Kunegunda	transcription	Kunegundá	polish	HU 14/2025 (IX. 3.) KIM
Laura	equivalent	Laura	polish	HU 14/2025 (IX. 3.) KIM
Laura	transcription	Láurá	polish	HU 14/2025 (IX. 3.) KIM
Lena	equivalent	Léna	polish	HU 14/2025 (IX. 3.) KIM
Lena	transcription	Lená	polish	HU 14/2025 (IX. 3.) KIM
Leokadia	transcription	Leokádjá	polish	HU 14/2025 (IX. 3.) KIM
Leonarda	equivalent	Leonarda	polish	HU 14/2025 (IX. 3.) KIM
Leonarda	transcription	Leonárdá	polish	HU 14/2025 (IX. 3.) KIM
Leonia	equivalent	Leona	polish	HU 14/2025 (IX. 3.) KIM
Leonia	transcription	Leonjá	polish	HU 14/2025 (IX. 3.) KIM
Leontyna	equivalent	Leontina	polish	HU 14/2025 (IX. 3.) KIM
Leontyna	transcription	Leontiná	polish	HU 14/2025 (IX. 3.) KIM
Leslaw	transcription	Leszláv	polish	HU 14/2025 (IX. 3.) KIM
Leszek	transcription	Lesek	polish	HU 14/2025 (IX. 3.) KIM
Lidia	equivalent	Lídia	polish	HU 14/2025 (IX. 3.) KIM
Lidia	transcription	Lidjá	polish	HU 14/2025 (IX. 3.) KIM
Lila	equivalent	Lili	polish	HU 14/2025 (IX. 3.) KIM
Lila	transcription	Lilá	polish	HU 14/2025 (IX. 3.) KIM
Lilia	equivalent	Lilia	polish	HU 14/2025 (IX. 3.) KIM
Lilia	transcription	Liljá	polish	HU 14/2025 (IX. 3.) KIM
Liliana	equivalent	Lilian	polish	HU 14/2025 (IX. 3.) KIM
Liliana	equivalent	Liliána	polish	HU 14/2025 (IX. 3.) KIM
Liliana	transcription	Liljáná	polish	HU 14/2025 (IX. 3.) KIM
Lilianna	equivalent	Lilianna	polish	HU 14/2025 (IX. 3.) KIM
Lilianna	transcription	Liljánná	polish	HU 14/2025 (IX. 3.) KIM
Lilla	equivalent	Lilla	polish	HU 14/2025 (IX. 3.) KIM
Lilla	transcription	Lillá	polish	HU 14/2025 (IX. 3.) KIM
Longin	transcription	Longin	polish	HU 14/2025 (IX. 3.) KIM
Longina	transcription	Longiná	polish	HU 14/2025 (IX. 3.) KIM
Luba	transcription	Lubá	polish	HU 14/2025 (IX. 3.) KIM
Lubomir	transcription	Lubomir	polish	HU 14/2025 (IX. 3.) KIM
Lubomira	transcription	Lubomirá	polish	HU 14/2025 (IX. 3.) KIM
Lucja	equivalent	Luca	polish	HU 14/2025 (IX. 3.) KIM
Lucja	equivalent	Lúcia	polish	HU 14/2025 (IX. 3.) KIM
Lucja	transcription	Lucjá	polish	HU 14/2025 (IX. 3.) KIM
Lucja	transcription	Úcjá	polish	HU 14/2025 (IX. 3.) KIM
Lucjan	equivalent	Lucián	polish	HU 14/2025 (IX. 3.) KIM
Lucjan	equivalent	Luciusz	polish	HU 14/2025 (IX. 3.) KIM
Lucjan	transcription	Lucján	polish	HU 14/2025 (IX. 3.) KIM
Lucjan	transcription	Úcján	polish	HU 14/2025 (IX. 3.) KIM
Lucyna	equivalent	Luca	polish	HU 14/2025 (IX. 3.) KIM
Lucyna	equivalent	Luciána	polish	HU 14/2025 (IX. 3.) KIM
Lucyna	transcription	Luciná	polish	HU 14/2025 (IX. 3.) KIM
Ludmila	equivalent	Ludmilla	polish	HU 14/2025 (IX. 3.) KIM
Ludmila	transcription	Ludmilá	polish	HU 14/2025 (IX. 3.) KIM
Ludwik	equivalent	Lajos	polish	HU 14/2025 (IX. 3.) KIM
Ludwik	transcription	Ludvik	polish	HU 14/2025 (IX. 3.) KIM
Ludwika	equivalent	Ludovika	polish	HU 14/2025 (IX. 3.) KIM
Ludwika	transcription	Ludviká	polish	HU 14/2025 (IX. 3.) KIM
Luiza	equivalent	Lujza	polish	HU 14/2025 (IX. 3.) KIM
Luiza	transcription	Lujzá	polish	HU 14/2025 (IX. 3.) KIM
Lukasz	equivalent	Lukács	polish	HU 14/2025 (IX. 3.) KIM
Lukasz	transcription	Úkás	polish	HU 14/2025 (IX. 3.) KIM
Maciej	equivalent	Mátyás	polish	HU 14/2025 (IX. 3.) KIM
Maciej	transcription	Mácsej	polish	HU 14/2025 (IX. 3.) KIM
Magda	equivalent	Magda	polish	HU 14/2025 (IX. 3.) KIM
Magda	transcription	Mágdá	polish	HU 14/2025 (IX. 3.) KIM
Magdalena	equivalent	Magdaléna	polish	HU 14/2025 (IX. 3.) KIM
Magdalena	transcription	Mágdálená	polish	HU 14/2025 (IX. 3.) KIM
Maja	equivalent	Maja	polish	HU 14/2025 (IX. 3.) KIM
Maja	transcription	Májá	polish	HU 14/2025 (IX. 3.) KIM
Maksymilian	equivalent	Miksa	polish	HU 14/2025 (IX. 3.) KIM
Maksymilian	transcription	Mákszimilján	polish	HU 14/2025 (IX. 3.) KIM
Malgorzata	equivalent	Margit	polish	HU 14/2025 (IX. 3.) KIM
Malgorzata	transcription	Málgozsátá	polish	HU 14/2025 (IX. 3.) KIM
Malwina	equivalent	Malvin	polish	HU 14/2025 (IX. 3.) KIM
Malwina	equivalent	Malvina	polish	HU 14/2025 (IX. 3.) KIM
Malwina	transcription	Málviná	polish	HU 14/2025 (IX. 3.) KIM
Manfred	equivalent	Manfréd	polish	HU 14/2025 (IX. 3.) KIM
Manfred	transcription	Mánfred	polish	HU 14/2025 (IX. 3.) KIM
Marcel	transcription	Márcel	polish	HU 14/2025 (IX. 3.) KIM
Marcela	equivalent	Marcella	polish	HU 14/2025 (IX. 3.) KIM
Marcela	transcription	Márcelá	polish	HU 14/2025 (IX. 3.) KIM
Marceli	equivalent	Marcell	polish	HU 14/2025 (IX. 3.) KIM
Marceli	transcription	Márceli	polish	HU 14/2025 (IX. 3.) KIM
Marcelina	equivalent	Marcellina	polish	HU 14/2025 (IX. 3.) KIM
Marcelina	transcription	Márceliná	polish	HU 14/2025 (IX. 3.) KIM
Marcin	equivalent	Márton	polish	HU 14/2025 (IX. 3.) KIM
Marcin	transcription	Márcsin	polish	HU 14/2025 (IX. 3.) KIM
Marcjanna	transcription	Márcjánná	polish	HU 14/2025 (IX. 3.) KIM
Marek	equivalent	Márk	polish	HU 14/2025 (IX. 3.) KIM
Marek	transcription	Márek	polish	HU 14/2025 (IX. 3.) KIM
Maria	equivalent	Mária	polish	HU 14/2025 (IX. 3.) KIM
Maria	transcription	Márjá	polish	HU 14/2025 (IX. 3.) KIM
Marian	equivalent	Marián	polish	HU 14/2025 (IX. 3.) KIM
Marian	transcription	Márján	polish	HU 14/2025 (IX. 3.) KIM
Marianna	equivalent	Mariann	polish	HU 14/2025 (IX. 3.) KIM
Marianna	equivalent	Marianna	polish	HU 14/2025 (IX. 3.) KIM
Marianna	transcription	Márjánná	polish	HU 14/2025 (IX. 3.) KIM
Marika	equivalent	Marica	polish	HU 14/2025 (IX. 3.) KIM
Marika	transcription	Máriká	polish	HU 14/2025 (IX. 3.) KIM
Mariola	equivalent	Mariella	polish	HU 14/2025 (IX. 3.) KIM
Mariola	transcription	Márjolá	polish	HU 14/2025 (IX. 3.) KIM
Mariusz	equivalent	Máriusz	polish	HU 14/2025 (IX. 3.) KIM
Mariusz	transcription	Márjus	polish	HU 14/2025 (IX. 3.) KIM
Marlena	equivalent	Marléne	polish	HU 14/2025 (IX. 3.) KIM
Marlena	transcription	Márlená	polish	HU 14/2025 (IX. 3.) KIM
Marta	equivalent	Márta	polish	HU 14/2025 (IX. 3.) KIM
Marta	transcription	Mártá	polish	HU 14/2025 (IX. 3.) KIM
Martin	equivalent	Márton	polish	HU 14/2025 (IX. 3.) KIM
Martin	transcription	Mártin	polish	HU 14/2025 (IX. 3.) KIM
Martyna	equivalent	Martina	polish	HU 14/2025 (IX. 3.) KIM
Martyna	transcription	Mártiná	polish	HU 14/2025 (IX. 3.) KIM
Maryla	transcription	Márilá	polish	HU 14/2025 (IX. 3.) KIM
Marzanna	transcription	Mázsánná	polish	HU 14/2025 (IX. 3.) KIM
Marzena	transcription	Mázsená	polish	HU 14/2025 (IX. 3.) KIM
Marzenna	transcription	Mázsenná	polish	HU 14/2025 (IX. 3.) KIM
Mateusz	equivalent	Máté	polish	HU 14/2025 (IX. 3.) KIM
Mateusz	transcription	Máteus	polish	HU 14/2025 (IX. 3.) KIM
Matylda	equivalent	Matild	polish	HU 14/2025 (IX. 3.) KIM
Matylda	equivalent	Matilda	polish	HU 14/2025 (IX. 3.) KIM
Matylda	transcription	Mátildá	polish	HU 14/2025 (IX. 3.) KIM
Maurycy	equivalent	Móric	polish	HU 14/2025 (IX. 3.) KIM
Maurycy	transcription	Máurici	polish	HU 14/2025 (IX. 3.) KIM
Melania	equivalent	Melani	polish	HU 14/2025 (IX. 3.) KIM
Melania	equivalent	Melánia	polish	HU 14/2025 (IX. 3.) KIM
Melania	transcription	Melányiá	polish	HU 14/2025 (IX. 3.) KIM
Michal	equivalent	Mihály	polish	HU 14/2025 (IX. 3.) KIM
Michal	transcription	Mihál	polish	HU 14/2025 (IX. 3.) KIM
Michalina	transcription	Miháliná	polish	HU 14/2025 (IX. 3.) KIM
Mieczyslaw	transcription	Mjecsiszláv	polish	HU 14/2025 (IX. 3.) KIM
Mieczyslawa	transcription	Mjecsiszlává	polish	HU 14/2025 (IX. 3.) KIM
Mieszko	transcription	Mjesko	polish	HU 14/2025 (IX. 3.) KIM
Mikolaj	equivalent	Miklós	polish	HU 14/2025 (IX. 3.) KIM
Mikolaj	transcription	Mikoláj	polish	HU 14/2025 (IX. 3.) KIM
Milena	equivalent	Miléna	polish	HU 14/2025 (IX. 3.) KIM
Milena	transcription	Milená	polish	HU 14/2025 (IX. 3.) KIM
Milosz	equivalent	Milos	polish	HU 14/2025 (IX. 3.) KIM
Milosz	transcription	Milos	polish	HU 14/2025 (IX. 3.) KIM
Mirela	equivalent	Mirella	polish	HU 14/2025 (IX. 3.) KIM
Mirela	transcription	Mirelá	polish	HU 14/2025 (IX. 3.) KIM
Mirella	equivalent	Mierlla	polish	HU 14/2025 (IX. 3.) KIM
Mirella	transcription	Mirellá	polish	HU 14/2025 (IX. 3.) KIM
Miron	equivalent	Miron	polish	HU 14/2025 (IX. 3.) KIM
Miron	transcription	Miron	polish	HU 14/2025 (IX. 3.) KIM
Miroslaw	transcription	Miroszláv	polish	HU 14/2025 (IX. 3.) KIM
Miroslawa	transcription	Miroszlává	polish	HU 14/2025 (IX. 3.) KIM
Monika	equivalent	Mónika	polish	HU 14/2025 (IX. 3.) KIM
Monika	transcription	Moniká	polish	HU 14/2025 (IX. 3.) KIM
Nadzieja	equivalent	Remény	polish	HU 14/2025 (IX. 3.) KIM
Nadzieja	equivalent	Reményke	polish	HU 14/2025 (IX. 3.) KIM
Nadzieja	transcription	Nádzsejá	polish	HU 14/2025 (IX. 3.) KIM
Natalia	equivalent	Natali	polish	HU 14/2025 (IX. 3.) KIM
Natalia	equivalent	Natália	polish	HU 14/2025 (IX. 3.) KIM
Natalia	transcription	Nátáljá	polish	HU 14/2025 (IX. 3.) KIM
Natasza	equivalent	Natasa	polish	HU 14/2025 (IX. 3.) KIM
Natasza	transcription	Nátásá	polish	HU 14/2025 (IX. 3.) KIM
Nikodem	equivalent	Nikodémusz	polish	HU 14/2025 (IX. 3.) KIM
Nikodem	transcription	Nikodem	polish	HU 14/2025 (IX. 3.) KIM
Nikola	equivalent	Nikol	polish	HU 14/2025 (IX. 3.) KIM
Nikola	transcription	Nikolá	polish	HU 14/2025 (IX. 3.) KIM
Nina	equivalent	Nina	polish	HU 14/2025 (IX. 3.) KIM
Nina	transcription	Nyiná	polish	HU 14/2025 (IX. 3.) KIM
Norbert	equivalent	Norbert	polish	HU 14/2025 (IX. 3.) KIM
Norbert	transcription	Norbert	polish	HU 14/2025 (IX. 3.) KIM
Oktawia	equivalent	Oktávia	polish	HU 14/2025 (IX. 3.) KIM
Oktawia	transcription	Oktávjá	polish	HU 14/2025 (IX. 3.) KIM
Olaf	equivalent	Olaf	polish	HU 14/2025 (IX. 3.) KIM
Olaf	transcription	Oláf	polish	HU 14/2025 (IX. 3.) KIM
Olga	equivalent	Olga	polish	HU 14/2025 (IX. 3.) KIM
Olga	transcription	Olgá	polish	HU 14/2025 (IX. 3.) KIM
Olgierd	transcription	Olgjerd	polish	HU 14/2025 (IX. 3.) KIM
Olimpia	equivalent	Olimpia	polish	HU 14/2025 (IX. 3.) KIM
Olimpia	transcription	Olimpjá	polish	HU 14/2025 (IX. 3.) KIM
Oliwia	equivalent	Olívia	polish	HU 14/2025 (IX. 3.) KIM
Oliwia	transcription	Olivjá	polish	HU 14/2025 (IX. 3.) KIM
Oskar	equivalent	Oszkár	polish	HU 14/2025 (IX. 3.) KIM
Oskar	transcription	Oszkár	polish	HU 14/2025 (IX. 3.) KIM
Otolia	transcription	Otoljá	polish	HU 14/2025 (IX. 3.) KIM
Otylia	equivalent	Otília	polish	HU 14/2025 (IX. 3.) KIM
Otylia	transcription	Oliljá	polish	HU 14/2025 (IX. 3.) KIM
Pamela	equivalent	Paméla	polish	HU 14/2025 (IX. 3.) KIM
Pamela	transcription	Pámelá	polish	HU 14/2025 (IX. 3.) KIM
Patrycja	equivalent	Patrícia	polish	HU 14/2025 (IX. 3.) KIM
Patrycja	transcription	Pátricjá	polish	HU 14/2025 (IX. 3.) KIM
Patrycjusz	equivalent	Patricius	polish	HU 14/2025 (IX. 3.) KIM
Patrycjusz	transcription	Pátricjus	polish	HU 14/2025 (IX. 3.) KIM
Patryk	equivalent	Patrik	polish	HU 14/2025 (IX. 3.) KIM
Patryk	transcription	Pátrik	polish	HU 14/2025 (IX. 3.) KIM
Paula	equivalent	Paula	polish	HU 14/2025 (IX. 3.) KIM
Paula	transcription	Paulá	polish	HU 14/2025 (IX. 3.) KIM
Paulina	equivalent	Paulin	polish	HU 14/2025 (IX. 3.) KIM
Paulina	equivalent	Paulina	polish	HU 14/2025 (IX. 3.) KIM
Paulina	transcription	Pauliná	polish	HU 14/2025 (IX. 3.) KIM
Pawel	equivalent	Pál	polish	HU 14/2025 (IX. 3.) KIM
Pawel	transcription	Pável	polish	HU 14/2025 (IX. 3.) KIM
Pelagia	equivalent	Pelágia	polish	HU 14/2025 (IX. 3.) KIM
Pelagia	transcription	Pelágjá	polish	HU 14/2025 (IX. 3.) KIM
Petronella	equivalent	Petronella	polish	HU 14/2025 (IX. 3.) KIM
Petronella	transcription	Petronelá	polish	HU 14/2025 (IX. 3.) KIM
Piotr	equivalent	Péter	polish	HU 14/2025 (IX. 3.) KIM
Piotr	transcription	Pjotr	polish	HU 14/2025 (IX. 3.) KIM
Prakseda	transcription	Prákszedá	polish	HU 14/2025 (IX. 3.) KIM
Przemysław	equivalent	Szláv	polish	HU 14/2025 (IX. 3.) KIM
Przemysław	transcription	Psemiszláv	polish	HU 14/2025 (IX. 3.) KIM
Radoslaw	transcription	Rádoszláv	polish	HU 14/2025 (IX. 3.) KIM
Rafal	equivalent	Rafael	polish	HU 14/2025 (IX. 3.) KIM
Rafal	transcription	Ráfál	polish	HU 14/2025 (IX. 3.) KIM
Rajmund	equivalent	Rajmond	polish	HU 14/2025 (IX. 3.) KIM
Rajmund	equivalent	Rajmund	polish	HU 14/2025 (IX. 3.) KIM
Rajmund	transcription	Rájmund	polish	HU 14/2025 (IX. 3.) KIM
Regina	equivalent	Regina	polish	HU 14/2025 (IX. 3.) KIM
Regina	transcription	Reginá	polish	HU 14/2025 (IX. 3.) KIM
Remigiusz	equivalent	Remig	polish	HU 14/2025 (IX. 3.) KIM
Remigiusz	transcription	Remigjus	polish	HU 14/2025 (IX. 3.) KIM
Renata	equivalent	Renáta	polish	HU 14/2025 (IX. 3.) KIM
Renata	transcription	Renátá	polish	HU 14/2025 (IX. 3.) KIM
Rita	equivalent	Rita	polish	HU 14/2025 (IX. 3.) KIM
Rita	transcription	Ritá	polish	HU 14/2025 (IX. 3.) KIM
Robert	equivalent	Róbert	polish	HU 14/2025 (IX. 3.) KIM
Robert	transcription	Robert	polish	HU 14/2025 (IX. 3.) KIM
Roch	transcription	Roch	polish	HU 14/2025 (IX. 3.) KIM
Roksana	equivalent	Roxán	polish	HU 14/2025 (IX. 3.) KIM
Roksana	equivalent	Roxána	polish	HU 14/2025 (IX. 3.) KIM
Roksana	transcription	Rokszáná	polish	HU 14/2025 (IX. 3.) KIM
Roland	equivalent	Roland	polish	HU 14/2025 (IX. 3.) KIM
Roland	transcription	Rolánd	polish	HU 14/2025 (IX. 3.) KIM
Roman	equivalent	Román	polish	HU 14/2025 (IX. 3.) KIM
Roman	transcription	Román	polish	HU 14/2025 (IX. 3.) KIM
Romana	equivalent	Romána	polish	HU 14/2025 (IX. 3.) KIM
Romana	transcription	Románá	polish	HU 14/2025 (IX. 3.) KIM
Romuald	equivalent	Romuald	polish	HU 14/2025 (IX. 3.) KIM
Romuald	equivalent	Romvald	polish	HU 14/2025 (IX. 3.) KIM
Romuald	transcription	Romuáld	polish	HU 14/2025 (IX. 3.) KIM
Romualda	transcription	Romuáldá	polish	HU 14/2025 (IX. 3.) KIM
Roza	equivalent	Róza	polish	HU 14/2025 (IX. 3.) KIM
Roza	equivalent	Rozi	polish	HU 14/2025 (IX. 3.) KIM
Rozalia	equivalent	Rozália	polish	HU 14/2025 (IX. 3.) KIM
Rozalia	transcription	Rozáljá	polish	HU 14/2025 (IX. 3.) KIM
Rudolf	equivalent	Rudolf	polish	HU 14/2025 (IX. 3.) KIM
Rudolf	transcription	Rudolf	polish	HU 14/2025 (IX. 3.) KIM
Ruta	equivalent	Rut	polish	HU 14/2025 (IX. 3.) KIM
Ruta	transcription	Rutá	polish	HU 14/2025 (IX. 3.) KIM
Ryszard	equivalent	Richárd	polish	HU 14/2025 (IX. 3.) KIM
Ryszard	transcription	Risárd	polish	HU 14/2025 (IX. 3.) KIM
Ryszarda	equivalent	Rikarda	polish	HU 14/2025 (IX. 3.) KIM
Ryszarda	transcription	Risárdá	polish	HU 14/2025 (IX. 3.) KIM
Sabina	equivalent	Szabina	polish	HU 14/2025 (IX. 3.) KIM
Sabina	transcription	Szabiná	polish	HU 14/2025 (IX. 3.) KIM
Salomea	equivalent	Szalómé	polish	HU 14/2025 (IX. 3.) KIM
Salomea	transcription	Szálomeá	polish	HU 14/2025 (IX. 3.) KIM
Samanta	equivalent	Szamanta	polish	HU 14/2025 (IX. 3.) KIM
Samanta	transcription	Számántá	polish	HU 14/2025 (IX. 3.) KIM
Sandra	equivalent	Szandra	polish	HU 14/2025 (IX. 3.) KIM
Sandra	transcription	Szándrá	polish	HU 14/2025 (IX. 3.) KIM
Sara	equivalent	Sára	polish	HU 14/2025 (IX. 3.) KIM
Sara	transcription	Szárá	polish	HU 14/2025 (IX. 3.) KIM
Sebastian	equivalent	Sebestyén	polish	HU 14/2025 (IX. 3.) KIM
Sebastian	transcription	Szebásztján	polish	HU 14/2025 (IX. 3.) KIM
Sergiusz	equivalent	Szergiusz	polish	HU 14/2025 (IX. 3.) KIM
Sergiusz	transcription	Szergjus	polish	HU 14/2025 (IX. 3.) KIM
Seweryn	equivalent	Szeverin	polish	HU 14/2025 (IX. 3.) KIM
Seweryn	transcription	Szeverin	polish	HU 14/2025 (IX. 3.) KIM
Seweryna	equivalent	Szeverina	polish	HU 14/2025 (IX. 3.) KIM
Seweryna	transcription	Szeveriná	polish	HU 14/2025 (IX. 3.) KIM
Slawomir	transcription	Szlávomir	polish	HU 14/2025 (IX. 3.) KIM
Slawomira	transcription	Szlavomirá	polish	HU 14/2025 (IX. 3.) KIM
Sonia	equivalent	Szonja	polish	HU 14/2025 (IX. 3.) KIM
Sonia	transcription	Szonyá	polish	HU 14/2025 (IX. 3.) KIM
Stanislaw	equivalent	Szaniszló	polish	HU 14/2025 (IX. 3.) KIM
Stanislaw	transcription	Sztániszláv	polish	HU 14/2025 (IX. 3.) KIM
Stanislawa	transcription	Sztániszlává	polish	HU 14/2025 (IX. 3.) KIM
Stefan	equivalent	István	polish	HU 14/2025 (IX. 3.) KIM
Stefan	transcription	Sztefán	polish	HU 14/2025 (IX. 3.) KIM
Stefania	equivalent	Stefánia	polish	HU 14/2025 (IX. 3.) KIM
Stefania	transcription	Sztefánjá	polish	HU 14/2025 (IX. 3.) KIM
Sylwester	equivalent	Szilveszter	polish	HU 14/2025 (IX. 3.) KIM
Sylwester	transcription	Szilveszter	polish	HU 14/2025 (IX. 3.) KIM
Sylwia	equivalent	Szilvia	polish	HU 14/2025 (IX. 3.) KIM
Sylwia	transcription	Szilvjá	polish	HU 14/2025 (IX. 3.) KIM
Szczepan	transcription	Scsepán	polish	HU 14/2025 (IX. 3.) KIM
Szymon	equivalent	Simon	polish	HU 14/2025 (IX. 3.) KIM
Szymon	transcription	Simon	polish	HU 14/2025 (IX. 3.) KIM
Tadeusz	equivalent	Taddeus	polish	HU 14/2025 (IX. 3.) KIM
Tadeusz	equivalent	Tádé	polish	HU 14/2025 (IX. 3.) KIM
Tadeusz	transcription	Tádeus	polish	HU 14/2025 (IX. 3.) KIM
Tamara	equivalent	Tamara	polish	HU 14/2025 (IX. 3.) KIM
Tamara	transcription	Támárá	polish	HU 14/2025 (IX. 3.) KIM
Tatiana	equivalent	Tatjána	polish	HU 14/2025 (IX. 3.) KIM
Tatiana	transcription	Tátyáná	polish	HU 14/2025 (IX. 3.) KIM
Tekla	equivalent	Tekla	polish	HU 14/2025 (IX. 3.) KIM
Tekla	transcription	Teklá	polish	HU 14/2025 (IX. 3.) KIM
Teodor	equivalent	Teodor	polish	HU 14/2025 (IX. 3.) KIM
Teodor	transcription	Teodor	polish	HU 14/2025 (IX. 3.) KIM
Teodora	equivalent	Teodóra	polish	HU 14/2025 (IX. 3.) KIM
Teodora	transcription	Teodorá	polish	HU 14/2025 (IX. 3.) KIM
Teodozja	equivalent	Teodózia	polish	HU 14/2025 (IX. 3.) KIM
Teodozja	transcription	Teodozjá	polish	HU 14/2025 (IX. 3.) KIM
Teofil	equivalent	Teofil	polish	HU 14/2025 (IX. 3.) KIM
Teofil	transcription	Teofil	polish	HU 14/2025 (IX. 3.) KIM
Teofila	equivalent	Teofila	polish	HU 14/2025 (IX. 3.) KIM
Teofila	transcription	Teofilá	polish	HU 14/2025 (IX. 3.) KIM
Teresa	equivalent	Teréz	polish	HU 14/2025 (IX. 3.) KIM
Teresa	equivalent	Teréza	polish	HU 14/2025 (IX. 3.) KIM
Teresa	transcription	Tereszá	polish	HU 14/2025 (IX. 3.) KIM
Tobiasz	equivalent	Tóbiás	polish	HU 14/2025 (IX. 3.) KIM
Tobiasz	transcription	Tobiás	polish	HU 14/2025 (IX. 3.) KIM
Tomasz	equivalent	Tamás	polish	HU 14/2025 (IX. 3.) KIM
Tomasz	transcription	Tomás	polish	HU 14/2025 (IX. 3.) KIM
Tymoteusz	equivalent	Timóteus	polish	HU 14/2025 (IX. 3.) KIM
Tymoteusz	equivalent	Timoteusz	polish	HU 14/2025 (IX. 3.) KIM
Tymoteusz	transcription	Timoteusz	polish	HU 14/2025 (IX. 3.) KIM
Urszula	equivalent	Orsolya	polish	HU 14/2025 (IX. 3.) KIM
Urszula	equivalent	Urszula	polish	HU 14/2025 (IX. 3.) KIM
Urszula	transcription	Ursulá	polish	HU 14/2025 (IX. 3.) KIM
Violetta	transcription	Violettá	polish	HU 14/2025 (IX. 3.) KIM
Waclaw	transcription	Václáv	polish	HU 14/2025 (IX. 3.) KIM
Waclawa	transcription	Václává	polish	HU 14/2025 (IX. 3.) KIM
Waldemar	equivalent	Valdemár	polish	HU 14/2025 (IX. 3.) KIM
Waldemar	transcription	Váldemár	polish	HU 14/2025 (IX. 3.) KIM
Walenty	equivalent	Bálint	polish	HU 14/2025 (IX. 3.) KIM
Walenty	transcription	Válenti	polish	HU 14/2025 (IX. 3.) KIM
Walentyna	equivalent	Valentína	polish	HU 14/2025 (IX. 3.) KIM
Walentyna	transcription	Válentiná	polish	HU 14/2025 (IX. 3.) KIM
Waleria	equivalent	Valéria	polish	HU 14/2025 (IX. 3.) KIM
Waleria	transcription	Válerjá	polish	HU 14/2025 (IX. 3.) KIM
Walerian	equivalent	Valér	polish	HU 14/2025 (IX. 3.) KIM
Walerian	transcription	Válerján	polish	HU 14/2025 (IX. 3.) KIM
Walter	equivalent	Valter	polish	HU 14/2025 (IX. 3.) KIM
Walter	transcription	Válter	polish	HU 14/2025 (IX. 3.) KIM
Wanda	equivalent	Vanda	polish	HU 14/2025 (IX. 3.) KIM
Wanda	transcription	Vándá	polish	HU 14/2025 (IX. 3.) KIM
Wawrzyniec	transcription	Vávzsinyec	polish	HU 14/2025 (IX. 3.) KIM
Werner	equivalent	Verner	polish	HU 14/2025 (IX. 3.) KIM
Werner	transcription	Verner	polish	HU 14/2025 (IX. 3.) KIM
Weronika	equivalent	Veronika	polish	HU 14/2025 (IX. 3.) KIM
Weronika	transcription	Veroniká	polish	HU 14/2025 (IX. 3.) KIM
Wiera	equivalent	Vera	polish	HU 14/2025 (IX. 3.) KIM
Wiera	transcription	Vjerá	polish	HU 14/2025 (IX. 3.) KIM
Wieslaw	transcription	Vjeszláv	polish	HU 14/2025 (IX. 3.) KIM
Wieslawa	transcription	Vjeszává	polish	HU 14/2025 (IX. 3.) KIM
Wiktor	equivalent	Viktor	polish	HU 14/2025 (IX. 3.) KIM
Wiktor	transcription	Viktor	polish	HU 14/2025 (IX. 3.) KIM
Wiktoria	equivalent	Viktória	polish	HU 14/2025 (IX. 3.) KIM
Wiktoria	transcription	Viktorjá	polish	HU 14/2025 (IX. 3.) KIM
Wilhelm	equivalent	Vilmos	polish	HU 14/2025 (IX. 3.) KIM
Wilhelm	transcription	Vilhelm	polish	HU 14/2025 (IX. 3.) KIM
Wincenty	equivalent	Vince	polish	HU 14/2025 (IX. 3.) KIM
Wincenty	transcription	Vincenti	polish	HU 14/2025 (IX. 3.) KIM
Wincentyna	equivalent	Vincencia	polish	HU 14/2025 (IX. 3.) KIM
Wincentyna	transcription	Vincentiná	polish	HU 14/2025 (IX. 3.) KIM
Wioleta	equivalent	Violett	polish	HU 14/2025 (IX. 3.) KIM
Wioleta	transcription	Violetá	polish	HU 14/2025 (IX. 3.) KIM
Wioletta	equivalent	Violett	polish	HU 14/2025 (IX. 3.) KIM
Wioletta	equivalent	Violetta	polish	HU 14/2025 (IX. 3.) KIM
Wioletta	transcription	Violettá	polish	HU 14/2025 (IX. 3.) KIM
Wit	equivalent	Vitus	polish	HU 14/2025 (IX. 3.) KIM
Wit	transcription	Vit	polish	HU 14/2025 (IX. 3.) KIM
Witold	equivalent	Vitold	polish	HU 14/2025 (IX. 3.) KIM
Witold	transcription	Vitold	polish	HU 14/2025 (IX. 3.) KIM
Wladyslaw	equivalent	László	polish	HU 14/2025 (IX. 3.) KIM
Wladyslaw	equivalent	Ulászló	polish	HU 14/2025 (IX. 3.) KIM
Wladyslaw	transcription	Vládiszláv	polish	HU 14/2025 (IX. 3.) KIM
Wladyslawa	equivalent	Ladiszla	polish	HU 14/2025 (IX. 3.) KIM
Wladyslawa	transcription	Vladiszlává	polish	HU 14/2025 (IX. 3.) KIM
Wlodzimierz	equivalent	Vladimir	polish	HU 14/2025 (IX. 3.) KIM
Wlodzimierz	transcription	Wlodzsimjezs	polish	HU 14/2025 (IX. 3.) KIM
Wojciech	equivalent	Adalbert	polish	HU 14/2025 (IX. 3.) KIM
Wojciech	equivalent	Béla	polish	HU 14/2025 (IX. 3.) KIM
Wojciech	transcription	Vojcseh	polish	HU 14/2025 (IX. 3.) KIM
Zaneta	equivalent	Zsanett	polish	HU 14/2025 (IX. 3.) KIM
Zaneta	transcription	Zsánetá	polish	HU 14/2025 (IX. 3.) KIM
Zbigniew	transcription	Zbignyev	polish	HU 14/2025 (IX. 3.) KIM
Zbyslaw	transcription	Zbiszláv	polish	HU 14/2025 (IX. 3.) KIM
Zbyszek	transcription	Zbisek	polish	HU 14/2025 (IX. 3.) KIM
Zbyszko	transcription	Zbisko	polish	HU 14/2025 (IX. 3.) KIM
Zdzislaw	transcription	Zdzsiszláv	polish	HU 14/2025 (IX. 3.) KIM
Zdzislawa	transcription	Zdzsiszlává	polish	HU 14/2025 (IX. 3.) KIM
Zenobia	equivalent	Zenóbia	polish	HU 14/2025 (IX. 3.) KIM
Zenobia	transcription	Zenobjá	polish	HU 14/2025 (IX. 3.) KIM
Zenobiusz	equivalent	Zénó	polish	HU 14/2025 (IX. 3.) KIM
Zenobiusz	transcription	Zenobjus	polish	HU 14/2025 (IX. 3.) KIM
Zenon	equivalent	Zénó	polish	HU 14/2025 (IX. 3.) KIM
Zenon	transcription	Zenon	polish	HU 14/2025 (IX. 3.) KIM
Zenona	equivalent	Zenina	polish	HU 14/2025 (IX. 3.) KIM
Zenona	transcription	Zenoná	polish	HU 14/2025 (IX. 3.) KIM
Zinaida	equivalent	Zinaida	polish	HU 14/2025 (IX. 3.) KIM
Zinaida	equivalent	Zinajda	polish	HU 14/2025 (IX. 3.) KIM
Zinaida	transcription	Zinájdá	polish	HU 14/2025 (IX. 3.) KIM
Zofia	equivalent	Zsófia	polish	HU 14/2025 (IX. 3.) KIM
Zofia	transcription	Zofjá	polish	HU 14/2025 (IX. 3.) KIM
Zuzanna	equivalent	Zsuzsa	polish	HU 14/2025 (IX. 3.) KIM
Zuzanna	equivalent	Zsuzsanna	polish	HU 14/2025 (IX. 3.) KIM
Zuzanna	transcription	Zuzánná	polish	HU 14/2025 (IX. 3.) KIM
Zyta	equivalent	Zita	polish	HU 14/2025 (IX. 3.) KIM
Zyta	transcription	Zitá	polish	HU 14/2025 (IX. 3.) KIM
Abel	equivalent	Ábel	roma	HU 17/2025 (IX. 3.) KIM
Abel	transcription	Ábel	roma	HU 17/2025 (IX. 3.) KIM
Abraham	equivalent	Ábrahám	roma	HU 17/2025 (IX. 3.) KIM
Abraham	transcription	Ábrahám	roma	HU 17/2025 (IX. 3.) KIM
Adalaj	equivalent	Adala	roma	HU 17/2025 (IX. 3.) KIM
Adalaj	transcription	Ádáláj	roma	HU 17/2025 (IX. 3.) KIM
Adam	equivalent	Ádám	roma	HU 17/2025 (IX. 3.) KIM
Adam	transcription	Ádám	roma	HU 17/2025 (IX. 3.) KIM
Adel	equivalent	Adél	roma	HU 17/2025 (IX. 3.) KIM
Adel	transcription	Ádél	roma	HU 17/2025 (IX. 3.) KIM
Adorjan	equivalent	Adorján	roma	HU 17/2025 (IX. 3.) KIM
Adorjan	transcription	Ádorján	roma	HU 17/2025 (IX. 3.) KIM
Adrian	equivalent	Adrián	roma	HU 17/2025 (IX. 3.) KIM
Adrian	transcription	Ádrián	roma	HU 17/2025 (IX. 3.) KIM
Agnesh	equivalent	Ágnes	roma	HU 17/2025 (IX. 3.) KIM
Agnesh	transcription	Ágnes	roma	HU 17/2025 (IX. 3.) KIM
Akhsem	transcription	Ákhszem	roma	HU 17/2025 (IX. 3.) KIM
Akosh	equivalent	Ákos	roma	HU 17/2025 (IX. 3.) KIM
Akosh	transcription	Ákos	roma	HU 17/2025 (IX. 3.) KIM
Aladar	equivalent	Aladár	roma	HU 17/2025 (IX. 3.) KIM
Aladar	transcription	Áládár	roma	HU 17/2025 (IX. 3.) KIM
Albert	equivalent	Albert	roma	HU 17/2025 (IX. 3.) KIM
Albert	transcription	Álbert	roma	HU 17/2025 (IX. 3.) KIM
Aleks	equivalent	Alex	roma	HU 17/2025 (IX. 3.) KIM
Aleks	transcription	Álex	roma	HU 17/2025 (IX. 3.) KIM
Aleksandra	equivalent	Alexandra	roma	HU 17/2025 (IX. 3.) KIM
Aleksandra	transcription	Álexándrá	roma	HU 17/2025 (IX. 3.) KIM
Ales	transcription	Ales	roma	HU 17/2025 (IX. 3.) KIM
Aliz	equivalent	Alíz	roma	HU 17/2025 (IX. 3.) KIM
Aliz	transcription	Áliz	roma	HU 17/2025 (IX. 3.) KIM
Amanda	equivalent	Amanda	roma	HU 17/2025 (IX. 3.) KIM
Amanda	transcription	Ámándá	roma	HU 17/2025 (IX. 3.) KIM
Amina	equivalent	Amina	roma	HU 17/2025 (IX. 3.) KIM
Amina	transcription	Áminá	roma	HU 17/2025 (IX. 3.) KIM
Amrita	transcription	Ámritá	roma	HU 17/2025 (IX. 3.) KIM
Anabella	equivalent	Annabella	roma	HU 17/2025 (IX. 3.) KIM
Anabella	transcription	Ánábellá	roma	HU 17/2025 (IX. 3.) KIM
Andor	equivalent	Andor	roma	HU 17/2025 (IX. 3.) KIM
Andor	transcription	Ándor	roma	HU 17/2025 (IX. 3.) KIM
Andrash	equivalent	András	roma	HU 17/2025 (IX. 3.) KIM
Andrea	equivalent	Andrea	roma	HU 17/2025 (IX. 3.) KIM
Andrea	transcription	Ándreá	roma	HU 17/2025 (IX. 3.) KIM
Andyel	transcription	Ángyél	roma	HU 17/2025 (IX. 3.) KIM
Anelka	transcription	Ánélká	roma	HU 17/2025 (IX. 3.) KIM
Angela	equivalent	Angéla	roma	HU 17/2025 (IX. 3.) KIM
Angela	transcription	Ángélá	roma	HU 17/2025 (IX. 3.) KIM
Angelika	equivalent	Angelika	roma	HU 17/2025 (IX. 3.) KIM
Angelika	transcription	Ángéliká	roma	HU 17/2025 (IX. 3.) KIM
Angelina	equivalent	Angelina	roma	HU 17/2025 (IX. 3.) KIM
Angelina	transcription	Ángéliná	roma	HU 17/2025 (IX. 3.) KIM
Anica	equivalent	Anica	roma	HU 17/2025 (IX. 3.) KIM
Anica	transcription	Ánicá	roma	HU 17/2025 (IX. 3.) KIM
Aniko	equivalent	Anikó	roma	HU 17/2025 (IX. 3.) KIM
Aniko	transcription	Ánikó	roma	HU 17/2025 (IX. 3.) KIM
Anita	equivalent	Anita	roma	HU 17/2025 (IX. 3.) KIM
Anita	transcription	Ánitá	roma	HU 17/2025 (IX. 3.) KIM
Anna	equivalent	Anna	roma	HU 17/2025 (IX. 3.) KIM
Anna	transcription	Ánná	roma	HU 17/2025 (IX. 3.) KIM
Annamaria	equivalent	Annamária	roma	HU 17/2025 (IX. 3.) KIM
Annamaria	transcription	Ánnámáriá	roma	HU 17/2025 (IX. 3.) KIM
Antal	equivalent	Antal	roma	HU 17/2025 (IX. 3.) KIM
Antal	transcription	Ántál	roma	HU 17/2025 (IX. 3.) KIM
Antonia	equivalent	Antónia	roma	HU 17/2025 (IX. 3.) KIM
Antonia	transcription	Ántóniá	roma	HU 17/2025 (IX. 3.) KIM
Arach	transcription	Árács	roma	HU 17/2025 (IX. 3.) KIM
Aranka	equivalent	Aranka	roma	HU 17/2025 (IX. 3.) KIM
Aranka	transcription	Áránká	roma	HU 17/2025 (IX. 3.) KIM
Arany	equivalent	Arany	roma	HU 17/2025 (IX. 3.) KIM
Arany	transcription	Árány	roma	HU 17/2025 (IX. 3.) KIM
Armanka	transcription	Ármánká	roma	HU 17/2025 (IX. 3.) KIM
Arniko	transcription	Árniko	roma	HU 17/2025 (IX. 3.) KIM
Aron	equivalent	Áron	roma	HU 17/2025 (IX. 3.) KIM
Aron	transcription	Áron	roma	HU 17/2025 (IX. 3.) KIM
Arpad	equivalent	Árpád	roma	HU 17/2025 (IX. 3.) KIM
Arpad	transcription	Árpád	roma	HU 17/2025 (IX. 3.) KIM
Artur	equivalent	Artúr	roma	HU 17/2025 (IX. 3.) KIM
Artur	transcription	Ártúr	roma	HU 17/2025 (IX. 3.) KIM
Arun	transcription	Árun	roma	HU 17/2025 (IX. 3.) KIM
Aruni	transcription	Áruni	roma	HU 17/2025 (IX. 3.) KIM
Arvachka	equivalent	Árvácska	roma	HU 17/2025 (IX. 3.) KIM
Arvachka	transcription	Árvácská	roma	HU 17/2025 (IX. 3.) KIM
Asvin	transcription	Ászvin	roma	HU 17/2025 (IX. 3.) KIM
Asvuzhan	transcription	Ászvuzsán	roma	HU 17/2025 (IX. 3.) KIM
Attila	equivalent	Attila	roma	HU 17/2025 (IX. 3.) KIM
Attila	transcription	Attila	roma	HU 17/2025 (IX. 3.) KIM
Avdyin	transcription	Ávgyin	roma	HU 17/2025 (IX. 3.) KIM
Aza	transcription	Ázá	roma	HU 17/2025 (IX. 3.) KIM
Baba	transcription	Bábá	roma	HU 17/2025 (IX. 3.) KIM
Babalaj	transcription	Bábáláj	roma	HU 17/2025 (IX. 3.) KIM
Babett	equivalent	Babett	roma	HU 17/2025 (IX. 3.) KIM
Babett	transcription	Bábett	roma	HU 17/2025 (IX. 3.) KIM
Babina	transcription	Bábiná	roma	HU 17/2025 (IX. 3.) KIM
Babrinka	transcription	Bábrinká	roma	HU 17/2025 (IX. 3.) KIM
Bagara	transcription	Bágárá	roma	HU 17/2025 (IX. 3.) KIM
Baja	transcription	Bájá	roma	HU 17/2025 (IX. 3.) KIM
Bajana	transcription	Bájáná	roma	HU 17/2025 (IX. 3.) KIM
Bakro	transcription	Bákro	roma	HU 17/2025 (IX. 3.) KIM
Balazh	equivalent	Balázs	roma	HU 17/2025 (IX. 3.) KIM
Balint	equivalent	Bálint	roma	HU 17/2025 (IX. 3.) KIM
Balint	transcription	Bálint	roma	HU 17/2025 (IX. 3.) KIM
Bandi	equivalent	Bandi	roma	HU 17/2025 (IX. 3.) KIM
Bandi	transcription	Bándi	roma	HU 17/2025 (IX. 3.) KIM
Bandura	transcription	Bándurá	roma	HU 17/2025 (IX. 3.) KIM
Bano	transcription	Báno	roma	HU 17/2025 (IX. 3.) KIM
Barbaro	transcription	Bárbáro	roma	HU 17/2025 (IX. 3.) KIM
Barica	transcription	Báricá	roma	HU 17/2025 (IX. 3.) KIM
Barik	transcription	Bárik	roma	HU 17/2025 (IX. 3.) KIM
Baro	transcription	Báro	roma	HU 17/2025 (IX. 3.) KIM
Baxtan	transcription	Báhhtán	roma	HU 17/2025 (IX. 3.) KIM
Beata	equivalent	Beáta	roma	HU 17/2025 (IX. 3.) KIM
Beata	transcription	Beátá	roma	HU 17/2025 (IX. 3.) KIM
Bela	equivalent	Béla	roma	HU 17/2025 (IX. 3.) KIM
Bela	transcription	Béla	roma	HU 17/2025 (IX. 3.) KIM
Belut	transcription	Bélut	roma	HU 17/2025 (IX. 3.) KIM
Bene	transcription	Béné	roma	HU 17/2025 (IX. 3.) KIM
Beni	equivalent	Béni	roma	HU 17/2025 (IX. 3.) KIM
Beni	transcription	Béni	roma	HU 17/2025 (IX. 3.) KIM
Benita	equivalent	Benita	roma	HU 17/2025 (IX. 3.) KIM
Bergel	transcription	Bergel	roma	HU 17/2025 (IX. 3.) KIM
Berji	transcription	Berji	roma	HU 17/2025 (IX. 3.) KIM
Bernadett	equivalent	Bernadett	roma	HU 17/2025 (IX. 3.) KIM
Bernadett	transcription	Barnádett	roma	HU 17/2025 (IX. 3.) KIM
Berta	equivalent	Berta	roma	HU 17/2025 (IX. 3.) KIM
Bettina	equivalent	Bettina	roma	HU 17/2025 (IX. 3.) KIM
Bettina	transcription	Bettiná	roma	HU 17/2025 (IX. 3.) KIM
Bezhán	transcription	Bézsán	roma	HU 17/2025 (IX. 3.) KIM
Bibi	transcription	Bibi	roma	HU 17/2025 (IX. 3.) KIM
Bica	transcription	Bicá	roma	HU 17/2025 (IX. 3.) KIM
Bimba	transcription	Bimbá	roma	HU 17/2025 (IX. 3.) KIM
Binza	transcription	Binzá	roma	HU 17/2025 (IX. 3.) KIM
Biruca	transcription	Birucá	roma	HU 17/2025 (IX. 3.) KIM
Biserka	transcription	Biszerká	roma	HU 17/2025 (IX. 3.) KIM
Bixoli	transcription	Bihholi	roma	HU 17/2025 (IX. 3.) KIM
Blago	transcription	Blágo	roma	HU 17/2025 (IX. 3.) KIM
Blanka	equivalent	Blanka	roma	HU 17/2025 (IX. 3.) KIM
Blanka	transcription	Blánká	roma	HU 17/2025 (IX. 3.) KIM
Bobo	transcription	Bobo	roma	HU 17/2025 (IX. 3.) KIM
Bodo	transcription	Bodo	roma	HU 17/2025 (IX. 3.) KIM
Bodoc	transcription	Bodóc	roma	HU 17/2025 (IX. 3.) KIM
Boglarka	equivalent	Boglárka	roma	HU 17/2025 (IX. 3.) KIM
Boglarka	transcription	Boglárká	roma	HU 17/2025 (IX. 3.) KIM
Bojko	transcription	Bójko	roma	HU 17/2025 (IX. 3.) KIM
Bojna	transcription	Bójná	roma	HU 17/2025 (IX. 3.) KIM
Bora	equivalent	Bora	roma	HU 17/2025 (IX. 3.) KIM
Bora	transcription	Bórá	roma	HU 17/2025 (IX. 3.) KIM
Borbala	equivalent	Borbála	roma	HU 17/2025 (IX. 3.) KIM
Borbala	transcription	Borbálá	roma	HU 17/2025 (IX. 3.) KIM
Bori	equivalent	Bori	roma	HU 17/2025 (IX. 3.) KIM
Bori	transcription	Bori	roma	HU 17/2025 (IX. 3.) KIM
Boroshtyan	equivalent	Borostyán	roma	HU 17/2025 (IX. 3.) KIM
Boroshtyan	transcription	Borostyán	roma	HU 17/2025 (IX. 3.) KIM
Botana	transcription	Botáná	roma	HU 17/2025 (IX. 3.) KIM
Braga	transcription	Brágá	roma	HU 17/2025 (IX. 3.) KIM
Brana	transcription	Bráná	roma	HU 17/2025 (IX. 3.) KIM
Brenda	equivalent	Brenda	roma	HU 17/2025 (IX. 3.) KIM
Brenda	transcription	Brendá	roma	HU 17/2025 (IX. 3.) KIM
Bresha	transcription	Brésá	roma	HU 17/2025 (IX. 3.) KIM
Bria	transcription	Briá	roma	HU 17/2025 (IX. 3.) KIM
Brigitta	equivalent	Brigitta	roma	HU 17/2025 (IX. 3.) KIM
Brigitta	transcription	Brigittá	roma	HU 17/2025 (IX. 3.) KIM
Brilliána	transcription	Brilliána	roma	HU 17/2025 (IX. 3.) KIM
Brishind	transcription	Brishind	roma	HU 17/2025 (IX. 3.) KIM
Bruma	transcription	Brumá	roma	HU 17/2025 (IX. 3.) KIM
Bruno	equivalent	Brúnó	roma	HU 17/2025 (IX. 3.) KIM
Bruno	transcription	Brúnó	roma	HU 17/2025 (IX. 3.) KIM
Bubi	transcription	Bubi	roma	HU 17/2025 (IX. 3.) KIM
Bugar	transcription	Bugár	roma	HU 17/2025 (IX. 3.) KIM
Bumbako	transcription	Bumbáko	roma	HU 17/2025 (IX. 3.) KIM
Buna	transcription	Buná	roma	HU 17/2025 (IX. 3.) KIM
Burtika	transcription	Burtiká	roma	HU 17/2025 (IX. 3.) KIM
Caroline	equivalent	Karolina	roma	HU 17/2025 (IX. 3.) KIM
Caroline	transcription	Caroline	roma	HU 17/2025 (IX. 3.) KIM
Catherine	equivalent	Katalin	roma	HU 17/2025 (IX. 3.) KIM
Catherine	transcription	Katherine	roma	HU 17/2025 (IX. 3.) KIM
Cecilia	equivalent	Cecília	roma	HU 17/2025 (IX. 3.) KIM
Cecilia	transcription	Ceciliá	roma	HU 17/2025 (IX. 3.) KIM
Chaba	equivalent	Csaba	roma	HU 17/2025 (IX. 3.) KIM
Chajko	transcription	Csájko	roma	HU 17/2025 (IX. 3.) KIM
Chana	transcription	Csáná	roma	HU 17/2025 (IX. 3.) KIM
Cherhaj	transcription	Csérháj	roma	HU 17/2025 (IX. 3.) KIM
Chileana	transcription	Csileáná	roma	HU 17/2025 (IX. 3.) KIM
Chilibati	transcription	Csilibáti	roma	HU 17/2025 (IX. 3.) KIM
Chimbrea	transcription	Csimbréá	roma	HU 17/2025 (IX. 3.) KIM
Chinka	transcription	Csinká	roma	HU 17/2025 (IX. 3.) KIM
Chirikli	transcription	Csiriklyi	roma	HU 17/2025 (IX. 3.) KIM
Chisar	transcription	Csiszár	roma	HU 17/2025 (IX. 3.) KIM
Chok	transcription	Csok	roma	HU 17/2025 (IX. 3.) KIM
Choki	transcription	Csoki	roma	HU 17/2025 (IX. 3.) KIM
Chokila	transcription	Csokilá	roma	HU 17/2025 (IX. 3.) KIM
Choldi	transcription	Csoldi	roma	HU 17/2025 (IX. 3.) KIM
Choli	transcription	Csoli	roma	HU 17/2025 (IX. 3.) KIM
Chondud	transcription	Csondud	roma	HU 17/2025 (IX. 3.) KIM
Chulika	transcription	Csuliká	roma	HU 17/2025 (IX. 3.) KIM
Chura	transcription	Csúrá	roma	HU 17/2025 (IX. 3.) KIM
Cila	transcription	Cilá	roma	HU 17/2025 (IX. 3.) KIM
Cinka	transcription	Cinká	roma	HU 17/2025 (IX. 3.) KIM
Cino	transcription	Cino	roma	HU 17/2025 (IX. 3.) KIM
Cito	transcription	Cito	roma	HU 17/2025 (IX. 3.) KIM
Cumaj	transcription	Cumáj	roma	HU 17/2025 (IX. 3.) KIM
Cura	transcription	Cúrá	roma	HU 17/2025 (IX. 3.) KIM
Dajo	transcription	Dájo	roma	HU 17/2025 (IX. 3.) KIM
Dalma	equivalent	Dalma	roma	HU 17/2025 (IX. 3.) KIM
Dalma	transcription	Dálmá	roma	HU 17/2025 (IX. 3.) KIM
Damo	transcription	Dámo	roma	HU 17/2025 (IX. 3.) KIM
Dana	equivalent	Dana	roma	HU 17/2025 (IX. 3.) KIM
Dana	transcription	Dáná	roma	HU 17/2025 (IX. 3.) KIM
Daniel	equivalent	Dániel	roma	HU 17/2025 (IX. 3.) KIM
Daniel	transcription	Dániel	roma	HU 17/2025 (IX. 3.) KIM
Daniela	equivalent	Daniéla	roma	HU 17/2025 (IX. 3.) KIM
Daniela	transcription	Dániélá	roma	HU 17/2025 (IX. 3.) KIM
Danira	transcription	Dánirá	roma	HU 17/2025 (IX. 3.) KIM
Danko	transcription	Dánko	roma	HU 17/2025 (IX. 3.) KIM
Darell	transcription	Dárell	roma	HU 17/2025 (IX. 3.) KIM
Darina	equivalent	Darina	roma	HU 17/2025 (IX. 3.) KIM
Darina	transcription	Dáriná	roma	HU 17/2025 (IX. 3.) KIM
David	equivalent	Dávid	roma	HU 17/2025 (IX. 3.) KIM
David	transcription	Dávid	roma	HU 17/2025 (IX. 3.) KIM
Debora	equivalent	Debóra	roma	HU 17/2025 (IX. 3.) KIM
Debora	transcription	Debórá	roma	HU 17/2025 (IX. 3.) KIM
Delia	transcription	Déliá	roma	HU 17/2025 (IX. 3.) KIM
Demeter	equivalent	Demeter	roma	HU 17/2025 (IX. 3.) KIM
Demeter	transcription	Demeter	roma	HU 17/2025 (IX. 3.) KIM
Dena	transcription	Déná	roma	HU 17/2025 (IX. 3.) KIM
Denesh	equivalent	Dénes	roma	HU 17/2025 (IX. 3.) KIM
Denesh	transcription	Dénes	roma	HU 17/2025 (IX. 3.) KIM
Dévid	equivalent	Dávid	roma	HU 17/2025 (IX. 3.) KIM
Dévid	transcription	Dévid	roma	HU 17/2025 (IX. 3.) KIM
Dezhő	equivalent	Dezső	roma	HU 17/2025 (IX. 3.) KIM
Dezhő	transcription	Dezső	roma	HU 17/2025 (IX. 3.) KIM
Dezider	transcription	Dezider	roma	HU 17/2025 (IX. 3.) KIM
Diamanta	transcription	Diámántá	roma	HU 17/2025 (IX. 3.) KIM
Diana	equivalent	Diána	roma	HU 17/2025 (IX. 3.) KIM
Diana	transcription	Diáná	roma	HU 17/2025 (IX. 3.) KIM
Dina	equivalent	Dina	roma	HU 17/2025 (IX. 3.) KIM
Dina	transcription	Diná	roma	HU 17/2025 (IX. 3.) KIM
Dirzari	transcription	Dirzári	roma	HU 17/2025 (IX. 3.) KIM
Dodi	transcription	Dodi	roma	HU 17/2025 (IX. 3.) KIM
Dolina	transcription	Doliná	roma	HU 17/2025 (IX. 3.) KIM
Dolores	equivalent	Dolóresz	roma	HU 17/2025 (IX. 3.) KIM
Dolores	transcription	Dolóresz	roma	HU 17/2025 (IX. 3.) KIM
Dominik	equivalent	Dominik	roma	HU 17/2025 (IX. 3.) KIM
Dominik	transcription	Dominik	roma	HU 17/2025 (IX. 3.) KIM
Domka	transcription	Domká	roma	HU 17/2025 (IX. 3.) KIM
Dopo	transcription	Dopo	roma	HU 17/2025 (IX. 3.) KIM
Dora	equivalent	Dóra	roma	HU 17/2025 (IX. 3.) KIM
Dora	transcription	Dórá	roma	HU 17/2025 (IX. 3.) KIM
Dorina	equivalent	Dorina	roma	HU 17/2025 (IX. 3.) KIM
Dorina	transcription	Doriná	roma	HU 17/2025 (IX. 3.) KIM
Dragica	equivalent	Dragica	roma	HU 17/2025 (IX. 3.) KIM
Dragica	transcription	Drágicá	roma	HU 17/2025 (IX. 3.) KIM
Drosina	transcription	Drosziná	roma	HU 17/2025 (IX. 3.) KIM
Drun	transcription	Drun	roma	HU 17/2025 (IX. 3.) KIM
Duda	transcription	Dudá	roma	HU 17/2025 (IX. 3.) KIM
Dudan	transcription	Dudán	roma	HU 17/2025 (IX. 3.) KIM
Dudar	transcription	Dudár	roma	HU 17/2025 (IX. 3.) KIM
Duduma	transcription	Dudumá	roma	HU 17/2025 (IX. 3.) KIM
Duka	transcription	Duká	roma	HU 17/2025 (IX. 3.) KIM
Dunicha	transcription	Dunicsá	roma	HU 17/2025 (IX. 3.) KIM
Dunyera	transcription	Dunyerá	roma	HU 17/2025 (IX. 3.) KIM
Durba	transcription	Durbá	roma	HU 17/2025 (IX. 3.) KIM
Durbas	transcription	Durbás	roma	HU 17/2025 (IX. 3.) KIM
Durdikh	transcription	Durdikh	roma	HU 17/2025 (IX. 3.) KIM
Durga	transcription	Durgá	roma	HU 17/2025 (IX. 3.) KIM
Durural	transcription	Dururál	roma	HU 17/2025 (IX. 3.) KIM
Dyemant	transcription	Gyémánt	roma	HU 17/2025 (IX. 3.) KIM
Dyöndyi	equivalent	Gyöngyi	roma	HU 17/2025 (IX. 3.) KIM
Dyöndyi	transcription	Gyöngyi	roma	HU 17/2025 (IX. 3.) KIM
Dyöndyver	equivalent	Gyöngyvér	roma	HU 17/2025 (IX. 3.) KIM
Dyöndyver	transcription	Gyöngyvér	roma	HU 17/2025 (IX. 3.) KIM
Dyördy	equivalent	György	roma	HU 17/2025 (IX. 3.) KIM
Dyördy	transcription	György	roma	HU 17/2025 (IX. 3.) KIM
Dyördyi	equivalent	Györgyi	roma	HU 17/2025 (IX. 3.) KIM
Dyördyi	transcription	Györgyi	roma	HU 17/2025 (IX. 3.) KIM
Dyőző	equivalent	Győző	roma	HU 17/2025 (IX. 3.) KIM
Dyőző	transcription	Győző	roma	HU 17/2025 (IX. 3.) KIM
Dyula	equivalent	Gyula	roma	HU 17/2025 (IX. 3.) KIM
Dyula	transcription	Gyulá	roma	HU 17/2025 (IX. 3.) KIM
Dyurka	equivalent	Gyurka	roma	HU 17/2025 (IX. 3.) KIM
Dyurka	transcription	Gyurká	roma	HU 17/2025 (IX. 3.) KIM
Dzhenifer	equivalent	Dzsenifer	roma	HU 17/2025 (IX. 3.) KIM
Dzhenifer	transcription	Dzsenifer	roma	HU 17/2025 (IX. 3.) KIM
Dzhenna	equivalent	Dzsenna	roma	HU 17/2025 (IX. 3.) KIM
Dzhenna	transcription	Dzsenná	roma	HU 17/2025 (IX. 3.) KIM
Dzhivand	transcription	Dzsivánd	roma	HU 17/2025 (IX. 3.) KIM
Dzhivol	transcription	Dzsivol	roma	HU 17/2025 (IX. 3.) KIM
Dzsenáró	transcription	Dzsenáró	roma	HU 17/2025 (IX. 3.) KIM
Edina	equivalent	Edina	roma	HU 17/2025 (IX. 3.) KIM
Edina	transcription	Ediná	roma	HU 17/2025 (IX. 3.) KIM
Edit	equivalent	Edit	roma	HU 17/2025 (IX. 3.) KIM
Edit	transcription	Edit	roma	HU 17/2025 (IX. 3.) KIM
Elek	equivalent	Elek	roma	HU 17/2025 (IX. 3.) KIM
Elek	transcription	Elek	roma	HU 17/2025 (IX. 3.) KIM
Elemer	equivalent	Elemér	roma	HU 17/2025 (IX. 3.) KIM
Elemer	transcription	Elemér	roma	HU 17/2025 (IX. 3.) KIM
Elena	equivalent	Elena	roma	HU 17/2025 (IX. 3.) KIM
Elena	transcription	Elená	roma	HU 17/2025 (IX. 3.) KIM
Eleonora	equivalent	Eleonóra	roma	HU 17/2025 (IX. 3.) KIM
Eleonora	transcription	Eleonórá	roma	HU 17/2025 (IX. 3.) KIM
Elisya	transcription	Elisya	roma	HU 17/2025 (IX. 3.) KIM
Eliz	equivalent	Eliz	roma	HU 17/2025 (IX. 3.) KIM
Eliz	transcription	Eliz	roma	HU 17/2025 (IX. 3.) KIM
Eliza	equivalent	Eliza	roma	HU 17/2025 (IX. 3.) KIM
Eliza	transcription	Elizá	roma	HU 17/2025 (IX. 3.) KIM
Elpin	transcription	Elpin	roma	HU 17/2025 (IX. 3.) KIM
Elvira	equivalent	Elvira	roma	HU 17/2025 (IX. 3.) KIM
Elvira	transcription	Elvirá	roma	HU 17/2025 (IX. 3.) KIM
Emerke	transcription	Emerke	roma	HU 17/2025 (IX. 3.) KIM
Emeshe	equivalent	Emese	roma	HU 17/2025 (IX. 3.) KIM
Emeshe	transcription	Emese	roma	HU 17/2025 (IX. 3.) KIM
Emma	equivalent	Emma	roma	HU 17/2025 (IX. 3.) KIM
Emma	transcription	Emmá	roma	HU 17/2025 (IX. 3.) KIM
Endre	equivalent	Endre	roma	HU 17/2025 (IX. 3.) KIM
Endre	transcription	Endre	roma	HU 17/2025 (IX. 3.) KIM
Erik	equivalent	Erik	roma	HU 17/2025 (IX. 3.) KIM
Erik	transcription	Erik	roma	HU 17/2025 (IX. 3.) KIM
Ernő	equivalent	Ernő	roma	HU 17/2025 (IX. 3.) KIM
Ernő	transcription	Ernő	roma	HU 17/2025 (IX. 3.) KIM
Ervin	equivalent	Ervin	roma	HU 17/2025 (IX. 3.) KIM
Ervin	transcription	Ervin	roma	HU 17/2025 (IX. 3.) KIM
Erzhebet	equivalent	Erzsébet	roma	HU 17/2025 (IX. 3.) KIM
Erzhebet	transcription	Erzsébet	roma	HU 17/2025 (IX. 3.) KIM
Esmeralda	equivalent	Eszmeralda	roma	HU 17/2025 (IX. 3.) KIM
Esmeralda	transcription	Eszmeráldá	roma	HU 17/2025 (IX. 3.) KIM
Ester	equivalent	Eszter	roma	HU 17/2025 (IX. 3.) KIM
Ester	transcription	Eszter	roma	HU 17/2025 (IX. 3.) KIM
Etelka	equivalent	Etelka	roma	HU 17/2025 (IX. 3.) KIM
Etelka	transcription	Etelká	roma	HU 17/2025 (IX. 3.) KIM
Eva	equivalent	Éva	roma	HU 17/2025 (IX. 3.) KIM
Eva	transcription	Évá	roma	HU 17/2025 (IX. 3.) KIM
Evelin	equivalent	Evelin	roma	HU 17/2025 (IX. 3.) KIM
Evelin	transcription	Evelin	roma	HU 17/2025 (IX. 3.) KIM
Fani	equivalent	Fáni	roma	HU 17/2025 (IX. 3.) KIM
Fani	transcription	Fáni	roma	HU 17/2025 (IX. 3.) KIM
Fardi	equivalent	Ferenc	roma	HU 17/2025 (IX. 3.) KIM
Fardi	transcription	Fárdi	roma	HU 17/2025 (IX. 3.) KIM
Fatima	equivalent	Fatima	roma	HU 17/2025 (IX. 3.) KIM
Fatima	transcription	Fátimá	roma	HU 17/2025 (IX. 3.) KIM
Federka	equivalent	Federka	roma	HU 17/2025 (IX. 3.) KIM
Federka	transcription	Federká	roma	HU 17/2025 (IX. 3.) KIM
Fedra	equivalent	Fédra	roma	HU 17/2025 (IX. 3.) KIM
Fedra	transcription	Fedrá	roma	HU 17/2025 (IX. 3.) KIM
Felastra	transcription	Felásztrá	roma	HU 17/2025 (IX. 3.) KIM
Felicia	equivalent	Felícia	roma	HU 17/2025 (IX. 3.) KIM
Felicia	transcription	Feliciá	roma	HU 17/2025 (IX. 3.) KIM
Femus	transcription	Fémusz	roma	HU 17/2025 (IX. 3.) KIM
Ferenc	transcription	Ferenc	roma	HU 17/2025 (IX. 3.) KIM
Ferenka	equivalent	Ferenc	roma	HU 17/2025 (IX. 3.) KIM
Ferenka	transcription	Ferenká	roma	HU 17/2025 (IX. 3.) KIM
Ferkina	transcription	Ferkiná	roma	HU 17/2025 (IX. 3.) KIM
Fernando	equivalent	Fernandó	roma	HU 17/2025 (IX. 3.) KIM
Fernando	transcription	Fernándo	roma	HU 17/2025 (IX. 3.) KIM
Fiach	transcription	Fiács	roma	HU 17/2025 (IX. 3.) KIM
Firga	transcription	Firgá	roma	HU 17/2025 (IX. 3.) KIM
Firo	transcription	Firó	roma	HU 17/2025 (IX. 3.) KIM
Flora	equivalent	Flóra	roma	HU 17/2025 (IX. 3.) KIM
Flora	transcription	Flórá	roma	HU 17/2025 (IX. 3.) KIM
Francishka	equivalent	Franciska	roma	HU 17/2025 (IX. 3.) KIM
Francishka	transcription	Fránciská	roma	HU 17/2025 (IX. 3.) KIM
Frida	equivalent	Frida	roma	HU 17/2025 (IX. 3.) KIM
Frida	transcription	Fridá	roma	HU 17/2025 (IX. 3.) KIM
Friminka	transcription	Friminká	roma	HU 17/2025 (IX. 3.) KIM
Frinka	transcription	Frinká	roma	HU 17/2025 (IX. 3.) KIM
Frinkelo	transcription	Frinkelo	roma	HU 17/2025 (IX. 3.) KIM
Frinkulo	transcription	Frinkulo	roma	HU 17/2025 (IX. 3.) KIM
Froshka	transcription	Froská	roma	HU 17/2025 (IX. 3.) KIM
Fulinc	transcription	Fulinc	roma	HU 17/2025 (IX. 3.) KIM
Gabor	equivalent	Gábor	roma	HU 17/2025 (IX. 3.) KIM
Gabor	transcription	Gábor	roma	HU 17/2025 (IX. 3.) KIM
Gabriella	equivalent	Gabriella	roma	HU 17/2025 (IX. 3.) KIM
Gabriella	transcription	Gábriellá	roma	HU 17/2025 (IX. 3.) KIM
Gafa	transcription	Gáfá	roma	HU 17/2025 (IX. 3.) KIM
Gaja	transcription	Gájá	roma	HU 17/2025 (IX. 3.) KIM
Gali	transcription	Gáli	roma	HU 17/2025 (IX. 3.) KIM
Gana	transcription	Gáná	roma	HU 17/2025 (IX. 3.) KIM
Ganesh	transcription	Gánes	roma	HU 17/2025 (IX. 3.) KIM
Ganika	transcription	Gániká	roma	HU 17/2025 (IX. 3.) KIM
Gergely	equivalent	Gergely	roma	HU 17/2025 (IX. 3.) KIM
Gergely	transcription	Gergely	roma	HU 17/2025 (IX. 3.) KIM
Gergő	equivalent	Gergő	roma	HU 17/2025 (IX. 3.) KIM
Gergő	transcription	Gergő	roma	HU 17/2025 (IX. 3.) KIM
Geza	equivalent	Géza	roma	HU 17/2025 (IX. 3.) KIM
Gijom	transcription	Gijom	roma	HU 17/2025 (IX. 3.) KIM
Gimi	transcription	Gimi	roma	HU 17/2025 (IX. 3.) KIM
Gina	equivalent	Gina	roma	HU 17/2025 (IX. 3.) KIM
Gina	transcription	Giná	roma	HU 17/2025 (IX. 3.) KIM
Girgi	transcription	Girgi	roma	HU 17/2025 (IX. 3.) KIM
Gizella	equivalent	Gizella	roma	HU 17/2025 (IX. 3.) KIM
Gizella	transcription	Gizellá	roma	HU 17/2025 (IX. 3.) KIM
Glonci	transcription	Glonci	roma	HU 17/2025 (IX. 3.) KIM
Gogo	transcription	Gogo	roma	HU 17/2025 (IX. 3.) KIM
Golumba	transcription	Golumbá	roma	HU 17/2025 (IX. 3.) KIM
Grancha	transcription	Gráncsá	roma	HU 17/2025 (IX. 3.) KIM
Granica	transcription	Gránicá	roma	HU 17/2025 (IX. 3.) KIM
Grene	transcription	Grényé	roma	HU 17/2025 (IX. 3.) KIM
Greta	equivalent	Gréta	roma	HU 17/2025 (IX. 3.) KIM
Greta	transcription	Grétá	roma	HU 17/2025 (IX. 3.) KIM
Grofo	transcription	Grófo	roma	HU 17/2025 (IX. 3.) KIM
Gronek	transcription	Gronyek	roma	HU 17/2025 (IX. 3.) KIM
Guga	transcription	Gugá	roma	HU 17/2025 (IX. 3.) KIM
Gugori	transcription	Gugóri	roma	HU 17/2025 (IX. 3.) KIM
Gulbash	transcription	Gulbás	roma	HU 17/2025 (IX. 3.) KIM
Gulexar	transcription	Gulehhár	roma	HU 17/2025 (IX. 3.) KIM
Guncha	transcription	Guncsá	roma	HU 17/2025 (IX. 3.) KIM
Gurano	transcription	Guráno	roma	HU 17/2025 (IX. 3.) KIM
Gustav	equivalent	Gusztáv	roma	HU 17/2025 (IX. 3.) KIM
Gustav	transcription	Gusztáv	roma	HU 17/2025 (IX. 3.) KIM
Habri	transcription	Hábri	roma	HU 17/2025 (IX. 3.) KIM
Hajnal	equivalent	Hajnal	roma	HU 17/2025 (IX. 3.) KIM
Hajnal	transcription	Hájnál	roma	HU 17/2025 (IX. 3.) KIM
Hajnalka	equivalent	Hajnalka	roma	HU 17/2025 (IX. 3.) KIM
Hajnalka	transcription	Hájnálká	roma	HU 17/2025 (IX. 3.) KIM
Harisha	transcription	Hárisá	roma	HU 17/2025 (IX. 3.) KIM
Harsha	transcription	Hársá	roma	HU 17/2025 (IX. 3.) KIM
Hasan	transcription	Hászán	roma	HU 17/2025 (IX. 3.) KIM
Hedi	equivalent	Hédi	roma	HU 17/2025 (IX. 3.) KIM
Hedi	transcription	Hédi	roma	HU 17/2025 (IX. 3.) KIM
Helena	equivalent	Helena	roma	HU 17/2025 (IX. 3.) KIM
Helena	transcription	Helená	roma	HU 17/2025 (IX. 3.) KIM
Henrietta	equivalent	Henrietta	roma	HU 17/2025 (IX. 3.) KIM
Henrietta	transcription	Henriettá	roma	HU 17/2025 (IX. 3.) KIM
Henrik	equivalent	Henrik	roma	HU 17/2025 (IX. 3.) KIM
Henrik	transcription	Henrik	roma	HU 17/2025 (IX. 3.) KIM
Herceg	transcription	Herceg	roma	HU 17/2025 (IX. 3.) KIM
Hermina	equivalent	Hermina	roma	HU 17/2025 (IX. 3.) KIM
Hermina	transcription	Herminá	roma	HU 17/2025 (IX. 3.) KIM
Hilda	equivalent	Hilda	roma	HU 17/2025 (IX. 3.) KIM
Hilda	transcription	Hildá	roma	HU 17/2025 (IX. 3.) KIM
Holla	transcription	Hollá	roma	HU 17/2025 (IX. 3.) KIM
Ibolya	equivalent	Ibolya	roma	HU 17/2025 (IX. 3.) KIM
Ibolya	transcription	Ibolyá	roma	HU 17/2025 (IX. 3.) KIM
Ida	equivalent	Ida	roma	HU 17/2025 (IX. 3.) KIM
Ida	transcription	Idá	roma	HU 17/2025 (IX. 3.) KIM
Ignac	equivalent	Ignác	roma	HU 17/2025 (IX. 3.) KIM
Ignac	transcription	Ignác	roma	HU 17/2025 (IX. 3.) KIM
Ildiko	equivalent	Ildikó	roma	HU 17/2025 (IX. 3.) KIM
Ildiko	transcription	Ildikó	roma	HU 17/2025 (IX. 3.) KIM
Ilka	equivalent	Ilka	roma	HU 17/2025 (IX. 3.) KIM
Ilka	transcription	Ilká	roma	HU 17/2025 (IX. 3.) KIM
Illesh	equivalent	Illés	roma	HU 17/2025 (IX. 3.) KIM
Illesh	transcription	Illés	roma	HU 17/2025 (IX. 3.) KIM
Ilona	equivalent	Ilona	roma	HU 17/2025 (IX. 3.) KIM
Ilona	transcription	Iloná	roma	HU 17/2025 (IX. 3.) KIM
Imanuel	equivalent	Immánuel	roma	HU 17/2025 (IX. 3.) KIM
Imanuel	transcription	Imánuel	roma	HU 17/2025 (IX. 3.) KIM
Imbre	equivalent	Imre	roma	HU 17/2025 (IX. 3.) KIM
Imbre	transcription	Imbre	roma	HU 17/2025 (IX. 3.) KIM
Imre	equivalent	Imre	roma	HU 17/2025 (IX. 3.) KIM
Imre	transcription	Imre	roma	HU 17/2025 (IX. 3.) KIM
Inez	equivalent	Inez	roma	HU 17/2025 (IX. 3.) KIM
Inez	transcription	Inéz	roma	HU 17/2025 (IX. 3.) KIM
Iren	equivalent	Irén	roma	HU 17/2025 (IX. 3.) KIM
Iren	transcription	Irén	roma	HU 17/2025 (IX. 3.) KIM
Irma	equivalent	Irma	roma	HU 17/2025 (IX. 3.) KIM
Irma	transcription	Irmá	roma	HU 17/2025 (IX. 3.) KIM
Ishtvan	equivalent	István	roma	HU 17/2025 (IX. 3.) KIM
Ishtvan	transcription	István	roma	HU 17/2025 (IX. 3.) KIM
Izabella	equivalent	Izabella	roma	HU 17/2025 (IX. 3.) KIM
Izabella	transcription	Izábellá	roma	HU 17/2025 (IX. 3.) KIM
Izaura	equivalent	Izaura	roma	HU 17/2025 (IX. 3.) KIM
Izaura	transcription	Izáurá	roma	HU 17/2025 (IX. 3.) KIM
Izolda	equivalent	Izolda	roma	HU 17/2025 (IX. 3.) KIM
Izolda	transcription	Izoldá	roma	HU 17/2025 (IX. 3.) KIM
Jacinta	equivalent	Jácinta	roma	HU 17/2025 (IX. 3.) KIM
Jacinta	transcription	Jácintá	roma	HU 17/2025 (IX. 3.) KIM
Jagdino	transcription	Jágdino	roma	HU 17/2025 (IX. 3.) KIM
Jakab	equivalent	Jakab	roma	HU 17/2025 (IX. 3.) KIM
Jakab	transcription	Jákáb	roma	HU 17/2025 (IX. 3.) KIM
Jakali	transcription	Jákáli	roma	HU 17/2025 (IX. 3.) KIM
Jakalo	transcription	Jákálo	roma	HU 17/2025 (IX. 3.) KIM
Jambor	transcription	Jámbor	roma	HU 17/2025 (IX. 3.) KIM
Jana	equivalent	Jana	roma	HU 17/2025 (IX. 3.) KIM
Jana	transcription	Jáná	roma	HU 17/2025 (IX. 3.) KIM
Jano	equivalent	János	roma	HU 17/2025 (IX. 3.) KIM
Jano	transcription	Jáno	roma	HU 17/2025 (IX. 3.) KIM
Janosh	equivalent	János	roma	HU 17/2025 (IX. 3.) KIM
Janosh	transcription	János	roma	HU 17/2025 (IX. 3.) KIM
Jarku	transcription	Járku	roma	HU 17/2025 (IX. 3.) KIM
Jasha	transcription	Jásá	roma	HU 17/2025 (IX. 3.) KIM
Jata	transcription	Játá	roma	HU 17/2025 (IX. 3.) KIM
Jazmin	equivalent	Jázmin	roma	HU 17/2025 (IX. 3.) KIM
Jazmin	transcription	Jázmin	roma	HU 17/2025 (IX. 3.) KIM
Jela	transcription	Jélá	roma	HU 17/2025 (IX. 3.) KIM
Jenő	equivalent	Jenő	roma	HU 17/2025 (IX. 3.) KIM
Jenő	transcription	Jenő	roma	HU 17/2025 (IX. 3.) KIM
Jerko	transcription	Jérko	roma	HU 17/2025 (IX. 3.) KIM
Joka	transcription	Joká	roma	HU 17/2025 (IX. 3.) KIM
Jolan	equivalent	Jolán	roma	HU 17/2025 (IX. 3.) KIM
Jolan	transcription	Jolán	roma	HU 17/2025 (IX. 3.) KIM
Jonuz	transcription	Jonuz	roma	HU 17/2025 (IX. 3.) KIM
Jorga	transcription	Jorgá	roma	HU 17/2025 (IX. 3.) KIM
Joshka	equivalent	Jóska	roma	HU 17/2025 (IX. 3.) KIM
Joshka	transcription	Jóská	roma	HU 17/2025 (IX. 3.) KIM
Joste	transcription	Joszte	roma	HU 17/2025 (IX. 3.) KIM
Jozhef	equivalent	József	roma	HU 17/2025 (IX. 3.) KIM
Jozhef	transcription	József	roma	HU 17/2025 (IX. 3.) KIM
Judit	equivalent	Judit	roma	HU 17/2025 (IX. 3.) KIM
Judit	transcription	Judit	roma	HU 17/2025 (IX. 3.) KIM
Jula	transcription	Júlá	roma	HU 17/2025 (IX. 3.) KIM
Julia	equivalent	Júlia	roma	HU 17/2025 (IX. 3.) KIM
Julia	transcription	Júliá	roma	HU 17/2025 (IX. 3.) KIM
Juliana	equivalent	Juliana	roma	HU 17/2025 (IX. 3.) KIM
Juliana	transcription	Juliáná	roma	HU 17/2025 (IX. 3.) KIM
Julianna	equivalent	Julianna	roma	HU 17/2025 (IX. 3.) KIM
Julianna	transcription	Juliánná	roma	HU 17/2025 (IX. 3.) KIM
Junior	equivalent	Junior	roma	HU 17/2025 (IX. 3.) KIM
Junior	transcription	Junior	roma	HU 17/2025 (IX. 3.) KIM
Justina	equivalent	Jusztina	roma	HU 17/2025 (IX. 3.) KIM
Justina	transcription	Jusztiná	roma	HU 17/2025 (IX. 3.) KIM
Jutka	equivalent	Jutka	roma	HU 17/2025 (IX. 3.) KIM
Jutka	transcription	Jutká	roma	HU 17/2025 (IX. 3.) KIM
Kaco	transcription	Káco	roma	HU 17/2025 (IX. 3.) KIM
Kali	transcription	Káli	roma	HU 17/2025 (IX. 3.) KIM
Kalman	equivalent	Kálmán	roma	HU 17/2025 (IX. 3.) KIM
Kalman	transcription	Kálmán	roma	HU 17/2025 (IX. 3.) KIM
Kalo	transcription	Kálo	roma	HU 17/2025 (IX. 3.) KIM
Kanogiza	transcription	Kánogizá	roma	HU 17/2025 (IX. 3.) KIM
Karina	equivalent	Karina	roma	HU 17/2025 (IX. 3.) KIM
Karina	transcription	Káriná	roma	HU 17/2025 (IX. 3.) KIM
Karmen	equivalent	Kármen	roma	HU 17/2025 (IX. 3.) KIM
Karmen	transcription	Kármen	roma	HU 17/2025 (IX. 3.) KIM
Karolina	equivalent	Karolina	roma	HU 17/2025 (IX. 3.) KIM
Karolina	transcription	Károliná	roma	HU 17/2025 (IX. 3.) KIM
Karoly	equivalent	Károly	roma	HU 17/2025 (IX. 3.) KIM
Karoly	transcription	Károly	roma	HU 17/2025 (IX. 3.) KIM
Katalin	equivalent	Katalin	roma	HU 17/2025 (IX. 3.) KIM
Katalin	transcription	Kátálin	roma	HU 17/2025 (IX. 3.) KIM
Katica	equivalent	Katica	roma	HU 17/2025 (IX. 3.) KIM
Katica	transcription	Káticá	roma	HU 17/2025 (IX. 3.) KIM
Katyarina	equivalent	Katarina	roma	HU 17/2025 (IX. 3.) KIM
Katyarina	transcription	Kátyáriná	roma	HU 17/2025 (IX. 3.) KIM
Kevin	equivalent	Kevin	roma	HU 17/2025 (IX. 3.) KIM
Kevin	transcription	Kevin	roma	HU 17/2025 (IX. 3.) KIM
Khamdud	transcription	Khámdud	roma	HU 17/2025 (IX. 3.) KIM
Khamorro	transcription	Khámorro	roma	HU 17/2025 (IX. 3.) KIM
Kika	transcription	Kiká	roma	HU 17/2025 (IX. 3.) KIM
Kincho	transcription	Kincso	roma	HU 17/2025 (IX. 3.) KIM
Kinga	equivalent	Kinga	roma	HU 17/2025 (IX. 3.) KIM
Kinga	transcription	Kingá	roma	HU 17/2025 (IX. 3.) KIM
Kiresh	transcription	Kires	roma	HU 17/2025 (IX. 3.) KIM
Kishaj	transcription	Kisáj	roma	HU 17/2025 (IX. 3.) KIM
Klara	equivalent	Klára	roma	HU 17/2025 (IX. 3.) KIM
Klara	transcription	Klárá	roma	HU 17/2025 (IX. 3.) KIM
Klaudia	equivalent	Klaudia	roma	HU 17/2025 (IX. 3.) KIM
Klaudia	transcription	Klaudiá	roma	HU 17/2025 (IX. 3.) KIM
Komala	transcription	Komálá	roma	HU 17/2025 (IX. 3.) KIM
Korbula	transcription	Korbulá	roma	HU 17/2025 (IX. 3.) KIM
Kornel	transcription	Kornél	roma	HU 17/2025 (IX. 3.) KIM
Kostika	transcription	Kosztiká	roma	HU 17/2025 (IX. 3.) KIM
Kraj	transcription	Kráj	roma	HU 17/2025 (IX. 3.) KIM
Kris	transcription	Krisz	roma	HU 17/2025 (IX. 3.) KIM
Kristian	equivalent	Krisztián	roma	HU 17/2025 (IX. 3.) KIM
Kristian	transcription	Krisztián	roma	HU 17/2025 (IX. 3.) KIM
Kristina	equivalent	Krisztina	roma	HU 17/2025 (IX. 3.) KIM
Kristina	transcription	Krisztiná	roma	HU 17/2025 (IX. 3.) KIM
Krucha	transcription	Krúcsá	roma	HU 17/2025 (IX. 3.) KIM
Kulaj	transcription	Kuláj	roma	HU 17/2025 (IX. 3.) KIM
Kumarka	transcription	Kumárká	roma	HU 17/2025 (IX. 3.) KIM
Kuna	transcription	Kúná	roma	HU 17/2025 (IX. 3.) KIM
Laboda	transcription	Lábodá	roma	HU 17/2025 (IX. 3.) KIM
Lajko	transcription	Lájkó	roma	HU 17/2025 (IX. 3.) KIM
Lajosh	equivalent	Lajos	roma	HU 17/2025 (IX. 3.) KIM
Lajosh	transcription	Lájos	roma	HU 17/2025 (IX. 3.) KIM
Lali	equivalent	Lali	roma	HU 17/2025 (IX. 3.) KIM
Lali	transcription	Láli	roma	HU 17/2025 (IX. 3.) KIM
Larri	transcription	Lárri	roma	HU 17/2025 (IX. 3.) KIM
Laslo	equivalent	László	roma	HU 17/2025 (IX. 3.) KIM
Laslo	transcription	László	roma	HU 17/2025 (IX. 3.) KIM
Latie	transcription	Látié	roma	HU 17/2025 (IX. 3.) KIM
Laura	transcription	Láurá	roma	HU 17/2025 (IX. 3.) KIM
Lazar	equivalent	Lázár	roma	HU 17/2025 (IX. 3.) KIM
Lazar	transcription	Lázár	roma	HU 17/2025 (IX. 3.) KIM
Lejla	equivalent	Lejla	roma	HU 17/2025 (IX. 3.) KIM
Lejla	transcription	Lejlá	roma	HU 17/2025 (IX. 3.) KIM
Lena	equivalent	Léna	roma	HU 17/2025 (IX. 3.) KIM
Lena	transcription	Léná	roma	HU 17/2025 (IX. 3.) KIM
Levente	equivalent	Levente	roma	HU 17/2025 (IX. 3.) KIM
Levente	transcription	Levente	roma	HU 17/2025 (IX. 3.) KIM
Levulo	transcription	Levulo	roma	HU 17/2025 (IX. 3.) KIM
Lidia	equivalent	Lídia	roma	HU 17/2025 (IX. 3.) KIM
Lidia	transcription	Lídiá	roma	HU 17/2025 (IX. 3.) KIM
Liliana	equivalent	Liliána	roma	HU 17/2025 (IX. 3.) KIM
Liliana	transcription	Liliáná	roma	HU 17/2025 (IX. 3.) KIM
Lina	equivalent	Lina	roma	HU 17/2025 (IX. 3.) KIM
Lina	transcription	Liná	roma	HU 17/2025 (IX. 3.) KIM
Linda	equivalent	Linda	roma	HU 17/2025 (IX. 3.) KIM
Linda	transcription	Lindá	roma	HU 17/2025 (IX. 3.) KIM
Lindra	transcription	Lindrá	roma	HU 17/2025 (IX. 3.) KIM
Lindri	transcription	Lindri	roma	HU 17/2025 (IX. 3.) KIM
Lion	transcription	Lion	roma	HU 17/2025 (IX. 3.) KIM
Livia	equivalent	Lívia	roma	HU 17/2025 (IX. 3.) KIM
Livia	transcription	Líviá	roma	HU 17/2025 (IX. 3.) KIM
Liza	equivalent	Liza	roma	HU 17/2025 (IX. 3.) KIM
Liza	transcription	Lizá	roma	HU 17/2025 (IX. 3.) KIM
Lojko	transcription	Lojko	roma	HU 17/2025 (IX. 3.) KIM
Loli	equivalent	Lolli	roma	HU 17/2025 (IX. 3.) KIM
Loli	transcription	Loli	roma	HU 17/2025 (IX. 3.) KIM
Ludmilla	equivalent	Ludmilla	roma	HU 17/2025 (IX. 3.) KIM
Ludmilla	transcription	Ludmillá	roma	HU 17/2025 (IX. 3.) KIM
Luja	transcription	Lujá	roma	HU 17/2025 (IX. 3.) KIM
Lujza	equivalent	Lujza	roma	HU 17/2025 (IX. 3.) KIM
Lujza	transcription	Lujzá	roma	HU 17/2025 (IX. 3.) KIM
Lula	transcription	Lulá	roma	HU 17/2025 (IX. 3.) KIM
Luludyi	transcription	Lulugyi	roma	HU 17/2025 (IX. 3.) KIM
Lumbo	transcription	Lumbo	roma	HU 17/2025 (IX. 3.) KIM
Luna	equivalent	Luna	roma	HU 17/2025 (IX. 3.) KIM
Luna	transcription	Luná	roma	HU 17/2025 (IX. 3.) KIM
Lusha	transcription	Lusá	roma	HU 17/2025 (IX. 3.) KIM
Madina	transcription	Mádiná	roma	HU 17/2025 (IX. 3.) KIM
Magda	equivalent	Magda	roma	HU 17/2025 (IX. 3.) KIM
Magda	transcription	Mágdá	roma	HU 17/2025 (IX. 3.) KIM
Maja	equivalent	Maja	roma	HU 17/2025 (IX. 3.) KIM
Maja	transcription	Májá	roma	HU 17/2025 (IX. 3.) KIM
Mako	transcription	Máko	roma	HU 17/2025 (IX. 3.) KIM
Maksi	equivalent	Maxim	roma	HU 17/2025 (IX. 3.) KIM
Maksi	transcription	Máxi	roma	HU 17/2025 (IX. 3.) KIM
Mala	transcription	Málá	roma	HU 17/2025 (IX. 3.) KIM
Malaga	transcription	Málágá	roma	HU 17/2025 (IX. 3.) KIM
Malilini	transcription	Málilini	roma	HU 17/2025 (IX. 3.) KIM
Malini	transcription	Málini	roma	HU 17/2025 (IX. 3.) KIM
Maminka	transcription	Máminká	roma	HU 17/2025 (IX. 3.) KIM
Mamuxt	transcription	Mámuhht	roma	HU 17/2025 (IX. 3.) KIM
Mandica	transcription	Mándicá	roma	HU 17/2025 (IX. 3.) KIM
Mandila	transcription	Mándilá	roma	HU 17/2025 (IX. 3.) KIM
Mandra	transcription	Mándrá	roma	HU 17/2025 (IX. 3.) KIM
Mani	transcription	Máni	roma	HU 17/2025 (IX. 3.) KIM
Mano	equivalent	Manó	roma	HU 17/2025 (IX. 3.) KIM
Mano	transcription	Mánó	roma	HU 17/2025 (IX. 3.) KIM
Manola	transcription	Mánólá	roma	HU 17/2025 (IX. 3.) KIM
Manuela	equivalent	Manuéla	roma	HU 17/2025 (IX. 3.) KIM
Manuela	transcription	Mánuélá	roma	HU 17/2025 (IX. 3.) KIM
Manuella	equivalent	Manuella	roma	HU 17/2025 (IX. 3.) KIM
Manuella	transcription	Mánuéllá	roma	HU 17/2025 (IX. 3.) KIM
Mara	equivalent	Mara	roma	HU 17/2025 (IX. 3.) KIM
Mara	transcription	Márá	roma	HU 17/2025 (IX. 3.) KIM
Marakata	transcription	Márákátá	roma	HU 17/2025 (IX. 3.) KIM
Marcel	equivalent	Marcell	roma	HU 17/2025 (IX. 3.) KIM
Marcella	equivalent	Marcella	roma	HU 17/2025 (IX. 3.) KIM
Marcella	transcription	Márcellá	roma	HU 17/2025 (IX. 3.) KIM
Mardiola	transcription	Márdiólá	roma	HU 17/2025 (IX. 3.) KIM
Marga	transcription	Márgá	roma	HU 17/2025 (IX. 3.) KIM
Margareta	equivalent	Margaréta	roma	HU 17/2025 (IX. 3.) KIM
Margareta	transcription	Márgárétá	roma	HU 17/2025 (IX. 3.) KIM
Margarita	equivalent	Margarita	roma	HU 17/2025 (IX. 3.) KIM
Margarita	transcription	Márgáritá	roma	HU 17/2025 (IX. 3.) KIM
Margit	equivalent	Margit	roma	HU 17/2025 (IX. 3.) KIM
Margit	transcription	Márgit	roma	HU 17/2025 (IX. 3.) KIM
Margo	equivalent	Margó	roma	HU 17/2025 (IX. 3.) KIM
Margo	transcription	Márgó	roma	HU 17/2025 (IX. 3.) KIM
Maria	equivalent	Mária	roma	HU 17/2025 (IX. 3.) KIM
Maria	transcription	Máriá	roma	HU 17/2025 (IX. 3.) KIM
Mariann	equivalent	Mariann	roma	HU 17/2025 (IX. 3.) KIM
Mariann	transcription	Máriánn	roma	HU 17/2025 (IX. 3.) KIM
Marianna	equivalent	Marianna	roma	HU 17/2025 (IX. 3.) KIM
Marianna	transcription	Máriánná	roma	HU 17/2025 (IX. 3.) KIM
Marica	equivalent	Marica	roma	HU 17/2025 (IX. 3.) KIM
Marica	transcription	Máricá	roma	HU 17/2025 (IX. 3.) KIM
Marietta	equivalent	Marietta	roma	HU 17/2025 (IX. 3.) KIM
Marietta	transcription	Máriettá	roma	HU 17/2025 (IX. 3.) KIM
Marikli	transcription	Márikli	roma	HU 17/2025 (IX. 3.) KIM
Mario	equivalent	Márió	roma	HU 17/2025 (IX. 3.) KIM
Mario	transcription	Márió	roma	HU 17/2025 (IX. 3.) KIM
Marko	equivalent	Markó	roma	HU 17/2025 (IX. 3.) KIM
Marko	equivalent	Marko	roma	HU 17/2025 (IX. 3.) KIM
Marko	transcription	Márko	roma	HU 17/2025 (IX. 3.) KIM
Marta	equivalent	Márta	roma	HU 17/2025 (IX. 3.) KIM
Marta	transcription	Mártá	roma	HU 17/2025 (IX. 3.) KIM
Marulea	transcription	Máruleá	roma	HU 17/2025 (IX. 3.) KIM
Mate	equivalent	Máté	roma	HU 17/2025 (IX. 3.) KIM
Mate	transcription	Máté	roma	HU 17/2025 (IX. 3.) KIM
Matej	transcription	Mátej	roma	HU 17/2025 (IX. 3.) KIM
Mati	transcription	Máti	roma	HU 17/2025 (IX. 3.) KIM
Matilda	equivalent	Matilda	roma	HU 17/2025 (IX. 3.) KIM
Matilda	transcription	Mátildá	roma	HU 17/2025 (IX. 3.) KIM
Matyash	equivalent	Mátyás	roma	HU 17/2025 (IX. 3.) KIM
Matyash	transcription	Mátyás	roma	HU 17/2025 (IX. 3.) KIM
Mazol	transcription	Mázol	roma	HU 17/2025 (IX. 3.) KIM
Mela	transcription	Mélá	roma	HU 17/2025 (IX. 3.) KIM
Melinda	equivalent	Melinda	roma	HU 17/2025 (IX. 3.) KIM
Melinda	transcription	Melindá	roma	HU 17/2025 (IX. 3.) KIM
Memeli	transcription	Mémélyi	roma	HU 17/2025 (IX. 3.) KIM
Meneka	transcription	Meneká	roma	HU 17/2025 (IX. 3.) KIM
Menyhert	equivalent	Menyhért	roma	HU 17/2025 (IX. 3.) KIM
Menyhert	transcription	Menyhért	roma	HU 17/2025 (IX. 3.) KIM
Merab	transcription	Méráb	roma	HU 17/2025 (IX. 3.) KIM
Mercedes	equivalent	Mercédesz	roma	HU 17/2025 (IX. 3.) KIM
Mercedes	transcription	Mercédesz	roma	HU 17/2025 (IX. 3.) KIM
Meredis	equivalent	Meredisz	roma	HU 17/2025 (IX. 3.) KIM
Meredis	transcription	Meredisz	roma	HU 17/2025 (IX. 3.) KIM
Merta	transcription	Mertá	roma	HU 17/2025 (IX. 3.) KIM
Mestin	transcription	Mesztin	roma	HU 17/2025 (IX. 3.) KIM
Mezinka	transcription	Mezinká	roma	HU 17/2025 (IX. 3.) KIM
Mida	transcription	Midá	roma	HU 17/2025 (IX. 3.) KIM
Mihaly	equivalent	Mihály	roma	HU 17/2025 (IX. 3.) KIM
Mihaly	transcription	Mihály	roma	HU 17/2025 (IX. 3.) KIM
Miklosh	equivalent	Miklós	roma	HU 17/2025 (IX. 3.) KIM
Miklosh	transcription	Miklós	roma	HU 17/2025 (IX. 3.) KIM
Milan	equivalent	Milán	roma	HU 17/2025 (IX. 3.) KIM
Milan	transcription	Milán	roma	HU 17/2025 (IX. 3.) KIM
Mileva	transcription	Milévá	roma	HU 17/2025 (IX. 3.) KIM
Mili	equivalent	Mili	roma	HU 17/2025 (IX. 3.) KIM
Mili	transcription	Mili	roma	HU 17/2025 (IX. 3.) KIM
Milosh	equivalent	Milos	roma	HU 17/2025 (IX. 3.) KIM
Milosh	transcription	Milos	roma	HU 17/2025 (IX. 3.) KIM
Mimi	equivalent	Mimi	roma	HU 17/2025 (IX. 3.) KIM
Mimi	transcription	Mimi	roma	HU 17/2025 (IX. 3.) KIM
Mina	equivalent	Mína	roma	HU 17/2025 (IX. 3.) KIM
Mina	transcription	Míná	roma	HU 17/2025 (IX. 3.) KIM
Mira	equivalent	Míra	roma	HU 17/2025 (IX. 3.) KIM
Mira	transcription	Mírá	roma	HU 17/2025 (IX. 3.) KIM
Mircella	transcription	Mircella	roma	HU 17/2025 (IX. 3.) KIM
Miriam	equivalent	Miriam	roma	HU 17/2025 (IX. 3.) KIM
Miriam	transcription	Miriám	roma	HU 17/2025 (IX. 3.) KIM
Mirjam	equivalent	Mirjam	roma	HU 17/2025 (IX. 3.) KIM
Mirjam	transcription	Mirjám	roma	HU 17/2025 (IX. 3.) KIM
Mishi	equivalent	Mihály	roma	HU 17/2025 (IX. 3.) KIM
Mishi	transcription	Misi	roma	HU 17/2025 (IX. 3.) KIM
Mishka	equivalent	Mihály	roma	HU 17/2025 (IX. 3.) KIM
Mishka	transcription	Miská	roma	HU 17/2025 (IX. 3.) KIM
Mitrano	transcription	Mitráno	roma	HU 17/2025 (IX. 3.) KIM
Moga	transcription	Mogá	roma	HU 17/2025 (IX. 3.) KIM
Molkuch	transcription	Molkucs	roma	HU 17/2025 (IX. 3.) KIM
Mona	equivalent	Mona	roma	HU 17/2025 (IX. 3.) KIM
Mona	transcription	Moná	roma	HU 17/2025 (IX. 3.) KIM
Monika	equivalent	Mónika	roma	HU 17/2025 (IX. 3.) KIM
Monika	transcription	Móniká	roma	HU 17/2025 (IX. 3.) KIM
Montyo	transcription	Montyó	roma	HU 17/2025 (IX. 3.) KIM
Morana	transcription	Moráná	roma	HU 17/2025 (IX. 3.) KIM
Mosha	transcription	Mósá	roma	HU 17/2025 (IX. 3.) KIM
Mosholo	transcription	Mosolo	roma	HU 17/2025 (IX. 3.) KIM
Mozol	transcription	Mozol	roma	HU 17/2025 (IX. 3.) KIM
Muci	transcription	Muci	roma	HU 17/2025 (IX. 3.) KIM
Mudi	transcription	Mudi	roma	HU 17/2025 (IX. 3.) KIM
Mujko	transcription	Mujko	roma	HU 17/2025 (IX. 3.) KIM
Muki	equivalent	Miklós	roma	HU 17/2025 (IX. 3.) KIM
Muki	transcription	Muki	roma	HU 17/2025 (IX. 3.) KIM
Mundra	transcription	Mundrá	roma	HU 17/2025 (IX. 3.) KIM
Mura	transcription	Múrá	roma	HU 17/2025 (IX. 3.) KIM
Murga	transcription	Murgá	roma	HU 17/2025 (IX. 3.) KIM
Mushko	transcription	Musko	roma	HU 17/2025 (IX. 3.) KIM
Mushtedyiv	transcription	Mustegyiv	roma	HU 17/2025 (IX. 3.) KIM
Mutyi	transcription	Mutyi	roma	HU 17/2025 (IX. 3.) KIM
Naci	transcription	Náci	roma	HU 17/2025 (IX. 3.) KIM
Nadinka	equivalent	Nadinka	roma	HU 17/2025 (IX. 3.) KIM
Nadinka	transcription	Nádinká	roma	HU 17/2025 (IX. 3.) KIM
Nalia	transcription	Náliá	roma	HU 17/2025 (IX. 3.) KIM
Nandor	equivalent	Nándor	roma	HU 17/2025 (IX. 3.) KIM
Nandor	transcription	Nándor	roma	HU 17/2025 (IX. 3.) KIM
Nani	transcription	Náni	roma	HU 17/2025 (IX. 3.) KIM
Natalia	equivalent	Natália	roma	HU 17/2025 (IX. 3.) KIM
Natalia	transcription	Nátáliá	roma	HU 17/2025 (IX. 3.) KIM
Natasha	equivalent	Natasa	roma	HU 17/2025 (IX. 3.) KIM
Natasha	transcription	Nátásá	roma	HU 17/2025 (IX. 3.) KIM
Nejmond	transcription	Nejmond	roma	HU 17/2025 (IX. 3.) KIM
Nelli	equivalent	Nelli	roma	HU 17/2025 (IX. 3.) KIM
Nelli	transcription	Nelli	roma	HU 17/2025 (IX. 3.) KIM
Nemesh	transcription	Nemes	roma	HU 17/2025 (IX. 3.) KIM
Nikoletta	equivalent	Nikoletta	roma	HU 17/2025 (IX. 3.) KIM
Nikoletta	transcription	Nikolettá	roma	HU 17/2025 (IX. 3.) KIM
Noemi	equivalent	Noémi	roma	HU 17/2025 (IX. 3.) KIM
Noemi	transcription	Noémi	roma	HU 17/2025 (IX. 3.) KIM
Nora	equivalent	Nóra	roma	HU 17/2025 (IX. 3.) KIM
Nora	transcription	Nórá	roma	HU 17/2025 (IX. 3.) KIM
Norbert	equivalent	Norbert	roma	HU 17/2025 (IX. 3.) KIM
Norbert	transcription	Norbert	roma	HU 17/2025 (IX. 3.) KIM
Norfi	transcription	Norfi	roma	HU 17/2025 (IX. 3.) KIM
Nuzi	transcription	Nuzi	roma	HU 17/2025 (IX. 3.) KIM
Nyica	equivalent	Nyicá	roma	HU 17/2025 (IX. 3.) KIM
Nyica	transcription	Nyicá	roma	HU 17/2025 (IX. 3.) KIM
Odett	equivalent	Odett	roma	HU 17/2025 (IX. 3.) KIM
Odett	transcription	Odett	roma	HU 17/2025 (IX. 3.) KIM
Ödön	equivalent	Ödön	roma	HU 17/2025 (IX. 3.) KIM
Ödön	transcription	Ödön	roma	HU 17/2025 (IX. 3.) KIM
Olga	equivalent	Olga	roma	HU 17/2025 (IX. 3.) KIM
Olga	transcription	Olgá	roma	HU 17/2025 (IX. 3.) KIM
Oliver	equivalent	Olivér	roma	HU 17/2025 (IX. 3.) KIM
Oliver	transcription	Olivér	roma	HU 17/2025 (IX. 3.) KIM
Orban	equivalent	Orbán	roma	HU 17/2025 (IX. 3.) KIM
Orban	transcription	Orbán	roma	HU 17/2025 (IX. 3.) KIM
Oskar	equivalent	Oszkár	roma	HU 17/2025 (IX. 3.) KIM
Oskar	transcription	Oszkár	roma	HU 17/2025 (IX. 3.) KIM
Otto	equivalent	Ottó	roma	HU 17/2025 (IX. 3.) KIM
Otto	transcription	Ottó	roma	HU 17/2025 (IX. 3.) KIM
Paka	transcription	Páká	roma	HU 17/2025 (IX. 3.) KIM
Pal	equivalent	Pál	roma	HU 17/2025 (IX. 3.) KIM
Pal	transcription	Pál	roma	HU 17/2025 (IX. 3.) KIM
Palma	equivalent	Pálma	roma	HU 17/2025 (IX. 3.) KIM
Palma	transcription	Pálmá	roma	HU 17/2025 (IX. 3.) KIM
Pana	transcription	Páná	roma	HU 17/2025 (IX. 3.) KIM
Panta	transcription	Pántá	roma	HU 17/2025 (IX. 3.) KIM
Papiny	transcription	Pápiny	roma	HU 17/2025 (IX. 3.) KIM
Papusha	transcription	Pápusá	roma	HU 17/2025 (IX. 3.) KIM
Parashtuja	transcription	Párástujá	roma	HU 17/2025 (IX. 3.) KIM
Parni	transcription	Párni	roma	HU 17/2025 (IX. 3.) KIM
Pasha	transcription	Pásá	roma	HU 17/2025 (IX. 3.) KIM
Patinka	transcription	Pátinká	roma	HU 17/2025 (IX. 3.) KIM
Patrin	transcription	Pátrin	roma	HU 17/2025 (IX. 3.) KIM
Paula	equivalent	Paula	roma	HU 17/2025 (IX. 3.) KIM
Paula	transcription	Páulá	roma	HU 17/2025 (IX. 3.) KIM
Pelistrin	transcription	Pelisztrin	roma	HU 17/2025 (IX. 3.) KIM
Pelistro	transcription	Pelistro	roma	HU 17/2025 (IX. 3.) KIM
Pemba	transcription	Pémbá	roma	HU 17/2025 (IX. 3.) KIM
Pepi	transcription	Pepi	roma	HU 17/2025 (IX. 3.) KIM
Pero	transcription	Péro	roma	HU 17/2025 (IX. 3.) KIM
Persi	transcription	Perszi	roma	HU 17/2025 (IX. 3.) KIM
Peter	equivalent	Péter	roma	HU 17/2025 (IX. 3.) KIM
Peter	transcription	Péter	roma	HU 17/2025 (IX. 3.) KIM
Petra	equivalent	Petra	roma	HU 17/2025 (IX. 3.) KIM
Petra	transcription	Petrá	roma	HU 17/2025 (IX. 3.) KIM
Petronella	equivalent	Petronella	roma	HU 17/2025 (IX. 3.) KIM
Petronella	transcription	Petronellá	roma	HU 17/2025 (IX. 3.) KIM
Petru	equivalent	Péter	roma	HU 17/2025 (IX. 3.) KIM
Petru	transcription	Petru	roma	HU 17/2025 (IX. 3.) KIM
Pherval	transcription	Phervál	roma	HU 17/2025 (IX. 3.) KIM
Piko	transcription	Piko	roma	HU 17/2025 (IX. 3.) KIM
Pilar	equivalent	Pilár	roma	HU 17/2025 (IX. 3.) KIM
Pilar	transcription	Pilár	roma	HU 17/2025 (IX. 3.) KIM
Piper	transcription	Pipér	roma	HU 17/2025 (IX. 3.) KIM
Pirka	transcription	Pirká	roma	HU 17/2025 (IX. 3.) KIM
Pirona	transcription	Piróná	roma	HU 17/2025 (IX. 3.) KIM
Pityirinka	transcription	Pityirinká	roma	HU 17/2025 (IX. 3.) KIM
Poti	transcription	Póti	roma	HU 17/2025 (IX. 3.) KIM
Pubi	transcription	Pubi	roma	HU 17/2025 (IX. 3.) KIM
Puna	transcription	Puná	roma	HU 17/2025 (IX. 3.) KIM
Pura	transcription	Purá	roma	HU 17/2025 (IX. 3.) KIM
Purkano	transcription	Purkáno	roma	HU 17/2025 (IX. 3.) KIM
Pusha	transcription	Pusá	roma	HU 17/2025 (IX. 3.) KIM
Rada	transcription	Rádá	roma	HU 17/2025 (IX. 3.) KIM
Radavica	transcription	Rádávicá	roma	HU 17/2025 (IX. 3.) KIM
Rahel	equivalent	Ráhel	roma	HU 17/2025 (IX. 3.) KIM
Rahel	transcription	Ráhel	roma	HU 17/2025 (IX. 3.) KIM
Raji	transcription	Ráji	roma	HU 17/2025 (IX. 3.) KIM
Ramona	equivalent	Ramóna	roma	HU 17/2025 (IX. 3.) KIM
Ramona	transcription	Rámóná	roma	HU 17/2025 (IX. 3.) KIM
Rani	transcription	Ráni	roma	HU 17/2025 (IX. 3.) KIM
Ranika	transcription	Rányiká	roma	HU 17/2025 (IX. 3.) KIM
Rebeka	equivalent	Rebeka	roma	HU 17/2025 (IX. 3.) KIM
Rebeka	transcription	Rebeká	roma	HU 17/2025 (IX. 3.) KIM
Renata	equivalent	Renáta	roma	HU 17/2025 (IX. 3.) KIM
Renata	transcription	Renáta	roma	HU 17/2025 (IX. 3.) KIM
Rezi	transcription	Rézi	roma	HU 17/2025 (IX. 3.) KIM
Ribizla	transcription	Ribizlá	roma	HU 17/2025 (IX. 3.) KIM
Richard	equivalent	Richárd	roma	HU 17/2025 (IX. 3.) KIM
Richard	transcription	Richárd	roma	HU 17/2025 (IX. 3.) KIM
Rinach	transcription	Rinács	roma	HU 17/2025 (IX. 3.) KIM
Rita	equivalent	Rita	roma	HU 17/2025 (IX. 3.) KIM
Rita	transcription	Ritá	roma	HU 17/2025 (IX. 3.) KIM
Rogozhana	transcription	Rogozsáná	roma	HU 17/2025 (IX. 3.) KIM
Romka	transcription	Romká	roma	HU 17/2025 (IX. 3.) KIM
Ronald	equivalent	Ronald	roma	HU 17/2025 (IX. 3.) KIM
Ronald	transcription	Ronáld	roma	HU 17/2025 (IX. 3.) KIM
Ronaldo	equivalent	Ronaldó	roma	HU 17/2025 (IX. 3.) KIM
Ronaldo	transcription	Ronáldó	roma	HU 17/2025 (IX. 3.) KIM
Roza	equivalent	Róza	roma	HU 17/2025 (IX. 3.) KIM
Roza	transcription	Rózá	roma	HU 17/2025 (IX. 3.) KIM
Rozalia	equivalent	Rozália	roma	HU 17/2025 (IX. 3.) KIM
Rozalia	transcription	Rozáliá	roma	HU 17/2025 (IX. 3.) KIM
Rozalinda	equivalent	Rozalinda	roma	HU 17/2025 (IX. 3.) KIM
Rozalinda	transcription	Rozalindá	roma	HU 17/2025 (IX. 3.) KIM
Rromano	transcription	Rrománo	roma	HU 17/2025 (IX. 3.) KIM
Rubin	transcription	Rubin	roma	HU 17/2025 (IX. 3.) KIM
Rudolf	equivalent	Rudolf	roma	HU 17/2025 (IX. 3.) KIM
Rudolf	transcription	Rudolf	roma	HU 17/2025 (IX. 3.) KIM
Rufina	transcription	Rufiná	roma	HU 17/2025 (IX. 3.) KIM
Rukh	transcription	Rukh	roma	HU 17/2025 (IX. 3.) KIM
Rupa	transcription	Rupá	roma	HU 17/2025 (IX. 3.) KIM
Rupert	equivalent	Rupert	roma	HU 17/2025 (IX. 3.) KIM
Rupert	transcription	Rupert	roma	HU 17/2025 (IX. 3.) KIM
Rupi	transcription	Rupi	roma	HU 17/2025 (IX. 3.) KIM
Ruzha	equivalent	Rózsa	roma	HU 17/2025 (IX. 3.) KIM
Ruzha	transcription	Rúzsá	roma	HU 17/2025 (IX. 3.) KIM
Sabina	equivalent	Szabina	roma	HU 17/2025 (IX. 3.) KIM
Sabina	transcription	Szábiná	roma	HU 17/2025 (IX. 3.) KIM
Saja	transcription	Szájá	roma	HU 17/2025 (IX. 3.) KIM
Salomea	equivalent	Szálomé	roma	HU 17/2025 (IX. 3.) KIM
Salomea	transcription	Száloméa	roma	HU 17/2025 (IX. 3.) KIM
Sandra	equivalent	Szandra	roma	HU 17/2025 (IX. 3.) KIM
Sandra	transcription	Szándrá	roma	HU 17/2025 (IX. 3.) KIM
Santina	transcription	Szántiná	roma	HU 17/2025 (IX. 3.) KIM
Sarenkam	transcription	Szárenkám	roma	HU 17/2025 (IX. 3.) KIM
Sastan	transcription	Szásztán	roma	HU 17/2025 (IX. 3.) KIM
Savulo	transcription	Szávuló	roma	HU 17/2025 (IX. 3.) KIM
Sebastian	equivalent	Szebasztián	roma	HU 17/2025 (IX. 3.) KIM
Sebastian	transcription	Szebasztián	roma	HU 17/2025 (IX. 3.) KIM
Selim	transcription	Szelim	roma	HU 17/2025 (IX. 3.) KIM
Sella	transcription	Szellá	roma	HU 17/2025 (IX. 3.) KIM
Seraf	transcription	Szeráf	roma	HU 17/2025 (IX. 3.) KIM
Serena	equivalent	Szeréna	roma	HU 17/2025 (IX. 3.) KIM
Serena	transcription	Szeréná	roma	HU 17/2025 (IX. 3.) KIM
Serga	transcription	Szergá	roma	HU 17/2025 (IX. 3.) KIM
Shagar	transcription	Ságár	roma	HU 17/2025 (IX. 3.) KIM
Shaji	transcription	Sáji	roma	HU 17/2025 (IX. 3.) KIM
Shalamon	equivalent	Salamon	roma	HU 17/2025 (IX. 3.) KIM
Shalamon	transcription	Salamon	roma	HU 17/2025 (IX. 3.) KIM
Shalom	transcription	Sálom	roma	HU 17/2025 (IX. 3.) KIM
Shana	transcription	Sáná	roma	HU 17/2025 (IX. 3.) KIM
Shand	transcription	Sánd	roma	HU 17/2025 (IX. 3.) KIM
Shandan	transcription	Sándán	roma	HU 17/2025 (IX. 3.) KIM
Shandor	equivalent	Sándor	roma	HU 17/2025 (IX. 3.) KIM
Shandor	transcription	Sándor	roma	HU 17/2025 (IX. 3.) KIM
Sharolta	equivalent	Sarolta	roma	HU 17/2025 (IX. 3.) KIM
Sharolta	transcription	Sároltá	roma	HU 17/2025 (IX. 3.) KIM
Shebők	equivalent	Sebők	roma	HU 17/2025 (IX. 3.) KIM
Shebők	transcription	Sebők	roma	HU 17/2025 (IX. 3.) KIM
Shejka	transcription	Sejká	roma	HU 17/2025 (IX. 3.) KIM
Sherlago	transcription	Serlágo	roma	HU 17/2025 (IX. 3.) KIM
Shibi	transcription	Sibi	roma	HU 17/2025 (IX. 3.) KIM
Shimon	equivalent	Simon	roma	HU 17/2025 (IX. 3.) KIM
Shimon	transcription	Simon	roma	HU 17/2025 (IX. 3.) KIM
Shoshoj	transcription	Sosoj	roma	HU 17/2025 (IX. 3.) KIM
Shpiro	transcription	Spíro	roma	HU 17/2025 (IX. 3.) KIM
Shukan	transcription	Sukán	roma	HU 17/2025 (IX. 3.) KIM
Shulo	transcription	Sulo	roma	HU 17/2025 (IX. 3.) KIM
Silinka	transcription	Szilinká	roma	HU 17/2025 (IX. 3.) KIM
Silvester	equivalent	Szilveszter	roma	HU 17/2025 (IX. 3.) KIM
Silvester	transcription	Szilveszter	roma	HU 17/2025 (IX. 3.) KIM
Silvia	equivalent	Szilvia	roma	HU 17/2025 (IX. 3.) KIM
Silvia	transcription	Szilviá	roma	HU 17/2025 (IX. 3.) KIM
Sima	transcription	Szimá	roma	HU 17/2025 (IX. 3.) KIM
Sira	transcription	Szírá	roma	HU 17/2025 (IX. 3.) KIM
Snezira	transcription	Snezira	roma	HU 17/2025 (IX. 3.) KIM
Sobolo	transcription	Szobólo	roma	HU 17/2025 (IX. 3.) KIM
Somnak	transcription	Szomnák	roma	HU 17/2025 (IX. 3.) KIM
Stella	equivalent	Sztella	roma	HU 17/2025 (IX. 3.) KIM
Stella	transcription	Sztellá	roma	HU 17/2025 (IX. 3.) KIM
Stojko	transcription	Sztojko	roma	HU 17/2025 (IX. 3.) KIM
Suminka	transcription	Szuminká	roma	HU 17/2025 (IX. 3.) KIM
Sumnal	transcription	Szumnál	roma	HU 17/2025 (IX. 3.) KIM
Sundal	transcription	Szundál	roma	HU 17/2025 (IX. 3.) KIM
Szabolch	equivalent	Szabolcs	roma	HU 17/2025 (IX. 3.) KIM
Talia	equivalent	Tália	roma	HU 17/2025 (IX. 3.) KIM
Talia	transcription	Táliá	roma	HU 17/2025 (IX. 3.) KIM
Tamara	equivalent	Tamara	roma	HU 17/2025 (IX. 3.) KIM
Tamara	transcription	Támárá	roma	HU 17/2025 (IX. 3.) KIM
Tamash	equivalent	Tamás	roma	HU 17/2025 (IX. 3.) KIM
Tanosh	transcription	Tános	roma	HU 17/2025 (IX. 3.) KIM
Taraz	transcription	Táráz	roma	HU 17/2025 (IX. 3.) KIM
Tari	transcription	Tári	roma	HU 17/2025 (IX. 3.) KIM
Terajna	transcription	Terájná	roma	HU 17/2025 (IX. 3.) KIM
Terena	transcription	Terená	roma	HU 17/2025 (IX. 3.) KIM
Tereza	equivalent	Tereza	roma	HU 17/2025 (IX. 3.) KIM
Tereza	transcription	Terezá	roma	HU 17/2025 (IX. 3.) KIM
Terezia	equivalent	Terézia	roma	HU 17/2025 (IX. 3.) KIM
Terezia	transcription	Teréziá	roma	HU 17/2025 (IX. 3.) KIM
Terka	equivalent	Terka	roma	HU 17/2025 (IX. 3.) KIM
Terka	transcription	Terká	roma	HU 17/2025 (IX. 3.) KIM
Ternexar	transcription	Ternehhár	roma	HU 17/2025 (IX. 3.) KIM
Teshan	transcription	Tesán	roma	HU 17/2025 (IX. 3.) KIM
Teshin	transcription	Tésin	roma	HU 17/2025 (IX. 3.) KIM
Thagar	transcription	Thágár	roma	HU 17/2025 (IX. 3.) KIM
Tibor	equivalent	Tibor	roma	HU 17/2025 (IX. 3.) KIM
Tibor	transcription	Tibor	roma	HU 17/2025 (IX. 3.) KIM
Tila	transcription	Tilá	roma	HU 17/2025 (IX. 3.) KIM
Timea	equivalent	Timea	roma	HU 17/2025 (IX. 3.) KIM
Timea	transcription	Timeá	roma	HU 17/2025 (IX. 3.) KIM
Tinka	equivalent	Tinka	roma	HU 17/2025 (IX. 3.) KIM
Tinka	transcription	Tinká	roma	HU 17/2025 (IX. 3.) KIM
Titiri	transcription	Titiri	roma	HU 17/2025 (IX. 3.) KIM
Tivadar	equivalent	Tivadar	roma	HU 17/2025 (IX. 3.) KIM
Tivadar	transcription	Tivadar	roma	HU 17/2025 (IX. 3.) KIM
Todi	transcription	Tódi	roma	HU 17/2025 (IX. 3.) KIM
Toma	transcription	Tomá	roma	HU 17/2025 (IX. 3.) KIM
Toni	equivalent	Tóni	roma	HU 17/2025 (IX. 3.) KIM
Toni	transcription	Tóni	roma	HU 17/2025 (IX. 3.) KIM
Tosha	transcription	Tósá	roma	HU 17/2025 (IX. 3.) KIM
Trifulo	transcription	Trifulo	roma	HU 17/2025 (IX. 3.) KIM
Trojano	transcription	Trojáno	roma	HU 17/2025 (IX. 3.) KIM
Troka	transcription	Tróká	roma	HU 17/2025 (IX. 3.) KIM
Tula	transcription	Túlá	roma	HU 17/2025 (IX. 3.) KIM
Tünde	equivalent	Tünde	roma	HU 17/2025 (IX. 3.) KIM
Tünde	transcription	Tünde	roma	HU 17/2025 (IX. 3.) KIM
Urlan	transcription	Urlán	roma	HU 17/2025 (IX. 3.) KIM
Uzhan	transcription	Uzsán	roma	HU 17/2025 (IX. 3.) KIM
Vaja	transcription	Vájá	roma	HU 17/2025 (IX. 3.) KIM
Valentina	equivalent	Valentina	roma	HU 17/2025 (IX. 3.) KIM
Valentina	transcription	Válentiná	roma	HU 17/2025 (IX. 3.) KIM
Valeria	equivalent	Valéria	roma	HU 17/2025 (IX. 3.) KIM
Valeria	transcription	Válériá	roma	HU 17/2025 (IX. 3.) KIM
Valter	equivalent	Valter	roma	HU 17/2025 (IX. 3.) KIM
Valter	transcription	Válter	roma	HU 17/2025 (IX. 3.) KIM
Vanda	equivalent	Vanda	roma	HU 17/2025 (IX. 3.) KIM
Vanda	transcription	Vándá	roma	HU 17/2025 (IX. 3.) KIM
Vanga	transcription	Vángá	roma	HU 17/2025 (IX. 3.) KIM
Vanila	transcription	Vánilá	roma	HU 17/2025 (IX. 3.) KIM
Vanka	transcription	Vánká	roma	HU 17/2025 (IX. 3.) KIM
Vaso	transcription	Vászo	roma	HU 17/2025 (IX. 3.) KIM
Vencel	equivalent	Vencel	roma	HU 17/2025 (IX. 3.) KIM
Vencel	transcription	Vencel	roma	HU 17/2025 (IX. 3.) KIM
Vera	equivalent	Vera	roma	HU 17/2025 (IX. 3.) KIM
Vera	transcription	Verá	roma	HU 17/2025 (IX. 3.) KIM
Veronika	equivalent	Veronika	roma	HU 17/2025 (IX. 3.) KIM
Veronika	transcription	Veriniká	roma	HU 17/2025 (IX. 3.) KIM
Veronka	equivalent	Veronka	roma	HU 17/2025 (IX. 3.) KIM
Veronka	transcription	Veronká	roma	HU 17/2025 (IX. 3.) KIM
Vesho	transcription	Véso	roma	HU 17/2025 (IX. 3.) KIM
Vidzhaj	transcription	Vidzsáj	roma	HU 17/2025 (IX. 3.) KIM
Viktor	equivalent	Viktor	roma	HU 17/2025 (IX. 3.) KIM
Viktor	transcription	Viktor	roma	HU 17/2025 (IX. 3.) KIM
Viktoria	equivalent	Viktória	roma	HU 17/2025 (IX. 3.) KIM
Viktoria	transcription	Viktóriá	roma	HU 17/2025 (IX. 3.) KIM
Vilmosh	equivalent	Vilmos	roma	HU 17/2025 (IX. 3.) KIM
Vilmosh	transcription	Vilmos	roma	HU 17/2025 (IX. 3.) KIM
Vince	equivalent	Vince	roma	HU 17/2025 (IX. 3.) KIM
Vince	transcription	Vince	roma	HU 17/2025 (IX. 3.) KIM
Vinda	transcription	Vindá	roma	HU 17/2025 (IX. 3.) KIM
Viola	equivalent	Viola	roma	HU 17/2025 (IX. 3.) KIM
Viola	transcription	Violá	roma	HU 17/2025 (IX. 3.) KIM
Vivien	equivalent	Vivien	roma	HU 17/2025 (IX. 3.) KIM
Vivien	transcription	Vivien	roma	HU 17/2025 (IX. 3.) KIM
Vojniko	transcription	Vojniko	roma	HU 17/2025 (IX. 3.) KIM
Vosho	transcription	Voso	roma	HU 17/2025 (IX. 3.) KIM
Vova	transcription	Vová	roma	HU 17/2025 (IX. 3.) KIM
Xaing	transcription	Hháing	roma	HU 17/2025 (IX. 3.) KIM
Xilia	transcription	Hhiliá	roma	HU 17/2025 (IX. 3.) KIM
Xilka	transcription	Hhilká	roma	HU 17/2025 (IX. 3.) KIM
Xrustalo	transcription	Hhrustalo	roma	HU 17/2025 (IX. 3.) KIM
Xuta	transcription	Hhutá	roma	HU 17/2025 (IX. 3.) KIM
Zagi	equivalent	Ági	roma	HU 17/2025 (IX. 3.) KIM
Zagi	transcription	Zági	roma	HU 17/2025 (IX. 3.) KIM
Zamfira	transcription	Zámfírá	roma	HU 17/2025 (IX. 3.) KIM
Zana	transcription	Záná	roma	HU 17/2025 (IX. 3.) KIM
Zeja	transcription	Zejá	roma	HU 17/2025 (IX. 3.) KIM
Zelen	transcription	Zelen	roma	HU 17/2025 (IX. 3.) KIM
Zenobia	equivalent	Zenobia	roma	HU 17/2025 (IX. 3.) KIM
Zenobia	transcription	Zenobiá	roma	HU 17/2025 (IX. 3.) KIM
Zerfi	transcription	Zerfi	roma	HU 17/2025 (IX. 3.) KIM
Zhanett	equivalent	Zsanett	roma	HU 17/2025 (IX. 3.) KIM
Zhanett	transcription	Zsánett	roma	HU 17/2025 (IX. 3.) KIM
Zhelyka	transcription	Zselyká	roma	HU 17/2025 (IX. 3.) KIM
Zhelyko	transcription	Zselyko	roma	HU 17/2025 (IX. 3.) KIM
Zhigmond	equivalent	Zsigmond	roma	HU 17/2025 (IX. 3.) KIM
Zhigmond	transcription	Zsigmond	roma	HU 17/2025 (IX. 3.) KIM
Zhofi	equivalent	Zsófi	roma	HU 17/2025 (IX. 3.) KIM
Zhofi	transcription	Zsófi	roma	HU 17/2025 (IX. 3.) KIM
Zholt	equivalent	Zsolt	roma	HU 17/2025 (IX. 3.) KIM
Zholt	transcription	Zsolt	roma	HU 17/2025 (IX. 3.) KIM
Zhubrik	transcription	Zsubrik	roma	HU 17/2025 (IX. 3.) KIM
Zhuna	transcription	Zsuná	roma	HU 17/2025 (IX. 3.) KIM
Zhuno	transcription	Zsuno	roma	HU 17/2025 (IX. 3.) KIM
Zhuzha	equivalent	Zsuzsa	roma	HU 17/2025 (IX. 3.) KIM
Zhuzha	transcription	Zsuzsá	roma	HU 17/2025 (IX. 3.) KIM
Zhuzhanna	equivalent	Zsuzsanna	roma	HU 17/2025 (IX. 3.) KIM
Zhuzhanna	transcription	Zsuzsánná	roma	HU 17/2025 (IX. 3.) KIM
Zlacho	transcription	Zlácsó	roma	HU 17/2025 (IX. 3.) KIM
Zlotari	transcription	Zlotári	roma	HU 17/2025 (IX. 3.) KIM
Zobar	transcription	Zobár	roma	HU 17/2025 (IX. 3.) KIM
Zoga	transcription	Zogá	roma	HU 17/2025 (IX. 3.) KIM
Zoina	transcription	Zoiná	roma	HU 17/2025 (IX. 3.) KIM
Zoltan	equivalent	Zoltán	roma	HU 17/2025 (IX. 3.) KIM
Zoltan	transcription	Zoltán	roma	HU 17/2025 (IX. 3.) KIM
Zoral	transcription	Zorál	roma	HU 17/2025 (IX. 3.) KIM
Zorani	transcription	Zorányi	roma	HU 17/2025 (IX. 3.) KIM
Zumrud	transcription	Zumrud	roma	HU 17/2025 (IX. 3.) KIM
Abel	equivalent	Ábel	romanian	HU 18/2025 (IX. 3.) KIM
Achilina	equivalent	Akilina	romanian	HU 18/2025 (IX. 3.) KIM
Achim	equivalent	Ákim	romanian	HU 18/2025 (IX. 3.) KIM
Acvilina	equivalent	Akilina	romanian	HU 18/2025 (IX. 3.) KIM
Adam	equivalent	Ádám	romanian	HU 18/2025 (IX. 3.) KIM
Adela	equivalent	Adél	romanian	HU 18/2025 (IX. 3.) KIM
Adrian	equivalent	Adrián	romanian	HU 18/2025 (IX. 3.) KIM
Adriana	equivalent	Adriána	romanian	HU 18/2025 (IX. 3.) KIM
Afina	equivalent	Áfonya	romanian	HU 18/2025 (IX. 3.) KIM
Afrodita	equivalent	Afrodité	romanian	HU 18/2025 (IX. 3.) KIM
Agata	equivalent	Agáta	romanian	HU 18/2025 (IX. 3.) KIM
Agatha	equivalent	Agáta	romanian	HU 18/2025 (IX. 3.) KIM
Aglaia	equivalent	Aglája	romanian	HU 18/2025 (IX. 3.) KIM
Agnes	equivalent	Ágnes	romanian	HU 18/2025 (IX. 3.) KIM
Agnesa	equivalent	Ágnes	romanian	HU 18/2025 (IX. 3.) KIM
Ahile	equivalent	Ahillész	romanian	HU 18/2025 (IX. 3.) KIM
Alecu	equivalent	Alek	romanian	HU 18/2025 (IX. 3.) KIM
Alessia	equivalent	Alesszia	romanian	HU 18/2025 (IX. 3.) KIM
Alexandru	equivalent	Sándor	romanian	HU 18/2025 (IX. 3.) KIM
Alexe	equivalent	Alex	romanian	HU 18/2025 (IX. 3.) KIM
Alice	equivalent	Alicia	romanian	HU 18/2025 (IX. 3.) KIM
Alin	equivalent	Alen	romanian	HU 18/2025 (IX. 3.) KIM
Alisa	equivalent	Alissza	romanian	HU 18/2025 (IX. 3.) KIM
Aloisa	equivalent	Alojza	romanian	HU 18/2025 (IX. 3.) KIM
Aloiz	equivalent	Alajos	romanian	HU 18/2025 (IX. 3.) KIM
Alunica	equivalent	Mogyoró	romanian	HU 18/2025 (IX. 3.) KIM
Amalia	equivalent	Amália	romanian	HU 18/2025 (IX. 3.) KIM
Ambrosia	equivalent	Ambrózia	romanian	HU 18/2025 (IX. 3.) KIM
Ambrosie	equivalent	Ambrus	romanian	HU 18/2025 (IX. 3.) KIM
Ambrozie	equivalent	Ambrus	romanian	HU 18/2025 (IX. 3.) KIM
Amedeea	equivalent	Amadea	romanian	HU 18/2025 (IX. 3.) KIM
Amedeia	equivalent	Amadea	romanian	HU 18/2025 (IX. 3.) KIM
Amelia	equivalent	Amélia	romanian	HU 18/2025 (IX. 3.) KIM
Amos	equivalent	Ámos	romanian	HU 18/2025 (IX. 3.) KIM
Ana	equivalent	Anna	romanian	HU 18/2025 (IX. 3.) KIM
Anamaria	equivalent	Annamária	romanian	HU 18/2025 (IX. 3.) KIM
Anastasia	equivalent	Anasztázia	romanian	HU 18/2025 (IX. 3.) KIM
Anastasie	equivalent	Anasztáz	romanian	HU 18/2025 (IX. 3.) KIM
Anastasiu	equivalent	Anasztáz	romanian	HU 18/2025 (IX. 3.) KIM
Anca	equivalent	Anka	romanian	HU 18/2025 (IX. 3.) KIM
Andreea	equivalent	Andrea	romanian	HU 18/2025 (IX. 3.) KIM
Andrei	equivalent	András	romanian	HU 18/2025 (IX. 3.) KIM
Andronic	equivalent	Andor	romanian	HU 18/2025 (IX. 3.) KIM
Andronie	equivalent	Andor	romanian	HU 18/2025 (IX. 3.) KIM
Aneta	equivalent	Anéta	romanian	HU 18/2025 (IX. 3.) KIM
Aneza	equivalent	Anisza	romanian	HU 18/2025 (IX. 3.) KIM
Anfisa	equivalent	Ánfissza	romanian	HU 18/2025 (IX. 3.) KIM
Angel	equivalent	Angelus	romanian	HU 18/2025 (IX. 3.) KIM
Angela	equivalent	Angéla	romanian	HU 18/2025 (IX. 3.) KIM
Angelica	equivalent	Angelika	romanian	HU 18/2025 (IX. 3.) KIM
Angelo	equivalent	Andzseló	romanian	HU 18/2025 (IX. 3.) KIM
Anghel	equivalent	Angelus	romanian	HU 18/2025 (IX. 3.) KIM
Anghelina	equivalent	Angelina	romanian	HU 18/2025 (IX. 3.) KIM
Anghelita	equivalent	Angyalka	romanian	HU 18/2025 (IX. 3.) KIM
Anghelita	transcription	Anghelica	romanian	HU 18/2025 (IX. 3.) KIM
Angheluta	equivalent	Angyalka	romanian	HU 18/2025 (IX. 3.) KIM
Angheluta	transcription	Angheluca	romanian	HU 18/2025 (IX. 3.) KIM
Anica	equivalent	Anika	romanian	HU 18/2025 (IX. 3.) KIM
Anisia	equivalent	Aniszia	romanian	HU 18/2025 (IX. 3.) KIM
Anisie	equivalent	Aníziusz	romanian	HU 18/2025 (IX. 3.) KIM
Anisoara	equivalent	Kisanna	romanian	HU 18/2025 (IX. 3.) KIM
Anisoara	transcription	Anisoara	romanian	HU 18/2025 (IX. 3.) KIM
Antigona	equivalent	Antigoné	romanian	HU 18/2025 (IX. 3.) KIM
Antoaneta	equivalent	Antonietta	romanian	HU 18/2025 (IX. 3.) KIM
Antonela	equivalent	Antonella	romanian	HU 18/2025 (IX. 3.) KIM
Antoneta	equivalent	Antonietta	romanian	HU 18/2025 (IX. 3.) KIM
Antonia	equivalent	Antónia	romanian	HU 18/2025 (IX. 3.) KIM
Antonie	equivalent	Anton	romanian	HU 18/2025 (IX. 3.) KIM
Antonio	equivalent	Antónió	romanian	HU 18/2025 (IX. 3.) KIM
Antoniu	equivalent	Antonió	romanian	HU 18/2025 (IX. 3.) KIM
Apolinar	equivalent	Apollinár	romanian	HU 18/2025 (IX. 3.) KIM
Apolinaria	equivalent	Apollinária	romanian	HU 18/2025 (IX. 3.) KIM
Apolo	equivalent	Apolló	romanian	HU 18/2025 (IX. 3.) KIM
Apolon	equivalent	Apolló	romanian	HU 18/2025 (IX. 3.) KIM
Apolonia	equivalent	Apollónia	romanian	HU 18/2025 (IX. 3.) KIM
Arabela	equivalent	Arabella	romanian	HU 18/2025 (IX. 3.) KIM
Arcadie	equivalent	Árkád	romanian	HU 18/2025 (IX. 3.) KIM
Areta	equivalent	Arietta	romanian	HU 18/2025 (IX. 3.) KIM
Ariadna	equivalent	Ariadné	romanian	HU 18/2025 (IX. 3.) KIM
Arian	equivalent	Arián	romanian	HU 18/2025 (IX. 3.) KIM
Aristid	equivalent	Arisztid	romanian	HU 18/2025 (IX. 3.) KIM
Aristide	equivalent	Arisztid	romanian	HU 18/2025 (IX. 3.) KIM
Aron	equivalent	Áron	romanian	HU 18/2025 (IX. 3.) KIM
Arsenia	equivalent	Arzénia	romanian	HU 18/2025 (IX. 3.) KIM
Arsenie	equivalent	Árszen	romanian	HU 18/2025 (IX. 3.) KIM
Artemia	equivalent	Artemisz	romanian	HU 18/2025 (IX. 3.) KIM
Artemie	equivalent	Artem	romanian	HU 18/2025 (IX. 3.) KIM
Artemisia	equivalent	Artemízia	romanian	HU 18/2025 (IX. 3.) KIM
Artur	equivalent	Artúr	romanian	HU 18/2025 (IX. 3.) KIM
Arvinte	equivalent	Árvin	romanian	HU 18/2025 (IX. 3.) KIM
Aspasia	equivalent	Aszpázia	romanian	HU 18/2025 (IX. 3.) KIM
Atanasia	equivalent	Atanázia	romanian	HU 18/2025 (IX. 3.) KIM
Atanasie	equivalent	Atanáz	romanian	HU 18/2025 (IX. 3.) KIM
Atena	equivalent	Aténa	romanian	HU 18/2025 (IX. 3.) KIM
August	equivalent	Auguszt	romanian	HU 18/2025 (IX. 3.) KIM
Augusta	equivalent	Auguszta	romanian	HU 18/2025 (IX. 3.) KIM
Augustin	equivalent	Augusztin	romanian	HU 18/2025 (IX. 3.) KIM
Augustina	equivalent	Augusztina	romanian	HU 18/2025 (IX. 3.) KIM
Aurel	equivalent	Aurél	romanian	HU 18/2025 (IX. 3.) KIM
Aurelia	equivalent	Aurélia	romanian	HU 18/2025 (IX. 3.) KIM
Aurelian	equivalent	Aurélián	romanian	HU 18/2025 (IX. 3.) KIM
Aureliu	equivalent	Aurél	romanian	HU 18/2025 (IX. 3.) KIM
Aurora	equivalent	Auróra	romanian	HU 18/2025 (IX. 3.) KIM
Avraam	equivalent	Ábrám	romanian	HU 18/2025 (IX. 3.) KIM
Avram	equivalent	Ábrám	romanian	HU 18/2025 (IX. 3.) KIM
Baldovin	equivalent	Baldvin	romanian	HU 18/2025 (IX. 3.) KIM
Baltazar	equivalent	Baltazár	romanian	HU 18/2025 (IX. 3.) KIM
Barabas	equivalent	Barabás	romanian	HU 18/2025 (IX. 3.) KIM
Barabas	transcription	Barabas	romanian	HU 18/2025 (IX. 3.) KIM
Bartolomeu	equivalent	Bertalan	romanian	HU 18/2025 (IX. 3.) KIM
Beatrice	equivalent	Beatricse	romanian	HU 18/2025 (IX. 3.) KIM
Bela	equivalent	Bella	romanian	HU 18/2025 (IX. 3.) KIM
Belizarie	equivalent	Belizár	romanian	HU 18/2025 (IX. 3.) KIM
Benedict	equivalent	Benedek	romanian	HU 18/2025 (IX. 3.) KIM
Beniamin	equivalent	Benjámin	romanian	HU 18/2025 (IX. 3.) KIM
Benone	equivalent	Bennó	romanian	HU 18/2025 (IX. 3.) KIM
Bernadeta	equivalent	Bernadetta	romanian	HU 18/2025 (IX. 3.) KIM
Bernard	equivalent	Bernárd	romanian	HU 18/2025 (IX. 3.) KIM
Bianca	equivalent	Bianka	romanian	HU 18/2025 (IX. 3.) KIM
Bibiana	equivalent	Bibiána	romanian	HU 18/2025 (IX. 3.) KIM
Blaziu	equivalent	Balázs	romanian	HU 18/2025 (IX. 3.) KIM
Bogdan	equivalent	Bogdán	romanian	HU 18/2025 (IX. 3.) KIM
Bogdana	equivalent	Bogdána	romanian	HU 18/2025 (IX. 3.) KIM
Bonifaciu	equivalent	Bonifác	romanian	HU 18/2025 (IX. 3.) KIM
Bradut	transcription	Bröduc	romanian	HU 18/2025 (IX. 3.) KIM
Brandusa	equivalent	Sáfrány	romanian	HU 18/2025 (IX. 3.) KIM
Brandusa	transcription	Bründusa	romanian	HU 18/2025 (IX. 3.) KIM
Brigida	equivalent	Brigitta	romanian	HU 18/2025 (IX. 3.) KIM
Brigita	equivalent	Brigitta	romanian	HU 18/2025 (IX. 3.) KIM
Brigitte	equivalent	Brigitta	romanian	HU 18/2025 (IX. 3.) KIM
Caius	equivalent	Kájusz	romanian	HU 18/2025 (IX. 3.) KIM
Calian	equivalent	Kalin	romanian	HU 18/2025 (IX. 3.) KIM
Calian	transcription	Cölian	romanian	HU 18/2025 (IX. 3.) KIM
Caliman	transcription	Cöliman	romanian	HU 18/2025 (IX. 3.) KIM
Calin	equivalent	Kalin	romanian	HU 18/2025 (IX. 3.) KIM
Calin	transcription	Cölin	romanian	HU 18/2025 (IX. 3.) KIM
Calina	transcription	Cölina	romanian	HU 18/2025 (IX. 3.) KIM
Calinic	equivalent	Kalin	romanian	HU 18/2025 (IX. 3.) KIM
Camelia	equivalent	Kamélia	romanian	HU 18/2025 (IX. 3.) KIM
Camil	equivalent	Kamil	romanian	HU 18/2025 (IX. 3.) KIM
Camila	equivalent	Kamilla	romanian	HU 18/2025 (IX. 3.) KIM
Camilia	equivalent	Kamélia	romanian	HU 18/2025 (IX. 3.) KIM
Candid	equivalent	Kandid	romanian	HU 18/2025 (IX. 3.) KIM
Carina	equivalent	Karina	romanian	HU 18/2025 (IX. 3.) KIM
Carla	equivalent	Karla	romanian	HU 18/2025 (IX. 3.) KIM
Carmen	equivalent	Kármen	romanian	HU 18/2025 (IX. 3.) KIM
Carmina	equivalent	Kármin	romanian	HU 18/2025 (IX. 3.) KIM
Carol	equivalent	Károly	romanian	HU 18/2025 (IX. 3.) KIM
Carolina	equivalent	Karolina	romanian	HU 18/2025 (IX. 3.) KIM
Casandra	equivalent	Kasszandra	romanian	HU 18/2025 (IX. 3.) KIM
Casian	equivalent	Kasszián	romanian	HU 18/2025 (IX. 3.) KIM
Catalin	transcription	Cötölin	romanian	HU 18/2025 (IX. 3.) KIM
Catalina	equivalent	Katalina	romanian	HU 18/2025 (IX. 3.) KIM
Catalina	transcription	Cötölina	romanian	HU 18/2025 (IX. 3.) KIM
Catrinel	equivalent	Katrina	romanian	HU 18/2025 (IX. 3.) KIM
Cazimir	equivalent	Kazimír	romanian	HU 18/2025 (IX. 3.) KIM
Cecilia	equivalent	Cecília	romanian	HU 18/2025 (IX. 3.) KIM
Cecilian	equivalent	Cecilián	romanian	HU 18/2025 (IX. 3.) KIM
Celestin	equivalent	Celesztin	romanian	HU 18/2025 (IX. 3.) KIM
Celestina	equivalent	Celesztina	romanian	HU 18/2025 (IX. 3.) KIM
Cezar	equivalent	Cézár	romanian	HU 18/2025 (IX. 3.) KIM
Cezara	equivalent	Cezarin	romanian	HU 18/2025 (IX. 3.) KIM
Chiara	equivalent	Kiara	romanian	HU 18/2025 (IX. 3.) KIM
Chira	equivalent	Kira	romanian	HU 18/2025 (IX. 3.) KIM
Chiriac	equivalent	Cirják	romanian	HU 18/2025 (IX. 3.) KIM
Chiril	equivalent	Kirill	romanian	HU 18/2025 (IX. 3.) KIM
Ciprian	equivalent	Ciprián	romanian	HU 18/2025 (IX. 3.) KIM
Cipriana	equivalent	Cipriána	romanian	HU 18/2025 (IX. 3.) KIM
Clara	equivalent	Klára	romanian	HU 18/2025 (IX. 3.) KIM
Clarisa	equivalent	Klarissza	romanian	HU 18/2025 (IX. 3.) KIM
Claudia	equivalent	Klaudia	romanian	HU 18/2025 (IX. 3.) KIM
Claudiu	equivalent	Klaudiusz	romanian	HU 18/2025 (IX. 3.) KIM
Clement	equivalent	Kelemen	romanian	HU 18/2025 (IX. 3.) KIM
Clementina	equivalent	Klementina	romanian	HU 18/2025 (IX. 3.) KIM
Cleopatra	equivalent	Kleopátra	romanian	HU 18/2025 (IX. 3.) KIM
Clotilda	equivalent	Klotild	romanian	HU 18/2025 (IX. 3.) KIM
Codrat	equivalent	Kovrat	romanian	HU 18/2025 (IX. 3.) KIM
Codrut	transcription	Codruc	romanian	HU 18/2025 (IX. 3.) KIM
Codruta	transcription	Codruca	romanian	HU 18/2025 (IX. 3.) KIM
Coleta	equivalent	Koletta	romanian	HU 18/2025 (IX. 3.) KIM
Colin	equivalent	Kolin	romanian	HU 18/2025 (IX. 3.) KIM
Constandin	equivalent	Konstantin	romanian	HU 18/2025 (IX. 3.) KIM
Constandina	equivalent	Konstantina	romanian	HU 18/2025 (IX. 3.) KIM
Constanta	equivalent	Konstancia	romanian	HU 18/2025 (IX. 3.) KIM
Constanta	transcription	Constanca	romanian	HU 18/2025 (IX. 3.) KIM
Constantin	equivalent	Konstantin	romanian	HU 18/2025 (IX. 3.) KIM
Constantina	equivalent	Konstantina	romanian	HU 18/2025 (IX. 3.) KIM
Coralia	equivalent	Korália	romanian	HU 18/2025 (IX. 3.) KIM
Corina	equivalent	Korina	romanian	HU 18/2025 (IX. 3.) KIM
Coriolan	equivalent	Koriolán	romanian	HU 18/2025 (IX. 3.) KIM
Cornel	equivalent	Kornél	romanian	HU 18/2025 (IX. 3.) KIM
Cornelia	equivalent	Kornélia	romanian	HU 18/2025 (IX. 3.) KIM
Corneliu	equivalent	Kornéliusz	romanian	HU 18/2025 (IX. 3.) KIM
Corvin	equivalent	Korvin	romanian	HU 18/2025 (IX. 3.) KIM
Cosma	equivalent	Kozma	romanian	HU 18/2025 (IX. 3.) KIM
Cosmina	equivalent	Kozima	romanian	HU 18/2025 (IX. 3.) KIM
Costica	transcription	Costicö	romanian	HU 18/2025 (IX. 3.) KIM
Craciun	equivalent	Karácson	romanian	HU 18/2025 (IX. 3.) KIM
Craciun	transcription	Cröciun	romanian	HU 18/2025 (IX. 3.) KIM
Crenguta	transcription	Crenguca	romanian	HU 18/2025 (IX. 3.) KIM
Crina	equivalent	Lili	romanian	HU 18/2025 (IX. 3.) KIM
Crisan	equivalent	Krizsán	romanian	HU 18/2025 (IX. 3.) KIM
Crisan	transcription	Crisan	romanian	HU 18/2025 (IX. 3.) KIM
Crisanta	equivalent	Krizanta	romanian	HU 18/2025 (IX. 3.) KIM
Cristian	equivalent	Krisztián	romanian	HU 18/2025 (IX. 3.) KIM
Cristiana	equivalent	Krisztiána	romanian	HU 18/2025 (IX. 3.) KIM
Cristina	equivalent	Krisztina	romanian	HU 18/2025 (IX. 3.) KIM
Cristof	equivalent	Kristóf	romanian	HU 18/2025 (IX. 3.) KIM
Cristofor	equivalent	Krisztofer	romanian	HU 18/2025 (IX. 3.) KIM
Cynthia	equivalent	Cintia	romanian	HU 18/2025 (IX. 3.) KIM
Dafina	equivalent	Dafna	romanian	HU 18/2025 (IX. 3.) KIM
Daiana	equivalent	Diána	romanian	HU 18/2025 (IX. 3.) KIM
Damian	equivalent	Damián	romanian	HU 18/2025 (IX. 3.) KIM
Dan	equivalent	Dán	romanian	HU 18/2025 (IX. 3.) KIM
Dana	equivalent	Danna	romanian	HU 18/2025 (IX. 3.) KIM
Danela	equivalent	Danila	romanian	HU 18/2025 (IX. 3.) KIM
Daniel	equivalent	Dániel	romanian	HU 18/2025 (IX. 3.) KIM
Danila	equivalent	Daniló	romanian	HU 18/2025 (IX. 3.) KIM
Danila	transcription	Dönilö	romanian	HU 18/2025 (IX. 3.) KIM
Daria	equivalent	Dária	romanian	HU 18/2025 (IX. 3.) KIM
Darie	equivalent	Dárisz	romanian	HU 18/2025 (IX. 3.) KIM
Darius	equivalent	Dáriusz	romanian	HU 18/2025 (IX. 3.) KIM
David	equivalent	Dávid	romanian	HU 18/2025 (IX. 3.) KIM
Debora	equivalent	Debóra	romanian	HU 18/2025 (IX. 3.) KIM
Delia	equivalent	Délia	romanian	HU 18/2025 (IX. 3.) KIM
Demetra	equivalent	Demetria	romanian	HU 18/2025 (IX. 3.) KIM
Denis	equivalent	Denisz	romanian	HU 18/2025 (IX. 3.) KIM
Denisa	equivalent	Denisza	romanian	HU 18/2025 (IX. 3.) KIM
Desidera	equivalent	Dezidéria	romanian	HU 18/2025 (IX. 3.) KIM
Desideria	equivalent	Dezidéria	romanian	HU 18/2025 (IX. 3.) KIM
Dezideriu	equivalent	Dezsider	romanian	HU 18/2025 (IX. 3.) KIM
Diamanta	equivalent	Gyémánt	romanian	HU 18/2025 (IX. 3.) KIM
Dimitriana	equivalent	Demitrina	romanian	HU 18/2025 (IX. 3.) KIM
Dimitrie	equivalent	Demeter	romanian	HU 18/2025 (IX. 3.) KIM
Diomid	equivalent	Dioméd	romanian	HU 18/2025 (IX. 3.) KIM
Dionis	equivalent	Dénes	romanian	HU 18/2025 (IX. 3.) KIM
Dionisia	equivalent	Dionízia	romanian	HU 18/2025 (IX. 3.) KIM
Dionisie	equivalent	Dénes	romanian	HU 18/2025 (IX. 3.) KIM
Dobrita	transcription	Dobrica	romanian	HU 18/2025 (IX. 3.) KIM
Doinita	transcription	Doinica	romanian	HU 18/2025 (IX. 3.) KIM
Dominic	equivalent	Dominik	romanian	HU 18/2025 (IX. 3.) KIM
Dominica	equivalent	Dominika	romanian	HU 18/2025 (IX. 3.) KIM
Domitian	equivalent	Domicián	romanian	HU 18/2025 (IX. 3.) KIM
Domitian	transcription	Domician	romanian	HU 18/2025 (IX. 3.) KIM
Domnita	transcription	Domnica	romanian	HU 18/2025 (IX. 3.) KIM
Dora	equivalent	Dóra	romanian	HU 18/2025 (IX. 3.) KIM
Dorian	equivalent	Dorián	romanian	HU 18/2025 (IX. 3.) KIM
Doriana	equivalent	Dorina	romanian	HU 18/2025 (IX. 3.) KIM
Doris	equivalent	Dorisz	romanian	HU 18/2025 (IX. 3.) KIM
Doroteea	equivalent	Dorotea	romanian	HU 18/2025 (IX. 3.) KIM
Dragalina	transcription	Drögölina	romanian	HU 18/2025 (IX. 3.) KIM
Dragana	transcription	Drögana	romanian	HU 18/2025 (IX. 3.) KIM
Dragos	transcription	Dragos	romanian	HU 18/2025 (IX. 3.) KIM
Dumbravita	transcription	Dumbrövica	romanian	HU 18/2025 (IX. 3.) KIM
Dumitra	equivalent	Demetria	romanian	HU 18/2025 (IX. 3.) KIM
Dumitrita	transcription	Dumitrica	romanian	HU 18/2025 (IX. 3.) KIM
Dumitru	equivalent	Demeter	romanian	HU 18/2025 (IX. 3.) KIM
Ecaterina	equivalent	Ekaterina	romanian	HU 18/2025 (IX. 3.) KIM
Eda	equivalent	Edda	romanian	HU 18/2025 (IX. 3.) KIM
Edgar	equivalent	Edgár	romanian	HU 18/2025 (IX. 3.) KIM
Edita	equivalent	Edit	romanian	HU 18/2025 (IX. 3.) KIM
Eduard	equivalent	Edvárd	romanian	HU 18/2025 (IX. 3.) KIM
Efimia	equivalent	Eufémia	romanian	HU 18/2025 (IX. 3.) KIM
Efrem	equivalent	Efrém	romanian	HU 18/2025 (IX. 3.) KIM
Efrosina	equivalent	Eufrozina	romanian	HU 18/2025 (IX. 3.) KIM
Eftimia	equivalent	Eufémia	romanian	HU 18/2025 (IX. 3.) KIM
Ela	equivalent	Ella	romanian	HU 18/2025 (IX. 3.) KIM
Eleonora	equivalent	Eleonóra	romanian	HU 18/2025 (IX. 3.) KIM
Eliana	equivalent	Elina	romanian	HU 18/2025 (IX. 3.) KIM
Elias	equivalent	Éliás	romanian	HU 18/2025 (IX. 3.) KIM
Eliodor	equivalent	Heliodor	romanian	HU 18/2025 (IX. 3.) KIM
Elisa	equivalent	Elisza	romanian	HU 18/2025 (IX. 3.) KIM
Elisabeta	equivalent	Elizabet	romanian	HU 18/2025 (IX. 3.) KIM
Elisaveta	equivalent	Elizabet	romanian	HU 18/2025 (IX. 3.) KIM
Elisei	equivalent	Elizeus	romanian	HU 18/2025 (IX. 3.) KIM
Ema	equivalent	Emma	romanian	HU 18/2025 (IX. 3.) KIM
Emanoil	equivalent	Emánuel	romanian	HU 18/2025 (IX. 3.) KIM
Emanuel	equivalent	Emánuel	romanian	HU 18/2025 (IX. 3.) KIM
Emanuela	equivalent	Emanuéla	romanian	HU 18/2025 (IX. 3.) KIM
Emilia	equivalent	Emília	romanian	HU 18/2025 (IX. 3.) KIM
Emilian	equivalent	Emilián	romanian	HU 18/2025 (IX. 3.) KIM
Eracle	equivalent	Herkules	romanian	HU 18/2025 (IX. 3.) KIM
Eremia	equivalent	Jeremiás	romanian	HU 18/2025 (IX. 3.) KIM
Eric	equivalent	Erik	romanian	HU 18/2025 (IX. 3.) KIM
Erica	equivalent	Erika	romanian	HU 18/2025 (IX. 3.) KIM
Erminia	equivalent	Hermina	romanian	HU 18/2025 (IX. 3.) KIM
Ernest	equivalent	Erneszt	romanian	HU 18/2025 (IX. 3.) KIM
Ernestina	equivalent	Ernesztina	romanian	HU 18/2025 (IX. 3.) KIM
Esmeralda	equivalent	Eszmeralda	romanian	HU 18/2025 (IX. 3.) KIM
Estera	equivalent	Eszter	romanian	HU 18/2025 (IX. 3.) KIM
Eufemia	equivalent	Eufémia	romanian	HU 18/2025 (IX. 3.) KIM
Eufrosina	equivalent	Eufrozina	romanian	HU 18/2025 (IX. 3.) KIM
Eugen	equivalent	Eugén	romanian	HU 18/2025 (IX. 3.) KIM
Eugenia	equivalent	Eugénia	romanian	HU 18/2025 (IX. 3.) KIM
Eugeniu	equivalent	Eugén	romanian	HU 18/2025 (IX. 3.) KIM
Eulalia	equivalent	Eulália	romanian	HU 18/2025 (IX. 3.) KIM
Eulalie	equivalent	Eulália	romanian	HU 18/2025 (IX. 3.) KIM
Eunicea	equivalent	Euniké	romanian	HU 18/2025 (IX. 3.) KIM
Eusebia	equivalent	Euzébia	romanian	HU 18/2025 (IX. 3.) KIM
Eusebiu	equivalent	Özséb	romanian	HU 18/2025 (IX. 3.) KIM
Eustache	equivalent	Euszták	romanian	HU 18/2025 (IX. 3.) KIM
Eustatiu	equivalent	Euszták	romanian	HU 18/2025 (IX. 3.) KIM
Eustatiu	transcription	Eustaciu	romanian	HU 18/2025 (IX. 3.) KIM
Eustratie	equivalent	Euszták	romanian	HU 18/2025 (IX. 3.) KIM
Eva	equivalent	Éva	romanian	HU 18/2025 (IX. 3.) KIM
Evdochia	equivalent	Eudoxia	romanian	HU 18/2025 (IX. 3.) KIM
Ezechiel	equivalent	Ezékiel	romanian	HU 18/2025 (IX. 3.) KIM
Fabian	equivalent	Fábián	romanian	HU 18/2025 (IX. 3.) KIM
Fabiana	equivalent	Fabiána	romanian	HU 18/2025 (IX. 3.) KIM
Fabius	equivalent	Fábiusz	romanian	HU 18/2025 (IX. 3.) KIM
Fanel	transcription	Fönel	romanian	HU 18/2025 (IX. 3.) KIM
Fanica	transcription	Fönicö	romanian	HU 18/2025 (IX. 3.) KIM
Faurel	transcription	Föurel	romanian	HU 18/2025 (IX. 3.) KIM
Faustin	equivalent	Fausztusz	romanian	HU 18/2025 (IX. 3.) KIM
Faustina	equivalent	Fausztina	romanian	HU 18/2025 (IX. 3.) KIM
Felicia	equivalent	Felícia	romanian	HU 18/2025 (IX. 3.) KIM
Felician	equivalent	Felicián	romanian	HU 18/2025 (IX. 3.) KIM
Felix	equivalent	Félix	romanian	HU 18/2025 (IX. 3.) KIM
Fidel	equivalent	Fidél	romanian	HU 18/2025 (IX. 3.) KIM
Fidelia	equivalent	Fidélia	romanian	HU 18/2025 (IX. 3.) KIM
Filimon	equivalent	Filemon	romanian	HU 18/2025 (IX. 3.) KIM
Filofteia	equivalent	Filotea	romanian	HU 18/2025 (IX. 3.) KIM
Filomela	equivalent	Filoméla	romanian	HU 18/2025 (IX. 3.) KIM
Filoteea	equivalent	Filotea	romanian	HU 18/2025 (IX. 3.) KIM
Filoteia	equivalent	Filotea	romanian	HU 18/2025 (IX. 3.) KIM
Finuta	transcription	Finuca	romanian	HU 18/2025 (IX. 3.) KIM
Fiona	equivalent	Fióna	romanian	HU 18/2025 (IX. 3.) KIM
Firuta	transcription	Firuca	romanian	HU 18/2025 (IX. 3.) KIM
Flaminia	equivalent	Flamina	romanian	HU 18/2025 (IX. 3.) KIM
Flavia	equivalent	Flávia	romanian	HU 18/2025 (IX. 3.) KIM
Flavius	equivalent	Fláviusz	romanian	HU 18/2025 (IX. 3.) KIM
Floarea	equivalent	Flóra	romanian	HU 18/2025 (IX. 3.) KIM
Flora	equivalent	Flóra	romanian	HU 18/2025 (IX. 3.) KIM
Florea	equivalent	Flóris	romanian	HU 18/2025 (IX. 3.) KIM
Florenta	equivalent	Florencia	romanian	HU 18/2025 (IX. 3.) KIM
Florenta	transcription	Florenca	romanian	HU 18/2025 (IX. 3.) KIM
Florian	equivalent	Flórián	romanian	HU 18/2025 (IX. 3.) KIM
Floriana	equivalent	Florianna	romanian	HU 18/2025 (IX. 3.) KIM
Floricel	equivalent	Flóris	romanian	HU 18/2025 (IX. 3.) KIM
Francisc	equivalent	Ferenc	romanian	HU 18/2025 (IX. 3.) KIM
Francisca	equivalent	Franciska	romanian	HU 18/2025 (IX. 3.) KIM
Frederic	equivalent	Frederik	romanian	HU 18/2025 (IX. 3.) KIM
Frederica	equivalent	Frederika	romanian	HU 18/2025 (IX. 3.) KIM
Frusina	equivalent	Fruzsina	romanian	HU 18/2025 (IX. 3.) KIM
Gabriel	equivalent	Gábriel	romanian	HU 18/2025 (IX. 3.) KIM
Gabriela	equivalent	Gabriella	romanian	HU 18/2025 (IX. 3.) KIM
Gafita	transcription	Gafica	romanian	HU 18/2025 (IX. 3.) KIM
Garoafa	equivalent	Szegfű	romanian	HU 18/2025 (IX. 3.) KIM
Garofita	transcription	Garofica	romanian	HU 18/2025 (IX. 3.) KIM
Gaspar	equivalent	Gáspár	romanian	HU 18/2025 (IX. 3.) KIM
Gaston	equivalent	Gaszton	romanian	HU 18/2025 (IX. 3.) KIM
Gavril	equivalent	Gábor	romanian	HU 18/2025 (IX. 3.) KIM
Geanina	equivalent	Zsanin	romanian	HU 18/2025 (IX. 3.) KIM
Genoveva	equivalent	Genovéva	romanian	HU 18/2025 (IX. 3.) KIM
George	equivalent	György	romanian	HU 18/2025 (IX. 3.) KIM
Georgeta	equivalent	Györgyi	romanian	HU 18/2025 (IX. 3.) KIM
Ghedeon	equivalent	Gedeon	romanian	HU 18/2025 (IX. 3.) KIM
Gheorghe	equivalent	György	romanian	HU 18/2025 (IX. 3.) KIM
Gheorghina	equivalent	Georgina	romanian	HU 18/2025 (IX. 3.) KIM
Gherasim	equivalent	Geraszim	romanian	HU 18/2025 (IX. 3.) KIM
Gherghina	equivalent	Georgina	romanian	HU 18/2025 (IX. 3.) KIM
Gherman	equivalent	Germán	romanian	HU 18/2025 (IX. 3.) KIM
Ghervase	equivalent	Gerváz	romanian	HU 18/2025 (IX. 3.) KIM
Ghisela	equivalent	Gizella	romanian	HU 18/2025 (IX. 3.) KIM
Ghita	transcription	Ghicö	romanian	HU 18/2025 (IX. 3.) KIM
Gica	transcription	Gicö	romanian	HU 18/2025 (IX. 3.) KIM
Gisela	equivalent	Gizella	romanian	HU 18/2025 (IX. 3.) KIM
Gloria	equivalent	Glória	romanian	HU 18/2025 (IX. 3.) KIM
Gratian	equivalent	Gracián	romanian	HU 18/2025 (IX. 3.) KIM
Gratian	transcription	Gracian	romanian	HU 18/2025 (IX. 3.) KIM
Gratiana	equivalent	Graciána	romanian	HU 18/2025 (IX. 3.) KIM
Gratiana	transcription	Graciana	romanian	HU 18/2025 (IX. 3.) KIM
Gratiela	equivalent	Graciella	romanian	HU 18/2025 (IX. 3.) KIM
Gratiela	transcription	Graciela	romanian	HU 18/2025 (IX. 3.) KIM
Grigore	equivalent	Gergely	romanian	HU 18/2025 (IX. 3.) KIM
Grigorie	equivalent	Gergely	romanian	HU 18/2025 (IX. 3.) KIM
Hanibal	equivalent	Hannibál	romanian	HU 18/2025 (IX. 3.) KIM
Haralamb	equivalent	Harlám	romanian	HU 18/2025 (IX. 3.) KIM
Haralambie	equivalent	Harlám	romanian	HU 18/2025 (IX. 3.) KIM
Hariton	equivalent	Ariton	romanian	HU 18/2025 (IX. 3.) KIM
Henric	equivalent	Henrik	romanian	HU 18/2025 (IX. 3.) KIM
Henrieta	equivalent	Henrietta	romanian	HU 18/2025 (IX. 3.) KIM
Hiacint	equivalent	Jácint	romanian	HU 18/2025 (IX. 3.) KIM
Hipolit	equivalent	Hippolit	romanian	HU 18/2025 (IX. 3.) KIM
Horatiu	equivalent	Horáciusz	romanian	HU 18/2025 (IX. 3.) KIM
Horatiu	transcription	Horaciu	romanian	HU 18/2025 (IX. 3.) KIM
Hortensia	equivalent	Hortenzia	romanian	HU 18/2025 (IX. 3.) KIM
Iachim	equivalent	Joákim	romanian	HU 18/2025 (IX. 3.) KIM
Iacint	equivalent	Jácint	romanian	HU 18/2025 (IX. 3.) KIM
Iacob	equivalent	Jakab	romanian	HU 18/2025 (IX. 3.) KIM
Iacov	equivalent	Jakab	romanian	HU 18/2025 (IX. 3.) KIM
Iancu	equivalent	Jankó	romanian	HU 18/2025 (IX. 3.) KIM
Iasmina	equivalent	Jázmina	romanian	HU 18/2025 (IX. 3.) KIM
Ichim	equivalent	Áhim	romanian	HU 18/2025 (IX. 3.) KIM
Ieremia	equivalent	Jeremiás	romanian	HU 18/2025 (IX. 3.) KIM
Ieremie	equivalent	Jeremiás	romanian	HU 18/2025 (IX. 3.) KIM
Ieronim	equivalent	Jeromos	romanian	HU 18/2025 (IX. 3.) KIM
Ifigenia	equivalent	Ifigénia	romanian	HU 18/2025 (IX. 3.) KIM
Ignat	equivalent	Ignác	romanian	HU 18/2025 (IX. 3.) KIM
Ignatiu	equivalent	Ignác	romanian	HU 18/2025 (IX. 3.) KIM
Ignatiu	transcription	Ignaciu	romanian	HU 18/2025 (IX. 3.) KIM
Ilaria	equivalent	Hilária	romanian	HU 18/2025 (IX. 3.) KIM
Ilarie	equivalent	Hilár	romanian	HU 18/2025 (IX. 3.) KIM
Ilarion	equivalent	Ilárion	romanian	HU 18/2025 (IX. 3.) KIM
Ileana	equivalent	Ilona	romanian	HU 18/2025 (IX. 3.) KIM
Ilie	equivalent	Illés	romanian	HU 18/2025 (IX. 3.) KIM
Ilinca	equivalent	Ilka	romanian	HU 18/2025 (IX. 3.) KIM
Iliodor	equivalent	Heliodor	romanian	HU 18/2025 (IX. 3.) KIM
Inesa	equivalent	Ineszza	romanian	HU 18/2025 (IX. 3.) KIM
Inocentia	equivalent	Innocencia	romanian	HU 18/2025 (IX. 3.) KIM
Inocentia	transcription	Inocencia	romanian	HU 18/2025 (IX. 3.) KIM
Inocentiu	equivalent	Ince	romanian	HU 18/2025 (IX. 3.) KIM
Inocentiu	transcription	Inocenciu	romanian	HU 18/2025 (IX. 3.) KIM
Ioachim	equivalent	Joákim	romanian	HU 18/2025 (IX. 3.) KIM
Ioan	equivalent	János	romanian	HU 18/2025 (IX. 3.) KIM
Ioana	equivalent	Joana	romanian	HU 18/2025 (IX. 3.) KIM
Ioasaf	equivalent	Jozafát	romanian	HU 18/2025 (IX. 3.) KIM
Ioel	equivalent	Joel	romanian	HU 18/2025 (IX. 3.) KIM
Iolanda	equivalent	Jolanda	romanian	HU 18/2025 (IX. 3.) KIM
Iolanta	equivalent	Jolánta	romanian	HU 18/2025 (IX. 3.) KIM
Ion	equivalent	János	romanian	HU 18/2025 (IX. 3.) KIM
Iona	equivalent	Jónás	romanian	HU 18/2025 (IX. 3.) KIM
Ionas	equivalent	Janó	romanian	HU 18/2025 (IX. 3.) KIM
Ionas	transcription	Ionas	romanian	HU 18/2025 (IX. 3.) KIM
Ionel	equivalent	Janó	romanian	HU 18/2025 (IX. 3.) KIM
Ionica	transcription	Ionicö	romanian	HU 18/2025 (IX. 3.) KIM
Ionita	equivalent	Janka	romanian	HU 18/2025 (IX. 3.) KIM
Ionita	transcription	Ionica	romanian	HU 18/2025 (IX. 3.) KIM
Ionut	equivalent	Janó	romanian	HU 18/2025 (IX. 3.) KIM
Ionut	transcription	Ionuc	romanian	HU 18/2025 (IX. 3.) KIM
Ionuta	equivalent	Janka	romanian	HU 18/2025 (IX. 3.) KIM
Ionuta	transcription	Ionuca	romanian	HU 18/2025 (IX. 3.) KIM
Iordan	equivalent	Jordán	romanian	HU 18/2025 (IX. 3.) KIM
Iosefa	equivalent	Jozefa	romanian	HU 18/2025 (IX. 3.) KIM
Iosif	equivalent	József	romanian	HU 18/2025 (IX. 3.) KIM
Iosua	equivalent	Józsua	romanian	HU 18/2025 (IX. 3.) KIM
Iov	equivalent	Jób	romanian	HU 18/2025 (IX. 3.) KIM
Iova	equivalent	Jób	romanian	HU 18/2025 (IX. 3.) KIM
Ipolit	equivalent	Hippolit	romanian	HU 18/2025 (IX. 3.) KIM
Iracle	equivalent	Héraklész	romanian	HU 18/2025 (IX. 3.) KIM
Irinca	equivalent	Irénke	romanian	HU 18/2025 (IX. 3.) KIM
Irinel	equivalent	Iréneusz	romanian	HU 18/2025 (IX. 3.) KIM
Irineu	equivalent	Iréneusz	romanian	HU 18/2025 (IX. 3.) KIM
Iris	equivalent	Írisz	romanian	HU 18/2025 (IX. 3.) KIM
Isabela	equivalent	Izabella	romanian	HU 18/2025 (IX. 3.) KIM
Isac	equivalent	Izsák	romanian	HU 18/2025 (IX. 3.) KIM
Isaia	equivalent	Ézsaiás	romanian	HU 18/2025 (IX. 3.) KIM
Isidor	equivalent	Izidor	romanian	HU 18/2025 (IX. 3.) KIM
Isidora	equivalent	Izidóra	romanian	HU 18/2025 (IX. 3.) KIM
Ismail	equivalent	Izmael	romanian	HU 18/2025 (IX. 3.) KIM
Isolda	equivalent	Izolda	romanian	HU 18/2025 (IX. 3.) KIM
Iuda	equivalent	Júda	romanian	HU 18/2025 (IX. 3.) KIM
Iudita	equivalent	Judit	romanian	HU 18/2025 (IX. 3.) KIM
Iulia	equivalent	Júlia	romanian	HU 18/2025 (IX. 3.) KIM
Iulian	equivalent	Julián	romanian	HU 18/2025 (IX. 3.) KIM
Iuliana	equivalent	Juliána	romanian	HU 18/2025 (IX. 3.) KIM
Iulita	equivalent	Julitta	romanian	HU 18/2025 (IX. 3.) KIM
Iuliu	equivalent	Júliusz	romanian	HU 18/2025 (IX. 3.) KIM
Iustin	equivalent	Jusztin	romanian	HU 18/2025 (IX. 3.) KIM
Iustina	equivalent	Jusztina	romanian	HU 18/2025 (IX. 3.) KIM
Iustinian	equivalent	Jusztinus	romanian	HU 18/2025 (IX. 3.) KIM
Ivan	equivalent	Iván	romanian	HU 18/2025 (IX. 3.) KIM
Ivana	equivalent	Ivána	romanian	HU 18/2025 (IX. 3.) KIM
Ivona	equivalent	Ivon	romanian	HU 18/2025 (IX. 3.) KIM
Izabela	equivalent	Izabella	romanian	HU 18/2025 (IX. 3.) KIM
Izidora	equivalent	Izidóra	romanian	HU 18/2025 (IX. 3.) KIM
Jaclin	equivalent	Zsáklin	romanian	HU 18/2025 (IX. 3.) KIM
Jan	equivalent	János	romanian	HU 18/2025 (IX. 3.) KIM
Janeta	equivalent	Zsanett	romanian	HU 18/2025 (IX. 3.) KIM
Jean	equivalent	János	romanian	HU 18/2025 (IX. 3.) KIM
Jeana	equivalent	Jana	romanian	HU 18/2025 (IX. 3.) KIM
Jenifer	equivalent	Dzsenifer	romanian	HU 18/2025 (IX. 3.) KIM
Jeraldin	equivalent	Zseráldin	romanian	HU 18/2025 (IX. 3.) KIM
Jozefina	equivalent	Jozefina	romanian	HU 18/2025 (IX. 3.) KIM
Julieta	equivalent	Julietta	romanian	HU 18/2025 (IX. 3.) KIM
Lacramioara	equivalent	Gyöngyvirág	romanian	HU 18/2025 (IX. 3.) KIM
Lacramioara	transcription	Löcrömioara	romanian	HU 18/2025 (IX. 3.) KIM
Ladislau	equivalent	László	romanian	HU 18/2025 (IX. 3.) KIM
Larisa	equivalent	Larissza	romanian	HU 18/2025 (IX. 3.) KIM
Lascar	transcription	Lascör	romanian	HU 18/2025 (IX. 3.) KIM
Laurentia	equivalent	Laurencia	romanian	HU 18/2025 (IX. 3.) KIM
Laurentia	transcription	Laurencia	romanian	HU 18/2025 (IX. 3.) KIM
Laurentiu	equivalent	Lőrinc	romanian	HU 18/2025 (IX. 3.) KIM
Laurentiu	transcription	Laurenciu	romanian	HU 18/2025 (IX. 3.) KIM
Lavinia	equivalent	Lavínia	romanian	HU 18/2025 (IX. 3.) KIM
Lavrentie	equivalent	Lőrinc	romanian	HU 18/2025 (IX. 3.) KIM
Lazar	equivalent	Lázár	romanian	HU 18/2025 (IX. 3.) KIM
Lazar	transcription	Lazör	romanian	HU 18/2025 (IX. 3.) KIM
Lazarica	transcription	Lözörica	romanian	HU 18/2025 (IX. 3.) KIM
Lazarina	transcription	Lözörina	romanian	HU 18/2025 (IX. 3.) KIM
Leana	equivalent	Ilonka	romanian	HU 18/2025 (IX. 3.) KIM
Leandru	equivalent	Leander	romanian	HU 18/2025 (IX. 3.) KIM
Lenuta	equivalent	Ilonka	romanian	HU 18/2025 (IX. 3.) KIM
Lenuta	transcription	Lenuca	romanian	HU 18/2025 (IX. 3.) KIM
Leonard	equivalent	Leonárd	romanian	HU 18/2025 (IX. 3.) KIM
Leonida	equivalent	Leonidász	romanian	HU 18/2025 (IX. 3.) KIM
Leonora	equivalent	Leonóra	romanian	HU 18/2025 (IX. 3.) KIM
Leonte	equivalent	Leontin	romanian	HU 18/2025 (IX. 3.) KIM
Leontie	equivalent	Leontin	romanian	HU 18/2025 (IX. 3.) KIM
Letitia	equivalent	Letícia	romanian	HU 18/2025 (IX. 3.) KIM
Letitia	transcription	Leticia	romanian	HU 18/2025 (IX. 3.) KIM
Liana	equivalent	Liána	romanian	HU 18/2025 (IX. 3.) KIM
Lidia	equivalent	Lídia	romanian	HU 18/2025 (IX. 3.) KIM
Ligia	equivalent	Lígia	romanian	HU 18/2025 (IX. 3.) KIM
Lilia	equivalent	Lilla	romanian	HU 18/2025 (IX. 3.) KIM
Liliana	equivalent	Liliána	romanian	HU 18/2025 (IX. 3.) KIM
Linca	equivalent	Linka	romanian	HU 18/2025 (IX. 3.) KIM
Livia	equivalent	Lívia	romanian	HU 18/2025 (IX. 3.) KIM
Liviu	equivalent	Liviusz	romanian	HU 18/2025 (IX. 3.) KIM
Lizica	equivalent	Lizinka	romanian	HU 18/2025 (IX. 3.) KIM
Lizuca	equivalent	Lizinka	romanian	HU 18/2025 (IX. 3.) KIM
Lorena	equivalent	Loréna	romanian	HU 18/2025 (IX. 3.) KIM
Loreta	equivalent	Loretta	romanian	HU 18/2025 (IX. 3.) KIM
Luchia	equivalent	Lucia	romanian	HU 18/2025 (IX. 3.) KIM
Lucian	equivalent	Lúcián	romanian	HU 18/2025 (IX. 3.) KIM
Luciana	equivalent	Luciána	romanian	HU 18/2025 (IX. 3.) KIM
Lucretia	equivalent	Lukrécia	romanian	HU 18/2025 (IX. 3.) KIM
Lucretia	transcription	Lucrecia	romanian	HU 18/2025 (IX. 3.) KIM
Lucretiu	equivalent	Lukréciusz	romanian	HU 18/2025 (IX. 3.) KIM
Lucretiu	transcription	Lucreciu	romanian	HU 18/2025 (IX. 3.) KIM
Ludmila	equivalent	Ludmilla	romanian	HU 18/2025 (IX. 3.) KIM
Ludovic	equivalent	Lajos	romanian	HU 18/2025 (IX. 3.) KIM
Ludovica	equivalent	Ludovika	romanian	HU 18/2025 (IX. 3.) KIM
Luiza	equivalent	Lújza	romanian	HU 18/2025 (IX. 3.) KIM
Luminita	transcription	Luminica	romanian	HU 18/2025 (IX. 3.) KIM
Lup	equivalent	Farkas	romanian	HU 18/2025 (IX. 3.) KIM
Lutiu	equivalent	Lúciusz	romanian	HU 18/2025 (IX. 3.) KIM
Lutiu	transcription	Luciu	romanian	HU 18/2025 (IX. 3.) KIM
Luxita	transcription	Luxica	romanian	HU 18/2025 (IX. 3.) KIM
Madalin	transcription	Mödölin	romanian	HU 18/2025 (IX. 3.) KIM
Madalina	transcription	Mödölina	romanian	HU 18/2025 (IX. 3.) KIM
Madlena	equivalent	Madléna	romanian	HU 18/2025 (IX. 3.) KIM
Madlina	equivalent	Madléna	romanian	HU 18/2025 (IX. 3.) KIM
Magdalena	equivalent	Magdaléna	romanian	HU 18/2025 (IX. 3.) KIM
Maia	equivalent	Maja	romanian	HU 18/2025 (IX. 3.) KIM
Malin	transcription	Mölin	romanian	HU 18/2025 (IX. 3.) KIM
Malina	equivalent	Malina	romanian	HU 18/2025 (IX. 3.) KIM
Malina	transcription	Mölina	romanian	HU 18/2025 (IX. 3.) KIM
Manase	equivalent	Manassé	romanian	HU 18/2025 (IX. 3.) KIM
Mȃndra	equivalent	Szépe	romanian	HU 18/2025 (IX. 3.) KIM
Mȃndra	transcription	Mündra	romanian	HU 18/2025 (IX. 3.) KIM
Mandru	transcription	Mündru	romanian	HU 18/2025 (IX. 3.) KIM
Manuela	equivalent	Manuéla	romanian	HU 18/2025 (IX. 3.) KIM
Marcela	equivalent	Marcella	romanian	HU 18/2025 (IX. 3.) KIM
Marcu	equivalent	Márk	romanian	HU 18/2025 (IX. 3.) KIM
Marga	equivalent	Margó	romanian	HU 18/2025 (IX. 3.) KIM
Margareta	equivalent	Margaréta	romanian	HU 18/2025 (IX. 3.) KIM
Margarit	transcription	Mörgörit	romanian	HU 18/2025 (IX. 3.) KIM
Margarita	equivalent	Margaréta	romanian	HU 18/2025 (IX. 3.) KIM
Margarita	transcription	Mörgörita	romanian	HU 18/2025 (IX. 3.) KIM
Maria	equivalent	Mária	romanian	HU 18/2025 (IX. 3.) KIM
Marian	equivalent	Marián	romanian	HU 18/2025 (IX. 3.) KIM
Mariana	equivalent	Marianna	romanian	HU 18/2025 (IX. 3.) KIM
Marieta	equivalent	Marietta	romanian	HU 18/2025 (IX. 3.) KIM
Marilena	equivalent	Marléna	romanian	HU 18/2025 (IX. 3.) KIM
Marin	equivalent	Marinusz	romanian	HU 18/2025 (IX. 3.) KIM
Marinela	equivalent	Marinella	romanian	HU 18/2025 (IX. 3.) KIM
Marioara	equivalent	Marióra	romanian	HU 18/2025 (IX. 3.) KIM
Marioara	transcription	Mörioara	romanian	HU 18/2025 (IX. 3.) KIM
Mariuca	equivalent	Marika	romanian	HU 18/2025 (IX. 3.) KIM
Mariuca	transcription	Möriuca	romanian	HU 18/2025 (IX. 3.) KIM
Marius	equivalent	Máriusz	romanian	HU 18/2025 (IX. 3.) KIM
Marta	equivalent	Márta	romanian	HU 18/2025 (IX. 3.) KIM
Martiana	transcription	Marciana	romanian	HU 18/2025 (IX. 3.) KIM
Maslin	transcription	Möslin	romanian	HU 18/2025 (IX. 3.) KIM
Matei	equivalent	Máté	romanian	HU 18/2025 (IX. 3.) KIM
Matia	equivalent	Mátyás	romanian	HU 18/2025 (IX. 3.) KIM
Matias	equivalent	Mátyás	romanian	HU 18/2025 (IX. 3.) KIM
Matilda	equivalent	Matild	romanian	HU 18/2025 (IX. 3.) KIM
Mauriciu	equivalent	Mauríció	romanian	HU 18/2025 (IX. 3.) KIM
Mauritiu	equivalent	Mauríció	romanian	HU 18/2025 (IX. 3.) KIM
Mauritiu	transcription	Mauriciu	romanian	HU 18/2025 (IX. 3.) KIM
Maximilian	equivalent	Maximilián	romanian	HU 18/2025 (IX. 3.) KIM
Maya	equivalent	Maja	romanian	HU 18/2025 (IX. 3.) KIM
Melania	equivalent	Melánia	romanian	HU 18/2025 (IX. 3.) KIM
Melisa	equivalent	Melissza	romanian	HU 18/2025 (IX. 3.) KIM
Metodie	equivalent	Metód	romanian	HU 18/2025 (IX. 3.) KIM
Metodiu	equivalent	Metód	romanian	HU 18/2025 (IX. 3.) KIM
Mihaela	equivalent	Mikaéla	romanian	HU 18/2025 (IX. 3.) KIM
Mihai	equivalent	Mihály	romanian	HU 18/2025 (IX. 3.) KIM
Mihail	equivalent	Mikáél	romanian	HU 18/2025 (IX. 3.) KIM
Mihaita	transcription	Mihöicö	romanian	HU 18/2025 (IX. 3.) KIM
Milena	equivalent	Miléna	romanian	HU 18/2025 (IX. 3.) KIM
Milita	equivalent	Milica	romanian	HU 18/2025 (IX. 3.) KIM
Milita	transcription	Milica	romanian	HU 18/2025 (IX. 3.) KIM
Minodora	equivalent	Menodóra	romanian	HU 18/2025 (IX. 3.) KIM
Mirabela	equivalent	Mirabella	romanian	HU 18/2025 (IX. 3.) KIM
Mirandolina	equivalent	Mirandolína	romanian	HU 18/2025 (IX. 3.) KIM
Mirela	equivalent	Mirella	romanian	HU 18/2025 (IX. 3.) KIM
Miruna	equivalent	Mirona	romanian	HU 18/2025 (IX. 3.) KIM
Mitica	transcription	Miticö	romanian	HU 18/2025 (IX. 3.) KIM
Mitrut	transcription	Mitruc	romanian	HU 18/2025 (IX. 3.) KIM
Moise	equivalent	Mózes	romanian	HU 18/2025 (IX. 3.) KIM
Moisiu	equivalent	Mózes	romanian	HU 18/2025 (IX. 3.) KIM
Monica	equivalent	Mónika	romanian	HU 18/2025 (IX. 3.) KIM
Musata	transcription	Musata	romanian	HU 18/2025 (IX. 3.) KIM
Muza	equivalent	Múzsa	romanian	HU 18/2025 (IX. 3.) KIM
Nadia	equivalent	Nadja	romanian	HU 18/2025 (IX. 3.) KIM
Nae	equivalent	Náel	romanian	HU 18/2025 (IX. 3.) KIM
Narcis	equivalent	Narcisszusz	romanian	HU 18/2025 (IX. 3.) KIM
Narcisa	equivalent	Narcissza	romanian	HU 18/2025 (IX. 3.) KIM
Nastasia	equivalent	Nasztázia	romanian	HU 18/2025 (IX. 3.) KIM
Natalia	equivalent	Natália	romanian	HU 18/2025 (IX. 3.) KIM
Natan	equivalent	Nátán	romanian	HU 18/2025 (IX. 3.) KIM
Natasa	equivalent	Natasa	romanian	HU 18/2025 (IX. 3.) KIM
Natasa	transcription	Natasa	romanian	HU 18/2025 (IX. 3.) KIM
Nazarie	equivalent	Názár	romanian	HU 18/2025 (IX. 3.) KIM
Nestor	equivalent	Nesztor	romanian	HU 18/2025 (IX. 3.) KIM
Nicoara	transcription	Nicoarö	romanian	HU 18/2025 (IX. 3.) KIM
Nicodim	equivalent	Nikodém	romanian	HU 18/2025 (IX. 3.) KIM
Nicolae	equivalent	Miklós	romanian	HU 18/2025 (IX. 3.) KIM
Nicolaie	equivalent	Miklós	romanian	HU 18/2025 (IX. 3.) KIM
Nicoleta	equivalent	Nikoletta	romanian	HU 18/2025 (IX. 3.) KIM
Nicolina	equivalent	Nikolina	romanian	HU 18/2025 (IX. 3.) KIM
Nicu	equivalent	Mikó	romanian	HU 18/2025 (IX. 3.) KIM
Niculina	equivalent	Nikolina	romanian	HU 18/2025 (IX. 3.) KIM
Nicusor	transcription	Nicusor	romanian	HU 18/2025 (IX. 3.) KIM
Nineta	equivalent	Ninetta	romanian	HU 18/2025 (IX. 3.) KIM
Nistor	equivalent	Nesztor	romanian	HU 18/2025 (IX. 3.) KIM
Noah	equivalent	Noé	romanian	HU 18/2025 (IX. 3.) KIM
Noe	equivalent	Noé	romanian	HU 18/2025 (IX. 3.) KIM
Noemi	equivalent	Noémi	romanian	HU 18/2025 (IX. 3.) KIM
Nona	equivalent	Nóna	romanian	HU 18/2025 (IX. 3.) KIM
Nora	equivalent	Nóra	romanian	HU 18/2025 (IX. 3.) KIM
Oana	equivalent	Janka	romanian	HU 18/2025 (IX. 3.) KIM
Octav	equivalent	Oktáv	romanian	HU 18/2025 (IX. 3.) KIM
Octavia	equivalent	Oktávia	romanian	HU 18/2025 (IX. 3.) KIM
Octavian	equivalent	Oktávián	romanian	HU 18/2025 (IX. 3.) KIM
Octaviu	equivalent	Oktáv	romanian	HU 18/2025 (IX. 3.) KIM
Odet	equivalent	Odett	romanian	HU 18/2025 (IX. 3.) KIM
Odette	equivalent	Odetta	romanian	HU 18/2025 (IX. 3.) KIM
Ofelia	equivalent	Ofélia	romanian	HU 18/2025 (IX. 3.) KIM
Oliver	equivalent	Olivér	romanian	HU 18/2025 (IX. 3.) KIM
Olivier	equivalent	Olivér	romanian	HU 18/2025 (IX. 3.) KIM
Oliviu	equivalent	Olivér	romanian	HU 18/2025 (IX. 3.) KIM
Onoria	equivalent	Honória	romanian	HU 18/2025 (IX. 3.) KIM
Orest	equivalent	Oresztész	romanian	HU 18/2025 (IX. 3.) KIM
Oreste	equivalent	Oresztész	romanian	HU 18/2025 (IX. 3.) KIM
Orestie	equivalent	Oresztész	romanian	HU 18/2025 (IX. 3.) KIM
Oscar	equivalent	Oszkár	romanian	HU 18/2025 (IX. 3.) KIM
Otilia	equivalent	Otília	romanian	HU 18/2025 (IX. 3.) KIM
Ovid	equivalent	Ovídiusz	romanian	HU 18/2025 (IX. 3.) KIM
Ovidiu	equivalent	Ovídiusz	romanian	HU 18/2025 (IX. 3.) KIM
Oxana	equivalent	Oxána	romanian	HU 18/2025 (IX. 3.) KIM
Pancratiu	equivalent	Pongrác	romanian	HU 18/2025 (IX. 3.) KIM
Pancratiu	transcription	Pancraciu	romanian	HU 18/2025 (IX. 3.) KIM
Pangratie	equivalent	Pongrác	romanian	HU 18/2025 (IX. 3.) KIM
Pantelimon	equivalent	Pantaleon	romanian	HU 18/2025 (IX. 3.) KIM
Parasca	transcription	Pörasca	romanian	HU 18/2025 (IX. 3.) KIM
Pascal	equivalent	Paszkál	romanian	HU 18/2025 (IX. 3.) KIM
Pascalina	equivalent	Paszkália	romanian	HU 18/2025 (IX. 3.) KIM
Pascalina	transcription	Pascalina	romanian	HU 18/2025 (IX. 3.) KIM
Patric	equivalent	Patrik	romanian	HU 18/2025 (IX. 3.) KIM
Patriciu	equivalent	Patrícius	romanian	HU 18/2025 (IX. 3.) KIM
Patru	equivalent	Péter	romanian	HU 18/2025 (IX. 3.) KIM
Patru	transcription	Pötru	romanian	HU 18/2025 (IX. 3.) KIM
Paul	equivalent	Pál	romanian	HU 18/2025 (IX. 3.) KIM
Pavel	equivalent	Pál	romanian	HU 18/2025 (IX. 3.) KIM
Pelaghia	equivalent	Pelágia	romanian	HU 18/2025 (IX. 3.) KIM
Penelopa	equivalent	Pénelopé	romanian	HU 18/2025 (IX. 3.) KIM
Pericle	equivalent	Periklész	romanian	HU 18/2025 (IX. 3.) KIM
Petre	equivalent	Péter	romanian	HU 18/2025 (IX. 3.) KIM
Petrica	transcription	Petricö	romanian	HU 18/2025 (IX. 3.) KIM
Petrisor	transcription	Petrisor	romanian	HU 18/2025 (IX. 3.) KIM
Petronela	equivalent	Petronella	romanian	HU 18/2025 (IX. 3.) KIM
Petroniu	equivalent	Petróniusz	romanian	HU 18/2025 (IX. 3.) KIM
Petru	equivalent	Péter	romanian	HU 18/2025 (IX. 3.) KIM
Petrut	transcription	Petruc	romanian	HU 18/2025 (IX. 3.) KIM
Petruta	transcription	Petruca	romanian	HU 18/2025 (IX. 3.) KIM
Platon	equivalent	Platón	romanian	HU 18/2025 (IX. 3.) KIM
Policarp	equivalent	Polikárp	romanian	HU 18/2025 (IX. 3.) KIM
Polixenia	equivalent	Polixénia	romanian	HU 18/2025 (IX. 3.) KIM
Pompilia	equivalent	Pompília	romanian	HU 18/2025 (IX. 3.) KIM
Pomponia	equivalent	Pompónia	romanian	HU 18/2025 (IX. 3.) KIM
Rabeca	equivalent	Rebeka	romanian	HU 18/2025 (IX. 3.) KIM
Radu	equivalent	Radó	romanian	HU 18/2025 (IX. 3.) KIM
Rafail	equivalent	Rafael	romanian	HU 18/2025 (IX. 3.) KIM
Rahela	equivalent	Ráhel	romanian	HU 18/2025 (IX. 3.) KIM
Ramon	equivalent	Ramón	romanian	HU 18/2025 (IX. 3.) KIM
Ramona	equivalent	Ramóna	romanian	HU 18/2025 (IX. 3.) KIM
Rares	transcription	Rares	romanian	HU 18/2025 (IX. 3.) KIM
Raveca	equivalent	Rebeka	romanian	HU 18/2025 (IX. 3.) KIM
Razvan	transcription	Rözvan	romanian	HU 18/2025 (IX. 3.) KIM
Reghina	equivalent	Regina	romanian	HU 18/2025 (IX. 3.) KIM
Remus	equivalent	Rémusz	romanian	HU 18/2025 (IX. 3.) KIM
Renata	equivalent	Renáta	romanian	HU 18/2025 (IX. 3.) KIM
Robert	equivalent	Róbert	romanian	HU 18/2025 (IX. 3.) KIM
Roman	equivalent	Román	romanian	HU 18/2025 (IX. 3.) KIM
Romana	equivalent	Romána	romanian	HU 18/2025 (IX. 3.) KIM
Romanita	equivalent	Kamilla	romanian	HU 18/2025 (IX. 3.) KIM
Romanita	transcription	Romanica	romanian	HU 18/2025 (IX. 3.) KIM
Romeo	equivalent	Rómeó	romanian	HU 18/2025 (IX. 3.) KIM
Romul	equivalent	Romulusz	romanian	HU 18/2025 (IX. 3.) KIM
Romulus	equivalent	Romulusz	romanian	HU 18/2025 (IX. 3.) KIM
Roxana	equivalent	Roxána	romanian	HU 18/2025 (IX. 3.) KIM
Roza	equivalent	Róza	romanian	HU 18/2025 (IX. 3.) KIM
Rozalia	equivalent	Rozália	romanian	HU 18/2025 (IX. 3.) KIM
Sabin	equivalent	Szabin	romanian	HU 18/2025 (IX. 3.) KIM
Sabina	equivalent	Szabina	romanian	HU 18/2025 (IX. 3.) KIM
Sabrina	equivalent	Szabrina	romanian	HU 18/2025 (IX. 3.) KIM
Salomeea	equivalent	Salóme	romanian	HU 18/2025 (IX. 3.) KIM
Samanta	equivalent	Szamanta	romanian	HU 18/2025 (IX. 3.) KIM
Samson	equivalent	Sámson	romanian	HU 18/2025 (IX. 3.) KIM
Samuel	equivalent	Sámuel	romanian	HU 18/2025 (IX. 3.) KIM
Samuil	equivalent	Sámuel	romanian	HU 18/2025 (IX. 3.) KIM
Sandra	equivalent	Szandra	romanian	HU 18/2025 (IX. 3.) KIM
Sanziana	transcription	Sünziana	romanian	HU 18/2025 (IX. 3.) KIM
Saveta	equivalent	Szavéta	romanian	HU 18/2025 (IX. 3.) KIM
Savita	equivalent	Szavéta	romanian	HU 18/2025 (IX. 3.) KIM
Sebastian	equivalent	Szebasztián	romanian	HU 18/2025 (IX. 3.) KIM
Serafim	equivalent	Szeráf	romanian	HU 18/2025 (IX. 3.) KIM
Serafima	equivalent	Szerafina	romanian	HU 18/2025 (IX. 3.) KIM
Serafin	equivalent	Szeráf	romanian	HU 18/2025 (IX. 3.) KIM
Serban	transcription	Serban	romanian	HU 18/2025 (IX. 3.) KIM
Serena	equivalent	Szeréna	romanian	HU 18/2025 (IX. 3.) KIM
Sergiu	equivalent	Szergiusz	romanian	HU 18/2025 (IX. 3.) KIM
Sever	equivalent	Szevér	romanian	HU 18/2025 (IX. 3.) KIM
Severin	equivalent	Szeverin	romanian	HU 18/2025 (IX. 3.) KIM
Severina	equivalent	Szeverina	romanian	HU 18/2025 (IX. 3.) KIM
Sibila	equivalent	Szibilla	romanian	HU 18/2025 (IX. 3.) KIM
Sidonia	equivalent	Szidónia	romanian	HU 18/2025 (IX. 3.) KIM
Silvana	equivalent	Szilvána	romanian	HU 18/2025 (IX. 3.) KIM
Silvestru	equivalent	Szilveszter	romanian	HU 18/2025 (IX. 3.) KIM
Silvia	equivalent	Szilvia	romanian	HU 18/2025 (IX. 3.) KIM
Silvian	equivalent	Szilvánusz	romanian	HU 18/2025 (IX. 3.) KIM
Silviu	equivalent	Szilviusz	romanian	HU 18/2025 (IX. 3.) KIM
Simina	equivalent	Szimin	romanian	HU 18/2025 (IX. 3.) KIM
Simion	equivalent	Simon	romanian	HU 18/2025 (IX. 3.) KIM
Simona	equivalent	Szimóna	romanian	HU 18/2025 (IX. 3.) KIM
Simoneta	equivalent	Szimonetta	romanian	HU 18/2025 (IX. 3.) KIM
Sofia	equivalent	Szofia	romanian	HU 18/2025 (IX. 3.) KIM
Sofronia	equivalent	Szofrónia	romanian	HU 18/2025 (IX. 3.) KIM
Sofronie	equivalent	Szofron	romanian	HU 18/2025 (IX. 3.) KIM
Sofroniu	equivalent	Szofron	romanian	HU 18/2025 (IX. 3.) KIM
Solomon	equivalent	Salamon	romanian	HU 18/2025 (IX. 3.) KIM
Sonea	equivalent	Szonja	romanian	HU 18/2025 (IX. 3.) KIM
Sonia	equivalent	Szonja	romanian	HU 18/2025 (IX. 3.) KIM
Sorin	equivalent	Szorin	romanian	HU 18/2025 (IX. 3.) KIM
Sorina	equivalent	Szorina	romanian	HU 18/2025 (IX. 3.) KIM
Stanislav	equivalent	Szaniszló	romanian	HU 18/2025 (IX. 3.) KIM
Stefan	equivalent	István	romanian	HU 18/2025 (IX. 3.) KIM
Stefan	transcription	Stefan	romanian	HU 18/2025 (IX. 3.) KIM
Stefana	equivalent	Stefánia	romanian	HU 18/2025 (IX. 3.) KIM
Stefana	transcription	Stefana	romanian	HU 18/2025 (IX. 3.) KIM
Stefania	equivalent	Stefánia	romanian	HU 18/2025 (IX. 3.) KIM
Stefania	transcription	Stefania	romanian	HU 18/2025 (IX. 3.) KIM
Stefanida	transcription	Stefanida	romanian	HU 18/2025 (IX. 3.) KIM
Stela	equivalent	Stella	romanian	HU 18/2025 (IX. 3.) KIM
Steluta	transcription	Steluca	romanian	HU 18/2025 (IX. 3.) KIM
Stoian	equivalent	Sztoján	romanian	HU 18/2025 (IX. 3.) KIM
Sultana	equivalent	Szultána	romanian	HU 18/2025 (IX. 3.) KIM
Susana	equivalent	Zsuzsanna	romanian	HU 18/2025 (IX. 3.) KIM
Suzana	equivalent	Zsuzsanna	romanian	HU 18/2025 (IX. 3.) KIM
Svetlana	equivalent	Szvetlána	romanian	HU 18/2025 (IX. 3.) KIM
Tabita	equivalent	Tábita	romanian	HU 18/2025 (IX. 3.) KIM
Tadeu	equivalent	Tadeusz	romanian	HU 18/2025 (IX. 3.) KIM
Taisia	equivalent	Taisza	romanian	HU 18/2025 (IX. 3.) KIM
Tania	equivalent	Tánya	romanian	HU 18/2025 (IX. 3.) KIM
Tarasie	equivalent	Taráz	romanian	HU 18/2025 (IX. 3.) KIM
Tatiana	equivalent	Tatjána	romanian	HU 18/2025 (IX. 3.) KIM
Tavita	equivalent	Tábita	romanian	HU 18/2025 (IX. 3.) KIM
Tecla	equivalent	Tekla	romanian	HU 18/2025 (IX. 3.) KIM
Temistocle	equivalent	Temisztoklész	romanian	HU 18/2025 (IX. 3.) KIM
Teo	equivalent	Teó	romanian	HU 18/2025 (IX. 3.) KIM
Teodora	equivalent	Teodóra	romanian	HU 18/2025 (IX. 3.) KIM
Teodosia	equivalent	Teodózia	romanian	HU 18/2025 (IX. 3.) KIM
Teofana	equivalent	Teofánia	romanian	HU 18/2025 (IX. 3.) KIM
Teofilia	equivalent	Teofila	romanian	HU 18/2025 (IX. 3.) KIM
Terentie	equivalent	Terenc	romanian	HU 18/2025 (IX. 3.) KIM
Terentiu	equivalent	Terenc	romanian	HU 18/2025 (IX. 3.) KIM
Teresa	equivalent	Tereza	romanian	HU 18/2025 (IX. 3.) KIM
Tiberiu	equivalent	Tibériusz	romanian	HU 18/2025 (IX. 3.) KIM
Timotei	equivalent	Timóteus	romanian	HU 18/2025 (IX. 3.) KIM
Tinca	equivalent	Tinka	romanian	HU 18/2025 (IX. 3.) KIM
Titu	equivalent	Titusz	romanian	HU 18/2025 (IX. 3.) KIM
Titus	equivalent	Titusz	romanian	HU 18/2025 (IX. 3.) KIM
Toader	equivalent	Tódor	romanian	HU 18/2025 (IX. 3.) KIM
Traian	equivalent	Trajánusz	romanian	HU 18/2025 (IX. 3.) KIM
Tudor	equivalent	Teodor	romanian	HU 18/2025 (IX. 3.) KIM
Tudorita	transcription	Tudorica	romanian	HU 18/2025 (IX. 3.) KIM
Valer	equivalent	Valér	romanian	HU 18/2025 (IX. 3.) KIM
Valeria	equivalent	Valéria	romanian	HU 18/2025 (IX. 3.) KIM
Valeriu	equivalent	Valér	romanian	HU 18/2025 (IX. 3.) KIM
Vanesa	equivalent	Vanessza	romanian	HU 18/2025 (IX. 3.) KIM
Vanesa	transcription	Vanesa	romanian	HU 18/2025 (IX. 3.) KIM
Varnava	equivalent	Barabás	romanian	HU 18/2025 (IX. 3.) KIM
Vartolomei	equivalent	Bertalan	romanian	HU 18/2025 (IX. 3.) KIM
Vartolomeu	equivalent	Bertalan	romanian	HU 18/2025 (IX. 3.) KIM
Varvara	equivalent	Barbara	romanian	HU 18/2025 (IX. 3.) KIM
Vasile	equivalent	Vazul	romanian	HU 18/2025 (IX. 3.) KIM
Vasilia	equivalent	Vaszilia	romanian	HU 18/2025 (IX. 3.) KIM
Vasilie	equivalent	Vazul	romanian	HU 18/2025 (IX. 3.) KIM
Veniamin	equivalent	Benjámin	romanian	HU 18/2025 (IX. 3.) KIM
Veniamina	equivalent	Benjamina	romanian	HU 18/2025 (IX. 3.) KIM
Vergil	equivalent	Virgil	romanian	HU 18/2025 (IX. 3.) KIM
Verginia	equivalent	Virgínia	romanian	HU 18/2025 (IX. 3.) KIM
Veronica	equivalent	Veronika	romanian	HU 18/2025 (IX. 3.) KIM
Veta	equivalent	Véta	romanian	HU 18/2025 (IX. 3.) KIM
Veturia	equivalent	Vetúria	romanian	HU 18/2025 (IX. 3.) KIM
Vichentie	equivalent	Vince	romanian	HU 18/2025 (IX. 3.) KIM
Victor	equivalent	Viktor	romanian	HU 18/2025 (IX. 3.) KIM
Victoria	equivalent	Viktória	romanian	HU 18/2025 (IX. 3.) KIM
Victorita	equivalent	Vikta	romanian	HU 18/2025 (IX. 3.) KIM
Victorita	transcription	Victorica	romanian	HU 18/2025 (IX. 3.) KIM
Vincentiu	equivalent	Vince	romanian	HU 18/2025 (IX. 3.) KIM
Vincentiu	transcription	Vincenciu	romanian	HU 18/2025 (IX. 3.) KIM
Violeta	equivalent	Violetta	romanian	HU 18/2025 (IX. 3.) KIM
Viorica	equivalent	Viorika	romanian	HU 18/2025 (IX. 3.) KIM
Virgilia	equivalent	Virgília	romanian	HU 18/2025 (IX. 3.) KIM
Virgiliu	equivalent	Virgil	romanian	HU 18/2025 (IX. 3.) KIM
Virginia	equivalent	Virgínia	romanian	HU 18/2025 (IX. 3.) KIM
Vitalia	equivalent	Vitália	romanian	HU 18/2025 (IX. 3.) KIM
Vitalie	equivalent	Vitális	romanian	HU 18/2025 (IX. 3.) KIM
Viviana	equivalent	Viviána	romanian	HU 18/2025 (IX. 3.) KIM
Vladimir	equivalent	Vladimír	romanian	HU 18/2025 (IX. 3.) KIM
Vladislav	equivalent	Ulászló	romanian	HU 18/2025 (IX. 3.) KIM
Vlasie	equivalent	Balázs	romanian	HU 18/2025 (IX. 3.) KIM
Voichita	transcription	Voichica	romanian	HU 18/2025 (IX. 3.) KIM
Xenia	equivalent	Xénia	romanian	HU 18/2025 (IX. 3.) KIM
Zabulon	equivalent	Zebulon	romanian	HU 18/2025 (IX. 3.) KIM
Zaharia	equivalent	Zakariás	romanian	HU 18/2025 (IX. 3.) KIM
Zaheu	equivalent	Zakeus	romanian	HU 18/2025 (IX. 3.) KIM
Zeno	equivalent	Zénó	romanian	HU 18/2025 (IX. 3.) KIM
Zenobia	equivalent	Zenóbia	romanian	HU 18/2025 (IX. 3.) KIM
Zenobie	equivalent	Zenobiusz	romanian	HU 18/2025 (IX. 3.) KIM
Zenobiu	equivalent	Zenobiusz	romanian	HU 18/2025 (IX. 3.) KIM
Zenovia	equivalent	Zenóbia	romanian	HU 18/2025 (IX. 3.) KIM
Zenovie	equivalent	Zenobiusz	romanian	HU 18/2025 (IX. 3.) KIM
Zoe	equivalent	Zoé	romanian	HU 18/2025 (IX. 3.) KIM
Zorica	equivalent	Hajnalka	romanian	HU 18/2025 (IX. 3.) KIM
Ádá	equivalent	Ada	rusyn	HU 19/2025 (IX. 3.) KIM
Ádá	transcription	Ádá	rusyn	HU 19/2025 (IX. 3.) KIM
Ádálybert	equivalent	Adalbert	rusyn	HU 19/2025 (IX. 3.) KIM
Ádálybert	transcription	Ádálybert	rusyn	HU 19/2025 (IX. 3.) KIM
Ádám	equivalent	Ádám	rusyn	HU 19/2025 (IX. 3.) KIM
Ádám	transcription	Ádám	rusyn	HU 19/2025 (IX. 3.) KIM
Ádelá	equivalent	Adél	rusyn	HU 19/2025 (IX. 3.) KIM
Ádelá	transcription	Ádelá	rusyn	HU 19/2025 (IX. 3.) KIM
Ádorján	equivalent	Adorján	rusyn	HU 19/2025 (IX. 3.) KIM
Ádorján	transcription	Ádorján	rusyn	HU 19/2025 (IX. 3.) KIM
Ádrián	equivalent	Adrián	rusyn	HU 19/2025 (IX. 3.) KIM
Ádrián	transcription	Ádrián	rusyn	HU 19/2025 (IX. 3.) KIM
Ádriánna	equivalent	Adrienn	rusyn	HU 19/2025 (IX. 3.) KIM
Ádriánna	transcription	Ádriánna	rusyn	HU 19/2025 (IX. 3.) KIM
Ágáfon	equivalent	Agaton	rusyn	HU 19/2025 (IX. 3.) KIM
Ágáfon	transcription	Ágáfon	rusyn	HU 19/2025 (IX. 3.) KIM
Ágátá	equivalent	Agáta	rusyn	HU 19/2025 (IX. 3.) KIM
Ágátá	transcription	Ágátá	rusyn	HU 19/2025 (IX. 3.) KIM
Ágnesszá	equivalent	Ágnes	rusyn	HU 19/2025 (IX. 3.) KIM
Ágnesszá	transcription	Ágnesszá	rusyn	HU 19/2025 (IX. 3.) KIM
Ákos	equivalent	Ákos	rusyn	HU 19/2025 (IX. 3.) KIM
Ákos	transcription	Ákos	rusyn	HU 19/2025 (IX. 3.) KIM
Áládár	equivalent	Aladár	rusyn	HU 19/2025 (IX. 3.) KIM
Áládár	transcription	Áládár	rusyn	HU 19/2025 (IX. 3.) KIM
Álbiná	equivalent	Albina	rusyn	HU 19/2025 (IX. 3.) KIM
Álbiná	transcription	Álbiná	rusyn	HU 19/2025 (IX. 3.) KIM
Áleksz	equivalent	Alex	rusyn	HU 19/2025 (IX. 3.) KIM
Áleksz	transcription	Áleksz	rusyn	HU 19/2025 (IX. 3.) KIM
Álekszánder	equivalent	Alexander	rusyn	HU 19/2025 (IX. 3.) KIM
Álekszánder	equivalent	Sándor	rusyn	HU 19/2025 (IX. 3.) KIM
Álekszánder	transcription	Álekszánder	rusyn	HU 19/2025 (IX. 3.) KIM
Álekszándrá	equivalent	Alexandra	rusyn	HU 19/2025 (IX. 3.) KIM
Álekszándrá	transcription	Álekszándrá	rusyn	HU 19/2025 (IX. 3.) KIM
Álekszíj	equivalent	Alex	rusyn	HU 19/2025 (IX. 3.) KIM
Álekszíj	transcription	Álekszíj	rusyn	HU 19/2025 (IX. 3.) KIM
Áliszá	equivalent	Alicia	rusyn	HU 19/2025 (IX. 3.) KIM
Áliszá	transcription	Áliszá	rusyn	HU 19/2025 (IX. 3.) KIM
Áljbert	equivalent	Albert	rusyn	HU 19/2025 (IX. 3.) KIM
Áljbert	transcription	Áljbert	rusyn	HU 19/2025 (IX. 3.) KIM
Áljfred	equivalent	Alfréd	rusyn	HU 19/2025 (IX. 3.) KIM
Áljfred	transcription	Áljfred	rusyn	HU 19/2025 (IX. 3.) KIM
Áljmá	equivalent	Alma	rusyn	HU 19/2025 (IX. 3.) KIM
Áljmá	transcription	Áljmá	rusyn	HU 19/2025 (IX. 3.) KIM
Ámálijá	equivalent	Amália	rusyn	HU 19/2025 (IX. 3.) KIM
Ámálijá	transcription	Ámálijá	rusyn	HU 19/2025 (IX. 3.) KIM
Ánásztászijá	equivalent	Anasztázia	rusyn	HU 19/2025 (IX. 3.) KIM
Ánásztászijá	transcription	Ánásztászijá	rusyn	HU 19/2025 (IX. 3.) KIM
Ánásztáz	equivalent	Anasztáz	rusyn	HU 19/2025 (IX. 3.) KIM
Ánásztáz	transcription	Ánásztáz	rusyn	HU 19/2025 (IX. 3.) KIM
Ánátolíj	equivalent	Anatol	rusyn	HU 19/2025 (IX. 3.) KIM
Ánátolíj	transcription	Ánátolíj	rusyn	HU 19/2025 (IX. 3.) KIM
Ándor	equivalent	Andor	rusyn	HU 19/2025 (IX. 3.) KIM
Ándor	transcription	Ándor	rusyn	HU 19/2025 (IX. 3.) KIM
Ándrejá	equivalent	Andrea	rusyn	HU 19/2025 (IX. 3.) KIM
Ándrejá	transcription	Ándrejá	rusyn	HU 19/2025 (IX. 3.) KIM
Ándrián	equivalent	Adrián	rusyn	HU 19/2025 (IX. 3.) KIM
Ándrián	equivalent	Andrián	rusyn	HU 19/2025 (IX. 3.) KIM
Ándrián	transcription	Ándrián	rusyn	HU 19/2025 (IX. 3.) KIM
Ándríj	equivalent	András	rusyn	HU 19/2025 (IX. 3.) KIM
Ándríj	transcription	Ándríj	rusyn	HU 19/2025 (IX. 3.) KIM
Ándron	transcription	Ándron	rusyn	HU 19/2025 (IX. 3.) KIM
Ánettá	equivalent	Anett	rusyn	HU 19/2025 (IX. 3.) KIM
Ánettá	transcription	Ánettá	rusyn	HU 19/2025 (IX. 3.) KIM
Ángeliká	equivalent	Angelika	rusyn	HU 19/2025 (IX. 3.) KIM
Ángeliká	transcription	Ángeliká	rusyn	HU 19/2025 (IX. 3.) KIM
Ángeliná	equivalent	Angéla	rusyn	HU 19/2025 (IX. 3.) KIM
Ángeliná	equivalent	Angelina	rusyn	HU 19/2025 (IX. 3.) KIM
Ángeliná	transcription	Ángeliná	rusyn	HU 19/2025 (IX. 3.) KIM
Ánná	equivalent	Anna	rusyn	HU 19/2025 (IX. 3.) KIM
Ánná	transcription	Ánná	rusyn	HU 19/2025 (IX. 3.) KIM
Ánnámárijá	equivalent	Annamária	rusyn	HU 19/2025 (IX. 3.) KIM
Ánnámárijá	transcription	Ánnámárijá	rusyn	HU 19/2025 (IX. 3.) KIM
Ánton	equivalent	Anton	rusyn	HU 19/2025 (IX. 3.) KIM
Ánton	transcription	Ánton	rusyn	HU 19/2025 (IX. 3.) KIM
Ántoníj	equivalent	Antal	rusyn	HU 19/2025 (IX. 3.) KIM
Ántoníj	equivalent	Anton	rusyn	HU 19/2025 (IX. 3.) KIM
Ántoníj	transcription	Ántoníj	rusyn	HU 19/2025 (IX. 3.) KIM
Ántonijá	equivalent	Antónia	rusyn	HU 19/2025 (IX. 3.) KIM
Ántonijá	transcription	Ántonijá	rusyn	HU 19/2025 (IX. 3.) KIM
Áríj	equivalent	Arián	rusyn	HU 19/2025 (IX. 3.) KIM
Áríj	transcription	Áríj	rusyn	HU 19/2025 (IX. 3.) KIM
Áriná	equivalent	Arina	rusyn	HU 19/2025 (IX. 3.) KIM
Áriná	transcription	Áriná	rusyn	HU 19/2025 (IX. 3.) KIM
Árkádíj	equivalent	Árkád	rusyn	HU 19/2025 (IX. 3.) KIM
Árkádíj	equivalent	Arkád	rusyn	HU 19/2025 (IX. 3.) KIM
Árkádíj	transcription	Árkádíj	rusyn	HU 19/2025 (IX. 3.) KIM
Árnoljd	equivalent	Arnold	rusyn	HU 19/2025 (IX. 3.) KIM
Árnoljd	transcription	Árnoljd	rusyn	HU 19/2025 (IX. 3.) KIM
Árpád	equivalent	Árpád	rusyn	HU 19/2025 (IX. 3.) KIM
Árpád	transcription	Árpád	rusyn	HU 19/2025 (IX. 3.) KIM
Árszeníj	equivalent	Arzén	rusyn	HU 19/2025 (IX. 3.) KIM
Árszeníj	transcription	Árszeníj	rusyn	HU 19/2025 (IX. 3.) KIM
Átánáz	equivalent	Atanáz	rusyn	HU 19/2025 (IX. 3.) KIM
Átánáz	transcription	Átánáz	rusyn	HU 19/2025 (IX. 3.) KIM
Átánázijá	equivalent	Atanázia	rusyn	HU 19/2025 (IX. 3.) KIM
Átánázijá	transcription	Átánázijá	rusyn	HU 19/2025 (IX. 3.) KIM
Átillá	equivalent	Atilla	rusyn	HU 19/2025 (IX. 3.) KIM
Átillá	equivalent	Attila	rusyn	HU 19/2025 (IX. 3.) KIM
Átillá	transcription	Átillá	rusyn	HU 19/2025 (IX. 3.) KIM
Ávguszt	equivalent	Augusztus	rusyn	HU 19/2025 (IX. 3.) KIM
Ávguszt	transcription	Ávguszt	rusyn	HU 19/2025 (IX. 3.) KIM
Ávrám	equivalent	Ábrám	rusyn	HU 19/2025 (IX. 3.) KIM
Ávrám	transcription	Ávrám	rusyn	HU 19/2025 (IX. 3.) KIM
Ávrelij	equivalent	Aurél	rusyn	HU 19/2025 (IX. 3.) KIM
Ávrelij	transcription	Ávrelij	rusyn	HU 19/2025 (IX. 3.) KIM
Ázálijá	equivalent	Azália	rusyn	HU 19/2025 (IX. 3.) KIM
Ázálijá	transcription	Ázálijá	rusyn	HU 19/2025 (IX. 3.) KIM
Bálázs	equivalent	Balázs	rusyn	HU 19/2025 (IX. 3.) KIM
Bálázs	transcription	Bálázs	rusyn	HU 19/2025 (IX. 3.) KIM
Bálint	equivalent	Bálint	rusyn	HU 19/2025 (IX. 3.) KIM
Bálint	transcription	Bálint	rusyn	HU 19/2025 (IX. 3.) KIM
Bárbárá	equivalent	Barbara	rusyn	HU 19/2025 (IX. 3.) KIM
Bárbárá	transcription	Bárbárá	rusyn	HU 19/2025 (IX. 3.) KIM
Bázil	equivalent	Bazil	rusyn	HU 19/2025 (IX. 3.) KIM
Bázil	transcription	Bázil	rusyn	HU 19/2025 (IX. 3.) KIM
Beátá	equivalent	Beáta	rusyn	HU 19/2025 (IX. 3.) KIM
Beátá	transcription	Beátá	rusyn	HU 19/2025 (IX. 3.) KIM
Beátrisszá	equivalent	Beatrix	rusyn	HU 19/2025 (IX. 3.) KIM
Beátrisszá	transcription	Beátrisszá	rusyn	HU 19/2025 (IX. 3.) KIM
Bejlá	equivalent	Béla	rusyn	HU 19/2025 (IX. 3.) KIM
Bejlá	transcription	Bejlá	rusyn	HU 19/2025 (IX. 3.) KIM
Bellá	equivalent	Bella	rusyn	HU 19/2025 (IX. 3.) KIM
Bellá	transcription	Bellá	rusyn	HU 19/2025 (IX. 3.) KIM
Bence	equivalent	Bence	rusyn	HU 19/2025 (IX. 3.) KIM
Bence	transcription	Bence	rusyn	HU 19/2025 (IX. 3.) KIM
Benedek	equivalent	Benedek	rusyn	HU 19/2025 (IX. 3.) KIM
Benedek	equivalent	Benediktusz	rusyn	HU 19/2025 (IX. 3.) KIM
Benedek	transcription	Benedek	rusyn	HU 19/2025 (IX. 3.) KIM
Benedikt	equivalent	Benedek	rusyn	HU 19/2025 (IX. 3.) KIM
Benedikt	equivalent	Benediktusz	rusyn	HU 19/2025 (IX. 3.) KIM
Benedikt	transcription	Benedikt	rusyn	HU 19/2025 (IX. 3.) KIM
Bernádettá	equivalent	Bernadett	rusyn	HU 19/2025 (IX. 3.) KIM
Bernádettá	equivalent	Bernadettá	rusyn	HU 19/2025 (IX. 3.) KIM
Bernádettá	transcription	Bernádettá	rusyn	HU 19/2025 (IX. 3.) KIM
Bernárd	equivalent	Bernárd	rusyn	HU 19/2025 (IX. 3.) KIM
Bernárd	transcription	Bernárd	rusyn	HU 19/2025 (IX. 3.) KIM
Bertá	equivalent	Berta	rusyn	HU 19/2025 (IX. 3.) KIM
Bertá	transcription	Bertá	rusyn	HU 19/2025 (IX. 3.) KIM
Bertálán	equivalent	Bertalan	rusyn	HU 19/2025 (IX. 3.) KIM
Bertálán	transcription	Bertálán	rusyn	HU 19/2025 (IX. 3.) KIM
Bogumil	equivalent	Bogumil	rusyn	HU 19/2025 (IX. 3.) KIM
Bogumil	transcription	Bogumil	rusyn	HU 19/2025 (IX. 3.) KIM
Boguszláv	equivalent	Boguszláv	rusyn	HU 19/2025 (IX. 3.) KIM
Boguszláv	transcription	Boguszláv	rusyn	HU 19/2025 (IX. 3.) KIM
Boldizsár	equivalent	Boldizsár	rusyn	HU 19/2025 (IX. 3.) KIM
Boldizsár	transcription	Boldizsár	rusyn	HU 19/2025 (IX. 3.) KIM
Boleszláv	equivalent	Boleszláv	rusyn	HU 19/2025 (IX. 3.) KIM
Boleszláv	transcription	Boleszláv	rusyn	HU 19/2025 (IX. 3.) KIM
Borisz	equivalent	Borisz	rusyn	HU 19/2025 (IX. 3.) KIM
Borisz	transcription	Borisz	rusyn	HU 19/2025 (IX. 3.) KIM
Brigittá	equivalent	Brigitta	rusyn	HU 19/2025 (IX. 3.) KIM
Brigittá	transcription	Brigittá	rusyn	HU 19/2025 (IX. 3.) KIM
Cecilijá	equivalent	Cecília	rusyn	HU 19/2025 (IX. 3.) KIM
Cecilijá	transcription	Cecilijá	rusyn	HU 19/2025 (IX. 3.) KIM
Cezárj	equivalent	Cézár	rusyn	HU 19/2025 (IX. 3.) KIM
Cezárj	transcription	Cezárj	rusyn	HU 19/2025 (IX. 3.) KIM
Dáná	equivalent	Dana	rusyn	HU 19/2025 (IX. 3.) KIM
Dáná	transcription	Dáná	rusyn	HU 19/2025 (IX. 3.) KIM
Dániel	equivalent	Dániel	rusyn	HU 19/2025 (IX. 3.) KIM
Dániel	transcription	Dániel	rusyn	HU 19/2025 (IX. 3.) KIM
Dánielá	equivalent	Daniella	rusyn	HU 19/2025 (IX. 3.) KIM
Dánielá	transcription	Dánielá	rusyn	HU 19/2025 (IX. 3.) KIM
Dánilo	equivalent	Dániel	rusyn	HU 19/2025 (IX. 3.) KIM
Dánilo	transcription	Dánilo	rusyn	HU 19/2025 (IX. 3.) KIM
Dárá	equivalent	Dára	rusyn	HU 19/2025 (IX. 3.) KIM
Dárá	transcription	Dárá	rusyn	HU 19/2025 (IX. 3.) KIM
Dárij	equivalent	Dárius	rusyn	HU 19/2025 (IX. 3.) KIM
Dárij	transcription	Dárij	rusyn	HU 19/2025 (IX. 3.) KIM
Dárijá	equivalent	Dária	rusyn	HU 19/2025 (IX. 3.) KIM
Dárijá	transcription	Dárijá	rusyn	HU 19/2025 (IX. 3.) KIM
Dáriná	equivalent	Dorina	rusyn	HU 19/2025 (IX. 3.) KIM
Dáriná	transcription	Dáriná	rusyn	HU 19/2025 (IX. 3.) KIM
Dávid	equivalent	Dávid	rusyn	HU 19/2025 (IX. 3.) KIM
Dávid	transcription	Dávid	rusyn	HU 19/2025 (IX. 3.) KIM
Dementíj	equivalent	Demjány	rusyn	HU 19/2025 (IX. 3.) KIM
Dementíj	transcription	Dementíj	rusyn	HU 19/2025 (IX. 3.) KIM
Demián	equivalent	Damján	rusyn	HU 19/2025 (IX. 3.) KIM
Demián	transcription	Demián	rusyn	HU 19/2025 (IX. 3.) KIM
Denisz	equivalent	Dénes	rusyn	HU 19/2025 (IX. 3.) KIM
Denisz	transcription	Denisz	rusyn	HU 19/2025 (IX. 3.) KIM
Dezideríj	equivalent	Dezső	rusyn	HU 19/2025 (IX. 3.) KIM
Dezideríj	transcription	Dezideríj	rusyn	HU 19/2025 (IX. 3.) KIM
Diáná	equivalent	Diana	rusyn	HU 19/2025 (IX. 3.) KIM
Diáná	transcription	Diáná	rusyn	HU 19/2025 (IX. 3.) KIM
Dimitrij	equivalent	Demeter	rusyn	HU 19/2025 (IX. 3.) KIM
Dimitrij	transcription	Dimitrij	rusyn	HU 19/2025 (IX. 3.) KIM
Diná	equivalent	Dina	rusyn	HU 19/2025 (IX. 3.) KIM
Diná	transcription	Diná	rusyn	HU 19/2025 (IX. 3.) KIM
Dominik	equivalent	Dominik	rusyn	HU 19/2025 (IX. 3.) KIM
Dominik	transcription	Dominik	rusyn	HU 19/2025 (IX. 3.) KIM
Dominiká	equivalent	Dominika	rusyn	HU 19/2025 (IX. 3.) KIM
Dominiká	transcription	Dominiká	rusyn	HU 19/2025 (IX. 3.) KIM
Donát	equivalent	Donát	rusyn	HU 19/2025 (IX. 3.) KIM
Donát	transcription	Donát	rusyn	HU 19/2025 (IX. 3.) KIM
Dorofij	transcription	Dorofij	rusyn	HU 19/2025 (IX. 3.) KIM
Dusán	equivalent	Dusán	rusyn	HU 19/2025 (IX. 3.) KIM
Dusán	transcription	Dusán	rusyn	HU 19/2025 (IX. 3.) KIM
Ediná	equivalent	Edina	rusyn	HU 19/2025 (IX. 3.) KIM
Ediná	transcription	Ediná	rusyn	HU 19/2025 (IX. 3.) KIM
Editá	equivalent	Edit	rusyn	HU 19/2025 (IX. 3.) KIM
Editá	transcription	Editá	rusyn	HU 19/2025 (IX. 3.) KIM
Eduárd	equivalent	Eduárd	rusyn	HU 19/2025 (IX. 3.) KIM
Eduárd	equivalent	Edvárd	rusyn	HU 19/2025 (IX. 3.) KIM
Eduárd	transcription	Eduárd	rusyn	HU 19/2025 (IX. 3.) KIM
Edvárd	equivalent	Eduárd	rusyn	HU 19/2025 (IX. 3.) KIM
Edvárd	equivalent	Edvárd	rusyn	HU 19/2025 (IX. 3.) KIM
Edvárd	transcription	Edvárd	rusyn	HU 19/2025 (IX. 3.) KIM
Edvin	equivalent	Edvin	rusyn	HU 19/2025 (IX. 3.) KIM
Edvin	transcription	Edvin	rusyn	HU 19/2025 (IX. 3.) KIM
Elemer	equivalent	Elemér	rusyn	HU 19/2025 (IX. 3.) KIM
Elemer	transcription	Elemer	rusyn	HU 19/2025 (IX. 3.) KIM
Elená	equivalent	Elena	rusyn	HU 19/2025 (IX. 3.) KIM
Elená	transcription	Elená	rusyn	HU 19/2025 (IX. 3.) KIM
Eleonorá	equivalent	Eleonóra	rusyn	HU 19/2025 (IX. 3.) KIM
Eleonorá	transcription	Eleonorá	rusyn	HU 19/2025 (IX. 3.) KIM
Eliná	transcription	Eliná	rusyn	HU 19/2025 (IX. 3.) KIM
Elizá	equivalent	Eliza	rusyn	HU 19/2025 (IX. 3.) KIM
Elizá	transcription	Elizá	rusyn	HU 19/2025 (IX. 3.) KIM
Eljvirá	equivalent	Elvira	rusyn	HU 19/2025 (IX. 3.) KIM
Eljvirá	transcription	Eljvirá	rusyn	HU 19/2025 (IX. 3.) KIM
Eljzá	equivalent	Elza	rusyn	HU 19/2025 (IX. 3.) KIM
Eljzá	transcription	Eljzá	rusyn	HU 19/2025 (IX. 3.) KIM
Ellá	equivalent	Ella	rusyn	HU 19/2025 (IX. 3.) KIM
Ellá	transcription	Ellá	rusyn	HU 19/2025 (IX. 3.) KIM
Emil	equivalent	Emil	rusyn	HU 19/2025 (IX. 3.) KIM
Emil	transcription	Emil	rusyn	HU 19/2025 (IX. 3.) KIM
Emiliá	equivalent	Emilia	rusyn	HU 19/2025 (IX. 3.) KIM
Emiliá	transcription	Emiliá	rusyn	HU 19/2025 (IX. 3.) KIM
Emílián	equivalent	Emílián	rusyn	HU 19/2025 (IX. 3.) KIM
Emílián	transcription	Emílián	rusyn	HU 19/2025 (IX. 3.) KIM
Emmá	equivalent	Emma	rusyn	HU 19/2025 (IX. 3.) KIM
Emmá	transcription	Emmá	rusyn	HU 19/2025 (IX. 3.) KIM
Emmánuil	equivalent	Emánuel	rusyn	HU 19/2025 (IX. 3.) KIM
Emmánuil	transcription	Emmánuil	rusyn	HU 19/2025 (IX. 3.) KIM
Erik	equivalent	Erik	rusyn	HU 19/2025 (IX. 3.) KIM
Erik	transcription	Erik	rusyn	HU 19/2025 (IX. 3.) KIM
Eriká	equivalent	Erika	rusyn	HU 19/2025 (IX. 3.) KIM
Eriká	transcription	Eriká	rusyn	HU 19/2025 (IX. 3.) KIM
Ernest	equivalent	Erneszt	rusyn	HU 19/2025 (IX. 3.) KIM
Ernest	transcription	Ernest	rusyn	HU 19/2025 (IX. 3.) KIM
Ernjű	equivalent	Ernő	rusyn	HU 19/2025 (IX. 3.) KIM
Ernjű	transcription	Ernjű	rusyn	HU 19/2025 (IX. 3.) KIM
Ervin	equivalent	Ervin	rusyn	HU 19/2025 (IX. 3.) KIM
Ervin	transcription	Ervin	rusyn	HU 19/2025 (IX. 3.) KIM
Ettá	equivalent	Eta	rusyn	HU 19/2025 (IX. 3.) KIM
Ettá	equivalent	Etta	rusyn	HU 19/2025 (IX. 3.) KIM
Ettá	transcription	Ettá	rusyn	HU 19/2025 (IX. 3.) KIM
Eumenij	transcription	Eumenij	rusyn	HU 19/2025 (IX. 3.) KIM
Eveliná	equivalent	Evelin	rusyn	HU 19/2025 (IX. 3.) KIM
Eveliná	transcription	Eveliná	rusyn	HU 19/2025 (IX. 3.) KIM
Evgenij	equivalent	Eugen	rusyn	HU 19/2025 (IX. 3.) KIM
Evgenij	transcription	Evgenij	rusyn	HU 19/2025 (IX. 3.) KIM
Fedor	equivalent	Fedor	rusyn	HU 19/2025 (IX. 3.) KIM
Fedor	transcription	Fedor	rusyn	HU 19/2025 (IX. 3.) KIM
Feliksz	equivalent	Félix	rusyn	HU 19/2025 (IX. 3.) KIM
Feliksz	transcription	Feliksz	rusyn	HU 19/2025 (IX. 3.) KIM
Feodoszíj	equivalent	Taddeus	rusyn	HU 19/2025 (IX. 3.) KIM
Feodoszíj	transcription	Feodoszíj	rusyn	HU 19/2025 (IX. 3.) KIM
Feofil	equivalent	Timóteusz	rusyn	HU 19/2025 (IX. 3.) KIM
Feofil	transcription	Feofil	rusyn	HU 19/2025 (IX. 3.) KIM
Ferdinánd	equivalent	Ferdinánd	rusyn	HU 19/2025 (IX. 3.) KIM
Ferdinánd	transcription	Ferdinánd	rusyn	HU 19/2025 (IX. 3.) KIM
Ferenc	equivalent	Ferenc	rusyn	HU 19/2025 (IX. 3.) KIM
Ferenc	transcription	Ferenc	rusyn	HU 19/2025 (IX. 3.) KIM
Filimon	equivalent	Filemon	rusyn	HU 19/2025 (IX. 3.) KIM
Filimon	transcription	Filimon	rusyn	HU 19/2025 (IX. 3.) KIM
Filip	equivalent	Filip	rusyn	HU 19/2025 (IX. 3.) KIM
Filip	equivalent	Fülöp	rusyn	HU 19/2025 (IX. 3.) KIM
Filip	transcription	Filip	rusyn	HU 19/2025 (IX. 3.) KIM
Fomá	equivalent	Tomás	rusyn	HU 19/2025 (IX. 3.) KIM
Fomá	transcription	Fomá	rusyn	HU 19/2025 (IX. 3.) KIM
Friderik	equivalent	Frederie	rusyn	HU 19/2025 (IX. 3.) KIM
Friderik	equivalent	Frigyes	rusyn	HU 19/2025 (IX. 3.) KIM
Friderik	transcription	Friderik	rusyn	HU 19/2025 (IX. 3.) KIM
Gábor	equivalent	Gábor	rusyn	HU 19/2025 (IX. 3.) KIM
Gábor	transcription	Gábor	rusyn	HU 19/2025 (IX. 3.) KIM
Gábriel	equivalent	Gábriel	rusyn	HU 19/2025 (IX. 3.) KIM
Gábriel	transcription	Gábriel	rusyn	HU 19/2025 (IX. 3.) KIM
Gábriellá	equivalent	Gabriella	rusyn	HU 19/2025 (IX. 3.) KIM
Gábriellá	transcription	Gábriellá	rusyn	HU 19/2025 (IX. 3.) KIM
Gáfijá	transcription	Gáfijá	rusyn	HU 19/2025 (IX. 3.) KIM
Gáliná	equivalent	Galina	rusyn	HU 19/2025 (IX. 3.) KIM
Gáliná	transcription	Gáliná	rusyn	HU 19/2025 (IX. 3.) KIM
Gánná	equivalent	Hanna	rusyn	HU 19/2025 (IX. 3.) KIM
Gánná	transcription	Gánná	rusyn	HU 19/2025 (IX. 3.) KIM
Gáspár	equivalent	Gáspár	rusyn	HU 19/2025 (IX. 3.) KIM
Gáspár	transcription	Gáspár	rusyn	HU 19/2025 (IX. 3.) KIM
Gávril	equivalent	Gábriel	rusyn	HU 19/2025 (IX. 3.) KIM
Gávril	transcription	Gávril	rusyn	HU 19/2025 (IX. 3.) KIM
Gejzá	equivalent	Géjza	rusyn	HU 19/2025 (IX. 3.) KIM
Gejzá	equivalent	Géza	rusyn	HU 19/2025 (IX. 3.) KIM
Gejzá	transcription	Gejzá	rusyn	HU 19/2025 (IX. 3.) KIM
Gelená	equivalent	Heléna	rusyn	HU 19/2025 (IX. 3.) KIM
Gelená	transcription	Gelená	rusyn	HU 19/2025 (IX. 3.) KIM
Genádíj	transcription	Genádíj	rusyn	HU 19/2025 (IX. 3.) KIM
Georgíj	equivalent	György	rusyn	HU 19/2025 (IX. 3.) KIM
Georgíj	transcription	Georgíj	rusyn	HU 19/2025 (IX. 3.) KIM
Georginá	equivalent	Georgina	rusyn	HU 19/2025 (IX. 3.) KIM
Georginá	transcription	Georginá	rusyn	HU 19/2025 (IX. 3.) KIM
Germán	equivalent	Germán	rusyn	HU 19/2025 (IX. 3.) KIM
Germán	transcription	Germán	rusyn	HU 19/2025 (IX. 3.) KIM
Germiná	equivalent	Hermin	rusyn	HU 19/2025 (IX. 3.) KIM
Germiná	transcription	Germiná	rusyn	HU 19/2025 (IX. 3.) KIM
Gizellá	equivalent	Gizella	rusyn	HU 19/2025 (IX. 3.) KIM
Gizellá	transcription	Gizellá	rusyn	HU 19/2025 (IX. 3.) KIM
Gretá	equivalent	Gréta	rusyn	HU 19/2025 (IX. 3.) KIM
Gretá	transcription	Gretá	rusyn	HU 19/2025 (IX. 3.) KIM
Grigoríj	equivalent	György	rusyn	HU 19/2025 (IX. 3.) KIM
Grigoríj	transcription	Grigoríj	rusyn	HU 19/2025 (IX. 3.) KIM
Gusztáv	equivalent	Gusztáv	rusyn	HU 19/2025 (IX. 3.) KIM
Gusztáv	transcription	Gusztáv	rusyn	HU 19/2025 (IX. 3.) KIM
Hrisztián	equivalent	Krisztián	rusyn	HU 19/2025 (IX. 3.) KIM
Hrisztián	transcription	Hrisztián	rusyn	HU 19/2025 (IX. 3.) KIM
Hrisztofor	equivalent	Krisztof	rusyn	HU 19/2025 (IX. 3.) KIM
Hrisztofor	equivalent	Krisztofer	rusyn	HU 19/2025 (IX. 3.) KIM
Hrisztofor	transcription	Hrisztofor	rusyn	HU 19/2025 (IX. 3.) KIM
Idá	equivalent	Ida	rusyn	HU 19/2025 (IX. 3.) KIM
Idá	transcription	Idá	rusyn	HU 19/2025 (IX. 3.) KIM
Ignát	equivalent	Ignác	rusyn	HU 19/2025 (IX. 3.) KIM
Ignát	transcription	Ignát	rusyn	HU 19/2025 (IX. 3.) KIM
Igorj	equivalent	Igor	rusyn	HU 19/2025 (IX. 3.) KIM
Igorj	transcription	Igorj	rusyn	HU 19/2025 (IX. 3.) KIM
Ilárion	equivalent	Ilárion	rusyn	HU 19/2025 (IX. 3.) KIM
Ilárion	transcription	Ilárion	rusyn	HU 19/2025 (IX. 3.) KIM
Ildiká	equivalent	Ildikó	rusyn	HU 19/2025 (IX. 3.) KIM
Ildiká	transcription	Ildiká	rusyn	HU 19/2025 (IX. 3.) KIM
Iloná	equivalent	Ilona	rusyn	HU 19/2025 (IX. 3.) KIM
Iloná	transcription	Iloná	rusyn	HU 19/2025 (IX. 3.) KIM
Ilyjá	equivalent	Illés	rusyn	HU 19/2025 (IX. 3.) KIM
Ilyjá	transcription	Ilyjá	rusyn	HU 19/2025 (IX. 3.) KIM
Imre	equivalent	Imre	rusyn	HU 19/2025 (IX. 3.) KIM
Imre	transcription	Imre	rusyn	HU 19/2025 (IX. 3.) KIM
Inesszá	equivalent	Inéz	rusyn	HU 19/2025 (IX. 3.) KIM
Inesszá	transcription	Inesszá	rusyn	HU 19/2025 (IX. 3.) KIM
Ingá	equivalent	Inga	rusyn	HU 19/2025 (IX. 3.) KIM
Ingá	transcription	Ingá	rusyn	HU 19/2025 (IX. 3.) KIM
Inná	equivalent	Inga	rusyn	HU 19/2025 (IX. 3.) KIM
Inná	transcription	Inná	rusyn	HU 19/2025 (IX. 3.) KIM
Inokentíj	equivalent	Ince	rusyn	HU 19/2025 (IX. 3.) KIM
Inokentíj	transcription	Inokentíj	rusyn	HU 19/2025 (IX. 3.) KIM
Ioán	equivalent	Iván	rusyn	HU 19/2025 (IX. 3.) KIM
Ioán	transcription	Ioán	rusyn	HU 19/2025 (IX. 3.) KIM
Ioláná	equivalent	Jolán	rusyn	HU 19/2025 (IX. 3.) KIM
Ioláná	equivalent	Jolánta	rusyn	HU 19/2025 (IX. 3.) KIM
Ioláná	transcription	Ioláná	rusyn	HU 19/2025 (IX. 3.) KIM
Iriná	equivalent	Irén	rusyn	HU 19/2025 (IX. 3.) KIM
Iriná	transcription	Iriná	rusyn	HU 19/2025 (IX. 3.) KIM
Irmá	equivalent	Irma	rusyn	HU 19/2025 (IX. 3.) KIM
Irmá	transcription	Irmá	rusyn	HU 19/2025 (IX. 3.) KIM
István	equivalent	István	rusyn	HU 19/2025 (IX. 3.) KIM
István	transcription	István	rusyn	HU 19/2025 (IX. 3.) KIM
Iván	equivalent	Iván	rusyn	HU 19/2025 (IX. 3.) KIM
Iván	transcription	Iván	rusyn	HU 19/2025 (IX. 3.) KIM
Ivánná	equivalent	Ivanna	rusyn	HU 19/2025 (IX. 3.) KIM
Ivánná	transcription	Ivánná	rusyn	HU 19/2025 (IX. 3.) KIM
Ivettá	equivalent	Ivett	rusyn	HU 19/2025 (IX. 3.) KIM
Ivettá	transcription	Ivettá	rusyn	HU 19/2025 (IX. 3.) KIM
Izábellá	equivalent	Izabella	rusyn	HU 19/2025 (IX. 3.) KIM
Izábellá	transcription	Izábellá	rusyn	HU 19/2025 (IX. 3.) KIM
Jákov	equivalent	Jakab	rusyn	HU 19/2025 (IX. 3.) KIM
Jákov	equivalent	Jakob	rusyn	HU 19/2025 (IX. 3.) KIM
Jákov	transcription	Jákov	rusyn	HU 19/2025 (IX. 3.) KIM
Ján	equivalent	János	rusyn	HU 19/2025 (IX. 3.) KIM
Ján	transcription	Ján	rusyn	HU 19/2025 (IX. 3.) KIM
Jáná	equivalent	Jána	rusyn	HU 19/2025 (IX. 3.) KIM
Jáná	transcription	Jáná	rusyn	HU 19/2025 (IX. 3.) KIM
János	equivalent	János	rusyn	HU 19/2025 (IX. 3.) KIM
János	transcription	János	rusyn	HU 19/2025 (IX. 3.) KIM
Jefroszinijá	equivalent	Eufrozina	rusyn	HU 19/2025 (IX. 3.) KIM
Jefroszinijá	transcription	Jefroszinijá	rusyn	HU 19/2025 (IX. 3.) KIM
Jekáteriná	equivalent	Katalin	rusyn	HU 19/2025 (IX. 3.) KIM
Jekáteriná	equivalent	Katerina	rusyn	HU 19/2025 (IX. 3.) KIM
Jekáteriná	transcription	Jekáteriná	rusyn	HU 19/2025 (IX. 3.) KIM
Jeliszej	equivalent	Elizeus	rusyn	HU 19/2025 (IX. 3.) KIM
Jeliszej	transcription	Jeliszej	rusyn	HU 19/2025 (IX. 3.) KIM
Jelizár	equivalent	Jelizár	rusyn	HU 19/2025 (IX. 3.) KIM
Jelizár	transcription	Jelizár	rusyn	HU 19/2025 (IX. 3.) KIM
Jevá	equivalent	Éva	rusyn	HU 19/2025 (IX. 3.) KIM
Jevá	transcription	Jevá	rusyn	HU 19/2025 (IX. 3.) KIM
Jevdokim	transcription	Jevdokim	rusyn	HU 19/2025 (IX. 3.) KIM
Jevgenijá	equivalent	Eugénia	rusyn	HU 19/2025 (IX. 3.) KIM
Jevgenijá	transcription	Jevgenijá	rusyn	HU 19/2025 (IX. 3.) KIM
Jószif	equivalent	József	rusyn	HU 19/2025 (IX. 3.) KIM
Jószif	transcription	Jószif	rusyn	HU 19/2025 (IX. 3.) KIM
Juditá	equivalent	Judit	rusyn	HU 19/2025 (IX. 3.) KIM
Juditá	transcription	Juditá	rusyn	HU 19/2025 (IX. 3.) KIM
Julián	equivalent	Julián	rusyn	HU 19/2025 (IX. 3.) KIM
Julián	equivalent	Juliánusz	rusyn	HU 19/2025 (IX. 3.) KIM
Julián	transcription	Julián	rusyn	HU 19/2025 (IX. 3.) KIM
Juliáná	equivalent	Julianna	rusyn	HU 19/2025 (IX. 3.) KIM
Juliáná	transcription	Juliáná	rusyn	HU 19/2025 (IX. 3.) KIM
Julíj	equivalent	Júliusz	rusyn	HU 19/2025 (IX. 3.) KIM
Julíj	transcription	Julíj	rusyn	HU 19/2025 (IX. 3.) KIM
Julijá	equivalent	Júlia	rusyn	HU 19/2025 (IX. 3.) KIM
Julijá	transcription	Julijá	rusyn	HU 19/2025 (IX. 3.) KIM
Julitá	transcription	Julitá	rusyn	HU 19/2025 (IX. 3.) KIM
Juríj	equivalent	György	rusyn	HU 19/2025 (IX. 3.) KIM
Juríj	transcription	Juríj	rusyn	HU 19/2025 (IX. 3.) KIM
Juvenálíj	equivalent	Juvenál	rusyn	HU 19/2025 (IX. 3.) KIM
Juvenálíj	transcription	Juvenálíj	rusyn	HU 19/2025 (IX. 3.) KIM
Juzef	equivalent	Jósiás	rusyn	HU 19/2025 (IX. 3.) KIM
Juzef	equivalent	Józsiás	rusyn	HU 19/2025 (IX. 3.) KIM
Juzef	transcription	Juzef	rusyn	HU 19/2025 (IX. 3.) KIM
Káliná	transcription	Káliná	rusyn	HU 19/2025 (IX. 3.) KIM
Kálmán	equivalent	Kálmán	rusyn	HU 19/2025 (IX. 3.) KIM
Kálmán	transcription	Kálmán	rusyn	HU 19/2025 (IX. 3.) KIM
Kámillá	equivalent	Kamilla	rusyn	HU 19/2025 (IX. 3.) KIM
Kámillá	transcription	Kámillá	rusyn	HU 19/2025 (IX. 3.) KIM
Káriná	equivalent	Karina	rusyn	HU 19/2025 (IX. 3.) KIM
Káriná	transcription	Káriná	rusyn	HU 19/2025 (IX. 3.) KIM
Kárl	equivalent	Károly	rusyn	HU 19/2025 (IX. 3.) KIM
Kárl	transcription	Kárl	rusyn	HU 19/2025 (IX. 3.) KIM
Károliná	equivalent	Karolina	rusyn	HU 19/2025 (IX. 3.) KIM
Károliná	transcription	Károliná	rusyn	HU 19/2025 (IX. 3.) KIM
Károlj	equivalent	Károly	rusyn	HU 19/2025 (IX. 3.) KIM
Károlj	transcription	Károlj	rusyn	HU 19/2025 (IX. 3.) KIM
Kászján	equivalent	Kasszián	rusyn	HU 19/2025 (IX. 3.) KIM
Kászján	transcription	Kászján	rusyn	HU 19/2025 (IX. 3.) KIM
Káteriná	equivalent	Katalin	rusyn	HU 19/2025 (IX. 3.) KIM
Káteriná	equivalent	Katerina	rusyn	HU 19/2025 (IX. 3.) KIM
Káteriná	transcription	Káteriná	rusyn	HU 19/2025 (IX. 3.) KIM
Kázimir	equivalent	Kazimir	rusyn	HU 19/2025 (IX. 3.) KIM
Kázimir	equivalent	Kázmér	rusyn	HU 19/2025 (IX. 3.) KIM
Kázimir	transcription	Kázimir	rusyn	HU 19/2025 (IX. 3.) KIM
Kelemen	equivalent	Kelemen	rusyn	HU 19/2025 (IX. 3.) KIM
Kelemen	transcription	Kelemen	rusyn	HU 19/2025 (IX. 3.) KIM
Kirá	equivalent	Kira	rusyn	HU 19/2025 (IX. 3.) KIM
Kirá	transcription	Kirá	rusyn	HU 19/2025 (IX. 3.) KIM
Kiril	equivalent	Kirill	rusyn	HU 19/2025 (IX. 3.) KIM
Kiril	transcription	Kiril	rusyn	HU 19/2025 (IX. 3.) KIM
Klárá	equivalent	Klára	rusyn	HU 19/2025 (IX. 3.) KIM
Klárá	transcription	Klárá	rusyn	HU 19/2025 (IX. 3.) KIM
Klávdijá	equivalent	Klaudia	rusyn	HU 19/2025 (IX. 3.) KIM
Klávdijá	transcription	Klávdijá	rusyn	HU 19/2025 (IX. 3.) KIM
Klimentíj	equivalent	Kelemen	rusyn	HU 19/2025 (IX. 3.) KIM
Klimentíj	transcription	Klimentíj	rusyn	HU 19/2025 (IX. 3.) KIM
Kondrátíj	equivalent	Konrád	rusyn	HU 19/2025 (IX. 3.) KIM
Kondrátíj	transcription	Kondrátíj	rusyn	HU 19/2025 (IX. 3.) KIM
Konsztántin	equivalent	Konsztántin	rusyn	HU 19/2025 (IX. 3.) KIM
Konsztántin	transcription	Konsztántin	rusyn	HU 19/2025 (IX. 3.) KIM
Kornelíj	equivalent	Kornél	rusyn	HU 19/2025 (IX. 3.) KIM
Kornelíj	transcription	Kornelíj	rusyn	HU 19/2025 (IX. 3.) KIM
Kornelijá	equivalent	Kornélia	rusyn	HU 19/2025 (IX. 3.) KIM
Kornelijá	transcription	Kornelijá	rusyn	HU 19/2025 (IX. 3.) KIM
Krisztián	equivalent	Krisztián	rusyn	HU 19/2025 (IX. 3.) KIM
Krisztián	transcription	Krisztián	rusyn	HU 19/2025 (IX. 3.) KIM
Krisztiná	equivalent	Krisztina	rusyn	HU 19/2025 (IX. 3.) KIM
Krisztiná	transcription	Krisztiná	rusyn	HU 19/2025 (IX. 3.) KIM
Kszáverij	equivalent	Xavér	rusyn	HU 19/2025 (IX. 3.) KIM
Kszáverij	transcription	Kszáverij	rusyn	HU 19/2025 (IX. 3.) KIM
Kszenijá	equivalent	Xénia	rusyn	HU 19/2025 (IX. 3.) KIM
Kszenijá	transcription	Kszenijá	rusyn	HU 19/2025 (IX. 3.) KIM
Lárion	equivalent	Larion	rusyn	HU 19/2025 (IX. 3.) KIM
Lárion	transcription	Lárion	rusyn	HU 19/2025 (IX. 3.) KIM
Láriszá	equivalent	Larissza	rusyn	HU 19/2025 (IX. 3.) KIM
Láriszá	transcription	Láriszá	rusyn	HU 19/2025 (IX. 3.) KIM
Lávrentíj	equivalent	Laurent	rusyn	HU 19/2025 (IX. 3.) KIM
Lávrentíj	transcription	Lávrentíj	rusyn	HU 19/2025 (IX. 3.) KIM
Lávro	equivalent	Laurent	rusyn	HU 19/2025 (IX. 3.) KIM
Lávro	transcription	Lávro	rusyn	HU 19/2025 (IX. 3.) KIM
Lázárj	equivalent	Lázár	rusyn	HU 19/2025 (IX. 3.) KIM
Lázárj	transcription	Lázárj	rusyn	HU 19/2025 (IX. 3.) KIM
Leonárd	equivalent	Leonárd	rusyn	HU 19/2025 (IX. 3.) KIM
Leonárd	transcription	Leonárd	rusyn	HU 19/2025 (IX. 3.) KIM
Leonid	equivalent	Leonyid	rusyn	HU 19/2025 (IX. 3.) KIM
Leonid	transcription	Leonid	rusyn	HU 19/2025 (IX. 3.) KIM
Leontíj	equivalent	Leon	rusyn	HU 19/2025 (IX. 3.) KIM
Leontíj	transcription	Leontíj	rusyn	HU 19/2025 (IX. 3.) KIM
Lev	equivalent	Leó	rusyn	HU 19/2025 (IX. 3.) KIM
Lev	transcription	Lev	rusyn	HU 19/2025 (IX. 3.) KIM
Levente	equivalent	Levente	rusyn	HU 19/2025 (IX. 3.) KIM
Levente	transcription	Levente	rusyn	HU 19/2025 (IX. 3.) KIM
Lidyijá	equivalent	Lídia	rusyn	HU 19/2025 (IX. 3.) KIM
Lidyijá	transcription	Lidyijá	rusyn	HU 19/2025 (IX. 3.) KIM
Lilijá	equivalent	Lili	rusyn	HU 19/2025 (IX. 3.) KIM
Lilijá	equivalent	Lilla	rusyn	HU 19/2025 (IX. 3.) KIM
Lilijá	transcription	Lilijá	rusyn	HU 19/2025 (IX. 3.) KIM
Livijá	equivalent	Lívia	rusyn	HU 19/2025 (IX. 3.) KIM
Livijá	transcription	Livijá	rusyn	HU 19/2025 (IX. 3.) KIM
Ljubovj	transcription	Ljubovj	rusyn	HU 19/2025 (IX. 3.) KIM
Ljudmilá	equivalent	Ludmila	rusyn	HU 19/2025 (IX. 3.) KIM
Ljudmilá	transcription	Ljudmilá	rusyn	HU 19/2025 (IX. 3.) KIM
Ljudvig	equivalent	Lajos	rusyn	HU 19/2025 (IX. 3.) KIM
Ljudvig	transcription	Ljudvig	rusyn	HU 19/2025 (IX. 3.) KIM
Ljumobir	transcription	Ljumobir	rusyn	HU 19/2025 (IX. 3.) KIM
Lojos	equivalent	Lajos	rusyn	HU 19/2025 (IX. 3.) KIM
Lojos	transcription	Lojos	rusyn	HU 19/2025 (IX. 3.) KIM
Lolitá	equivalent	Lola	rusyn	HU 19/2025 (IX. 3.) KIM
Lolitá	equivalent	Lolita	rusyn	HU 19/2025 (IX. 3.) KIM
Lolitá	transcription	Lolitá	rusyn	HU 19/2025 (IX. 3.) KIM
Luká	equivalent	Lúciusz	rusyn	HU 19/2025 (IX. 3.) KIM
Luká	transcription	Luká	rusyn	HU 19/2025 (IX. 3.) KIM
Mágdáliná	equivalent	Magdaléna	rusyn	HU 19/2025 (IX. 3.) KIM
Mágdáliná	transcription	Mágdáliná	rusyn	HU 19/2025 (IX. 3.) KIM
Májá	equivalent	Maja	rusyn	HU 19/2025 (IX. 3.) KIM
Májá	transcription	Májá	rusyn	HU 19/2025 (IX. 3.) KIM
Mákár	equivalent	Makár	rusyn	HU 19/2025 (IX. 3.) KIM
Mákár	transcription	Mákár	rusyn	HU 19/2025 (IX. 3.) KIM
Máljviná	equivalent	Malvin	rusyn	HU 19/2025 (IX. 3.) KIM
Máljviná	transcription	Máljviná	rusyn	HU 19/2025 (IX. 3.) KIM
Márgáritá	equivalent	Margarita	rusyn	HU 19/2025 (IX. 3.) KIM
Márgáritá	transcription	Márgáritá	rusyn	HU 19/2025 (IX. 3.) KIM
Máriánná	equivalent	Mariann	rusyn	HU 19/2025 (IX. 3.) KIM
Máriánná	transcription	Máriánná	rusyn	HU 19/2025 (IX. 3.) KIM
Márijá	equivalent	Mária	rusyn	HU 19/2025 (IX. 3.) KIM
Márijá	transcription	Márijá	rusyn	HU 19/2025 (IX. 3.) KIM
Máriná	equivalent	Marina	rusyn	HU 19/2025 (IX. 3.) KIM
Máriná	transcription	Máriná	rusyn	HU 19/2025 (IX. 3.) KIM
Márján	equivalent	Marián	rusyn	HU 19/2025 (IX. 3.) KIM
Márján	transcription	Márján	rusyn	HU 19/2025 (IX. 3.) KIM
Mártá	equivalent	Márta	rusyn	HU 19/2025 (IX. 3.) KIM
Mártá	transcription	Mártá	rusyn	HU 19/2025 (IX. 3.) KIM
Mártin	equivalent	Márton	rusyn	HU 19/2025 (IX. 3.) KIM
Mártin	transcription	Mártin	rusyn	HU 19/2025 (IX. 3.) KIM
Mátiljdá	equivalent	Matild	rusyn	HU 19/2025 (IX. 3.) KIM
Mátiljdá	transcription	Mátiljdá	rusyn	HU 19/2025 (IX. 3.) KIM
Mátvíj	equivalent	Máté	rusyn	HU 19/2025 (IX. 3.) KIM
Mátvíj	transcription	Mátvíj	rusyn	HU 19/2025 (IX. 3.) KIM
Máxim	equivalent	Maxim	rusyn	HU 19/2025 (IX. 3.) KIM
Máxim	transcription	Máxim	rusyn	HU 19/2025 (IX. 3.) KIM
Máximilián	equivalent	Maximilián	rusyn	HU 19/2025 (IX. 3.) KIM
Máximilián	transcription	Máximilián	rusyn	HU 19/2025 (IX. 3.) KIM
Melánijá	equivalent	Melánia	rusyn	HU 19/2025 (IX. 3.) KIM
Melánijá	transcription	Melánijá	rusyn	HU 19/2025 (IX. 3.) KIM
Metodíj	equivalent	Metód	rusyn	HU 19/2025 (IX. 3.) KIM
Metodíj	transcription	Metodíj	rusyn	HU 19/2025 (IX. 3.) KIM
Miháíl	equivalent	Mihály	rusyn	HU 19/2025 (IX. 3.) KIM
Miháíl	transcription	Miháíl	rusyn	HU 19/2025 (IX. 3.) KIM
Mihájliná	equivalent	Miháela	rusyn	HU 19/2025 (IX. 3.) KIM
Mihájliná	transcription	Mihájliná	rusyn	HU 19/2025 (IX. 3.) KIM
Mihálj	equivalent	Mihály	rusyn	HU 19/2025 (IX. 3.) KIM
Mihálj	transcription	Mihálj	rusyn	HU 19/2025 (IX. 3.) KIM
Mikita	equivalent	Miklós	rusyn	HU 19/2025 (IX. 3.) KIM
Mikita	transcription	Mikita	rusyn	HU 19/2025 (IX. 3.) KIM
Mikoláj	equivalent	Miklós	rusyn	HU 19/2025 (IX. 3.) KIM
Mikoláj	transcription	Mikoláj	rusyn	HU 19/2025 (IX. 3.) KIM
Milán	transcription	Milán	rusyn	HU 19/2025 (IX. 3.) KIM
Miron	equivalent	Miron	rusyn	HU 19/2025 (IX. 3.) KIM
Miron	transcription	Miron	rusyn	HU 19/2025 (IX. 3.) KIM
Miroszláv	equivalent	Miroszláv	rusyn	HU 19/2025 (IX. 3.) KIM
Miroszláv	transcription	Miroszláv	rusyn	HU 19/2025 (IX. 3.) KIM
Miroszlává	equivalent	Míra	rusyn	HU 19/2025 (IX. 3.) KIM
Miroszlává	transcription	Miroszlává	rusyn	HU 19/2025 (IX. 3.) KIM
Mitrofán	transcription	Mitrofán	rusyn	HU 19/2025 (IX. 3.) KIM
Mogdá	equivalent	Magdolna	rusyn	HU 19/2025 (IX. 3.) KIM
Mogdá	transcription	Mogdá	rusyn	HU 19/2025 (IX. 3.) KIM
Moniká	equivalent	Mónika	rusyn	HU 19/2025 (IX. 3.) KIM
Moniká	transcription	Moniká	rusyn	HU 19/2025 (IX. 3.) KIM
Nágyezsdá	equivalent	Nadin	rusyn	HU 19/2025 (IX. 3.) KIM
Nágyezsdá	equivalent	Nádjá	rusyn	HU 19/2025 (IX. 3.) KIM
Nágyezsdá	transcription	Nágyezsdá	rusyn	HU 19/2025 (IX. 3.) KIM
Nándor	equivalent	Nándor	rusyn	HU 19/2025 (IX. 3.) KIM
Nándor	transcription	Nándor	rusyn	HU 19/2025 (IX. 3.) KIM
Násztasz	equivalent	Atanáz	rusyn	HU 19/2025 (IX. 3.) KIM
Násztasz	transcription	Násztasz	rusyn	HU 19/2025 (IX. 3.) KIM
Násztásziá	transcription	Násztásziá	rusyn	HU 19/2025 (IX. 3.) KIM
Nátálijá	equivalent	Natali	rusyn	HU 19/2025 (IX. 3.) KIM
Nátálijá	equivalent	Natalja	rusyn	HU 19/2025 (IX. 3.) KIM
Nátálijá	transcription	Nátálijá	rusyn	HU 19/2025 (IX. 3.) KIM
Názár	transcription	Názár	rusyn	HU 19/2025 (IX. 3.) KIM
Nesztor	equivalent	Nesztor	rusyn	HU 19/2025 (IX. 3.) KIM
Nesztor	transcription	Nesztor	rusyn	HU 19/2025 (IX. 3.) KIM
Nikolettá	equivalent	Nikol	rusyn	HU 19/2025 (IX. 3.) KIM
Nikolettá	equivalent	Nikolett	rusyn	HU 19/2025 (IX. 3.) KIM
Nikolettá	transcription	Nikolettá	rusyn	HU 19/2025 (IX. 3.) KIM
Noná	equivalent	Nóna	rusyn	HU 19/2025 (IX. 3.) KIM
Noná	transcription	Noná	rusyn	HU 19/2025 (IX. 3.) KIM
Norá	equivalent	Nóra	rusyn	HU 19/2025 (IX. 3.) KIM
Norá	transcription	Norá	rusyn	HU 19/2025 (IX. 3.) KIM
Norbert	equivalent	Norbert	rusyn	HU 19/2025 (IX. 3.) KIM
Norbert	transcription	Norbert	rusyn	HU 19/2025 (IX. 3.) KIM
Oktávijá	equivalent	Oktávia	rusyn	HU 19/2025 (IX. 3.) KIM
Oktávijá	transcription	Oktávijá	rusyn	HU 19/2025 (IX. 3.) KIM
Oleg	transcription	Oleg	rusyn	HU 19/2025 (IX. 3.) KIM
Olená	equivalent	Helena	rusyn	HU 19/2025 (IX. 3.) KIM
Olená	transcription	Olená	rusyn	HU 19/2025 (IX. 3.) KIM
Oliver	equivalent	Olivér	rusyn	HU 19/2025 (IX. 3.) KIM
Oliver	transcription	Oliver	rusyn	HU 19/2025 (IX. 3.) KIM
Olivijá	equivalent	Oliva	rusyn	HU 19/2025 (IX. 3.) KIM
Olivijá	equivalent	Olivia	rusyn	HU 19/2025 (IX. 3.) KIM
Olivijá	transcription	Olivijá	rusyn	HU 19/2025 (IX. 3.) KIM
Oljgá	equivalent	Olga	rusyn	HU 19/2025 (IX. 3.) KIM
Oljgá	transcription	Oljgá	rusyn	HU 19/2025 (IX. 3.) KIM
Omelján	equivalent	Emil	rusyn	HU 19/2025 (IX. 3.) KIM
Omelján	transcription	Omelján	rusyn	HU 19/2025 (IX. 3.) KIM
Oniszim	transcription	Oniszim	rusyn	HU 19/2025 (IX. 3.) KIM
Oreszt	transcription	Oreszt	rusyn	HU 19/2025 (IX. 3.) KIM
Oriná	transcription	Oriná	rusyn	HU 19/2025 (IX. 3.) KIM
Otto	equivalent	Ottó	rusyn	HU 19/2025 (IX. 3.) KIM
Otto	transcription	Otto	rusyn	HU 19/2025 (IX. 3.) KIM
Pántelejmon	equivalent	Panteleon	rusyn	HU 19/2025 (IX. 3.) KIM
Pántelejmon	transcription	Pántelejmon	rusyn	HU 19/2025 (IX. 3.) KIM
Pável	equivalent	Pál	rusyn	HU 19/2025 (IX. 3.) KIM
Pável	equivalent	Pável	rusyn	HU 19/2025 (IX. 3.) KIM
Pável	transcription	Pável	rusyn	HU 19/2025 (IX. 3.) KIM
Pávliná	equivalent	Paulina	rusyn	HU 19/2025 (IX. 3.) KIM
Pávliná	transcription	Pávliná	rusyn	HU 19/2025 (IX. 3.) KIM
Petro	equivalent	Péter	rusyn	HU 19/2025 (IX. 3.) KIM
Petro	transcription	Petro	rusyn	HU 19/2025 (IX. 3.) KIM
Pláton	equivalent	Platon	rusyn	HU 19/2025 (IX. 3.) KIM
Pláton	transcription	Pláton	rusyn	HU 19/2025 (IX. 3.) KIM
Polánjá	equivalent	Pelágia	rusyn	HU 19/2025 (IX. 3.) KIM
Polánjá	transcription	Polánjá	rusyn	HU 19/2025 (IX. 3.) KIM
Poliná	transcription	Poliná	rusyn	HU 19/2025 (IX. 3.) KIM
Porfiríj	equivalent	Porfir	rusyn	HU 19/2025 (IX. 3.) KIM
Porfiríj	transcription	Porfiríj	rusyn	HU 19/2025 (IX. 3.) KIM
Potáp	transcription	Potáp	rusyn	HU 19/2025 (IX. 3.) KIM
Ráiszá	equivalent	Rea	rusyn	HU 19/2025 (IX. 3.) KIM
Ráiszá	transcription	Ráiszá	rusyn	HU 19/2025 (IX. 3.) KIM
Reginá	equivalent	Regina	rusyn	HU 19/2025 (IX. 3.) KIM
Reginá	transcription	Reginá	rusyn	HU 19/2025 (IX. 3.) KIM
Renátá	equivalent	Renáta	rusyn	HU 19/2025 (IX. 3.) KIM
Renátá	transcription	Renátá	rusyn	HU 19/2025 (IX. 3.) KIM
Ricsárd	equivalent	Richárd	rusyn	HU 19/2025 (IX. 3.) KIM
Ricsárd	transcription	Ricsárd	rusyn	HU 19/2025 (IX. 3.) KIM
Rihárd	equivalent	Rihárd	rusyn	HU 19/2025 (IX. 3.) KIM
Rihárd	transcription	Rihárd	rusyn	HU 19/2025 (IX. 3.) KIM
Ritá	equivalent	Rita	rusyn	HU 19/2025 (IX. 3.) KIM
Ritá	transcription	Ritá	rusyn	HU 19/2025 (IX. 3.) KIM
Robert	equivalent	Róbert	rusyn	HU 19/2025 (IX. 3.) KIM
Robert	transcription	Robert	rusyn	HU 19/2025 (IX. 3.) KIM
Rodion	transcription	Rodion	rusyn	HU 19/2025 (IX. 3.) KIM
Rokszáná	equivalent	Roxána	rusyn	HU 19/2025 (IX. 3.) KIM
Rokszáná	transcription	Rokszáná	rusyn	HU 19/2025 (IX. 3.) KIM
Rolánd	equivalent	Roland	rusyn	HU 19/2025 (IX. 3.) KIM
Rolánd	transcription	Rolánd	rusyn	HU 19/2025 (IX. 3.) KIM
Román	equivalent	Román	rusyn	HU 19/2025 (IX. 3.) KIM
Román	transcription	Román	rusyn	HU 19/2025 (IX. 3.) KIM
Románá	equivalent	Romána	rusyn	HU 19/2025 (IX. 3.) KIM
Románá	transcription	Románá	rusyn	HU 19/2025 (IX. 3.) KIM
Ronáljd	equivalent	Ronald	rusyn	HU 19/2025 (IX. 3.) KIM
Ronáljd	transcription	Ronáljd	rusyn	HU 19/2025 (IX. 3.) KIM
Rozá	equivalent	Róza	rusyn	HU 19/2025 (IX. 3.) KIM
Rozá	transcription	Rozá	rusyn	HU 19/2025 (IX. 3.) KIM
Rozálijá	equivalent	Rozália	rusyn	HU 19/2025 (IX. 3.) KIM
Rozálijá	transcription	Rozálijá	rusyn	HU 19/2025 (IX. 3.) KIM
Rudoljf	equivalent	Rudolf	rusyn	HU 19/2025 (IX. 3.) KIM
Rudoljf	transcription	Rudoljf	rusyn	HU 19/2025 (IX. 3.) KIM
Ruszlán	equivalent	Ruszlán	rusyn	HU 19/2025 (IX. 3.) KIM
Ruszlán	transcription	Ruszlán	rusyn	HU 19/2025 (IX. 3.) KIM
Ruszláná	equivalent	Ruszlána	rusyn	HU 19/2025 (IX. 3.) KIM
Ruszláná	transcription	Ruszláná	rusyn	HU 19/2025 (IX. 3.) KIM
Sárá	equivalent	Sára	rusyn	HU 19/2025 (IX. 3.) KIM
Sárá	equivalent	Sári	rusyn	HU 19/2025 (IX. 3.) KIM
Sárá	transcription	Sárá	rusyn	HU 19/2025 (IX. 3.) KIM
Sárlottá	equivalent	Sarlott	rusyn	HU 19/2025 (IX. 3.) KIM
Sárlottá	transcription	Sárlottá	rusyn	HU 19/2025 (IX. 3.) KIM
Simon	equivalent	Simeon	rusyn	HU 19/2025 (IX. 3.) KIM
Simon	equivalent	Simon	rusyn	HU 19/2025 (IX. 3.) KIM
Simon	transcription	Simon	rusyn	HU 19/2025 (IX. 3.) KIM
Stefán	equivalent	Stefán	rusyn	HU 19/2025 (IX. 3.) KIM
Stefán	equivalent	Sztefán	rusyn	HU 19/2025 (IX. 3.) KIM
Stefán	transcription	Stefán	rusyn	HU 19/2025 (IX. 3.) KIM
Szábiná	equivalent	Szabina	rusyn	HU 19/2025 (IX. 3.) KIM
Szábiná	transcription	Szábiná	rusyn	HU 19/2025 (IX. 3.) KIM
Számszon	equivalent	Sámson	rusyn	HU 19/2025 (IX. 3.) KIM
Számszon	transcription	Számszon	rusyn	HU 19/2025 (IX. 3.) KIM
Szávelíj	equivalent	Saul	rusyn	HU 19/2025 (IX. 3.) KIM
Szávelíj	transcription	Szávelíj	rusyn	HU 19/2025 (IX. 3.) KIM
Szemen	equivalent	Simeon	rusyn	HU 19/2025 (IX. 3.) KIM
Szemen	transcription	Szemen	rusyn	HU 19/2025 (IX. 3.) KIM
Szeráfim	equivalent	Szeráf	rusyn	HU 19/2025 (IX. 3.) KIM
Szeráfim	transcription	Szeráfim	rusyn	HU 19/2025 (IX. 3.) KIM
Szergej	equivalent	Szergiusz	rusyn	HU 19/2025 (IX. 3.) KIM
Szergej	transcription	Szergej	rusyn	HU 19/2025 (IX. 3.) KIM
Szigoníj	equivalent	Sion	rusyn	HU 19/2025 (IX. 3.) KIM
Szigoníj	transcription	Szigoníj	rusyn	HU 19/2025 (IX. 3.) KIM
Sziljvesztr	equivalent	Szilveszter	rusyn	HU 19/2025 (IX. 3.) KIM
Sziljvesztr	transcription	Sziljvesztr	rusyn	HU 19/2025 (IX. 3.) KIM
Sziljvijá	equivalent	Szilvia	rusyn	HU 19/2025 (IX. 3.) KIM
Sziljvijá	transcription	Sziljvijá	rusyn	HU 19/2025 (IX. 3.) KIM
Szofijá	equivalent	Szófia	rusyn	HU 19/2025 (IX. 3.) KIM
Szofijá	transcription	Szofijá	rusyn	HU 19/2025 (IX. 3.) KIM
Sztániszláv	equivalent	Sztaniszló	rusyn	HU 19/2025 (IX. 3.) KIM
Sztániszláv	transcription	Sztániszláv	rusyn	HU 19/2025 (IX. 3.) KIM
Sztefán	equivalent	Stefán	rusyn	HU 19/2025 (IX. 3.) KIM
Sztefán	transcription	Sztefán	rusyn	HU 19/2025 (IX. 3.) KIM
Sztefánijá	equivalent	Stefánia	rusyn	HU 19/2025 (IX. 3.) KIM
Sztefánijá	transcription	Sztefánijá	rusyn	HU 19/2025 (IX. 3.) KIM
Sztellá	equivalent	Sztella	rusyn	HU 19/2025 (IX. 3.) KIM
Sztellá	transcription	Sztellá	rusyn	HU 19/2025 (IX. 3.) KIM
Sztepán	equivalent	Stefán	rusyn	HU 19/2025 (IX. 3.) KIM
Sztepán	transcription	Sztepán	rusyn	HU 19/2025 (IX. 3.) KIM
Szvetláná	equivalent	Hajnalka	rusyn	HU 19/2025 (IX. 3.) KIM
Szvetláná	transcription	Szvetláná	rusyn	HU 19/2025 (IX. 3.) KIM
Szvitozár	transcription	Szvitozár	rusyn	HU 19/2025 (IX. 3.) KIM
Szvjátoszláv	transcription	Szvjátoszláv	rusyn	HU 19/2025 (IX. 3.) KIM
Támárá	equivalent	Tamara	rusyn	HU 19/2025 (IX. 3.) KIM
Támárá	transcription	Támárá	rusyn	HU 19/2025 (IX. 3.) KIM
Tátjáná	equivalent	Tatjána	rusyn	HU 19/2025 (IX. 3.) KIM
Tátjáná	transcription	Tátjáná	rusyn	HU 19/2025 (IX. 3.) KIM
Teodor	equivalent	Teodor	rusyn	HU 19/2025 (IX. 3.) KIM
Teodor	transcription	Teodor	rusyn	HU 19/2025 (IX. 3.) KIM
Teofán	equivalent	Teofil	rusyn	HU 19/2025 (IX. 3.) KIM
Teofán	transcription	Teofán	rusyn	HU 19/2025 (IX. 3.) KIM
Teofil	transcription	Teofil	rusyn	HU 19/2025 (IX. 3.) KIM
Terentíj	equivalent	Terensz	rusyn	HU 19/2025 (IX. 3.) KIM
Terentíj	transcription	Terentíj	rusyn	HU 19/2025 (IX. 3.) KIM
Terezá	equivalent	Terézia	rusyn	HU 19/2025 (IX. 3.) KIM
Terezá	transcription	Terezá	rusyn	HU 19/2025 (IX. 3.) KIM
Tihomir	transcription	Tihomir	rusyn	HU 19/2025 (IX. 3.) KIM
Tihon	transcription	Tihon	rusyn	HU 19/2025 (IX. 3.) KIM
Timejá	equivalent	Tímea	rusyn	HU 19/2025 (IX. 3.) KIM
Timejá	transcription	Timejá	rusyn	HU 19/2025 (IX. 3.) KIM
Timofíj	equivalent	Timóteusz	rusyn	HU 19/2025 (IX. 3.) KIM
Timofíj	transcription	Timofíj	rusyn	HU 19/2025 (IX. 3.) KIM
Tivodor	equivalent	Tivadar	rusyn	HU 19/2025 (IX. 3.) KIM
Tivodor	transcription	Tivodor	rusyn	HU 19/2025 (IX. 3.) KIM
Todor	equivalent	Teodor	rusyn	HU 19/2025 (IX. 3.) KIM
Todor	transcription	Todor	rusyn	HU 19/2025 (IX. 3.) KIM
Tomás	equivalent	Tamás	rusyn	HU 19/2025 (IX. 3.) KIM
Tomás	transcription	Tomás	rusyn	HU 19/2025 (IX. 3.) KIM
Ulján	equivalent	Ulpián	rusyn	HU 19/2025 (IX. 3.) KIM
Ulján	transcription	Ulján	rusyn	HU 19/2025 (IX. 3.) KIM
Usztim	equivalent	Jusztin	rusyn	HU 19/2025 (IX. 3.) KIM
Usztim	equivalent	Jusztusz	rusyn	HU 19/2025 (IX. 3.) KIM
Usztim	transcription	Usztim	rusyn	HU 19/2025 (IX. 3.) KIM
Válentin	equivalent	Bálint	rusyn	HU 19/2025 (IX. 3.) KIM
Válentin	transcription	Válentin	rusyn	HU 19/2025 (IX. 3.) KIM
Válentiná	equivalent	Valentina	rusyn	HU 19/2025 (IX. 3.) KIM
Válentiná	transcription	Válentiná	rusyn	HU 19/2025 (IX. 3.) KIM
Valerián	equivalent	Valerián	rusyn	HU 19/2025 (IX. 3.) KIM
Valerián	transcription	Valerián	rusyn	HU 19/2025 (IX. 3.) KIM
Váleríj	equivalent	Valér	rusyn	HU 19/2025 (IX. 3.) KIM
Váleríj	transcription	Váleríj	rusyn	HU 19/2025 (IX. 3.) KIM
Válerijá	equivalent	Valeria	rusyn	HU 19/2025 (IX. 3.) KIM
Válerijá	transcription	Válerijá	rusyn	HU 19/2025 (IX. 3.) KIM
Vándá	equivalent	Vanda	rusyn	HU 19/2025 (IX. 3.) KIM
Vándá	transcription	Vándá	rusyn	HU 19/2025 (IX. 3.) KIM
Vánesszá	equivalent	Vanessza	rusyn	HU 19/2025 (IX. 3.) KIM
Vánesszá	transcription	Vánesszá	rusyn	HU 19/2025 (IX. 3.) KIM
Várfolomíj	equivalent	Bertalan	rusyn	HU 19/2025 (IX. 3.) KIM
Várfolomíj	transcription	Várfolomíj	rusyn	HU 19/2025 (IX. 3.) KIM
Várvárá	equivalent	Barbara	rusyn	HU 19/2025 (IX. 3.) KIM
Várvárá	transcription	Várvárá	rusyn	HU 19/2025 (IX. 3.) KIM
Vászilíj	equivalent	Bazil	rusyn	HU 19/2025 (IX. 3.) KIM
Vászilíj	transcription	Vászilíj	rusyn	HU 19/2025 (IX. 3.) KIM
Vásziliná	equivalent	Vaszília	rusyn	HU 19/2025 (IX. 3.) KIM
Vásziliná	transcription	Vásziliná	rusyn	HU 19/2025 (IX. 3.) KIM
Vaszilj	equivalent	Bazil	rusyn	HU 19/2025 (IX. 3.) KIM
Vaszilj	transcription	Vaszilj	rusyn	HU 19/2025 (IX. 3.) KIM
Veniamin	equivalent	Benjámin	rusyn	HU 19/2025 (IX. 3.) KIM
Veniamin	transcription	Veniamin	rusyn	HU 19/2025 (IX. 3.) KIM
Veroniká	equivalent	Veronika	rusyn	HU 19/2025 (IX. 3.) KIM
Veroniká	transcription	Veroniká	rusyn	HU 19/2025 (IX. 3.) KIM
Vikentij	equivalent	Vikentij	rusyn	HU 19/2025 (IX. 3.) KIM
Vikentij	transcription	Vikentij	rusyn	HU 19/2025 (IX. 3.) KIM
Viktor	equivalent	Győző	rusyn	HU 19/2025 (IX. 3.) KIM
Viktor	equivalent	Viktor	rusyn	HU 19/2025 (IX. 3.) KIM
Viktor	transcription	Viktor	rusyn	HU 19/2025 (IX. 3.) KIM
Viktorijá	equivalent	Viktória	rusyn	HU 19/2025 (IX. 3.) KIM
Viktorijá	transcription	Viktorijá	rusyn	HU 19/2025 (IX. 3.) KIM
Vilgelm	equivalent	Vilmos	rusyn	HU 19/2025 (IX. 3.) KIM
Vilgelm	transcription	Vilgelm	rusyn	HU 19/2025 (IX. 3.) KIM
Violá	equivalent	Viola	rusyn	HU 19/2025 (IX. 3.) KIM
Violá	transcription	Violá	rusyn	HU 19/2025 (IX. 3.) KIM
Violettá	equivalent	Violett	rusyn	HU 19/2025 (IX. 3.) KIM
Violettá	equivalent	Violetta	rusyn	HU 19/2025 (IX. 3.) KIM
Violettá	transcription	Violettá	rusyn	HU 19/2025 (IX. 3.) KIM
Virá	equivalent	Vera	rusyn	HU 19/2025 (IX. 3.) KIM
Virá	transcription	Virá	rusyn	HU 19/2025 (IX. 3.) KIM
Vitálijá	equivalent	Vitalia	rusyn	HU 19/2025 (IX. 3.) KIM
Vitálijá	transcription	Vitálijá	rusyn	HU 19/2025 (IX. 3.) KIM
Vladimir	equivalent	Vladimir	rusyn	HU 19/2025 (IX. 3.) KIM
Vladimir	transcription	Vladimir	rusyn	HU 19/2025 (IX. 3.) KIM
Vladiszláv	equivalent	Vladiszláv	rusyn	HU 19/2025 (IX. 3.) KIM
Vladiszláv	transcription	Vladiszláv	rusyn	HU 19/2025 (IX. 3.) KIM
Zigmund	equivalent	Zsigmond	rusyn	HU 19/2025 (IX. 3.) KIM
Zigmund	transcription	Zigmund	rusyn	HU 19/2025 (IX. 3.) KIM
Zináidá	equivalent	Zina	rusyn	HU 19/2025 (IX. 3.) KIM
Zináidá	equivalent	Zinaida	rusyn	HU 19/2025 (IX. 3.) KIM
Zináidá	transcription	Zináidá	rusyn	HU 19/2025 (IX. 3.) KIM
Zinovíj	equivalent	Zénó	rusyn	HU 19/2025 (IX. 3.) KIM
Zinovíj	transcription	Zinovíj	rusyn	HU 19/2025 (IX. 3.) KIM
Zitá	equivalent	Zita	rusyn	HU 19/2025 (IX. 3.) KIM
Zitá	transcription	Zitá	rusyn	HU 19/2025 (IX. 3.) KIM
Zojá	equivalent	Zoé	rusyn	HU 19/2025 (IX. 3.) KIM
Zojá	equivalent	Zoja	rusyn	HU 19/2025 (IX. 3.) KIM
Zojá	transcription	Zojá	rusyn	HU 19/2025 (IX. 3.) KIM
Zoltán	equivalent	Zoltán	rusyn	HU 19/2025 (IX. 3.) KIM
Zoltán	transcription	Zoltán	rusyn	HU 19/2025 (IX. 3.) KIM
Zoszim	transcription	Zoszim	rusyn	HU 19/2025 (IX. 3.) KIM
Zsánná	equivalent	Zsanna	rusyn	HU 19/2025 (IX. 3.) KIM
Zsánná	transcription	Zsánná	rusyn	HU 19/2025 (IX. 3.) KIM
Zsigmond	equivalent	Zsigmond	rusyn	HU 19/2025 (IX. 3.) KIM
Zsigmond	transcription	Zsigmond	rusyn	HU 19/2025 (IX. 3.) KIM
Zsolt	equivalent	Zsolt	rusyn	HU 19/2025 (IX. 3.) KIM
Zsolt	transcription	Zsolt	rusyn	HU 19/2025 (IX. 3.) KIM
Zsuzsánná	equivalent	Zsuzsanna	rusyn	HU 19/2025 (IX. 3.) KIM
Zsuzsánná	transcription	Zsuzsánná	rusyn	HU 19/2025 (IX. 3.) KIM
Zuzánná	equivalent	Zsuzsanna	rusyn	HU 19/2025 (IX. 3.) KIM
Zuzánná	transcription	Zuzánná	rusyn	HU 19/2025 (IX. 3.) KIM
Ádám	transcription	Ádám	serbian	HU 20/2025 (IX. 3.) KIM
Adelina	transcription	Adelina	serbian	HU 20/2025 (IX. 3.) KIM
Adrijána	transcription	Adrijána	serbian	HU 20/2025 (IX. 3.) KIM
Adrijana	transcription	Adrijana	serbian	HU 20/2025 (IX. 3.) KIM
Agaton	transcription	Agaton	serbian	HU 20/2025 (IX. 3.) KIM
Agnica	transcription	Agnica	serbian	HU 20/2025 (IX. 3.) KIM
Agnija	transcription	Agnija	serbian	HU 20/2025 (IX. 3.) KIM
Akszentije	transcription	Akszentije	serbian	HU 20/2025 (IX. 3.) KIM
Aleksza	transcription	Aleksza	serbian	HU 20/2025 (IX. 3.) KIM
Alekszandar	transcription	Alekszandar	serbian	HU 20/2025 (IX. 3.) KIM
Alekszandra	transcription	Alekszandra	serbian	HU 20/2025 (IX. 3.) KIM
Alekszija	transcription	Alekszija	serbian	HU 20/2025 (IX. 3.) KIM
Alekszije	transcription	Alekszije	serbian	HU 20/2025 (IX. 3.) KIM
Alimpije	transcription	Alimpije	serbian	HU 20/2025 (IX. 3.) KIM
Ana	transcription	Ana	serbian	HU 20/2025 (IX. 3.) KIM
Anasztászija	transcription	Anasztászija	serbian	HU 20/2025 (IX. 3.) KIM
Anda	transcription	Anda	serbian	HU 20/2025 (IX. 3.) KIM
Andrea	transcription	Andrea	serbian	HU 20/2025 (IX. 3.) KIM
Andrijána	transcription	Andrijána	serbian	HU 20/2025 (IX. 3.) KIM
Andronik	transcription	Andronik	serbian	HU 20/2025 (IX. 3.) KIM
Ángyelko	transcription	Ángyelko	serbian	HU 20/2025 (IX. 3.) KIM
Anica	transcription	Anica	serbian	HU 20/2025 (IX. 3.) KIM
Ánka	transcription	Ánka	serbian	HU 20/2025 (IX. 3.) KIM
Ánkica	transcription	Ánkica	serbian	HU 20/2025 (IX. 3.) KIM
Ánta	transcription	Ánta	serbian	HU 20/2025 (IX. 3.) KIM
Ánto	transcription	Ánto	serbian	HU 20/2025 (IX. 3.) KIM
Antónija	transcription	Antónija	serbian	HU 20/2025 (IX. 3.) KIM
Ántonije	transcription	Ántonije	serbian	HU 20/2025 (IX. 3.) KIM
Antonína	transcription	Antonína	serbian	HU 20/2025 (IX. 3.) KIM
Árángyel	transcription	Árángyel	serbian	HU 20/2025 (IX. 3.) KIM
Ársza	transcription	Ársza	serbian	HU 20/2025 (IX. 3.) KIM
Árszen	transcription	Árszen	serbian	HU 20/2025 (IX. 3.) KIM
Árszenije	transcription	Árszenije	serbian	HU 20/2025 (IX. 3.) KIM
Árszo	transcription	Árszo	serbian	HU 20/2025 (IX. 3.) KIM
Atanászija	transcription	Atanászija	serbian	HU 20/2025 (IX. 3.) KIM
Atanászije	transcription	Atanászije	serbian	HU 20/2025 (IX. 3.) KIM
Átyim	transcription	Átyim	serbian	HU 20/2025 (IX. 3.) KIM
Avakum	transcription	Avakum	serbian	HU 20/2025 (IX. 3.) KIM
Avram	transcription	Avram	serbian	HU 20/2025 (IX. 3.) KIM
Bájcseta	transcription	Bájcseta	serbian	HU 20/2025 (IX. 3.) KIM
Bájko	transcription	Bájko	serbian	HU 20/2025 (IX. 3.) KIM
Bájo	transcription	Bájo	serbian	HU 20/2025 (IX. 3.) KIM
Bálsa	transcription	Bálsa	serbian	HU 20/2025 (IX. 3.) KIM
Báne	transcription	Báne	serbian	HU 20/2025 (IX. 3.) KIM
Batrity	transcription	Batrity	serbian	HU 20/2025 (IX. 3.) KIM
Berisa	transcription	Berisa	serbian	HU 20/2025 (IX. 3.) KIM
Beriszáv	transcription	Beriszáv	serbian	HU 20/2025 (IX. 3.) KIM
Beriszláv	transcription	Beriszláv	serbian	HU 20/2025 (IX. 3.) KIM
Beriszláva	transcription	Beriszláva	serbian	HU 20/2025 (IX. 3.) KIM
Berko	transcription	Berko	serbian	HU 20/2025 (IX. 3.) KIM
Biljana	transcription	Biljana	serbian	HU 20/2025 (IX. 3.) KIM
Bilyán	transcription	Bilyán	serbian	HU 20/2025 (IX. 3.) KIM
Bilyan	transcription	Bilyan	serbian	HU 20/2025 (IX. 3.) KIM
Bísza	transcription	Bísza	serbian	HU 20/2025 (IX. 3.) KIM
Biszena	transcription	Biszena	serbian	HU 20/2025 (IX. 3.) KIM
Biszénija	transcription	Biszénija	serbian	HU 20/2025 (IX. 3.) KIM
Biszérka	transcription	Biszérka	serbian	HU 20/2025 (IX. 3.) KIM
Biszerko	transcription	Biszerko	serbian	HU 20/2025 (IX. 3.) KIM
Blagica	transcription	Blagica	serbian	HU 20/2025 (IX. 3.) KIM
Blaginja	transcription	Blaginja	serbian	HU 20/2025 (IX. 3.) KIM
Blagoja	transcription	Blagoja	serbian	HU 20/2025 (IX. 3.) KIM
Blagoje	transcription	Blagoje	serbian	HU 20/2025 (IX. 3.) KIM
Blagojka	transcription	Blagojka	serbian	HU 20/2025 (IX. 3.) KIM
Blagomir	transcription	Blagomir	serbian	HU 20/2025 (IX. 3.) KIM
Blágota	transcription	Blágota	serbian	HU 20/2025 (IX. 3.) KIM
Blazsénka	transcription	Blazsénka	serbian	HU 20/2025 (IX. 3.) KIM
Bobán	transcription	Bobán	serbian	HU 20/2025 (IX. 3.) KIM
Bobana	transcription	Bobana	serbian	HU 20/2025 (IX. 3.) KIM
Bobisa	transcription	Bobisa	serbian	HU 20/2025 (IX. 3.) KIM
Bogdán	transcription	Bogdán	serbian	HU 20/2025 (IX. 3.) KIM
Bogdana	transcription	Bogdana	serbian	HU 20/2025 (IX. 3.) KIM
Bogdánka	transcription	Bogdánka	serbian	HU 20/2025 (IX. 3.) KIM
Bogely	transcription	Bogely	serbian	HU 20/2025 (IX. 3.) KIM
Boginya	transcription	Boginya	serbian	HU 20/2025 (IX. 3.) KIM
Bogísa	transcription	Bogísa	serbian	HU 20/2025 (IX. 3.) KIM
Bogíty	transcription	Bogíty	serbian	HU 20/2025 (IX. 3.) KIM
Bogoboj	transcription	Bogoboj	serbian	HU 20/2025 (IX. 3.) KIM
Bogóje	transcription	Bogóje	serbian	HU 20/2025 (IX. 3.) KIM
Bogoje	transcription	Bogoje	serbian	HU 20/2025 (IX. 3.) KIM
Bogomír	transcription	Bogomír	serbian	HU 20/2025 (IX. 3.) KIM
Bogoszav	transcription	Bogoszav	serbian	HU 20/2025 (IX. 3.) KIM
Bogoszláv	transcription	Bogoszláv	serbian	HU 20/2025 (IX. 3.) KIM
Boin	transcription	Boin	serbian	HU 20/2025 (IX. 3.) KIM
Bója	transcription	Bója	serbian	HU 20/2025 (IX. 3.) KIM
Bojan	transcription	Bojan	serbian	HU 20/2025 (IX. 3.) KIM
Bojána	transcription	Bojána	serbian	HU 20/2025 (IX. 3.) KIM
Bojcséta	transcription	Bojcséta	serbian	HU 20/2025 (IX. 3.) KIM
Bojica	transcription	Bojica	serbian	HU 20/2025 (IX. 3.) KIM
Bójka	transcription	Bójka	serbian	HU 20/2025 (IX. 3.) KIM
Bojkó	transcription	Bojkó	serbian	HU 20/2025 (IX. 3.) KIM
Bojó	transcription	Bojó	serbian	HU 20/2025 (IX. 3.) KIM
Bóra	transcription	Bóra	serbian	HU 20/2025 (IX. 3.) KIM
Borán	transcription	Borán	serbian	HU 20/2025 (IX. 3.) KIM
Borica	transcription	Borica	serbian	HU 20/2025 (IX. 3.) KIM
Borika	transcription	Borika	serbian	HU 20/2025 (IX. 3.) KIM
Borisa	transcription	Borisa	serbian	HU 20/2025 (IX. 3.) KIM
Borisz	transcription	Borisz	serbian	HU 20/2025 (IX. 3.) KIM
Boriszáv	transcription	Boriszáv	serbian	HU 20/2025 (IX. 3.) KIM
Boriszláv	transcription	Boriszláv	serbian	HU 20/2025 (IX. 3.) KIM
Borivoj	transcription	Borivoj	serbian	HU 20/2025 (IX. 3.) KIM
Borivoje	transcription	Borivoje	serbian	HU 20/2025 (IX. 3.) KIM
Borjana	transcription	Borjana	serbian	HU 20/2025 (IX. 3.) KIM
Borjánka	transcription	Borjánka	serbian	HU 20/2025 (IX. 3.) KIM
Bórka	transcription	Bórka	serbian	HU 20/2025 (IX. 3.) KIM
Bórko	transcription	Bórko	serbian	HU 20/2025 (IX. 3.) KIM
Bóró	transcription	Bóró	serbian	HU 20/2025 (IX. 3.) KIM
Boróje	transcription	Boróje	serbian	HU 20/2025 (IX. 3.) KIM
Boskó	transcription	Boskó	serbian	HU 20/2025 (IX. 3.) KIM
Bósza	transcription	Bósza	serbian	HU 20/2025 (IX. 3.) KIM
Boszánka	transcription	Boszánka	serbian	HU 20/2025 (IX. 3.) KIM
Boszílyka	transcription	Boszílyka	serbian	HU 20/2025 (IX. 3.) KIM
Boszna	transcription	Boszna	serbian	HU 20/2025 (IX. 3.) KIM
Bózsa	transcription	Bózsa	serbian	HU 20/2025 (IX. 3.) KIM
Bozsana	transcription	Bozsana	serbian	HU 20/2025 (IX. 3.) KIM
Bozsica	transcription	Bozsica	serbian	HU 20/2025 (IX. 3.) KIM
Bozsidár	transcription	Bozsidár	serbian	HU 20/2025 (IX. 3.) KIM
Bozsidárka	transcription	Bozsidárka	serbian	HU 20/2025 (IX. 3.) KIM
Bozsin	transcription	Bozsin	serbian	HU 20/2025 (IX. 3.) KIM
Bozsina	transcription	Bozsina	serbian	HU 20/2025 (IX. 3.) KIM
Bozsínka	transcription	Bozsínka	serbian	HU 20/2025 (IX. 3.) KIM
Bozsitykó	transcription	Bozsitykó	serbian	HU 20/2025 (IX. 3.) KIM
Bózsó	transcription	Bózsó	serbian	HU 20/2025 (IX. 3.) KIM
Bozsúr	transcription	Bozsúr	serbian	HU 20/2025 (IX. 3.) KIM
Bracán	transcription	Bracán	serbian	HU 20/2025 (IX. 3.) KIM
Braján	transcription	Braján	serbian	HU 20/2025 (IX. 3.) KIM
Brajica	transcription	Brajica	serbian	HU 20/2025 (IX. 3.) KIM
Brájko	transcription	Brájko	serbian	HU 20/2025 (IX. 3.) KIM
Branimír	transcription	Branimír	serbian	HU 20/2025 (IX. 3.) KIM
Braniszáv	transcription	Braniszáv	serbian	HU 20/2025 (IX. 3.) KIM
Braniszláv	transcription	Braniszláv	serbian	HU 20/2025 (IX. 3.) KIM
Branivoj	transcription	Branivoj	serbian	HU 20/2025 (IX. 3.) KIM
Branivoje	transcription	Branivoje	serbian	HU 20/2025 (IX. 3.) KIM
Bránka	transcription	Bránka	serbian	HU 20/2025 (IX. 3.) KIM
Bránkica	transcription	Bránkica	serbian	HU 20/2025 (IX. 3.) KIM
Brátán	transcription	Brátán	serbian	HU 20/2025 (IX. 3.) KIM
Bratimír	transcription	Bratimír	serbian	HU 20/2025 (IX. 3.) KIM
Bratiszláv	transcription	Bratiszláv	serbian	HU 20/2025 (IX. 3.) KIM
Bratiszláva	transcription	Bratiszláva	serbian	HU 20/2025 (IX. 3.) KIM
Bratiszlava	transcription	Bratiszlava	serbian	HU 20/2025 (IX. 3.) KIM
Bratoljub	transcription	Bratoljub	serbian	HU 20/2025 (IX. 3.) KIM
Bratolyub	transcription	Bratolyub	serbian	HU 20/2025 (IX. 3.) KIM
Bratován	transcription	Bratován	serbian	HU 20/2025 (IX. 3.) KIM
Brncsa	transcription	Brncsa	serbian	HU 20/2025 (IX. 3.) KIM
Budimir	transcription	Budimir	serbian	HU 20/2025 (IX. 3.) KIM
Budimírka	transcription	Budimírka	serbian	HU 20/2025 (IX. 3.) KIM
Budímka	transcription	Budímka	serbian	HU 20/2025 (IX. 3.) KIM
Budiszáv	transcription	Budiszáv	serbian	HU 20/2025 (IX. 3.) KIM
Budiszláv	transcription	Budiszláv	serbian	HU 20/2025 (IX. 3.) KIM
Budiszlava	transcription	Budiszlava	serbian	HU 20/2025 (IX. 3.) KIM
Budiszláva	transcription	Budiszláva	serbian	HU 20/2025 (IX. 3.) KIM
Caka	transcription	Caka	serbian	HU 20/2025 (IX. 3.) KIM
Cáka	transcription	Cáka	serbian	HU 20/2025 (IX. 3.) KIM
Cakan	transcription	Cakan	serbian	HU 20/2025 (IX. 3.) KIM
Cakana	transcription	Cakana	serbian	HU 20/2025 (IX. 3.) KIM
Caki	transcription	Caki	serbian	HU 20/2025 (IX. 3.) KIM
Cmílja	transcription	Cmílja	serbian	HU 20/2025 (IX. 3.) KIM
Cmiljánam	transcription	Cmiljánam	serbian	HU 20/2025 (IX. 3.) KIM
Cmiljka	transcription	Cmiljka	serbian	HU 20/2025 (IX. 3.) KIM
Csárna	transcription	Csárna	serbian	HU 20/2025 (IX. 3.) KIM
Csaszláv	transcription	Csaszláv	serbian	HU 20/2025 (IX. 3.) KIM
Csaszlávka	transcription	Csaszlávka	serbian	HU 20/2025 (IX. 3.) KIM
Cséda	transcription	Cséda	serbian	HU 20/2025 (IX. 3.) KIM
Csédo	transcription	Csédo	serbian	HU 20/2025 (IX. 3.) KIM
Csedomír	transcription	Csedomír	serbian	HU 20/2025 (IX. 3.) KIM
Csedomírka	transcription	Csedomírka	serbian	HU 20/2025 (IX. 3.) KIM
Csubrilo	transcription	Csubrilo	serbian	HU 20/2025 (IX. 3.) KIM
Curka	transcription	Curka	serbian	HU 20/2025 (IX. 3.) KIM
Cvéja	transcription	Cvéja	serbian	HU 20/2025 (IX. 3.) KIM
Cveján	transcription	Cveján	serbian	HU 20/2025 (IX. 3.) KIM
Cvéta	transcription	Cvéta	serbian	HU 20/2025 (IX. 3.) KIM
Cvetán	transcription	Cvetán	serbian	HU 20/2025 (IX. 3.) KIM
Cvetána	transcription	Cvetána	serbian	HU 20/2025 (IX. 3.) KIM
Cvetánka	transcription	Cvetánka	serbian	HU 20/2025 (IX. 3.) KIM
Cvetin	transcription	Cvetin	serbian	HU 20/2025 (IX. 3.) KIM
Cvetko	transcription	Cvetko	serbian	HU 20/2025 (IX. 3.) KIM
Cvetoje	transcription	Cvetoje	serbian	HU 20/2025 (IX. 3.) KIM
Cvetos	transcription	Cvetos	serbian	HU 20/2025 (IX. 3.) KIM
Cvija	transcription	Cvija	serbian	HU 20/2025 (IX. 3.) KIM
Cvíja	transcription	Cvíja	serbian	HU 20/2025 (IX. 3.) KIM
Cviján	transcription	Cviján	serbian	HU 20/2025 (IX. 3.) KIM
Cvijána	transcription	Cvijána	serbian	HU 20/2025 (IX. 3.) KIM
Cvijana	transcription	Cvijana	serbian	HU 20/2025 (IX. 3.) KIM
Cvijéta	transcription	Cvijéta	serbian	HU 20/2025 (IX. 3.) KIM
Cvijetin	transcription	Cvijetin	serbian	HU 20/2025 (IX. 3.) KIM
Cvijo	transcription	Cvijo	serbian	HU 20/2025 (IX. 3.) KIM
Cviko	transcription	Cviko	serbian	HU 20/2025 (IX. 3.) KIM
Cvjetán	transcription	Cvjetán	serbian	HU 20/2025 (IX. 3.) KIM
Cvjetko	transcription	Cvjetko	serbian	HU 20/2025 (IX. 3.) KIM
Cvjetos	transcription	Cvjetos	serbian	HU 20/2025 (IX. 3.) KIM
Dabisam	transcription	Dabisam	serbian	HU 20/2025 (IX. 3.) KIM
Dabizsiv	transcription	Dabizsiv	serbian	HU 20/2025 (IX. 3.) KIM
Dabó	transcription	Dabó	serbian	HU 20/2025 (IX. 3.) KIM
Dafina	transcription	Dafina	serbian	HU 20/2025 (IX. 3.) KIM
Dajana	transcription	Dajana	serbian	HU 20/2025 (IX. 3.) KIM
Dalibor	transcription	Dalibor	serbian	HU 20/2025 (IX. 3.) KIM
Daliborka	transcription	Daliborka	serbian	HU 20/2025 (IX. 3.) KIM
Damír	transcription	Damír	serbian	HU 20/2025 (IX. 3.) KIM
Dámján	transcription	Dámján	serbian	HU 20/2025 (IX. 3.) KIM
Damján	transcription	Damján	serbian	HU 20/2025 (IX. 3.) KIM
Dámlján	transcription	Dámlján	serbian	HU 20/2025 (IX. 3.) KIM
Dámnján	transcription	Dámnján	serbian	HU 20/2025 (IX. 3.) KIM
Dána	transcription	Dána	serbian	HU 20/2025 (IX. 3.) KIM
Dáná	transcription	Dáná	serbian	HU 20/2025 (IX. 3.) KIM
Dancsul	transcription	Dancsul	serbian	HU 20/2025 (IX. 3.) KIM
Dáne	transcription	Dáne	serbian	HU 20/2025 (IX. 3.) KIM
Danica	transcription	Danica	serbian	HU 20/2025 (IX. 3.) KIM
Dánijel	transcription	Dánijel	serbian	HU 20/2025 (IX. 3.) KIM
Danijela	transcription	Danijela	serbian	HU 20/2025 (IX. 3.) KIM
Dánilo	transcription	Dánilo	serbian	HU 20/2025 (IX. 3.) KIM
Danilo	transcription	Danilo	serbian	HU 20/2025 (IX. 3.) KIM
Dánka	transcription	Dánka	serbian	HU 20/2025 (IX. 3.) KIM
Dánko	transcription	Dánko	serbian	HU 20/2025 (IX. 3.) KIM
Danójla	transcription	Danójla	serbian	HU 20/2025 (IX. 3.) KIM
Dára	transcription	Dára	serbian	HU 20/2025 (IX. 3.) KIM
Dárije	transcription	Dárije	serbian	HU 20/2025 (IX. 3.) KIM
Dárijó	transcription	Dárijó	serbian	HU 20/2025 (IX. 3.) KIM
Darínka	transcription	Darínka	serbian	HU 20/2025 (IX. 3.) KIM
Dário	transcription	Dário	serbian	HU 20/2025 (IX. 3.) KIM
Darján	transcription	Darján	serbian	HU 20/2025 (IX. 3.) KIM
Dárka	transcription	Dárka	serbian	HU 20/2025 (IX. 3.) KIM
Dárko	transcription	Dárko	serbian	HU 20/2025 (IX. 3.) KIM
Dása	transcription	Dása	serbian	HU 20/2025 (IX. 3.) KIM
Dávid	transcription	Dávid	serbian	HU 20/2025 (IX. 3.) KIM
Davor	transcription	Davor	serbian	HU 20/2025 (IX. 3.) KIM
Dávor	transcription	Dávor	serbian	HU 20/2025 (IX. 3.) KIM
Davorjánka	transcription	Davorjánka	serbian	HU 20/2025 (IX. 3.) KIM
Davórka	transcription	Davórka	serbian	HU 20/2025 (IX. 3.) KIM
Dejan	transcription	Dejan	serbian	HU 20/2025 (IX. 3.) KIM
Deján	transcription	Deján	serbian	HU 20/2025 (IX. 3.) KIM
Dejana	transcription	Dejana	serbian	HU 20/2025 (IX. 3.) KIM
Delivoje	transcription	Delivoje	serbian	HU 20/2025 (IX. 3.) KIM
Désza	transcription	Désza	serbian	HU 20/2025 (IX. 3.) KIM
Deszánka	transcription	Deszánka	serbian	HU 20/2025 (IX. 3.) KIM
Deszimírka	transcription	Deszimírka	serbian	HU 20/2025 (IX. 3.) KIM
Deszpina	transcription	Deszpina	serbian	HU 20/2025 (IX. 3.) KIM
Deszpinya	transcription	Deszpinya	serbian	HU 20/2025 (IX. 3.) KIM
Deszpot	transcription	Deszpot	serbian	HU 20/2025 (IX. 3.) KIM
Déva	transcription	Déva	serbian	HU 20/2025 (IX. 3.) KIM
Dikoszáva	transcription	Dikoszáva	serbian	HU 20/2025 (IX. 3.) KIM
Dikoszava	transcription	Dikoszava	serbian	HU 20/2025 (IX. 3.) KIM
Dimcsó	transcription	Dimcsó	serbian	HU 20/2025 (IX. 3.) KIM
Dimitrije	transcription	Dimitrije	serbian	HU 20/2025 (IX. 3.) KIM
Dioniszíje	transcription	Dioniszíje	serbian	HU 20/2025 (IX. 3.) KIM
Dívna	transcription	Dívna	serbian	HU 20/2025 (IX. 3.) KIM
Dmitár	transcription	Dmitár	serbian	HU 20/2025 (IX. 3.) KIM
Dmitra	transcription	Dmitra	serbian	HU 20/2025 (IX. 3.) KIM
Dobrásin	transcription	Dobrásin	serbian	HU 20/2025 (IX. 3.) KIM
Dobrica	transcription	Dobrica	serbian	HU 20/2025 (IX. 3.) KIM
Dobrilo	transcription	Dobrilo	serbian	HU 20/2025 (IX. 3.) KIM
Dobrinko	transcription	Dobrinko	serbian	HU 20/2025 (IX. 3.) KIM
Dobrivoj	transcription	Dobrivoj	serbian	HU 20/2025 (IX. 3.) KIM
Dobrivoje	transcription	Dobrivoje	serbian	HU 20/2025 (IX. 3.) KIM
Dobrovúk	transcription	Dobrovúk	serbian	HU 20/2025 (IX. 3.) KIM
Dojcsilo	transcription	Dojcsilo	serbian	HU 20/2025 (IX. 3.) KIM
Dojcsin	transcription	Dojcsin	serbian	HU 20/2025 (IX. 3.) KIM
Dokna	transcription	Dokna	serbian	HU 20/2025 (IX. 3.) KIM
Doko	transcription	Doko	serbian	HU 20/2025 (IX. 3.) KIM
Dóra	transcription	Dóra	serbian	HU 20/2025 (IX. 3.) KIM
Dorotej	transcription	Dorotej	serbian	HU 20/2025 (IX. 3.) KIM
Dorotéja	transcription	Dorotéja	serbian	HU 20/2025 (IX. 3.) KIM
Doszitej	transcription	Doszitej	serbian	HU 20/2025 (IX. 3.) KIM
Dosztana	transcription	Dosztana	serbian	HU 20/2025 (IX. 3.) KIM
Dragodán	transcription	Dragodán	serbian	HU 20/2025 (IX. 3.) KIM
Dragoljúb	transcription	Dragoljúb	serbian	HU 20/2025 (IX. 3.) KIM
Drágomán	transcription	Drágomán	serbian	HU 20/2025 (IX. 3.) KIM
Dragomán	transcription	Dragomán	serbian	HU 20/2025 (IX. 3.) KIM
Dragomír	transcription	Dragomír	serbian	HU 20/2025 (IX. 3.) KIM
Dragomíra	transcription	Dragomíra	serbian	HU 20/2025 (IX. 3.) KIM
Dragomírka	transcription	Dragomírka	serbian	HU 20/2025 (IX. 3.) KIM
Dragorád	transcription	Dragorád	serbian	HU 20/2025 (IX. 3.) KIM
Dragován	transcription	Dragován	serbian	HU 20/2025 (IX. 3.) KIM
Dragovan	transcription	Dragovan	serbian	HU 20/2025 (IX. 3.) KIM
Dragutin	transcription	Dragutin	serbian	HU 20/2025 (IX. 3.) KIM
Drailo	transcription	Drailo	serbian	HU 20/2025 (IX. 3.) KIM
Draksa	transcription	Draksa	serbian	HU 20/2025 (IX. 3.) KIM
Drásko	transcription	Drásko	serbian	HU 20/2025 (IX. 3.) KIM
Drasko	transcription	Drasko	serbian	HU 20/2025 (IX. 3.) KIM
Dréna	transcription	Dréna	serbian	HU 20/2025 (IX. 3.) KIM
Drénka	transcription	Drénka	serbian	HU 20/2025 (IX. 3.) KIM
Drgolyúb	transcription	Drgolyúb	serbian	HU 20/2025 (IX. 3.) KIM
Drina	transcription	Drina	serbian	HU 20/2025 (IX. 3.) KIM
Drínka	transcription	Drínka	serbian	HU 20/2025 (IX. 3.) KIM
Dubrávác	transcription	Dubrávác	serbian	HU 20/2025 (IX. 3.) KIM
Dubrávka	transcription	Dubrávka	serbian	HU 20/2025 (IX. 3.) KIM
Dubrávko	transcription	Dubrávko	serbian	HU 20/2025 (IX. 3.) KIM
Dújak	transcription	Dújak	serbian	HU 20/2025 (IX. 3.) KIM
Duka	transcription	Duka	serbian	HU 20/2025 (IX. 3.) KIM
Dukadin	transcription	Dukadin	serbian	HU 20/2025 (IX. 3.) KIM
Dunya	transcription	Dunya	serbian	HU 20/2025 (IX. 3.) KIM
Dusán	transcription	Dusán	serbian	HU 20/2025 (IX. 3.) KIM
Dusánka	transcription	Dusánka	serbian	HU 20/2025 (IX. 3.) KIM
Dusica	transcription	Dusica	serbian	HU 20/2025 (IX. 3.) KIM
Duska	transcription	Duska	serbian	HU 20/2025 (IX. 3.) KIM
Dusko	transcription	Dusko	serbian	HU 20/2025 (IX. 3.) KIM
Dvorka	transcription	Dvorka	serbian	HU 20/2025 (IX. 3.) KIM
Ekatarína	transcription	Ekatarína	serbian	HU 20/2025 (IX. 3.) KIM
Elená	transcription	Elená	serbian	HU 20/2025 (IX. 3.) KIM
Emil	equivalent	Емил	serbian	HU 20/2025 (IX. 3.) KIM
Emil	transcription	Emil	serbian	HU 20/2025 (IX. 3.) KIM
Emílija	transcription	Emílija	serbian	HU 20/2025 (IX. 3.) KIM
Emiliján	equivalent	Емил	serbian	HU 20/2025 (IX. 3.) KIM
Emiliján	transcription	Emiliján	serbian	HU 20/2025 (IX. 3.) KIM
Emilije	equivalent	Емил	serbian	HU 20/2025 (IX. 3.) KIM
Emilije	transcription	Emilije	serbian	HU 20/2025 (IX. 3.) KIM
Éva	transcription	Éva	serbian	HU 20/2025 (IX. 3.) KIM
Evdokija	transcription	Evdokija	serbian	HU 20/2025 (IX. 3.) KIM
Evgeníja	transcription	Evgeníja	serbian	HU 20/2025 (IX. 3.) KIM
Evica	transcription	Evica	serbian	HU 20/2025 (IX. 3.) KIM
Fedóra	transcription	Fedóra	serbian	HU 20/2025 (IX. 3.) KIM
Féma	transcription	Féma	serbian	HU 20/2025 (IX. 3.) KIM
Femka	transcription	Femka	serbian	HU 20/2025 (IX. 3.) KIM
Filimon	transcription	Filimon	serbian	HU 20/2025 (IX. 3.) KIM
Filip	transcription	Filip	serbian	HU 20/2025 (IX. 3.) KIM
Filipa	transcription	Filipa	serbian	HU 20/2025 (IX. 3.) KIM
Flóra	transcription	Flóra	serbian	HU 20/2025 (IX. 3.) KIM
Gájin	transcription	Gájin	serbian	HU 20/2025 (IX. 3.) KIM
Gavrila	transcription	Gavrila	serbian	HU 20/2025 (IX. 3.) KIM
Gavrilka	transcription	Gavrilka	serbian	HU 20/2025 (IX. 3.) KIM
Genadije	transcription	Genadije	serbian	HU 20/2025 (IX. 3.) KIM
Georgije	transcription	Georgije	serbian	HU 20/2025 (IX. 3.) KIM
Georgína	transcription	Georgína	serbian	HU 20/2025 (IX. 3.) KIM
Geraszim	transcription	Geraszim	serbian	HU 20/2025 (IX. 3.) KIM
German	transcription	German	serbian	HU 20/2025 (IX. 3.) KIM
Godecs	transcription	Godecs	serbian	HU 20/2025 (IX. 3.) KIM
Godomír	transcription	Godomír	serbian	HU 20/2025 (IX. 3.) KIM
Gojimír	transcription	Gojimír	serbian	HU 20/2025 (IX. 3.) KIM
Gojko	transcription	Gojko	serbian	HU 20/2025 (IX. 3.) KIM
Golúb	transcription	Golúb	serbian	HU 20/2025 (IX. 3.) KIM
Gorán	transcription	Gorán	serbian	HU 20/2025 (IX. 3.) KIM
Gorana	transcription	Gorana	serbian	HU 20/2025 (IX. 3.) KIM
Goránka	transcription	Goránka	serbian	HU 20/2025 (IX. 3.) KIM
Gorcsilo	transcription	Gorcsilo	serbian	HU 20/2025 (IX. 3.) KIM
Gorcsín	transcription	Gorcsín	serbian	HU 20/2025 (IX. 3.) KIM
Gordán	transcription	Gordán	serbian	HU 20/2025 (IX. 3.) KIM
Gordana	transcription	Gordana	serbian	HU 20/2025 (IX. 3.) KIM
Gorica	transcription	Gorica	serbian	HU 20/2025 (IX. 3.) KIM
Gorján	transcription	Gorján	serbian	HU 20/2025 (IX. 3.) KIM
Gorjana	transcription	Gorjana	serbian	HU 20/2025 (IX. 3.) KIM
Goroljúb	transcription	Goroljúb	serbian	HU 20/2025 (IX. 3.) KIM
Gorolyúb	transcription	Gorolyúb	serbian	HU 20/2025 (IX. 3.) KIM
Goszpana	transcription	Goszpana	serbian	HU 20/2025 (IX. 3.) KIM
Goszpava	transcription	Goszpava	serbian	HU 20/2025 (IX. 3.) KIM
Gosztimír	transcription	Gosztimír	serbian	HU 20/2025 (IX. 3.) KIM
Gosztoljúb	transcription	Gosztoljúb	serbian	HU 20/2025 (IX. 3.) KIM
Gradeta	transcription	Gradeta	serbian	HU 20/2025 (IX. 3.) KIM
Gradimír	transcription	Gradimír	serbian	HU 20/2025 (IX. 3.) KIM
Gradimírka	transcription	Gradimírka	serbian	HU 20/2025 (IX. 3.) KIM
Gradisa	transcription	Gradisa	serbian	HU 20/2025 (IX. 3.) KIM
Grdán	transcription	Grdán	serbian	HU 20/2025 (IX. 3.) KIM
Grgur	transcription	Grgur	serbian	HU 20/2025 (IX. 3.) KIM
Grózda	transcription	Grózda	serbian	HU 20/2025 (IX. 3.) KIM
Grozdán	transcription	Grozdán	serbian	HU 20/2025 (IX. 3.) KIM
Grozdana	transcription	Grozdana	serbian	HU 20/2025 (IX. 3.) KIM
Grúja	transcription	Grúja	serbian	HU 20/2025 (IX. 3.) KIM
Grujica	transcription	Grujica	serbian	HU 20/2025 (IX. 3.) KIM
Grújo	transcription	Grújo	serbian	HU 20/2025 (IX. 3.) KIM
Gvozden	transcription	Gvozden	serbian	HU 20/2025 (IX. 3.) KIM
Gvozdenija	transcription	Gvozdenija	serbian	HU 20/2025 (IX. 3.) KIM
Gvozdénka	transcription	Gvozdénka	serbian	HU 20/2025 (IX. 3.) KIM
Gvozdenko	transcription	Gvozdenko	serbian	HU 20/2025 (IX. 3.) KIM
Gyenadije	transcription	Gyenadije	serbian	HU 20/2025 (IX. 3.) KIM
Gyoká	equivalent	Gyorgyije	serbian	HU 20/2025 (IX. 3.) KIM
Gyoká	equivalent	Gyurás	serbian	HU 20/2025 (IX. 3.) KIM
Gyoká	equivalent	Gyurásin	serbian	HU 20/2025 (IX. 3.) KIM
Gyoká	transcription	Ђоко	serbian	HU 20/2025 (IX. 3.) KIM
Gyorgyije	equivalent	Gyorgyije	serbian	HU 20/2025 (IX. 3.) KIM
Gyorgyije	equivalent	Gyurás	serbian	HU 20/2025 (IX. 3.) KIM
Gyorgyije	equivalent	Gyurásin	serbian	HU 20/2025 (IX. 3.) KIM
Gyorgyije	transcription	Ђорђије	serbian	HU 20/2025 (IX. 3.) KIM
Gyúka	transcription	Gyúka	serbian	HU 20/2025 (IX. 3.) KIM
Gyurgyévka	transcription	Gyurgyévka	serbian	HU 20/2025 (IX. 3.) KIM
Hana	transcription	Hana	serbian	HU 20/2025 (IX. 3.) KIM
Hranimír	transcription	Hranimír	serbian	HU 20/2025 (IX. 3.) KIM
Hranisa	transcription	Hranisa	serbian	HU 20/2025 (IX. 3.) KIM
Hraniszáv	transcription	Hraniszáv	serbian	HU 20/2025 (IX. 3.) KIM
Hraniszláv	transcription	Hraniszláv	serbian	HU 20/2025 (IX. 3.) KIM
Hraniszlava	transcription	Hraniszlava	serbian	HU 20/2025 (IX. 3.) KIM
Hraniszláva	transcription	Hraniszláva	serbian	HU 20/2025 (IX. 3.) KIM
Hrasztimír	transcription	Hrasztimír	serbian	HU 20/2025 (IX. 3.) KIM
Hrisztifor	transcription	Hrisztifor	serbian	HU 20/2025 (IX. 3.) KIM
Hrisztiján	transcription	Hrisztiján	serbian	HU 20/2025 (IX. 3.) KIM
Hrisztina	transcription	Hrisztina	serbian	HU 20/2025 (IX. 3.) KIM
Hrisztivoje	transcription	Hrisztivoje	serbian	HU 20/2025 (IX. 3.) KIM
Hrisztof	transcription	Hrisztof	serbian	HU 20/2025 (IX. 3.) KIM
Hrisztoszláv	transcription	Hrisztoszláv	serbian	HU 20/2025 (IX. 3.) KIM
Hvalimír	transcription	Hvalimír	serbian	HU 20/2025 (IX. 3.) KIM
Hvaliszláv	transcription	Hvaliszláv	serbian	HU 20/2025 (IX. 3.) KIM
Ignjat	transcription	Ignjatije	serbian	HU 20/2025 (IX. 3.) KIM
Ignjatije	transcription	Ignjatije	serbian	HU 20/2025 (IX. 3.) KIM
Ikonija	transcription	Ikonija	serbian	HU 20/2025 (IX. 3.) KIM
Ilija	transcription	Ilínko	serbian	HU 20/2025 (IX. 3.) KIM
Ilína	transcription	Ilína	serbian	HU 20/2025 (IX. 3.) KIM
Ilínka	transcription	Ilínka	serbian	HU 20/2025 (IX. 3.) KIM
Ilínko	transcription	Ilínko	serbian	HU 20/2025 (IX. 3.) KIM
Iréna	transcription	Iréna	serbian	HU 20/2025 (IX. 3.) KIM
Irina	transcription	Irina	serbian	HU 20/2025 (IX. 3.) KIM
Irinéj	transcription	Irinéj	serbian	HU 20/2025 (IX. 3.) KIM
Iszaija	transcription	Iszailo	serbian	HU 20/2025 (IX. 3.) KIM
Iszailo	transcription	Iszailo	serbian	HU 20/2025 (IX. 3.) KIM
Iszidor	transcription	Iszidor	serbian	HU 20/2025 (IX. 3.) KIM
Iszidóra	transcription	Iszidóra	serbian	HU 20/2025 (IX. 3.) KIM
Iszkra	transcription	Iszkra	serbian	HU 20/2025 (IX. 3.) KIM
Iszmáil	transcription	Iszmáil	serbian	HU 20/2025 (IX. 3.) KIM
Isztok	transcription	Isztok	serbian	HU 20/2025 (IX. 3.) KIM
Iva	equivalent	ИванишIvánis	serbian	HU 20/2025 (IX. 3.) KIM
Iva	equivalent	Ивко	serbian	HU 20/2025 (IX. 3.) KIM
Iva	equivalent	Иво	serbian	HU 20/2025 (IX. 3.) KIM
Íva	transcription	Íva	serbian	HU 20/2025 (IX. 3.) KIM
Iván	equivalent	ИванишIvánis	serbian	HU 20/2025 (IX. 3.) KIM
Iván	equivalent	Ивко	serbian	HU 20/2025 (IX. 3.) KIM
Iván	equivalent	Иво	serbian	HU 20/2025 (IX. 3.) KIM
Ivana	transcription	Ivana	serbian	HU 20/2025 (IX. 3.) KIM
Ivánis	equivalent	ИванишIvánis	serbian	HU 20/2025 (IX. 3.) KIM
Ivánis	equivalent	Ивко	serbian	HU 20/2025 (IX. 3.) KIM
Ivánis	equivalent	Иво	serbian	HU 20/2025 (IX. 3.) KIM
Ivánka	transcription	Ivánka	serbian	HU 20/2025 (IX. 3.) KIM
Ivica	equivalent	ИванишIvánis	serbian	HU 20/2025 (IX. 3.) KIM
Ivica	equivalent	Ивко	serbian	HU 20/2025 (IX. 3.) KIM
Ivica	equivalent	Иво	serbian	HU 20/2025 (IX. 3.) KIM
Ívka	transcription	Ívka	serbian	HU 20/2025 (IX. 3.) KIM
Ívko	equivalent	ИванишIvánis	serbian	HU 20/2025 (IX. 3.) KIM
Ívko	equivalent	Ивко	serbian	HU 20/2025 (IX. 3.) KIM
Ívko	equivalent	Иво	serbian	HU 20/2025 (IX. 3.) KIM
Ivo	equivalent	ИванишIvánis	serbian	HU 20/2025 (IX. 3.) KIM
Ivo	equivalent	Ивко	serbian	HU 20/2025 (IX. 3.) KIM
Ivo	equivalent	Иво	serbian	HU 20/2025 (IX. 3.) KIM
Ivóna	transcription	Ivóna	serbian	HU 20/2025 (IX. 3.) KIM
Jablan	transcription	Jablan	serbian	HU 20/2025 (IX. 3.) KIM
Jádrán	transcription	Jádrán	serbian	HU 20/2025 (IX. 3.) KIM
Jadran	transcription	Jadran	serbian	HU 20/2025 (IX. 3.) KIM
Jadránka	transcription	Jadránka	serbian	HU 20/2025 (IX. 3.) KIM
Jadránko	transcription	Jadránko	serbian	HU 20/2025 (IX. 3.) KIM
Jaglika	transcription	Jaglika	serbian	HU 20/2025 (IX. 3.) KIM
Jagoda	transcription	Jagoda	serbian	HU 20/2025 (IX. 3.) KIM
Jagodínka	transcription	Jagodínka	serbian	HU 20/2025 (IX. 3.) KIM
Jagos	transcription	Jagos	serbian	HU 20/2025 (IX. 3.) KIM
Jakov	transcription	Jakov	serbian	HU 20/2025 (IX. 3.) KIM
Jáksa	transcription	Jáksa	serbian	HU 20/2025 (IX. 3.) KIM
Jána	transcription	Jána	serbian	HU 20/2025 (IX. 3.) KIM
Jana	transcription	Jana	serbian	HU 20/2025 (IX. 3.) KIM
Jáncsa	transcription	Jáncsa	serbian	HU 20/2025 (IX. 3.) KIM
Jandrija	transcription	Jandrija	serbian	HU 20/2025 (IX. 3.) KIM
Janica	transcription	Janica	serbian	HU 20/2025 (IX. 3.) KIM
Janityije	transcription	Janityije	serbian	HU 20/2025 (IX. 3.) KIM
Jánko	transcription	Jánko	serbian	HU 20/2025 (IX. 3.) KIM
Janovka	transcription	Janovka	serbian	HU 20/2025 (IX. 3.) KIM
Jánya	transcription	Jánya	serbian	HU 20/2025 (IX. 3.) KIM
Jaroszláv	transcription	Jaroszláv	serbian	HU 20/2025 (IX. 3.) KIM
Jaszen	transcription	Jaszen	serbian	HU 20/2025 (IX. 3.) KIM
Jaszénka	transcription	Jaszénka	serbian	HU 20/2025 (IX. 3.) KIM
Jaszenko	transcription	Jaszenko	serbian	HU 20/2025 (IX. 3.) KIM
Jászmina	transcription	Jászmina	serbian	HU 20/2025 (IX. 3.) KIM
Jászminka	transcription	Jászminka	serbian	HU 20/2025 (IX. 3.) KIM
Jaszna	transcription	Jaszna	serbian	HU 20/2025 (IX. 3.) KIM
Javor	transcription	Javor	serbian	HU 20/2025 (IX. 3.) KIM
Javórka	transcription	Javórka	serbian	HU 20/2025 (IX. 3.) KIM
Javórko	transcription	Javórko	serbian	HU 20/2025 (IX. 3.) KIM
Jefimija	transcription	Jefimija	serbian	HU 20/2025 (IX. 3.) KIM
Jegda	transcription	Jegda	serbian	HU 20/2025 (IX. 3.) KIM
Jéka	transcription	Jéka	serbian	HU 20/2025 (IX. 3.) KIM
Jéla	transcription	Jéla	serbian	HU 20/2025 (IX. 3.) KIM
Jelácsá	transcription	Jelácsá	serbian	HU 20/2025 (IX. 3.) KIM
Jelásin	transcription	Jelásin	serbian	HU 20/2025 (IX. 3.) KIM
Jelen	transcription	Jelen	serbian	HU 20/2025 (IX. 3.) KIM
Jelena	transcription	Jelena	serbian	HU 20/2025 (IX. 3.) KIM
Jelenka	transcription	Jelenka	serbian	HU 20/2025 (IX. 3.) KIM
Jelénko	transcription	Jelénko	serbian	HU 20/2025 (IX. 3.) KIM
Jelica	transcription	Jelica	serbian	HU 20/2025 (IX. 3.) KIM
Jeliszáv	transcription	Jeliszáv	serbian	HU 20/2025 (IX. 3.) KIM
Jeliszáva	transcription	Jeliszáva	serbian	HU 20/2025 (IX. 3.) KIM
Jeliszáveta	transcription	Jeliszáveta	serbian	HU 20/2025 (IX. 3.) KIM
Jeliszávka	transcription	Jeliszávka	serbian	HU 20/2025 (IX. 3.) KIM
Jeliszije	transcription	Jeliszije	serbian	HU 20/2025 (IX. 3.) KIM
Jélka	transcription	Jélka	serbian	HU 20/2025 (IX. 3.) KIM
Jeremija	transcription	Jeremija	serbian	HU 20/2025 (IX. 3.) KIM
Jerina	transcription	Jerina	serbian	HU 20/2025 (IX. 3.) KIM
Jerko	transcription	Jerko	serbian	HU 20/2025 (IX. 3.) KIM
Jerotije	transcription	Jerotije	serbian	HU 20/2025 (IX. 3.) KIM
Jésa	transcription	Jésa	serbian	HU 20/2025 (IX. 3.) KIM
Jévá	transcription	Jévá	serbian	HU 20/2025 (IX. 3.) KIM
Jevdokija	transcription	Jevdokija	serbian	HU 20/2025 (IX. 3.) KIM
Jevrem	transcription	Jevrem	serbian	HU 20/2025 (IX. 3.) KIM
Jevroszima	transcription	Jevroszima	serbian	HU 20/2025 (IX. 3.) KIM
Jezda	transcription	Jezda	serbian	HU 20/2025 (IX. 3.) KIM
Jezdimír	transcription	Jezdimír	serbian	HU 20/2025 (IX. 3.) KIM
Joakim	transcription	Joakim	serbian	HU 20/2025 (IX. 3.) KIM
Jogolyúb	transcription	Jogolyúb	serbian	HU 20/2025 (IX. 3.) KIM
Joka	transcription	Joka	serbian	HU 20/2025 (IX. 3.) KIM
Jokszim	transcription	Jokszim	serbian	HU 20/2025 (IX. 3.) KIM
Jordan	transcription	Jordan	serbian	HU 20/2025 (IX. 3.) KIM
Jordana	transcription	Jordana	serbian	HU 20/2025 (IX. 3.) KIM
Jordánka	transcription	Jordánka	serbian	HU 20/2025 (IX. 3.) KIM
Jorgovánka	transcription	Jorgovánka	serbian	HU 20/2025 (IX. 3.) KIM
Joszif	transcription	Joszif	serbian	HU 20/2025 (IX. 3.) KIM
Joszip	transcription	Joszip	serbian	HU 20/2025 (IX. 3.) KIM
Jovana	transcription	Jovana	serbian	HU 20/2025 (IX. 3.) KIM
Jovánka	transcription	Jovánka	serbian	HU 20/2025 (IX. 3.) KIM
Jovka	transcription	Jovka	serbian	HU 20/2025 (IX. 3.) KIM
Jugomír	transcription	Jugomír	serbian	HU 20/2025 (IX. 3.) KIM
Jugoszláv	transcription	Jugoszláv	serbian	HU 20/2025 (IX. 3.) KIM
Júla	transcription	Júla	serbian	HU 20/2025 (IX. 3.) KIM
Júlija	transcription	Júlija	serbian	HU 20/2025 (IX. 3.) KIM
Juliján	transcription	Juliján	serbian	HU 20/2025 (IX. 3.) KIM
Julijana	transcription	Julijana	serbian	HU 20/2025 (IX. 3.) KIM
Júlka	transcription	Júlka	serbian	HU 20/2025 (IX. 3.) KIM
Julkica	transcription	Julkica	serbian	HU 20/2025 (IX. 3.) KIM
Junosa	transcription	Junosa	serbian	HU 20/2025 (IX. 3.) KIM
Jurisa	transcription	Jurisa	serbian	HU 20/2025 (IX. 3.) KIM
Juros	transcription	Juros	serbian	HU 20/2025 (IX. 3.) KIM
Jusztin	transcription	Jusztin	serbian	HU 20/2025 (IX. 3.) KIM
Jusztina	transcription	Jusztina	serbian	HU 20/2025 (IX. 3.) KIM
Kadivka	transcription	Kadivka	serbian	HU 20/2025 (IX. 3.) KIM
Kalím	transcription	Kalím	serbian	HU 20/2025 (IX. 3.) KIM
Kalina	transcription	Kalina	serbian	HU 20/2025 (IX. 3.) KIM
Kalinka	transcription	Kalinka	serbian	HU 20/2025 (IX. 3.) KIM
Kaménko	transcription	Kaménko	serbian	HU 20/2025 (IX. 3.) KIM
Kámenko	transcription	Kámenko	serbian	HU 20/2025 (IX. 3.) KIM
Kaszija	transcription	Kaszija	serbian	HU 20/2025 (IX. 3.) KIM
Káta	transcription	Káta	serbian	HU 20/2025 (IX. 3.) KIM
Katarína	transcription	Katarína	serbian	HU 20/2025 (IX. 3.) KIM
Katica	transcription	Katica	serbian	HU 20/2025 (IX. 3.) KIM
Kazimír	transcription	Kazimír	serbian	HU 20/2025 (IX. 3.) KIM
Kazimíra	transcription	Kazimíra	serbian	HU 20/2025 (IX. 3.) KIM
Kazsimír	transcription	Kazsimír	serbian	HU 20/2025 (IX. 3.) KIM
Kipriján	transcription	Kipriján	serbian	HU 20/2025 (IX. 3.) KIM
Kirilo	transcription	Kirilo	serbian	HU 20/2025 (IX. 3.) KIM
Kitán	transcription	Kitán	serbian	HU 20/2025 (IX. 3.) KIM
Klára	transcription	Klára	serbian	HU 20/2025 (IX. 3.) KIM
Kócsa	transcription	Kócsa	serbian	HU 20/2025 (IX. 3.) KIM
Kojadin	transcription	Kojadin	serbian	HU 20/2025 (IX. 3.) KIM
Kojadínka	transcription	Kojadínka	serbian	HU 20/2025 (IX. 3.) KIM
Kojcsin	transcription	Kojcsin	serbian	HU 20/2025 (IX. 3.) KIM
Kokán	transcription	Kokán	serbian	HU 20/2025 (IX. 3.) KIM
Kokan	transcription	Kokan	serbian	HU 20/2025 (IX. 3.) KIM
Kóle	transcription	Kóle	serbian	HU 20/2025 (IX. 3.) KIM
Komnen	transcription	Komnen	serbian	HU 20/2025 (IX. 3.) KIM
Komnenija	transcription	Komnenija	serbian	HU 20/2025 (IX. 3.) KIM
Konsztantin	transcription	Konsztantin	serbian	HU 20/2025 (IX. 3.) KIM
Kornélije	transcription	Kornélije	serbian	HU 20/2025 (IX. 3.) KIM
Kostana	transcription	Kostana	serbian	HU 20/2025 (IX. 3.) KIM
Kósza	transcription	Kósza	serbian	HU 20/2025 (IX. 3.) KIM
Koszana	transcription	Koszana	serbian	HU 20/2025 (IX. 3.) KIM
Koszanka	transcription	Koszanka	serbian	HU 20/2025 (IX. 3.) KIM
Koszara	transcription	Koszara	serbian	HU 20/2025 (IX. 3.) KIM
Koszóvka	transcription	Koszóvka	serbian	HU 20/2025 (IX. 3.) KIM
Koszta	transcription	Koszta	serbian	HU 20/2025 (IX. 3.) KIM
Kosztadin	transcription	Kosztadin	serbian	HU 20/2025 (IX. 3.) KIM
Kosztadina	transcription	Kosztadina	serbian	HU 20/2025 (IX. 3.) KIM
Kosztadínka	transcription	Kosztadínka	serbian	HU 20/2025 (IX. 3.) KIM
Kovana	transcription	Kovana	serbian	HU 20/2025 (IX. 3.) KIM
Koviljko	transcription	Koviljko	serbian	HU 20/2025 (IX. 3.) KIM
Kovílyka	transcription	Kovílyka	serbian	HU 20/2025 (IX. 3.) KIM
Kovina	transcription	Kovina	serbian	HU 20/2025 (IX. 3.) KIM
Kovinka	transcription	Kovinka	serbian	HU 20/2025 (IX. 3.) KIM
Kozma	transcription	Kozma	serbian	HU 20/2025 (IX. 3.) KIM
Kragúj	transcription	Kragúj	serbian	HU 20/2025 (IX. 3.) KIM
Krainka	transcription	Krainka	serbian	HU 20/2025 (IX. 3.) KIM
Kraiszav	transcription	Kraiszav	serbian	HU 20/2025 (IX. 3.) KIM
Kraiszáv	transcription	Kraiszáv	serbian	HU 20/2025 (IX. 3.) KIM
Kraiszáva	transcription	Kraiszáva	serbian	HU 20/2025 (IX. 3.) KIM
Krajcsin	transcription	Krajcsin	serbian	HU 20/2025 (IX. 3.) KIM
Kraszimír	transcription	Kraszimír	serbian	HU 20/2025 (IX. 3.) KIM
Kraszoje	transcription	Kraszoje	serbian	HU 20/2025 (IX. 3.) KIM
Krisztina	transcription	Krisztina	serbian	HU 20/2025 (IX. 3.) KIM
Krszjana	transcription	Krszjana	serbian	HU 20/2025 (IX. 3.) KIM
Krszmán	transcription	Krszmán	serbian	HU 20/2025 (IX. 3.) KIM
Krszmanija	transcription	Krszmanija	serbian	HU 20/2025 (IX. 3.) KIM
Krszta	transcription	Krszta	serbian	HU 20/2025 (IX. 3.) KIM
Krsztan	transcription	Krsztan	serbian	HU 20/2025 (IX. 3.) KIM
Krsztana	transcription	Krsztana	serbian	HU 20/2025 (IX. 3.) KIM
Krsztimír	transcription	Krsztimír	serbian	HU 20/2025 (IX. 3.) KIM
Krsztina	transcription	Krsztina	serbian	HU 20/2025 (IX. 3.) KIM
Krsztinya	transcription	Krsztinya	serbian	HU 20/2025 (IX. 3.) KIM
Krsztivoje	transcription	Krsztivoje	serbian	HU 20/2025 (IX. 3.) KIM
Krszto	transcription	Krszto	serbian	HU 20/2025 (IX. 3.) KIM
Krsztomír	transcription	Krsztomír	serbian	HU 20/2025 (IX. 3.) KIM
Kruna	transcription	Kruna	serbian	HU 20/2025 (IX. 3.) KIM
Kruniszláv	transcription	Kruniszláv	serbian	HU 20/2025 (IX. 3.) KIM
Krunoszláva	transcription	Krunoszláva	serbian	HU 20/2025 (IX. 3.) KIM
Kszénija	transcription	Kszénija	serbian	HU 20/2025 (IX. 3.) KIM
Kumodrág	transcription	Kumodrág	serbian	HU 20/2025 (IX. 3.) KIM
Kuzman	transcription	Kuzman	serbian	HU 20/2025 (IX. 3.) KIM
Labúd	transcription	Labúd	serbian	HU 20/2025 (IX. 3.) KIM
Láda	transcription	Láda	serbian	HU 20/2025 (IX. 3.) KIM
Laka	transcription	Laka	serbian	HU 20/2025 (IX. 3.) KIM
Laketa	transcription	Laketa	serbian	HU 20/2025 (IX. 3.) KIM
Lako	transcription	Lako	serbian	HU 20/2025 (IX. 3.) KIM
Lale	transcription	Lale	serbian	HU 20/2025 (IX. 3.) KIM
Lána	transcription	Lána	serbian	HU 20/2025 (IX. 3.) KIM
Lára	transcription	Lára	serbian	HU 20/2025 (IX. 3.) KIM
Latinka	transcription	Latinka	serbian	HU 20/2025 (IX. 3.) KIM
Láza	transcription	Láza	serbian	HU 20/2025 (IX. 3.) KIM
Lázár	transcription	Lázár	serbian	HU 20/2025 (IX. 3.) KIM
Lazara	transcription	Lazara	serbian	HU 20/2025 (IX. 3.) KIM
Lazarija	transcription	Lazarija	serbian	HU 20/2025 (IX. 3.) KIM
Lazarka	transcription	Lazarka	serbian	HU 20/2025 (IX. 3.) KIM
Lázo	transcription	Lázo	serbian	HU 20/2025 (IX. 3.) KIM
Lela	transcription	Lela	serbian	HU 20/2025 (IX. 3.) KIM
Léna	transcription	Léna	serbian	HU 20/2025 (IX. 3.) KIM
Lénka	transcription	Lénka	serbian	HU 20/2025 (IX. 3.) KIM
Leonída	transcription	Leonída	serbian	HU 20/2025 (IX. 3.) KIM
Leonóra	transcription	Leonóra	serbian	HU 20/2025 (IX. 3.) KIM
Lépa	transcription	Lépa	serbian	HU 20/2025 (IX. 3.) KIM
Lepoje	transcription	Lepoje	serbian	HU 20/2025 (IX. 3.) KIM
Lepomír	transcription	Lepomír	serbian	HU 20/2025 (IX. 3.) KIM
Leposzáv	transcription	Leposzáv	serbian	HU 20/2025 (IX. 3.) KIM
Leposzáva	transcription	Leposzáva	serbian	HU 20/2025 (IX. 3.) KIM
Lezsimír	transcription	Lezsimír	serbian	HU 20/2025 (IX. 3.) KIM
Lídija	transcription	Lídija	serbian	HU 20/2025 (IX. 3.) KIM
Lila	transcription	Lila	serbian	HU 20/2025 (IX. 3.) KIM
Lilijána	transcription	Lilijána	serbian	HU 20/2025 (IX. 3.) KIM
Líza	transcription	Líza	serbian	HU 20/2025 (IX. 3.) KIM
Ljeposzáva	transcription	Ljeposzáva	serbian	HU 20/2025 (IX. 3.) KIM
Ljiljan	transcription	Ljiljan	serbian	HU 20/2025 (IX. 3.) KIM
Ljiljana	transcription	Ljiljana	serbian	HU 20/2025 (IX. 3.) KIM
Ljubica	transcription	Ljubica	serbian	HU 20/2025 (IX. 3.) KIM
Ljubina	transcription	Ljubina	serbian	HU 20/2025 (IX. 3.) KIM
Ljubiszávka	transcription	Ljubiszávka	serbian	HU 20/2025 (IX. 3.) KIM
Ljubobrat	transcription	Ljubobrat	serbian	HU 20/2025 (IX. 3.) KIM
Ljubodrág	transcription	Ljubodrág	serbian	HU 20/2025 (IX. 3.) KIM
Ljubomír	transcription	Ljubomír	serbian	HU 20/2025 (IX. 3.) KIM
Ljubomírka	transcription	Ljubomírka	serbian	HU 20/2025 (IX. 3.) KIM
Ljuboszláva	transcription	Ljuboszláva	serbian	HU 20/2025 (IX. 3.) KIM
Ljupka	transcription	Ljupka	serbian	HU 20/2025 (IX. 3.) KIM
Lola	transcription	Lola	serbian	HU 20/2025 (IX. 3.) KIM
Lóza	transcription	Lóza	serbian	HU 20/2025 (IX. 3.) KIM
Lozan	transcription	Lozan	serbian	HU 20/2025 (IX. 3.) KIM
Lozana	transcription	Lozana	serbian	HU 20/2025 (IX. 3.) KIM
Lozánka	transcription	Lozánka	serbian	HU 20/2025 (IX. 3.) KIM
Lozínka	transcription	Lozínka	serbian	HU 20/2025 (IX. 3.) KIM
Lúcija	transcription	Lúcija	serbian	HU 20/2025 (IX. 3.) KIM
Lúcsa	transcription	Lúcsa	serbian	HU 20/2025 (IX. 3.) KIM
Lucsija	transcription	Lucsija	serbian	HU 20/2025 (IX. 3.) KIM
Lujo	transcription	Lujo	serbian	HU 20/2025 (IX. 3.) KIM
Lúka	transcription	Lúka	serbian	HU 20/2025 (IX. 3.) KIM
Lúna	transcription	Lúna	serbian	HU 20/2025 (IX. 3.) KIM
Lyepava	transcription	Lyepava	serbian	HU 20/2025 (IX. 3.) KIM
Lyeposzáva	transcription	Lyeposzáva	serbian	HU 20/2025 (IX. 3.) KIM
Lyilyan	transcription	Lyilyan	serbian	HU 20/2025 (IX. 3.) KIM
Lyilyana	transcription	Lyilyana	serbian	HU 20/2025 (IX. 3.) KIM
Lyubica	transcription	Lyubica	serbian	HU 20/2025 (IX. 3.) KIM
Lyubina	transcription	Lyubina	serbian	HU 20/2025 (IX. 3.) KIM
Lyubiszávka	transcription	Lyubiszávka	serbian	HU 20/2025 (IX. 3.) KIM
Lyubobrat	transcription	Lyubobrat	serbian	HU 20/2025 (IX. 3.) KIM
Lyubodrág	transcription	Lyubodrág	serbian	HU 20/2025 (IX. 3.) KIM
Lyubomír	transcription	Lyubomír	serbian	HU 20/2025 (IX. 3.) KIM
Lyubomírka	transcription	Lyubomírka	serbian	HU 20/2025 (IX. 3.) KIM
Lyuboszláva	transcription	Lyuboszláva	serbian	HU 20/2025 (IX. 3.) KIM
Lyupka	transcription	Lyupka	serbian	HU 20/2025 (IX. 3.) KIM
Magda	transcription	Magda	serbian	HU 20/2025 (IX. 3.) KIM
Magdaléna	transcription	Magdaléna	serbian	HU 20/2025 (IX. 3.) KIM
Maja	transcription	Maja	serbian	HU 20/2025 (IX. 3.) KIM
Majda	transcription	Majda	serbian	HU 20/2025 (IX. 3.) KIM
Mákárije	transcription	Mákárije	serbian	HU 20/2025 (IX. 3.) KIM
Makivija	transcription	Makivija	serbian	HU 20/2025 (IX. 3.) KIM
Makszim	transcription	Makszim	serbian	HU 20/2025 (IX. 3.) KIM
Makszimilijan	transcription	Makszimilijan	serbian	HU 20/2025 (IX. 3.) KIM
Males	transcription	Males	serbian	HU 20/2025 (IX. 3.) KIM
Maleta	transcription	Maleta	serbian	HU 20/2025 (IX. 3.) KIM
Malina	transcription	Malina	serbian	HU 20/2025 (IX. 3.) KIM
Malinka	transcription	Malinka	serbian	HU 20/2025 (IX. 3.) KIM
Malisa	transcription	Malisa	serbian	HU 20/2025 (IX. 3.) KIM
Mánda	transcription	Mánda	serbian	HU 20/2025 (IX. 3.) KIM
Mandusa	transcription	Mandusa	serbian	HU 20/2025 (IX. 3.) KIM
Máne	transcription	Máne	serbian	HU 20/2025 (IX. 3.) KIM
Manójlo	transcription	Manójlo	serbian	HU 20/2025 (IX. 3.) KIM
Marína	transcription	Marína	serbian	HU 20/2025 (IX. 3.) KIM
Marinka	transcription	Marinka	serbian	HU 20/2025 (IX. 3.) KIM
Marinko	transcription	Marinko	serbian	HU 20/2025 (IX. 3.) KIM
Mariszáv	transcription	Mariszáv	serbian	HU 20/2025 (IX. 3.) KIM
Mariszláv	transcription	Mariszláv	serbian	HU 20/2025 (IX. 3.) KIM
Marjan	transcription	Marjan	serbian	HU 20/2025 (IX. 3.) KIM
Márko	transcription	Márko	serbian	HU 20/2025 (IX. 3.) KIM
Márta	transcription	Márta	serbian	HU 20/2025 (IX. 3.) KIM
Martin	transcription	Martin	serbian	HU 20/2025 (IX. 3.) KIM
Masan	transcription	Masan	serbian	HU 20/2025 (IX. 3.) KIM
Masko	transcription	Masko	serbian	HU 20/2025 (IX. 3.) KIM
Matéj	transcription	Matéj	serbian	HU 20/2025 (IX. 3.) KIM
Mateja	transcription	Mateja	serbian	HU 20/2025 (IX. 3.) KIM
Matíja	transcription	Matíja	serbian	HU 20/2025 (IX. 3.) KIM
Matíjas	transcription	Matíjas	serbian	HU 20/2025 (IX. 3.) KIM
Mato	transcription	Mato	serbian	HU 20/2025 (IX. 3.) KIM
Mavren	transcription	Mavren	serbian	HU 20/2025 (IX. 3.) KIM
Maximilian	transcription	Maximilian	serbian	HU 20/2025 (IX. 3.) KIM
Medak	transcription	Medak	serbian	HU 20/2025 (IX. 3.) KIM
Medák	transcription	Medák	serbian	HU 20/2025 (IX. 3.) KIM
Melanija	transcription	Melanija	serbian	HU 20/2025 (IX. 3.) KIM
Metohija	transcription	Metohija	serbian	HU 20/2025 (IX. 3.) KIM
Miholyka	transcription	Miholyka	serbian	HU 20/2025 (IX. 3.) KIM
Míja	transcription	Míja	serbian	HU 20/2025 (IX. 3.) KIM
Mijak	transcription	Mijak	serbian	HU 20/2025 (IX. 3.) KIM
Miján	transcription	Miján	serbian	HU 20/2025 (IX. 3.) KIM
Mijana	transcription	Mijana	serbian	HU 20/2025 (IX. 3.) KIM
Miját	transcription	Miját	serbian	HU 20/2025 (IX. 3.) KIM
Mijó	transcription	Mijó	serbian	HU 20/2025 (IX. 3.) KIM
Mijobrat	transcription	Mijobrat	serbian	HU 20/2025 (IX. 3.) KIM
Mikaina	transcription	Mikaina	serbian	HU 20/2025 (IX. 3.) KIM
Mikán	transcription	Mikán	serbian	HU 20/2025 (IX. 3.) KIM
Mikonya	transcription	Mikonya	serbian	HU 20/2025 (IX. 3.) KIM
Mikos	transcription	Mikos	serbian	HU 20/2025 (IX. 3.) KIM
Mikoszáva	transcription	Mikoszáva	serbian	HU 20/2025 (IX. 3.) KIM
Mila	transcription	Mila	serbian	HU 20/2025 (IX. 3.) KIM
Miladija	transcription	Miladija	serbian	HU 20/2025 (IX. 3.) KIM
Miladin	transcription	Miladin	serbian	HU 20/2025 (IX. 3.) KIM
Miladínka	transcription	Miladínka	serbian	HU 20/2025 (IX. 3.) KIM
Milak	transcription	Milak	serbian	HU 20/2025 (IX. 3.) KIM
Milán	transcription	Milán	serbian	HU 20/2025 (IX. 3.) KIM
Milana	transcription	Milana	serbian	HU 20/2025 (IX. 3.) KIM
Milánka	transcription	Milánka	serbian	HU 20/2025 (IX. 3.) KIM
Milánko	transcription	Milánko	serbian	HU 20/2025 (IX. 3.) KIM
Milás	transcription	Milás	serbian	HU 20/2025 (IX. 3.) KIM
Milasin	transcription	Milasin	serbian	HU 20/2025 (IX. 3.) KIM
Milat	transcription	Milat	serbian	HU 20/2025 (IX. 3.) KIM
Milé	transcription	Milé	serbian	HU 20/2025 (IX. 3.) KIM
Milen	transcription	Milen	serbian	HU 20/2025 (IX. 3.) KIM
Milénko	transcription	Milénko	serbian	HU 20/2025 (IX. 3.) KIM
Milenko	transcription	Milenko	serbian	HU 20/2025 (IX. 3.) KIM
Milentije	transcription	Milentije	serbian	HU 20/2025 (IX. 3.) KIM
Miles	transcription	Miles	serbian	HU 20/2025 (IX. 3.) KIM
Milesza	transcription	Milesza	serbian	HU 20/2025 (IX. 3.) KIM
Mileta	transcription	Mileta	serbian	HU 20/2025 (IX. 3.) KIM
Mili	transcription	Mili	serbian	HU 20/2025 (IX. 3.) KIM
Milica	transcription	Milica	serbian	HU 20/2025 (IX. 3.) KIM
Milicsko	transcription	Milicsko	serbian	HU 20/2025 (IX. 3.) KIM
Milija	transcription	Milija	serbian	HU 20/2025 (IX. 3.) KIM
Miliján	transcription	Miliján	serbian	HU 20/2025 (IX. 3.) KIM
Milijás	transcription	Milijás	serbian	HU 20/2025 (IX. 3.) KIM
Milika	transcription	Milika	serbian	HU 20/2025 (IX. 3.) KIM
Milimír	transcription	Milimír	serbian	HU 20/2025 (IX. 3.) KIM
Milimírka	transcription	Milimírka	serbian	HU 20/2025 (IX. 3.) KIM
Milin	transcription	Milin	serbian	HU 20/2025 (IX. 3.) KIM
Milínko	transcription	Milínko	serbian	HU 20/2025 (IX. 3.) KIM
Milisa	transcription	Milisa	serbian	HU 20/2025 (IX. 3.) KIM
Miliszáv	transcription	Miliszáv	serbian	HU 20/2025 (IX. 3.) KIM
Mílity	transcription	Mílity	serbian	HU 20/2025 (IX. 3.) KIM
Milivoj	transcription	Milivoj	serbian	HU 20/2025 (IX. 3.) KIM
Milivoje	transcription	Milivoje	serbian	HU 20/2025 (IX. 3.) KIM
Milivójka	transcription	Milivójka	serbian	HU 20/2025 (IX. 3.) KIM
Miljojko	transcription	Miljojko	serbian	HU 20/2025 (IX. 3.) KIM
Miljurko	transcription	Miljurko	serbian	HU 20/2025 (IX. 3.) KIM
Milkán	transcription	Milkán	serbian	HU 20/2025 (IX. 3.) KIM
Mílko	transcription	Mílko	serbian	HU 20/2025 (IX. 3.) KIM
Milna	transcription	Milna	serbian	HU 20/2025 (IX. 3.) KIM
Milo	transcription	Milo	serbian	HU 20/2025 (IX. 3.) KIM
Milobrán	transcription	Milobrán	serbian	HU 20/2025 (IX. 3.) KIM
Milójka	transcription	Milójka	serbian	HU 20/2025 (IX. 3.) KIM
Milolyúb	transcription	Milolyúb	serbian	HU 20/2025 (IX. 3.) KIM
Milomír	transcription	Milomír	serbian	HU 20/2025 (IX. 3.) KIM
Milomírka	transcription	Milomírka	serbian	HU 20/2025 (IX. 3.) KIM
Milonya	transcription	Milonya	serbian	HU 20/2025 (IX. 3.) KIM
Milorád	transcription	Milorád	serbian	HU 20/2025 (IX. 3.) KIM
Milos	transcription	Milos	serbian	HU 20/2025 (IX. 3.) KIM
Miloszáv	transcription	Miloszáv	serbian	HU 20/2025 (IX. 3.) KIM
Miloszija	transcription	Miloszija	serbian	HU 20/2025 (IX. 3.) KIM
Miloszláv	transcription	Miloszláv	serbian	HU 20/2025 (IX. 3.) KIM
Milován	transcription	Milován	serbian	HU 20/2025 (IX. 3.) KIM
Milovanka	transcription	Milovanka	serbian	HU 20/2025 (IX. 3.) KIM
Milovánka	transcription	Milovánka	serbian	HU 20/2025 (IX. 3.) KIM
Miltén	transcription	Miltén	serbian	HU 20/2025 (IX. 3.) KIM
Miluka	transcription	Miluka	serbian	HU 20/2025 (IX. 3.) KIM
Milún	transcription	Milún	serbian	HU 20/2025 (IX. 3.) KIM
Miluna	transcription	Miluna	serbian	HU 20/2025 (IX. 3.) KIM
Miluniká	transcription	Miluniká	serbian	HU 20/2025 (IX. 3.) KIM
Milunká	transcription	Milunká	serbian	HU 20/2025 (IX. 3.) KIM
Milus	transcription	Milus	serbian	HU 20/2025 (IX. 3.) KIM
Milusa	transcription	Milusa	serbian	HU 20/2025 (IX. 3.) KIM
Milutin	transcription	Milutin	serbian	HU 20/2025 (IX. 3.) KIM
Milyojko	transcription	Milyojko	serbian	HU 20/2025 (IX. 3.) KIM
Milyurko	transcription	Milyurko	serbian	HU 20/2025 (IX. 3.) KIM
Mina	transcription	Mina	serbian	HU 20/2025 (IX. 3.) KIM
Mínja	transcription	Mínja	serbian	HU 20/2025 (IX. 3.) KIM
Miodrág	transcription	Miodrág	serbian	HU 20/2025 (IX. 3.) KIM
Mioljúb	transcription	Mioljúb	serbian	HU 20/2025 (IX. 3.) KIM
Miólyka	transcription	Miólyka	serbian	HU 20/2025 (IX. 3.) KIM
Miolyúb	transcription	Miolyúb	serbian	HU 20/2025 (IX. 3.) KIM
Miomír	transcription	Miomír	serbian	HU 20/2025 (IX. 3.) KIM
Miomíra	transcription	Miomíra	serbian	HU 20/2025 (IX. 3.) KIM
Miomírka	transcription	Miomírka	serbian	HU 20/2025 (IX. 3.) KIM
Mióna	transcription	Mióna	serbian	HU 20/2025 (IX. 3.) KIM
Mionka	transcription	Mionka	serbian	HU 20/2025 (IX. 3.) KIM
Míra	transcription	Míra	serbian	HU 20/2025 (IX. 3.) KIM
Mirás	transcription	Mirás	serbian	HU 20/2025 (IX. 3.) KIM
Mircsa	transcription	Mircsa	serbian	HU 20/2025 (IX. 3.) KIM
Mircseta	transcription	Mircseta	serbian	HU 20/2025 (IX. 3.) KIM
Miren	transcription	Miren	serbian	HU 20/2025 (IX. 3.) KIM
Mirjana	transcription	Mirjana	serbian	HU 20/2025 (IX. 3.) KIM
Mírka	transcription	Mírka	serbian	HU 20/2025 (IX. 3.) KIM
Mírko	transcription	Mírko	serbian	HU 20/2025 (IX. 3.) KIM
Mírkó	transcription	Mírkó	serbian	HU 20/2025 (IX. 3.) KIM
Mirkó	transcription	Mirkó	serbian	HU 20/2025 (IX. 3.) KIM
Mirko	transcription	Mirko	serbian	HU 20/2025 (IX. 3.) KIM
Mírna	transcription	Mírna	serbian	HU 20/2025 (IX. 3.) KIM
Miro	transcription	Miro	serbian	HU 20/2025 (IX. 3.) KIM
Miroje	transcription	Miroje	serbian	HU 20/2025 (IX. 3.) KIM
Miroljúb	transcription	Miroljúb	serbian	HU 20/2025 (IX. 3.) KIM
Miroszáv	transcription	Miroszáv	serbian	HU 20/2025 (IX. 3.) KIM
Miroszáva	transcription	Miroszáva	serbian	HU 20/2025 (IX. 3.) KIM
Miroszava	transcription	Miroszava	serbian	HU 20/2025 (IX. 3.) KIM
Miroszínka	transcription	Miroszínka	serbian	HU 20/2025 (IX. 3.) KIM
Miroszláv	transcription	Miroszláv	serbian	HU 20/2025 (IX. 3.) KIM
Misa	transcription	Misa	serbian	HU 20/2025 (IX. 3.) KIM
Misko	transcription	Misko	serbian	HU 20/2025 (IX. 3.) KIM
Mislyen	transcription	Mislyen	serbian	HU 20/2025 (IX. 3.) KIM
Miso	transcription	Miso	serbian	HU 20/2025 (IX. 3.) KIM
Míta	transcription	Míta	serbian	HU 20/2025 (IX. 3.) KIM
Mitár	transcription	Mitár	serbian	HU 20/2025 (IX. 3.) KIM
Mitra	transcription	Mitra	serbian	HU 20/2025 (IX. 3.) KIM
Mitya	transcription	Mitya	serbian	HU 20/2025 (IX. 3.) KIM
Mityán	transcription	Mityán	serbian	HU 20/2025 (IX. 3.) KIM
Mityko	transcription	Mityko	serbian	HU 20/2025 (IX. 3.) KIM
Mityo	transcription	Mityo	serbian	HU 20/2025 (IX. 3.) KIM
Mityun	transcription	Mityun	serbian	HU 20/2025 (IX. 3.) KIM
Mladen	transcription	Mladen	serbian	HU 20/2025 (IX. 3.) KIM
Mladena	transcription	Mladena	serbian	HU 20/2025 (IX. 3.) KIM
Mladenka	transcription	Mladenka	serbian	HU 20/2025 (IX. 3.) KIM
Mlagyan	transcription	Mlagyan	serbian	HU 20/2025 (IX. 3.) KIM
Mlagyen	transcription	Mlagyen	serbian	HU 20/2025 (IX. 3.) KIM
Mojás	transcription	Mojás	serbian	HU 20/2025 (IX. 3.) KIM
Mojszil	transcription	Mojszil	serbian	HU 20/2025 (IX. 3.) KIM
Mojszilo	transcription	Mojszilo	serbian	HU 20/2025 (IX. 3.) KIM
Móma	transcription	Móma	serbian	HU 20/2025 (IX. 3.) KIM
Momcsilo	transcription	Momcsilo	serbian	HU 20/2025 (IX. 3.) KIM
Momír	transcription	Momír	serbian	HU 20/2025 (IX. 3.) KIM
Momíra	transcription	Momíra	serbian	HU 20/2025 (IX. 3.) KIM
Momírka	transcription	Momírka	serbian	HU 20/2025 (IX. 3.) KIM
Monika	transcription	Monika	serbian	HU 20/2025 (IX. 3.) KIM
Mónika	transcription	Mónika	serbian	HU 20/2025 (IX. 3.) KIM
Mrgyan	transcription	Mrgyan	serbian	HU 20/2025 (IX. 3.) KIM
Mrgyán	transcription	Mrgyán	serbian	HU 20/2025 (IX. 3.) KIM
Mrgyen	transcription	Mrgyen	serbian	HU 20/2025 (IX. 3.) KIM
Mrksa	transcription	Mrksa	serbian	HU 20/2025 (IX. 3.) KIM
Náda	transcription	Náda	serbian	HU 20/2025 (IX. 3.) KIM
Nádezsda	transcription	Nádezsda	serbian	HU 20/2025 (IX. 3.) KIM
Nádica	transcription	Nádica	serbian	HU 20/2025 (IX. 3.) KIM
Nágya	transcription	Nágya	serbian	HU 20/2025 (IX. 3.) KIM
Najda	transcription	Najda	serbian	HU 20/2025 (IX. 3.) KIM
Najdan	transcription	Najdan	serbian	HU 20/2025 (IX. 3.) KIM
Najdana	transcription	Najdana	serbian	HU 20/2025 (IX. 3.) KIM
Náta	transcription	Náta	serbian	HU 20/2025 (IX. 3.) KIM
Natálija	transcription	Natálija	serbian	HU 20/2025 (IX. 3.) KIM
Natasa	transcription	Natasa	serbian	HU 20/2025 (IX. 3.) KIM
Naum	transcription	Naum	serbian	HU 20/2025 (IX. 3.) KIM
Nebójsa	transcription	Nebójsa	serbian	HU 20/2025 (IX. 3.) KIM
Néda	transcription	Néda	serbian	HU 20/2025 (IX. 3.) KIM
Nedéljka	transcription	Nedéljka	serbian	HU 20/2025 (IX. 3.) KIM
Nedéljko	transcription	Nedéljko	serbian	HU 20/2025 (IX. 3.) KIM
Negica	transcription	Negica	serbian	HU 20/2025 (IX. 3.) KIM
Negomír	transcription	Negomír	serbian	HU 20/2025 (IX. 3.) KIM
Negomírka	transcription	Negomírka	serbian	HU 20/2025 (IX. 3.) KIM
Negoszáv	transcription	Negoszáv	serbian	HU 20/2025 (IX. 3.) KIM
Negoszláv	transcription	Negoszláv	serbian	HU 20/2025 (IX. 3.) KIM
Negován	transcription	Negován	serbian	HU 20/2025 (IX. 3.) KIM
Negovánka	transcription	Negovánka	serbian	HU 20/2025 (IX. 3.) KIM
Negyeljka	transcription	Negyeljka	serbian	HU 20/2025 (IX. 3.) KIM
Negyéljko	transcription	Negyéljko	serbian	HU 20/2025 (IX. 3.) KIM
Négyo	transcription	Négyo	serbian	HU 20/2025 (IX. 3.) KIM
Nela	transcription	Nela	serbian	HU 20/2025 (IX. 3.) KIM
Nemanja	transcription	Nemanja	serbian	HU 20/2025 (IX. 3.) KIM
Nenád	transcription	Nenád	serbian	HU 20/2025 (IX. 3.) KIM
Néra	transcription	Néra	serbian	HU 20/2025 (IX. 3.) KIM
Nera	transcription	Nera	serbian	HU 20/2025 (IX. 3.) KIM
Nesko	transcription	Nesko	serbian	HU 20/2025 (IX. 3.) KIM
Nesztor	transcription	Nesztor	serbian	HU 20/2025 (IX. 3.) KIM
Neven	transcription	Neven	serbian	HU 20/2025 (IX. 3.) KIM
Nevena	transcription	Nevena	serbian	HU 20/2025 (IX. 3.) KIM
Nevenka	transcription	Nevenka	serbian	HU 20/2025 (IX. 3.) KIM
Nevenkó	transcription	Nevenkó	serbian	HU 20/2025 (IX. 3.) KIM
Nevenko	transcription	Nevenko	serbian	HU 20/2025 (IX. 3.) KIM
Nikasin	transcription	Nikasin	serbian	HU 20/2025 (IX. 3.) KIM
Nikó	transcription	Nikó	serbian	HU 20/2025 (IX. 3.) KIM
Nikodije	transcription	Nikodije	serbian	HU 20/2025 (IX. 3.) KIM
Nikodim	transcription	Nikodim	serbian	HU 20/2025 (IX. 3.) KIM
Nikola	transcription	Nikola	serbian	HU 20/2025 (IX. 3.) KIM
Nikoleta	transcription	Nikoleta	serbian	HU 20/2025 (IX. 3.) KIM
Nikolija	transcription	Nikolija	serbian	HU 20/2025 (IX. 3.) KIM
Nikolína	transcription	Nikolína	serbian	HU 20/2025 (IX. 3.) KIM
Niksa	transcription	Niksa	serbian	HU 20/2025 (IX. 3.) KIM
Nina	transcription	(ru)Nina	serbian	HU 20/2025 (IX. 3.) KIM
Niná	transcription	Niná	serbian	HU 20/2025 (IX. 3.) KIM
Nínko	transcription	Nínko	serbian	HU 20/2025 (IX. 3.) KIM
Ninó	transcription	Ninó	serbian	HU 20/2025 (IX. 3.) KIM
Ninoszláv	transcription	Ninoszláv	serbian	HU 20/2025 (IX. 3.) KIM
Nisava	transcription	Nisava	serbian	HU 20/2025 (IX. 3.) KIM
Nityifor	transcription	Nityifor	serbian	HU 20/2025 (IX. 3.) KIM
Njegomír	transcription	Njegomír	serbian	HU 20/2025 (IX. 3.) KIM
Njegomírka	transcription	Njegomírka	serbian	HU 20/2025 (IX. 3.) KIM
Njegos	transcription	Njegos	serbian	HU 20/2025 (IX. 3.) KIM
Njegoszava	transcription	Njegoszava	serbian	HU 20/2025 (IX. 3.) KIM
Njegoszláv	transcription	Njegoszláv	serbian	HU 20/2025 (IX. 3.) KIM
Njegoszláva	transcription	Njegoszláva	serbian	HU 20/2025 (IX. 3.) KIM
Njegován	transcription	Njegován	serbian	HU 20/2025 (IX. 3.) KIM
Novka	transcription	Novka	serbian	HU 20/2025 (IX. 3.) KIM
Obrád	transcription	Obrád	serbian	HU 20/2025 (IX. 3.) KIM
Obradin	transcription	Obradin	serbian	HU 20/2025 (IX. 3.) KIM
Obradinka	transcription	Obradinka	serbian	HU 20/2025 (IX. 3.) KIM
Obren	transcription	Obren	serbian	HU 20/2025 (IX. 3.) KIM
Obrenija	transcription	Obrenija	serbian	HU 20/2025 (IX. 3.) KIM
Obrenkó	transcription	Obrenkó	serbian	HU 20/2025 (IX. 3.) KIM
Obreten	transcription	Obreten	serbian	HU 20/2025 (IX. 3.) KIM
Ognjan	transcription	Ognjan	serbian	HU 20/2025 (IX. 3.) KIM
Ognjen	transcription	Ognjan	serbian	HU 20/2025 (IX. 3.) KIM
Ojdana	transcription	Ojdana	serbian	HU 20/2025 (IX. 3.) KIM
Olga	transcription	Olga	serbian	HU 20/2025 (IX. 3.) KIM
Olgica	transcription	Olgica	serbian	HU 20/2025 (IX. 3.) KIM
Olivéra	transcription	Olivéra	serbian	HU 20/2025 (IX. 3.) KIM
Olja	transcription	Olja	serbian	HU 20/2025 (IX. 3.) KIM
Omilj	transcription	Omiljen	serbian	HU 20/2025 (IX. 3.) KIM
Omiljen	transcription	Omiljen	serbian	HU 20/2025 (IX. 3.) KIM
Ozren	transcription	Ozrisa	serbian	HU 20/2025 (IX. 3.) KIM
Ozrénka	transcription	Ozrénka	serbian	HU 20/2025 (IX. 3.) KIM
Ozrisa	transcription	Ozrisa	serbian	HU 20/2025 (IX. 3.) KIM
Pája	transcription	Pája	serbian	HU 20/2025 (IX. 3.) KIM
Pánta	equivalent	Панто	serbian	HU 20/2025 (IX. 3.) KIM
Pánta	transcription	Pánta	serbian	HU 20/2025 (IX. 3.) KIM
Pantelíja	equivalent	Панто	serbian	HU 20/2025 (IX. 3.) KIM
Pantelíja	transcription	Pantelíja	serbian	HU 20/2025 (IX. 3.) KIM
Pánto	equivalent	Панто	serbian	HU 20/2025 (IX. 3.) KIM
Pánto	transcription	Pánto	serbian	HU 20/2025 (IX. 3.) KIM
Parszkéva	transcription	Parszkéva	serbian	HU 20/2025 (IX. 3.) KIM
Paulína	transcription	Paulína	serbian	HU 20/2025 (IX. 3.) KIM
Pauna	transcription	Pauna	serbian	HU 20/2025 (IX. 3.) KIM
Paunica	transcription	Paunica	serbian	HU 20/2025 (IX. 3.) KIM
Páva	transcription	Páva	serbian	HU 20/2025 (IX. 3.) KIM
Pávija	transcription	Pávija	serbian	HU 20/2025 (IX. 3.) KIM
Pávka	transcription	Pávka	serbian	HU 20/2025 (IX. 3.) KIM
Pávla	transcription	Pávla	serbian	HU 20/2025 (IX. 3.) KIM
Pávle	equivalent	Павић	serbian	HU 20/2025 (IX. 3.) KIM
Pávle	equivalent	Павлић	serbian	HU 20/2025 (IX. 3.) KIM
Pávle	transcription	Pávle	serbian	HU 20/2025 (IX. 3.) KIM
Pavlija	transcription	Pavlija	serbian	HU 20/2025 (IX. 3.) KIM
Pavlína	transcription	Pavlína	serbian	HU 20/2025 (IX. 3.) KIM
Péjka	transcription	Péjka	serbian	HU 20/2025 (IX. 3.) KIM
Pelagija	transcription	Pelagija	serbian	HU 20/2025 (IX. 3.) KIM
Pepica	transcription	Pepica	serbian	HU 20/2025 (IX. 3.) KIM
Péra	equivalent	Pérko	serbian	HU 20/2025 (IX. 3.) KIM
Péra	equivalent	Перица	serbian	HU 20/2025 (IX. 3.) KIM
Péra	equivalent	ПеркоPérica	serbian	HU 20/2025 (IX. 3.) KIM
Périca	equivalent	Pérko	serbian	HU 20/2025 (IX. 3.) KIM
Périca	equivalent	Перица	serbian	HU 20/2025 (IX. 3.) KIM
Périca	equivalent	ПеркоPérica	serbian	HU 20/2025 (IX. 3.) KIM
Pérko	equivalent	Pérko	serbian	HU 20/2025 (IX. 3.) KIM
Pérko	equivalent	Перица	serbian	HU 20/2025 (IX. 3.) KIM
Pérko	equivalent	ПеркоPérica	serbian	HU 20/2025 (IX. 3.) KIM
Péro	equivalent	Pérko	serbian	HU 20/2025 (IX. 3.) KIM
Péro	equivalent	Перица	serbian	HU 20/2025 (IX. 3.) KIM
Péro	equivalent	ПеркоPérica	serbian	HU 20/2025 (IX. 3.) KIM
Pérsza	transcription	Pérsza	serbian	HU 20/2025 (IX. 3.) KIM
Perszída	transcription	Perszída	serbian	HU 20/2025 (IX. 3.) KIM
Perun	transcription	Perunko	serbian	HU 20/2025 (IX. 3.) KIM
Peruna	transcription	Peruna	serbian	HU 20/2025 (IX. 3.) KIM
Perunika	transcription	Perunika	serbian	HU 20/2025 (IX. 3.) KIM
Perunko	transcription	Perunko	serbian	HU 20/2025 (IX. 3.) KIM
Petar	equivalent	Pérko	serbian	HU 20/2025 (IX. 3.) KIM
Petár	equivalent	Pérko	serbian	HU 20/2025 (IX. 3.) KIM
Petar	equivalent	Перица	serbian	HU 20/2025 (IX. 3.) KIM
Petár	equivalent	Перица	serbian	HU 20/2025 (IX. 3.) KIM
Petár	equivalent	ПеркоPérica	serbian	HU 20/2025 (IX. 3.) KIM
Petar	equivalent	ПеркоPérica	serbian	HU 20/2025 (IX. 3.) KIM
Petkana	transcription	Petkana	serbian	HU 20/2025 (IX. 3.) KIM
Plaménka	transcription	Plaménka	serbian	HU 20/2025 (IX. 3.) KIM
Planínka	transcription	Planínka	serbian	HU 20/2025 (IX. 3.) KIM
Polekszija	transcription	Polekszija	serbian	HU 20/2025 (IX. 3.) KIM
Poznana	transcription	Poznana	serbian	HU 20/2025 (IX. 3.) KIM
Prodana	transcription	Prodana	serbian	HU 20/2025 (IX. 3.) KIM
Prvoszáv	transcription	Prvoszáv	serbian	HU 20/2025 (IX. 3.) KIM
Prvoszláv	transcription	Prvoszláv	serbian	HU 20/2025 (IX. 3.) KIM
Punan	transcription	Punan	serbian	HU 20/2025 (IX. 3.) KIM
Punisa	transcription	Punan	serbian	HU 20/2025 (IX. 3.) KIM
Pures	transcription	Pures	serbian	HU 20/2025 (IX. 3.) KIM
Purko	transcription	Purko	serbian	HU 20/2025 (IX. 3.) KIM
Púro	transcription	Púro	serbian	HU 20/2025 (IX. 3.) KIM
Racko	transcription	Racko	serbian	HU 20/2025 (IX. 3.) KIM
Ráda	transcription	Ráda	serbian	HU 20/2025 (IX. 3.) KIM
Radana	transcription	Radana	serbian	HU 20/2025 (IX. 3.) KIM
Radánka	transcription	Radánka	serbian	HU 20/2025 (IX. 3.) KIM
Raden	transcription	Radénko	serbian	HU 20/2025 (IX. 3.) KIM
Radena	transcription	Radena	serbian	HU 20/2025 (IX. 3.) KIM
Radénka	transcription	Radénka	serbian	HU 20/2025 (IX. 3.) KIM
Radénko	transcription	Radénko	serbian	HU 20/2025 (IX. 3.) KIM
Radica	transcription	Radica	serbian	HU 20/2025 (IX. 3.) KIM
Radika	transcription	Radika	serbian	HU 20/2025 (IX. 3.) KIM
Radimír	transcription	Radimír	serbian	HU 20/2025 (IX. 3.) KIM
Radin	transcription	Radinko	serbian	HU 20/2025 (IX. 3.) KIM
Radina	transcription	Radina	serbian	HU 20/2025 (IX. 3.) KIM
Radínka	transcription	Radínka	serbian	HU 20/2025 (IX. 3.) KIM
Radinko	transcription	Radinko	serbian	HU 20/2025 (IX. 3.) KIM
Radivoj	transcription	Radivoj	serbian	HU 20/2025 (IX. 3.) KIM
Radivoje	transcription	Radivoj	serbian	HU 20/2025 (IX. 3.) KIM
Radivójka	transcription	Radivójka	serbian	HU 20/2025 (IX. 3.) KIM
Radman	transcription	Radoman	serbian	HU 20/2025 (IX. 3.) KIM
Radmila	transcription	Radmila	serbian	HU 20/2025 (IX. 3.) KIM
Rádna	transcription	Rádna	serbian	HU 20/2025 (IX. 3.) KIM
Radójka	transcription	Radójka	serbian	HU 20/2025 (IX. 3.) KIM
Radójla	transcription	Radójla	serbian	HU 20/2025 (IX. 3.) KIM
Radoman	transcription	Radoman	serbian	HU 20/2025 (IX. 3.) KIM
Radomír	transcription	Radomír	serbian	HU 20/2025 (IX. 3.) KIM
Radomirá	transcription	Radomirá	serbian	HU 20/2025 (IX. 3.) KIM
Radomírka	transcription	Radomírka	serbian	HU 20/2025 (IX. 3.) KIM
Rádonja	transcription	Rádonja	serbian	HU 20/2025 (IX. 3.) KIM
Rados	transcription	Rados	serbian	HU 20/2025 (IX. 3.) KIM
Radoszija	transcription	Radoszija	serbian	HU 20/2025 (IX. 3.) KIM
Radota	transcription	Radota	serbian	HU 20/2025 (IX. 3.) KIM
Radovánka	transcription	Radovánka	serbian	HU 20/2025 (IX. 3.) KIM
Radovinka	transcription	Radovinka	serbian	HU 20/2025 (IX. 3.) KIM
Raduka	transcription	Raduka	serbian	HU 20/2025 (IX. 3.) KIM
Radukan	transcription	Radukan	serbian	HU 20/2025 (IX. 3.) KIM
Radul	transcription	Radul	serbian	HU 20/2025 (IX. 3.) KIM
Radúl	transcription	Radúl	serbian	HU 20/2025 (IX. 3.) KIM
Radula	transcription	Radula	serbian	HU 20/2025 (IX. 3.) KIM
Radule	transcription	Radule	serbian	HU 20/2025 (IX. 3.) KIM
Radulin	transcription	Radulin	serbian	HU 20/2025 (IX. 3.) KIM
Radun	transcription	Radun	serbian	HU 20/2025 (IX. 3.) KIM
Radúnka	transcription	Radúnka	serbian	HU 20/2025 (IX. 3.) KIM
Radusa	transcription	Radusa	serbian	HU 20/2025 (IX. 3.) KIM
Raduska	transcription	Raduska	serbian	HU 20/2025 (IX. 3.) KIM
Raduszin	transcription	Raduszin	serbian	HU 20/2025 (IX. 3.) KIM
Rafailo	transcription	Rafailo	serbian	HU 20/2025 (IX. 3.) KIM
Ragyen	transcription	Ragyen	serbian	HU 20/2025 (IX. 3.) KIM
Raica	transcription	Raica	serbian	HU 20/2025 (IX. 3.) KIM
Raics	transcription	Raics	serbian	HU 20/2025 (IX. 3.) KIM
Raicsko	transcription	Raicsko	serbian	HU 20/2025 (IX. 3.) KIM
Rain	transcription	Rain	serbian	HU 20/2025 (IX. 3.) KIM
Rajak	transcription	Rajak	serbian	HU 20/2025 (IX. 3.) KIM
Rajan	transcription	Rajan	serbian	HU 20/2025 (IX. 3.) KIM
Rajcséta	transcription	Rajcséta	serbian	HU 20/2025 (IX. 3.) KIM
Rajcseta	transcription	Rajcseta	serbian	HU 20/2025 (IX. 3.) KIM
Rájka	transcription	Rájka	serbian	HU 20/2025 (IX. 3.) KIM
Rájko	transcription	Rájko	serbian	HU 20/2025 (IX. 3.) KIM
Rájna	transcription	Rájna	serbian	HU 20/2025 (IX. 3.) KIM
Ralen	transcription	Ralen	serbian	HU 20/2025 (IX. 3.) KIM
Raleta	transcription	Raleta	serbian	HU 20/2025 (IX. 3.) KIM
Raniszáv	transcription	Raniszáv	serbian	HU 20/2025 (IX. 3.) KIM
Ránka	transcription	Ránka	serbian	HU 20/2025 (IX. 3.) KIM
Ránko	transcription	Ránko	serbian	HU 20/2025 (IX. 3.) KIM
Raoszáv	transcription	Raoszáv	serbian	HU 20/2025 (IX. 3.) KIM
Rasko	transcription	Rasko	serbian	HU 20/2025 (IX. 3.) KIM
Raszko	transcription	Raszko	serbian	HU 20/2025 (IX. 3.) KIM
Rasztiszláv	transcription	Rasztiszláv	serbian	HU 20/2025 (IX. 3.) KIM
Rasztko	transcription	Rasztko	serbian	HU 20/2025 (IX. 3.) KIM
Ratibor	transcription	Ratibor	serbian	HU 20/2025 (IX. 3.) KIM
Rátka	transcription	Rátka	serbian	HU 20/2025 (IX. 3.) KIM
Ratko	transcription	Ratko	serbian	HU 20/2025 (IX. 3.) KIM
Ratomír	transcription	Ratomír	serbian	HU 20/2025 (IX. 3.) KIM
Razuménka	transcription	Razuménka	serbian	HU 20/2025 (IX. 3.) KIM
Rekula	transcription	Rekula	serbian	HU 20/2025 (IX. 3.) KIM
Relja	transcription	Relja	serbian	HU 20/2025 (IX. 3.) KIM
Reszan	transcription	Reszan	serbian	HU 20/2025 (IX. 3.) KIM
Ríszta	transcription	Ríszta	serbian	HU 20/2025 (IX. 3.) KIM
Risztán	transcription	Risztán	serbian	HU 20/2025 (IX. 3.) KIM
Risztivoje	transcription	Risztivoje	serbian	HU 20/2025 (IX. 3.) KIM
Ríszto	transcription	Ríszto	serbian	HU 20/2025 (IX. 3.) KIM
Rodoljúb	transcription	Rodoljúb	serbian	HU 20/2025 (IX. 3.) KIM
Roksza	transcription	Roksza	serbian	HU 20/2025 (IX. 3.) KIM
Rokszánda	transcription	Rokszánda	serbian	HU 20/2025 (IX. 3.) KIM
Rosza	transcription	Rosza	serbian	HU 20/2025 (IX. 3.) KIM
Roszánda	transcription	Roszánda	serbian	HU 20/2025 (IX. 3.) KIM
Rusmira	transcription	Rusmira	serbian	HU 20/2025 (IX. 3.) KIM
Ruszimír	transcription	Ruszimír	serbian	HU 20/2025 (IX. 3.) KIM
Ruszmír	transcription	Ruszmír	serbian	HU 20/2025 (IX. 3.) KIM
Ruzmárinka	transcription	Ruzmárinka	serbian	HU 20/2025 (IX. 3.) KIM
Rúzsa	transcription	Rúzsa	serbian	HU 20/2025 (IX. 3.) KIM
Ruzsica	transcription	Ruzsica	serbian	HU 20/2025 (IX. 3.) KIM
Sakota	transcription	Sakota	serbian	HU 20/2025 (IX. 3.) KIM
Sále	transcription	Sále	serbian	HU 20/2025 (IX. 3.) KIM
Sána	transcription	Sána	serbian	HU 20/2025 (IX. 3.) KIM
Spiró	transcription	Spiró	serbian	HU 20/2025 (IX. 3.) KIM
Sretyán	transcription	Sretyán	serbian	HU 20/2025 (IX. 3.) KIM
Styepán	transcription	Styepán	serbian	HU 20/2025 (IX. 3.) KIM
Sumadínka	transcription	Sumadínka	serbian	HU 20/2025 (IX. 3.) KIM
Sumenko	transcription	Sumenko	serbian	HU 20/2025 (IX. 3.) KIM
Sután	transcription	Sután	serbian	HU 20/2025 (IX. 3.) KIM
Szamuilo	transcription	Szamuilo	serbian	HU 20/2025 (IX. 3.) KIM
Szandra	transcription	Szandra	serbian	HU 20/2025 (IX. 3.) KIM
Szanéla	transcription	Szanéla	serbian	HU 20/2025 (IX. 3.) KIM
Szánja	transcription	Szánja	serbian	HU 20/2025 (IX. 3.) KIM
Szányá	transcription	Szányá	serbian	HU 20/2025 (IX. 3.) KIM
Szára	transcription	Szára	serbian	HU 20/2025 (IX. 3.) KIM
Szása	transcription	Szása	serbian	HU 20/2025 (IX. 3.) KIM
Szasa	transcription	Szasa	serbian	HU 20/2025 (IX. 3.) KIM
Szásá	transcription	Szásá	serbian	HU 20/2025 (IX. 3.) KIM
Száva	transcription	Száva	serbian	HU 20/2025 (IX. 3.) KIM
Szavatije	transcription	Szavatije	serbian	HU 20/2025 (IX. 3.) KIM
Száveta	transcription	Száveta	serbian	HU 20/2025 (IX. 3.) KIM
Szávetka	transcription	Szávetka	serbian	HU 20/2025 (IX. 3.) KIM
Szavica	transcription	Szavica	serbian	HU 20/2025 (IX. 3.) KIM
Szávka	transcription	Szávka	serbian	HU 20/2025 (IX. 3.) KIM
Szazdána	transcription	Szazdána	serbian	HU 20/2025 (IX. 3.) KIM
Szekána	transcription	Szekána	serbian	HU 20/2025 (IX. 3.) KIM
Szekula	transcription	Szekule	serbian	HU 20/2025 (IX. 3.) KIM
Szekule	transcription	Szekule	serbian	HU 20/2025 (IX. 3.) KIM
Szelena	transcription	Szelena	serbian	HU 20/2025 (IX. 3.) KIM
Szenía	transcription	Szenía	serbian	HU 20/2025 (IX. 3.) KIM
Szénka	transcription	Szénka	serbian	HU 20/2025 (IX. 3.) KIM
Szergej	equivalent	СергејSzergej	serbian	HU 20/2025 (IX. 3.) KIM
Szergej	equivalent	Сергије	serbian	HU 20/2025 (IX. 3.) KIM
Szergije	equivalent	СергејSzergej	serbian	HU 20/2025 (IX. 3.) KIM
Szergije	equivalent	Сергије	serbian	HU 20/2025 (IX. 3.) KIM
Szevetka	transcription	Szevetka	serbian	HU 20/2025 (IX. 3.) KIM
Szibina	transcription	Szibina	serbian	HU 20/2025 (IX. 3.) KIM
Szibinka	transcription	Szibinka	serbian	HU 20/2025 (IX. 3.) KIM
Szima	equivalent	Szimon	serbian	HU 20/2025 (IX. 3.) KIM
Szima	equivalent	Сима	serbian	HU 20/2025 (IX. 3.) KIM
Szima	equivalent	Симо	serbian	HU 20/2025 (IX. 3.) KIM
Szima	equivalent	СимонSzimo	serbian	HU 20/2025 (IX. 3.) KIM
Szima	transcription	Szimeún	serbian	HU 20/2025 (IX. 3.) KIM
Szimo	equivalent	Szimon	serbian	HU 20/2025 (IX. 3.) KIM
Szimo	equivalent	Сима	serbian	HU 20/2025 (IX. 3.) KIM
Szimo	equivalent	Симо	serbian	HU 20/2025 (IX. 3.) KIM
Szimo	equivalent	СимонSzimo	serbian	HU 20/2025 (IX. 3.) KIM
Szimo	transcription	Szima	serbian	HU 20/2025 (IX. 3.) KIM
Színgya	transcription	Színgya	serbian	HU 20/2025 (IX. 3.) KIM
Szingyelija	transcription	Szingyelija	serbian	HU 20/2025 (IX. 3.) KIM
Szkoroszáva	transcription	Szkoroszáva	serbian	HU 20/2025 (IX. 3.) KIM
Szlagyana	transcription	Szlagyana	serbian	HU 20/2025 (IX. 3.) KIM
Szlagyanka	transcription	Szlagyanka	serbian	HU 20/2025 (IX. 3.) KIM
Szlaven	transcription	Szlavenko	serbian	HU 20/2025 (IX. 3.) KIM
Szlavenko	transcription	Szlavenko	serbian	HU 20/2025 (IX. 3.) KIM
Szlavimír	equivalent	Славимир	serbian	HU 20/2025 (IX. 3.) KIM
Szlavimír	transcription	Szlavimír	serbian	HU 20/2025 (IX. 3.) KIM
Szlavisa	equivalent	Славо	serbian	HU 20/2025 (IX. 3.) KIM
Szlavisa	transcription	Szlavisa	serbian	HU 20/2025 (IX. 3.) KIM
Szlávko	equivalent	Славо	serbian	HU 20/2025 (IX. 3.) KIM
Szlávko	transcription	Szlávko	serbian	HU 20/2025 (IX. 3.) KIM
Szlávo	equivalent	Славо	serbian	HU 20/2025 (IX. 3.) KIM
Szlávo	transcription	Szlávo	serbian	HU 20/2025 (IX. 3.) KIM
Szlavójka	transcription	Szlavójka	serbian	HU 20/2025 (IX. 3.) KIM
Szlavomír	equivalent	Славимир	serbian	HU 20/2025 (IX. 3.) KIM
Szlavomír	transcription	Szlavomír	serbian	HU 20/2025 (IX. 3.) KIM
Szlavújka	transcription	Szlavújka	serbian	HU 20/2025 (IX. 3.) KIM
Szlobodan	transcription	Szlobodan	serbian	HU 20/2025 (IX. 3.) KIM
Szlobodán	transcription	Szlobodán	serbian	HU 20/2025 (IX. 3.) KIM
Szlobodánka	transcription	Szlobodánka	serbian	HU 20/2025 (IX. 3.) KIM
Szlovénka	transcription	Szlovénka	serbian	HU 20/2025 (IX. 3.) KIM
Szmijan	equivalent	Szmílyko	serbian	HU 20/2025 (IX. 3.) KIM
Szmíljko	equivalent	Szmílyko	serbian	HU 20/2025 (IX. 3.) KIM
Szmilyan	equivalent	Szmílyko	serbian	HU 20/2025 (IX. 3.) KIM
Szmílyko	equivalent	Szmílyko	serbian	HU 20/2025 (IX. 3.) KIM
Szmólja	transcription	Szmólja	serbian	HU 20/2025 (IX. 3.) KIM
Szmoljana	transcription	Szmoljana	serbian	HU 20/2025 (IX. 3.) KIM
Sznezsana	transcription	Sznezsana	serbian	HU 20/2025 (IX. 3.) KIM
Sznyezsana	transcription	Sznyezsana	serbian	HU 20/2025 (IX. 3.) KIM
Szolumija	transcription	Szolumija	serbian	HU 20/2025 (IX. 3.) KIM
Szpaszoja	transcription	Szpaszoja	serbian	HU 20/2025 (IX. 3.) KIM
Szpaszoje	transcription	Szpaszoje	serbian	HU 20/2025 (IX. 3.) KIM
Szpíra	transcription	Szpíra	serbian	HU 20/2025 (IX. 3.) KIM
Szpiridón	transcription	Szpíra	serbian	HU 20/2025 (IX. 3.) KIM
Szpomenka	transcription	Szpomenka	serbian	HU 20/2025 (IX. 3.) KIM
Szrba	transcription	Szrba	serbian	HU 20/2025 (IX. 3.) KIM
Szrbijánka	transcription	Szrbijánka	serbian	HU 20/2025 (IX. 3.) KIM
Szrbiszláv	equivalent	Србослав	serbian	HU 20/2025 (IX. 3.) KIM
Szrbiszláv	transcription	Szrbiszláv	serbian	HU 20/2025 (IX. 3.) KIM
Szrbiszlava	transcription	Szrbiszlava	serbian	HU 20/2025 (IX. 3.) KIM
Szrbiszláva	transcription	Szrbiszláva	serbian	HU 20/2025 (IX. 3.) KIM
Szrboszláv	equivalent	Србослав	serbian	HU 20/2025 (IX. 3.) KIM
Szrboszláv	transcription	Szrboszláv	serbian	HU 20/2025 (IX. 3.) KIM
Szredoja	transcription	Szredoja	serbian	HU 20/2025 (IX. 3.) KIM
Szredoje	transcription	Szredoja	serbian	HU 20/2025 (IX. 3.) KIM
Szreténka	transcription	Szreténka	serbian	HU 20/2025 (IX. 3.) KIM
Szretko	transcription	Szretko	serbian	HU 20/2025 (IX. 3.) KIM
Szretó	transcription	Szretó	serbian	HU 20/2025 (IX. 3.) KIM
Szreto	transcription	Szreto	serbian	HU 20/2025 (IX. 3.) KIM
Szretyko	transcription	Sretyán	serbian	HU 20/2025 (IX. 3.) KIM
Szrgya	equivalent	СергејSzergej	serbian	HU 20/2025 (IX. 3.) KIM
Szrgya	equivalent	Сергије	serbian	HU 20/2025 (IX. 3.) KIM
Szrgyán	equivalent	СергејSzergej	serbian	HU 20/2025 (IX. 3.) KIM
Szrgyán	equivalent	Сергије	serbian	HU 20/2025 (IX. 3.) KIM
Sztája	transcription	Sztája	serbian	HU 20/2025 (IX. 3.) KIM
Sztájka	transcription	Sztájka	serbian	HU 20/2025 (IX. 3.) KIM
Sztajko	transcription	Sztajko	serbian	HU 20/2025 (IX. 3.) KIM
Sztájo	transcription	Sztájo	serbian	HU 20/2025 (IX. 3.) KIM
Sztáka	transcription	Sztáka	serbian	HU 20/2025 (IX. 3.) KIM
Sztamen	transcription	Sztamen	serbian	HU 20/2025 (IX. 3.) KIM
Sztamena	transcription	Sztamena	serbian	HU 20/2025 (IX. 3.) KIM
Sztaménka	transcription	Sztaménka	serbian	HU 20/2025 (IX. 3.) KIM
Sztamenko	transcription	Sztamenko	serbian	HU 20/2025 (IX. 3.) KIM
Sztanacsa	transcription	Sztanacsa	serbian	HU 20/2025 (IX. 3.) KIM
Sztanava	transcription	Sztanava	serbian	HU 20/2025 (IX. 3.) KIM
Sztanimírka	transcription	Sztanimírka	serbian	HU 20/2025 (IX. 3.) KIM
Sztanisa	transcription	Sztanisa	serbian	HU 20/2025 (IX. 3.) KIM
Sztaniszáv	equivalent	Станисав	serbian	HU 20/2025 (IX. 3.) KIM
Sztaniszáv	transcription	Sztaniszáv	serbian	HU 20/2025 (IX. 3.) KIM
Sztaniszláv	equivalent	Станисав	serbian	HU 20/2025 (IX. 3.) KIM
Sztaniszláv	transcription	Sztaniszláv	serbian	HU 20/2025 (IX. 3.) KIM
Sztánko	transcription	Sztánko	serbian	HU 20/2025 (IX. 3.) KIM
Sztanójka	transcription	Sztanójka	serbian	HU 20/2025 (IX. 3.) KIM
Sztanójla	transcription	Sztanójla	serbian	HU 20/2025 (IX. 3.) KIM
Sztása	transcription	Sztása	serbian	HU 20/2025 (IX. 3.) KIM
Sztásá	transcription	Sztásá	serbian	HU 20/2025 (IX. 3.) KIM
Sztilykó	transcription	Sztilykó	serbian	HU 20/2025 (IX. 3.) KIM
Sztiszáva	transcription	Sztiszáva	serbian	HU 20/2025 (IX. 3.) KIM
Sztoiljko	transcription	Sztoiljko	serbian	HU 20/2025 (IX. 3.) KIM
Sztoin	transcription	Sztoin	serbian	HU 20/2025 (IX. 3.) KIM
Sztoity	transcription	Sztoity	serbian	HU 20/2025 (IX. 3.) KIM
Sztojadin	transcription	Sztojadin	serbian	HU 20/2025 (IX. 3.) KIM
Sztojadínka	transcription	Sztojadínka	serbian	HU 20/2025 (IX. 3.) KIM
Sztoják	transcription	Sztoják	serbian	HU 20/2025 (IX. 3.) KIM
Sztoján	transcription	Sztoján	serbian	HU 20/2025 (IX. 3.) KIM
Sztójko	transcription	Sztójko	serbian	HU 20/2025 (IX. 3.) KIM
Sztojmen	transcription	Sztojmen	serbian	HU 20/2025 (IX. 3.) KIM
Sztojsa	transcription	Sztojsa	serbian	HU 20/2025 (IX. 3.) KIM
Sztracimír	transcription	Sztracimír	serbian	HU 20/2025 (IX. 3.) KIM
Sztrahin	transcription	Sztrahin	serbian	HU 20/2025 (IX. 3.) KIM
Sztrahinja	transcription	Sztrahinja	serbian	HU 20/2025 (IX. 3.) KIM
Sztrain	transcription	Sztrain	serbian	HU 20/2025 (IX. 3.) KIM
Sztrainja	transcription	Sztrainja	serbian	HU 20/2025 (IX. 3.) KIM
Sztratimír	transcription	Sztratimír	serbian	HU 20/2025 (IX. 3.) KIM
Sztribor	transcription	Sztribor	serbian	HU 20/2025 (IX. 3.) KIM
Sztruja	transcription	Sztruja	serbian	HU 20/2025 (IX. 3.) KIM
Szuncsánica	transcription	Szuncsánica	serbian	HU 20/2025 (IX. 3.) KIM
Szuncsica	transcription	Szuncsica	serbian	HU 20/2025 (IX. 3.) KIM
Szuzana	transcription	Szuzana	serbian	HU 20/2025 (IX. 3.) KIM
Szvetibor	transcription	Szvetibor	serbian	HU 20/2025 (IX. 3.) KIM
Szvetiszláv	transcription	Szvetiszláv	serbian	HU 20/2025 (IX. 3.) KIM
Szvetiszláva	transcription	Szvetiszláva	serbian	HU 20/2025 (IX. 3.) KIM
Szvetiszlava	transcription	Szvetiszlava	serbian	HU 20/2025 (IX. 3.) KIM
Szvetko	transcription	Szvetko	serbian	HU 20/2025 (IX. 3.) KIM
Szvetlana	transcription	Szvetlana	serbian	HU 20/2025 (IX. 3.) KIM
Szvetozár	transcription	Szvetozár	serbian	HU 20/2025 (IX. 3.) KIM
Szvjetlána	transcription	Szvjetlána	serbian	HU 20/2025 (IX. 3.) KIM
Tadej	transcription	Tadej	serbian	HU 20/2025 (IX. 3.) KIM
Tadeja	transcription	Tadeja	serbian	HU 20/2025 (IX. 3.) KIM
Tadija	transcription	Tadija	serbian	HU 20/2025 (IX. 3.) KIM
Tajána	transcription	Tajána	serbian	HU 20/2025 (IX. 3.) KIM
Tajana	transcription	Tajana	serbian	HU 20/2025 (IX. 3.) KIM
Tamara	transcription	Tamara	serbian	HU 20/2025 (IX. 3.) KIM
Tanácko	transcription	Tanácko	serbian	HU 20/2025 (IX. 3.) KIM
Tanaszíja	transcription	Tanaszíja	serbian	HU 20/2025 (IX. 3.) KIM
Tanászije	transcription	Tanászije	serbian	HU 20/2025 (IX. 3.) KIM
Tanászko	transcription	Tanászko	serbian	HU 20/2025 (IX. 3.) KIM
Tankosza	transcription	Tankosza	serbian	HU 20/2025 (IX. 3.) KIM
Tankoszava	transcription	Tankoszava	serbian	HU 20/2025 (IX. 3.) KIM
Tara	transcription	Tara	serbian	HU 20/2025 (IX. 3.) KIM
Tatjána	transcription	Tatjána	serbian	HU 20/2025 (IX. 3.) KIM
Tatjana	transcription	Tatjana	serbian	HU 20/2025 (IX. 3.) KIM
Tatomír	transcription	Tatomír	serbian	HU 20/2025 (IX. 3.) KIM
Tea	transcription	Tea	serbian	HU 20/2025 (IX. 3.) KIM
Teodora	transcription	Teodora	serbian	HU 20/2025 (IX. 3.) KIM
Teofil	transcription	Teofil	serbian	HU 20/2025 (IX. 3.) KIM
Teóna	transcription	Teóna	serbian	HU 20/2025 (IX. 3.) KIM
Tesan	transcription	Tesan	serbian	HU 20/2025 (IX. 3.) KIM
Tihomír	transcription	Tihomír	serbian	HU 20/2025 (IX. 3.) KIM
Tihomírka	transcription	Tihomírka	serbian	HU 20/2025 (IX. 3.) KIM
Tijáná	transcription	Tijáná	serbian	HU 20/2025 (IX. 3.) KIM
Tijána	transcription	Tijána	serbian	HU 20/2025 (IX. 3.) KIM
Tijana	transcription	Tijana	serbian	HU 20/2025 (IX. 3.) KIM
Tímka	transcription	Tímka	serbian	HU 20/2025 (IX. 3.) KIM
Timotej	transcription	Timotej	serbian	HU 20/2025 (IX. 3.) KIM
Timotije	transcription	Timotije	serbian	HU 20/2025 (IX. 3.) KIM
Tioszáv	transcription	Tioszáv	serbian	HU 20/2025 (IX. 3.) KIM
Tioszava	transcription	Tioszava	serbian	HU 20/2025 (IX. 3.) KIM
Todora	transcription	Todora	serbian	HU 20/2025 (IX. 3.) KIM
Tóma	transcription	Tóma	serbian	HU 20/2025 (IX. 3.) KIM
Tomás	transcription	Tomás	serbian	HU 20/2025 (IX. 3.) KIM
Tomica	transcription	Tomica	serbian	HU 20/2025 (IX. 3.) KIM
Tomiszláv	transcription	Tomiszláv	serbian	HU 20/2025 (IX. 3.) KIM
Tomiszlava	transcription	Tomiszlava	serbian	HU 20/2025 (IX. 3.) KIM
Tomiszláva	transcription	Tomiszláva	serbian	HU 20/2025 (IX. 3.) KIM
Tómo	transcription	Tómo	serbian	HU 20/2025 (IX. 3.) KIM
Toplica	transcription	Toplica	serbian	HU 20/2025 (IX. 3.) KIM
Trajan	transcription	Trajan	serbian	HU 20/2025 (IX. 3.) KIM
Trajánka	transcription	Trajánka	serbian	HU 20/2025 (IX. 3.) KIM
Trajcse	transcription	Trajcse	serbian	HU 20/2025 (IX. 3.) KIM
Trájko	transcription	Trájko	serbian	HU 20/2025 (IX. 3.) KIM
Troján	transcription	Troján	serbian	HU 20/2025 (IX. 3.) KIM
Trpko	transcription	Trpko	serbian	HU 20/2025 (IX. 3.) KIM
Tvrtko	transcription	Tvrtko	serbian	HU 20/2025 (IX. 3.) KIM
Tyerana	transcription	Tyerana	serbian	HU 20/2025 (IX. 3.) KIM
Tyetko	transcription	Tyetko	serbian	HU 20/2025 (IX. 3.) KIM
Tyíra	transcription	Tyíra	serbian	HU 20/2025 (IX. 3.) KIM
Tyirila	transcription	Tyirila	serbian	HU 20/2025 (IX. 3.) KIM
Tyirilo	transcription	Tyirilo	serbian	HU 20/2025 (IX. 3.) KIM
Tyirjak	transcription	Tyirjak	serbian	HU 20/2025 (IX. 3.) KIM
Tyírko	transcription	Tyírko	serbian	HU 20/2025 (IX. 3.) KIM
Tyíro	transcription	Tyíro	serbian	HU 20/2025 (IX. 3.) KIM
Ubavka	transcription	Ubavka	serbian	HU 20/2025 (IX. 3.) KIM
Ugljesa	transcription	Ugljesa	serbian	HU 20/2025 (IX. 3.) KIM
Ugren	transcription	Ugren	serbian	HU 20/2025 (IX. 3.) KIM
Ugrin	transcription	Ugrin	serbian	HU 20/2025 (IX. 3.) KIM
Ugrinka	transcription	Ugrinka	serbian	HU 20/2025 (IX. 3.) KIM
Ugrinya	transcription	Ugrinya	serbian	HU 20/2025 (IX. 3.) KIM
Umilyen	transcription	Umilyen	serbian	HU 20/2025 (IX. 3.) KIM
Úna	transcription	Úna	serbian	HU 20/2025 (IX. 3.) KIM
Uros	transcription	Uros	serbian	HU 20/2025 (IX. 3.) KIM
Urosic	transcription	Urosic	serbian	HU 20/2025 (IX. 3.) KIM
Utesen	transcription	Utesen	serbian	HU 20/2025 (IX. 3.) KIM
Utjesen	transcription	Utjesen	serbian	HU 20/2025 (IX. 3.) KIM
Valéria	transcription	Valéria	serbian	HU 20/2025 (IX. 3.) KIM
Vánja	transcription	Vánja	serbian	HU 20/2025 (IX. 3.) KIM
Vanja	transcription	Vanja	serbian	HU 20/2025 (IX. 3.) KIM
Vartolómej	transcription	Vartolómej	serbian	HU 20/2025 (IX. 3.) KIM
Varvara	transcription	Varvara	serbian	HU 20/2025 (IX. 3.) KIM
Vaszílija	transcription	Vaszílija	serbian	HU 20/2025 (IX. 3.) KIM
Vászilká	transcription	Vászilká	serbian	HU 20/2025 (IX. 3.) KIM
Vaszilyka	transcription	Vaszilyka	serbian	HU 20/2025 (IX. 3.) KIM
Vaszka	transcription	Vaszka	serbian	HU 20/2025 (IX. 3.) KIM
Vaszkrszija	transcription	Vaszkrszija	serbian	HU 20/2025 (IX. 3.) KIM
Vaszkrszije	transcription	Vaszkrszije	serbian	HU 20/2025 (IX. 3.) KIM
Vatoly	transcription	Vatoly	serbian	HU 20/2025 (IX. 3.) KIM
Vekoszláv	transcription	Vekoszláv	serbian	HU 20/2025 (IX. 3.) KIM
Vélaszije	transcription	Vélaszije	serbian	HU 20/2025 (IX. 3.) KIM
Velibor	transcription	Velibor	serbian	HU 20/2025 (IX. 3.) KIM
Velibórka	transcription	Velibórka	serbian	HU 20/2025 (IX. 3.) KIM
Velicsko	transcription	Velicsko	serbian	HU 20/2025 (IX. 3.) KIM
Velika	transcription	Velika	serbian	HU 20/2025 (IX. 3.) KIM
Velimír	transcription	Velimír	serbian	HU 20/2025 (IX. 3.) KIM
Velimírka	transcription	Velimírka	serbian	HU 20/2025 (IX. 3.) KIM
Velína	transcription	Velína	serbian	HU 20/2025 (IX. 3.) KIM
Velínka	transcription	Velínka	serbian	HU 20/2025 (IX. 3.) KIM
Velisa	transcription	Velisa	serbian	HU 20/2025 (IX. 3.) KIM
Veliszáv	transcription	Veliszáv	serbian	HU 20/2025 (IX. 3.) KIM
Veliszáva	transcription	Veliszáva	serbian	HU 20/2025 (IX. 3.) KIM
Veliszava	transcription	Veliszava	serbian	HU 20/2025 (IX. 3.) KIM
Velizár	transcription	Velizár	serbian	HU 20/2025 (IX. 3.) KIM
Véljko	transcription	Véljko	serbian	HU 20/2025 (IX. 3.) KIM
Vera	transcription	Vera	serbian	HU 20/2025 (IX. 3.) KIM
Verán	transcription	Verán	serbian	HU 20/2025 (IX. 3.) KIM
Verica	transcription	Verica	serbian	HU 20/2025 (IX. 3.) KIM
Verka	transcription	Verka	serbian	HU 20/2025 (IX. 3.) KIM
Veroljúb	transcription	Veroljúb	serbian	HU 20/2025 (IX. 3.) KIM
Verolyúb	transcription	Verolyúb	serbian	HU 20/2025 (IX. 3.) KIM
Veronika	transcription	Veronika	serbian	HU 20/2025 (IX. 3.) KIM
Veroszava	transcription	Veroszava	serbian	HU 20/2025 (IX. 3.) KIM
Veroszláva	transcription	Veroszláva	serbian	HU 20/2025 (IX. 3.) KIM
Veszna	transcription	Veszna	serbian	HU 20/2025 (IX. 3.) KIM
Vída	transcription	Vída	serbian	HU 20/2025 (IX. 3.) KIM
Vidojka	transcription	Vidojka	serbian	HU 20/2025 (IX. 3.) KIM
Vidoszáva	transcription	Vidoszáva	serbian	HU 20/2025 (IX. 3.) KIM
Vidoszava	transcription	Vidoszava	serbian	HU 20/2025 (IX. 3.) KIM
Viktor	transcription	Viktor	serbian	HU 20/2025 (IX. 3.) KIM
Viktorija	transcription	Viktorija	serbian	HU 20/2025 (IX. 3.) KIM
Vilotije	transcription	Vilotije	serbian	HU 20/2025 (IX. 3.) KIM
Vinka	transcription	Vinka	serbian	HU 20/2025 (IX. 3.) KIM
Violeta	transcription	Violeta	serbian	HU 20/2025 (IX. 3.) KIM
Viseszláv	transcription	Viseszláv	serbian	HU 20/2025 (IX. 3.) KIM
Viseszlava	transcription	Viseszlava	serbian	HU 20/2025 (IX. 3.) KIM
Viseszláva	transcription	Viseszláva	serbian	HU 20/2025 (IX. 3.) KIM
Visnya	transcription	Visnya	serbian	HU 20/2025 (IX. 3.) KIM
Vitka	transcription	Vitka	serbian	HU 20/2025 (IX. 3.) KIM
Vitko	transcription	Vitko	serbian	HU 20/2025 (IX. 3.) KIM
Vitomír	transcription	Vitomír	serbian	HU 20/2025 (IX. 3.) KIM
Vitomírka	transcription	Vitomírka	serbian	HU 20/2025 (IX. 3.) KIM
Vityan	transcription	Vityan	serbian	HU 20/2025 (IX. 3.) KIM
Vityentije	transcription	Vityentije	serbian	HU 20/2025 (IX. 3.) KIM
Vjekoszláv	transcription	Vjekoszláv	serbian	HU 20/2025 (IX. 3.) KIM
Vladana	transcription	Vladana	serbian	HU 20/2025 (IX. 3.) KIM
Vladánka	transcription	Vladánka	serbian	HU 20/2025 (IX. 3.) KIM
Vladeta	transcription	Vladeta	serbian	HU 20/2025 (IX. 3.) KIM
Vladimír	transcription	Vladimír	serbian	HU 20/2025 (IX. 3.) KIM
Vladimírka	transcription	Vladimírka	serbian	HU 20/2025 (IX. 3.) KIM
Vladiszáv	transcription	Vladiszáv	serbian	HU 20/2025 (IX. 3.) KIM
Vladiszláv	transcription	Vladiszláv	serbian	HU 20/2025 (IX. 3.) KIM
Vládo	transcription	Vládo	serbian	HU 20/2025 (IX. 3.) KIM
Vlaiszav	transcription	Vlaiszav	serbian	HU 20/2025 (IX. 3.) KIM
Vlajka	transcription	Vlajka	serbian	HU 20/2025 (IX. 3.) KIM
Vlájko	transcription	Vlájko	serbian	HU 20/2025 (IX. 3.) KIM
Vlaskó	transcription	Vlaskó	serbian	HU 20/2025 (IX. 3.) KIM
Vlaszta	transcription	Vlaszta	serbian	HU 20/2025 (IX. 3.) KIM
Vlasztimír	transcription	Vlasztimír	serbian	HU 20/2025 (IX. 3.) KIM
Vlasztimírka	transcription	Vlasztimírka	serbian	HU 20/2025 (IX. 3.) KIM
Vlatka	transcription	Vlatka	serbian	HU 20/2025 (IX. 3.) KIM
Vlátko	transcription	Vlátko	serbian	HU 20/2025 (IX. 3.) KIM
Vlatko	transcription	Vlatko	serbian	HU 20/2025 (IX. 3.) KIM
Vojdrág	transcription	Vojdrág	serbian	HU 20/2025 (IX. 3.) KIM
Vojimír	transcription	Vojimír	serbian	HU 20/2025 (IX. 3.) KIM
Vojiszláv	transcription	Vojiszláv	serbian	HU 20/2025 (IX. 3.) KIM
Vranes	transcription	Vranes	serbian	HU 20/2025 (IX. 3.) KIM
Vránes	transcription	Vránes	serbian	HU 20/2025 (IX. 3.) KIM
Vugdrag	transcription	Vugdrag	serbian	HU 20/2025 (IX. 3.) KIM
Vuica	transcription	Vuica	serbian	HU 20/2025 (IX. 3.) KIM
Vuilo	transcription	Vuilo	serbian	HU 20/2025 (IX. 3.) KIM
Vuin	transcription	Vuin	serbian	HU 20/2025 (IX. 3.) KIM
Vujádínka	transcription	Vujádínka	serbian	HU 20/2025 (IX. 3.) KIM
Vuják	transcription	Vuják	serbian	HU 20/2025 (IX. 3.) KIM
Vujana	transcription	Vujana	serbian	HU 20/2025 (IX. 3.) KIM
Vujcseta	transcription	Vujcseta	serbian	HU 20/2025 (IX. 3.) KIM
Vujeta	transcription	Vujeta	serbian	HU 20/2025 (IX. 3.) KIM
Vujka	transcription	Vujka	serbian	HU 20/2025 (IX. 3.) KIM
Vujko	transcription	Vujko	serbian	HU 20/2025 (IX. 3.) KIM
Vukadínka	transcription	Vukadínka	serbian	HU 20/2025 (IX. 3.) KIM
Vukasin	transcription	Vukasin	serbian	HU 20/2025 (IX. 3.) KIM
Vukena	transcription	Vukoszáva	serbian	HU 20/2025 (IX. 3.) KIM
Vukmír	transcription	Vukmír	serbian	HU 20/2025 (IX. 3.) KIM
Vukomír	transcription	Vukomír	serbian	HU 20/2025 (IX. 3.) KIM
Vukosz	transcription	Vukoszáva	serbian	HU 20/2025 (IX. 3.) KIM
Vukoszáv	transcription	Vukoszáv	serbian	HU 20/2025 (IX. 3.) KIM
Vukoszáva	transcription	Vukoszáva	serbian	HU 20/2025 (IX. 3.) KIM
Vukoszláv	transcription	Vukoszláv	serbian	HU 20/2025 (IX. 3.) KIM
Vukszán	transcription	Vukszán	serbian	HU 20/2025 (IX. 3.) KIM
Vúle	transcription	Vúle	serbian	HU 20/2025 (IX. 3.) KIM
Vuleta	transcription	Vuleta	serbian	HU 20/2025 (IX. 3.) KIM
Vunko	transcription	Vunko	serbian	HU 20/2025 (IX. 3.) KIM
Vuzmán	transcription	Vuzmán	serbian	HU 20/2025 (IX. 3.) KIM
Zága	transcription	Zága	serbian	HU 20/2025 (IX. 3.) KIM
Zagorka	transcription	Zagorka	serbian	HU 20/2025 (IX. 3.) KIM
Záháríje	equivalent	Захарије	serbian	HU 20/2025 (IX. 3.) KIM
Záháríje	transcription	Záháríje	serbian	HU 20/2025 (IX. 3.) KIM
Zárija	equivalent	Захарије	serbian	HU 20/2025 (IX. 3.) KIM
Zárija	transcription	Zárija	serbian	HU 20/2025 (IX. 3.) KIM
Zárije	equivalent	Захарије	serbian	HU 20/2025 (IX. 3.) KIM
Zárije	transcription	Zárije	serbian	HU 20/2025 (IX. 3.) KIM
Zdravisa	transcription	Zdravisa	serbian	HU 20/2025 (IX. 3.) KIM
Zdrávka	transcription	Zdrávka	serbian	HU 20/2025 (IX. 3.) KIM
Zdrávko	transcription	Zdravisa	serbian	HU 20/2025 (IX. 3.) KIM
Zlátán	equivalent	Златоје	serbian	HU 20/2025 (IX. 3.) KIM
Zlátán	transcription	Zlátán	serbian	HU 20/2025 (IX. 3.) KIM
Zlatibórka	transcription	Zlatibórka	serbian	HU 20/2025 (IX. 3.) KIM
Zlatimír	equivalent	Златимир	serbian	HU 20/2025 (IX. 3.) KIM
Zlatimír	transcription	Zlatimír	serbian	HU 20/2025 (IX. 3.) KIM
Zlatko	equivalent	Златоје	serbian	HU 20/2025 (IX. 3.) KIM
Zlatko	transcription	Zlatko	serbian	HU 20/2025 (IX. 3.) KIM
Zlatoje	equivalent	Златоје	serbian	HU 20/2025 (IX. 3.) KIM
Zlatoje	transcription	Zlatoje	serbian	HU 20/2025 (IX. 3.) KIM
Zlatomír	equivalent	Златимир	serbian	HU 20/2025 (IX. 3.) KIM
Zlatomír	transcription	Zlatomír	serbian	HU 20/2025 (IX. 3.) KIM
Zlatomírka	transcription	Zlatomírka	serbian	HU 20/2025 (IX. 3.) KIM
Zlatoszáv	equivalent	Златосав	serbian	HU 20/2025 (IX. 3.) KIM
Zlatoszáv	transcription	Zlatoszáv	serbian	HU 20/2025 (IX. 3.) KIM
Zlatoszláv	equivalent	Златосав	serbian	HU 20/2025 (IX. 3.) KIM
Zlatoszláv	transcription	Zlatoszláv	serbian	HU 20/2025 (IX. 3.) KIM
Zoja	transcription	Zoja	serbian	HU 20/2025 (IX. 3.) KIM
Zója	transcription	Zója	serbian	HU 20/2025 (IX. 3.) KIM
Zrínka	transcription	Zrínka	serbian	HU 20/2025 (IX. 3.) KIM
Zsaklina	transcription	Zsaklina	serbian	HU 20/2025 (IX. 3.) KIM
Zsánka	transcription	Zsánka	serbian	HU 20/2025 (IX. 3.) KIM
Zselimírka	transcription	Zselimírka	serbian	HU 20/2025 (IX. 3.) KIM
Zseljko	transcription	Zselyko	serbian	HU 20/2025 (IX. 3.) KIM
Zselya	transcription	Zselya	serbian	HU 20/2025 (IX. 3.) KIM
Zselyana	transcription	Zselyana	serbian	HU 20/2025 (IX. 3.) KIM
Zsélyka	transcription	Zsélyka	serbian	HU 20/2025 (IX. 3.) KIM
Zselyko	transcription	Zselyko	serbian	HU 20/2025 (IX. 3.) KIM
Zsika	transcription	Zsikica	serbian	HU 20/2025 (IX. 3.) KIM
Zsikica	transcription	Zsikica	serbian	HU 20/2025 (IX. 3.) KIM
Zsiva	transcription	Zsiva	serbian	HU 20/2025 (IX. 3.) KIM
Zsíva	transcription	Zsíva	serbian	HU 20/2025 (IX. 3.) KIM
Zsiva	transcription	Zsivica	serbian	HU 20/2025 (IX. 3.) KIM
Zsivadínka	transcription	Zsivadínka	serbian	HU 20/2025 (IX. 3.) KIM
Zsiván	transcription	Zsivánko	serbian	HU 20/2025 (IX. 3.) KIM
Zsivana	transcription	Zsivana	serbian	HU 20/2025 (IX. 3.) KIM
Zsivánka	transcription	Zsivánka	serbian	HU 20/2025 (IX. 3.) KIM
Zsivánko	transcription	Zsivánko	serbian	HU 20/2025 (IX. 3.) KIM
Zsivica	transcription	Zsivica	serbian	HU 20/2025 (IX. 3.) KIM
Zsívka	transcription	Zsívka	serbian	HU 20/2025 (IX. 3.) KIM
Zsivodarka	transcription	Zsivodarka	serbian	HU 20/2025 (IX. 3.) KIM
Zsivojin	transcription	Zsivojin	serbian	HU 20/2025 (IX. 3.) KIM
Zsivomírka	transcription	Zsivomírka	serbian	HU 20/2025 (IX. 3.) KIM
Zsivoratka	transcription	Zsivoratka	serbian	HU 20/2025 (IX. 3.) KIM
Zvezdán	transcription	Zvjezdán	serbian	HU 20/2025 (IX. 3.) KIM
Zvezdana	transcription	Zvezdana	serbian	HU 20/2025 (IX. 3.) KIM
Zvjezdán	transcription	Zvjezdán	serbian	HU 20/2025 (IX. 3.) KIM
Zvjezdana	transcription	Zvjezdana	serbian	HU 20/2025 (IX. 3.) KIM
Zvonka	transcription	Zvonka	serbian	HU 20/2025 (IX. 3.) KIM
Adam	equivalent	Ádám	slovak	HU 21/2025 (IX. 3.) KIM
Adam	transcription	Adam	slovak	HU 21/2025 (IX. 3.) KIM
Adela	equivalent	Adél	slovak	HU 21/2025 (IX. 3.) KIM
Adela	transcription	Adela	slovak	HU 21/2025 (IX. 3.) KIM
Adolf	equivalent	Adolf	slovak	HU 21/2025 (IX. 3.) KIM
Adolf	transcription	Adolf	slovak	HU 21/2025 (IX. 3.) KIM
Adrián	equivalent	Adrián	slovak	HU 21/2025 (IX. 3.) KIM
Adrián	transcription	Adrián	slovak	HU 21/2025 (IX. 3.) KIM
Adriána	equivalent	Adriána	slovak	HU 21/2025 (IX. 3.) KIM
Adriána	transcription	Adriána	slovak	HU 21/2025 (IX. 3.) KIM
Agáta	equivalent	Agáta	slovak	HU 21/2025 (IX. 3.) KIM
Agáta	transcription	Agáta	slovak	HU 21/2025 (IX. 3.) KIM
Agnesa	equivalent	Ágnes	slovak	HU 21/2025 (IX. 3.) KIM
Agnesa	transcription	Agnesa	slovak	HU 21/2025 (IX. 3.) KIM
Alan	equivalent	Alán	slovak	HU 21/2025 (IX. 3.) KIM
Alan	transcription	Alan	slovak	HU 21/2025 (IX. 3.) KIM
Alana	equivalent	Alána	slovak	HU 21/2025 (IX. 3.) KIM
Alana	transcription	Alana	slovak	HU 21/2025 (IX. 3.) KIM
Albert	equivalent	Albert	slovak	HU 21/2025 (IX. 3.) KIM
Albert	transcription	Albert	slovak	HU 21/2025 (IX. 3.) KIM
Alberta	equivalent	Alberta	slovak	HU 21/2025 (IX. 3.) KIM
Alberta	transcription	Alberta	slovak	HU 21/2025 (IX. 3.) KIM
Albín	equivalent	Albin	slovak	HU 21/2025 (IX. 3.) KIM
Albín	transcription	Albín	slovak	HU 21/2025 (IX. 3.) KIM
Albína	equivalent	Albina	slovak	HU 21/2025 (IX. 3.) KIM
Albína	transcription	Albína	slovak	HU 21/2025 (IX. 3.) KIM
Alena	equivalent	Aléna	slovak	HU 21/2025 (IX. 3.) KIM
Alena	transcription	Alena	slovak	HU 21/2025 (IX. 3.) KIM
Ales	transcription	Ales	slovak	HU 21/2025 (IX. 3.) KIM
Alex	equivalent	Alex	slovak	HU 21/2025 (IX. 3.) KIM
Alex	transcription	Alex	slovak	HU 21/2025 (IX. 3.) KIM
Alexander	equivalent	Alexander	slovak	HU 21/2025 (IX. 3.) KIM
Alexander	equivalent	Sándor	slovak	HU 21/2025 (IX. 3.) KIM
Alexander	transcription	Alexander	slovak	HU 21/2025 (IX. 3.) KIM
Alexandra	equivalent	Alexandra	slovak	HU 21/2025 (IX. 3.) KIM
Alexandra	transcription	Alexandra	slovak	HU 21/2025 (IX. 3.) KIM
Alexej	transcription	Alexej	slovak	HU 21/2025 (IX. 3.) KIM
Alfonz	equivalent	Alfonz	slovak	HU 21/2025 (IX. 3.) KIM
Alfonz	transcription	Alfonz	slovak	HU 21/2025 (IX. 3.) KIM
Alfréd	equivalent	Alfréd	slovak	HU 21/2025 (IX. 3.) KIM
Alfréd	transcription	Alfréd	slovak	HU 21/2025 (IX. 3.) KIM
Alica	equivalent	Alíz	slovak	HU 21/2025 (IX. 3.) KIM
Alica	transcription	Alica	slovak	HU 21/2025 (IX. 3.) KIM
Alojz	transcription	Alojz	slovak	HU 21/2025 (IX. 3.) KIM
Alojzia	equivalent	Alojzia	slovak	HU 21/2025 (IX. 3.) KIM
Alojzia	transcription	Alojzia	slovak	HU 21/2025 (IX. 3.) KIM
Alzsbeta	equivalent	Erzsébet	slovak	HU 21/2025 (IX. 3.) KIM
Alzsbeta	transcription	Alzsbeta	slovak	HU 21/2025 (IX. 3.) KIM
Amália	equivalent	Amália	slovak	HU 21/2025 (IX. 3.) KIM
Amália	transcription	Amália	slovak	HU 21/2025 (IX. 3.) KIM
Ambróz	equivalent	Ambrus	slovak	HU 21/2025 (IX. 3.) KIM
Ambróz	transcription	Ambróz	slovak	HU 21/2025 (IX. 3.) KIM
Anabela	equivalent	Anabella	slovak	HU 21/2025 (IX. 3.) KIM
Anabela	transcription	Anabela	slovak	HU 21/2025 (IX. 3.) KIM
Anasztázia	equivalent	Anasztázia	slovak	HU 21/2025 (IX. 3.) KIM
Anasztázia	transcription	Anasztázia	slovak	HU 21/2025 (IX. 3.) KIM
Anatol	equivalent	Anatol	slovak	HU 21/2025 (IX. 3.) KIM
Anatol	transcription	Anatol	slovak	HU 21/2025 (IX. 3.) KIM
Andrea	equivalent	Andrea	slovak	HU 21/2025 (IX. 3.) KIM
Andrea	transcription	Andrea	slovak	HU 21/2025 (IX. 3.) KIM
Andrej	equivalent	András	slovak	HU 21/2025 (IX. 3.) KIM
Andrej	transcription	Andrej	slovak	HU 21/2025 (IX. 3.) KIM
Angela	equivalent	Angéla	slovak	HU 21/2025 (IX. 3.) KIM
Angela	transcription	Angela	slovak	HU 21/2025 (IX. 3.) KIM
Angelika	equivalent	Angelika	slovak	HU 21/2025 (IX. 3.) KIM
Angelika	transcription	Angelika	slovak	HU 21/2025 (IX. 3.) KIM
Anna	equivalent	Anna	slovak	HU 21/2025 (IX. 3.) KIM
Anna	transcription	Anna	slovak	HU 21/2025 (IX. 3.) KIM
Anton	equivalent	Antal	slovak	HU 21/2025 (IX. 3.) KIM
Anton	transcription	Anton	slovak	HU 21/2025 (IX. 3.) KIM
Antónia	equivalent	Antónia	slovak	HU 21/2025 (IX. 3.) KIM
Antónia	transcription	Antónia	slovak	HU 21/2025 (IX. 3.) KIM
Anyezska	equivalent	Ágnes	slovak	HU 21/2025 (IX. 3.) KIM
Anyezska	transcription	Anyezska	slovak	HU 21/2025 (IX. 3.) KIM
Arnold	equivalent	Arnold	slovak	HU 21/2025 (IX. 3.) KIM
Arnold	transcription	Arnold	slovak	HU 21/2025 (IX. 3.) KIM
Arpád	equivalent	Árpád	slovak	HU 21/2025 (IX. 3.) KIM
Arpád	transcription	Arpád	slovak	HU 21/2025 (IX. 3.) KIM
Augusztín	equivalent	Ágoston	slovak	HU 21/2025 (IX. 3.) KIM
Augusztín	transcription	Augusztín	slovak	HU 21/2025 (IX. 3.) KIM
Aurel	equivalent	Aurél	slovak	HU 21/2025 (IX. 3.) KIM
Aurel	transcription	Aurel	slovak	HU 21/2025 (IX. 3.) KIM
Aurélia	equivalent	Aurélia	slovak	HU 21/2025 (IX. 3.) KIM
Aurélia	transcription	Aurélia	slovak	HU 21/2025 (IX. 3.) KIM
Barbara	equivalent	Barbara	slovak	HU 21/2025 (IX. 3.) KIM
Barbara	transcription	Barbara	slovak	HU 21/2025 (IX. 3.) KIM
Barbora	equivalent	Barbara	slovak	HU 21/2025 (IX. 3.) KIM
Barbora	transcription	Barbora	slovak	HU 21/2025 (IX. 3.) KIM
Bartolomej	equivalent	Bartolómeó	slovak	HU 21/2025 (IX. 3.) KIM
Bartolomej	equivalent	Bertalan	slovak	HU 21/2025 (IX. 3.) KIM
Bartolomej	transcription	Bartolomej	slovak	HU 21/2025 (IX. 3.) KIM
Beáta	equivalent	Beáta	slovak	HU 21/2025 (IX. 3.) KIM
Beáta	transcription	Beáta	slovak	HU 21/2025 (IX. 3.) KIM
Belo	equivalent	Béla	slovak	HU 21/2025 (IX. 3.) KIM
Belo	transcription	Belo	slovak	HU 21/2025 (IX. 3.) KIM
Belomír	transcription	Belomír	slovak	HU 21/2025 (IX. 3.) KIM
Benjamín	equivalent	Benjámin	slovak	HU 21/2025 (IX. 3.) KIM
Benjamín	transcription	Benjamín	slovak	HU 21/2025 (IX. 3.) KIM
Benyadik	equivalent	Benedek	slovak	HU 21/2025 (IX. 3.) KIM
Benyadik	transcription	Benyadik	slovak	HU 21/2025 (IX. 3.) KIM
Bernard	equivalent	Bernárd	slovak	HU 21/2025 (IX. 3.) KIM
Bernard	equivalent	Bernát	slovak	HU 21/2025 (IX. 3.) KIM
Bernard	transcription	Bernard	slovak	HU 21/2025 (IX. 3.) KIM
Berta	equivalent	Berta	slovak	HU 21/2025 (IX. 3.) KIM
Berta	transcription	Berta	slovak	HU 21/2025 (IX. 3.) KIM
Bianka	equivalent	Bianka	slovak	HU 21/2025 (IX. 3.) KIM
Bianka	transcription	Bianka	slovak	HU 21/2025 (IX. 3.) KIM
Bibiána	transcription	Bibiána	slovak	HU 21/2025 (IX. 3.) KIM
Bisztrík	transcription	Bisztrík	slovak	HU 21/2025 (IX. 3.) KIM
Blahomil	transcription	Blahomil	slovak	HU 21/2025 (IX. 3.) KIM
Blahomila	transcription	Blahomila	slovak	HU 21/2025 (IX. 3.) KIM
Blahomír	transcription	Blahomír	slovak	HU 21/2025 (IX. 3.) KIM
Blahomíra	transcription	Blahomíra	slovak	HU 21/2025 (IX. 3.) KIM
Blahoszej	transcription	Blahoszej	slovak	HU 21/2025 (IX. 3.) KIM
Blahoszlav	transcription	Blahoszlav	slovak	HU 21/2025 (IX. 3.) KIM
Blahoszlava	transcription	Blahoszlava	slovak	HU 21/2025 (IX. 3.) KIM
Blanka	equivalent	Blanka	slovak	HU 21/2025 (IX. 3.) KIM
Blanka	transcription	Blanka	slovak	HU 21/2025 (IX. 3.) KIM
Blazsej	transcription	Blazsej	slovak	HU 21/2025 (IX. 3.) KIM
Blazsena	transcription	Blazsena	slovak	HU 21/2025 (IX. 3.) KIM
Bohdan	equivalent	Bogdán	slovak	HU 21/2025 (IX. 3.) KIM
Bohdan	transcription	Bohdan	slovak	HU 21/2025 (IX. 3.) KIM
Bohdana	transcription	Bohdana	slovak	HU 21/2025 (IX. 3.) KIM
Bohumil	equivalent	Bogumil	slovak	HU 21/2025 (IX. 3.) KIM
Bohumil	transcription	Bohumil	slovak	HU 21/2025 (IX. 3.) KIM
Bohumila	transcription	Bohumila	slovak	HU 21/2025 (IX. 3.) KIM
Bohumír	equivalent	Bagamér	slovak	HU 21/2025 (IX. 3.) KIM
Bohumír	transcription	Bohumír	slovak	HU 21/2025 (IX. 3.) KIM
Bohumíra	transcription	Bohumíra	slovak	HU 21/2025 (IX. 3.) KIM
Bohus	transcription	Bohus	slovak	HU 21/2025 (IX. 3.) KIM
Bohuszlav	transcription	Bohuszlav	slovak	HU 21/2025 (IX. 3.) KIM
Bohuszlava	transcription	Bohuszlava	slovak	HU 21/2025 (IX. 3.) KIM
Bojan	equivalent	Boján	slovak	HU 21/2025 (IX. 3.) KIM
Bojan	transcription	Bojan	slovak	HU 21/2025 (IX. 3.) KIM
Bojana	transcription	Bojana	slovak	HU 21/2025 (IX. 3.) KIM
Boleszlav	equivalent	Boleszláv	slovak	HU 21/2025 (IX. 3.) KIM
Boleszlav	transcription	Boleszlav	slovak	HU 21/2025 (IX. 3.) KIM
Boleszlava	transcription	Boleszlava	slovak	HU 21/2025 (IX. 3.) KIM
Bonifác	equivalent	Bonifác	slovak	HU 21/2025 (IX. 3.) KIM
Bonifác	transcription	Bonifác	slovak	HU 21/2025 (IX. 3.) KIM
Borisz	equivalent	Borisz	slovak	HU 21/2025 (IX. 3.) KIM
Borisz	transcription	Borisz	slovak	HU 21/2025 (IX. 3.) KIM
Bozsena	transcription	Bozsena	slovak	HU 21/2025 (IX. 3.) KIM
Bozsidar	equivalent	Bozsidár	slovak	HU 21/2025 (IX. 3.) KIM
Bozsidar	transcription	Bozsidar	slovak	HU 21/2025 (IX. 3.) KIM
Bozsidara	transcription	Bozsidara	slovak	HU 21/2025 (IX. 3.) KIM
Branyiszlav	transcription	Branyiszlav	slovak	HU 21/2025 (IX. 3.) KIM
Branyiszlava	transcription	Branyiszlava	slovak	HU 21/2025 (IX. 3.) KIM
Brigita	equivalent	Brigitta	slovak	HU 21/2025 (IX. 3.) KIM
Brigita	transcription	Brigita	slovak	HU 21/2025 (IX. 3.) KIM
Bronyiszlava	transcription	Bronyiszlava	slovak	HU 21/2025 (IX. 3.) KIM
Bruno	equivalent	Brúnó	slovak	HU 21/2025 (IX. 3.) KIM
Bruno	transcription	Bruno	slovak	HU 21/2025 (IX. 3.) KIM
Cecília	equivalent	Cecília	slovak	HU 21/2025 (IX. 3.) KIM
Cecília	transcription	Cecília	slovak	HU 21/2025 (IX. 3.) KIM
Ctibor	transcription	Ctibor	slovak	HU 21/2025 (IX. 3.) KIM
Cyprián	equivalent	Ciprián	slovak	HU 21/2025 (IX. 3.) KIM
Cyprián	transcription	Ciprián	slovak	HU 21/2025 (IX. 3.) KIM
Cyril	equivalent	Cirill	slovak	HU 21/2025 (IX. 3.) KIM
Cyril	transcription	Ciril	slovak	HU 21/2025 (IX. 3.) KIM
Cyrila	transcription	Cirila	slovak	HU 21/2025 (IX. 3.) KIM
Dagmara	transcription	Dagmara	slovak	HU 21/2025 (IX. 3.) KIM
Dalibor	equivalent	Dalibor	slovak	HU 21/2025 (IX. 3.) KIM
Dalibor	transcription	Dalibor	slovak	HU 21/2025 (IX. 3.) KIM
Dana	equivalent	Daniella	slovak	HU 21/2025 (IX. 3.) KIM
Dana	transcription	Dana	slovak	HU 21/2025 (IX. 3.) KIM
Danica	equivalent	Daniella	slovak	HU 21/2025 (IX. 3.) KIM
Danica	transcription	Danyica	slovak	HU 21/2025 (IX. 3.) KIM
Daniel	equivalent	Dániel	slovak	HU 21/2025 (IX. 3.) KIM
Daniel	transcription	Danyiel	slovak	HU 21/2025 (IX. 3.) KIM
Daniela	equivalent	Daniella	slovak	HU 21/2025 (IX. 3.) KIM
Daniela	transcription	Danyiela	slovak	HU 21/2025 (IX. 3.) KIM
Darina	equivalent	Dária	slovak	HU 21/2025 (IX. 3.) KIM
Darina	transcription	Darina	slovak	HU 21/2025 (IX. 3.) KIM
Dása	transcription	Dása	slovak	HU 21/2025 (IX. 3.) KIM
Dávid	equivalent	Dávid	slovak	HU 21/2025 (IX. 3.) KIM
Dávid	transcription	Dávid	slovak	HU 21/2025 (IX. 3.) KIM
Demeter	equivalent	Demeter	slovak	HU 21/2025 (IX. 3.) KIM
Demeter	transcription	Demeter	slovak	HU 21/2025 (IX. 3.) KIM
Denisz	equivalent	Dénes	slovak	HU 21/2025 (IX. 3.) KIM
Denisz	transcription	Denisz	slovak	HU 21/2025 (IX. 3.) KIM
Denisza	equivalent	Denissza	slovak	HU 21/2025 (IX. 3.) KIM
Denisza	equivalent	Denisz	slovak	HU 21/2025 (IX. 3.) KIM
Denisza	transcription	Denisza	slovak	HU 21/2025 (IX. 3.) KIM
Dezider	equivalent	Dezsider	slovak	HU 21/2025 (IX. 3.) KIM
Dezider	equivalent	Dezső	slovak	HU 21/2025 (IX. 3.) KIM
Dezider	transcription	Dezider	slovak	HU 21/2025 (IX. 3.) KIM
Diana	equivalent	Diána	slovak	HU 21/2025 (IX. 3.) KIM
Diana	transcription	Diana	slovak	HU 21/2025 (IX. 3.) KIM
Dioníz	transcription	Dioníz	slovak	HU 21/2025 (IX. 3.) KIM
Dobromil	transcription	Dobromil	slovak	HU 21/2025 (IX. 3.) KIM
Dobromila	transcription	Dobromila	slovak	HU 21/2025 (IX. 3.) KIM
Dobromír	transcription	Dobromír	slovak	HU 21/2025 (IX. 3.) KIM
Dobromíra	transcription	Dobromíra	slovak	HU 21/2025 (IX. 3.) KIM
Dobroszlav	transcription	Dobroszlav	slovak	HU 21/2025 (IX. 3.) KIM
Dobroszlava	transcription	Dobroszlava	slovak	HU 21/2025 (IX. 3.) KIM
Dominik	equivalent	Dominik	slovak	HU 21/2025 (IX. 3.) KIM
Dominik	transcription	Dominik	slovak	HU 21/2025 (IX. 3.) KIM
Dominika	equivalent	Dominika	slovak	HU 21/2025 (IX. 3.) KIM
Dominika	transcription	Dominika	slovak	HU 21/2025 (IX. 3.) KIM
Dorota	equivalent	Dorottya	slovak	HU 21/2025 (IX. 3.) KIM
Dorota	transcription	Dorota	slovak	HU 21/2025 (IX. 3.) KIM
Drahomil	transcription	Drahomil	slovak	HU 21/2025 (IX. 3.) KIM
Drahomila	transcription	Drahomila	slovak	HU 21/2025 (IX. 3.) KIM
Drahomír	transcription	Drahomír	slovak	HU 21/2025 (IX. 3.) KIM
Drahomíra	transcription	Drahomíra	slovak	HU 21/2025 (IX. 3.) KIM
Drahos	transcription	Drahos	slovak	HU 21/2025 (IX. 3.) KIM
Drahoszlav	transcription	Drahoszlav	slovak	HU 21/2025 (IX. 3.) KIM
Drahoszlava	transcription	Drahoszlava	slovak	HU 21/2025 (IX. 3.) KIM
Dusan	equivalent	Dusán	slovak	HU 21/2025 (IX. 3.) KIM
Dusan	transcription	Dusan	slovak	HU 21/2025 (IX. 3.) KIM
Dusana	transcription	Dusana	slovak	HU 21/2025 (IX. 3.) KIM
Edita	equivalent	Edit	slovak	HU 21/2025 (IX. 3.) KIM
Edita	transcription	Edita	slovak	HU 21/2025 (IX. 3.) KIM
Edmund	equivalent	Edmond	slovak	HU 21/2025 (IX. 3.) KIM
Edmund	equivalent	Edmund	slovak	HU 21/2025 (IX. 3.) KIM
Edmund	transcription	Edmund	slovak	HU 21/2025 (IX. 3.) KIM
Eduard	equivalent	Eduárd	slovak	HU 21/2025 (IX. 3.) KIM
Eduard	transcription	Eduard	slovak	HU 21/2025 (IX. 3.) KIM
Ela	equivalent	Ella	slovak	HU 21/2025 (IX. 3.) KIM
Ela	transcription	Ela	slovak	HU 21/2025 (IX. 3.) KIM
Elena	equivalent	Ilona	slovak	HU 21/2025 (IX. 3.) KIM
Elena	transcription	Elena	slovak	HU 21/2025 (IX. 3.) KIM
Eleonóra	equivalent	Eleonóra	slovak	HU 21/2025 (IX. 3.) KIM
Eleonóra	transcription	Eleonóra	slovak	HU 21/2025 (IX. 3.) KIM
Eliás	equivalent	Éliás	slovak	HU 21/2025 (IX. 3.) KIM
Eliás	transcription	Eliás	slovak	HU 21/2025 (IX. 3.) KIM
Eliska	transcription	Eliska	slovak	HU 21/2025 (IX. 3.) KIM
Elvíra	equivalent	Elvira	slovak	HU 21/2025 (IX. 3.) KIM
Elvíra	transcription	Elvíra	slovak	HU 21/2025 (IX. 3.) KIM
Ema	equivalent	Emma	slovak	HU 21/2025 (IX. 3.) KIM
Ema	transcription	Ema	slovak	HU 21/2025 (IX. 3.) KIM
Emanuel	equivalent	Emánuel	slovak	HU 21/2025 (IX. 3.) KIM
Emanuel	transcription	Emanuel	slovak	HU 21/2025 (IX. 3.) KIM
Emil	equivalent	Emil	slovak	HU 21/2025 (IX. 3.) KIM
Emil	transcription	Emil	slovak	HU 21/2025 (IX. 3.) KIM
Emília	equivalent	Emília	slovak	HU 21/2025 (IX. 3.) KIM
Emília	transcription	Emília	slovak	HU 21/2025 (IX. 3.) KIM
Erich	equivalent	Erik	slovak	HU 21/2025 (IX. 3.) KIM
Erich	transcription	Erich	slovak	HU 21/2025 (IX. 3.) KIM
Erik	equivalent	Erik	slovak	HU 21/2025 (IX. 3.) KIM
Erik	transcription	Erik	slovak	HU 21/2025 (IX. 3.) KIM
Erika	equivalent	Erika	slovak	HU 21/2025 (IX. 3.) KIM
Erika	transcription	Erika	slovak	HU 21/2025 (IX. 3.) KIM
Erneszt	equivalent	Erneszt	slovak	HU 21/2025 (IX. 3.) KIM
Erneszt	transcription	Erneszt	slovak	HU 21/2025 (IX. 3.) KIM
Ervín	equivalent	Ervin	slovak	HU 21/2025 (IX. 3.) KIM
Ervín	transcription	Ervín	slovak	HU 21/2025 (IX. 3.) KIM
Esztera	equivalent	Eszter	slovak	HU 21/2025 (IX. 3.) KIM
Esztera	transcription	Esztera	slovak	HU 21/2025 (IX. 3.) KIM
Eta	equivalent	Eta	slovak	HU 21/2025 (IX. 3.) KIM
Eta	transcription	Eta	slovak	HU 21/2025 (IX. 3.) KIM
Etela	equivalent	Etelka	slovak	HU 21/2025 (IX. 3.) KIM
Etela	transcription	Etela	slovak	HU 21/2025 (IX. 3.) KIM
Eugen	equivalent	Eugén	slovak	HU 21/2025 (IX. 3.) KIM
Eugen	transcription	Eugen	slovak	HU 21/2025 (IX. 3.) KIM
Eugénia	equivalent	Eugénia	slovak	HU 21/2025 (IX. 3.) KIM
Eugénia	transcription	Eugénia	slovak	HU 21/2025 (IX. 3.) KIM
Eva	equivalent	Éva	slovak	HU 21/2025 (IX. 3.) KIM
Eva	transcription	Eva	slovak	HU 21/2025 (IX. 3.) KIM
Fabián	equivalent	Fábián	slovak	HU 21/2025 (IX. 3.) KIM
Fabián	transcription	Fabián	slovak	HU 21/2025 (IX. 3.) KIM
Fedor	equivalent	Fedor	slovak	HU 21/2025 (IX. 3.) KIM
Fedor	transcription	Fedor	slovak	HU 21/2025 (IX. 3.) KIM
Félix	equivalent	Félix	slovak	HU 21/2025 (IX. 3.) KIM
Félix	transcription	Félix	slovak	HU 21/2025 (IX. 3.) KIM
Ferdinand	equivalent	Ferdinánd	slovak	HU 21/2025 (IX. 3.) KIM
Ferdinand	transcription	Ferdinand	slovak	HU 21/2025 (IX. 3.) KIM
Filip	equivalent	Filip	slovak	HU 21/2025 (IX. 3.) KIM
Filip	equivalent	Fülöp	slovak	HU 21/2025 (IX. 3.) KIM
Filip	transcription	Filip	slovak	HU 21/2025 (IX. 3.) KIM
Filoména	equivalent	Filoméla	slovak	HU 21/2025 (IX. 3.) KIM
Filoména	equivalent	Filoména	slovak	HU 21/2025 (IX. 3.) KIM
Filoména	transcription	Filoména	slovak	HU 21/2025 (IX. 3.) KIM
Florián	equivalent	Flórián	slovak	HU 21/2025 (IX. 3.) KIM
Florián	transcription	Florián	slovak	HU 21/2025 (IX. 3.) KIM
Frantyisek	equivalent	Ferenc	slovak	HU 21/2025 (IX. 3.) KIM
Frantyisek	transcription	Frantyisek	slovak	HU 21/2025 (IX. 3.) KIM
Frantyiska	equivalent	Franciska	slovak	HU 21/2025 (IX. 3.) KIM
Frantyiska	transcription	Frantyiska	slovak	HU 21/2025 (IX. 3.) KIM
Franyo	transcription	Franyo	slovak	HU 21/2025 (IX. 3.) KIM
Frederik	equivalent	Frederik	slovak	HU 21/2025 (IX. 3.) KIM
Frederik	transcription	Frederik	slovak	HU 21/2025 (IX. 3.) KIM
Frederika	equivalent	Friderika	slovak	HU 21/2025 (IX. 3.) KIM
Frederika	transcription	Frederika	slovak	HU 21/2025 (IX. 3.) KIM
Fridrich	equivalent	Frigyes	slovak	HU 21/2025 (IX. 3.) KIM
Fridrich	transcription	Fridrich	slovak	HU 21/2025 (IX. 3.) KIM
Gabriel	equivalent	Gábor	slovak	HU 21/2025 (IX. 3.) KIM
Gabriel	equivalent	Gábriel	slovak	HU 21/2025 (IX. 3.) KIM
Gabriel	transcription	Gabriel	slovak	HU 21/2025 (IX. 3.) KIM
Gabriela	equivalent	Gabriella	slovak	HU 21/2025 (IX. 3.) KIM
Gabriela	transcription	Gabriela	slovak	HU 21/2025 (IX. 3.) KIM
Galina	equivalent	Galina	slovak	HU 21/2025 (IX. 3.) KIM
Galina	transcription	Galina	slovak	HU 21/2025 (IX. 3.) KIM
Gaspar	equivalent	Gáspár	slovak	HU 21/2025 (IX. 3.) KIM
Gaspar	transcription	Gaspar	slovak	HU 21/2025 (IX. 3.) KIM
Gejza	equivalent	Géza	slovak	HU 21/2025 (IX. 3.) KIM
Gejza	transcription	Gejza	slovak	HU 21/2025 (IX. 3.) KIM
Gertrúda	equivalent	Gertrúd	slovak	HU 21/2025 (IX. 3.) KIM
Gertrúda	transcription	Gertrúda	slovak	HU 21/2025 (IX. 3.) KIM
Gizela	equivalent	Gizella	slovak	HU 21/2025 (IX. 3.) KIM
Gizela	transcription	Gizela	slovak	HU 21/2025 (IX. 3.) KIM
Gorazd	transcription	Gorazd	slovak	HU 21/2025 (IX. 3.) KIM
Gracián	equivalent	Gracián	slovak	HU 21/2025 (IX. 3.) KIM
Gracián	transcription	Gracián	slovak	HU 21/2025 (IX. 3.) KIM
Gregor	equivalent	Gergely	slovak	HU 21/2025 (IX. 3.) KIM
Gregor	transcription	Gregor	slovak	HU 21/2025 (IX. 3.) KIM
Gregorína	equivalent	Georgina	slovak	HU 21/2025 (IX. 3.) KIM
Gregorína	transcription	Gregorína	slovak	HU 21/2025 (IX. 3.) KIM
Gusztáv	equivalent	Gusztáv	slovak	HU 21/2025 (IX. 3.) KIM
Gusztáv	transcription	Gusztáv	slovak	HU 21/2025 (IX. 3.) KIM
Hana	equivalent	Hanna	slovak	HU 21/2025 (IX. 3.) KIM
Hana	transcription	Hana	slovak	HU 21/2025 (IX. 3.) KIM
Harold	equivalent	Harald	slovak	HU 21/2025 (IX. 3.) KIM
Harold	transcription	Harold	slovak	HU 21/2025 (IX. 3.) KIM
Havel	transcription	Havel	slovak	HU 21/2025 (IX. 3.) KIM
Hedviga	equivalent	Hedvig	slovak	HU 21/2025 (IX. 3.) KIM
Hedviga	transcription	Hedviga	slovak	HU 21/2025 (IX. 3.) KIM
Helena	equivalent	Heléna	slovak	HU 21/2025 (IX. 3.) KIM
Helena	equivalent	Ilona	slovak	HU 21/2025 (IX. 3.) KIM
Helena	transcription	Helena	slovak	HU 21/2025 (IX. 3.) KIM
Henrich	equivalent	Henrik	slovak	HU 21/2025 (IX. 3.) KIM
Henrich	transcription	Henrich	slovak	HU 21/2025 (IX. 3.) KIM
Henrieta	equivalent	Henriett	slovak	HU 21/2025 (IX. 3.) KIM
Henrieta	transcription	Henrieta	slovak	HU 21/2025 (IX. 3.) KIM
Hermína	equivalent	Hermina	slovak	HU 21/2025 (IX. 3.) KIM
Hermína	transcription	Hermína	slovak	HU 21/2025 (IX. 3.) KIM
Hilda	equivalent	Hilda	slovak	HU 21/2025 (IX. 3.) KIM
Hilda	transcription	Hilda	slovak	HU 21/2025 (IX. 3.) KIM
Horiszlav	transcription	Horiszlav	slovak	HU 21/2025 (IX. 3.) KIM
Horiszlava	transcription	Horiszlava	slovak	HU 21/2025 (IX. 3.) KIM
Hortenzia	equivalent	Hortenzia	slovak	HU 21/2025 (IX. 3.) KIM
Hortenzia	transcription	Hortenzia	slovak	HU 21/2025 (IX. 3.) KIM
Hosztyiszlav	transcription	Hosztyiszlav	slovak	HU 21/2025 (IX. 3.) KIM
Hosztyiszlava	transcription	Hosztyiszlava	slovak	HU 21/2025 (IX. 3.) KIM
Hrdos	transcription	Hrdos	slovak	HU 21/2025 (IX. 3.) KIM
Hrdoszlav	transcription	Hrdoszlav	slovak	HU 21/2025 (IX. 3.) KIM
Hrdoszlava	transcription	Hrdoszlava	slovak	HU 21/2025 (IX. 3.) KIM
Hubert	equivalent	Hubert	slovak	HU 21/2025 (IX. 3.) KIM
Hubert	transcription	Hubert	slovak	HU 21/2025 (IX. 3.) KIM
Hugo	equivalent	Hugó	slovak	HU 21/2025 (IX. 3.) KIM
Hugo	transcription	Hugo	slovak	HU 21/2025 (IX. 3.) KIM
Hvezdony	transcription	Hvezdony	slovak	HU 21/2025 (IX. 3.) KIM
Hviezdoszlav	transcription	Hviezdoszlav	slovak	HU 21/2025 (IX. 3.) KIM
Hviezdoszlava	transcription	Hviezdoszlava	slovak	HU 21/2025 (IX. 3.) KIM
Ida	equivalent	Ida	slovak	HU 21/2025 (IX. 3.) KIM
Ida	transcription	Ida	slovak	HU 21/2025 (IX. 3.) KIM
Ignác	equivalent	Ignác	slovak	HU 21/2025 (IX. 3.) KIM
Ignác	transcription	Ignác	slovak	HU 21/2025 (IX. 3.) KIM
Igor	equivalent	Igor	slovak	HU 21/2025 (IX. 3.) KIM
Igor	transcription	Igor	slovak	HU 21/2025 (IX. 3.) KIM
Ilja	transcription	Ilja	slovak	HU 21/2025 (IX. 3.) KIM
Imrich	equivalent	Imre	slovak	HU 21/2025 (IX. 3.) KIM
Imrich	transcription	Imrich	slovak	HU 21/2025 (IX. 3.) KIM
Ingrida	equivalent	Ingrid	slovak	HU 21/2025 (IX. 3.) KIM
Ingrida	transcription	Ingrida	slovak	HU 21/2025 (IX. 3.) KIM
Irena	equivalent	Irén	slovak	HU 21/2025 (IX. 3.) KIM
Irena	transcription	Irena	slovak	HU 21/2025 (IX. 3.) KIM
Irma	equivalent	Irma	slovak	HU 21/2025 (IX. 3.) KIM
Irma	transcription	Irma	slovak	HU 21/2025 (IX. 3.) KIM
Ivan	equivalent	Iván	slovak	HU 21/2025 (IX. 3.) KIM
Ivan	transcription	Ivan	slovak	HU 21/2025 (IX. 3.) KIM
Ivana	equivalent	Ivána	slovak	HU 21/2025 (IX. 3.) KIM
Ivana	transcription	Ivana	slovak	HU 21/2025 (IX. 3.) KIM
Iveta	equivalent	Ivett	slovak	HU 21/2025 (IX. 3.) KIM
Iveta	transcription	Iveta	slovak	HU 21/2025 (IX. 3.) KIM
Ivica	transcription	Ivica	slovak	HU 21/2025 (IX. 3.) KIM
Ivo	equivalent	Ivó	slovak	HU 21/2025 (IX. 3.) KIM
Ivo	transcription	Ivo	slovak	HU 21/2025 (IX. 3.) KIM
Ivona	equivalent	Ivonn	slovak	HU 21/2025 (IX. 3.) KIM
Ivona	transcription	Ivona	slovak	HU 21/2025 (IX. 3.) KIM
Izabela	equivalent	Izabella	slovak	HU 21/2025 (IX. 3.) KIM
Izabela	transcription	Izabela	slovak	HU 21/2025 (IX. 3.) KIM
Izidor	equivalent	Izidor	slovak	HU 21/2025 (IX. 3.) KIM
Izidor	transcription	Izidor	slovak	HU 21/2025 (IX. 3.) KIM
Jadviga	transcription	Jadviga	slovak	HU 21/2025 (IX. 3.) KIM
Jakub	equivalent	Jakab	slovak	HU 21/2025 (IX. 3.) KIM
Jakub	equivalent	Jákob	slovak	HU 21/2025 (IX. 3.) KIM
Jakub	transcription	Jakub	slovak	HU 21/2025 (IX. 3.) KIM
Ján	equivalent	János	slovak	HU 21/2025 (IX. 3.) KIM
Ján	transcription	Ján	slovak	HU 21/2025 (IX. 3.) KIM
Jana	equivalent	Jana	slovak	HU 21/2025 (IX. 3.) KIM
Jana	transcription	Jana	slovak	HU 21/2025 (IX. 3.) KIM
Jarmila	transcription	Jarmila	slovak	HU 21/2025 (IX. 3.) KIM
Jarolím	transcription	Jarolím	slovak	HU 21/2025 (IX. 3.) KIM
Jarolíma	transcription	Jarolíma	slovak	HU 21/2025 (IX. 3.) KIM
Jaromír	transcription	Jaromír	slovak	HU 21/2025 (IX. 3.) KIM
Jaromíra	transcription	Jaromíra	slovak	HU 21/2025 (IX. 3.) KIM
Jaroszlav	transcription	Jaroszlav	slovak	HU 21/2025 (IX. 3.) KIM
Jaroszlava	transcription	Jaroszlava	slovak	HU 21/2025 (IX. 3.) KIM
Jasko	transcription	Jasko	slovak	HU 21/2025 (IX. 3.) KIM
Jela	transcription	Jela	slovak	HU 21/2025 (IX. 3.) KIM
Jergus	transcription	Jergus	slovak	HU 21/2025 (IX. 3.) KIM
Johan	transcription	Johan	slovak	HU 21/2025 (IX. 3.) KIM
Jolana	equivalent	Jolán	slovak	HU 21/2025 (IX. 3.) KIM
Jolana	transcription	Jolana	slovak	HU 21/2025 (IX. 3.) KIM
Jozef	equivalent	József	slovak	HU 21/2025 (IX. 3.) KIM
Jozef	transcription	Jozef	slovak	HU 21/2025 (IX. 3.) KIM
Jozefa	equivalent	Jozefa	slovak	HU 21/2025 (IX. 3.) KIM
Jozefa	transcription	Jozefa	slovak	HU 21/2025 (IX. 3.) KIM
Jozefína	equivalent	Jozefin	slovak	HU 21/2025 (IX. 3.) KIM
Jozefína	transcription	Jozefína	slovak	HU 21/2025 (IX. 3.) KIM
Judita	equivalent	Judit	slovak	HU 21/2025 (IX. 3.) KIM
Judita	transcription	Judita	slovak	HU 21/2025 (IX. 3.) KIM
Júlia	equivalent	Júlia	slovak	HU 21/2025 (IX. 3.) KIM
Júlia	transcription	Júlia	slovak	HU 21/2025 (IX. 3.) KIM
Juliána	equivalent	Juliána	slovak	HU 21/2025 (IX. 3.) KIM
Juliána	equivalent	Julianna	slovak	HU 21/2025 (IX. 3.) KIM
Juliána	transcription	Juliána	slovak	HU 21/2025 (IX. 3.) KIM
Júliusz	equivalent	Gyula	slovak	HU 21/2025 (IX. 3.) KIM
Júliusz	equivalent	Júliusz	slovak	HU 21/2025 (IX. 3.) KIM
Júliusz	transcription	Júliusz	slovak	HU 21/2025 (IX. 3.) KIM
Juraj	equivalent	György	slovak	HU 21/2025 (IX. 3.) KIM
Juraj	transcription	Juraj	slovak	HU 21/2025 (IX. 3.) KIM
Jusztína	equivalent	Jusztina	slovak	HU 21/2025 (IX. 3.) KIM
Jusztína	transcription	Jusztína	slovak	HU 21/2025 (IX. 3.) KIM
Kamil	equivalent	Kamill	slovak	HU 21/2025 (IX. 3.) KIM
Kamil	transcription	Kamil	slovak	HU 21/2025 (IX. 3.) KIM
Kamila	equivalent	Kamilla	slovak	HU 21/2025 (IX. 3.) KIM
Kamila	transcription	Kamila	slovak	HU 21/2025 (IX. 3.) KIM
Karina	equivalent	Karina	slovak	HU 21/2025 (IX. 3.) KIM
Karina	transcription	Karina	slovak	HU 21/2025 (IX. 3.) KIM
Karol	equivalent	Károly	slovak	HU 21/2025 (IX. 3.) KIM
Karol	transcription	Karol	slovak	HU 21/2025 (IX. 3.) KIM
Karola	equivalent	Karola	slovak	HU 21/2025 (IX. 3.) KIM
Karola	transcription	Karola	slovak	HU 21/2025 (IX. 3.) KIM
Karolína	equivalent	Karolina	slovak	HU 21/2025 (IX. 3.) KIM
Karolína	transcription	Karolína	slovak	HU 21/2025 (IX. 3.) KIM
Katarína	equivalent	Katalin	slovak	HU 21/2025 (IX. 3.) KIM
Katarína	transcription	Katarína	slovak	HU 21/2025 (IX. 3.) KIM
Kazimír	equivalent	Kazimír	slovak	HU 21/2025 (IX. 3.) KIM
Kazimír	equivalent	Kázmér	slovak	HU 21/2025 (IX. 3.) KIM
Kazimír	transcription	Kazimír	slovak	HU 21/2025 (IX. 3.) KIM
Klára	equivalent	Klára	slovak	HU 21/2025 (IX. 3.) KIM
Klára	transcription	Klára	slovak	HU 21/2025 (IX. 3.) KIM
Klaudia	equivalent	Klaudia	slovak	HU 21/2025 (IX. 3.) KIM
Klaudia	transcription	Klaudia	slovak	HU 21/2025 (IX. 3.) KIM
Klaudiusz	equivalent	Klaudiusz	slovak	HU 21/2025 (IX. 3.) KIM
Klaudiusz	transcription	Klaudiusz	slovak	HU 21/2025 (IX. 3.) KIM
Klement	equivalent	Kelemen	slovak	HU 21/2025 (IX. 3.) KIM
Klement	transcription	Klement	slovak	HU 21/2025 (IX. 3.) KIM
Koloman	equivalent	Kálmán	slovak	HU 21/2025 (IX. 3.) KIM
Koloman	transcription	Koloman	slovak	HU 21/2025 (IX. 3.) KIM
Konstantín	equivalent	Konstantin	slovak	HU 21/2025 (IX. 3.) KIM
Konstantín	transcription	Konstantín	slovak	HU 21/2025 (IX. 3.) KIM
Kornel	equivalent	Kornél	slovak	HU 21/2025 (IX. 3.) KIM
Kornel	transcription	Kornel	slovak	HU 21/2025 (IX. 3.) KIM
Kornélia	equivalent	Kornélia	slovak	HU 21/2025 (IX. 3.) KIM
Kornélia	transcription	Kornélia	slovak	HU 21/2025 (IX. 3.) KIM
Kraszomil	transcription	Kraszomil	slovak	HU 21/2025 (IX. 3.) KIM
Kraszomila	transcription	Kraszomila	slovak	HU 21/2025 (IX. 3.) KIM
Kraszoszlav	transcription	Kraszoszlav	slovak	HU 21/2025 (IX. 3.) KIM
Kraszoszlava	transcription	Kraszoszlava	slovak	HU 21/2025 (IX. 3.) KIM
Kristof	equivalent	Kristóf	slovak	HU 21/2025 (IX. 3.) KIM
Kristof	transcription	Kristof	slovak	HU 21/2025 (IX. 3.) KIM
Krisztián	equivalent	Krisztián	slovak	HU 21/2025 (IX. 3.) KIM
Krisztián	transcription	Krisztián	slovak	HU 21/2025 (IX. 3.) KIM
Krisztína	equivalent	Krisztina	slovak	HU 21/2025 (IX. 3.) KIM
Krisztína	transcription	Krisztína	slovak	HU 21/2025 (IX. 3.) KIM
Kveta	transcription	Kveta	slovak	HU 21/2025 (IX. 3.) KIM
Kvetana	transcription	Kvetana	slovak	HU 21/2025 (IX. 3.) KIM
Kvetoszlav	transcription	Kvetoszlav	slovak	HU 21/2025 (IX. 3.) KIM
Kvetoszlava	transcription	Kvetoszlava	slovak	HU 21/2025 (IX. 3.) KIM
Ladiszlav	equivalent	László	slovak	HU 21/2025 (IX. 3.) KIM
Ladiszlav	transcription	Ladiszlav	slovak	HU 21/2025 (IX. 3.) KIM
Ladiszlava	equivalent	Ladiszla	slovak	HU 21/2025 (IX. 3.) KIM
Ladiszlava	transcription	Lagyiszlava	slovak	HU 21/2025 (IX. 3.) KIM
Laura	equivalent	Laura	slovak	HU 21/2025 (IX. 3.) KIM
Laura	transcription	Laura	slovak	HU 21/2025 (IX. 3.) KIM
Lea	equivalent	Lea	slovak	HU 21/2025 (IX. 3.) KIM
Lea	transcription	Lea	slovak	HU 21/2025 (IX. 3.) KIM
Lenka	equivalent	Lenke	slovak	HU 21/2025 (IX. 3.) KIM
Lenka	transcription	Lenka	slovak	HU 21/2025 (IX. 3.) KIM
Leonard	equivalent	Leonárd	slovak	HU 21/2025 (IX. 3.) KIM
Leonard	transcription	Leonard	slovak	HU 21/2025 (IX. 3.) KIM
Leopold	equivalent	Leopold	slovak	HU 21/2025 (IX. 3.) KIM
Leopold	transcription	Leopold	slovak	HU 21/2025 (IX. 3.) KIM
Leszana	transcription	Leszana	slovak	HU 21/2025 (IX. 3.) KIM
Leszia	transcription	Leszia	slovak	HU 21/2025 (IX. 3.) KIM
Levoszlav	transcription	Levoszlav	slovak	HU 21/2025 (IX. 3.) KIM
Liana	equivalent	Liána	slovak	HU 21/2025 (IX. 3.) KIM
Liana	transcription	Liana	slovak	HU 21/2025 (IX. 3.) KIM
Libusa	transcription	Libusa	slovak	HU 21/2025 (IX. 3.) KIM
Lídia	equivalent	Lídia	slovak	HU 21/2025 (IX. 3.) KIM
Lídia	transcription	Lídia	slovak	HU 21/2025 (IX. 3.) KIM
Linda	equivalent	Linda	slovak	HU 21/2025 (IX. 3.) KIM
Linda	transcription	Linda	slovak	HU 21/2025 (IX. 3.) KIM
Lívia	equivalent	Lívia	slovak	HU 21/2025 (IX. 3.) KIM
Lívia	transcription	Lívia	slovak	HU 21/2025 (IX. 3.) KIM
Lubica	transcription	Ljubica	slovak	HU 21/2025 (IX. 3.) KIM
Lubomír	transcription	Ljubomír	slovak	HU 21/2025 (IX. 3.) KIM
Lubomíra	transcription	Ljubomíra	slovak	HU 21/2025 (IX. 3.) KIM
Lubor	transcription	Ljubor	slovak	HU 21/2025 (IX. 3.) KIM
Lubos	transcription	Ljubos	slovak	HU 21/2025 (IX. 3.) KIM
Luboszlav	transcription	Ljuboszlav	slovak	HU 21/2025 (IX. 3.) KIM
Luboszlava	transcription	Ljuboszlava	slovak	HU 21/2025 (IX. 3.) KIM
Lucia	equivalent	Luca	slovak	HU 21/2025 (IX. 3.) KIM
Lucia	equivalent	Lúcia	slovak	HU 21/2025 (IX. 3.) KIM
Lucia	transcription	Lucia	slovak	HU 21/2025 (IX. 3.) KIM
Ludmila	equivalent	Ludmilla	slovak	HU 21/2025 (IX. 3.) KIM
Ludmila	transcription	Ljudmila	slovak	HU 21/2025 (IX. 3.) KIM
Ludomil	transcription	Ljudomil	slovak	HU 21/2025 (IX. 3.) KIM
Ludovít	equivalent	Lajos	slovak	HU 21/2025 (IX. 3.) KIM
Ludovít	transcription	Ljudovít	slovak	HU 21/2025 (IX. 3.) KIM
Lujza	equivalent	Lujza	slovak	HU 21/2025 (IX. 3.) KIM
Lujza	transcription	Lujza	slovak	HU 21/2025 (IX. 3.) KIM
Lukás	equivalent	Lukács	slovak	HU 21/2025 (IX. 3.) KIM
Lukás	transcription	Lukás	slovak	HU 21/2025 (IX. 3.) KIM
Magdaléna	equivalent	Magda	slovak	HU 21/2025 (IX. 3.) KIM
Magdaléna	transcription	Magdaléna	slovak	HU 21/2025 (IX. 3.) KIM
Malvína	equivalent	Malvin	slovak	HU 21/2025 (IX. 3.) KIM
Malvína	transcription	Malvína	slovak	HU 21/2025 (IX. 3.) KIM
Marcel	equivalent	Marcell	slovak	HU 21/2025 (IX. 3.) KIM
Marcel	transcription	Marcel	slovak	HU 21/2025 (IX. 3.) KIM
Marcela	equivalent	Marcella	slovak	HU 21/2025 (IX. 3.) KIM
Marcela	transcription	Marcela	slovak	HU 21/2025 (IX. 3.) KIM
Marek	equivalent	Márkus	slovak	HU 21/2025 (IX. 3.) KIM
Marek	transcription	Marek	slovak	HU 21/2025 (IX. 3.) KIM
Margaréta	equivalent	Margit	slovak	HU 21/2025 (IX. 3.) KIM
Margaréta	transcription	Margaréta	slovak	HU 21/2025 (IX. 3.) KIM
Margita	equivalent	Margit	slovak	HU 21/2025 (IX. 3.) KIM
Margita	transcription	Margita	slovak	HU 21/2025 (IX. 3.) KIM
Mária	equivalent	Mária	slovak	HU 21/2025 (IX. 3.) KIM
Mária	transcription	Mária	slovak	HU 21/2025 (IX. 3.) KIM
Marián	equivalent	Marián	slovak	HU 21/2025 (IX. 3.) KIM
Marián	transcription	Marián	slovak	HU 21/2025 (IX. 3.) KIM
Marianna	equivalent	Mariann	slovak	HU 21/2025 (IX. 3.) KIM
Marianna	transcription	Marianna	slovak	HU 21/2025 (IX. 3.) KIM
Marína	transcription	Marína	slovak	HU 21/2025 (IX. 3.) KIM
Mário	equivalent	Márió	slovak	HU 21/2025 (IX. 3.) KIM
Mário	transcription	Mário	slovak	HU 21/2025 (IX. 3.) KIM
Maros	transcription	Maros	slovak	HU 21/2025 (IX. 3.) KIM
Marta	equivalent	Márta	slovak	HU 21/2025 (IX. 3.) KIM
Marta	transcription	Marta	slovak	HU 21/2025 (IX. 3.) KIM
Martin	equivalent	Martin	slovak	HU 21/2025 (IX. 3.) KIM
Martin	equivalent	Márton	slovak	HU 21/2025 (IX. 3.) KIM
Martin	transcription	Martin	slovak	HU 21/2025 (IX. 3.) KIM
Martina	equivalent	Martina	slovak	HU 21/2025 (IX. 3.) KIM
Martina	transcription	Martina	slovak	HU 21/2025 (IX. 3.) KIM
Matilda	equivalent	Matild	slovak	HU 21/2025 (IX. 3.) KIM
Matilda	transcription	Matilda	slovak	HU 21/2025 (IX. 3.) KIM
Matús	equivalent	Máté	slovak	HU 21/2025 (IX. 3.) KIM
Matús	transcription	Matús	slovak	HU 21/2025 (IX. 3.) KIM
Matyej	equivalent	Mátyás	slovak	HU 21/2025 (IX. 3.) KIM
Matyej	transcription	Matyej	slovak	HU 21/2025 (IX. 3.) KIM
Maximilián	equivalent	Maximilián	slovak	HU 21/2025 (IX. 3.) KIM
Maximilián	transcription	Maximilián	slovak	HU 21/2025 (IX. 3.) KIM
Medard	equivalent	Medárd	slovak	HU 21/2025 (IX. 3.) KIM
Medard	transcription	Medard	slovak	HU 21/2025 (IX. 3.) KIM
Melánia	equivalent	Melánia	slovak	HU 21/2025 (IX. 3.) KIM
Melánia	transcription	Melánia	slovak	HU 21/2025 (IX. 3.) KIM
Metod	equivalent	Metód	slovak	HU 21/2025 (IX. 3.) KIM
Metod	transcription	Metod	slovak	HU 21/2025 (IX. 3.) KIM
Michaela	equivalent	Mihaéla	slovak	HU 21/2025 (IX. 3.) KIM
Michaela	transcription	Michaela	slovak	HU 21/2025 (IX. 3.) KIM
Michal	equivalent	Mihály	slovak	HU 21/2025 (IX. 3.) KIM
Michal	transcription	Michal	slovak	HU 21/2025 (IX. 3.) KIM
Mieroszlav	transcription	Mieroszlav	slovak	HU 21/2025 (IX. 3.) KIM
Mieroszlava	transcription	Mieroszlava	slovak	HU 21/2025 (IX. 3.) KIM
Mikulás	equivalent	Miklós	slovak	HU 21/2025 (IX. 3.) KIM
Mikulás	transcription	Mikulás	slovak	HU 21/2025 (IX. 3.) KIM
Milada	transcription	Milada	slovak	HU 21/2025 (IX. 3.) KIM
Milan	equivalent	Milán	slovak	HU 21/2025 (IX. 3.) KIM
Milan	transcription	Milan	slovak	HU 21/2025 (IX. 3.) KIM
Milena	equivalent	Miléna	slovak	HU 21/2025 (IX. 3.) KIM
Milena	transcription	Milena	slovak	HU 21/2025 (IX. 3.) KIM
Milica	transcription	Milica	slovak	HU 21/2025 (IX. 3.) KIM
Milos	equivalent	Milos	slovak	HU 21/2025 (IX. 3.) KIM
Milos	transcription	Milos	slovak	HU 21/2025 (IX. 3.) KIM
Miloszlav	transcription	Miloszlav	slovak	HU 21/2025 (IX. 3.) KIM
Miloszlava	transcription	Miloszlava	slovak	HU 21/2025 (IX. 3.) KIM
Milota	transcription	Milota	slovak	HU 21/2025 (IX. 3.) KIM
Milusa	transcription	Milusa	slovak	HU 21/2025 (IX. 3.) KIM
Miriama	equivalent	Mirjám	slovak	HU 21/2025 (IX. 3.) KIM
Miriama	transcription	Miriama	slovak	HU 21/2025 (IX. 3.) KIM
Miroszlav	equivalent	Mirkó	slovak	HU 21/2025 (IX. 3.) KIM
Miroszlav	transcription	Miroszlav	slovak	HU 21/2025 (IX. 3.) KIM
Miroszlava	transcription	Miroszlava	slovak	HU 21/2025 (IX. 3.) KIM
Mojmír	transcription	Mojmír	slovak	HU 21/2025 (IX. 3.) KIM
Mojzsis	equivalent	Mózes	slovak	HU 21/2025 (IX. 3.) KIM
Mojzsis	transcription	Mojzsis	slovak	HU 21/2025 (IX. 3.) KIM
Monika	equivalent	Mónika	slovak	HU 21/2025 (IX. 3.) KIM
Monika	transcription	Monika	slovak	HU 21/2025 (IX. 3.) KIM
Móric	equivalent	Móric	slovak	HU 21/2025 (IX. 3.) KIM
Móric	transcription	Móric	slovak	HU 21/2025 (IX. 3.) KIM
Nadezsda	equivalent	Nadin	slovak	HU 21/2025 (IX. 3.) KIM
Nadezsda	equivalent	Nádja	slovak	HU 21/2025 (IX. 3.) KIM
Nadezsda	transcription	Nagyezsda	slovak	HU 21/2025 (IX. 3.) KIM
Natália	equivalent	Natália	slovak	HU 21/2025 (IX. 3.) KIM
Natália	transcription	Natália	slovak	HU 21/2025 (IX. 3.) KIM
Natasa	equivalent	Natasa	slovak	HU 21/2025 (IX. 3.) KIM
Natasa	transcription	Natasa	slovak	HU 21/2025 (IX. 3.) KIM
Nikola	equivalent	Nikola	slovak	HU 21/2025 (IX. 3.) KIM
Nikola	transcription	Nikola	slovak	HU 21/2025 (IX. 3.) KIM
Nina	equivalent	Nina	slovak	HU 21/2025 (IX. 3.) KIM
Nina	transcription	Nyina	slovak	HU 21/2025 (IX. 3.) KIM
Nora	equivalent	Nóra	slovak	HU 21/2025 (IX. 3.) KIM
Nora	transcription	Nora	slovak	HU 21/2025 (IX. 3.) KIM
Norbert	equivalent	Norbert	slovak	HU 21/2025 (IX. 3.) KIM
Norbert	transcription	Norbert	slovak	HU 21/2025 (IX. 3.) KIM
Oldrich	equivalent	Ulrik	slovak	HU 21/2025 (IX. 3.) KIM
Oldrich	transcription	Oldrich	slovak	HU 21/2025 (IX. 3.) KIM
Oleg	transcription	Oleg	slovak	HU 21/2025 (IX. 3.) KIM
Olga	equivalent	Olga	slovak	HU 21/2025 (IX. 3.) KIM
Olga	transcription	Oljga	slovak	HU 21/2025 (IX. 3.) KIM
Oliver	equivalent	Olivér	slovak	HU 21/2025 (IX. 3.) KIM
Oliver	transcription	Oliver	slovak	HU 21/2025 (IX. 3.) KIM
Olívia	equivalent	Olívia	slovak	HU 21/2025 (IX. 3.) KIM
Olívia	transcription	Olívia	slovak	HU 21/2025 (IX. 3.) KIM
Olympia	equivalent	Olimpia	slovak	HU 21/2025 (IX. 3.) KIM
Olympia	transcription	Olimpia	slovak	HU 21/2025 (IX. 3.) KIM
Ondrej	equivalent	András	slovak	HU 21/2025 (IX. 3.) KIM
Ondrej	equivalent	Endre	slovak	HU 21/2025 (IX. 3.) KIM
Ondrej	transcription	Ondrej	slovak	HU 21/2025 (IX. 3.) KIM
Oszkár	equivalent	Oszkár	slovak	HU 21/2025 (IX. 3.) KIM
Oszkár	transcription	Oszkár	slovak	HU 21/2025 (IX. 3.) KIM
Otília	equivalent	Otília	slovak	HU 21/2025 (IX. 3.) KIM
Otília	transcription	Otília	slovak	HU 21/2025 (IX. 3.) KIM
Oto	equivalent	Ottó	slovak	HU 21/2025 (IX. 3.) KIM
Oto	transcription	Oto	slovak	HU 21/2025 (IX. 3.) KIM
Oxana	equivalent	Oxána	slovak	HU 21/2025 (IX. 3.) KIM
Oxana	transcription	Oxana	slovak	HU 21/2025 (IX. 3.) KIM
Pankrác	equivalent	Pongrác	slovak	HU 21/2025 (IX. 3.) KIM
Pankrác	transcription	Pankrác	slovak	HU 21/2025 (IX. 3.) KIM
Patrícia	equivalent	Patrícia	slovak	HU 21/2025 (IX. 3.) KIM
Patrícia	transcription	Patrícia	slovak	HU 21/2025 (IX. 3.) KIM
Patrik	equivalent	Patric	slovak	HU 21/2025 (IX. 3.) KIM
Patrik	transcription	Patrik	slovak	HU 21/2025 (IX. 3.) KIM
Paulína	equivalent	Paulina	slovak	HU 21/2025 (IX. 3.) KIM
Paulína	transcription	Paulína	slovak	HU 21/2025 (IX. 3.) KIM
Pavel	equivalent	Pável	slovak	HU 21/2025 (IX. 3.) KIM
Pavel	transcription	Pavel	slovak	HU 21/2025 (IX. 3.) KIM
Pavla	equivalent	Paula	slovak	HU 21/2025 (IX. 3.) KIM
Pavla	transcription	Pavla	slovak	HU 21/2025 (IX. 3.) KIM
Pavol	equivalent	Pál	slovak	HU 21/2025 (IX. 3.) KIM
Pavol	transcription	Pavol	slovak	HU 21/2025 (IX. 3.) KIM
Perla	transcription	Perla	slovak	HU 21/2025 (IX. 3.) KIM
Peter	equivalent	Péter	slovak	HU 21/2025 (IX. 3.) KIM
Peter	transcription	Peter	slovak	HU 21/2025 (IX. 3.) KIM
Petra	equivalent	Petra	slovak	HU 21/2025 (IX. 3.) KIM
Petra	transcription	Petra	slovak	HU 21/2025 (IX. 3.) KIM
Petrana	transcription	Petrana	slovak	HU 21/2025 (IX. 3.) KIM
Petronela	equivalent	Petronella	slovak	HU 21/2025 (IX. 3.) KIM
Petronela	transcription	Petronela	slovak	HU 21/2025 (IX. 3.) KIM
Pravoszlav	transcription	Pravoszlav	slovak	HU 21/2025 (IX. 3.) KIM
Pravoszlava	transcription	Pravoszlava	slovak	HU 21/2025 (IX. 3.) KIM
Pribina	transcription	Pribina	slovak	HU 21/2025 (IX. 3.) KIM
Pribiszlav	transcription	Pribiszlav	slovak	HU 21/2025 (IX. 3.) KIM
Prokop	transcription	Prokop	slovak	HU 21/2025 (IX. 3.) KIM
Radan	transcription	Radan	slovak	HU 21/2025 (IX. 3.) KIM
Radka	transcription	Radka	slovak	HU 21/2025 (IX. 3.) KIM
Radko	transcription	Radko	slovak	HU 21/2025 (IX. 3.) KIM
Radmila	transcription	Radmila	slovak	HU 21/2025 (IX. 3.) KIM
Radomil	transcription	Radomil	slovak	HU 21/2025 (IX. 3.) KIM
Radomila	transcription	Radomila	slovak	HU 21/2025 (IX. 3.) KIM
Radomír	equivalent	Radomér	slovak	HU 21/2025 (IX. 3.) KIM
Radomír	transcription	Radomír	slovak	HU 21/2025 (IX. 3.) KIM
Radomíra	transcription	Radomíra	slovak	HU 21/2025 (IX. 3.) KIM
Radoszlav	transcription	Radoszlav	slovak	HU 21/2025 (IX. 3.) KIM
Radoszlava	transcription	Radoszlava	slovak	HU 21/2025 (IX. 3.) KIM
Radovan	equivalent	Radován	slovak	HU 21/2025 (IX. 3.) KIM
Radovan	transcription	Radovan	slovak	HU 21/2025 (IX. 3.) KIM
Radúz	transcription	Radúz	slovak	HU 21/2025 (IX. 3.) KIM
Rasztyiszlav	transcription	Rasztyiszlav	slovak	HU 21/2025 (IX. 3.) KIM
Regína	equivalent	Regina	slovak	HU 21/2025 (IX. 3.) KIM
Regína	transcription	Regína	slovak	HU 21/2025 (IX. 3.) KIM
Renáta	equivalent	Renáta	slovak	HU 21/2025 (IX. 3.) KIM
Renáta	transcription	Renáta	slovak	HU 21/2025 (IX. 3.) KIM
René	equivalent	René	slovak	HU 21/2025 (IX. 3.) KIM
René	transcription	René	slovak	HU 21/2025 (IX. 3.) KIM
Richard	equivalent	Richárd	slovak	HU 21/2025 (IX. 3.) KIM
Richard	transcription	Richard	slovak	HU 21/2025 (IX. 3.) KIM
Róbert	equivalent	Róbert	slovak	HU 21/2025 (IX. 3.) KIM
Róbert	transcription	Róbert	slovak	HU 21/2025 (IX. 3.) KIM
Roland	equivalent	Roland	slovak	HU 21/2025 (IX. 3.) KIM
Roland	transcription	Roland	slovak	HU 21/2025 (IX. 3.) KIM
Roman	equivalent	Román	slovak	HU 21/2025 (IX. 3.) KIM
Roman	transcription	Roman	slovak	HU 21/2025 (IX. 3.) KIM
Romana	equivalent	Romána	slovak	HU 21/2025 (IX. 3.) KIM
Romana	transcription	Romana	slovak	HU 21/2025 (IX. 3.) KIM
Rozália	equivalent	Rozália	slovak	HU 21/2025 (IX. 3.) KIM
Rozália	transcription	Rozália	slovak	HU 21/2025 (IX. 3.) KIM
Rudolf	equivalent	Rudolf	slovak	HU 21/2025 (IX. 3.) KIM
Rudolf	transcription	Rudolf	slovak	HU 21/2025 (IX. 3.) KIM
Ruzsena	equivalent	Rózsa	slovak	HU 21/2025 (IX. 3.) KIM
Ruzsena	transcription	Ruzsena	slovak	HU 21/2025 (IX. 3.) KIM
Simon	equivalent	Simon	slovak	HU 21/2025 (IX. 3.) KIM
Simon	transcription	Simon	slovak	HU 21/2025 (IX. 3.) KIM
Stefan	equivalent	István	slovak	HU 21/2025 (IX. 3.) KIM
Stefan	transcription	Styefan	slovak	HU 21/2025 (IX. 3.) KIM
Stefánia	equivalent	Stefánia	slovak	HU 21/2025 (IX. 3.) KIM
Stefánia	transcription	Stefánia	slovak	HU 21/2025 (IX. 3.) KIM
Svetoszlava	transcription	Szvetoszlava	slovak	HU 21/2025 (IX. 3.) KIM
Szabína	equivalent	Szabina	slovak	HU 21/2025 (IX. 3.) KIM
Szabína	transcription	Szabína	slovak	HU 21/2025 (IX. 3.) KIM
Szamuel	equivalent	Sámuel	slovak	HU 21/2025 (IX. 3.) KIM
Szamuel	transcription	Szamuel	slovak	HU 21/2025 (IX. 3.) KIM
Szergej	transcription	Szergej	slovak	HU 21/2025 (IX. 3.) KIM
Szervác	equivalent	Szervác	slovak	HU 21/2025 (IX. 3.) KIM
Szervác	transcription	Szervác	slovak	HU 21/2025 (IX. 3.) KIM
Szeverín	equivalent	Szeverin	slovak	HU 21/2025 (IX. 3.) KIM
Szeverín	transcription	Szeverín	slovak	HU 21/2025 (IX. 3.) KIM
Szidónia	equivalent	Szidónia	slovak	HU 21/2025 (IX. 3.) KIM
Szidónia	transcription	Szidónia	slovak	HU 21/2025 (IX. 3.) KIM
Szilveszter	equivalent	Szilveszter	slovak	HU 21/2025 (IX. 3.) KIM
Szilveszter	transcription	Szilveszter	slovak	HU 21/2025 (IX. 3.) KIM
Szilvia	equivalent	Szilvia	slovak	HU 21/2025 (IX. 3.) KIM
Szilvia	transcription	Szilvia	slovak	HU 21/2025 (IX. 3.) KIM
Szimona	equivalent	Szimóna	slovak	HU 21/2025 (IX. 3.) KIM
Szimona	transcription	Szimona	slovak	HU 21/2025 (IX. 3.) KIM
Szláva	transcription	Szláva	slovak	HU 21/2025 (IX. 3.) KIM
Szlávka	transcription	Szlávka	slovak	HU 21/2025 (IX. 3.) KIM
Szlávo	transcription	Szlávo	slovak	HU 21/2025 (IX. 3.) KIM
Szlavomír	transcription	Szlavomír	slovak	HU 21/2025 (IX. 3.) KIM
Szlavomíra	transcription	Szlavomíra	slovak	HU 21/2025 (IX. 3.) KIM
Szonya	equivalent	Szonja	slovak	HU 21/2025 (IX. 3.) KIM
Szonya	transcription	Szonya	slovak	HU 21/2025 (IX. 3.) KIM
Sztaniszlava	transcription	Sztanyiszlava	slovak	HU 21/2025 (IX. 3.) KIM
Sztanyiszlav	equivalent	Szaniszló	slovak	HU 21/2025 (IX. 3.) KIM
Sztanyiszlav	transcription	Sztanyiszlav	slovak	HU 21/2025 (IX. 3.) KIM
Sztela	equivalent	Esztella	slovak	HU 21/2025 (IX. 3.) KIM
Sztela	transcription	Sztela	slovak	HU 21/2025 (IX. 3.) KIM
Szvetlana	equivalent	Szvetlána	slovak	HU 21/2025 (IX. 3.) KIM
Szvetlana	transcription	Szvetlana	slovak	HU 21/2025 (IX. 3.) KIM
Szvetopluk	transcription	Szvetopluk	slovak	HU 21/2025 (IX. 3.) KIM
Szvetoszlav	transcription	Szvetoszlav	slovak	HU 21/2025 (IX. 3.) KIM
Szvetozár	transcription	Szvetozár	slovak	HU 21/2025 (IX. 3.) KIM
Tadeás	equivalent	Taddeus	slovak	HU 21/2025 (IX. 3.) KIM
Tadeás	transcription	Tadeás	slovak	HU 21/2025 (IX. 3.) KIM
Tamara	equivalent	Tamara	slovak	HU 21/2025 (IX. 3.) KIM
Tamara	transcription	Tamara	slovak	HU 21/2025 (IX. 3.) KIM
Tatiana	equivalent	Tatjána	slovak	HU 21/2025 (IX. 3.) KIM
Tatiana	transcription	Tatyiana	slovak	HU 21/2025 (IX. 3.) KIM
Teodor	equivalent	Teodor	slovak	HU 21/2025 (IX. 3.) KIM
Teodor	equivalent	Tivadar	slovak	HU 21/2025 (IX. 3.) KIM
Teodor	transcription	Teodor	slovak	HU 21/2025 (IX. 3.) KIM
Tereza	equivalent	Teréz	slovak	HU 21/2025 (IX. 3.) KIM
Tereza	transcription	Tereza	slovak	HU 21/2025 (IX. 3.) KIM
Terézia	equivalent	Terézia	slovak	HU 21/2025 (IX. 3.) KIM
Terézia	transcription	Terézia	slovak	HU 21/2025 (IX. 3.) KIM
Tibor	equivalent	Tibor	slovak	HU 21/2025 (IX. 3.) KIM
Tibor	transcription	Tibor	slovak	HU 21/2025 (IX. 3.) KIM
Tichomír	equivalent	Tihamér	slovak	HU 21/2025 (IX. 3.) KIM
Tichomír	transcription	Tyichomír	slovak	HU 21/2025 (IX. 3.) KIM
Timotej	equivalent	Timót	slovak	HU 21/2025 (IX. 3.) KIM
Timotej	equivalent	Timóteusz	slovak	HU 21/2025 (IX. 3.) KIM
Timotej	transcription	Timotej	slovak	HU 21/2025 (IX. 3.) KIM
Tomás	equivalent	Tamás	slovak	HU 21/2025 (IX. 3.) KIM
Tomás	transcription	Tomás	slovak	HU 21/2025 (IX. 3.) KIM
Urban	equivalent	Orbán	slovak	HU 21/2025 (IX. 3.) KIM
Urban	equivalent	Urbán	slovak	HU 21/2025 (IX. 3.) KIM
Urban	transcription	Urban	slovak	HU 21/2025 (IX. 3.) KIM
Ursula	equivalent	Orsolya	slovak	HU 21/2025 (IX. 3.) KIM
Ursula	transcription	Ursulja	slovak	HU 21/2025 (IX. 3.) KIM
Václav	equivalent	Vencel	slovak	HU 21/2025 (IX. 3.) KIM
Václav	transcription	Václav	slovak	HU 21/2025 (IX. 3.) KIM
Valentín	equivalent	Bálint	slovak	HU 21/2025 (IX. 3.) KIM
Valentín	equivalent	Valentin	slovak	HU 21/2025 (IX. 3.) KIM
Valentín	transcription	Valentín	slovak	HU 21/2025 (IX. 3.) KIM
Valentína	equivalent	Valentina	slovak	HU 21/2025 (IX. 3.) KIM
Valentína	transcription	Valentína	slovak	HU 21/2025 (IX. 3.) KIM
Valér	equivalent	Valér	slovak	HU 21/2025 (IX. 3.) KIM
Valér	transcription	Valér	slovak	HU 21/2025 (IX. 3.) KIM
Valéria	equivalent	Valéria	slovak	HU 21/2025 (IX. 3.) KIM
Valéria	transcription	Valéria	slovak	HU 21/2025 (IX. 3.) KIM
Vanda	equivalent	Vanda	slovak	HU 21/2025 (IX. 3.) KIM
Vanda	transcription	Vanda	slovak	HU 21/2025 (IX. 3.) KIM
Vaszil	equivalent	Vászoly	slovak	HU 21/2025 (IX. 3.) KIM
Vaszil	equivalent	Vazul	slovak	HU 21/2025 (IX. 3.) KIM
Vaszil	transcription	Vaszil	slovak	HU 21/2025 (IX. 3.) KIM
Vavrinyec	transcription	Vavrinyec	slovak	HU 21/2025 (IX. 3.) KIM
Vendelín	equivalent	Vendel	slovak	HU 21/2025 (IX. 3.) KIM
Vendelín	transcription	Vendelín	slovak	HU 21/2025 (IX. 3.) KIM
Veronika	equivalent	Veronika	slovak	HU 21/2025 (IX. 3.) KIM
Veronika	transcription	Veronika	slovak	HU 21/2025 (IX. 3.) KIM
Viera	equivalent	Vera	slovak	HU 21/2025 (IX. 3.) KIM
Viera	transcription	Viera	slovak	HU 21/2025 (IX. 3.) KIM
Vieromil	transcription	Vieromil	slovak	HU 21/2025 (IX. 3.) KIM
Vieroszlav	transcription	Vieroszlav	slovak	HU 21/2025 (IX. 3.) KIM
Vieroszlava	transcription	Vieroszlava	slovak	HU 21/2025 (IX. 3.) KIM
Viktor	equivalent	Viktor	slovak	HU 21/2025 (IX. 3.) KIM
Viktor	transcription	Viktor	slovak	HU 21/2025 (IX. 3.) KIM
Viktória	equivalent	Viktória	slovak	HU 21/2025 (IX. 3.) KIM
Viktória	transcription	Viktória	slovak	HU 21/2025 (IX. 3.) KIM
Viliam	equivalent	Viliam	slovak	HU 21/2025 (IX. 3.) KIM
Viliam	transcription	Viliam	slovak	HU 21/2025 (IX. 3.) KIM
Vilma	equivalent	Vilma	slovak	HU 21/2025 (IX. 3.) KIM
Vilma	transcription	Vilma	slovak	HU 21/2025 (IX. 3.) KIM
Vincent	equivalent	Vince	slovak	HU 21/2025 (IX. 3.) KIM
Vincent	transcription	Vincent	slovak	HU 21/2025 (IX. 3.) KIM
Viola	equivalent	Viola	slovak	HU 21/2025 (IX. 3.) KIM
Viola	transcription	Viola	slovak	HU 21/2025 (IX. 3.) KIM
Vít	equivalent	Vid	slovak	HU 21/2025 (IX. 3.) KIM
Vít	equivalent	Vida	slovak	HU 21/2025 (IX. 3.) KIM
Vít	equivalent	Vidos	slovak	HU 21/2025 (IX. 3.) KIM
Vít	equivalent	Vitus	slovak	HU 21/2025 (IX. 3.) KIM
Vít	transcription	Vít	slovak	HU 21/2025 (IX. 3.) KIM
Vítyazoszlav	transcription	Vítyazoszlav	slovak	HU 21/2025 (IX. 3.) KIM
Vladimíra	transcription	Vlagyimíra	slovak	HU 21/2025 (IX. 3.) KIM
Vlagyimír	equivalent	Ladomér	slovak	HU 21/2025 (IX. 3.) KIM
Vlagyimír	equivalent	Vladimír	slovak	HU 21/2025 (IX. 3.) KIM
Vlagyimír	transcription	Vlagyimír	slovak	HU 21/2025 (IX. 3.) KIM
Vlagyiszlav	equivalent	Ulászló	slovak	HU 21/2025 (IX. 3.) KIM
Vlagyiszlav	equivalent	Vladiszláv	slovak	HU 21/2025 (IX. 3.) KIM
Vlagyiszlav	transcription	Vlagyiszlav	slovak	HU 21/2025 (IX. 3.) KIM
Vlaszta	transcription	Vlaszta	slovak	HU 21/2025 (IX. 3.) KIM
Vlasztyimil	transcription	Vlasztyimil	slovak	HU 21/2025 (IX. 3.) KIM
Vlasztyiszlav	transcription	Vlasztyiszlav	slovak	HU 21/2025 (IX. 3.) KIM
Vojtech	transcription	Vojtyech	slovak	HU 21/2025 (IX. 3.) KIM
Vratko	transcription	Vratko	slovak	HU 21/2025 (IX. 3.) KIM
Vratyiszlav	transcription	Vratyiszlav	slovak	HU 21/2025 (IX. 3.) KIM
Xénia	equivalent	Xénia	slovak	HU 21/2025 (IX. 3.) KIM
Xénia	transcription	Xénia	slovak	HU 21/2025 (IX. 3.) KIM
Zdenka	transcription	Zdenka	slovak	HU 21/2025 (IX. 3.) KIM
Zdenko	equivalent	Zdenkó	slovak	HU 21/2025 (IX. 3.) KIM
Zdenko	transcription	Zdenko	slovak	HU 21/2025 (IX. 3.) KIM
Zina	equivalent	Zina	slovak	HU 21/2025 (IX. 3.) KIM
Zina	transcription	Zina	slovak	HU 21/2025 (IX. 3.) KIM
Zita	equivalent	Zita	slovak	HU 21/2025 (IX. 3.) KIM
Zita	transcription	Zita	slovak	HU 21/2025 (IX. 3.) KIM
Zlatica	transcription	Zlatyica	slovak	HU 21/2025 (IX. 3.) KIM
Zlatko	transcription	Zlatko	slovak	HU 21/2025 (IX. 3.) KIM
Zoja	equivalent	Zója	slovak	HU 21/2025 (IX. 3.) KIM
Zoja	transcription	Zoja	slovak	HU 21/2025 (IX. 3.) KIM
Zoltán	equivalent	Zoltán	slovak	HU 21/2025 (IX. 3.) KIM
Zoltán	transcription	Zoltán	slovak	HU 21/2025 (IX. 3.) KIM
Zora	equivalent	Hajnalka	slovak	HU 21/2025 (IX. 3.) KIM
Zora	transcription	Zora	slovak	HU 21/2025 (IX. 3.) KIM
Zsaneta	equivalent	Zsanett	slovak	HU 21/2025 (IX. 3.) KIM
Zsaneta	transcription	Zsaneta	slovak	HU 21/2025 (IX. 3.) KIM
Zselmíra	transcription	Zselmíra	slovak	HU 21/2025 (IX. 3.) KIM
Zsigmund	equivalent	Zsigmond	slovak	HU 21/2025 (IX. 3.) KIM
Zsigmund	transcription	Zsigmund	slovak	HU 21/2025 (IX. 3.) KIM
Zsitoszlav	transcription	Zsitoszlav	slovak	HU 21/2025 (IX. 3.) KIM
Zsitoszlava	transcription	Zsitoszlava	slovak	HU 21/2025 (IX. 3.) KIM
Zsivko	transcription	Zsivko	slovak	HU 21/2025 (IX. 3.) KIM
Zsofia	equivalent	Zsófia	slovak	HU 21/2025 (IX. 3.) KIM
Zsofia	transcription	Zsofia	slovak	HU 21/2025 (IX. 3.) KIM
Zuzana	equivalent	Zsuzsanna	slovak	HU 21/2025 (IX. 3.) KIM
Zuzana	transcription	Zuzana	slovak	HU 21/2025 (IX. 3.) KIM
Ágátá	equivalent	Agáta	slovene	HU 22/2025 (IX. 3.) KIM
Ágátá	equivalent	Ágota	slovene	HU 22/2025 (IX. 3.) KIM
Ágátá	transcription	Ágátá	slovene	HU 22/2025 (IX. 3.) KIM
Ágnesz	equivalent	Ágnes	slovene	HU 22/2025 (IX. 3.) KIM
Ágnesz	transcription	Ágnesz	slovene	HU 22/2025 (IX. 3.) KIM
Ágnézá	transcription	Ágnézá	slovene	HU 22/2025 (IX. 3.) KIM
Áhác	equivalent	Akács	slovene	HU 22/2025 (IX. 3.) KIM
Áhác	transcription	Áhác	slovene	HU 22/2025 (IX. 3.) KIM
Ájdá	equivalent	Adél	slovene	HU 22/2025 (IX. 3.) KIM
Ájdá	equivalent	Adelheid	slovene	HU 22/2025 (IX. 3.) KIM
Ájdá	transcription	Ájdá	slovene	HU 22/2025 (IX. 3.) KIM
Ájsá	equivalent	Aisa	slovene	HU 22/2025 (IX. 3.) KIM
Ájsá	transcription	Ájsá	slovene	HU 22/2025 (IX. 3.) KIM
Áleksz	equivalent	Sándor	slovene	HU 22/2025 (IX. 3.) KIM
Áleksz	transcription	Áleksz	slovene	HU 22/2025 (IX. 3.) KIM
Álekszánder	equivalent	Sándor	slovene	HU 22/2025 (IX. 3.) KIM
Álekszánder	transcription	Álekszánder	slovene	HU 22/2025 (IX. 3.) KIM
Álénká	equivalent	Ilona	slovene	HU 22/2025 (IX. 3.) KIM
Álénká	transcription	Álénká	slovene	HU 22/2025 (IX. 3.) KIM
Áles	equivalent	Sándor	slovene	HU 22/2025 (IX. 3.) KIM
Áles	transcription	Áles	slovene	HU 22/2025 (IX. 3.) KIM
Alésá	transcription	Alésá	slovene	HU 22/2025 (IX. 3.) KIM
Áljázs	transcription	Áljázs	slovene	HU 22/2025 (IX. 3.) KIM
Álojz	equivalent	Alajos	slovene	HU 22/2025 (IX. 3.) KIM
Álojz	transcription	Álojz	slovene	HU 22/2025 (IX. 3.) KIM
Álojzijá	equivalent	Alojzia	slovene	HU 22/2025 (IX. 3.) KIM
Álojzijá	transcription	Álojzijá	slovene	HU 22/2025 (IX. 3.) KIM
Ámbrozs	equivalent	Ambrus	slovene	HU 22/2025 (IX. 3.) KIM
Ámbrozs	transcription	Ámbrozs	slovene	HU 22/2025 (IX. 3.) KIM
Áná	equivalent	Anna	slovene	HU 22/2025 (IX. 3.) KIM
Áná	transcription	Áná	slovene	HU 22/2025 (IX. 3.) KIM
Ándrej	equivalent	András	slovene	HU 22/2025 (IX. 3.) KIM
Ándrej	transcription	Ándrej	slovene	HU 22/2025 (IX. 3.) KIM
Ándrejá	equivalent	Andrea	slovene	HU 22/2025 (IX. 3.) KIM
Ándrejá	transcription	Ándrejá	slovene	HU 22/2025 (IX. 3.) KIM
Ánton	equivalent	Antal	slovene	HU 22/2025 (IX. 3.) KIM
Ánton	transcription	Ánton	slovene	HU 22/2025 (IX. 3.) KIM
Ánzse	transcription	Ánzse	slovene	HU 22/2025 (IX. 3.) KIM
Áuguszt	equivalent	Ágoston	slovene	HU 22/2025 (IX. 3.) KIM
Áuguszt	transcription	Áuguszt	slovene	HU 22/2025 (IX. 3.) KIM
Ázsbe	transcription	Ázsbe	slovene	HU 22/2025 (IX. 3.) KIM
Báltázár	transcription	Báltázár	slovene	HU 22/2025 (IX. 3.) KIM
Benedikt	equivalent	Benedek	slovene	HU 22/2025 (IX. 3.) KIM
Benedikt	transcription	Benedikt	slovene	HU 22/2025 (IX. 3.) KIM
Béno	transcription	Béno	slovene	HU 22/2025 (IX. 3.) KIM
Bernárd	equivalent	Bernárd	slovene	HU 22/2025 (IX. 3.) KIM
Bernárd	transcription	Bernárd	slovene	HU 22/2025 (IX. 3.) KIM
Bernárdá	equivalent	Bernarda	slovene	HU 22/2025 (IX. 3.) KIM
Bernárdá	transcription	Bernárdá	slovene	HU 22/2025 (IX. 3.) KIM
Bibijáná	equivalent	Bibiána	slovene	HU 22/2025 (IX. 3.) KIM
Bibijáná	transcription	Bibijáná	slovene	HU 22/2025 (IX. 3.) KIM
Biszerká	equivalent	Gyöngyi	slovene	HU 22/2025 (IX. 3.) KIM
Biszerká	transcription	Biszerká	slovene	HU 22/2025 (IX. 3.) KIM
Blázs	equivalent	Balázs	slovene	HU 22/2025 (IX. 3.) KIM
Blázs	transcription	Blázs	slovene	HU 22/2025 (IX. 3.) KIM
Bogdán	equivalent	Bodgán	slovene	HU 22/2025 (IX. 3.) KIM
Bogdán	transcription	Bogdán	slovene	HU 22/2025 (IX. 3.) KIM
Bogdáná	equivalent	Bogdána	slovene	HU 22/2025 (IX. 3.) KIM
Bogdáná	transcription	Bogdáná	slovene	HU 22/2025 (IX. 3.) KIM
Bogo	transcription	Bogo	slovene	HU 22/2025 (IX. 3.) KIM
Bogomil	transcription	Bogomil	slovene	HU 22/2025 (IX. 3.) KIM
Bogomilá	transcription	Bogomilá	slovene	HU 22/2025 (IX. 3.) KIM
Bogomir	transcription	Bogomir	slovene	HU 22/2025 (IX. 3.) KIM
Bogomirá	transcription	Bogomirá	slovene	HU 22/2025 (IX. 3.) KIM
Boján	equivalent	Boján	slovene	HU 22/2025 (IX. 3.) KIM
Boján	transcription	Boján	slovene	HU 22/2025 (IX. 3.) KIM
Bojáná	equivalent	Bojána	slovene	HU 22/2025 (IX. 3.) KIM
Bojáná	transcription	Bojáná	slovene	HU 22/2025 (IX. 3.) KIM
Boltezsár	equivalent	Baltazár	slovene	HU 22/2025 (IX. 3.) KIM
Boltezsár	equivalent	Boldizsár	slovene	HU 22/2025 (IX. 3.) KIM
Boltezsár	transcription	Boltezsár	slovene	HU 22/2025 (IX. 3.) KIM
Bor	transcription	Bor	slovene	HU 22/2025 (IX. 3.) KIM
Borisz	equivalent	Borisz	slovene	HU 22/2025 (IX. 3.) KIM
Borisz	transcription	Borisz	slovene	HU 22/2025 (IX. 3.) KIM
Borut	transcription	Borut	slovene	HU 22/2025 (IX. 3.) KIM
Bostján	equivalent	Sebestyén	slovene	HU 22/2025 (IX. 3.) KIM
Bostján	transcription	Bostján	slovene	HU 22/2025 (IX. 3.) KIM
Bozsá	equivalent	Bozsena	slovene	HU 22/2025 (IX. 3.) KIM
Bozsá	transcription	Bozsá	slovene	HU 22/2025 (IX. 3.) KIM
Bozsidár	equivalent	Bozsidár	slovene	HU 22/2025 (IX. 3.) KIM
Bozsidár	transcription	Bozsidár	slovene	HU 22/2025 (IX. 3.) KIM
Bozso	transcription	Bozso	slovene	HU 22/2025 (IX. 3.) KIM
Bráne	transcription	Bráne	slovene	HU 22/2025 (IX. 3.) KIM
Bránimir	transcription	Bránimir	slovene	HU 22/2025 (IX. 3.) KIM
Bránká	transcription	Bránká	slovene	HU 22/2025 (IX. 3.) KIM
Bránko	transcription	Bránko	slovene	HU 22/2025 (IX. 3.) KIM
Brátiszláu	transcription	Brátiszláu	slovene	HU 22/2025 (IX. 3.) KIM
Brátko	transcription	Brátko	slovene	HU 22/2025 (IX. 3.) KIM
Brédá	transcription	Brédá	slovene	HU 22/2025 (IX. 3.) KIM
Bruno	equivalent	Brúnó	slovene	HU 22/2025 (IX. 3.) KIM
Bruno	transcription	Bruno	slovene	HU 22/2025 (IX. 3.) KIM
Budimir	transcription	Budimir	slovene	HU 22/2025 (IX. 3.) KIM
Budiszláu	transcription	Budiszláu	slovene	HU 22/2025 (IX. 3.) KIM
Cene	transcription	Cene	slovene	HU 22/2025 (IX. 3.) KIM
Ciril	equivalent	Cirill	slovene	HU 22/2025 (IX. 3.) KIM
Ciril	transcription	Ciril	slovene	HU 22/2025 (IX. 3.) KIM
Csrt	transcription	Csrt	slovene	HU 22/2025 (IX. 3.) KIM
Csrtomir	transcription	Csrtomir	slovene	HU 22/2025 (IX. 3.) KIM
Cvétká	equivalent	Flóra	slovene	HU 22/2025 (IX. 3.) KIM
Cvétká	equivalent	Virág	slovene	HU 22/2025 (IX. 3.) KIM
Cvétká	transcription	Cvétká	slovene	HU 22/2025 (IX. 3.) KIM
Cvétko	equivalent	Flórián	slovene	HU 22/2025 (IX. 3.) KIM
Cvétko	transcription	Cvétko	slovene	HU 22/2025 (IX. 3.) KIM
Dámján	equivalent	Damján	slovene	HU 22/2025 (IX. 3.) KIM
Dámján	transcription	Dámján	slovene	HU 22/2025 (IX. 3.) KIM
Dámjáná	transcription	Dámjáná	slovene	HU 22/2025 (IX. 3.) KIM
Dánicá	equivalent	Danica	slovene	HU 22/2025 (IX. 3.) KIM
Dánicá	transcription	Dánicá	slovene	HU 22/2025 (IX. 3.) KIM
Dánijel	equivalent	Dániel	slovene	HU 22/2025 (IX. 3.) KIM
Dánijel	transcription	Dánijel	slovene	HU 22/2025 (IX. 3.) KIM
Dánijélá	equivalent	Daniella	slovene	HU 22/2025 (IX. 3.) KIM
Dánijélá	transcription	Dánijélá	slovene	HU 22/2025 (IX. 3.) KIM
Dánilo	transcription	Dánilo	slovene	HU 22/2025 (IX. 3.) KIM
Dárinká	equivalent	Darinka	slovene	HU 22/2025 (IX. 3.) KIM
Dárinká	transcription	Dárinká	slovene	HU 22/2025 (IX. 3.) KIM
Dárjá	equivalent	Dária	slovene	HU 22/2025 (IX. 3.) KIM
Dárjá	transcription	Dárjá	slovene	HU 22/2025 (IX. 3.) KIM
Dárko	transcription	Dárko	slovene	HU 22/2025 (IX. 3.) KIM
Dásá	transcription	Dásá	slovene	HU 22/2025 (IX. 3.) KIM
Dávorin	transcription	Dávorin	slovene	HU 22/2025 (IX. 3.) KIM
Dimitrij	equivalent	Demeter	slovene	HU 22/2025 (IX. 3.) KIM
Dimitrij	transcription	Dimitrij	slovene	HU 22/2025 (IX. 3.) KIM
Domen	transcription	Domen	slovene	HU 22/2025 (IX. 3.) KIM
Drágá	transcription	Drágá	slovene	HU 22/2025 (IX. 3.) KIM
Drágicá	transcription	Drágicá	slovene	HU 22/2025 (IX. 3.) KIM
Drágo	equivalent	Károly	slovene	HU 22/2025 (IX. 3.) KIM
Drágo	transcription	Drágo	slovene	HU 22/2025 (IX. 3.) KIM
Drágotin	transcription	Drágotin	slovene	HU 22/2025 (IX. 3.) KIM
Dusá	transcription	Dusá	slovene	HU 22/2025 (IX. 3.) KIM
Dusán	equivalent	Dusán	slovene	HU 22/2025 (IX. 3.) KIM
Dusán	transcription	Dusán	slovene	HU 22/2025 (IX. 3.) KIM
Dusánká	equivalent	Dusánka	slovene	HU 22/2025 (IX. 3.) KIM
Dusánká	transcription	Dusánká	slovene	HU 22/2025 (IX. 3.) KIM
Édvárd	equivalent	Edvárd	slovene	HU 22/2025 (IX. 3.) KIM
Édvárd	transcription	Édvárd	slovene	HU 22/2025 (IX. 3.) KIM
Édvin	equivalent	Ervin	slovene	HU 22/2025 (IX. 3.) KIM
Édvin	transcription	Édvin	slovene	HU 22/2025 (IX. 3.) KIM
Élá	equivalent	Ella	slovene	HU 22/2025 (IX. 3.) KIM
Élá	transcription	Élá	slovene	HU 22/2025 (IX. 3.) KIM
Elizábétá	equivalent	Erzsébet	slovene	HU 22/2025 (IX. 3.) KIM
Elizábétá	transcription	Elizábétá	slovene	HU 22/2025 (IX. 3.) KIM
Emiliján	equivalent	Emilián	slovene	HU 22/2025 (IX. 3.) KIM
Emiliján	transcription	Emiliján	slovene	HU 22/2025 (IX. 3.) KIM
Erázem	equivalent	Erazmus	slovene	HU 22/2025 (IX. 3.) KIM
Erázem	transcription	Erázem	slovene	HU 22/2025 (IX. 3.) KIM
Erneszt	equivalent	Ernő	slovene	HU 22/2025 (IX. 3.) KIM
Erneszt	transcription	Erneszt	slovene	HU 22/2025 (IX. 3.) KIM
Éváld	equivalent	Éváld	slovene	HU 22/2025 (IX. 3.) KIM
Éváld	transcription	Éváld	slovene	HU 22/2025 (IX. 3.) KIM
Fáncsi	transcription	Fáncsi	slovene	HU 22/2025 (IX. 3.) KIM
Ferdinánd	equivalent	Ferdinánd	slovene	HU 22/2025 (IX. 3.) KIM
Ferdinánd	transcription	Ferdinánd	slovene	HU 22/2025 (IX. 3.) KIM
Ferdo	transcription	Ferdo	slovene	HU 22/2025 (IX. 3.) KIM
Florján	equivalent	Flórián	slovene	HU 22/2025 (IX. 3.) KIM
Florján	transcription	Florján	slovene	HU 22/2025 (IX. 3.) KIM
Fortunát	equivalent	Fortunát	slovene	HU 22/2025 (IX. 3.) KIM
Fortunát	transcription	Fortunát	slovene	HU 22/2025 (IX. 3.) KIM
Frán	transcription	Frán	slovene	HU 22/2025 (IX. 3.) KIM
Fránc	equivalent	Ferenc	slovene	HU 22/2025 (IX. 3.) KIM
Fránc	transcription	Fránc	slovene	HU 22/2025 (IX. 3.) KIM
Fránce	equivalent	Ferenc	slovene	HU 22/2025 (IX. 3.) KIM
Fránce	transcription	Fránce	slovene	HU 22/2025 (IX. 3.) KIM
Fránciská	equivalent	Franciska	slovene	HU 22/2025 (IX. 3.) KIM
Fránciská	transcription	Fránciská	slovene	HU 22/2025 (IX. 3.) KIM
Fráncsisek	equivalent	Ferenc	slovene	HU 22/2025 (IX. 3.) KIM
Fráncsisek	transcription	Fráncsisek	slovene	HU 22/2025 (IX. 3.) KIM
Fránjá	transcription	Fránjá	slovene	HU 22/2025 (IX. 3.) KIM
Friderik	equivalent	Frigyes	slovene	HU 22/2025 (IX. 3.) KIM
Friderik	transcription	Friderik	slovene	HU 22/2025 (IX. 3.) KIM
Gál	equivalent	Gál	slovene	HU 22/2025 (IX. 3.) KIM
Gál	transcription	Gál	slovene	HU 22/2025 (IX. 3.) KIM
Gásper	equivalent	Gáspár	slovene	HU 22/2025 (IX. 3.) KIM
Gásper	transcription	Gásper	slovene	HU 22/2025 (IX. 3.) KIM
Gojko	transcription	Gojko	slovene	HU 22/2025 (IX. 3.) KIM
Gorán	transcription	Gorán	slovene	HU 22/2025 (IX. 3.) KIM
Gorázd	transcription	Gorázd	slovene	HU 22/2025 (IX. 3.) KIM
Gregá	transcription	Gregá	slovene	HU 22/2025 (IX. 3.) KIM
Gregor	equivalent	Gergely	slovene	HU 22/2025 (IX. 3.) KIM
Gregor	transcription	Gregor	slovene	HU 22/2025 (IX. 3.) KIM
Heléná	equivalent	Ilona	slovene	HU 22/2025 (IX. 3.) KIM
Heléná	transcription	Heléná	slovene	HU 22/2025 (IX. 3.) KIM
Hinko	equivalent	Henrik	slovene	HU 22/2025 (IX. 3.) KIM
Hinko	transcription	Hinko	slovene	HU 22/2025 (IX. 3.) KIM
Ignác	equivalent	Ignác	slovene	HU 22/2025 (IX. 3.) KIM
Ignác	transcription	Ignác	slovene	HU 22/2025 (IX. 3.) KIM
Igo	transcription	Igo	slovene	HU 22/2025 (IX. 3.) KIM
Iréná	equivalent	Irén	slovene	HU 22/2025 (IX. 3.) KIM
Iréná	transcription	Iréná	slovene	HU 22/2025 (IX. 3.) KIM
Iván	equivalent	Iván	slovene	HU 22/2025 (IX. 3.) KIM
Iván	transcription	Iván	slovene	HU 22/2025 (IX. 3.) KIM
Iváná	equivalent	Ivána	slovene	HU 22/2025 (IX. 3.) KIM
Iváná	transcription	Iváná	slovene	HU 22/2025 (IX. 3.) KIM
Ivánká	transcription	Ivánká	slovene	HU 22/2025 (IX. 3.) KIM
Iztok	transcription	Iztok	slovene	HU 22/2025 (IX. 3.) KIM
Jádrán	equivalent	Adrián	slovene	HU 22/2025 (IX. 3.) KIM
Jádrán	transcription	Jádrán	slovene	HU 22/2025 (IX. 3.) KIM
Jádránká	equivalent	Jádránka	slovene	HU 22/2025 (IX. 3.) KIM
Jádránká	transcription	Jádránká	slovene	HU 22/2025 (IX. 3.) KIM
Jágodá	equivalent	Eperke	slovene	HU 22/2025 (IX. 3.) KIM
Jágodá	transcription	Jágodá	slovene	HU 22/2025 (IX. 3.) KIM
Jáká	transcription	Jáká	slovene	HU 22/2025 (IX. 3.) KIM
Jákec	transcription	Jákec	slovene	HU 22/2025 (IX. 3.) KIM
Jákob	equivalent	Jákob	slovene	HU 22/2025 (IX. 3.) KIM
Jákob	transcription	Jákob	slovene	HU 22/2025 (IX. 3.) KIM
Ján	transcription	Ján	slovene	HU 22/2025 (IX. 3.) KIM
Jáná	equivalent	Jana	slovene	HU 22/2025 (IX. 3.) KIM
Jáná	transcription	Jáná	slovene	HU 22/2025 (IX. 3.) KIM
Jánez	equivalent	János	slovene	HU 22/2025 (IX. 3.) KIM
Jánez	transcription	Jánez	slovene	HU 22/2025 (IX. 3.) KIM
Jánjá	transcription	Jánjá	slovene	HU 22/2025 (IX. 3.) KIM
Jánká	equivalent	Janka	slovene	HU 22/2025 (IX. 3.) KIM
Jánká	transcription	Jánká	slovene	HU 22/2025 (IX. 3.) KIM
Jánko	transcription	Jánko	slovene	HU 22/2025 (IX. 3.) KIM
Jászná	equivalent	Klára	slovene	HU 22/2025 (IX. 3.) KIM
Jászná	transcription	Jászná	slovene	HU 22/2025 (IX. 3.) KIM
Jérá	transcription	Jérá	slovene	HU 22/2025 (IX. 3.) KIM
Jéricá	transcription	Jéricá	slovene	HU 22/2025 (IX. 3.) KIM
Jernej	equivalent	Bertalan	slovene	HU 22/2025 (IX. 3.) KIM
Jernej	transcription	Jernej	slovene	HU 22/2025 (IX. 3.) KIM
Jozse	transcription	Jozse	slovene	HU 22/2025 (IX. 3.) KIM
Jozsef	equivalent	József	slovene	HU 22/2025 (IX. 3.) KIM
Jozsef	transcription	Jozsef	slovene	HU 22/2025 (IX. 3.) KIM
Jozséfá	equivalent	Jozefa	slovene	HU 22/2025 (IX. 3.) KIM
Jozséfá	transcription	Jozséfá	slovene	HU 22/2025 (IX. 3.) KIM
Jozsicá	transcription	Jozsicá	slovene	HU 22/2025 (IX. 3.) KIM
Jure	transcription	Jure	slovene	HU 22/2025 (IX. 3.) KIM
Jurij	equivalent	György	slovene	HU 22/2025 (IX. 3.) KIM
Jurij	transcription	Jurij	slovene	HU 22/2025 (IX. 3.) KIM
Kájetán	equivalent	Kajetán	slovene	HU 22/2025 (IX. 3.) KIM
Kájetán	transcription	Kájetán	slovene	HU 22/2025 (IX. 3.) KIM
Kárel	equivalent	Károly	slovene	HU 22/2025 (IX. 3.) KIM
Kárel	transcription	Kárel	slovene	HU 22/2025 (IX. 3.) KIM
Kárlá	equivalent	Karla	slovene	HU 22/2025 (IX. 3.) KIM
Kárlá	transcription	Kárlá	slovene	HU 22/2025 (IX. 3.) KIM
Kátáriná	equivalent	Katalin	slovene	HU 22/2025 (IX. 3.) KIM
Kátáriná	transcription	Kátáriná	slovene	HU 22/2025 (IX. 3.) KIM
Ládiszláu	equivalent	László	slovene	HU 22/2025 (IX. 3.) KIM
Ládiszláu	transcription	Ládiszláu	slovene	HU 22/2025 (IX. 3.) KIM
Lénárt	equivalent	Lénárd	slovene	HU 22/2025 (IX. 3.) KIM
Lénárt	transcription	Lénárt	slovene	HU 22/2025 (IX. 3.) KIM
Lénká	equivalent	Lenke	slovene	HU 22/2025 (IX. 3.) KIM
Lénká	transcription	Lénká	slovene	HU 22/2025 (IX. 3.) KIM
Ljubá	transcription	Ljubá	slovene	HU 22/2025 (IX. 3.) KIM
Ljubomir	transcription	Ljubomir	slovene	HU 22/2025 (IX. 3.) KIM
Lojze	transcription	Lojze	slovene	HU 22/2025 (IX. 3.) KIM
Lojzká	transcription	Lojzká	slovene	HU 22/2025 (IX. 3.) KIM
Lourenc	equivalent	Lőrinc	slovene	HU 22/2025 (IX. 3.) KIM
Lourenc	transcription	Lourenc	slovene	HU 22/2025 (IX. 3.) KIM
Louro	transcription	Louro	slovene	HU 22/2025 (IX. 3.) KIM
Lucijá	equivalent	Luca	slovene	HU 22/2025 (IX. 3.) KIM
Lucijá	transcription	Lucijá	slovene	HU 22/2025 (IX. 3.) KIM
Lucská	transcription	Lucská	slovene	HU 22/2025 (IX. 3.) KIM
Luká	equivalent	Lukács	slovene	HU 22/2025 (IX. 3.) KIM
Luká	transcription	Luká	slovene	HU 22/2025 (IX. 3.) KIM
Mágdáléná	equivalent	Magdaléna	slovene	HU 22/2025 (IX. 3.) KIM
Mágdáléná	transcription	Mágdáléná	slovene	HU 22/2025 (IX. 3.) KIM
Májá	equivalent	Maja	slovene	HU 22/2025 (IX. 3.) KIM
Májá	transcription	Májá	slovene	HU 22/2025 (IX. 3.) KIM
Májdá	transcription	Májdá	slovene	HU 22/2025 (IX. 3.) KIM
Mákszim	equivalent	Maxim	slovene	HU 22/2025 (IX. 3.) KIM
Mákszim	transcription	Mákszim	slovene	HU 22/2025 (IX. 3.) KIM
Mákszimiliján	equivalent	Maximilián	slovene	HU 22/2025 (IX. 3.) KIM
Mákszimiliján	transcription	Mákszimiliján	slovene	HU 22/2025 (IX. 3.) KIM
Márijá	equivalent	Mária	slovene	HU 22/2025 (IX. 3.) KIM
Márijá	transcription	Márijá	slovene	HU 22/2025 (IX. 3.) KIM
Márján	equivalent	Marián	slovene	HU 22/2025 (IX. 3.) KIM
Márján	transcription	Márján	slovene	HU 22/2025 (IX. 3.) KIM
Márjáná	equivalent	Marianna	slovene	HU 22/2025 (IX. 3.) KIM
Márjáná	transcription	Márjáná	slovene	HU 22/2025 (IX. 3.) KIM
Márjétá	equivalent	Margit	slovene	HU 22/2025 (IX. 3.) KIM
Márjétá	transcription	Márjétá	slovene	HU 22/2025 (IX. 3.) KIM
Márk	equivalent	Márk	slovene	HU 22/2025 (IX. 3.) KIM
Márk	transcription	Márk	slovene	HU 22/2025 (IX. 3.) KIM
Márko	equivalent	Markó	slovene	HU 22/2025 (IX. 3.) KIM
Márko	transcription	Márko	slovene	HU 22/2025 (IX. 3.) KIM
Mártin	equivalent	Márton	slovene	HU 22/2025 (IX. 3.) KIM
Mártin	transcription	Mártin	slovene	HU 22/2025 (IX. 3.) KIM
Mártiná	equivalent	Martina	slovene	HU 22/2025 (IX. 3.) KIM
Mártiná	transcription	Mártiná	slovene	HU 22/2025 (IX. 3.) KIM
Mátej	equivalent	Máté	slovene	HU 22/2025 (IX. 3.) KIM
Mátej	transcription	Mátej	slovene	HU 22/2025 (IX. 3.) KIM
Mátejá	transcription	Mátejá	slovene	HU 22/2025 (IX. 3.) KIM
Mátéuzs	transcription	Mátéuzs	slovene	HU 22/2025 (IX. 3.) KIM
Mátic	transcription	Mátic	slovene	HU 22/2025 (IX. 3.) KIM
Mátijá	transcription	Mátijá	slovene	HU 22/2025 (IX. 3.) KIM
Mátjázs	equivalent	Mátyás	slovene	HU 22/2025 (IX. 3.) KIM
Mátjázs	transcription	Mátjázs	slovene	HU 22/2025 (IX. 3.) KIM
Métká	transcription	Métká	slovene	HU 22/2025 (IX. 3.) KIM
Metod	equivalent	Metód	slovene	HU 22/2025 (IX. 3.) KIM
Metod	transcription	Metod	slovene	HU 22/2025 (IX. 3.) KIM
Mihá	transcription	Mihá	slovene	HU 22/2025 (IX. 3.) KIM
Miháel	equivalent	Mihály	slovene	HU 22/2025 (IX. 3.) KIM
Miháel	transcription	Miháel	slovene	HU 22/2025 (IX. 3.) KIM
Miháélá	equivalent	Mihaéla	slovene	HU 22/2025 (IX. 3.) KIM
Miháélá	transcription	Miháélá	slovene	HU 22/2025 (IX. 3.) KIM
Milán	equivalent	Milán	slovene	HU 22/2025 (IX. 3.) KIM
Milán	transcription	Milán	slovene	HU 22/2025 (IX. 3.) KIM
Milánká	transcription	Milánká	slovene	HU 22/2025 (IX. 3.) KIM
Miléná	equivalent	Miléna	slovene	HU 22/2025 (IX. 3.) KIM
Miléná	transcription	Miléná	slovene	HU 22/2025 (IX. 3.) KIM
Milivoj	transcription	Milivoj	slovene	HU 22/2025 (IX. 3.) KIM
Milká	equivalent	Kamilla	slovene	HU 22/2025 (IX. 3.) KIM
Milká	equivalent	Milka	slovene	HU 22/2025 (IX. 3.) KIM
Milká	transcription	Milká	slovene	HU 22/2025 (IX. 3.) KIM
Milojká	transcription	Milojká	slovene	HU 22/2025 (IX. 3.) KIM
Mimicá	equivalent	Mimi	slovene	HU 22/2025 (IX. 3.) KIM
Mimicá	transcription	Mimicá	slovene	HU 22/2025 (IX. 3.) KIM
Miná	equivalent	Mina	slovene	HU 22/2025 (IX. 3.) KIM
Miná	transcription	Miná	slovene	HU 22/2025 (IX. 3.) KIM
Mirá	equivalent	Mira	slovene	HU 22/2025 (IX. 3.) KIM
Mirá	transcription	Mirá	slovene	HU 22/2025 (IX. 3.) KIM
Mirán	transcription	Mirán	slovene	HU 22/2025 (IX. 3.) KIM
Mirko	equivalent	Mirkó	slovene	HU 22/2025 (IX. 3.) KIM
Mirko	transcription	Mirko	slovene	HU 22/2025 (IX. 3.) KIM
Miroszláu	transcription	Miroszláu	slovene	HU 22/2025 (IX. 3.) KIM
Miroszlává	transcription	Miroszlává	slovene	HU 22/2025 (IX. 3.) KIM
Mitjá	transcription	Mitjá	slovene	HU 22/2025 (IX. 3.) KIM
Mláden	transcription	Mláden	slovene	HU 22/2025 (IX. 3.) KIM
Mohor	transcription	Mohor	slovene	HU 22/2025 (IX. 3.) KIM
Mojcá	transcription	Mojcá	slovene	HU 22/2025 (IX. 3.) KIM
Náce	transcription	Náce	slovene	HU 22/2025 (IX. 3.) KIM
Nádá	transcription	Nádá	slovene	HU 22/2025 (IX. 3.) KIM
Nátásá	equivalent	Natasa	slovene	HU 22/2025 (IX. 3.) KIM
Nátásá	transcription	Nátásá	slovene	HU 22/2025 (IX. 3.) KIM
Nedéljká	transcription	Nedéljká	slovene	HU 22/2025 (IX. 3.) KIM
Nedéljko	transcription	Nedéljko	slovene	HU 22/2025 (IX. 3.) KIM
Nejá	transcription	Nejá	slovene	HU 22/2025 (IX. 3.) KIM
Nejc	transcription	Nejc	slovene	HU 22/2025 (IX. 3.) KIM
Nevénká	transcription	Nevénká	slovene	HU 22/2025 (IX. 3.) KIM
Nézsá	equivalent	Ágnes	slovene	HU 22/2025 (IX. 3.) KIM
Nézsá	transcription	Nézsá	slovene	HU 22/2025 (IX. 3.) KIM
Niko	transcription	Niko	slovene	HU 22/2025 (IX. 3.) KIM
Nikoláj	equivalent	Miklós	slovene	HU 22/2025 (IX. 3.) KIM
Nikoláj	transcription	Nikoláj	slovene	HU 22/2025 (IX. 3.) KIM
Niná	equivalent	Nina	slovene	HU 22/2025 (IX. 3.) KIM
Niná	transcription	Niná	slovene	HU 22/2025 (IX. 3.) KIM
Nino	transcription	Nino	slovene	HU 22/2025 (IX. 3.) KIM
Nivesz	transcription	Nivesz	slovene	HU 22/2025 (IX. 3.) KIM
Nusá	transcription	Nusá	slovene	HU 22/2025 (IX. 3.) KIM
Oton	equivalent	Ottó	slovene	HU 22/2025 (IX. 3.) KIM
Oton	transcription	Oton	slovene	HU 22/2025 (IX. 3.) KIM
Ozsbált	equivalent	Oszvald	slovene	HU 22/2025 (IX. 3.) KIM
Ozsbált	transcription	Ozsbált	slovene	HU 22/2025 (IX. 3.) KIM
Pánkrácij	equivalent	Pongrác	slovene	HU 22/2025 (IX. 3.) KIM
Pánkrácij	transcription	Pánkrácij	slovene	HU 22/2025 (IX. 3.) KIM
Páulá	equivalent	Paula	slovene	HU 22/2025 (IX. 3.) KIM
Páulá	transcription	Páulá	slovene	HU 22/2025 (IX. 3.) KIM
Páule	transcription	Páule	slovene	HU 22/2025 (IX. 3.) KIM
Pável	equivalent	Pál	slovene	HU 22/2025 (IX. 3.) KIM
Pável	transcription	Pável	slovene	HU 22/2025 (IX. 3.) KIM
Pepcá	transcription	Pepcá	slovene	HU 22/2025 (IX. 3.) KIM
Polde	equivalent	Leopold	slovene	HU 22/2025 (IX. 3.) KIM
Polde	transcription	Polde	slovene	HU 22/2025 (IX. 3.) KIM
Poloná	transcription	Poloná	slovene	HU 22/2025 (IX. 3.) KIM
Poloncá	transcription	Poloncá	slovene	HU 22/2025 (IX. 3.) KIM
Primozs	transcription	Primozs	slovene	HU 22/2025 (IX. 3.) KIM
Rádá	transcription	Rádá	slovene	HU 22/2025 (IX. 3.) KIM
Rádo	equivalent	Radó	slovene	HU 22/2025 (IX. 3.) KIM
Rádo	transcription	Rádo	slovene	HU 22/2025 (IX. 3.) KIM
Rádován	equivalent	Radován	slovene	HU 22/2025 (IX. 3.) KIM
Rádován	transcription	Rádován	slovene	HU 22/2025 (IX. 3.) KIM
Rájko	transcription	Rájko	slovene	HU 22/2025 (IX. 3.) KIM
Rok	equivalent	Rókus	slovene	HU 22/2025 (IX. 3.) KIM
Rok	transcription	Rok	slovene	HU 22/2025 (IX. 3.) KIM
Román	equivalent	Román	slovene	HU 22/2025 (IX. 3.) KIM
Román	transcription	Román	slovene	HU 22/2025 (IX. 3.) KIM
Románá	equivalent	Romána	slovene	HU 22/2025 (IX. 3.) KIM
Románá	transcription	Románá	slovene	HU 22/2025 (IX. 3.) KIM
Rozá	equivalent	Róza	slovene	HU 22/2025 (IX. 3.) KIM
Rozá	transcription	Rozá	slovene	HU 22/2025 (IX. 3.) KIM
Rozálijá	equivalent	Rozália	slovene	HU 22/2025 (IX. 3.) KIM
Rozálijá	transcription	Rozálijá	slovene	HU 22/2025 (IX. 3.) KIM
Rúpert	equivalent	Róbert	slovene	HU 22/2025 (IX. 3.) KIM
Rúpert	transcription	Rúpert	slovene	HU 22/2025 (IX. 3.) KIM
Spélá	transcription	Spélá	slovene	HU 22/2025 (IX. 3.) KIM
Stéfán	equivalent	István	slovene	HU 22/2025 (IX. 3.) KIM
Stéfán	transcription	Stéfán	slovene	HU 22/2025 (IX. 3.) KIM
Stéfká	transcription	Stéfká	slovene	HU 22/2025 (IX. 3.) KIM
Számo	transcription	Számo	slovene	HU 22/2025 (IX. 3.) KIM
Szándrá	equivalent	Szandra	slovene	HU 22/2025 (IX. 3.) KIM
Szándrá	transcription	Szándrá	slovene	HU 22/2025 (IX. 3.) KIM
Szilvá	equivalent	Szilvia	slovene	HU 22/2025 (IX. 3.) KIM
Szilvá	transcription	Szilvá	slovene	HU 22/2025 (IX. 3.) KIM
Szilvészter	equivalent	Szilveszter	slovene	HU 22/2025 (IX. 3.) KIM
Szilvészter	transcription	Szilvészter	slovene	HU 22/2025 (IX. 3.) KIM
Szláuká	transcription	Szláuká	slovene	HU 22/2025 (IX. 3.) KIM
Szláuko	transcription	Szláuko	slovene	HU 22/2025 (IX. 3.) KIM
Szrécsko	equivalent	Félix	slovene	HU 22/2025 (IX. 3.) KIM
Szrécsko	transcription	Szrécsko	slovene	HU 22/2025 (IX. 3.) KIM
Sztániszláu	transcription	Sztániszláu	slovene	HU 22/2025 (IX. 3.) KIM
Sztániszlává	transcription	Sztániszlává	slovene	HU 22/2025 (IX. 3.) KIM
Sztánko	transcription	Sztánko	slovene	HU 22/2025 (IX. 3.) KIM
Sztoján	transcription	Sztoján	slovene	HU 22/2025 (IX. 3.) KIM
Sztojáná	transcription	Sztojáná	slovene	HU 22/2025 (IX. 3.) KIM
Szuzáná	equivalent	Zsuzsanna	slovene	HU 22/2025 (IX. 3.) KIM
Szuzáná	transcription	Szuzáná	slovene	HU 22/2025 (IX. 3.) KIM
Szvétiszláu	transcription	Szvétiszláu	slovene	HU 22/2025 (IX. 3.) KIM
Szvétká	transcription	Szvétká	slovene	HU 22/2025 (IX. 3.) KIM
Szvétko	transcription	Szvétko	slovene	HU 22/2025 (IX. 3.) KIM
Szvetláná	equivalent	Szvetlána	slovene	HU 22/2025 (IX. 3.) KIM
Szvetláná	transcription	Szvetláná	slovene	HU 22/2025 (IX. 3.) KIM
Szvétozár	transcription	Szvétozár	slovene	HU 22/2025 (IX. 3.) KIM
Tárász	transcription	Tárász	slovene	HU 22/2025 (IX. 3.) KIM
Terezijá	equivalent	Terézia	slovene	HU 22/2025 (IX. 3.) KIM
Terezijá	transcription	Terezijá	slovene	HU 22/2025 (IX. 3.) KIM
Tihomir	equivalent	Tihamér	slovene	HU 22/2025 (IX. 3.) KIM
Tihomir	transcription	Tihomir	slovene	HU 22/2025 (IX. 3.) KIM
Tiná	equivalent	Tina	slovene	HU 22/2025 (IX. 3.) KIM
Tiná	transcription	Tiná	slovene	HU 22/2025 (IX. 3.) KIM
Tine	transcription	Tine	slovene	HU 22/2025 (IX. 3.) KIM
Tinkárá	transcription	Tinkárá	slovene	HU 22/2025 (IX. 3.) KIM
Tjázs	transcription	Tjázs	slovene	HU 22/2025 (IX. 3.) KIM
Tomázs	equivalent	Tamás	slovene	HU 22/2025 (IX. 3.) KIM
Tomázs	transcription	Tomázs	slovene	HU 22/2025 (IX. 3.) KIM
Tomo	transcription	Tomo	slovene	HU 22/2025 (IX. 3.) KIM
Toncská	transcription	Toncská	slovene	HU 22/2025 (IX. 3.) KIM
Tone	transcription	Tone	slovene	HU 22/2025 (IX. 3.) KIM
Urbán	equivalent	Orbán	slovene	HU 22/2025 (IX. 3.) KIM
Urbán	transcription	Urbán	slovene	HU 22/2025 (IX. 3.) KIM
Urh	transcription	Urh	slovene	HU 22/2025 (IX. 3.) KIM
Uros	transcription	Uros	slovene	HU 22/2025 (IX. 3.) KIM
Urská	equivalent	Orsolya	slovene	HU 22/2025 (IX. 3.) KIM
Urská	transcription	Urská	slovene	HU 22/2025 (IX. 3.) KIM
Válerijá	equivalent	Valéria	slovene	HU 22/2025 (IX. 3.) KIM
Válerijá	transcription	Válerijá	slovene	HU 22/2025 (IX. 3.) KIM
Vászilij	equivalent	Bazil	slovene	HU 22/2025 (IX. 3.) KIM
Vászilij	transcription	Vászilij	slovene	HU 22/2025 (IX. 3.) KIM
Vékoszláu	transcription	Vékoszláu	slovene	HU 22/2025 (IX. 3.) KIM
Vélimir	transcription	Vélimir	slovene	HU 22/2025 (IX. 3.) KIM
Véncseszláu	transcription	Véncseszláu	slovene	HU 22/2025 (IX. 3.) KIM
Veszélko	transcription	Veszélko	slovene	HU 22/2025 (IX. 3.) KIM
Veszéuká	transcription	Veszéuká	slovene	HU 22/2025 (IX. 3.) KIM
Vészná	transcription	Vészná	slovene	HU 22/2025 (IX. 3.) KIM
Vid	equivalent	Vid	slovene	HU 22/2025 (IX. 3.) KIM
Vid	equivalent	Vitus	slovene	HU 22/2025 (IX. 3.) KIM
Vid	transcription	Vid	slovene	HU 22/2025 (IX. 3.) KIM
Vidá	transcription	Vidá	slovene	HU 22/2025 (IX. 3.) KIM
Vilko	equivalent	Vilmos	slovene	HU 22/2025 (IX. 3.) KIM
Vilko	transcription	Vilko	slovene	HU 22/2025 (IX. 3.) KIM
Vincenc	equivalent	Vince	slovene	HU 22/2025 (IX. 3.) KIM
Vincenc	transcription	Vincenc	slovene	HU 22/2025 (IX. 3.) KIM
Vinko	transcription	Vinko	slovene	HU 22/2025 (IX. 3.) KIM
Vito	transcription	Vito	slovene	HU 22/2025 (IX. 3.) KIM
Vládo	transcription	Vládo	slovene	HU 22/2025 (IX. 3.) KIM
Vlásztá	transcription	Vlásztá	slovene	HU 22/2025 (IX. 3.) KIM
Zálá	transcription	Zálá	slovene	HU 22/2025 (IX. 3.) KIM
Zdénká	equivalent	Zdenka	slovene	HU 22/2025 (IX. 3.) KIM
Zdénká	transcription	Zdénká	slovene	HU 22/2025 (IX. 3.) KIM
Zdénko	equivalent	Zdenkó	slovene	HU 22/2025 (IX. 3.) KIM
Zdénko	transcription	Zdénko	slovene	HU 22/2025 (IX. 3.) KIM
Zdráuká	transcription	Zdráuká	slovene	HU 22/2025 (IX. 3.) KIM
Zdráuko	transcription	Zdráuko	slovene	HU 22/2025 (IX. 3.) KIM
Zinká	transcription	Zinká	slovene	HU 22/2025 (IX. 3.) KIM
Zlátá	equivalent	Aranka	slovene	HU 22/2025 (IX. 3.) KIM
Zlátá	transcription	Zlátá	slovene	HU 22/2025 (IX. 3.) KIM
Zlátko	equivalent	Aurél	slovene	HU 22/2025 (IX. 3.) KIM
Zlátko	transcription	Zlátko	slovene	HU 22/2025 (IX. 3.) KIM
Zmágá	equivalent	Viktória	slovene	HU 22/2025 (IX. 3.) KIM
Zmágá	transcription	Zmágá	slovene	HU 22/2025 (IX. 3.) KIM
Zmágo	equivalent	Győző	slovene	HU 22/2025 (IX. 3.) KIM
Zmágo	transcription	Zmágo	slovene	HU 22/2025 (IX. 3.) KIM
Zorko	transcription	Zorko	slovene	HU 22/2025 (IX. 3.) KIM
Zsárko	transcription	Zsárko	slovene	HU 22/2025 (IX. 3.) KIM
Zseljko	transcription	Zseljko	slovene	HU 22/2025 (IX. 3.) KIM
Zsiuko	transcription	Zsiuko	slovene	HU 22/2025 (IX. 3.) KIM
Zsivá	transcription	Zsivá	slovene	HU 22/2025 (IX. 3.) KIM
Zvézda	transcription	Zvézda	slovene	HU 22/2025 (IX. 3.) KIM
Zvonka	transcription	Zvonka	slovene	HU 22/2025 (IX. 3.) KIM
Zvonko	transcription	Zvonko	slovene	HU 22/2025 (IX. 3.) KIM
Ada	equivalent	Ada	ukrainian	HU 23/2025 (IX. 3.) KIM
Adám	equivalent	Ádám	ukrainian	HU 23/2025 (IX. 3.) KIM
Adrián	equivalent	Adrián	ukrainian	HU 23/2025 (IX. 3.) KIM
Adriána	equivalent	Adriána	ukrainian	HU 23/2025 (IX. 3.) KIM
Adriján	equivalent	Adrián	ukrainian	HU 23/2025 (IX. 3.) KIM
Aháfia	equivalent	Agáta	ukrainian	HU 23/2025 (IX. 3.) KIM
Aháfja	equivalent	Agáta	ukrainian	HU 23/2025 (IX. 3.) KIM
Alina	equivalent	Alina	ukrainian	HU 23/2025 (IX. 3.) KIM
Amvroszij	equivalent	Ambrus	ukrainian	HU 23/2025 (IX. 3.) KIM
Anasztaszíja	transcription	Anasztázia	ukrainian	HU 23/2025 (IX. 3.) KIM
Anatol	equivalent	Anatol	ukrainian	HU 23/2025 (IX. 3.) KIM
Anatolij	equivalent	Anatol	ukrainian	HU 23/2025 (IX. 3.) KIM
Andriána	equivalent	Adriána	ukrainian	HU 23/2025 (IX. 3.) KIM
Andríj	equivalent	András	ukrainian	HU 23/2025 (IX. 3.) KIM
Anhelina	equivalent	Angelina	ukrainian	HU 23/2025 (IX. 3.) KIM
Anna	equivalent	Anna	ukrainian	HU 23/2025 (IX. 3.) KIM
Antin	equivalent	Antal	ukrainian	HU 23/2025 (IX. 3.) KIM
Anton	equivalent	Antal	ukrainian	HU 23/2025 (IX. 3.) KIM
Ariadna	equivalent	Ariadné	ukrainian	HU 23/2025 (IX. 3.) KIM
Arkádij	equivalent	Árkád	ukrainian	HU 23/2025 (IX. 3.) KIM
Arszen	transcription	Apcehiй	ukrainian	HU 23/2025 (IX. 3.) KIM
Arszenyij	transcription	Apcehiй	ukrainian	HU 23/2025 (IX. 3.) KIM
Artem	equivalent	Artemon	ukrainian	HU 23/2025 (IX. 3.) KIM
Artem	transcription	Aptemій	ukrainian	HU 23/2025 (IX. 3.) KIM
Artemij	equivalent	Artemon	ukrainian	HU 23/2025 (IX. 3.) KIM
Artemij	transcription	Aptemій	ukrainian	HU 23/2025 (IX. 3.) KIM
Bogdán	equivalent	Bogdán	ukrainian	HU 23/2025 (IX. 3.) KIM
Bohdán	equivalent	Bogdán	ukrainian	HU 23/2025 (IX. 3.) KIM
Borisz	equivalent	Borisz	ukrainian	HU 23/2025 (IX. 3.) KIM
Danilo	equivalent	Dániel	ukrainian	HU 23/2025 (IX. 3.) KIM
Dárij	equivalent	Dárius	ukrainian	HU 23/2025 (IX. 3.) KIM
Dárija	equivalent	Dária	ukrainian	HU 23/2025 (IX. 3.) KIM
Darina	equivalent	Darina	ukrainian	HU 23/2025 (IX. 3.) KIM
Demid	equivalent	Dioméd	ukrainian	HU 23/2025 (IX. 3.) KIM
Demján	equivalent	Daniján	ukrainian	HU 23/2025 (IX. 3.) KIM
Denísz	equivalent	Dénes	ukrainian	HU 23/2025 (IX. 3.) KIM
Diána	equivalent	Diána	ukrainian	HU 23/2025 (IX. 3.) KIM
Dína	equivalent	Dina	ukrainian	HU 23/2025 (IX. 3.) KIM
Dmitró	equivalent	Demeter	ukrainian	HU 23/2025 (IX. 3.) KIM
Emil	equivalent	Emil	ukrainian	HU 23/2025 (IX. 3.) KIM
Emília	equivalent	Emília	ukrainian	HU 23/2025 (IX. 3.) KIM
Emílija	equivalent	Emília	ukrainian	HU 23/2025 (IX. 3.) KIM
Eva	equivalent	Éva	ukrainian	HU 23/2025 (IX. 3.) KIM
Evhenija	equivalent	Eugénia	ukrainian	HU 23/2025 (IX. 3.) KIM
Galina	equivalent	Galina	ukrainian	HU 23/2025 (IX. 3.) KIM
Georgij	equivalent	György	ukrainian	HU 23/2025 (IX. 3.) KIM
Gyína	equivalent	Dina	ukrainian	HU 23/2025 (IX. 3.) KIM
Hafía	equivalent	Agáta	ukrainian	HU 23/2025 (IX. 3.) KIM
Hafíja	equivalent	Agáta	ukrainian	HU 23/2025 (IX. 3.) KIM
Halina	equivalent	Galina	ukrainian	HU 23/2025 (IX. 3.) KIM
Hanna	equivalent	Hanna	ukrainian	HU 23/2025 (IX. 3.) KIM
Haraszim	equivalent	Geraszim	ukrainian	HU 23/2025 (IX. 3.) KIM
Havrilo	equivalent	Gábor	ukrainian	HU 23/2025 (IX. 3.) KIM
Havrilo	equivalent	Gábriel	ukrainian	HU 23/2025 (IX. 3.) KIM
Heraszim	equivalent	Geraszim	ukrainian	HU 23/2025 (IX. 3.) KIM
Hlib	equivalent	Gotlib	ukrainian	HU 23/2025 (IX. 3.) KIM
Hnat	equivalent	Ignác	ukrainian	HU 23/2025 (IX. 3.) KIM
Horgyij	equivalent	Gordiusz	ukrainian	HU 23/2025 (IX. 3.) KIM
Horpína	equivalent	Agrippína	ukrainian	HU 23/2025 (IX. 3.) KIM
Hrihir	equivalent	Gergely	ukrainian	HU 23/2025 (IX. 3.) KIM
Hrihorij	equivalent	Gergely	ukrainian	HU 23/2025 (IX. 3.) KIM
Hrisztiján	equivalent	Krisztián	ukrainian	HU 23/2025 (IX. 3.) KIM
Hrisztina	equivalent	Krisztina	ukrainian	HU 23/2025 (IX. 3.) KIM
Ígor	equivalent	Igor	ukrainian	HU 23/2025 (IX. 3.) KIM
Ihnat	equivalent	Ignác	ukrainian	HU 23/2025 (IX. 3.) KIM
Ihnát	equivalent	Ignác	ukrainian	HU 23/2025 (IX. 3.) KIM
Íhor	equivalent	Igor	ukrainian	HU 23/2025 (IX. 3.) KIM
Ilarion	equivalent	Ilárion	ukrainian	HU 23/2025 (IX. 3.) KIM
Illja	equivalent	Illés	ukrainian	HU 23/2025 (IX. 3.) KIM
Irina	equivalent	Irén	ukrainian	HU 23/2025 (IX. 3.) KIM
Iván	equivalent	Iván	ukrainian	HU 23/2025 (IX. 3.) KIM
Iván	equivalent	János	ukrainian	HU 23/2025 (IX. 3.) KIM
Ivánná	equivalent	Ivána	ukrainian	HU 23/2025 (IX. 3.) KIM
Jakim	equivalent	Joakim	ukrainian	HU 23/2025 (IX. 3.) KIM
Jákiv	equivalent	Jakab	ukrainian	HU 23/2025 (IX. 3.) KIM
Jákiv	equivalent	Jákob	ukrainian	HU 23/2025 (IX. 3.) KIM
Jarema	equivalent	Jeremiás	ukrainian	HU 23/2025 (IX. 3.) KIM
Jarina	equivalent	Irén	ukrainian	HU 23/2025 (IX. 3.) KIM
Jelizaveta	equivalent	Erzsébet	ukrainian	HU 23/2025 (IX. 3.) KIM
Jeva	equivalent	Éva	ukrainian	HU 23/2025 (IX. 3.) KIM
Jevhen	equivalent	Eugén	ukrainian	HU 23/2025 (IX. 3.) KIM
Jevhen	equivalent	Ödön	ukrainian	HU 23/2025 (IX. 3.) KIM
Jevhenija	equivalent	Eugénia	ukrainian	HU 23/2025 (IX. 3.) KIM
Joszip	equivalent	József	ukrainian	HU 23/2025 (IX. 3.) KIM
Júlia	equivalent	Júlia	ukrainian	HU 23/2025 (IX. 3.) KIM
Julián	equivalent	Julián	ukrainian	HU 23/2025 (IX. 3.) KIM
Julija	equivalent	Júlia	ukrainian	HU 23/2025 (IX. 3.) KIM
Jurij	equivalent	György	ukrainian	HU 23/2025 (IX. 3.) KIM
Kaszján	equivalent	Kasszián	ukrainian	HU 23/2025 (IX. 3.) KIM
Katerina	equivalent	Katalin	ukrainian	HU 23/2025 (IX. 3.) KIM
Kirilo	equivalent	Cirill	ukrainian	HU 23/2025 (IX. 3.) KIM
Klára	equivalent	Klára	ukrainian	HU 23/2025 (IX. 3.) KIM
Klávdija	equivalent	Klaudia	ukrainian	HU 23/2025 (IX. 3.) KIM
Klimentyij	equivalent	Kelemen	ukrainian	HU 23/2025 (IX. 3.) KIM
Kosztyantin	equivalent	Konstantin	ukrainian	HU 23/2025 (IX. 3.) KIM
Kszenija	equivalent	Xénia	ukrainian	HU 23/2025 (IX. 3.) KIM
Kuzjma	equivalent	Kozma	ukrainian	HU 23/2025 (IX. 3.) KIM
Larion	equivalent	Ilárion	ukrainian	HU 23/2025 (IX. 3.) KIM
Larisza	equivalent	Larissza	ukrainian	HU 23/2025 (IX. 3.) KIM
Lavrín	equivalent	Laurent	ukrainian	HU 23/2025 (IX. 3.) KIM
Leontij	equivalent	Leon	ukrainian	HU 23/2025 (IX. 3.) KIM
Leontyij	equivalent	Leon	ukrainian	HU 23/2025 (IX. 3.) KIM
Leszj	equivalent	Alexander	ukrainian	HU 23/2025 (IX. 3.) KIM
Leszj	equivalent	Sándor	ukrainian	HU 23/2025 (IX. 3.) KIM
Lev	equivalent	Leó	ukrainian	HU 23/2025 (IX. 3.) KIM
Lídija	equivalent	Lídia	ukrainian	HU 23/2025 (IX. 3.) KIM
Liliána	equivalent	Liliána	ukrainian	HU 23/2025 (IX. 3.) KIM
Lina	equivalent	Lina	ukrainian	HU 23/2025 (IX. 3.) KIM
Makár	equivalent	Makár	ukrainian	HU 23/2025 (IX. 3.) KIM
Makszim	equivalent	Maxim	ukrainian	HU 23/2025 (IX. 3.) KIM
Malanka	equivalent	Melánia	ukrainian	HU 23/2025 (IX. 3.) KIM
Malánka	equivalent	Melánia	ukrainian	HU 23/2025 (IX. 3.) KIM
Márfa	equivalent	Márta	ukrainian	HU 23/2025 (IX. 3.) KIM
Marharita	equivalent	Margit	ukrainian	HU 23/2025 (IX. 3.) KIM
Marián	equivalent	Marián	ukrainian	HU 23/2025 (IX. 3.) KIM
Marián	transcription	Map'ян	ukrainian	HU 23/2025 (IX. 3.) KIM
Marja	equivalent	Mária	ukrainian	HU 23/2025 (IX. 3.) KIM
Marján	equivalent	Marián	ukrainian	HU 23/2025 (IX. 3.) KIM
Marján	transcription	Map'ян	ukrainian	HU 23/2025 (IX. 3.) KIM
Marjána	equivalent	Marianna	ukrainian	HU 23/2025 (IX. 3.) KIM
Marko	equivalent	Markó	ukrainian	HU 23/2025 (IX. 3.) KIM
Márta	equivalent	Márta	ukrainian	HU 23/2025 (IX. 3.) KIM
Martin	equivalent	Márton	ukrainian	HU 23/2025 (IX. 3.) KIM
Matvíj	equivalent	Máté	ukrainian	HU 23/2025 (IX. 3.) KIM
Mavra	equivalent	Maura	ukrainian	HU 23/2025 (IX. 3.) KIM
Mefogyij	equivalent	Metód	ukrainian	HU 23/2025 (IX. 3.) KIM
Melánija	equivalent	Melánia	ukrainian	HU 23/2025 (IX. 3.) KIM
Mihajlo	equivalent	Mihály	ukrainian	HU 23/2025 (IX. 3.) KIM
Mikita	equivalent	Nikétász	ukrainian	HU 23/2025 (IX. 3.) KIM
Mikola	equivalent	Miklós	ukrainian	HU 23/2025 (IX. 3.) KIM
Miron	equivalent	Miron	ukrainian	HU 23/2025 (IX. 3.) KIM
Muszíj	equivalent	Mózes	ukrainian	HU 23/2025 (IX. 3.) KIM
Nasztaszíja	equivalent	Anasztázia	ukrainian	HU 23/2025 (IX. 3.) KIM
Nasztaszíja	transcription	Anasztázia	ukrainian	HU 23/2025 (IX. 3.) KIM
Natália	equivalent	Natália	ukrainian	HU 23/2025 (IX. 3.) KIM
Natálija	equivalent	Natália	ukrainian	HU 23/2025 (IX. 3.) KIM
Nesztir	equivalent	Nesztor	ukrainian	HU 23/2025 (IX. 3.) KIM
Nesztyir	equivalent	Nesztor	ukrainian	HU 23/2025 (IX. 3.) KIM
Nika	equivalent	Niké	ukrainian	HU 23/2025 (IX. 3.) KIM
Nyika	equivalent	Niké	ukrainian	HU 23/2025 (IX. 3.) KIM
Odarina	equivalent	Odarina	ukrainian	HU 23/2025 (IX. 3.) KIM
Okszána	equivalent	Oxána	ukrainian	HU 23/2025 (IX. 3.) KIM
Oleksza	equivalent	Alex	ukrainian	HU 23/2025 (IX. 3.) KIM
Olekszándr	equivalent	Alexander	ukrainian	HU 23/2025 (IX. 3.) KIM
Olekszándr	equivalent	Sándor	ukrainian	HU 23/2025 (IX. 3.) KIM
Olekszíj	equivalent	Alex	ukrainian	HU 23/2025 (IX. 3.) KIM
Olena	equivalent	Heléna	ukrainian	HU 23/2025 (IX. 3.) KIM
Olena	equivalent	Ilona	ukrainian	HU 23/2025 (IX. 3.) KIM
Oleszj	equivalent	Alexander	ukrainian	HU 23/2025 (IX. 3.) KIM
Oleszj	equivalent	Sándor	ukrainian	HU 23/2025 (IX. 3.) KIM
Oleszja	equivalent	Alexandra	ukrainian	HU 23/2025 (IX. 3.) KIM
Olga	equivalent	Helga	ukrainian	HU 23/2025 (IX. 3.) KIM
Olga	equivalent	Olga	ukrainian	HU 23/2025 (IX. 3.) KIM
Olha	equivalent	Helga	ukrainian	HU 23/2025 (IX. 3.) KIM
Olha	equivalent	Olga	ukrainian	HU 23/2025 (IX. 3.) KIM
Pavla	equivalent	Paula	ukrainian	HU 23/2025 (IX. 3.) KIM
Pavló	equivalent	Pál	ukrainian	HU 23/2025 (IX. 3.) KIM
Petró	equivalent	Péter	ukrainian	HU 23/2025 (IX. 3.) KIM
Pilip	equivalent	Fülöp	ukrainian	HU 23/2025 (IX. 3.) KIM
Platón	equivalent	Platón	ukrainian	HU 23/2025 (IX. 3.) KIM
Polikárp	equivalent	Polikárp	ukrainian	HU 23/2025 (IX. 3.) KIM
Polina	equivalent	Polina	ukrainian	HU 23/2025 (IX. 3.) KIM
Prohor	equivalent	_	ukrainian	HU 23/2025 (IX. 3.) KIM
Rogyion	equivalent	Rodion	ukrainian	HU 23/2025 (IX. 3.) KIM
Rokszána	equivalent	Roxána	ukrainian	HU 23/2025 (IX. 3.) KIM
Román	equivalent	Román	ukrainian	HU 23/2025 (IX. 3.) KIM
Szamíjlo	equivalent	Sámuel	ukrainian	HU 23/2025 (IX. 3.) KIM
Szemen	equivalent	Simeon	ukrainian	HU 23/2025 (IX. 3.) KIM
Szevasztyán	equivalent	Sebestyén	ukrainian	HU 23/2025 (IX. 3.) KIM
Szidir	equivalent	Izidor	ukrainian	HU 23/2025 (IX. 3.) KIM
Szofía	equivalent	Zsófia	ukrainian	HU 23/2025 (IX. 3.) KIM
Szofíja	equivalent	Zsófia	ukrainian	HU 23/2025 (IX. 3.) KIM
Szolomíja	equivalent	Szalómé	ukrainian	HU 23/2025 (IX. 3.) KIM
Sztepán	equivalent	István	ukrainian	HU 23/2025 (IX. 3.) KIM
Sztepán	equivalent	Stefán	ukrainian	HU 23/2025 (IX. 3.) KIM
Tadej	equivalent	Tádé	ukrainian	HU 23/2025 (IX. 3.) KIM
Tamara	equivalent	Tamara	ukrainian	HU 23/2025 (IX. 3.) KIM
Tarász	equivalent	Taráz	ukrainian	HU 23/2025 (IX. 3.) KIM
Timofíj	equivalent	Timót	ukrainian	HU 23/2025 (IX. 3.) KIM
Timofíj	equivalent	Timóteusz	ukrainian	HU 23/2025 (IX. 3.) KIM
Todóra	equivalent	Teodóra	ukrainian	HU 23/2025 (IX. 3.) KIM
Uljána	equivalent	Juliána	ukrainian	HU 23/2025 (IX. 3.) KIM
Usztim	equivalent	Jusztin	ukrainian	HU 23/2025 (IX. 3.) KIM
Usztina	equivalent	Jusztina	ukrainian	HU 23/2025 (IX. 3.) KIM
Valentin	equivalent	Bálint	ukrainian	HU 23/2025 (IX. 3.) KIM
Valentina	equivalent	Valentina	ukrainian	HU 23/2025 (IX. 3.) KIM
Valéria	equivalent	Valéria	ukrainian	HU 23/2025 (IX. 3.) KIM
Valerij	equivalent	Valér	ukrainian	HU 23/2025 (IX. 3.) KIM
Valerija	equivalent	Valéria	ukrainian	HU 23/2025 (IX. 3.) KIM
Varfolomíj	equivalent	Bartolómeó	ukrainian	HU 23/2025 (IX. 3.) KIM
Varvara	equivalent	Barbara	ukrainian	HU 23/2025 (IX. 3.) KIM
Varvara	equivalent	Borbála	ukrainian	HU 23/2025 (IX. 3.) KIM
Vaszil	equivalent	Bazil	ukrainian	HU 23/2025 (IX. 3.) KIM
Veronika	equivalent	Veronika	ukrainian	HU 23/2025 (IX. 3.) KIM
Veronyika	equivalent	Veronika	ukrainian	HU 23/2025 (IX. 3.) KIM
Viktor	equivalent	Viktor	ukrainian	HU 23/2025 (IX. 3.) KIM
Viktórija	equivalent	Viktória	ukrainian	HU 23/2025 (IX. 3.) KIM
Víra	equivalent	Vera	ukrainian	HU 23/2025 (IX. 3.) KIM
Víta	equivalent	Vita	ukrainian	HU 23/2025 (IX. 3.) KIM
Vitálij	equivalent	Vitális	ukrainian	HU 23/2025 (IX. 3.) KIM
Vladiszláv	transcription	László	ukrainian	HU 23/2025 (IX. 3.) KIM
Vlász	equivalent	Balázs	ukrainian	HU 23/2025 (IX. 3.) KIM
Volodimir	equivalent	Vlagyimir	ukrainian	HU 23/2025 (IX. 3.) KIM
Volodiszláv	transcription	László	ukrainian	HU 23/2025 (IX. 3.) KIM
Zahár	equivalent	Zakariás	ukrainian	HU 23/2025 (IX. 3.) KIM
Zinaida	equivalent	Zinaida	ukrainian	HU 23/2025 (IX. 3.) KIM
Zinajida	equivalent	Zinaida	ukrainian	HU 23/2025 (IX. 3.) KIM
Zója	equivalent	Zója	ukrainian	HU 23/2025 (IX. 3.) KIM
Zorján	equivalent	Zorán	ukrainian	HU 23/2025 (IX. 3.) KIM
