name	sex	ease	culture	language	religions	meaning	layers	new_to_site	texts	source
Abtin	b	1	Persian	Persian			shahnameh	0	Shahnameh	In Ferdowsi's Shahnameh (Abtin, character in Shahnama; first in Shahnameh, ضحاک, بخش ۴ - زاده شدن فریدون، کشته شدن پدرش و پرورش او با شیر گاو برمایه, bayt 12). Written آبتین.
Afrasiab	b	1	Persian	Persian			shahnameh	0	Shahnameh	In Ferdowsi's Shahnameh (Afrasiab, mythical character in Shahnameh; first in Shahnameh, پادشاهی نوذر, بخش ۲, bayt 9). Written افراسیاب.
Afrasiyab	b	1	Persian	Persian			persian	0		A Persian name from Middle Persian frāsiyāb (Wiktionary). Written افراسیاب.
Afsaneh	g	1	Persian	Persian		tale, story, fable, legend, myth	persian	0		A Persian name from Middle Persian afsānag (Wiktionary). Written افسانه.
Afshin	b	1	Persian	Persian			persian	0		A Persian name from Bactrian (Wiktionary). Written افشین.
Ahu	g	1	Persian	Persian		gazelle	persian	0		A Persian name from Middle Persian āhūg (Wiktionary). Written آهو.
Ahura	b	1	Persian	Persian			persian	0		A Persian name from Avestan ahura (Wiktionary). Written اهورا.
Akhtar	e	1	Persian	Persian			persian	0		A Persian name from Middle Persian axtar (Wiktionary). Written اختر.
Alaleh	g	1	Persian	Persian		buttercup	persian	0		A Persian word used as a name; Wiktionary gives no older source and no foreign one. Written آلاله.
Amru	b	1	Iranian	Avestan	Zoroastrian		avesta	0	Avesta	Used in ancient Iran: a faithful man, honoured in the Avesta's Fravardin Yasht, Yasht 13.109; Darmesteter's translation.
Anahita	g	1	Persian	Persian			persian	0		A Persian name from Old Persian (Wiktionary). Written آناهیتا.
Anousheh	b	1	Persian	Persian		immortal	persian	0		A Persian name from Middle Persian anōšag (Wiktionary). Written انوشه.
Ara	b	1	Iranian	Avestan	Zoroastrian		avesta	0	Avesta	Used in ancient Iran: a faithful man, named as a father, honoured in the Avesta's Fravardin Yasht, Yasht 13.110 (Avestan text: arahe); Darmesteter's translation.
Aram	b	1	Persian	Persian		quiet, calm, tranquil, relaxed	persian	0		A Persian name from an older Iranian language (Wiktionary). Written آرام.
Arash	b	1	Persian	Persian			shahnameh	0	Shahnameh	In Ferdowsi's Shahnameh (Arash, heroic archer-figure of Iranian mythology; first in Shahnameh, کیقباد, بخش ۵, bayt 17). Written آرش.
Ardasher	b	1	Persian	Middle Persian			pal	0		Used in ancient Iran: a given name. Middle Persian Ardaxšahr (Wiktionary).
Ardashir	b	1	Iranian	Parthian			xpr	0		Used in ancient Iran: Ardashir I, founder of the Sassanid Empire (r. 224–242) (Wikidata Q371319). Parthian Ardaxšahr (Wiktionary). Written اردشیر.
Ardeshir	b	1	Persian	Persian			persian,shahnameh	0	Shahnameh	Used in ancient Iran: Ardashir I, founder of the Sassanid Empire (r. 224–242) (Wikidata Q371319). A Persian name from Middle Persian Ardaxšīr (Wiktionary). In Ferdowsi's Shahnameh (Ardeshir, founder of the Sassanid Empire (r. 224–242)). Written اردشیر.
Arezoo	g	1	Persian	Persian		desire	persian	0		A Persian name from Middle Persian ārzōg (Wiktionary). Written آرزو.
Arman	b	1	Persian	Persian		ideal, will, goal	persian	0		A Persian name from an older Iranian language (Wiktionary). Written آرمان.
Armayel	b	1	Persian	Persian			shahnameh	0	Shahnameh	In Ferdowsi's Shahnameh (Armayel; first in Shahnameh, ضحاک, بخش ۲ - ارمایل و گرمایل و رهانیدن قربانیان مارهای مغزخوار روییده بر دوش ضحاک, bayt 5). Written ارمایل.
Armin	b	1	Persian	Persian			persian	0		A Persian name from Middle Persian byarš (Wiktionary). Written آرمین.
Arsames	b	1	Persian	Old Persian			peo	0		Used in ancient Iran: Arsames, ancient Persian prince (Wikidata Q11906699). Old Persian R̥šāma (Wiktionary). Written آرشام.
Arshak	b	1	Iranian	Parthian			xpr	0		Used in ancient Iran: a given name. Parthian Aršak (Wiktionary).
Arsham	b	1	Persian	Persian			persian	0		Used in ancient Iran: Arsames, ancient Persian prince (Wikidata Q11906699). A Persian name from Old Persian (Wiktionary). Written آرشام.
Arshan	b	1	Iranian	Avestan	Zoroastrian		avesta	0	Avesta	Used in ancient Iran: a faithful man, honoured in the Avesta's Fravardin Yasht, Yasht 13.132 (Avestan text: arshnô); Darmesteter's translation.
Arshya	b	1	Iranian	Avestan	Zoroastrian		avesta	0	Avesta	Used in ancient Iran: a faithful man, honoured in the Avesta's Fravardin Yasht, Yasht 13.108 (Avestan text: arshyehe); Darmesteter's translation.
Aryan	b	1	Persian	Persian			persian	0		A Persian name from an older Iranian language (Wiktionary). Written آریان.
Ashkan	b	1	Persian	Persian			persian	0		A Persian name from Middle Persian Aškān (Wiktionary). Written اشکان.
Ava	g	1	Persian	Persian		sound	persian	0		A Persian name from Middle Persian (Wiktionary). Written آوا.
Ayuta	b	1	Iranian	Avestan	Zoroastrian		avesta	0	Avesta	Used in ancient Iran: a faithful man, honoured in the Avesta's Fravardin Yasht, Yasht 13.118 (Avestan text: âyûtahe); Darmesteter's translation.
Azadeh	g	1	Persian	Persian			shahnameh	0	Shahnameh	In Ferdowsi's Shahnameh (Azadeh, slave-girl harpist in Persian literature). Written آزاده.
Azar	g	1	Persian	Persian			persian	0		A Persian name from Middle Persian ādur (Wiktionary). Written آذر.
Azata	b	1	Iranian	Avestan	Zoroastrian		avesta	0	Avesta	Used in ancient Iran: a faithful man, son of Karesna, honoured in the Avesta's Fravardin Yasht, Yasht 13.108 (Avestan text: âzâtahe); Darmesteter's translation.
Babak	b	1	Persian	Persian		a little father	persian	0		A Persian name from Middle Persian Pābag (Wiktionary). Written بابک.
Bahar	g	1	Persian	Persian		spring	persian	0		A Persian name from Middle Persian wahār (Wiktionary). Written بهار.
Bahman	b	1	Persian	Persian			persian,shahnameh	0	Shahnameh	A Persian name from Middle Persian wahman (Wiktionary). In Ferdowsi's Shahnameh (Bahman). Written بهمن.
Bahram	b	1	Persian	Persian			persian,shahnameh	0	Shahnameh	Used in ancient Iran: Bahram I, The fourth Sasanian emperor (271–274) (Wikidata Q310215). A Persian name from Middle Persian Wahrām (Wiktionary). In Ferdowsi's Shahnameh (Bahram, The 15th Sassanid Emperor (421–438)). Written بهرام.
Bamdad	b	1	Persian	Persian		dawn, morning	persian	0		A Persian name from Middle Persian bāmdād (Wiktionary). Written بامداد.
Banu	g	1	Persian	Persian		lady	persian	0		A Persian name from Middle Persian bʾnwk' (Wiktionary). Written بانو.
Baran	g	1	Persian	Persian		rain	persian	0		A Persian name from Middle Persian wārān (Wiktionary). Written باران.
Barbad	b	1	Persian	Persian			shahnameh	0	Shahnameh	In Ferdowsi's Shahnameh (Barbad, Persian musician; first in Shahnameh, پادشاهی خسرو پرویز, بخش ۷۰, bayt 2). Written باربد.
Bardiya	b	1	Persian	Old Persian			peo	0		Used in ancient Iran: Bardiya, Son of Cyrus the Great (died c. 522 BC) (Wikidata Q242267). Old Persian Br̥diya (Wiktionary). Written بردیا.
Behafarid	b	1	Persian	Persian			persian	0		A Persian name from Middle Persian (Wiktionary). Written به‌آفرید.
Bijan	b	1	Persian	Persian			persian,shahnameh	0	Shahnameh	A Persian name from Parthian (Wiktionary). In Ferdowsi's Shahnameh (Bijan; first in Shahnameh, داستان سیاوش, بخش ۱۷, bayt 43). Written بیژن.
Bizhan	b	1	Persian	Persian			shahnameh	0	Shahnameh	In Ferdowsi's Shahnameh (Bizhan, one of the main Iranian heroes in the Shahnameh; first in Shahnameh, داستان سیاوش, بخش ۱۷, bayt 43). Written بیژن.
Chakavak	g	1	Persian	Persian		skylark, lark	persian	0		A Persian name from Middle Persian (Wiktionary). Written چکاوک.
Cyrus	b	1	Persian	Old Persian			english,peo	0		Used in ancient Iran: Cyrus the Great, founder of the Achaemenid Empire (559–529 BC) (Wikidata Q8423). Old Persian Kuruš (Wiktionary); origin disputed (Wiktionary names an Elamite theory). Written کوروش.
Dadmeh	b	1	Persian	Persian			persian	1		A Persian name from Middle Persian (Wiktionary). Written دادمه.
Dana	g	1	Persian	Persian		wise	persian	0		A Persian name from Middle Persian dānāg (Wiktionary). Written دانا.
Dara	b	1	Persian	Persian			shahnameh	0	Shahnameh	In Ferdowsi's Shahnameh (Dara). Written دارا.
Darius	b	1	Persian	Old Persian			english,peo	0		Used in ancient Iran: Darius I, The fourth and greatest Achaemenid emperor (522–486 BC) (Wikidata Q44387). Old Persian Dārayavauš (Wiktionary). Written داریوش.
Darya	g	1	Persian	Persian		sea; ocean	persian	0		A Persian name from Middle Persian drayāb (Wiktionary). Written دریا.
Daryush	b	1	Persian	Persian			persian	0		Used in ancient Iran: Darius I, The fourth and greatest Achaemenid emperor (522–486 BC) (Wikidata Q44387). A Persian name from Old Persian Dārayavaʰuš (Wiktionary). Written داریوش.
Dastan	b	1	Persian	Persian			shahnameh	0	Shahnameh	In Ferdowsi's Shahnameh (Dastan, legendary Iranian King). Written دستان.
Faramarz	b	1	Persian	Persian			shahnameh	0	Shahnameh	In Ferdowsi's Shahnameh (Faramarz, son of Rostam; first in Shahnameh, داستان سیاوش, بخش ۱۴, bayt 47). Written فرامرز.
Faranak	g	1	Persian	Persian			persian,shahnameh	0	Shahnameh	A Persian name from Middle Persian parwānag (Wiktionary). In Ferdowsi's Shahnameh (Faranak, fictional character in the Shahnameh; first in Shahnameh, ضحاک, بخش ۴ - زاده شدن فریدون، کشته شدن پدرش و پرورش او با شیر گاو برمایه, bayt 17). Written فرانک.
Farangis	g	1	Persian	Persian			shahnameh	0	Shahnameh	In Ferdowsi's Shahnameh (Farangis, female character in the Persian epic Shahnameh; first in Shahnameh, داستان سیاوش, بخش ۹, bayt 250). Written فرنگیس.
Faredun	b	1	Persian	Persian			persian	1		A Persian name from Middle Persian Frēdōn (Wiktionary). Written فریدون.
Farhad	b	1	Persian	Persian			persian,shahnameh	0	Shahnameh	Used in ancient Iran: Phraates I of Parthia, 2nd century BC Parthian king (Wikidata Q320029). A Persian name from Parthian frahāt (Wiktionary). In Ferdowsi's Shahnameh (Farhad, mythical Iranian character; first in Shahnameh, پادشاهی کی‌کاووس و رفتن او به مازندران, بخش ۱۱, bayt 62). Written فرهاد.
Fariba	g	1	Persian	Persian		charming; seductive	persian	0		A Persian name from Middle Persian (Wiktionary). Written فریبا.
Farinam	b	1	Persian	Persian			persian	1		A Persian name from Parthian frihnām (Wiktionary). Written فرینام.
Farivar	b	1	Persian	Persian		righteous	persian	0		A Persian word used as a name; Wiktionary gives no older source and no foreign one. Written فریور.
Fariyan	b	1	Persian	Persian			persian	1		A Persian name from Parthian fryān (Wiktionary). Written فریان.
Fariyane	g	1	Persian	Persian			persian	1		A Persian name from Parthian fryānag (Wiktionary). Written فریانه.
Farud	b	1	Persian	Persian			shahnameh	0	Shahnameh	In Ferdowsi's Shahnameh (Farud; first in Shahnameh, آغاز کتاب, بخش ۳ - گفتار اَندر آفرینشِ عالم, bayt 17). Written فرود.
Farzaneh	g	1	Persian	Persian			persian	0		A Persian name from Middle Persian frazānag (Wiktionary). Written فرزانه.
Fereshteh	g	1	Persian	Persian		angel	persian	0		A Persian name from Middle Persian frēstag (Wiktionary). Written فرشته.
Fereydun	b	1	Persian	Persian			shahnameh	0	Shahnameh	In Ferdowsi's Shahnameh (Fereydun, Iranian mythical king and hero from the Pishdadian dynasty; first in Shahnameh, ضحاک, بخش ۳ - کابوس ضحاک و پیشبینی موبدان برآمدن فریدون را, bayt 63). Written فریدون.
Firouzeh	g	1	Persian	Persian		turquoise	persian	0		A Persian name from Middle Persian (Wiktionary). Written فیروزه.
Forough	g	1	Persian	Persian		brightness, lustre	persian	0		A Persian name from Middle Persian frōg (Wiktionary). Written فروغ.
Franya	b	1	Iranian	Avestan	Zoroastrian		avesta	0	Avesta	Used in ancient Iran: a faithful man, named as a father, honoured in the Avesta's Fravardin Yasht, Yasht 13.97 (Avestan text: frânyehe); Darmesteter's translation.
Freni	g	1	Iranian	Avestan	Zoroastrian		avesta	0	Avesta	Used in ancient Iran: a faithful woman, honoured in the Avesta's Fravardin Yasht, Yasht 13.139 (Avestan text: frênyå); Darmesteter's translation.
Frya	b	1	Iranian	Avestan	Zoroastrian		avesta	0	Avesta	Used in ancient Iran: a faithful man, honoured in the Avesta's Fravardin Yasht, Yasht 13.110 (Avestan text: fryehe); Darmesteter's translation.
Gauri	b	1	Iranian	Avestan	Zoroastrian		avesta	0	Avesta	Used in ancient Iran: a faithful man, honoured in the Avesta's Fravardin Yasht, Yasht 13.118 (Avestan text: gaorôish); Darmesteter's translation.
Gita	g	1	Persian	Persian		world	persian	0		A Persian word used as a name; Wiktionary gives no older source and no foreign one. Written گیتا.
Giti	g	1	Persian	Persian		The Universe	persian	0		A Persian name from Middle Persian gētīg (Wiktionary). Written گیتی.
Giv	b	1	Persian	Persian			shahnameh	0	Shahnameh	In Ferdowsi's Shahnameh (Giv, mythical hero of Iranian mythology; first in Shahnameh, پادشاهی کی‌کاووس و رفتن او به مازندران, بخش ۱, bayt 43). Written گیو.
Gohar	g	1	Persian	Persian		jewel, gem	persian	0		A Persian name from Middle Persian gōhr (Wiktionary). Written گوهر.
Golnaz	g	1	Persian	Persian			persian	0		A Persian name from Middle Persian (Wiktionary). Written گلناز.
Goodarz	b	1	Persian	Persian			persian	1		Used in ancient Iran: Gotarzes I of Parthia, great King, Arsaces (Wikidata Q345090). A Persian name from an older Iranian language (Wiktionary). Written گودرز.
Goudarz	b	1	Persian	Persian			shahnameh	0	Shahnameh	In Ferdowsi's Shahnameh (Goudarz, hero in the Shahnameh, the national epic of Greater Iran; first in Shahnameh, پادشاهی کی‌کاووس و رفتن او به مازندران, بخش ۱, bayt 43). Written گودرز.
Gudarz	b	1	Persian	Persian			shahnameh	1	Shahnameh	In Ferdowsi's Shahnameh (Gudarz; first in Shahnameh, پادشاهی کی‌کاووس و رفتن او به مازندران, بخش ۱, bayt 43). Written گودرز.
Hamoon	b	1	Persian	Persian			persian	0		A Persian name from Middle Persian hāmōn (Wiktionary). Written هامون.
Hojir	b	1	Persian	Persian			persian,shahnameh	1	Shahnameh	A Persian name from Parthian hužihr⁠ (Wiktionary). In Ferdowsi's Shahnameh (Hojir, Iranian hero in Shahnameh; first in Shahnameh, سهراب, بخش ۶, bayt 32). Written هژیر.
Homa	g	1	Persian	Persian		lammergeier	persian	0		A Persian name from Middle Persian humāy (Wiktionary). Written هما.
Homay	g	1	Persian	Persian			shahnameh	0	Shahnameh	In Ferdowsi's Shahnameh (Homay, character in Shahnameh; first in Shahnameh, فریدون, بخش ۱۹ - ادامهٔ جنگ سپاه ایران, bayt 8). Written همای.
Hormuz	b	1	Persian	Persian			persian	0		Used in ancient Iran: Hormizd I, The third Sasanian emperor (270–271) (Wikidata Q310287). A Persian name from Middle Persian (Wiktionary). Written هرمز.
Houman	b	1	Persian	Persian			shahnameh	0	Shahnameh	In Ferdowsi's Shahnameh (Houman, Turanian hero in Shahnameh; first in Shahnameh, سهراب, بخش ۶, bayt 8). Written هومان.
Huma	g	1	Iranian	Avestan	Zoroastrian		avesta	0	Avesta	Used in ancient Iran: a faithful woman, honoured in the Avesta's Fravardin Yasht, Yasht 13.139 (Avestan text: humâyå); Darmesteter's translation.
Humayun	b	1	Persian	Persian			persian	0		A Persian name from Middle Persian Humāy (Wiktionary). Written همایون.
Husraw	b	1	Iranian	Parthian			xpr	0		Used in ancient Iran: a given name. Parthian Husraw (Wiktionary).
Hutan	b	1	Persian	Persian			persian	0		A Persian name from Middle Persian (Wiktionary). Written هوتن.
Iraj	b	1	Persian	Persian			shahnameh	0	Shahnameh	In Ferdowsi's Shahnameh (Iraj, character in Shahnameh; first in Shahnameh, فریدون, بخش ۵ - بخشیدن روم سلم را و تور توران را و ایرج ایران را, bayt 10). Written ایرج.
Iran	g	1	Persian	Persian			persian	0		A Persian name from Middle Persian ērān (Wiktionary). Written ایران.
Izad	b	1	Persian	Persian			persian	0		A Persian name from Avestan yazata (Wiktionary). Written ایزد.
Jahan	b	1	Persian	Persian		world, universe	persian	0		A Persian name from Middle Persian gēhān (Wiktionary). Written جهان.
Jahangir	b	1	Persian	Persian			persian	0		A Persian name from Middle Persian (Wiktionary). Written جهانگیر.
Jam	b	1	Persian	Persian			persian	0		A Persian name from Middle Persian jam (Wiktionary). Written جم.
Janara	b	1	Iranian	Avestan	Zoroastrian		avesta	0	Avesta	Used in ancient Iran: a faithful man, named as a father, honoured in the Avesta's Fravardin Yasht, Yasht 13.115 (Avestan text: jañnarahe); Darmesteter's translation.
Janyar	b	1	Persian	Persian		friend of the soul	persian	0		A Persian name from Middle Persian (Wiktionary). Written جانیار.
Javaher	g	1	Persian	Persian		jewel, jewellery	persian	1		A Persian name from Classical Persian (Wiktionary). Written جواهر.
Javan	b	1	Persian	Persian			persian	0		A Persian name from Middle Persian ǰuwān (Wiktionary). Written جوان.
Javeed	b	1	Persian	Persian		eternal	persian	0		A Persian name from Middle Persian jāwēd (Wiktionary). Written جاوید.
Kamran	b	1	Persian	Persian		successful	persian	0		A Persian name from Middle Persian (Wiktionary). Written کامران.
Kamyab	b	1	Persian	Persian		prosperous, successful	persian	0		A Persian name from Middle Persian (Wiktionary). Written کامیاب.
Kanuka	g	1	Iranian	Avestan	Zoroastrian		avesta	0	Avesta	Used in ancient Iran: a faithful woman, honoured in the Avesta's Fravardin Yasht, Yasht 13.141 (Avestan text: kanukayå); Darmesteter's translation.
Karen	b	1	Persian	Persian			persian,shahnameh	0	Shahnameh	A Persian name from Middle Persian (Wiktionary). In Ferdowsi's Shahnameh (Karen, character in Shahname; first in Shahnameh, فریدون, بخش ۱۲ - زاده شدن منوچهر, bayt 39). Written کارن.
Kasra	b	1	Persian	Persian			shahnameh	0	Shahnameh	In Ferdowsi's Shahnameh (Kasra, Shahanshah of the Sasanian Empire from 531 to 579; first in Shahnameh, پادشاهی قباد چهل و سه سال بود, بخش ۱ - پادشاهی قباد چهل و سه سال بود, bayt 198). Written کسری.
Kata	b	1	Iranian	Avestan	Zoroastrian		avesta	0	Avesta	Used in ancient Iran: a faithful man, named as a father, honoured in the Avesta's Fravardin Yasht, Yasht 13.124 (Avestan text: kâtahe); Darmesteter's translation.
Katayun	g	1	Persian	Persian			shahnameh	0	Shahnameh	In Ferdowsi's Shahnameh (Katayun; first in Shahnameh, پادشاهی لهراسپ, بخش ۷, bayt 9). Written کتایون.
Katu	b	1	Iranian	Avestan	Zoroastrian		avesta	0	Avesta	Used in ancient Iran: a faithful man, named as a father, honoured in the Avesta's Fravardin Yasht, Yasht 13.114 (Avestan text: katêush); Darmesteter's translation.
Kaveh	b	1	Persian	Persian			shahnameh	0	Shahnameh	In Ferdowsi's Shahnameh (Kaveh, legendary figure; first in Shahnameh, ضحاک, بخش ۷ - کاوهٔ آهنگر و درفش کاویانی و ساخته شدن گرز گاوسر, bayt 21). Written کاوه.
Kavi	b	1	Iranian	Avestan	Zoroastrian		avesta	0	Avesta	Used in ancient Iran: a faithful man, named as a father, honoured in the Avesta's Fravardin Yasht, Yasht 13.114 (Avestan text: kavôish); Darmesteter's translation.
Keyhan	b	1	Persian	Persian		universe	persian	0		A Persian name from Middle Persian gēhān (Wiktionary). Written کیهان.
Keyumars	b	1	Persian	Persian			shahnameh	0	Shahnameh	In Ferdowsi's Shahnameh (Keyumars, ancient Iranian mythological figure; first in Shahnameh, کیومرث, بخش ۱ - پادشاهی کیومرث سی سال بود, bayt 6). Written کیومرث.
Khodadad	b	1	Persian	Persian		gift from God	persian	0		A Persian name from an older Iranian language (Wiktionary). Written خداداد.
Khosrow	b	1	Persian	Persian		(great) king	english,persian	0		Used in ancient Iran: Khosrow I, Shahanshah of the Sasanian Empire from 531 to 579 (Wikidata Q207381). A Persian name from Middle Persian Husrōy (Wiktionary). Written خسرو.
Kiumars	b	1	Persian	Persian			shahnameh	0	Shahnameh	In Ferdowsi's Shahnameh (Kiumars, ancient Iranian mythological figure; first in Shahnameh, کیومرث, بخش ۱ - پادشاهی کیومرث سی سال بود, bayt 6). Written کیومرث.
Kourosh	b	1	Persian	Persian			persian	0		Used in ancient Iran: Cyrus the Great, founder of the Achaemenid Empire (559–529 BC) (Wikidata Q8423). A Persian name from Old Persian kuruš (Wiktionary). Written کوروش.
Laleh	g	1	Persian	Persian		tulip	persian	0		A Persian word used as a name; Wiktionary gives no older source and no foreign one. Written لاله.
Mahin	g	1	Persian	Persian			persian	0		A Persian name from Middle Persian māh (Wiktionary). Written ماهین.
Mahtab	g	1	Persian	Persian		moonlight	persian	0		A Persian name from an older Iranian language (Wiktionary). Written مهتاب.
Mahvash	g	1	Persian	Persian			persian	0		A Persian name from Middle Persian Māhwaš (Wiktionary). Written مهوش.
Mandegar	g	1	Persian	Persian		permanent, eternal	persian	1		A Persian word used as a name; Wiktionary gives no older source and no foreign one. Written ماندگار.
Mani	b	1	Persian	Persian			persian	0		A Persian name from Middle Persian mānī (Wiktionary). Written مانی.
Manije	g	1	Persian	Persian			persian	0		A Persian name from Parthian (Wiktionary). Written منیژه.
Manijeh	g	1	Persian	Persian			shahnameh	0	Shahnameh	In Ferdowsi's Shahnameh (Manijeh, Love story in Shahnameh epic poem; first in Shahnameh, داستان بیژن و منیژه, بخش ۲, bayt 130). Written منیژه.
Manizheh	g	1	Persian	Persian			shahnameh	0	Shahnameh	In Ferdowsi's Shahnameh (Manizheh, heroine in the Shahnameh, lover of Bijan; first in Shahnameh, داستان بیژن و منیژه, بخش ۲, bayt 130). Written منیژه.
Mazdak	b	1	Persian	Persian			shahnameh	0	Shahnameh	In Ferdowsi's Shahnameh (Mazdak, Iranian philosopher; first in Shahnameh, پادشاهی قباد چهل و سه سال بود, بخش ۲ - داستان مزدک با قباد, bayt 1). Written مزدک.
Mazyar	b	1	Persian	Persian			persian	0		Used in ancient Iran: Mazyar, ruler of Tabaristan from 825/6 to 839 (Wikidata Q3183110). A Persian name from Middle Persian mādayār (Wiktionary). Written مازیار.
Mehrab	b	1	Persian	Persian			shahnameh	0	Shahnameh	In Ferdowsi's Shahnameh (Mehrab, Character in the Shahnameh; first in Shahnameh, منوچهر, بخش ۴ - سفر سام و زال به کابل و عاشق شدن زال بر دختر مهراب, bayt 7). Written مهراب.
Mehran	b	1	Persian	Persian			persian	0		A Persian name from Middle Persian Mihrān (Wiktionary). Written مهران.
Mehraveh	g	1	Persian	Persian		sun temple	persian	0		A Persian name from Middle Persian (Wiktionary). Written مهراوه.
Mehrdad	b	1	Persian	Persian			persian	0		Used in ancient Iran: Meherdates of Parthia, 1st century Parthian prince who competed against Gotarzes II for the Parthian crown (Wikidata Q2750023). A Persian name from Middle Persian Mihrdāt (Wiktionary). Written مهرداد.
Milad	b	1	Persian	Persian			persian,shahnameh	0	Shahnameh	A Persian name from Old Persian (Wiktionary). In Ferdowsi's Shahnameh (Milād; first in Shahnameh, پادشاهی کی‌کاووس و رفتن او به مازندران, بخش ۳, bayt 4). Written میلاد.
Mitra	g	1	Persian	Persian			persian	0		A Persian name from an older Iranian language (Wiktionary). Written میترا.
Mojdeh	g	1	Persian	Persian		good news; joyful tidings	persian	0		A Persian name from Parthian muždag (Wiktionary). Written مژده.
Mojgan	g	1	Persian	Persian			persian	0		A Persian word used as a name; Wiktionary gives no older source and no foreign one. Written مژگان.
Morvarid	g	1	Persian	Persian		born from the shell of a bird	persian	0		A Persian name from Middle Persian morwārīd (Wiktionary). Written مروارید.
Nahid	g	1	Persian	Persian			persian	0		A Persian name from Middle Persian anāhīd (Wiktionary). Written ناهید.
Nariman	b	1	Persian	Persian			persian,shahnameh	0	Shahnameh	A Persian name from Middle Persian (Wiktionary). In Ferdowsi's Shahnameh (Nariman, character in Shahnama; first in Shahnameh, فریدون, بخش ۱۳ - آگاهی سلم و تور از منوچهر, bayt 71). Written نریمان.
Narseh	b	1	Persian	Middle Persian			pal,xpr	0		Used in ancient Iran: Narseh, of the Sasanian house (Wikidata Q132733279). Middle Persian Narisah (Wiktionary). Written نرسه.
Nastaran	g	1	Persian	Persian		dog rose	persian	0		A Persian name from Middle Persian nastaran (Wiktionary). Written نسترن.
Nava	g	1	Persian	Persian			persian	0		A Persian name from Middle Persian niwāg (Wiktionary). Written نوا.
Navid	b	1	Persian	Persian		invitation	persian	0		A Persian name from Middle Persian (Wiktionary). Written نوید.
Nazi	g	1	Persian	Persian		coy, demure	persian	0		A Persian name from Parthian (Wiktionary). Written نازی.
Negar	g	1	Persian	Persian		painting, picture	persian	0		A Persian word used as a name; Wiktionary gives no older source and no foreign one. Written نگار.
Negin	g	1	Persian	Persian		gemstone, gem	persian	0		A Persian word used as a name; Wiktionary gives no older source and no foreign one. Written نگین.
Niusha	g	1	Persian	Persian		receptive	persian	0		A Persian word used as a name; Wiktionary gives no older source and no foreign one. Written نیوشا.
Noushin	g	1	Persian	Persian		sweet; pleasant	persian	0		A Persian name from Middle Persian anōšēn (Wiktionary). Written نوشین.
Noveen	b	1	Persian	Persian		new	persian	0		A Persian word used as a name; Wiktionary gives no older source and no foreign one. Written نوین.
Omid	b	1	Persian	Persian		hope	persian	0		A Persian name from Middle Persian ummēd (Wiktionary). Written امید.
Ormazd	b	1	Persian	Persian			shahnameh	1	Shahnameh	In Ferdowsi's Shahnameh (Ormazd, The third Sasanian emperor (270–271)). Written اورمزد.
Orodes	b	1	Iranian	Parthian			xpr	0		Used in ancient Iran: Orodes II of Parthia, king of Kings, Arsaces, Great King (Wikidata Q313933). Parthian Wērōd (Wiktionary). Written ارد.
Pagah	g	1	Persian	Persian		dawn	persian	0		A Persian word used as a name; Wiktionary gives no older source and no foreign one. Written پگاه.
Parastu	g	1	Persian	Persian		swallow	persian	0		A Persian name from Middle Persian (Wiktionary). Written پرستو.
Pardis	g	1	Persian	Persian		garden	persian	0		A Persian word used as a name; Wiktionary gives no older source and no foreign one. Written پردیس.
Pari	g	1	Persian	Persian			persian	0		A Persian name from Middle Persian parīg (Wiktionary). Written پری.
Parisa	g	1	Persian	Persian			persian	0		A Persian name from Middle Persian (Wiktionary). Written پریسا.
Parivash	g	1	Persian	Persian			persian	0		A Persian name from Middle Persian (Wiktionary). Written پریوش.
Parsa	b	1	Persian	Persian		pious; devout	persian	0		A Persian word used as a name; Wiktionary gives no older source and no foreign one. Written پارسا.
Parvaneh	g	1	Persian	Persian		butterfly	persian	0		A Persian name from Middle Persian parwānag (Wiktionary). Written پروانه.
Parvin	g	1	Persian	Persian			persian	0		A Persian name from Middle Persian Parwēz (Wiktionary). Written پروین.
Parviz	b	1	Persian	Persian			persian	0		A Persian name from Middle Persian abarwēz (Wiktionary). Written پرویز.
Payam	b	1	Persian	Persian		message	persian	0		A Persian word used as a name; Wiktionary gives no older source and no foreign one. Written پیام.
Payman	b	1	Persian	Persian		pledge	persian	0		A Persian name from Middle Persian paymān (Wiktionary). Written پیمان.
Pedram	b	1	Persian	Persian		joyous	persian	0		A Persian name from Middle Persian (Wiktionary). Written پدرام.
Peroz	b	1	Persian	Middle Persian		victorious	pal	0		Used in ancient Iran: Peroz I, The 18th Sasanian Emperor (459–484) (Wikidata Q310233). Middle Persian Pērōz (Wiktionary). Written پیروز.
Piran	b	1	Persian	Persian			shahnameh	0	Shahnameh	In Ferdowsi's Shahnameh (Piran, Iranian mythical figure). Written پیران.
Piroz	b	1	Iranian	Bactrian			xbc	0		Used in ancient Iran: a given name. Bactrian Πιρωςο (Wiktionary).
Piruz	b	1	Persian	Persian		victorious, triumphant	persian	0		Used in ancient Iran: Peroz I, The 18th Sasanian Emperor (459–484) (Wikidata Q310233). A Persian name from Middle Persian pērōz (Wiktionary). Written پیروز.
Poopak	g	1	Persian	Persian		hoopoe	persian	1		A Persian word used as a name; Wiktionary gives no older source and no foreign one. Written پوپک.
Pooran	g	1	Persian	Persian			persian	0		A Persian name from Middle Persian Bōrān (Wiktionary). Written پوران.
Poulad	b	1	Persian	Persian			persian	1		A Persian name from Middle Persian pwlʾpt' (Wiktionary). Written پولاد.
Pune	g	1	Persian	Persian		pennyroyal	persian	1		A Persian word used as a name; Wiktionary gives no older source and no foreign one. Written پونه.
Qaran	b	1	Persian	Persian			shahnameh	0	Shahnameh	In Ferdowsi's Shahnameh (Qaran; first in Shahnameh, فریدون, بخش ۱۲ - زاده شدن منوچهر, bayt 39). Written قارن.
Qarin	b	1	Persian	Persian			persian	0		A Persian name from Parthian Kārēn (Wiktionary). Written قارن.
Qubad	b	1	Persian	Persian			shahnameh	0	Shahnameh	In Ferdowsi's Shahnameh (Qubad; first in Shahnameh, فریدون, بخش ۱۴ - لشکرکشی سلم و تور به ایران, bayt 32). Written قباد.
Ravan	g	1	Persian	Persian		what has created a wide room for itself	persian	0		A Persian name from Middle Persian ruwān (Wiktionary). Written روان.
Roham	b	1	Persian	Persian			shahnameh	0	Shahnameh	In Ferdowsi's Shahnameh (Roham, mythical hero of Iranian mythology; first in Shahnameh, پادشاهی کی‌کاووس و رفتن او به مازندران, بخش ۱, bayt 43). Written رهام.
Roozbeh	b	1	Persian	Persian		daily fortunate, happier every day	persian	0		A Persian name from Middle Persian rōzweh (Wiktionary). Written روزبه.
Roshanak	g	1	Persian	Persian			shahnameh	0	Shahnameh	In Ferdowsi's Shahnameh (Roshanak, Bactrian princess and wife of Alexander the Great; first in Shahnameh, پادشاهی دارای داراب چهارده سال بود, بخش ۹, bayt 48). Written روشنک.
Rostam	b	1	Persian	Persian			persian,shahnameh	0	Shahnameh	Used in ancient Iran: Rostam Farrokhzād, Sasanian military officer (died 636) (Wikidata Q937670). A Persian name from Middle Persian rōdstahm (Wiktionary). In Ferdowsi's Shahnameh (Rostam, hero in Iranian mythology; first in Shahnameh, منوچهر, بخش ۲۶, bayt 20). Written رستم.
Roxana	g	1	Iranian	Bactrian			english	0		The English form of a Bactrian name (Wiktionary).
Roxane	g	1	Persian	Old Persian			english	0		The English form of a Old Persian name (Wiktionary).
Rudaba	g	1	Persian	Persian			shahnameh	0	Shahnameh	In Ferdowsi's Shahnameh (Rudaba, Persian mythological figure; first in Shahnameh, منوچهر, بخش ۵ - گفتگوی مهراب و سیندخت دربارهٔ سام و زال و عاشق شدن رودابه ندیده زال را, bayt 3). Written رودابه.
Rudabeh	g	1	Persian	Persian			persian,shahnameh	1	Shahnameh	A Persian name from Middle Persian (Wiktionary). In Ferdowsi's Shahnameh (Rudabeh, Persian mythological figure; first in Shahnameh, منوچهر, بخش ۵ - گفتگوی مهراب و سیندخت دربارهٔ سام و زال و عاشق شدن رودابه ندیده زال را, bayt 3). Written رودابه.
Salar	b	1	Persian	Persian		leader	persian	0		A Persian name from Middle Persian sālār (Wiktionary). Written سالار.
Salm	b	1	Persian	Persian			shahnameh	0	Shahnameh	In Ferdowsi's Shahnameh (Salm). Written سلم.
Sam	b	1	Persian	Persian		fire	persian,shahnameh	0	Shahnameh	A Persian name from an older Iranian language (Wiktionary). In Ferdowsi's Shahnameh (Sam). Written سام.
Saman	b	1	Persian	Persian			persian	0		A Persian name from Middle Persian sāmān (Wiktionary). Written سامان.
Sardar	b	1	Persian	Persian		military commander	persian	0		A Persian name from Parthian (Wiktionary). Written سردار.
Sasan	b	1	Persian	Persian			persian	0		Used in ancient Iran: Sasan, early 3rd century ancestor of the Sasanian dynasty (Wikidata Q1257805). A Persian name from Middle Persian Sāsān (Wiktionary). Written ساسان.
Sepanta	b	1	Persian	Persian			persian	0		A Persian name from Avestan (Wiktionary). Written سپنتا.
Sepideh	g	1	Persian	Persian		dawn, first light	persian	0		A Persian name from Middle Persian (Wiktionary). Written سپیده.
Setareh	g	1	Persian	Persian		star	persian	0		A Persian name from Middle Persian stārag (Wiktionary). Written ستاره.
Shabnam	g	1	Persian	Persian		dew	persian	0		A Persian name from Old Persian (Wiktionary). Written شبنم.
Shadi	g	1	Persian	Persian		joy	persian	0		A Persian name from Middle Persian (Wiktionary). Written شادی.
Shaghad	b	1	Persian	Persian			shahnameh	0	Shahnameh	In Ferdowsi's Shahnameh (Shaghad, character in Shahnameh, Rostam's half brother; first in Shahnameh, داستان رستم و شغاد, بخش ۲, bayt 19). Written شغاد.
Shahin	b	1	Persian	Persian		majestic, kingly	persian	0		A Persian name from Middle Persian (Wiktionary). Written شاهین.
Shahnaz	g	1	Persian	Persian			persian	0		A Persian name from Classical Persian (Wiktionary). Written شهناز.
Shahryar	b	1	Persian	Persian			persian	0		A Persian name from Middle Persian šahryār (Wiktionary). Written شهریار.
Shahrzad	g	1	Persian	Persian			persian	0		A Persian name from Middle Persian (Wiktionary). Written شهرزاد.
Shapur	b	1	Persian	Persian			persian,shahnameh,xpr	0	Shahnameh	Used in ancient Iran: Shapur I, second Sassanid emperor (r. 241–272) (Wikidata Q191455). A Persian name from Middle Persian Šāpuhr (Wiktionary). In Ferdowsi's Shahnameh (Shapur, second Sassanid emperor (r. 241–272)). Written شاپور.
Shideh	b	1	Persian	Persian			shahnameh	0	Shahnameh	In Ferdowsi's Shahnameh (Shideh; first in Shahnameh, داستان سیاوش, بخش ۹, bayt 98). Written شیده.
Shirin	g	1	Persian	Persian			persian,shahnameh	0	Shahnameh	A Persian name from Middle Persian šīrēn (Wiktionary). In Ferdowsi's Shahnameh (Shirin, wife of Khosrau II). Written شیرین.
Shiva	b	1	Persian	Persian			persian	0		A Persian word used as a name; Wiktionary gives no older source and no foreign one. Written شیوا.
Siamak	b	1	Persian	Persian			shahnameh	0	Shahnameh	In Ferdowsi's Shahnameh (Siamak, character in Shahnameh; first in Shahnameh, کیومرث, بخش ۱ - پادشاهی کیومرث سی سال بود, bayt 18). Written سیامک.
Siavash	b	1	Persian	Persian			shahnameh	0	Shahnameh	In Ferdowsi's Shahnameh (Siavash; first in Shahnameh, داستان سیاوش, بخش ۳, bayt 6). Written سیاوش.
Simin	g	1	Persian	Persian		silver, silvery	persian	0		A Persian name from Middle Persian (a)sēmēn (Wiktionary). Written سیمین.
Siyavash	b	1	Persian	Persian			persian,shahnameh	0	Shahnameh	A Persian name from Middle Persian siyāwaxš (Wiktionary). In Ferdowsi's Shahnameh (Siyâvash, fictional character from the Shāhnāmeh epic; first in Shahnameh, داستان سیاوش, بخش ۳, bayt 20). Written سیاوش.
Sohrab	b	1	Persian	Persian			shahnameh	0	Shahnameh	In Ferdowsi's Shahnameh (Sohrab, son of Rostam, mythological figure in Shahnameh; first in Shahnameh, رزم کاووس با شاه هاماوران, بخش ۱۲, bayt 21). Written سهراب.
Soroosh	b	1	Persian	Persian			persian	0		A Persian name from Middle Persian Srōš (Wiktionary). Written سروش.
Soshyans	b	1	Persian	Persian			persian	1		A Persian name from Middle Persian sōšyans (Wiktionary). Written سوشیانس.
Soshyant	b	1	Persian	Persian			persian	1		A Persian word used as a name; Wiktionary gives no older source and no foreign one. Written سوشیانت.
Sudabeh	g	1	Persian	Persian			shahnameh	0	Shahnameh	In Ferdowsi's Shahnameh (Sudabeh, fictional character in the Persian epic Shahnameh; first in Shahnameh, رزم کاووس با شاه هاماوران, بخش ۲, bayt 30). Written سودابه.
Tahmina	g	1	Persian	Persian			persian,shahnameh	0	Shahnameh	A Persian name from Classical Persian (Wiktionary). In Ferdowsi's Shahnameh (Tahmina, character in Shahnameh, Rostam's wife and Sohrab's mother; first in Shahnameh, سهراب, بخش ۴, bayt 9). Written تهمینه.
Tahmineh	g	1	Persian	Persian			shahnameh	0	Shahnameh	In Ferdowsi's Shahnameh (Tahmineh, character in Shahnameh, Rostam's wife and Sohrab's mother; first in Shahnameh, سهراب, بخش ۵, bayt 3). Written تهمینه.
Tahmuras	b	1	Persian	Persian			shahnameh	0	Shahnameh	In Ferdowsi's Shahnameh (Tahmuras, mythological Iranian king; first in Shahnameh, طهمورث, طهمورث, bayt 1). Written طهمورث.
Tara	g	1	Persian	Persian		star	persian	0		A Persian name from an older Iranian language (Wiktionary). Written تارا.
Tirdad	b	1	Persian	Persian			persian	0		Used in ancient Iran: Tiridates I of Parthia, brother of Arsaces I (Wikidata Q472423). A Persian name from Parthian Tīridāt (Wiktionary). Written تیرداد.
Tura	b	1	Iranian	Avestan	Zoroastrian		avesta	0	Avesta	Used in ancient Iran: a faithful man, named as a father, honoured in the Avesta's Fravardin Yasht, Yasht 13.123 (Avestan text: tûrahe); Darmesteter's translation.
Vanara	b	1	Iranian	Avestan	Zoroastrian		avesta	0	Avesta	Used in ancient Iran: a faithful man, honoured in the Avesta's Fravardin Yasht, Yasht 13.101 (Avestan text: vanârahe); Darmesteter's translation.
Vista	g	1	Persian	Persian			persian	0		A Persian name from Avestan vid (Wiktionary). Written ویستا.
Wahram	b	1	Persian	Middle Persian			pal,xpr	0		Used in ancient Iran: Bahram I, The fourth Sasanian emperor (271–274) (Wikidata Q310215). Middle Persian Warahrām (Wiktionary). Written بهرام.
Wiroy	b	1	Persian	Middle Persian			pal	0		Used in ancient Iran: a given name. Middle Persian wyrwd (Wiktionary). Written ویرو.
Xerxes	b	1	Persian	Old Persian			english	0		Used in ancient Iran: Xerxes I, fifth Achaemenid emperor (486–465 BC) (Wikidata Q129165). The English form of Old Persian Xšayāršā (Wiktionary). Written خشایارشا.
Yas	g	1	Persian	Persian		jasmine	persian	0		A Persian name from Middle Persian (Wiktionary). Written یاس.
Yasaman	g	1	Persian	Persian		jasmine flower	persian	0		A Persian name from Middle Persian yāsaman (Wiktionary). Written یاسمن.
Yasameen	g	1	Persian	Persian			persian	0		A Persian name from Middle Persian (Wiktionary). Written یاسمین.
Yazdegerd	b	1	Persian	Persian			shahnameh	0	Shahnameh	In Ferdowsi's Shahnameh (Yazdegerd, The 27th and last Sasanian emperor (632–651); first in Shahnameh, پادشاهی یزدگرد بزه‌گر, بخش ۱, bayt 1). Written یزدگرد.
Yeganeh	g	1	Persian	Persian			persian	0		A Persian name from Middle Persian ēkānag (Wiktionary). Written یگانه.
Yima	b	1	Iranian	Avestan	Zoroastrian		avesta	0	Avesta	Used in ancient Iran: a faithful man, son of Vivanghant, honoured in the Avesta's Fravardin Yasht, Yasht 13.130 (Avestan text: ýimahe); Darmesteter's translation.
Zahhak	b	1	Persian	Persian			shahnameh	0	Shahnameh	In Ferdowsi's Shahnameh (Zahhak, evil figure in Iranian mythology; first in Shahnameh, جمشید, بخش ۲ - مرداس تازی و فرزند ناخلفش ضحاک, bayt 9). Written ضحّاک.
Zal	b	1	Persian	Persian			shahnameh	0	Shahnameh	In Ferdowsi's Shahnameh (Zal, legendary Iranian King). Written زال.
Zavan	b	1	Iranian	Avestan	Zoroastrian		avesta	0	Avesta	Used in ancient Iran: a faithful man, named as a father, honoured in the Avesta's Fravardin Yasht, Yasht 13.125 (Avestan text: zavanô); Darmesteter's translation.
Zavara	b	1	Persian	Persian			shahnameh	0	Shahnameh	In Ferdowsi's Shahnameh (Zavara, character in the Shahnameh, Rostam's brother; first in Shahnameh, رزم کاووس با شاه هاماوران, بخش ۱۰, bayt 77). Written زواره.
Ziba	g	1	Persian	Persian		beautiful	persian	0		A Persian word used as a name; Wiktionary gives no older source and no foreign one. Written زیبا.
Ainyu	b	2	Iranian	Avestan	Zoroastrian		avesta	1	Avesta	Used in ancient Iran: a faithful man, named as a father, honoured in the Avesta's Fravardin Yasht, Yasht 13.122 (Avestan text: ainyâvahe); Darmesteter's translation.
Airyu	b	2	Iranian	Avestan	Zoroastrian		avesta	1	Avesta	Used in ancient Iran: a faithful man, named as a father, honoured in the Avesta's Fravardin Yasht, Yasht 13.131 (Avestan text: airyâvahe); Darmesteter's translation.
Akayadha	b	2	Iranian	Avestan	Zoroastrian		avesta	1	Avesta	Used in ancient Iran: a faithful man, honoured in the Avesta's Fravardin Yasht, Yasht 13.127 (Avestan text: akayadhahe); Darmesteter's translation.
Andariman	b	2	Persian	Persian			shahnameh	1	Shahnameh	In Ferdowsi's Shahnameh (Andariman; first in Shahnameh, داستان سیاوش, بخش ۹, bayt 125). Written اندریمان.
Ankasa	b	2	Iranian	Avestan	Zoroastrian		avesta	1	Avesta	Used in ancient Iran: a faithful man, honoured in the Avesta's Fravardin Yasht, Yasht 13.124 (Avestan text: añkasayå); Darmesteter's translation.
Anushirvan	b	2	Persian	Persian			shahnameh	0	Shahnameh	In Ferdowsi's Shahnameh (Anushirvan, Shahanshah of the Sasanian Empire from 531 to 579; first in Shahnameh, پادشاهی اشکانیان, بخش ۱, bayt 21). Written نوشین‌روان.
Arejaona	b	2	Iranian	Avestan	Zoroastrian		avesta	1	Avesta	Used in ancient Iran: a faithful man, honoured in the Avesta's Fravardin Yasht, Yasht 13.117 (Avestan text: arejaonahe); Darmesteter's translation.
Arezva	b	2	Iranian	Avestan	Zoroastrian		avesta	1	Avesta	Used in ancient Iran: a faithful man, honoured in the Avesta's Fravardin Yasht, Yasht 13.115 (Avestan text: erezvå); Darmesteter's translation.
Ariaramnes	b	2	Persian	Old Persian			peo	1		Used in ancient Iran: Ariaramnes, early king of Persia of Achaemenid House (Wikidata Q336436). Old Persian Aryāramna (Wiktionary). Written آریارمنه.
Arnavaz	g	2	Persian	Persian			shahnameh	1	Shahnameh	In Ferdowsi's Shahnameh (Arnavaz, Iranian mythological princess; first in Shahnameh, ضحاک, بخش ۱ - پادشاهی ضحاک تازی هزار سال بود, bayt 8). Written ارنواز.
Artaxerxes	b	2	Persian	Old Persian			peo	0		Used in ancient Iran: Artaxerxes I, sixth Achaemenid emperor (475–424 BC) (Wikidata Q189689). Old Persian R̥taxšaçā (Wiktionary). Written اردشیر.
Aryabarzan	b	2	Iranian	Parthian			xpr	1		Used in ancient Iran: a given name. Parthian Aryabarzan (Wiktionary).
Asabani	g	2	Iranian	Avestan	Zoroastrian		avesta	1	Avesta	Used in ancient Iran: a faithful woman, honoured in the Avesta's Fravardin Yasht, Yasht 13.140 (Avestan text: asabanayå); Darmesteter's translation.
Ashahura	b	2	Iranian	Avestan	Zoroastrian		avesta	1	Avesta	Used in ancient Iran: a faithful man, son of Jishti, honoured in the Avesta's Fravardin Yasht, Yasht 13.113 (Avestan text: ashâhurahe); Darmesteter's translation.
Avahya	b	2	Iranian	Avestan	Zoroastrian		avesta	1	Avesta	Used in ancient Iran: a faithful man, son of Spenta, honoured in the Avesta's Fravardin Yasht, Yasht 13.123 (Avestan text: avayehe); Darmesteter's translation.
Bagbandag	b	2	Iranian	Bactrian		slave of God	xbc	1		Used in ancient Iran: a given name. Bactrian Βαγοβανδαγο (Wiktionary).
Baglad	b	2	Iranian	Bactrian			xbc	1		Used in ancient Iran: a given name. Bactrian Βαγολαδο (Wiktionary).
Bagormazd	b	2	Iranian	Bactrian			xbc	1		Used in ancient Iran: a given name. Bactrian Βαγοωρομοζδο (Wiktionary).
Bagwanind	b	2	Iranian	Bactrian		victorious through God	xbc	1		Used in ancient Iran: a given name. Bactrian Βαγοοανινδο (Wiktionary).
Bagwaraz	b	2	Iranian	Bactrian			xbc	1		Used in ancient Iran: a given name. Bactrian Βαγοοαραζο (Wiktionary).
Baremna	b	2	Iranian	Avestan	Zoroastrian		avesta	1	Avesta	Used in ancient Iran: a faithful man, honoured in the Avesta's Fravardin Yasht, Yasht 13.121 (Avestan text: baremnahe); Darmesteter's translation.
Barman	b	2	Persian	Persian			shahnameh	0	Shahnameh	In Ferdowsi's Shahnameh (Barman, Turanian hero; first in Shahnameh, پادشاهی نوذر, بخش ۲, bayt 7). Written بارمان.
Barmayeh	g	2	Persian	Persian			shahnameh	1	Shahnameh	In Ferdowsi's Shahnameh (Barmayeh, mythical creature, a cow in Shahnameh; first in Shahnameh, ضحاک, بخش ۳ - کابوس ضحاک و پیشبینی موبدان برآمدن فریدون را, bayt 58). Written برمایه.
Bazpanag	b	2	Iranian	Bactrian		(providing) refuge (by means of his) arm	xbc	1		Used in ancient Iran: a given name. Bactrian Βαζοποναγο (Wiktionary).
Bazur	b	2	Persian	Persian			shahnameh	1	Shahnameh	In Ferdowsi's Shahnameh (Bazur; first in Shahnameh, داستان کاموس کشانی, بخش ۶, bayt 1). Written بازور.
Bazwanind	b	2	Iranian	Bactrian		victorious (by the means of his) arm	xbc	1		Used in ancient Iran: a given name. Bactrian Βαζοοανινδο (Wiktionary).
Berezvant	b	2	Iranian	Avestan	Zoroastrian		avesta	1	Avesta	Used in ancient Iran: a faithful man, named as a father, honoured in the Avesta's Fravardin Yasht, Yasht 13.124 (Avestan text: berezavatô); Darmesteter's translation.
Bujisravah	b	2	Iranian	Avestan	Zoroastrian		avesta	1	Avesta	Used in ancient Iran: a faithful man, honoured in the Avesta's Fravardin Yasht, Yasht 13.101 (Avestan text: bujasravanghô); Darmesteter's translation.
Bujra	b	2	Iranian	Avestan	Zoroastrian		avesta	1	Avesta	Used in ancient Iran: a faithful man, son of Dazgaraspa, honoured in the Avesta's Fravardin Yasht, Yasht 13.106 (Avestan text: bûdhrahe); Darmesteter's translation.
Cambyses	b	2	Persian	Old Persian			peo	1		Used in ancient Iran: Cambyses I, King of Anshan in Iran from c. 580 to 559 BC and the father of Cyrus the Great (Wikidata Q299428). Old Persian Kaᵐbūjiya (Wiktionary). Written کمبوجیه.
Chamru	b	2	Iranian	Avestan	Zoroastrian		avesta	1	Avesta	Used in ancient Iran: a faithful man, honoured in the Avesta's Fravardin Yasht, Yasht 13.109; Darmesteter's translation.
Dazgaraspa	b	2	Iranian	Avestan	Zoroastrian		avesta	1	Avesta	Used in ancient Iran: a faithful man, named as a father, honoured in the Avesta's Fravardin Yasht, Yasht 13.106 (Avestan text: dâzgrâspôish); Darmesteter's translation.
Dratha	b	2	Iranian	Avestan	Zoroastrian		avesta	1	Avesta	Used in ancient Iran: a faithful man, honoured in the Avesta's Fravardin Yasht, Yasht 13.109 (Avestan text: drâthahe); Darmesteter's translation.
Erezraspa	b	2	Iranian	Avestan	Zoroastrian		avesta	1	Avesta	Used in ancient Iran: a faithful man, son of Uspasnu, honoured in the Avesta's Fravardin Yasht, Yasht 13.121 (Avestan text: erezrâspahe); Darmesteter's translation.
Esfandiyar	b	2	Persian	Persian		given by Amesha Spenta	persian,shahnameh	0	Shahnameh	A Persian name from Middle Persian spandadāt (Wiktionary). In Ferdowsi's Shahnameh (Esfandiyar, Legendary Iranian hero and one of characters of Ferdowsi's Shahnameh; first in Shahnameh, پادشاهی گشتاسپ صد و بیست سال بود, بخش ۲ - سخن دقیقی, bayt 19). Written اسفندیار.
Fariburz	b	2	Persian	Persian			shahnameh	1	Shahnameh	In Ferdowsi's Shahnameh (Fariburz, Character in the Shahnameh; first in Shahnameh, پادشاهی کی‌کاووس و رفتن او به مازندران, بخش ۱۱, bayt 62). Written فریبرز.
Farwaraz	b	2	Iranian	Bactrian			xbc	1		Used in ancient Iran: a given name. Bactrian Φαροοαραζο (Wiktionary).
Foruhal	b	2	Persian	Persian			shahnameh	1	Shahnameh	In Ferdowsi's Shahnameh (Foruhal; first in Shahnameh, داستان بیژن و منیژه, بخش ۸, bayt 61). Written فروهل.
Frachya	b	2	Iranian	Avestan	Zoroastrian		avesta	1	Avesta	Used in ancient Iran: a faithful man, son of Taurvati, honoured in the Avesta's Fravardin Yasht, Yasht 13.115 (Avestan text: frâcyehe); Darmesteter's translation.
Fradhidaya	b	2	Iranian	Avestan	Zoroastrian		avesta	1	Avesta	Used in ancient Iran: a faithful man, honoured in the Avesta's Fravardin Yasht, Yasht 13.97; Darmesteter's translation.
Frarazi	b	2	Iranian	Avestan	Zoroastrian		avesta	1	Avesta	Used in ancient Iran: a faithful man, son of Tura, honoured in the Avesta's Fravardin Yasht, Yasht 13.123 (Avestan text: frârâzôish); Darmesteter's translation.
Frasrutara	b	2	Iranian	Avestan	Zoroastrian		avesta	1	Avesta	Used in ancient Iran: a faithful man, honoured in the Avesta's Fravardin Yasht, Yasht 13.121 (Avestan text: frasrûtârahe); Darmesteter's translation.
Fratira	b	2	Iranian	Avestan	Zoroastrian		avesta	1	Avesta	Used in ancient Iran: a faithful man, honoured in the Avesta's Fravardin Yasht, Yasht 13.125 (Avestan text: fraturå); Darmesteter's translation.
Frava	b	2	Iranian	Avestan	Zoroastrian		avesta	1	Avesta	Used in ancient Iran: a faithful man, honoured in the Avesta's Fravardin Yasht, Yasht 13.117 (Avestan text: fravahe); Darmesteter's translation.
Frayaodha	b	2	Iranian	Avestan	Zoroastrian		avesta	1	Avesta	Used in ancient Iran: a faithful man, son of Karesna, honoured in the Avesta's Fravardin Yasht, Yasht 13.108 (Avestan text: frâyaodhahe); Darmesteter's translation.
Frenah	b	2	Iranian	Avestan	Zoroastrian		avesta	1	Avesta	Used in ancient Iran: a faithful man, son of Frayazanta, honoured in the Avesta's Fravardin Yasht, Yasht 13.113 (Avestan text: frênanghô); Darmesteter's translation.
Frinaspa	b	2	Iranian	Avestan	Zoroastrian		avesta	1	Avesta	Used in ancient Iran: a faithful man, son of Kaeva, honoured in the Avesta's Fravardin Yasht, Yasht 13.122 (Avestan text: frînâspahe); Darmesteter's translation.
Frohakafra	b	2	Iranian	Avestan	Zoroastrian		avesta	1	Avesta	Used in ancient Iran: a faithful man, son of Merezishmya, honoured in the Avesta's Fravardin Yasht, Yasht 13.126 (Avestan text: frô-hakafrahe); Darmesteter's translation.
Fryapat	b	2	Iranian	Parthian			xpr	1		Used in ancient Iran: a given name. Parthian Fryapat (Wiktionary).
Gandarewa	b	2	Iranian	Avestan	Zoroastrian		avesta	1	Avesta	Used in ancient Iran: a faithful man, named as a father, honoured in the Avesta's Fravardin Yasht, Yasht 13.123 (Avestan text: gañdrewahe); Darmesteter's translation.
Gaomant	b	2	Iranian	Avestan	Zoroastrian		avesta	1	Avesta	Used in ancient Iran: a faithful man, son of Zavan, honoured in the Avesta's Fravardin Yasht, Yasht 13.125 (Avestan text: gaomatô); Darmesteter's translation.
Garmayel	b	2	Persian	Persian			shahnameh	1	Shahnameh	In Ferdowsi's Shahnameh (Garmayel; first in Shahnameh, ضحاک, بخش ۲ - ارمایل و گرمایل و رهانیدن قربانیان مارهای مغزخوار روییده بر دوش ضحاک, bayt 5). Written گرمایل.
Garsivaz	b	2	Persian	Persian			shahnameh	1	Shahnameh	In Ferdowsi's Shahnameh (Garsivaz, mythical Turanian character; first in Shahnameh, پادشاهی نوذر, بخش ۲, bayt 7). Written گرسیوز.
Gaubaruva	b	2	Persian	Old Persian			peo	1		Used in ancient Iran: a given name. Old Persian Gaubaruva (Wiktionary).
Gavayan	b	2	Iranian	Avestan	Zoroastrian		avesta	1	Avesta	Used in ancient Iran: a faithful man, honoured in the Avesta's Fravardin Yasht, Yasht 13.96 (Avestan text: gavayânô); Darmesteter's translation.
Goli	g	2	Persian	Persian			persian	0		A Persian name from Middle Persian (Wiktionary). Written گلی.
Gorazeh	b	2	Persian	Persian			shahnameh	1	Shahnameh	In Ferdowsi's Shahnameh (Gorazeh; first in Shahnameh, پادشاهی کی‌کاووس و رفتن او به مازندران, بخش ۱۶, bayt 57). Written گرازه.
Gordafarid	g	2	Persian	Persian			shahnameh	1	Shahnameh	In Ferdowsi's Shahnameh (Gordafarid, hero in Iranian mythology; first in Shahnameh, سهراب, بخش ۷, bayt 3). Written گردآفرید.
Gordiya	g	2	Persian	Persian			shahnameh	1	Shahnameh	In Ferdowsi's Shahnameh (Gordiya, Iranian noblewoman; first in Shahnameh, پادشاهی هرمزد دوازده سال بود, بخش ۹, bayt 139). Written گردیه.
Gordiyeh	g	2	Persian	Persian			shahnameh	1	Shahnameh	In Ferdowsi's Shahnameh (Gordiyeh, Iranian noblewoman; first in Shahnameh, پادشاهی هرمزد دوازده سال بود, بخش ۹, bayt 139). Written گردیه.
Gorgin	b	2	Persian	Persian			shahnameh	1	Shahnameh	In Ferdowsi's Shahnameh (Gorgin, hero in Shahnameh; first in Shahnameh, پادشاهی کی‌کاووس و رفتن او به مازندران, بخش ۱, bayt 43). Written گرگین.
Gostaham	b	2	Persian	Persian			shahnameh	1	Shahnameh	In Ferdowsi's Shahnameh (Gostaham, hero name in Shahnameh epic poem; first in Shahnameh, پادشاهی نوذر, بخش ۵, bayt 17). Written گستهم.
Gravaratu	b	2	Iranian	Avestan	Zoroastrian		avesta	1	Avesta	Used in ancient Iran: a faithful man, named as a father, honoured in the Avesta's Fravardin Yasht, Yasht 13.122 (Avestan text: gravâratêush); Darmesteter's translation.
Habaspa	b	2	Iranian	Avestan	Zoroastrian		avesta	1	Avesta	Used in ancient Iran: a faithful man, honoured in the Avesta's Fravardin Yasht, Yasht 13.102 (Avestan text: habâspahe); Darmesteter's translation.
Hugau	b	2	Iranian	Avestan	Zoroastrian		avesta	1	Avesta	Used in ancient Iran: a faithful man, honoured in the Avesta's Fravardin Yasht, Yasht 13.118 (Avestan text: hugêush); Darmesteter's translation.
Husravah	b	2	Iranian	Avestan	Zoroastrian		avesta	1	Avesta	Used in ancient Iran: a faithful man, honoured in the Avesta's Fravardin Yasht, Yasht 13.132 (Avestan text: haosravanghô); Darmesteter's translation.
Hutaosa	g	2	Iranian	Avestan	Zoroastrian		avesta	1	Avesta	Used in ancient Iran: a faithful woman, honoured in the Avesta's Fravardin Yasht, Yasht 13.139 (Avestan text: hutaosayå); Darmesteter's translation.
Huyazata	b	2	Iranian	Avestan	Zoroastrian		avesta	1	Avesta	Used in ancient Iran: a faithful man, honoured in the Avesta's Fravardin Yasht, Yasht 13.117 (Avestan text: huyazatahe); Darmesteter's translation.
Hydarnes	b	2	Persian	Old Persian			peo	1		Used in ancient Iran: a given name. Old Persian Vidr̥na (Wiktionary).
Hystaspes	b	2	Persian	Old Persian			peo	1		Used in ancient Iran: Hystaspes, 6th century BC Persian strap of Bactria and Persis (Wikidata Q379863). Old Persian Vištāspa (Wiktionary). Written ویشتاسپ.
Intaphernes	b	2	Persian	Old Persian			peo	1		Used in ancient Iran: a given name. Old Persian Viⁿdafarnā (Wiktionary).
Isvat	b	2	Iranian	Avestan	Zoroastrian		avesta	1	Avesta	Used in ancient Iran: a faithful man, son of Varaza, honoured in the Avesta's Fravardin Yasht, Yasht 13.96 (Avestan text: isvatô); Darmesteter's translation.
Jamaspa	b	2	Iranian	Avestan	Zoroastrian		avesta	1	Avesta	Used in ancient Iran: a faithful man, son of Hvova, honoured in the Avesta's Fravardin Yasht, Yasht 13.103 (Avestan text: jâmâspahe); Darmesteter's translation.
Karesna	b	2	Iranian	Avestan	Zoroastrian		avesta	1	Avesta	Used in ancient Iran: a faithful man, son of Zbaurvant, honoured in the Avesta's Fravardin Yasht, Yasht 13.106 (Avestan text: karsnahe); Darmesteter's translation.
Kasupatu	b	2	Iranian	Avestan	Zoroastrian		avesta	1	Avesta	Used in ancient Iran: a faithful man, son of Ara, honoured in the Avesta's Fravardin Yasht, Yasht 13.110 (Avestan text: kasupitêush); Darmesteter's translation.
Kavata	b	2	Iranian	Avestan	Zoroastrian		avesta	0	Avesta	Used in ancient Iran: a faithful man, honoured in the Avesta's Fravardin Yasht, Yasht 13.132 (Avestan text: kavâtahe); Darmesteter's translation.
Kayanoush	b	2	Persian	Persian			shahnameh	1	Shahnameh	In Ferdowsi's Shahnameh (Kayanoush, Character in the Shahnameh; first in Shahnameh, ضحاک, بخش ۷ - کاوهٔ آهنگر و درفش کاویانی و ساخته شدن گرز گاوسر, bayt 74). Written کیانوش.
Keresaspa	b	2	Iranian	Avestan	Zoroastrian		avesta	1	Avesta	Used in ancient Iran: a faithful man, honoured in the Avesta's Fravardin Yasht, Yasht 13.136 (Avestan text: keresâspahe); Darmesteter's translation.
Mahafarid	g	2	Persian	Persian			shahnameh	1	Shahnameh	In Ferdowsi's Shahnameh (Mahafarid; first in Shahnameh, فریدون, بخش ۱۲ - زاده شدن منوچهر, bayt 6). Written ماه آفريد. Written ماه آفريد.
Mardas	b	2	Persian	Persian			shahnameh	1	Shahnameh	In Ferdowsi's Shahnameh (Mardas, Legendary character in Shahnameh; first in Shahnameh, جمشید, بخش ۲ - مرداس تازی و فرزند ناخلفش ضحاک, bayt 3). Written مرداس.
Mazdayasna	b	2	Iranian	Avestan	Zoroastrian		avesta	1	Avesta	Used in ancient Iran: a faithful man, named as a father, honoured in the Avesta's Fravardin Yasht, Yasht 13.121 (Avestan text: mazdayasnahe); Darmesteter's translation.
Megabyzus	b	2	Persian	Old Persian			peo	1		Used in ancient Iran: a given name. Old Persian Bagabuxša (Wiktionary).
Mirbandag	b	2	Iranian	Bactrian		slave of Mithra	xbc	1		Used in ancient Iran: a given name. Bactrian Μιροβανδαγο (Wiktionary).
Nanarasti	b	2	Iranian	Avestan	Zoroastrian		avesta	1	Avesta	Used in ancient Iran: a faithful man, son of Paeshatah, honoured in the Avesta's Fravardin Yasht, Yasht 13.115 (Avestan text: nanarâstôish); Darmesteter's translation.
Naotara	b	2	Iranian	Avestan	Zoroastrian		avesta	1	Avesta	Used in ancient Iran: a faithful man, named as a father, honoured in the Avesta's Fravardin Yasht, Yasht 13.102 (Avestan text: naotairyânahe); Darmesteter's translation.
Naptya	b	2	Iranian	Avestan	Zoroastrian		avesta	1	Avesta	Used in ancient Iran: a faithful man, honoured in the Avesta's Fravardin Yasht, Yasht 13.102 (Avestan text: naptyehe); Darmesteter's translation.
Nastihan	b	2	Persian	Persian			shahnameh	1	Shahnameh	In Ferdowsi's Shahnameh (Nastihan, Character in the Shahnameh; first in Shahnameh, داستان سیاوش, بخش ۹, bayt 123). Written نستیهن.
Nowzar	b	2	Persian	Persian			shahnameh	1	Shahnameh	In Ferdowsi's Shahnameh (Nowzar, mythical ancient Persian monarch; first in Shahnameh, منوچهر, بخش ۳ - بازگشت زال از پیش سیمرغ و بزرگداشت او, bayt 3). Written نوذر.
Pabag	b	2	Persian	Middle Persian			pal	0		Used in ancient Iran: a given name. Middle Persian Pābag (Wiktionary). Written بابک.
Pakur	b	2	Persian	Middle Persian			pal,xpr	1		Used in ancient Iran: a given name. Middle Persian 𐭯𐭪𐭥𐭥𐭩 (Wiktionary).
Pashutan	b	2	Persian	Persian			shahnameh	1	Shahnameh	In Ferdowsi's Shahnameh (Pashutan, Eschatological figure of the medieval texts of Zoroastrian tradition; first in Shahnameh, پادشاهی گشتاسپ صد و بیست سال بود, بخش ۲ - سخن دقیقی, bayt 20). Written پشوتن.
Pazinah	b	2	Iranian	Avestan	Zoroastrian		avesta	1	Avesta	Used in ancient Iran: a faithful man, honoured in the Avesta's Fravardin Yasht, Yasht 13.117 (Avestan text: pâzinanghô); Darmesteter's translation.
Peshotanu	b	2	Persian	Persian			shahnameh	1	Shahnameh	In Ferdowsi's Shahnameh (Peshotanu, Eschatological figure of the medieval texts of Zoroastrian tradition; first in Shahnameh, پادشاهی گشتاسپ صد و بیست سال بود, بخش ۲ - سخن دقیقی, bayt 20). Written پشوتن.
Pisanah	b	2	Iranian	Avestan	Zoroastrian		avesta	1	Avesta	Used in ancient Iran: a faithful man, honoured in the Avesta's Fravardin Yasht, Yasht 13.132 (Avestan text: pisinanghô); Darmesteter's translation.
Pouruchista	g	2	Iranian	Avestan	Zoroastrian		avesta	1	Avesta	Used in ancient Iran: a faithful woman, honoured in the Avesta's Fravardin Yasht, Yasht 13.139 (Avestan text: pourucistayå); Darmesteter's translation.
Qobad	b	2	Persian	Persian			shahnameh	1	Shahnameh	In Ferdowsi's Shahnameh (Qobad, Sasanian King of Kings (488–531)). Written قباد.
Ravant	b	2	Iranian	Avestan	Zoroastrian		avesta	1	Avesta	Used in ancient Iran: a faithful man, named as a father, honoured in the Avesta's Fravardin Yasht, Yasht 13.123 (Avestan text: ravatô); Darmesteter's translation.
Sadhanah	b	2	Iranian	Avestan	Zoroastrian		avesta	1	Avesta	Used in ancient Iran: a faithful man, named as a father, honoured in the Avesta's Fravardin Yasht, Yasht 13.115 (Avestan text: sadhananghô); Darmesteter's translation.
Sindokht	g	2	Persian	Persian			shahnameh	1	Shahnameh	In Ferdowsi's Shahnameh (Sindokht, fictional character in the Shahnameh; first in Shahnameh, منوچهر, بخش ۵ - گفتگوی مهراب و سیندخت دربارهٔ سام و زال و عاشق شدن رودابه ندیده زال را, bayt 3). Written سیندخت.
Sindukht	g	2	Persian	Persian			shahnameh	1	Shahnameh	In Ferdowsi's Shahnameh (Sindukht, fictional character in the Shahnameh; first in Shahnameh, منوچهر, بخش ۵ - گفتگوی مهراب و سیندخت دربارهٔ سام و زال و عاشق شدن رودابه ندیده زال را, bayt 3). Written سیندخت.
Spenta	b	2	Iranian	Avestan	Zoroastrian		avesta	1	Avesta	Used in ancient Iran: a faithful man, named as a father, honoured in the Avesta's Fravardin Yasht, Yasht 13.123 (Avestan text: speñghahe); Darmesteter's translation.
Spitama	b	2	Iranian	Avestan	Zoroastrian		avesta	1	Avesta	Used in ancient Iran: a faithful man, named as a father, honoured in the Avesta's Fravardin Yasht, Yasht 13.98 (Avestan text: spitâmahe); Darmesteter's translation.
Spiti	b	2	Iranian	Avestan	Zoroastrian		avesta	1	Avesta	Used in ancient Iran: a faithful man, son of Uspasnu, honoured in the Avesta's Fravardin Yasht, Yasht 13.121 (Avestan text: spitôish); Darmesteter's translation.
Stipi	b	2	Iranian	Avestan	Zoroastrian		avesta	1	Avesta	Used in ancient Iran: a faithful man, son of Ravant, honoured in the Avesta's Fravardin Yasht, Yasht 13.123 (Avestan text: stipôish); Darmesteter's translation.
Stivant	b	2	Iranian	Avestan	Zoroastrian		avesta	1	Avesta	Used in ancient Iran: a faithful man, named as a father, honoured in the Avesta's Fravardin Yasht, Yasht 13.121 (Avestan text: stivatô); Darmesteter's translation.
Syavaspi	b	2	Iranian	Avestan	Zoroastrian		avesta	1	Avesta	Used in ancient Iran: a faithful man, honoured in the Avesta's Fravardin Yasht, Yasht 13.114 (Avestan text: syâvaspôish); Darmesteter's translation.
Taurvati	b	2	Iranian	Avestan	Zoroastrian		avesta	1	Avesta	Used in ancient Iran: a faithful man, named as a father, honoured in the Avesta's Fravardin Yasht, Yasht 13.115 (Avestan text: taurvaêtôish); Darmesteter's translation.
Tirdat	b	2	Iranian	Parthian			xpr	1		Used in ancient Iran: a given name. Parthian Tīrdāt (Wiktionary).
Tiridat	b	2	Iranian	Parthian			xpr	0		Used in ancient Iran: a given name. Parthian Tīrīdāt (Wiktionary).
Tumaspa	b	2	Iranian	Avestan	Zoroastrian		avesta	1	Avesta	Used in ancient Iran: a faithful man, named as a father, honoured in the Avesta's Fravardin Yasht, Yasht 13.131 (Avestan text: tumâspanahe); Darmesteter's translation.
Tur	b	2	Persian	Persian			persian,shahnameh	0	Shahnameh	A Persian name from Middle Persian tōlag (Wiktionary). In Ferdowsi's Shahnameh (Tur, son of Fereydun and predecessor of the Turanians). Written تور.
Tush	b	2	Persian	Persian			shahnameh	0	Shahnameh	In Ferdowsi's Shahnameh (Tush, Character in Shahnameh; first in Shahnameh, پادشاهی گشتاسپ صد و بیست سال بود, بخش ۲۳ - سخن دقیقی, bayt 5). Written طوش.
Upadarma	b	2	Persian	Old Persian			peo	1		Used in ancient Iran: a given name. Old Persian Upadarma (Wiktionary).
Urudhayant	g	2	Iranian	Avestan	Zoroastrian		avesta	1	Avesta	Used in ancient Iran: a faithful woman, honoured in the Avesta's Fravardin Yasht, Yasht 13.141 (Avestan text: urûdhayañtô); Darmesteter's translation.
Urudhu	b	2	Iranian	Avestan	Zoroastrian		avesta	1	Avesta	Used in ancient Iran: a faithful man, son of Pouru-dhakhshti, honoured in the Avesta's Fravardin Yasht, Yasht 13.112 (Avestan text: pourudhâxshtayanahe); Darmesteter's translation.
Usadhan	b	2	Iranian	Avestan	Zoroastrian		avesta	1	Avesta	Used in ancient Iran: a faithful man, son of Mazdayasna, honoured in the Avesta's Fravardin Yasht, Yasht 13.121 (Avestan text: usadhânô); Darmesteter's translation.
Usenemah	b	2	Iranian	Avestan	Zoroastrian		avesta	1	Avesta	Used in ancient Iran: a faithful man, named as a husband, honoured in the Avesta's Fravardin Yasht, Yasht 13.140 (Avestan text: usinemanghô); Darmesteter's translation.
Usinemah	b	2	Iranian	Avestan	Zoroastrian		avesta	1	Avesta	Used in ancient Iran: a faithful man, honoured in the Avesta's Fravardin Yasht, Yasht 13.113 (Avestan text: usinemanghô); Darmesteter's translation.
Usmanara	b	2	Iranian	Avestan	Zoroastrian		avesta	1	Avesta	Used in ancient Iran: a faithful man, son of Paeshata, honoured in the Avesta's Fravardin Yasht, Yasht 13.97 (Avestan text: usmânarahe); Darmesteter's translation.
Usnaka	b	2	Iranian	Avestan	Zoroastrian		avesta	1	Avesta	Used in ancient Iran: a faithful man, honoured in the Avesta's Fravardin Yasht, Yasht 13.117 (Avestan text: usnâkahe); Darmesteter's translation.
Uspasnu	b	2	Iranian	Avestan	Zoroastrian		avesta	1	Avesta	Used in ancient Iran: a faithful man, named as a father, honoured in the Avesta's Fravardin Yasht, Yasht 13.121 (Avestan text: uspãsnaosh); Darmesteter's translation.
Utayuti	b	2	Iranian	Avestan	Zoroastrian		avesta	1	Avesta	Used in ancient Iran: a faithful man, son of Zighri, honoured in the Avesta's Fravardin Yasht, Yasht 13.126 (Avestan text: utayutôish); Darmesteter's translation.
Uzava	b	2	Iranian	Avestan	Zoroastrian		avesta	1	Avesta	Used in ancient Iran: a faithful man, son of Tumaspa, honoured in the Avesta's Fravardin Yasht, Yasht 13.131 (Avestan text: uzavahe); Darmesteter's translation.
Uzya	b	2	Iranian	Avestan	Zoroastrian		avesta	1	Avesta	Used in ancient Iran: a faithful man, son of Vanghu-dhata, honoured in the Avesta's Fravardin Yasht, Yasht 13.119 (Avestan text: uzyehe); Darmesteter's translation.
Vadhut	g	2	Iranian	Avestan	Zoroastrian		avesta	1	Avesta	Used in ancient Iran: a faithful woman, honoured in the Avesta's Fravardin Yasht, Yasht 13.141 (Avestan text: vadhûtô); Darmesteter's translation.
Vagereza	b	2	Iranian	Avestan	Zoroastrian		avesta	1	Avesta	Used in ancient Iran: a faithful man, named as a father, honoured in the Avesta's Fravardin Yasht, Yasht 13.115 (Avestan text: vâgerezahe); Darmesteter's translation.
Varakasa	b	2	Iranian	Avestan	Zoroastrian		avesta	1	Avesta	Used in ancient Iran: a faithful man, named as a father, honoured in the Avesta's Fravardin Yasht, Yasht 13.113 (Avestan text: varakasânahe); Darmesteter's translation.
Varaza	b	2	Iranian	Avestan	Zoroastrian		avesta	1	Avesta	Used in ancient Iran: a faithful man, named as a father, honoured in the Avesta's Fravardin Yasht, Yasht 13.96 (Avestan text: varâzahe); Darmesteter's translation.
Varesmapa	b	2	Iranian	Avestan	Zoroastrian		avesta	1	Avesta	Used in ancient Iran: a faithful man, son of Janara, honoured in the Avesta's Fravardin Yasht, Yasht 13.115 (Avestan text: varesmapahe); Darmesteter's translation.
Vazhaspa	b	2	Iranian	Avestan	Zoroastrian		avesta	1	Avesta	Used in ancient Iran: a faithful man, honoured in the Avesta's Fravardin Yasht, Yasht 13.102 (Avestan text: vazhâspahe); Darmesteter's translation.
Viraspa	b	2	Iranian	Avestan	Zoroastrian		avesta	1	Avesta	Used in ancient Iran: a faithful man, son of Karesna, honoured in the Avesta's Fravardin Yasht, Yasht 13.108 (Avestan text: vîrâspahe); Darmesteter's translation.
Vis	g	2	Persian	Persian		clan	persian	0		A Persian name from Old Persian viθ- (Wiktionary). Written ویس.
Visadha	b	2	Iranian	Avestan	Zoroastrian		avesta	1	Avesta	Used in ancient Iran: a faithful man, honoured in the Avesta's Fravardin Yasht, Yasht 13.110 (Avestan text: vaêsadhahe); Darmesteter's translation.
Viseh	b	2	Persian	Persian			shahnameh	1	Shahnameh	In Ferdowsi's Shahnameh (Viseh; first in Shahnameh, پادشاهی نوذر, بخش ۲, bayt 8). Written ویسه.
Visruta	b	2	Iranian	Avestan	Zoroastrian		avesta	1	Avesta	Used in ancient Iran: a faithful man, honoured in the Avesta's Fravardin Yasht, Yasht 13.121 (Avestan text: vîsrûtahe); Darmesteter's translation.
Visrutara	b	2	Iranian	Avestan	Zoroastrian		avesta	1	Avesta	Used in ancient Iran: a faithful man, honoured in the Avesta's Fravardin Yasht, Yasht 13.121 (Avestan text: vîsrûtârahe); Darmesteter's translation.
Vistaspa	b	2	Iranian	Avestan	Zoroastrian		avesta	1	Avesta	Used in ancient Iran: a faithful man, honoured in the Avesta's Fravardin Yasht, Yasht 13.99 (Avestan text: vîshtâspahe); Darmesteter's translation.
Vistauru	b	2	Iranian	Avestan	Zoroastrian		avesta	1	Avesta	Used in ancient Iran: a faithful man, son of Naotara, honoured in the Avesta's Fravardin Yasht, Yasht 13.102 (Avestan text: vistaraosh); Darmesteter's translation.
Vohvasti	b	2	Iranian	Avestan	Zoroastrian		avesta	1	Avesta	Used in ancient Iran: a faithful man, son of Snaoya, honoured in the Avesta's Fravardin Yasht, Yasht 13.96 (Avestan text: vohvastôish); Darmesteter's translation.
Vyatana	b	2	Iranian	Avestan	Zoroastrian		avesta	1	Avesta	Used in ancient Iran: a faithful man, named as a father, honoured in the Avesta's Fravardin Yasht, Yasht 13.123 (Avestan text: vyâtanahe); Darmesteter's translation.
Zairichi	g	2	Iranian	Avestan	Zoroastrian		avesta	1	Avesta	Used in ancient Iran: a faithful woman, honoured in the Avesta's Fravardin Yasht, Yasht 13.139 (Avestan text: zairicyå); Darmesteter's translation.
Zairita	b	2	Iranian	Avestan	Zoroastrian		avesta	1	Avesta	Used in ancient Iran: a faithful man, named as a father, honoured in the Avesta's Fravardin Yasht, Yasht 13.98 (Avestan text: zairitahe); Darmesteter's translation.
Zairyach	b	2	Iranian	Avestan	Zoroastrian		avesta	1	Avesta	Used in ancient Iran: a faithful man, named as a father, honoured in the Avesta's Fravardin Yasht, Yasht 13.114 (Avestan text: jairyãsh); Darmesteter's translation.
Zangolah	b	2	Persian	Persian			shahnameh	1	Shahnameh	In Ferdowsi's Shahnameh (Zangolah; first in Shahnameh, داستان دوازده رخ, بخش ۲۰, bayt 16). Written زنگله.
Zaosha	b	2	Iranian	Avestan	Zoroastrian		avesta	1	Avesta	Used in ancient Iran: a faithful man, named as a father, honoured in the Avesta's Fravardin Yasht, Yasht 13.124 (Avestan text: zaoshahe); Darmesteter's translation.
Zarazdati	b	2	Iranian	Avestan	Zoroastrian		avesta	1	Avesta	Used in ancient Iran: a faithful man, son of Paeshatah, honoured in the Avesta's Fravardin Yasht, Yasht 13.115 (Avestan text: zrazdâtôish); Darmesteter's translation.
Zarir	b	2	Persian	Persian			shahnameh	1	Shahnameh	In Ferdowsi's Shahnameh (Zarir, Sasanian Empire rebel; first in Shahnameh, داستان خاقان چین, بخش ۵, bayt 61). Written زریر.
Zartosht	b	2	Persian	Persian			shahnameh	1	Shahnameh	In Ferdowsi's Shahnameh (Zartosht, founder of Zoroastrianism; first in Shahnameh, پادشاهی گشتاسپ صد و بیست سال بود, بخش ۴ - سخن دقیقی, bayt 2). Written زردشت.
Achaemenes	b	3	Persian	Old Persian			peo	0		Used in ancient Iran: Achaemenes, possibly mythical apical ancestor of the Achaemenid dynasty, living in the 7th century BC and possibly a ruler of Parsumash, a vassal state of the Median Empire (Wikidata Q312032). Old Persian Haxāmaniš (Wiktionary). Written هخامنش.
Āçina	b	3	Persian	Old Persian			peo	0		Used in ancient Iran: a given name. Old Persian Āçina (Wiktionary).
Aeta	b	3	Iranian	Avestan	Zoroastrian		avesta	1	Avesta	Used in ancient Iran: a faithful man, honoured in the Avesta's Fravardin Yasht, Yasht 13.123 (Avestan text: aêtavahe); Darmesteter's translation.
Aevo-saredha-fyaeshta	b	3	Iranian	Avestan	Zoroastrian		avesta	1	Avesta	Used in ancient Iran: a faithful man, named as a father, honoured in the Avesta's Fravardin Yasht, Yasht 13.125 (Avestan text: aêvô-saredhô); Darmesteter's translation.
Aghraeratha	b	3	Iranian	Avestan	Zoroastrian		avesta	1	Avesta	Used in ancient Iran: a faithful man, honoured in the Avesta's Fravardin Yasht, Yasht 13.131 (Avestan text: akhraêrathahe); Darmesteter's translation.
Aghrirat	b	3	Persian	Persian			shahnameh	1	Shahnameh	In Ferdowsi's Shahnameh (Aghrirat, character in Shahnameh and Iranian mythology; first in Shahnameh, پادشاهی نوذر, بخش ۲, bayt 27). Written اغریرث.
Aghrirath	b	3	Persian	Persian			shahnameh	1	Shahnameh	In Ferdowsi's Shahnameh (Aghrirath, character in Shahnameh and Iranian mythology; first in Shahnameh, پادشاهی نوذر, بخش ۲, bayt 27). Written اغریرث.
Ahum-stut	b	3	Iranian	Avestan	Zoroastrian		avesta	1	Avesta	Used in ancient Iran: a faithful man, named as a father, honoured in the Avesta's Fravardin Yasht, Yasht 13.97 (Avestan text: ahûm-stûtô); Darmesteter's translation.
Aipivanghu	b	3	Iranian	Avestan	Zoroastrian		avesta	1	Avesta	Used in ancient Iran: a faithful man, honoured in the Avesta's Fravardin Yasht, Yasht 13.132 (Avestan text: aipivanghêush); Darmesteter's translation.
Aiwi-hvarenah	b	3	Iranian	Avestan	Zoroastrian		avesta	1	Avesta	Used in ancient Iran: a faithful man, honoured in the Avesta's Fravardin Yasht, Yasht 13.117 (Avestan text: aiwihvarenanghô); Darmesteter's translation.
Akhnangha	b	3	Iranian	Avestan	Zoroastrian		avesta	1	Avesta	Used in ancient Iran: a faithful man, named as a father, honoured in the Avesta's Fravardin Yasht, Yasht 13.122 (Avestan text: ãxnanghahe); Darmesteter's translation.
Akhrura	b	3	Iranian	Avestan	Zoroastrian		avesta	1	Avesta	Used in ancient Iran: a faithful man, son of Husravah, honoured in the Avesta's Fravardin Yasht, Yasht 13.137 (Avestan text: âxrûrahe); Darmesteter's translation.
Akvan Div	b	3	Persian	Persian			shahnameh	1	Shahnameh	In Ferdowsi's Shahnameh (Akvan Div, persian creature of myth; first in Shahnameh, داستان اکوان دیو, داستان اکوان دیو, bayt 46). Written اکوان دیو. Written اکوان دیو.
Anghuyu	b	3	Iranian	Avestan	Zoroastrian		avesta	1	Avesta	Used in ancient Iran: a faithful man, honoured in the Avesta's Fravardin Yasht, Yasht 13.118 (Avestan text: anghuyaosh); Darmesteter's translation.
Anushiravan	b	3	Persian	Persian			persian	0		A Persian name from Middle Persian anōšag ruwān (Wiktionary). Written انوشیروان.
Aoighimatastira	b	3	Iranian	Avestan	Zoroastrian		avesta	1	Avesta	Used in ancient Iran: a faithful man, named as a father, honoured in the Avesta's Fravardin Yasht, Yasht 13.125 (Avestan text: aoikhmatasturahe); Darmesteter's translation.
Aoshnara	b	3	Iranian	Avestan	Zoroastrian		avesta	1	Avesta	Used in ancient Iran: a faithful man, son of Pouru-jira, honoured in the Avesta's Fravardin Yasht, Yasht 13.131 (Avestan text: aoshnarahe); Darmesteter's translation.
Aravaoshtra	b	3	Iranian	Avestan	Zoroastrian		avesta	1	Avesta	Used in ancient Iran: a faithful man, son of Erezvat-danghu, honoured in the Avesta's Fravardin Yasht, Yasht 13.124 (Avestan text: aravaoshtrahe); Darmesteter's translation.
Ardabān	b	3	Iranian	Parthian			xpr	0		Used in ancient Iran: a given name. Parthian Ardawān (Wiktionary).
Ardashir I	b	3	Persian	Persian			shahnameh	1	Shahnameh	In Ferdowsi's Shahnameh (Ardashir I, founder of the Sassanid Empire (r. 224–242); first in Shahnameh, پادشاهی گشتاسپ صد و بیست سال بود, بخش ۱۰ - سخن دقیقی, bayt 30). Written اردشیر.
Arejan-ghant	b	3	Iranian	Avestan	Zoroastrian		avesta	1	Avesta	Used in ancient Iran: a faithful man, honoured in the Avesta's Fravardin Yasht, Yasht 13.113 (Avestan text: arejanguhatô); Darmesteter's translation.
Arjasp	b	3	Persian	Persian			shahnameh	1	Shahnameh	In Ferdowsi's Shahnameh (Arjasp, figure of Iranian mythology; first in Shahnameh, پادشاهی کسری نوشین روان چهل و هشت سال بود, بخش ۵ - رزم خاقان چین با هیتالیان, bayt 33). Written ارجاسب.
Arshvant	b	3	Iranian	Avestan	Zoroastrian		avesta	1	Avesta	Used in ancient Iran: a faithful man, honoured in the Avesta's Fravardin Yasht, Yasht 13.109 (Avestan text: arshavatô); Darmesteter's translation.
Artapān	b	3	Iranian	Parthian			xpr	1		Used in ancient Iran: a given name. Parthian Artapān (Wiktionary).
Arzhang	b	3	Persian	Persian			persian	0		A Persian name from Middle Persian (Wiktionary). Written ارژنگ.
Arzhang Div	b	3	Persian	Persian			shahnameh	1	Shahnameh	In Ferdowsi's Shahnameh (Arzhang Div, character of Shahnameh of Persian mythology; first in Shahnameh, پادشاهی کی‌کاووس و رفتن او به مازندران, بخش ۹, bayt 91). Written ارژنگ دیو. Written ارژنگ دیو.
Asan-hvanvant	b	3	Iranian	Avestan	Zoroastrian		avesta	1	Avesta	Used in ancient Iran: a faithful man, honoured in the Avesta's Fravardin Yasht, Yasht 13.96 (Avestan text: hvanvatô); Darmesteter's translation.
Asha-nemah	b	3	Iranian	Avestan	Zoroastrian		avesta	1	Avesta	Used in ancient Iran: a faithful man, honoured in the Avesta's Fravardin Yasht, Yasht 13.127 (Avestan text: asha-nemanghå); Darmesteter's translation.
Asha-sairyach	b	3	Iranian	Avestan	Zoroastrian		avesta	1	Avesta	Used in ancient Iran: a faithful man, named as a father, honoured in the Avesta's Fravardin Yasht, Yasht 13.114 (Avestan text: ashasairyãsh); Darmesteter's translation.
Asha-saredha	b	3	Iranian	Avestan	Zoroastrian		avesta	1	Avesta	Used in ancient Iran: a faithful man, son of Asha-sairyach, honoured in the Avesta's Fravardin Yasht, Yasht 13.114 (Avestan text: ashasaredhahe); Darmesteter's translation.
Asha-savah	b	3	Iranian	Avestan	Zoroastrian		avesta	1	Avesta	Used in ancient Iran: a faithful man, honoured in the Avesta's Fravardin Yasht, Yasht 13.116 (Avestan text: ashasavanghô); Darmesteter's translation.
Asha-skyaothna	b	3	Iranian	Avestan	Zoroastrian		avesta	1	Avesta	Used in ancient Iran: a faithful man, son of Gayadhasti, honoured in the Avesta's Fravardin Yasht, Yasht 13.114 (Avestan text: asha-shyaothnahe); Darmesteter's translation.
Asha-stu	b	3	Iranian	Avestan	Zoroastrian		avesta	1	Avesta	Used in ancient Iran: a faithful man, son of Maidhyo-maungha, honoured in the Avesta's Fravardin Yasht, Yasht 13.106 (Avestan text: ashastvô); Darmesteter's translation.
Asha-vanghu	b	3	Iranian	Avestan	Zoroastrian		avesta	1	Avesta	Used in ancient Iran: a faithful man, son of Bivandangha, honoured in the Avesta's Fravardin Yasht, Yasht 13.110 (Avestan text: ashâvanghêush); Darmesteter's translation.
Asha-vazdah	b	3	Iranian	Avestan	Zoroastrian		avesta	1	Avesta	Used in ancient Iran: a faithful man, son of Pouru-dhakhshti, honoured in the Avesta's Fravardin Yasht, Yasht 13.112 (Avestan text: ashavazdanghô); Darmesteter's translation.
Ashem-yahmai-ushta	b	3	Iranian	Avestan	Zoroastrian		avesta	1	Avesta	Used in ancient Iran: a faithful man, honoured in the Avesta's Fravardin Yasht, Yasht 13.120 (Avestan text: ýahmâi-ushta); Darmesteter's translation.
Ashem-yenhe-raochau	b	3	Iranian	Avestan	Zoroastrian		avesta	1	Avesta	Used in ancient Iran: a faithful man, honoured in the Avesta's Fravardin Yasht, Yasht 13.120 (Avestan text: ashem-ýenghe-raocå); Darmesteter's translation.
Ashem-yenhe-vereza	b	3	Iranian	Avestan	Zoroastrian		avesta	1	Avesta	Used in ancient Iran: a faithful man, honoured in the Avesta's Fravardin Yasht, Yasht 13.120 (Avestan text: ashem-ýenghe-vareza); Darmesteter's translation.
Ashkash	b	3	Persian	Persian			shahnameh	1	Shahnameh	In Ferdowsi's Shahnameh (Ashkash, persian mythological hero of the epic poem Shahnameh; first in Shahnameh, پادشاهی کیخسرو شصت سال بود, بخش ۳, bayt 179). Written اشکش.
Ashkbous	b	3	Persian	Persian			shahnameh	0	Shahnameh	In Ferdowsi's Shahnameh (Ashkbous; first in Shahnameh, داستان کاموس کشانی, بخش ۱۵, bayt 1). Written اشکبوس.
Asho-paoirya	b	3	Iranian	Avestan	Zoroastrian		avesta	1	Avesta	Used in ancient Iran: a faithful man, honoured in the Avesta's Fravardin Yasht, Yasht 13.117 (Avestan text: ashô-paoiryehe); Darmesteter's translation.
Asho-raochah	b	3	Iranian	Avestan	Zoroastrian		avesta	1	Avesta	Used in ancient Iran: a faithful man, son of Franya, honoured in the Avesta's Fravardin Yasht, Yasht 13.97 (Avestan text: ashô-raocanghô); Darmesteter's translation.
Asho-urvatha	b	3	Iranian	Avestan	Zoroastrian		avesta	1	Avesta	Used in ancient Iran: a faithful man, honoured in the Avesta's Fravardin Yasht, Yasht 13.116 (Avestan text: ashâurvaêthahe); Darmesteter's translation.
Asmo-hvanvant	b	3	Iranian	Avestan	Zoroastrian		avesta	1	Avesta	Used in ancient Iran: a faithful man, honoured in the Avesta's Fravardin Yasht, Yasht 13.96 (Avestan text: hvanvatô); Darmesteter's translation.
Aspacanā	b	3	Persian	Old Persian			peo	1		Used in ancient Iran: most famously held by a senior official under Darius the Great and Xerxes. Old Persian Aspacanā (Wiktionary).
Aspandfar	b	3	Iranian	Bactrian		(possessing) the glory of the Holy (spirit)	xbc	1		Used in ancient Iran: a given name. Bactrian Ασπανδοφαρο (Wiktionary).
Aspandlad	b	3	Iranian	Bactrian		given/created by the Holy (Spirit)	xbc	1		Used in ancient Iran: a given name. Bactrian Ασπανδολαδο (Wiktionary).
Aspo-padho-makhshti	b	3	Iranian	Avestan	Zoroastrian		avesta	1	Avesta	Used in ancient Iran: a faithful man, honoured in the Avesta's Fravardin Yasht, Yasht 13.116 (Avestan text: spôpadhô); Darmesteter's translation.
Astvat-Ereta	b	3	Iranian	Avestan	Zoroastrian		avesta	1	Avesta	Used in ancient Iran: a faithful man, honoured in the Avesta's Fravardin Yasht, Yasht 13.110 (Avestan text: astvat-eretahe); Darmesteter's translation.
Atare-chithra	b	3	Iranian	Avestan	Zoroastrian		avesta	1	Avesta	Used in ancient Iran: a faithful man, honoured in the Avesta's Fravardin Yasht, Yasht 13.102 (Avestan text: âterecithrahe); Darmesteter's translation.
Atare-danghu	b	3	Iranian	Avestan	Zoroastrian		avesta	1	Avesta	Used in ancient Iran: a faithful man, honoured in the Avesta's Fravardin Yasht, Yasht 13.102 (Avestan text: âteredainghêush); Darmesteter's translation.
Atare-data	b	3	Iranian	Avestan	Zoroastrian		avesta	1	Avesta	Used in ancient Iran: a faithful man, honoured in the Avesta's Fravardin Yasht, Yasht 13.102 (Avestan text: âteredâtahe); Darmesteter's translation.
Atare-hvarenah	b	3	Iranian	Avestan	Zoroastrian		avesta	1	Avesta	Used in ancient Iran: a faithful man, honoured in the Avesta's Fravardin Yasht, Yasht 13.102 (Avestan text: âterehvarenanghô); Darmesteter's translation.
Atare-pata	b	3	Iranian	Avestan	Zoroastrian		avesta	1	Avesta	Used in ancient Iran: a faithful man, honoured in the Avesta's Fravardin Yasht, Yasht 13.102 (Avestan text: âterepâtahe); Darmesteter's translation.
Atare-savah	b	3	Iranian	Avestan	Zoroastrian		avesta	1	Avesta	Used in ancient Iran: a faithful man, honoured in the Avesta's Fravardin Yasht, Yasht 13.102 (Avestan text: âteresavanghô); Darmesteter's translation.
Atare-vanu	b	3	Iranian	Avestan	Zoroastrian		avesta	1	Avesta	Used in ancient Iran: a faithful man, honoured in the Avesta's Fravardin Yasht, Yasht 13.102 (Avestan text: âterevanaosh); Darmesteter's translation.
Atare-zantu	b	3	Iranian	Avestan	Zoroastrian		avesta	1	Avesta	Used in ancient Iran: a faithful man, honoured in the Avesta's Fravardin Yasht, Yasht 13.102 (Avestan text: âterezañtêush); Darmesteter's translation.
Athwyoza	b	3	Iranian	Avestan	Zoroastrian		avesta	1	Avesta	Used in ancient Iran: a faithful man, named as a father, honoured in the Avesta's Fravardin Yasht, Yasht 13.110 (Avestan text: âithwyaosh); Darmesteter's translation.
Avaraoshtri	b	3	Iranian	Avestan	Zoroastrian		avesta	1	Avesta	Used in ancient Iran: a faithful man, honoured in the Avesta's Fravardin Yasht, Yasht 13.103 (Avestan text: avâraoshtrôish); Darmesteter's translation.
Avare-gau	b	3	Iranian	Avestan	Zoroastrian		avesta	1	Avesta	Used in ancient Iran: a faithful man, son of Aoighimatastira, honoured in the Avesta's Fravardin Yasht, Yasht 13.125 (Avestan text: avaregêush); Darmesteter's translation.
Avarethrabah	b	3	Iranian	Avestan	Zoroastrian		avesta	1	Avesta	Used in ancient Iran: a faithful man, son of Rastare-vaghant, honoured in the Avesta's Fravardin Yasht, Yasht 13.106 (Avestan text: avarethrabanghô); Darmesteter's translation.
Ayo-asti	b	3	Iranian	Avestan	Zoroastrian		avesta	1	Avesta	Used in ancient Iran: a faithful man, son of Pouru-dhakhshti, honoured in the Avesta's Fravardin Yasht, Yasht 13.112 (Avestan text: ayô-astôish); Darmesteter's translation.
Bagābigna	b	3	Persian	Old Persian			peo	1		Used in ancient Iran: a given name. Old Persian Bagābigna (Wiktionary).
Bagdāt	b	3	Iranian	Parthian			xpr	0		Used in ancient Iran: a given name. Parthian Bagdāt (Wiktionary).
Bahram Chobin	b	3	Persian	Persian			shahnameh	1	Shahnameh	In Ferdowsi's Shahnameh (Bahram Chobin, Sasanian general and political leader (died 591); first in Shahnameh, پادشاهی هرمزد دوازده سال بود, بخش ۳, bayt 161). Written چوبینه.
Banafsheh	g	3	Persian	Persian		violet	persian	0		A Persian name from Middle Persian wanafšag (Wiktionary). Written بنفشه.
Barkhurdar	b	3	Persian	Persian		fruit eater	persian	0		A Persian word used as a name; Wiktionary gives no older source and no foreign one. Written برخوردار.
Basta-vairi	b	3	Iranian	Avestan	Zoroastrian		avesta	1	Avesta	Used in ancient Iran: a faithful man, honoured in the Avesta's Fravardin Yasht, Yasht 13.103 (Avestan text: bastavarôish); Darmesteter's translation.
Baungha	b	3	Iranian	Avestan	Zoroastrian		avesta	1	Avesta	Used in ancient Iran: a faithful man, son of Saungha, honoured in the Avesta's Fravardin Yasht, Yasht 13.124 (Avestan text: bånghahe); Darmesteter's translation.
Berezishnu	b	3	Iranian	Avestan	Zoroastrian		avesta	1	Avesta	Used in ancient Iran: a faithful man, son of Ara, honoured in the Avesta's Fravardin Yasht, Yasht 13.110 (Avestan text: berezishnaosh); Darmesteter's translation.
Berezyarshti	b	3	Iranian	Avestan	Zoroastrian		avesta	1	Avesta	Used in ancient Iran: a faithful man, honoured in the Avesta's Fravardin Yasht, Yasht 13.101 (Avestan text: berezyarshtôish); Darmesteter's translation.
Biderafsh	b	3	Persian	Persian			shahnameh	1	Shahnameh	In Ferdowsi's Shahnameh (Biderafsh; first in Shahnameh, پادشاهی گشتاسپ صد و بیست سال بود, بخش ۵ - سخن دقیقی, bayt 2). Written بیدرفش.
Bivandangha	b	3	Iranian	Avestan	Zoroastrian		avesta	1	Avesta	Used in ancient Iran: a faithful man, named as a father, honoured in the Avesta's Fravardin Yasht, Yasht 13.110 (Avestan text: bivañdanghahe); Darmesteter's translation.
Bozorgmehr	b	3	Persian	Persian			shahnameh	0	Shahnameh	In Ferdowsi's Shahnameh (Bozorgmehr, 6th-century Iranian sage and dignitary; first in Shahnameh, پادشاهی کسری نوشین روان چهل و هشت سال بود, بخش ۳ - داستان بوزرجمهر, bayt 28). Written بوزرجمهر.
Bozorg-omid	b	3	Persian	Persian			persian	1		A Persian name from Middle Persian (Wiktionary). Written بزرگ‌امید.
Byarshan	b	3	Iranian	Avestan	Zoroastrian		avesta	1	Avesta	Used in ancient Iran: a faithful man, honoured in the Avesta's Fravardin Yasht, Yasht 13.132 (Avestan text: byarshânô); Darmesteter's translation.
Chakhshni	b	3	Iranian	Avestan	Zoroastrian		avesta	1	Avesta	Used in ancient Iran: a faithful man, honoured in the Avesta's Fravardin Yasht, Yasht 13.114 (Avestan text: câxshnôish); Darmesteter's translation.
Chathwaraspa	b	3	Iranian	Avestan	Zoroastrian		avesta	1	Avesta	Used in ancient Iran: a faithful man, honoured in the Avesta's Fravardin Yasht, Yasht 13.122 (Avestan text: cathwarespahe); Darmesteter's translation.
Daeno-vazah	b	3	Iranian	Avestan	Zoroastrian		avesta	1	Avesta	Used in ancient Iran: a faithful man, honoured in the Avesta's Fravardin Yasht, Yasht 13.117 (Avestan text: daênâvazanghô); Darmesteter's translation.
Daevo-tbis	b	3	Iranian	Avestan	Zoroastrian		avesta	1	Avesta	Used in ancient Iran: a faithful man, son of Takhma, honoured in the Avesta's Fravardin Yasht, Yasht 13.98 (Avestan text: daêvatbôish); Darmesteter's translation.
Danghu-fradhah	b	3	Iranian	Avestan	Zoroastrian		avesta	1	Avesta	Used in ancient Iran: a faithful man, honoured in the Avesta's Fravardin Yasht, Yasht 13.116 (Avestan text: danghu-frâdanghô); Darmesteter's translation.
Danghu-sruta	b	3	Iranian	Avestan	Zoroastrian		avesta	1	Avesta	Used in ancient Iran: a faithful man, honoured in the Avesta's Fravardin Yasht, Yasht 13.116 (Avestan text: danghu-srûtahe); Darmesteter's translation.
Darayat-ratha	b	3	Iranian	Avestan	Zoroastrian		avesta	1	Avesta	Used in ancient Iran: a faithful man, honoured in the Avesta's Fravardin Yasht, Yasht 13.108 (Avestan text: dârayat-rathahe); Darmesteter's translation.
Dārayauš	b	3	Persian	Old Persian			peo	1		Used in ancient Iran: a given name. Old Persian Dārayauš (Wiktionary).
Dashtaghni	b	3	Iranian	Avestan	Zoroastrian		avesta	1	Avesta	Used in ancient Iran: a faithful man, named as a father, honoured in the Avesta's Fravardin Yasht, Yasht 13.125 (Avestan text: dâshtâkhnôish); Darmesteter's translation.
Daungha	b	3	Iranian	Avestan	Zoroastrian		avesta	1	Avesta	Used in ancient Iran: a faithful man, son of Zairita, honoured in the Avesta's Fravardin Yasht, Yasht 13.98 (Avestan text: dånghahe); Darmesteter's translation.
Dawra-maeshi	b	3	Iranian	Avestan	Zoroastrian		avesta	1	Avesta	Used in ancient Iran: a faithful man, honoured in the Avesta's Fravardin Yasht, Yasht 13.122 (Avestan text: dawrâmaêshôish); Darmesteter's translation.
Dazgara-gau	b	3	Iranian	Avestan	Zoroastrian		avesta	1	Avesta	Used in ancient Iran: a faithful man, honoured in the Avesta's Fravardin Yasht, Yasht 13.127 (Avestan text: dâzgrô-gavå); Darmesteter's translation.
Div-e-Sepid	b	3	Persian	Persian			shahnameh	1	Shahnameh	In Ferdowsi's Shahnameh (Div-e-Sepid, mythical character; first in Shahnameh, پادشاهی کی‌کاووس و رفتن او به مازندران, بخش ۳, bayt 36). Written دیو سپید. Written دیو سپید.
Eredat-fedhri	g	3	Iranian	Avestan	Zoroastrian		avesta	1	Avesta	Used in ancient Iran: a faithful woman, honoured in the Avesta's Fravardin Yasht, Yasht 13.142 (Avestan text: eredat-fedhryå); Darmesteter's translation.
Eredhwa	b	3	Iranian	Avestan	Zoroastrian		avesta	1	Avesta	Used in ancient Iran: a faithful man, honoured in the Avesta's Fravardin Yasht, Yasht 13.119 (Avestan text: eredhwahe); Darmesteter's translation.
Erezvat-danghu	b	3	Iranian	Avestan	Zoroastrian		avesta	1	Avesta	Used in ancient Iran: a faithful man, named as a father, honoured in the Avesta's Fravardin Yasht, Yasht 13.124 (Avestan text: erezavatô); Darmesteter's translation.
Farkhondeh	g	3	Persian	Persian		lucky, fortunate, blessed	persian	0		A Persian name from Sogdian prnxwnty (Wiktionary). Written فرخنده.
Farshidvard	b	3	Persian	Persian			shahnameh	1	Shahnameh	In Ferdowsi's Shahnameh (Farshidvard, Shahnameh character; first in Shahnameh, داستان سیاوش, بخش ۱۲, bayt 22). Written فرشیدورد.
Frachithra	b	3	Iranian	Avestan	Zoroastrian		avesta	1	Avesta	Used in ancient Iran: a faithful man, son of Berezvant, honoured in the Avesta's Fravardin Yasht, Yasht 13.124 (Avestan text: frâcithrahe); Darmesteter's translation.
Fradat-hvarenah	b	3	Iranian	Avestan	Zoroastrian		avesta	1	Avesta	Used in ancient Iran: a faithful man, honoured in the Avesta's Fravardin Yasht, Yasht 13.128 (Avestan text: hvarenanghô); Darmesteter's translation.
Fradat-nara	b	3	Iranian	Avestan	Zoroastrian		avesta	1	Avesta	Used in ancient Iran: a faithful man, son of Gravaratu, honoured in the Avesta's Fravardin Yasht, Yasht 13.122 (Avestan text: frâdat-narahe); Darmesteter's translation.
Fradat-vanghu	b	3	Iranian	Avestan	Zoroastrian		avesta	1	Avesta	Used in ancient Iran: a faithful man, son of Stivant, honoured in the Avesta's Fravardin Yasht, Yasht 13.121 (Avestan text: frâdat-vanghêush); Darmesteter's translation.
Fradhakhshti	b	3	Iranian	Avestan	Zoroastrian		avesta	1	Avesta	Used in ancient Iran: a faithful man, honoured in the Avesta's Fravardin Yasht, Yasht 13.138 (Avestan text: fradhâxshtôish); Darmesteter's translation.
Frahāt	b	3	Iranian	Parthian			xpr	1		Used in ancient Iran: a given name. Parthian Frahāt (Wiktionary).
Franghadh	g	3	Iranian	Avestan	Zoroastrian		avesta	1	Avesta	Used in ancient Iran: a faithful woman, honoured in the Avesta's Fravardin Yasht, Yasht 13.141 (Avestan text: franghâdhô); Darmesteter's translation.
Fraora-ostra	b	3	Iranian	Avestan	Zoroastrian		avesta	1	Avesta	Used in ancient Iran: a faithful man, honoured in the Avesta's Fravardin Yasht, Yasht 13.122 (Avestan text: fraoraosahe); Darmesteter's translation.
Frashaoshtra	b	3	Iranian	Avestan	Zoroastrian		avesta	1	Avesta	Used in ancient Iran: a faithful man, son of Hvova, honoured in the Avesta's Fravardin Yasht, Yasht 13.103 (Avestan text: frashaoshtrahe); Darmesteter's translation.
Frasha-vakhsha	b	3	Iranian	Avestan	Zoroastrian		avesta	1	Avesta	Used in ancient Iran: a faithful man, honoured in the Avesta's Fravardin Yasht, Yasht 13.109 (Avestan text: frashâvaxshahe); Darmesteter's translation.
Frash-ham-vareta	b	3	Iranian	Avestan	Zoroastrian		avesta	1	Avesta	Used in ancient Iran: a faithful man, honoured in the Avesta's Fravardin Yasht, Yasht 13.102 (Avestan text: frash-hãm-varetahe); Darmesteter's translation.
Frasho-kareta	b	3	Iranian	Avestan	Zoroastrian		avesta	1	Avesta	Used in ancient Iran: a faithful man, honoured in the Avesta's Fravardin Yasht, Yasht 13.102 (Avestan text: frashôkarahe); Darmesteter's translation.
Fravartiš	b	3	Iranian	Median			peo	1		Used in ancient Iran: A king of Media. Median Fravartiš (Wiktionary).
Frayat-ratha	b	3	Iranian	Avestan	Zoroastrian		avesta	1	Avesta	Used in ancient Iran: a faithful man, honoured in the Avesta's Fravardin Yasht, Yasht 13.108 (Avestan text: frâyat-rathahe); Darmesteter's translation.
Fraya-zanta	b	3	Iranian	Avestan	Zoroastrian		avesta	1	Avesta	Used in ancient Iran: a faithful man, honoured in the Avesta's Fravardin Yasht, Yasht 13.113 (Avestan text: frâyazeñtahe); Darmesteter's translation.
Gaevani	b	3	Iranian	Avestan	Zoroastrian		avesta	1	Avesta	Used in ancient Iran: a faithful man, son of Vohu-nemah, honoured in the Avesta's Fravardin Yasht, Yasht 13.115 (Avestan text: gaêvanôish); Darmesteter's translation.
Gaopi-vanghu	b	3	Iranian	Avestan	Zoroastrian		avesta	1	Avesta	Used in ancient Iran: a faithful man, honoured in the Avesta's Fravardin Yasht, Yasht 13.111 (Avestan text: gaopivanghêush); Darmesteter's translation.
Garshasp	b	3	Persian	Persian			shahnameh	1	Shahnameh	In Ferdowsi's Shahnameh (Garshasp, last Shah of the Pishdadian dynasty of Persia according to Shahnameh; first in Shahnameh, فریدون, بخش ۱۳ - آگاهی سلم و تور از منوچهر, bayt 108). Written گرشاسپ.
Garshta	b	3	Iranian	Avestan	Zoroastrian		avesta	1	Avesta	Used in ancient Iran: a faithful man, son of Kavi, honoured in the Avesta's Fravardin Yasht, Yasht 13.123 (Avestan text: garshtahe); Darmesteter's translation.
Gaumāta	b	3	Persian	Old Persian			peo	1		Used in ancient Iran: a given name. Old Persian Gaumāta (Wiktionary).
Gaya-dhasti	b	3	Iranian	Avestan	Zoroastrian		avesta	1	Avesta	Used in ancient Iran: a faithful man, son of Pouru-dhakhshti, honoured in the Avesta's Fravardin Yasht, Yasht 13.112 (Avestan text: gayadhâstôish); Darmesteter's translation.
Gazhdaham	b	3	Persian	Persian			shahnameh	1	Shahnameh	In Ferdowsi's Shahnameh (Gazhdaham, character in Shahnameh; first in Shahnameh, پادشاهی نوذر, بخش ۶, bayt 45). Written گژدهم.
Ghoncheh	g	3	Persian	Persian		bud	persian	1		A Persian word used as a name; Wiktionary gives no older source and no foreign one. Written غنچه.
Golbad Viseh	b	3	Persian	Persian			shahnameh	1	Shahnameh	In Ferdowsi's Shahnameh (Golbad Viseh; first in Shahnameh, داستان دوازده رخ, بخش ۲۰, bayt 10). Written کلباد ویسه. Written کلباد ویسه.
Golbarg	g	3	Persian	Persian		petal, rose petal	persian	0		A Persian name from Middle Persian (Wiktionary). Written گلبرگ.
Golshifteh	g	3	Persian	Persian			persian	0		A Persian name from Middle Persian (Wiktionary). Written گلشیفته.
Goruye Zereh	b	3	Persian	Persian			shahnameh	1	Shahnameh	In Ferdowsi's Shahnameh (Goruye Zereh; first in Shahnameh, داستان سیاوش, بخش ۱۰, bayt 78). Written گروی زره. Written گروی زره.
Goshtasp	b	3	Persian	Persian			shahnameh	1	Shahnameh	In Ferdowsi's Shahnameh (Goshtasp, mythical character; first in Shahnameh, پادشاهی لهراسپ, بخش ۲, bayt 2). Written گشتاسپ.
Gōtarz	b	3	Iranian	Parthian			xpr	1		Used in ancient Iran: a given name. Parthian Gōtarz (Wiktionary).
Haftvād	b	3	Persian	Persian			shahnameh	1	Shahnameh	In Ferdowsi's Shahnameh (Haftvād, character from the Shahnama; first in Shahnameh, پادشاهی اشکانیان, بخش ۱۵, bayt 11). Written هفتواد.
Ham-baretar	b	3	Iranian	Avestan	Zoroastrian		avesta	1	Avesta	Used in ancient Iran: a faithful man, honoured in the Avesta's Fravardin Yasht, Yasht 13.111 (Avestan text: hãm-barethrô); Darmesteter's translation.
Hanghaurvaungh	b	3	Iranian	Avestan	Zoroastrian		avesta	1	Avesta	Used in ancient Iran: a faithful man, son of Jamaspa, honoured in the Avesta's Fravardin Yasht, Yasht 13.104 (Avestan text: hanghaurushô); Darmesteter's translation.
Haomo-hvarenah	b	3	Iranian	Avestan	Zoroastrian		avesta	1	Avesta	Used in ancient Iran: a faithful man, honoured in the Avesta's Fravardin Yasht, Yasht 13.116 (Avestan text: haomô-hvarenanghô); Darmesteter's translation.
Haoshyangha	b	3	Iranian	Avestan	Zoroastrian		avesta	1	Avesta	Used in ancient Iran: a faithful man, honoured in the Avesta's Fravardin Yasht, Yasht 13.137 (Avestan text: haoshyanghahe); Darmesteter's translation.
Hare-dhaspa	b	3	Iranian	Avestan	Zoroastrian		avesta	1	Avesta	Used in ancient Iran: a faithful man, honoured in the Avesta's Fravardin Yasht, Yasht 13.117 (Avestan text: haredhâspahe); Darmesteter's translation.
Huchithra	g	3	Iranian	Avestan	Zoroastrian		avesta	1	Avesta	Used in ancient Iran: a faithful woman, honoured in the Avesta's Fravardin Yasht, Yasht 13.141 (Avestan text: hucithrayå); Darmesteter's translation.
Hufra-vakhsh	b	3	Iranian	Avestan	Zoroastrian		avesta	1	Avesta	Used in ancient Iran: a faithful man, honoured in the Avesta's Fravardin Yasht, Yasht 13.127 (Avestan text: hufravâxsh); Darmesteter's translation.
Humay Chehrzad	g	3	Persian	Persian			shahnameh	1	Shahnameh	In Ferdowsi's Shahnameh (Humay Chehrzad, legendary queen of Iran from Kayanian dynasty; first in Shahnameh, فریدون, بخش ۱۹ - ادامهٔ جنگ سپاه ایران, bayt 8). Written همای.
Hushang	b	3	Persian	Persian			persian,shahnameh	0	Shahnameh	A Persian name from Middle Persian Hōšang (Wiktionary). In Ferdowsi's Shahnameh (Hushang, mythological Iranian king; first in Shahnameh, کیومرث, بخش ۲ - جنگ هوشنگ نوهٔ کیومرث با دیوان به کین‌خواهی پدرش سیامک, bayt 2). Written هوشنگ.
Hushkyaothna	b	3	Iranian	Avestan	Zoroastrian		avesta	1	Avesta	Used in ancient Iran: a faithful man, honoured in the Avesta's Fravardin Yasht, Yasht 13.103 (Avestan text: hushyaothnahe); Darmesteter's translation.
Hvadaena	b	3	Iranian	Avestan	Zoroastrian		avesta	1	Avesta	Used in ancient Iran: a faithful man, son of Frashaoshtra, honoured in the Avesta's Fravardin Yasht, Yasht 13.104 (Avestan text: hvâdaênahe); Darmesteter's translation.
Hvadhata	b	3	Iranian	Avestan	Zoroastrian		avesta	1	Avesta	Used in ancient Iran: a faithful man, named as a father, honoured in the Avesta's Fravardin Yasht, Yasht 13.119 (Avestan text: hvadhâtahe); Darmesteter's translation.
Hvakhshathra	b	3	Iranian	Avestan	Zoroastrian		avesta	1	Avesta	Used in ancient Iran: a faithful man, honoured in the Avesta's Fravardin Yasht, Yasht 13.117 (Avestan text: hvâxshathrahe); Darmesteter's translation.
Hvanvant	b	3	Iranian	Avestan	Zoroastrian		avesta	1	Avesta	Used in ancient Iran: a faithful man, honoured in the Avesta's Fravardin Yasht, Yasht 13.117 (Avestan text: hvanvatô); Darmesteter's translation.
Hvare-chaeshman	b	3	Iranian	Avestan	Zoroastrian		avesta	1	Avesta	Used in ancient Iran: a faithful man, honoured in the Avesta's Fravardin Yasht, Yasht 13.121 (Avestan text: hvarecaêshmanô); Darmesteter's translation.
Hvare-chithra	b	3	Iranian	Avestan	Zoroastrian		avesta	1	Avesta	Used in ancient Iran: a faithful man, son of Zarathushtra, honoured in the Avesta's Fravardin Yasht, Yasht 13.98 (Avestan text: hvarecithrahe); Darmesteter's translation.
Hvaredhi	g	3	Iranian	Avestan	Zoroastrian		avesta	1	Avesta	Used in ancient Iran: a faithful woman, honoured in the Avesta's Fravardin Yasht, Yasht 13.141 (Avestan text: hvaredhyå); Darmesteter's translation.
Hvareza	b	3	Iranian	Avestan	Zoroastrian		avesta	1	Avesta	Used in ancient Iran: a faithful man, honoured in the Avesta's Fravardin Yasht, Yasht 13.124 (Avestan text: hvarezå); Darmesteter's translation.
Hvaspa	b	3	Iranian	Avestan	Zoroastrian		avesta	1	Avesta	Used in ancient Iran: a faithful man, honoured in the Avesta's Fravardin Yasht, Yasht 13.122 (Avestan text: hvaspahe); Darmesteter's translation.
Hvova	b	3	Iranian	Avestan	Zoroastrian		avesta	1	Avesta	Used in ancient Iran: a faithful man, named as a father, honoured in the Avesta's Fravardin Yasht, Yasht 13.103 (Avestan text: hvôvahe); Darmesteter's translation.
Hvovi	g	3	Iranian	Avestan	Zoroastrian		avesta	1	Avesta	Used in ancient Iran: a faithful woman, honoured in the Avesta's Fravardin Yasht, Yasht 13.139; Darmesteter's translation.
Isat-vastra	b	3	Iranian	Avestan	Zoroastrian		avesta	1	Avesta	Used in ancient Iran: a faithful man, son of Zarathushtra, honoured in the Avesta's Fravardin Yasht, Yasht 13.98 (Avestan text: isat-vâstrahe); Darmesteter's translation.
Jaghrudh	g	3	Iranian	Avestan	Zoroastrian		avesta	1	Avesta	Used in ancient Iran: a faithful woman, honoured in the Avesta's Fravardin Yasht, Yasht 13.141 (Avestan text: jakhrûdhô); Darmesteter's translation.
Jamasp	b	3	Persian	Persian			shahnameh	1	Shahnameh	In Ferdowsi's Shahnameh (Jamasp, The 21th Sassanid Emperor (496–499); first in Shahnameh, پادشاهی گشتاسپ صد و بیست سال بود, بخش ۶ - سخن دقیقی, bayt 16). Written جاماسپ.
Jamshid	b	3	Persian	Persian			persian,shahnameh	0	Shahnameh	A Persian name from Middle Persian jamšēd (Wiktionary). In Ferdowsi's Shahnameh (Jamshid, mythological Iranian king; first in Shahnameh, جمشید, بخش ۱ - پادشاهی جمشید هفتصد سال بود, bayt 1). Written جمشید.
Jaro-danghu	b	3	Iranian	Avestan	Zoroastrian		avesta	1	Avesta	Used in ancient Iran: a faithful man, son of Pairishtira, honoured in the Avesta's Fravardin Yasht, Yasht 13.110 (Avestan text: jarô-danghêush); Darmesteter's translation.
Jaro-vanghu	b	3	Iranian	Avestan	Zoroastrian		avesta	1	Avesta	Used in ancient Iran: a faithful man, son of Frayazanta, honoured in the Avesta's Fravardin Yasht, Yasht 13.113 (Avestan text: jarô-vanghêush); Darmesteter's translation.
Jishti	b	3	Iranian	Avestan	Zoroastrian		avesta	1	Avesta	Used in ancient Iran: a faithful man, named as a father, honoured in the Avesta's Fravardin Yasht, Yasht 13.113 (Avestan text: jîshtayanahe); Darmesteter's translation.
Kaeva	b	3	Iranian	Avestan	Zoroastrian		avesta	0	Avesta	Used in ancient Iran: a faithful man, named as a father, honoured in the Avesta's Fravardin Yasht, Yasht 13.122 (Avestan text: kaêvahe); Darmesteter's translation.
Kai Khosrow	b	3	Persian	Persian			shahnameh	1	Shahnameh	In Ferdowsi's Shahnameh (Kai Khosrow, Legendary king of Iran and a character in Iranian/Persian epic; first in Shahnameh, داستان سیاوش, بخش ۱۱, bayt 92). Written کیخسرو.
Kai Kobad	b	3	Persian	Persian			shahnameh	1	Shahnameh	In Ferdowsi's Shahnameh (Kai Kobad, mythical character; first in Shahnameh, پادشاهی گرشاسپ, بخش ۳, bayt 19). Written کَیقباد.
Katāyoun	g	3	Persian	Persian			shahnameh	0	Shahnameh	In Ferdowsi's Shahnameh (Katāyoun, character in Shahnameh; first in Shahnameh, پادشاهی لهراسپ, بخش ۷, bayt 9). Written کتایون.
Kava-razem	b	3	Iranian	Avestan	Zoroastrian		avesta	1	Avesta	Used in ancient Iran: a faithful man, honoured in the Avesta's Fravardin Yasht, Yasht 13.103 (Avestan text: kavârasmô); Darmesteter's translation.
Kawād	b	3	Persian	Middle Persian			pal	1		Used in ancient Iran: Kavad. Middle Persian Kawād (Wiktionary).
Kay Kavus	b	3	Persian	Persian			shahnameh	1	Shahnameh	In Ferdowsi's Shahnameh (Kay Kavus, fictional king from the Iranian/Persian epic; first in Shahnameh, کیقباد, بخش ۵, bayt 17). Written کاووس.
Kay Khosrow	b	3	Persian	Persian			shahnameh	1	Shahnameh	In Ferdowsi's Shahnameh (Kay Khosrow, Legendary king of Iran and a character in Iranian/Persian epic; first in Shahnameh, داستان سیاوش, بخش ۱۱, bayt 92). Written کیخسرو.
Kay Qobad	b	3	Persian	Persian			shahnameh	0	Shahnameh	In Ferdowsi's Shahnameh (Kay Qobad, mythical character). Written کیقباد.
Keresaokhshan	b	3	Iranian	Avestan	Zoroastrian		avesta	1	Avesta	Used in ancient Iran: a faithful man, honoured in the Avesta's Fravardin Yasht, Yasht 13.101 (Avestan text: keresaoxshnô); Darmesteter's translation.
Keshvad	b	3	Persian	Persian			shahnameh	1	Shahnameh	In Ferdowsi's Shahnameh (Keshvad, fictional human; first in Shahnameh, پادشاهی نوذر, بخش ۶, bayt 43). Written کشواد.
Khorshid	e	3	Persian	Persian		the sun	persian	0		A Persian name from Middle Persian (Wiktionary). Written خورشید.
Khosrow II	b	3	Persian	Persian			shahnameh	1	Shahnameh	In Ferdowsi's Shahnameh (Khosrow II, The 24th Sassanid emperor (590–628); first in Shahnameh, آغاز کتاب, بخش ۱۲ - ستایش سلطان محمود, bayt 46). Written خسرو.
Khosrow Parviz	b	3	Persian	Persian			shahnameh	1	Shahnameh	In Ferdowsi's Shahnameh (Khosrow Parviz, The 24th Sassanid emperor (590–628); first in Shahnameh, پادشاهی هرمزد دوازده سال بود, بخش ۳, bayt 17). Written پرویز.
Khshathro-chinah	b	3	Iranian	Avestan	Zoroastrian		avesta	1	Avesta	Used in ancient Iran: a faithful man, son of Khshvoi-wraspa, honoured in the Avesta's Fravardin Yasht, Yasht 13.112 (Avestan text: xshathrô-cinanghô); Darmesteter's translation.
Khshoi-wraspa	b	3	Iranian	Avestan	Zoroastrian		avesta	1	Avesta	Used in ancient Iran: a faithful man, son of Khshtavaenya, honoured in the Avesta's Fravardin Yasht, Yasht 13.111 (Avestan text: xshviwrâspanahe); Darmesteter's translation.
Khshtavaenya	b	3	Iranian	Avestan	Zoroastrian		avesta	1	Avesta	Used in ancient Iran: a faithful man, named as a father, honoured in the Avesta's Fravardin Yasht, Yasht 13.111 (Avestan text: xshtâvaênyehe); Darmesteter's translation.
Khshvoi-wraspa	b	3	Iranian	Avestan	Zoroastrian		avesta	1	Avesta	Used in ancient Iran: a faithful man, named as a father, honoured in the Avesta's Fravardin Yasht, Yasht 13.112 (Avestan text: xshôiwrâspanahe); Darmesteter's translation.
Khwadewbandag	b	3	Iranian	Bactrian		slave of the Lord	xbc	1		Used in ancient Iran: a given name. Bactrian Χοαδηοβανδαγο (Wiktionary).
Khwadewlad	b	3	Iranian	Bactrian		given by the Lord	xbc	1		Used in ancient Iran: a given name. Bactrian Χοαδηολαδο (Wiktionary).
Khwadewwanind	b	3	Iranian	Bactrian		victorious by the Lord	xbc	1		Used in ancient Iran: a given name. Bactrian Χοαδηοοανινδο (Wiktionary).
Khwasraw	b	3	Iranian	Bactrian			xbc	1		Used in ancient Iran: a given name. Bactrian Χοασραο (Wiktionary).
Lonchaea winnemanae	b	3	Persian	Persian			shahnameh	1	Shahnameh	In Ferdowsi's Shahnameh (Lonchaea winnemanae; first in Shahnameh, پادشاهی خسرو پرویز, بخش ۱۳, bayt 79). Written بابوی.
Mahshid	g	3	Persian	Persian		the moon	persian	0		A Persian name from Middle Persian (Wiktionary). Written مهشید.
Maidhyo-maungha	b	3	Iranian	Avestan	Zoroastrian		avesta	1	Avesta	Used in ancient Iran: a faithful man, named as a father, honoured in the Avesta's Fravardin Yasht, Yasht 13.106 (Avestan text: maidhyôi-månghôish); Darmesteter's translation.
Manēč	b	3	Iranian	Parthian			xpr	0		Used in ancient Iran: a given name. Parthian Manēč (Wiktionary).
Manuchehr	b	3	Persian	Persian			persian,shahnameh	0	Shahnameh	A Persian name from Avestan (Wiktionary). In Ferdowsi's Shahnameh (Manuchehr, Legendary Iranian king from Shahnameh; first in Shahnameh, فریدون, بخش ۱۲ - زاده شدن منوچهر, bayt 20). Written منوچهر.
Manushchithra	b	3	Iranian	Avestan	Zoroastrian		avesta	1	Avesta	Used in ancient Iran: a faithful man, son of Airyu, honoured in the Avesta's Fravardin Yasht, Yasht 13.131 (Avestan text: manush-cithrahe); Darmesteter's translation.
Mathravaka	b	3	Iranian	Avestan	Zoroastrian		avesta	1	Avesta	Used in ancient Iran: a faithful man, son of Simaezhi, honoured in the Avesta's Fravardin Yasht, Yasht 13.105 (Avestan text: mãthravâkahe); Darmesteter's translation.
Mazdra-vanghu	b	3	Iranian	Avestan	Zoroastrian		avesta	1	Avesta	Used in ancient Iran: a faithful man, honoured in the Avesta's Fravardin Yasht, Yasht 13.118 (Avestan text: mãzdrâvanghêush); Darmesteter's translation.
Mehrab Kaboli	b	3	Persian	Persian			shahnameh	1	Shahnameh	In Ferdowsi's Shahnameh (Mehrab Kaboli, Character in the Shahnameh; first in Shahnameh, منوچهر, بخش ۴ - سفر سام و زال به کابل و عاشق شدن زال بر دختر مهراب, bayt 7). Written مهراب.
Mehrnush	b	3	Persian	Persian			shahnameh	0	Shahnameh	In Ferdowsi's Shahnameh (Mehrnush, character in Shahnameh; first in Shahnameh, پادشاهی گشتاسپ صد و بیست سال بود, بخش ۲۳ - سخن دقیقی, bayt 5). Written مهرنوش.
Merezishmya	b	3	Iranian	Avestan	Zoroastrian		avesta	1	Avesta	Used in ancient Iran: a faithful man, named as a father, honoured in the Avesta's Fravardin Yasht, Yasht 13.126 (Avestan text: marezishmyehe); Darmesteter's translation.
Mihrdat	b	3	Iranian	Parthian			xpr	0		Used in ancient Iran: a given name. Parthian Mihrdāt (Wiktionary).
Nemo-vanghu	b	3	Iranian	Avestan	Zoroastrian		avesta	1	Avesta	Used in ancient Iran: a faithful man, son of Vaedhayangha, honoured in the Avesta's Fravardin Yasht, Yasht 13.109 (Avestan text: nemô-vanghêush); Darmesteter's translation.
Neremyazdana	b	3	Iranian	Avestan	Zoroastrian		avesta	1	Avesta	Used in ancient Iran: a faithful man, son of Athwyoza, honoured in the Avesta's Fravardin Yasht, Yasht 13.110 (Avestan text: neremyazdanahe); Darmesteter's translation.
Nērōsang	b	3	Persian	Middle Persian			pal	1		Used in ancient Iran: a given name. Middle Persian nērōsang (Wiktionary).
Olad Div	b	3	Persian	Persian			shahnameh	1	Shahnameh	In Ferdowsi's Shahnameh (Olad Div; first in Shahnameh, پادشاهی کی‌کاووس و رفتن او به مازندران, بخش ۹, bayt 21). Written اولاد.
Paesanghanu	g	3	Iranian	Avestan	Zoroastrian		avesta	1	Avesta	Used in ancient Iran: a faithful woman, honoured in the Avesta's Fravardin Yasht, Yasht 13.141 (Avestan text: paêsanghanva); Darmesteter's translation.
Paeshata	b	3	Iranian	Avestan	Zoroastrian		avesta	1	Avesta	Used in ancient Iran: a faithful man, named as a father, honoured in the Avesta's Fravardin Yasht, Yasht 13.97 (Avestan text: paêshatahe); Darmesteter's translation.
Paeshatah	b	3	Iranian	Avestan	Zoroastrian		avesta	1	Avesta	Used in ancient Iran: a faithful man, named as a father, honoured in the Avesta's Fravardin Yasht, Yasht 13.115 (Avestan text: paêshatanghô); Darmesteter's translation.
Pairishtira	b	3	Iranian	Avestan	Zoroastrian		avesta	1	Avesta	Used in ancient Iran: a faithful man, named as a father, honoured in the Avesta's Fravardin Yasht, Yasht 13.110 (Avestan text: pairishtûrahe); Darmesteter's translation.
Paiti-dratha	b	3	Iranian	Avestan	Zoroastrian		avesta	1	Avesta	Used in ancient Iran: a faithful man, honoured in the Avesta's Fravardin Yasht, Yasht 13.109 (Avestan text: paiti-drâthahe); Darmesteter's translation.
Paiti-vangha	b	3	Iranian	Avestan	Zoroastrian		avesta	1	Avesta	Used in ancient Iran: a faithful man, honoured in the Avesta's Fravardin Yasht, Yasht 13.109 (Avestan text: paiti-vanghahe); Darmesteter's translation.
Paityarshvant	b	3	Iranian	Avestan	Zoroastrian		avesta	1	Avesta	Used in ancient Iran: a faithful man, honoured in the Avesta's Fravardin Yasht, Yasht 13.109 (Avestan text: paityarshavatô); Darmesteter's translation.
Paro-dasma	b	3	Iranian	Avestan	Zoroastrian		avesta	1	Avesta	Used in ancient Iran: a faithful man, son of Dashtaghni, honoured in the Avesta's Fravardin Yasht, Yasht 13.125 (Avestan text: parô-dasmahe); Darmesteter's translation.
Parshanta	b	3	Iranian	Avestan	Zoroastrian		avesta	1	Avesta	Used in ancient Iran: a faithful man, son of Gandarewa, honoured in the Avesta's Fravardin Yasht, Yasht 13.123 (Avestan text: parshiñtahe); Darmesteter's translation.
Par-shat-gau	b	3	Iranian	Avestan	Zoroastrian		avesta	1	Avesta	Used in ancient Iran: a faithful man, honoured in the Avesta's Fravardin Yasht, Yasht 13.127 (Avestan text: parshat-gavå); Darmesteter's translation.
Parshat-gaush	b	3	Iranian	Avestan	Zoroastrian		avesta	1	Avesta	Used in ancient Iran: a faithful man, honoured in the Avesta's Fravardin Yasht, Yasht 13.96 (Avestan text: parshat-gêush); Darmesteter's translation.
Pashang	b	3	Persian	Persian			shahnameh	1	Shahnameh	In Ferdowsi's Shahnameh (Pashang, fictional human; first in Shahnameh, فریدون, بخش ۱۲ - زاده شدن منوچهر, bayt 10). Written پشنگ.
Payanghro-makhshti	b	3	Iranian	Avestan	Zoroastrian		avesta	1	Avesta	Used in ancient Iran: a faithful man, honoured in the Avesta's Fravardin Yasht, Yasht 13.116 (Avestan text: payangharô); Darmesteter's translation.
Perethu-afzem	b	3	Iranian	Avestan	Zoroastrian		avesta	1	Avesta	Used in ancient Iran: a faithful man, named as a father, honoured in the Avesta's Fravardin Yasht, Yasht 13.126 (Avestan text: perethvafsmô); Darmesteter's translation.
Perethu-arshti	b	3	Iranian	Avestan	Zoroastrian		avesta	1	Avesta	Used in ancient Iran: a faithful man, honoured in the Avesta's Fravardin Yasht, Yasht 13.101 (Avestan text: perethvarshtôish); Darmesteter's translation.
Piran Viseh	b	3	Persian	Persian			shahnameh	1	Shahnameh	In Ferdowsi's Shahnameh (Piran Viseh, Iranian mythical figure; first in Shahnameh, ضحاک, بخش ۷ - کاوهٔ آهنگر و درفش کاویانی و ساخته شدن گرز گاوسر, bayt 31). Written پیران.
Pishkyaothna	b	3	Iranian	Avestan	Zoroastrian		avesta	1	Avesta	Used in ancient Iran: a faithful man, honoured in the Avesta's Fravardin Yasht, Yasht 13.103 (Avestan text: pishishyaothnahe); Darmesteter's translation.
Pouru-bangha	b	3	Iranian	Avestan	Zoroastrian		avesta	1	Avesta	Used in ancient Iran: a faithful man, son of Zaosha, honoured in the Avesta's Fravardin Yasht, Yasht 13.124 (Avestan text: pouru-bañghahe); Darmesteter's translation.
Pouru-dhakhshti	b	3	Iranian	Avestan	Zoroastrian		avesta	1	Avesta	Used in ancient Iran: a faithful man, son of Khshtavaenya, honoured in the Avesta's Fravardin Yasht, Yasht 13.111 (Avestan text: pourudhâxshtôish); Darmesteter's translation.
Pouru-jira	b	3	Iranian	Avestan	Zoroastrian		avesta	1	Avesta	Used in ancient Iran: a faithful man, named as a father, honoured in the Avesta's Fravardin Yasht, Yasht 13.131 (Avestan text: pouru-jirahe); Darmesteter's translation.
Pourushti	b	3	Iranian	Avestan	Zoroastrian		avesta	1	Avesta	Used in ancient Iran: a faithful man, son of Kavi, honoured in the Avesta's Fravardin Yasht, Yasht 13.114 (Avestan text: pourushtôish); Darmesteter's translation.
Rakhsh	b	3	Persian	Persian			shahnameh	1	Shahnameh	In Ferdowsi's Shahnameh (Rakhsh, mythical creature, Rostam's horse; first in Shahnameh, منوچهر, بخش ۱ - به تخت نشستن منوچهر, bayt 1). Written رخش.
Rakhshan	g	3	Persian	Persian		bright; luminous	persian	0		A Persian name from Sogdian roxšan (Wiktionary). Written رخشان.
Raochas-chaeshman	b	3	Iranian	Avestan	Zoroastrian		avesta	1	Avesta	Used in ancient Iran: a faithful man, honoured in the Avesta's Fravardin Yasht, Yasht 13.121 (Avestan text: raocascaêshmanô); Darmesteter's translation.
Rastare-vaghant	b	3	Iranian	Avestan	Zoroastrian		avesta	1	Avesta	Used in ancient Iran: a faithful man, named as a father, honoured in the Avesta's Fravardin Yasht, Yasht 13.106 (Avestan text: râshtare-vakheñtôish); Darmesteter's translation.
Saungha	b	3	Iranian	Avestan	Zoroastrian		avesta	1	Avesta	Used in ancient Iran: a faithful man, named as a father, honoured in the Avesta's Fravardin Yasht, Yasht 13.124 (Avestan text: sånghanghahe); Darmesteter's translation.
Sayuzhdri	b	3	Iranian	Avestan	Zoroastrian		avesta	1	Avesta	Used in ancient Iran: a faithful man, named as a father, honoured in the Avesta's Fravardin Yasht, Yasht 13.113 (Avestan text: sâizhdrôish); Darmesteter's translation.
Shahrnaz	g	3	Persian	Persian			shahnameh	0	Shahnameh	In Ferdowsi's Shahnameh (Shahrnaz, Iranian mythological princess; first in Shahnameh, ضحاک, بخش ۱ - پادشاهی ضحاک تازی هزار سال بود, bayt 8). Written شهرناز.
Shahrwanind	b	3	Iranian	Bactrian		victorious through his dominion	xbc	1		Used in ancient Iran: a given name. Bactrian Ϸαροοανινδο (Wiktionary).
Shapuhr	b	3	Persian	Middle Persian		king's son	pal	1		Used in ancient Iran: the name of several of the Sasanian kings. Middle Persian Šāhpūr (Wiktionary). Written شاهپور.
Shapur I	b	3	Persian	Persian			shahnameh	1	Shahnameh	In Ferdowsi's Shahnameh (Shapur I, second Sassanid emperor (r. 241–272); first in Shahnameh, فریدون, بخش ۱۳ - آگاهی سلم و تور از منوچهر, bayt 44). Written شاپور.
Simaezhi	b	3	Iranian	Avestan	Zoroastrian		avesta	1	Avesta	Used in ancient Iran: a faithful man, named as a father, honoured in the Avesta's Fravardin Yasht, Yasht 13.105 (Avestan text: sâimuzhôish); Darmesteter's translation.
Skarayat-ratha	b	3	Iranian	Avestan	Zoroastrian		avesta	1	Avesta	Used in ancient Iran: a faithful man, honoured in the Avesta's Fravardin Yasht, Yasht 13.108 (Avestan text: skârayat-rathahe); Darmesteter's translation.
Snaoya	b	3	Iranian	Avestan	Zoroastrian		avesta	1	Avesta	Used in ancient Iran: a faithful man, named as a father, honoured in the Avesta's Fravardin Yasht, Yasht 13.96 (Avestan text: snaoyehe); Darmesteter's translation.
Sohrab mother	g	3	Persian	Persian			shahnameh	1	Shahnameh	In Ferdowsi's Shahnameh (Sohrab mother, character in Shahnameh, Rostam's wife and Sohrab's mother). Written تهمینه.
Spanddāt	b	3	Iranian	Parthian			xpr	1		Used in ancient Iran: a given name. Parthian Spanddāt (Wiktionary).
Spento-data	b	3	Iranian	Avestan	Zoroastrian		avesta	1	Avesta	Used in ancient Iran: a faithful man, honoured in the Avesta's Fravardin Yasht, Yasht 13.103 (Avestan text: speñtôdhâtahe); Darmesteter's translation.
Spento-khratu	b	3	Iranian	Avestan	Zoroastrian		avesta	1	Avesta	Used in ancient Iran: a faithful man, honoured in the Avesta's Fravardin Yasht, Yasht 13.115 (Avestan text: speñtô-xratvå); Darmesteter's translation.
Sriraokhshan	b	3	Iranian	Avestan	Zoroastrian		avesta	1	Avesta	Used in ancient Iran: a faithful man, honoured in the Avesta's Fravardin Yasht, Yasht 13.101 (Avestan text: srîraoxshnô); Darmesteter's translation.
Srira-vanghu	b	3	Iranian	Avestan	Zoroastrian		avesta	1	Avesta	Used in ancient Iran: a faithful man, honoured in the Avesta's Fravardin Yasht, Yasht 13.118 (Avestan text: srîrâvanghêush); Darmesteter's translation.
Sruta-spadha	b	3	Iranian	Avestan	Zoroastrian		avesta	1	Avesta	Used in ancient Iran: a faithful man, honoured in the Avesta's Fravardin Yasht, Yasht 13.115 (Avestan text: srûtô-spâdå); Darmesteter's translation.
Srutat-fedhri	g	3	Iranian	Avestan	Zoroastrian		avesta	1	Avesta	Used in ancient Iran: a faithful woman, honoured in the Avesta's Fravardin Yasht, Yasht 13.141 (Avestan text: srûtat-fedhryô); Darmesteter's translation.
Staotar-Vahishtahe-Ashyehe	b	3	Iranian	Avestan	Zoroastrian		avesta	1	Avesta	Used in ancient Iran: a faithful man, honoured in the Avesta's Fravardin Yasht, Yasht 13.111; Darmesteter's translation.
Suro-yazata	b	3	Iranian	Avestan	Zoroastrian		avesta	1	Avesta	Used in ancient Iran: a faithful man, honoured in the Avesta's Fravardin Yasht, Yasht 13.118 (Avestan text: sûrô-ýazatahe); Darmesteter's translation.
Syavarshan	b	3	Iranian	Avestan	Zoroastrian		avesta	1	Avesta	Used in ancient Iran: a faithful man, honoured in the Avesta's Fravardin Yasht, Yasht 13.132 (Avestan text: syâvarshânô); Darmesteter's translation.
Tahmasb	b	3	Persian	Persian		having brave horses	persian	0		A Persian name from Middle Persian Tahmāsp (Wiktionary). Written طهماسب.
Takhma	b	3	Iranian	Avestan	Zoroastrian		avesta	1	Avesta	Used in ancient Iran: a faithful man, named as a father, honoured in the Avesta's Fravardin Yasht, Yasht 13.98 (Avestan text: taxmahe); Darmesteter's translation.
Taxmaspāda	b	3	Iranian	Median			peo	1		Used in ancient Iran: a given name. Median Taxmaspāda (Wiktionary).
Tazhāv	b	3	Persian	Persian			shahnameh	1	Shahnameh	In Ferdowsi's Shahnameh (Tazhāv, Character in the Shahnameh; first in Shahnameh, پادشاهی کیخسرو شصت سال بود, بخش ۳, bayt 52). Written تژاو.
Thraetaona	b	3	Iranian	Avestan	Zoroastrian		avesta	1	Avesta	Used in ancient Iran: a faithful man, honoured in the Avesta's Fravardin Yasht, Yasht 13.131 (Avestan text: thraêtaonahe); Darmesteter's translation.
Thrimithwant	b	3	Iranian	Avestan	Zoroastrian		avesta	1	Avesta	Used in ancient Iran: a faithful man, son of Spitama, honoured in the Avesta's Fravardin Yasht, Yasht 13.98 (Avestan text: thrimithwatô); Darmesteter's translation.
Thrit	b	3	Iranian	Avestan	Zoroastrian		avesta	1	Avesta	Used in ancient Iran: a faithful man, son of Aevo-saredha-fyaeshta, honoured in the Avesta's Fravardin Yasht, Yasht 13.125 (Avestan text: thritô); Darmesteter's translation.
Thrita	b	3	Iranian	Avestan	Zoroastrian		avesta	1	Avesta	Used in ancient Iran: a faithful man, son of Sayuzhdri, honoured in the Avesta's Fravardin Yasht, Yasht 13.113 (Avestan text: thritahe); Darmesteter's translation.
Thriti	g	3	Iranian	Avestan	Zoroastrian		avesta	1	Avesta	Used in ancient Iran: a faithful woman, honoured in the Avesta's Fravardin Yasht, Yasht 13.139 (Avestan text: thrityå); Darmesteter's translation.
Tiro-nakathwa	b	3	Iranian	Avestan	Zoroastrian		avesta	1	Avesta	Used in ancient Iran: a faithful man, honoured in the Avesta's Fravardin Yasht, Yasht 13.126 (Avestan text: tîrô-nakathwahe); Darmesteter's translation.
Tizyarshti	b	3	Iranian	Avestan	Zoroastrian		avesta	1	Avesta	Used in ancient Iran: a faithful man, honoured in the Avesta's Fravardin Yasht, Yasht 13.101 (Avestan text: tizhyarshtôish); Darmesteter's translation.
Tushnamaiti	g	3	Iranian	Avestan	Zoroastrian		avesta	1	Avesta	Used in ancient Iran: a faithful woman, honoured in the Avesta's Fravardin Yasht, Yasht 13.139 (Avestan text: tushnâmaityå); Darmesteter's translation.
Ukhshan	b	3	Iranian	Avestan	Zoroastrian		avesta	1	Avesta	Used in ancient Iran: a faithful man, son of Vidi-sravah, honoured in the Avesta's Fravardin Yasht, Yasht 13.119 (Avestan text: uxshânô); Darmesteter's translation.
Ukhshyat-ereta	b	3	Iranian	Avestan	Zoroastrian		avesta	1	Avesta	Used in ancient Iran: a faithful man, honoured in the Avesta's Fravardin Yasht, Yasht 13.128 (Avestan text: uxshyat-eretahe); Darmesteter's translation.
Ukhshyat-nemah	b	3	Iranian	Avestan	Zoroastrian		avesta	1	Avesta	Used in ancient Iran: a faithful man, honoured in the Avesta's Fravardin Yasht, Yasht 13.128 (Avestan text: uxshyat-nemanghô); Darmesteter's translation.
Ukhshyeinti	g	3	Iranian	Avestan	Zoroastrian		avesta	1	Avesta	Used in ancient Iran: a faithful woman, wife of Staotar-Vahishtahe-Ashyehe, honoured in the Avesta's Fravardin Yasht, Yasht 13.140 (Avestan text: uxsheñtyå); Darmesteter's translation.
Urvatat-nara	b	3	Iranian	Avestan	Zoroastrian		avesta	1	Avesta	Used in ancient Iran: a faithful man, son of Zarathushtra, honoured in the Avesta's Fravardin Yasht, Yasht 13.98 (Avestan text: urvatat-narahe); Darmesteter's translation.
Ushtavaiti	g	3	Iranian	Avestan	Zoroastrian		avesta	1	Avesta	Used in ancient Iran: a faithful woman, honoured in the Avesta's Fravardin Yasht, Yasht 13.139 (Avestan text: ushtavaityå); Darmesteter's translation.
Ushtazanta	b	3	Iranian	Avestan	Zoroastrian		avesta	1	Avesta	Used in ancient Iran: a faithful man, honoured in the Avesta's Fravardin Yasht, Yasht 13.116 (Avestan text: ushtâzañtahe); Darmesteter's translation.
Ushtra	b	3	Iranian	Avestan	Zoroastrian		avesta	1	Avesta	Used in ancient Iran: a faithful man, son of Sadhanah, honoured in the Avesta's Fravardin Yasht, Yasht 13.115 (Avestan text: ushtrahe); Darmesteter's translation.
Utāna	b	3	Persian	Old Persian			peo	0		Used in ancient Iran: a given name. Old Persian Utāna (Wiktionary).
Vaedhayangha	b	3	Iranian	Avestan	Zoroastrian		avesta	1	Avesta	Used in ancient Iran: a faithful man, named as a father, honoured in the Avesta's Fravardin Yasht, Yasht 13.109 (Avestan text: vaêdhayanghahe); Darmesteter's translation.
Vahmae-data	b	3	Iranian	Avestan	Zoroastrian		avesta	1	Avesta	Used in ancient Iran: a faithful man, son of Mathravaka, honoured in the Avesta's Fravardin Yasht, Yasht 13.115 (Avestan text: vahmaêdhâtahe); Darmesteter's translation.
Vahyazdāta	b	3	Persian	Old Persian			peo	1		Used in ancient Iran: a given name. Old Persian Vahyazdāta (Wiktionary).
Vanghu-dhata	b	3	Iranian	Avestan	Zoroastrian		avesta	1	Avesta	Used in ancient Iran: a faithful man, son of Hvadhata, honoured in the Avesta's Fravardin Yasht, Yasht 13.119 (Avestan text: vanghudhâtahe); Darmesteter's translation.
Vanghu-fedhri	g	3	Iranian	Avestan	Zoroastrian		avesta	1	Avesta	Used in ancient Iran: a faithful woman, honoured in the Avesta's Fravardin Yasht, Yasht 13.142 (Avestan text: vanghu-fedhryå); Darmesteter's translation.
Varedat-hvarenah	b	3	Iranian	Avestan	Zoroastrian		avesta	1	Avesta	Used in ancient Iran: a faithful man, honoured in the Avesta's Fravardin Yasht, Yasht 13.128 (Avestan text: hvarenanghô); Darmesteter's translation.
Vareshna	b	3	Iranian	Avestan	Zoroastrian		avesta	1	Avesta	Used in ancient Iran: a faithful man, son of Hanghaurvaungh, honoured in the Avesta's Fravardin Yasht, Yasht 13.104 (Avestan text: varshnahe); Darmesteter's translation.
Varesmo-raochah	b	3	Iranian	Avestan	Zoroastrian		avesta	1	Avesta	Used in ancient Iran: a faithful man, son of Franya, honoured in the Avesta's Fravardin Yasht, Yasht 13.97 (Avestan text: varesmô-raocanghô); Darmesteter's translation.
Varshni	b	3	Iranian	Avestan	Zoroastrian		avesta	1	Avesta	Used in ancient Iran: a faithful man, son of Vagereza, honoured in the Avesta's Fravardin Yasht, Yasht 13.115 (Avestan text: varshnôish); Darmesteter's translation.
Vidat-gau	b	3	Iranian	Avestan	Zoroastrian		avesta	1	Avesta	Used in ancient Iran: a faithful man, honoured in the Avesta's Fravardin Yasht, Yasht 13.127 (Avestan text: vîdat-gavå); Darmesteter's translation.
Vidi-sravah	b	3	Iranian	Avestan	Zoroastrian		avesta	1	Avesta	Used in ancient Iran: a faithful man, named as a father, honoured in the Avesta's Fravardin Yasht, Yasht 13.119 (Avestan text: vîdhisravanghô); Darmesteter's translation.
Vispa-taurvashi	g	3	Iranian	Avestan	Zoroastrian		avesta	1	Avesta	Used in ancient Iran: a faithful woman, honoured in the Avesta's Fravardin Yasht, Yasht 13.139 (Avestan text: vîspataurushyå); Darmesteter's translation.
Vit-kavi	b	3	Iranian	Avestan	Zoroastrian		avesta	1	Avesta	Used in ancient Iran: a faithful man, son of Zighri, honoured in the Avesta's Fravardin Yasht, Yasht 13.126 (Avestan text: vitkavôish); Darmesteter's translation.
Vivāna	b	3	Persian	Old Persian			peo	0		Used in ancient Iran: a given name. Old Persian Vivāna (Wiktionary).
Vivanghant	b	3	Iranian	Avestan	Zoroastrian		avesta	1	Avesta	Used in ancient Iran: a faithful man, named as a father, honoured in the Avesta's Fravardin Yasht, Yasht 13.130 (Avestan text: vîvanghanahe); Darmesteter's translation.
Vivare-shvant	b	3	Iranian	Avestan	Zoroastrian		avesta	1	Avesta	Used in ancient Iran: a faithful man, son of Ainyu, honoured in the Avesta's Fravardin Yasht, Yasht 13.122 (Avestan text: vîvâreshvahe); Darmesteter's translation.
Vizhyarshti	b	3	Iranian	Avestan	Zoroastrian		avesta	1	Avesta	Used in ancient Iran: a faithful man, honoured in the Avesta's Fravardin Yasht, Yasht 13.101 (Avestan text: tizhyarshtôish); Darmesteter's translation.
Vohu-data	b	3	Iranian	Avestan	Zoroastrian		avesta	1	Avesta	Used in ancient Iran: a faithful man, son of Kata, honoured in the Avesta's Fravardin Yasht, Yasht 13.124 (Avestan text: vohu-dâtahe); Darmesteter's translation.
Vohu-nemah	b	3	Iranian	Avestan	Zoroastrian		avesta	1	Avesta	Used in ancient Iran: a faithful man, son of Avaraoshtri, honoured in the Avesta's Fravardin Yasht, Yasht 13.104 (Avestan text: vohu-nemanghô); Darmesteter's translation.
Vohu-peresa	b	3	Iranian	Avestan	Zoroastrian		avesta	1	Avesta	Used in ancient Iran: a faithful man, son of Ainyu, honoured in the Avesta's Fravardin Yasht, Yasht 13.124 (Avestan text: vohu-peresahe); Darmesteter's translation.
Vohu-raochah	b	3	Iranian	Avestan	Zoroastrian		avesta	1	Avesta	Used in ancient Iran: a faithful man, son of Franya, honoured in the Avesta's Fravardin Yasht, Yasht 13.97 (Avestan text: vohu-raocanghô); Darmesteter's translation.
Vohu-ushtra	b	3	Iranian	Avestan	Zoroastrian		avesta	1	Avesta	Used in ancient Iran: a faithful man, son of Akhnangha, honoured in the Avesta's Fravardin Yasht, Yasht 13.122 (Avestan text: vohushtrahe); Darmesteter's translation.
Vohu-vazdah	b	3	Iranian	Avestan	Zoroastrian		avesta	1	Avesta	Used in ancient Iran: a faithful man, son of Katu, honoured in the Avesta's Fravardin Yasht, Yasht 13.114 (Avestan text: vohvazdanghô); Darmesteter's translation.
Vologaeses	b	3	Iranian	Parthian			xpr	0		Used in ancient Iran: a given name. Parthian Walgaš (Wiktionary).
Vouru-nemah	b	3	Iranian	Avestan	Zoroastrian		avesta	1	Avesta	Used in ancient Iran: a faithful man, honoured in the Avesta's Fravardin Yasht, Yasht 13.128 (Avestan text: vouru-nemanghô); Darmesteter's translation.
Vouru-savah	b	3	Iranian	Avestan	Zoroastrian		avesta	1	Avesta	Used in ancient Iran: a faithful man, honoured in the Avesta's Fravardin Yasht, Yasht 13.128 (Avestan text: vouru-savanghô); Darmesteter's translation.
Vyarshvant	b	3	Iranian	Avestan	Zoroastrian		avesta	1	Avesta	Used in ancient Iran: a faithful man, honoured in the Avesta's Fravardin Yasht, Yasht 13.109 (Avestan text: vyarshavatô); Darmesteter's translation.
Wakhshwanind	b	3	Iranian	Bactrian		victorious throughout the Oxus	xbc	1		Used in ancient Iran: a given name. Bactrian Οαχϸοοανινδο (Wiktionary).
Warlagn	b	3	Iranian	Bactrian			xbc	1		Used in ancient Iran: a given name. Bactrian Ορλαγνο (Wiktionary).
Yaetush-gau	b	3	Iranian	Avestan	Zoroastrian		avesta	1	Avesta	Used in ancient Iran: a faithful man, son of Vyatana, honoured in the Avesta's Fravardin Yasht, Yasht 13.123 (Avestan text: ýaêtush-gêush); Darmesteter's translation.
Yoishta	b	3	Iranian	Avestan	Zoroastrian		avesta	1	Avesta	Used in ancient Iran: a faithful man, honoured in the Avesta's Fravardin Yasht, Yasht 13.120 (Avestan text: ýôishtahe); Darmesteter's translation.
Yukhtaspa	b	3	Iranian	Avestan	Zoroastrian		avesta	1	Avesta	Used in ancient Iran: a faithful man, honoured in the Avesta's Fravardin Yasht, Yasht 13.114 (Avestan text: ýuxtâspahe); Darmesteter's translation.
Yukhta-vairi	b	3	Iranian	Avestan	Zoroastrian		avesta	1	Avesta	Used in ancient Iran: a faithful man, honoured in the Avesta's Fravardin Yasht, Yasht 13.101 (Avestan text: ýuxtavarôish); Darmesteter's translation.
Yushta	b	3	Iranian	Avestan	Zoroastrian		avesta	1	Avesta	Used in ancient Iran: a faithful man, son of Gauri, honoured in the Avesta's Fravardin Yasht, Yasht 13.118 (Avestan text: âyûtahe); Darmesteter's translation.
Zaav	b	3	Persian	Persian			shahnameh	1	Shahnameh	In Ferdowsi's Shahnameh (Zaav, mythical Iranian king; first in Shahnameh, آغاز کتاب, بخش ۲ - ستایشِ خرد, bayt 2). Written زَوْ.
Zadashm	b	3	Persian	Persian			shahnameh	1	Shahnameh	In Ferdowsi's Shahnameh (Zadashm, king of Turan; first in Shahnameh, پادشاهی نوذر, بخش ۲, bayt 4). Written زادشم.
Zairi-vairi	b	3	Iranian	Avestan	Zoroastrian		avesta	1	Avesta	Used in ancient Iran: a faithful man, honoured in the Avesta's Fravardin Yasht, Yasht 13.101 (Avestan text: zairivarôish); Darmesteter's translation.
Zangay-i Shavaran	b	3	Persian	Persian			shahnameh	1	Shahnameh	In Ferdowsi's Shahnameh (Zangay-i Shavaran; first in Shahnameh, پادشاهی کی‌کاووس و رفتن او به مازندران, بخش ۱۶, bayt 56). Written زنگه شاوران. Written زنگه شاوران.
Zarathushtra	b	3	Iranian	Avestan	Zoroastrian		avesta	1	Avesta	Used in ancient Iran: a faithful man, named as a father, honoured in the Avesta's Fravardin Yasht, Yasht 13.98 (Avestan text: zarathushtrôish); Darmesteter's translation.
Zbaurvant	b	3	Iranian	Avestan	Zoroastrian		avesta	1	Avesta	Used in ancient Iran: a faithful man, honoured in the Avesta's Fravardin Yasht, Yasht 13.106 (Avestan text: zbaurvatô); Darmesteter's translation.
Zighri	b	3	Iranian	Avestan	Zoroastrian		avesta	1	Avesta	Used in ancient Iran: a faithful man, named as a father, honoured in the Avesta's Fravardin Yasht, Yasht 13.126 (Avestan text: zikhrôish); Darmesteter's translation.
Zrayah	b	3	Iranian	Avestan	Zoroastrian		avesta	1	Avesta	Used in ancient Iran: a faithful man, honoured in the Avesta's Fravardin Yasht, Yasht 13.115 (Avestan text: zrayanghå); Darmesteter's translation.
